"Date","Price","Open","High","Low","Vol.","Change %"
"2019-11-14","3,096.60","3,090.80","3,098.20","3,083.30","","0.08%"
"2019-11-13","3,094.00","3,084.20","3,098.10","3,078.80","","0.07%"
"2019-11-12","3,091.80","3,089.30","3,102.60","3,084.70","","0.16%"
"2019-11-11","3,087.00","3,080.30","3,088.30","3,075.80","","-0.20%"
"2019-11-08","3,093.10","3,081.20","3,093.10","3,073.60","","0.26%"
"2019-11-07","3,085.20","3,087.00","3,097.80","3,080.20","","0.27%"
"2019-11-06","3,076.80","3,075.10","3,078.30","3,065.90","","0.07%"
"2019-11-05","3,074.60","3,080.80","3,083.90","3,072.20","","-0.12%"
"2019-11-04","3,078.30","3,079.00","3,085.20","3,074.90","","0.37%"
"2019-11-01","3,066.90","3,050.70","3,066.90","3,050.70","","0.96%"
"2019-10-31","3,037.60","3,046.90","3,046.90","3,023.20","","-0.30%"
"2019-10-30","3,046.80","3,039.70","3,050.10","3,026.00","","0.33%"
"2019-10-29","3,036.90","3,035.40","3,047.90","3,034.80","","-0.08%"
"2019-10-28","3,039.40","3,032.10","3,044.10","3,032.10","","0.56%"
"2019-10-25","3,022.60","3,003.30","3,027.40","3,001.90","","0.41%"
"2019-10-24","3,010.30","3,014.80","3,016.10","3,000.40","","0.19%"
"2019-10-23","3,004.50","2,994.00","3,004.80","2,991.20","","0.28%"
"2019-10-22","2,996.00","3,010.70","3,014.60","2,995.00","","-0.36%"
"2019-10-21","3,006.70","2,996.50","3,007.30","2,995.30","","0.69%"
"2019-10-18","2,986.20","2,996.80","3,000.00","2,976.30","","-0.39%"
"2019-10-17","2,997.90","3,000.80","3,008.30","2,991.80","","0.27%"
"2019-10-16","2,989.70","2,989.70","2,997.50","2,985.20","","-0.20%"
"2019-10-15","2,995.70","2,973.60","3,003.30","2,973.60","","0.99%"
"2019-10-14","2,966.20","2,965.80","2,972.80","2,962.90","","-0.14%"
"2019-10-11","2,970.30","2,963.10","2,993.30","2,963.10","","1.10%"
"2019-10-10","2,938.10","2,918.60","2,948.50","2,917.10","","0.64%"
"2019-10-09","2,919.40","2,911.10","2,929.30","2,907.40","","0.91%"
"2019-10-08","2,893.10","2,920.40","2,925.50","2,892.70","","-1.56%"
"2019-10-07","2,938.80","2,944.20","2,959.80","2,935.70","","-0.45%"
"2019-10-04","2,952.00","2,918.60","2,953.70","2,918.60","","1.42%"
"2019-10-03","2,910.60","2,885.40","2,911.10","2,855.90","","0.80%"
"2019-10-02","2,887.60","2,924.80","2,924.80","2,874.90","","-1.79%"
"2019-10-01","2,940.20","2,983.70","2,992.50","2,938.70","","-1.23%"
"2019-09-30","2,976.70","2,967.10","2,983.80","2,967.10","","0.50%"
"2019-09-27","2,961.80","2,985.50","2,987.30","2,945.50","","-0.53%"
"2019-09-26","2,977.60","2,985.70","2,987.30","2,963.70","","-0.24%"
"2019-09-25","2,984.90","2,968.30","2,989.80","2,952.90","","0.62%"
"2019-09-24","2,966.60","3,002.40","3,008.00","2,957.70","","-0.84%"
"2019-09-23","2,991.80","2,983.50","2,999.20","2,982.20","","-0.01%"
"2019-09-20","2,992.10","3,008.40","3,016.40","2,984.70","","-0.49%"
"2019-09-19","3,006.80","3,010.40","3,022.00","3,003.20","","0.00%"
"2019-09-18","3,006.70","3,001.50","3,007.80","2,978.60","","0.03%"
"2019-09-17","3,005.70","2,995.70","3,006.20","2,993.70","","0.26%"
"2019-09-16","2,998.00","2,996.40","3,002.20","2,990.70","","-0.31%"
"2019-09-13","3,007.40","3,012.20","3,017.30","3,002.90","","-0.07%"
"2019-09-12","3,009.60","3,009.10","3,020.70","3,000.90","","0.29%"
"2019-09-11","3,000.90","2,981.40","3,000.90","2,975.30","","0.72%"
"2019-09-10","2,979.40","2,971.00","2,979.40","2,957.00","","0.03%"
"2019-09-09","2,978.40","2,988.40","2,989.40","2,969.40","","-0.01%"
"2019-09-06","2,978.70","2,980.30","2,985.00","2,972.50","","0.09%"
"2019-09-05","2,976.00","2,960.60","2,985.90","2,960.60","","1.30%"
"2019-09-04","2,937.80","2,924.70","2,938.80","2,921.90","","1.08%"
"2019-09-03","2,906.30","2,909.00","2,914.40","2,891.80","","-0.69%"
"2019-08-30","2,926.50","2,937.10","2,940.40","2,913.30","","0.06%"
"2019-08-29","2,924.60","2,910.40","2,930.50","2,905.70","","1.27%"
"2019-08-28","2,887.90","2,861.30","2,890.00","2,853.10","","0.65%"
"2019-08-27","2,869.20","2,893.10","2,898.80","2,860.60","","-0.32%"
"2019-08-26","2,878.40","2,866.70","2,879.30","2,856.00","","1.10%"
"2019-08-23","2,847.10","2,911.10","2,927.00","2,835.00","","-2.59%"
"2019-08-22","2,922.90","2,930.90","2,939.10","2,904.50","","-0.05%"
"2019-08-21","2,924.40","2,922.00","2,928.70","2,917.90","","0.82%"
"2019-08-20","2,900.50","2,919.00","2,923.60","2,899.60","","-0.79%"
"2019-08-19","2,923.70","2,913.50","2,931.00","2,913.50","","1.21%"
"2019-08-16","2,888.70","2,864.70","2,893.60","2,864.70","","1.44%"
"2019-08-15","2,847.60","2,846.20","2,856.70","2,825.50","","0.25%"
"2019-08-14","2,840.60","2,894.20","2,894.20","2,839.60","","-2.93%"
"2019-08-13","2,926.30","2,880.70","2,943.30","2,877.10","","1.47%"
"2019-08-12","2,883.80","2,907.10","2,907.60","2,873.10","","-1.20%"
"2019-08-09","2,918.70","2,930.50","2,935.80","2,900.20","","-0.66%"
"2019-08-08","2,938.10","2,896.20","2,938.70","2,894.50","","1.88%"
"2019-08-07","2,884.00","2,858.70","2,892.20","2,825.70","","0.08%"
"2019-08-06","2,881.80","2,861.20","2,884.40","2,847.40","","1.30%"
"2019-08-05","2,844.70","2,898.10","2,898.10","2,822.10","","-2.98%"
"2019-08-02","2,932.10","2,943.90","2,945.50","2,914.10","","-0.73%"
"2019-08-01","2,953.60","2,980.30","3,013.60","2,945.20","","-0.90%"
"2019-07-31","2,980.40","3,016.20","3,017.40","2,958.10","","-1.09%"
"2019-07-30","3,013.20","3,007.70","3,017.20","3,000.90","","-0.26%"
"2019-07-29","3,021.00","3,024.50","3,025.60","3,014.30","","-0.16%"
"2019-07-26","3,025.90","3,013.20","3,028.00","3,012.60","","0.74%"
"2019-07-25","3,003.70","3,016.30","3,016.30","2,997.20","","-0.53%"
"2019-07-24","3,019.60","2,998.80","3,019.60","2,996.80","","0.47%"
"2019-07-23","3,005.50","2,994.70","3,005.90","2,988.60","","0.69%"
"2019-07-22","2,985.00","2,981.90","2,990.70","2,976.70","","0.28%"
"2019-07-19","2,976.60","3,004.30","3,006.00","2,975.90","","-0.62%"
"2019-07-18","2,995.10","2,978.90","2,998.30","2,973.10","","0.36%"
"2019-07-17","2,984.40","3,005.10","3,005.30","2,984.20","","-0.65%"
"2019-07-16","3,004.00","3,012.10","3,015.00","3,001.20","","-0.34%"
"2019-07-15","3,014.30","3,017.80","3,017.80","3,008.80","","0.02%"
"2019-07-12","3,013.80","3,003.40","3,013.90","3,001.90","","0.46%"
"2019-07-11","2,999.90","2,999.60","3,002.30","2,988.80","","0.23%"
"2019-07-10","2,993.10","2,989.30","3,003.00","2,984.60","","0.45%"
"2019-07-09","2,979.60","2,965.50","2,981.90","2,963.40","","0.12%"
"2019-07-08","2,975.90","2,979.80","2,980.80","2,970.10","","-0.48%"
"2019-07-05","2,990.40","2,984.20","2,994.00","2,968.00","","-0.18%"
"2019-07-03","2,995.80","2,978.10","2,995.80","2,978.00","","0.77%"
"2019-07-02","2,973.00","2,964.70","2,973.20","2,955.90","","0.29%"
"2019-07-01","2,964.30","2,971.40","2,977.90","2,952.20","","0.76%"
"2019-06-28","2,941.80","2,932.90","2,944.00","2,929.10","","0.58%"
"2019-06-27","2,924.90","2,919.70","2,929.30","2,918.60","","0.38%"
"2019-06-26","2,913.80","2,926.10","2,932.60","2,913.00","","-0.12%"
"2019-06-25","2,917.40","2,945.80","2,946.50","2,916.00","","-0.95%"
"2019-06-24","2,945.30","2,951.40","2,954.90","2,944.10","","-0.18%"
"2019-06-21","2,950.50","2,952.70","2,964.20","2,946.90","","-0.13%"
"2019-06-20","2,954.20","2,949.60","2,958.10","2,931.50","","0.95%"
"2019-06-19","2,926.50","2,920.60","2,931.70","2,911.40","","0.30%"
"2019-06-18","2,917.80","2,906.70","2,930.80","2,905.40","","0.97%"
"2019-06-17","2,889.70","2,889.80","2,897.30","2,887.30","","0.09%"
"2019-06-14","2,887.00","2,886.80","2,894.40","2,879.60","","-0.16%"
"2019-06-13","2,891.60","2,886.20","2,895.20","2,882.00","","0.41%"
"2019-06-12","2,879.80","2,882.70","2,888.60","2,874.70","","-0.20%"
"2019-06-11","2,885.70","2,903.30","2,910.60","2,878.50","","-0.03%"
"2019-06-10","2,886.70","2,885.80","2,904.80","2,885.50","","0.47%"
"2019-06-07","2,873.30","2,852.90","2,885.00","2,852.90","","1.05%"
"2019-06-06","2,843.50","2,828.50","2,852.10","2,822.40","","0.61%"
"2019-06-05","2,826.20","2,818.10","2,827.30","2,800.90","","0.82%"
"2019-06-04","2,803.30","2,762.60","2,804.50","2,762.60","","2.15%"
"2019-06-03","2,744.40","2,751.50","2,763.10","2,728.80","","-0.28%"
"2019-05-31","2,752.10","2,766.20","2,769.00","2,750.50","","-1.32%"
"2019-05-30","2,788.90","2,786.90","2,799.00","2,776.70","","0.21%"
"2019-05-29","2,783.00","2,790.20","2,792.00","2,766.10","","-0.69%"
"2019-05-28","2,802.40","2,830.00","2,840.50","2,801.60","","-0.84%"
"2019-05-24","2,826.10","2,832.40","2,841.40","2,820.20","","0.14%"
"2019-05-23","2,822.20","2,836.70","2,836.70","2,805.50","","-1.19%"
"2019-05-22","2,856.30","2,856.10","2,865.50","2,851.10","","-0.28%"
"2019-05-21","2,864.40","2,854.00","2,868.90","2,854.00","","0.85%"
"2019-05-20","2,840.20","2,841.90","2,853.90","2,831.30","","-0.67%"
"2019-05-17","2,859.50","2,858.60","2,885.50","2,854.20","","-0.58%"
"2019-05-16","2,876.30","2,855.80","2,892.20","2,855.80","","0.89%"
"2019-05-15","2,851.00","2,820.40","2,858.70","2,815.10","","0.59%"
"2019-05-14","2,834.40","2,820.10","2,852.50","2,820.10","","0.80%"
"2019-05-13","2,811.90","2,840.20","2,840.20","2,801.40","","-2.41%"
"2019-05-10","2,881.40","2,863.10","2,891.30","2,825.40","","0.37%"
"2019-05-09","2,870.70","2,859.80","2,876.00","2,836.40","","-0.30%"
"2019-05-08","2,879.40","2,879.60","2,898.00","2,873.30","","-0.16%"
"2019-05-07","2,884.10","2,913.00","2,913.00","2,862.60","","-1.65%"
"2019-05-06","2,932.50","2,908.90","2,937.30","2,898.20","","-0.44%"
"2019-05-03","2,945.60","2,929.20","2,947.80","2,929.20","","0.96%"
"2019-05-02","2,917.50","2,922.20","2,931.70","2,900.50","","-0.21%"
"2019-05-01","2,923.70","2,952.30","2,954.10","2,923.40","","-0.75%"
"2019-04-30","2,945.80","2,937.10","2,948.20","2,924.10","","0.10%"
"2019-04-29","2,943.00","2,940.60","2,949.50","2,939.30","","0.11%"
"2019-04-26","2,939.90","2,925.80","2,939.90","2,917.60","","0.47%"
"2019-04-25","2,926.20","2,929.00","2,933.10","2,912.80","","-0.03%"
"2019-04-24","2,927.20","2,934.00","2,936.80","2,926.10","","-0.22%"
"2019-04-23","2,933.70","2,910.00","2,936.30","2,908.50","","0.88%"
"2019-04-22","2,908.00","2,898.80","2,909.50","2,896.30","","0.10%"
"2019-04-18","2,905.00","2,904.80","2,908.40","2,891.90","","0.16%"
"2019-04-17","2,900.40","2,916.00","2,918.00","2,895.40","","-0.23%"
"2019-04-16","2,907.10","2,912.30","2,916.10","2,900.70","","0.05%"
"2019-04-15","2,905.60","2,908.30","2,909.60","2,896.50","","-0.06%"
"2019-04-12","2,907.40","2,900.90","2,910.50","2,898.40","","0.66%"
"2019-04-11","2,888.30","2,891.90","2,893.40","2,882.00","","0.00%"
"2019-04-10","2,888.20","2,881.40","2,889.70","2,879.10","","0.35%"
"2019-04-09","2,878.20","2,886.60","2,886.90","2,873.30","","-0.61%"
"2019-04-08","2,895.80","2,888.50","2,895.90","2,880.80","","0.11%"
"2019-04-05","2,892.70","2,884.20","2,893.20","2,883.00","","0.46%"
"2019-04-04","2,879.40","2,874.00","2,881.30","2,867.10","","0.21%"
"2019-04-03","2,873.40","2,876.10","2,885.20","2,865.20","","0.22%"
"2019-04-02","2,867.20","2,868.20","2,872.90","2,858.80","","0.00%"
"2019-04-01","2,867.20","2,848.60","2,869.40","2,848.60","","1.16%"
"2019-03-29","2,834.40","2,828.30","2,836.00","2,819.20","","0.67%"
"2019-03-28","2,815.40","2,809.40","2,819.70","2,798.80","","0.36%"
"2019-03-27","2,805.40","2,819.70","2,825.60","2,787.70","","-0.46%"
"2019-03-26","2,818.50","2,812.70","2,829.90","2,804.00","","0.72%"
"2019-03-25","2,798.40","2,796.00","2,809.80","2,785.00","","-0.08%"
"2019-03-22","2,800.70","2,844.50","2,846.20","2,800.50","","-1.90%"
"2019-03-21","2,854.90","2,819.70","2,860.30","2,817.40","","1.09%"
"2019-03-20","2,824.20","2,831.30","2,843.50","2,812.40","","-0.30%"
"2019-03-19","2,832.60","2,840.80","2,852.40","2,823.30","","-0.01%"
"2019-03-18","2,832.90","2,822.60","2,835.40","2,822.00","","0.37%"
"2019-03-15","2,822.50","2,810.80","2,830.70","2,810.80","","0.50%"
"2019-03-14","2,808.50","2,810.40","2,815.00","2,803.50","","-0.09%"
"2019-03-13","2,810.90","2,799.80","2,821.20","2,799.80","","0.69%"
"2019-03-12","2,791.50","2,787.30","2,798.30","2,786.70","","0.29%"
"2019-03-11","2,783.30","2,747.60","2,784.00","2,747.60","","1.47%"
"2019-03-08","2,743.10","2,730.80","2,744.10","2,722.30","","-0.21%"
"2019-03-07","2,748.90","2,766.50","2,767.20","2,739.10","","-0.81%"
"2019-03-06","2,771.40","2,790.30","2,790.30","2,768.70","","-0.66%"
"2019-03-05","2,789.70","2,794.40","2,796.40","2,783.00","","-0.11%"
"2019-03-04","2,792.80","2,814.40","2,816.90","2,767.70","","-0.39%"
"2019-03-01","2,803.70","2,798.20","2,808.00","2,787.40","","0.69%"
"2019-02-28","2,784.50","2,788.10","2,793.70","2,782.50","","-0.28%"
"2019-02-27","2,792.40","2,787.50","2,795.80","2,775.10","","-0.05%"
"2019-02-26","2,793.90","2,792.40","2,803.10","2,789.50","","-0.08%"
"2019-02-25","2,796.10","2,804.30","2,813.50","2,795.00","","0.12%"
"2019-02-22","2,792.70","2,780.70","2,794.20","2,779.10","","0.64%"
"2019-02-21","2,774.90","2,780.20","2,781.60","2,764.60","","-0.35%"
"2019-02-20","2,784.70","2,779.10","2,789.90","2,774.10","","0.18%"
"2019-02-19","2,779.80","2,769.30","2,787.30","2,767.30","","0.15%"
"2019-02-15","2,775.60","2,760.20","2,775.70","2,760.20","","1.09%"
"2019-02-14","2,745.70","2,743.50","2,757.90","2,731.20","","-0.27%"
"2019-02-13","2,753.00","2,750.30","2,761.80","2,748.60","","0.30%"
"2019-02-12","2,744.70","2,722.60","2,748.20","2,722.60","","1.29%"
"2019-02-11","2,709.80","2,712.40","2,718.10","2,703.80","","0.07%"
"2019-02-08","2,707.90","2,692.40","2,708.10","2,681.80","","0.07%"
"2019-02-07","2,706.10","2,717.50","2,719.30","2,687.30","","-0.93%"
"2019-02-06","2,731.60","2,735.10","2,738.10","2,724.20","","-0.22%"
"2019-02-05","2,737.70","2,728.30","2,739.00","2,724.00","","0.47%"
"2019-02-04","2,724.90","2,706.50","2,725.00","2,698.80","","0.68%"
"2019-02-01","2,706.50","2,702.30","2,716.70","2,696.90","","0.09%"
"2019-01-31","2,704.10","2,685.50","2,708.90","2,678.70","","0.86%"
"2019-01-30","2,681.10","2,653.60","2,690.40","2,648.30","","1.56%"
"2019-01-29","2,640.00","2,644.90","2,650.90","2,631.10","","-0.14%"
"2019-01-28","2,643.80","2,645.00","2,645.00","2,624.10","","-0.79%"
"2019-01-25","2,664.80","2,657.40","2,672.40","2,657.30","","0.85%"
"2019-01-24","2,642.30","2,638.80","2,647.20","2,627.00","","0.14%"
"2019-01-23","2,638.70","2,643.50","2,653.20","2,612.90","","0.22%"
"2019-01-22","2,632.90","2,657.90","2,657.90","2,617.30","","-1.42%"
"2019-01-18","2,670.70","2,651.30","2,675.50","2,647.60","","1.32%"
"2019-01-17","2,636.00","2,609.30","2,645.10","2,606.40","","0.76%"
"2019-01-16","2,616.10","2,614.80","2,625.80","2,612.70","","0.22%"
"2019-01-15","2,610.30","2,585.10","2,613.10","2,585.10","","1.07%"
"2019-01-14","2,582.60","2,580.30","2,589.30","2,570.40","","-0.53%"
"2019-01-11","2,596.30","2,588.10","2,596.30","2,577.40","","-0.01%"
"2019-01-10","2,596.60","2,573.50","2,597.80","2,562.00","","0.45%"
"2019-01-09","2,585.00","2,580.00","2,595.30","2,568.90","","0.41%"
"2019-01-08","2,574.40","2,568.10","2,579.80","2,547.60","","0.97%"
"2019-01-07","2,549.70","2,535.60","2,566.20","2,524.60","","0.70%"
"2019-01-04","2,531.90","2,474.30","2,538.10","2,474.30","","3.43%"
"2019-01-03","2,447.90","2,491.90","2,493.10","2,444.00","","-2.47%"
"2019-01-02","2,510.00","2,477.00","2,519.50","2,467.50","","0.13%"
"2018-12-31","2,506.80","2,498.90","2,509.20","2,482.80","","0.85%"
"2018-12-28","2,485.70","2,498.80","2,520.30","2,472.90","","-0.12%"
"2018-12-27","2,488.80","2,442.50","2,489.10","2,397.90","","0.86%"
"2018-12-26","2,467.70","2,363.10","2,467.80","2,346.60","","4.96%"
"2018-12-24","2,351.10","2,400.60","2,410.30","2,351.10","","-2.71%"
"2018-12-21","2,416.60","2,465.40","2,504.40","2,408.60","","-2.06%"
"2018-12-20","2,467.40","2,496.80","2,509.60","2,441.20","","-1.58%"
"2018-12-19","2,507.00","2,547.10","2,585.30","2,489.00","","-1.54%"
"2018-12-18","2,546.20","2,559.90","2,574.00","2,528.70","","0.01%"
"2018-12-17","2,545.90","2,590.80","2,601.10","2,530.50","","-2.08%"
"2018-12-14","2,599.90","2,629.70","2,635.10","2,593.80","","-1.91%"
"2018-12-13","2,650.50","2,658.70","2,670.20","2,637.30","","-0.02%"
"2018-12-12","2,651.10","2,658.20","2,685.40","2,650.30","","0.54%"
"2018-12-11","2,636.80","2,664.40","2,674.30","2,621.30","","-0.03%"
"2018-12-10","2,637.70","2,630.90","2,647.50","2,583.20","","0.17%"
"2018-12-07","2,633.10","2,691.30","2,708.50","2,623.10","","-2.33%"
"2018-12-06","2,695.90","2,663.50","2,696.20","2,621.50","","-0.16%"
"2018-12-04","2,700.10","2,782.40","2,785.90","2,697.20","","-3.24%"
"2018-12-03","2,790.40","2,790.50","2,800.20","2,773.40","","1.09%"
"2018-11-30","2,760.20","2,737.80","2,760.90","2,732.80","","0.82%"
"2018-11-29","2,737.80","2,737.00","2,753.80","2,722.90","","-0.22%"
"2018-11-28","2,743.80","2,691.40","2,744.00","2,684.40","","2.30%"
"2018-11-27","2,682.20","2,663.80","2,682.50","2,655.90","","0.33%"
"2018-11-26","2,673.40","2,650.00","2,674.30","2,650.00","","1.55%"
"2018-11-23","2,632.60","2,633.40","2,647.60","2,631.10","","-0.65%"
"2018-11-21","2,649.90","2,657.70","2,670.70","2,649.80","","0.30%"
"2018-11-20","2,641.90","2,654.60","2,669.40","2,631.50","","-1.81%"
"2018-11-19","2,690.70","2,730.70","2,733.20","2,681.10","","-1.67%"
"2018-11-16","2,736.30","2,718.50","2,746.80","2,712.20","","0.22%"
"2018-11-15","2,730.20","2,693.50","2,735.40","2,670.80","","1.06%"
"2018-11-14","2,701.60","2,737.90","2,746.80","2,685.80","","-0.76%"
"2018-11-13","2,722.20","2,730.10","2,754.60","2,715.00","","-0.15%"
"2018-11-12","2,726.20","2,773.90","2,776.00","2,722.00","","-1.97%"
"2018-11-09","2,781.00","2,794.10","2,794.10","2,764.20","","-0.92%"
"2018-11-08","2,806.80","2,806.40","2,814.80","2,795.00","","-0.25%"
"2018-11-07","2,813.90","2,774.10","2,815.20","2,774.10","","2.12%"
"2018-11-06","2,755.40","2,738.40","2,756.80","2,737.10","","0.62%"
"2018-11-05","2,738.30","2,726.40","2,744.30","2,717.90","","0.56%"
"2018-11-02","2,723.10","2,745.40","2,756.60","2,700.40","","-0.63%"
"2018-11-01","2,740.40","2,717.60","2,741.70","2,708.80","","1.06%"
"2018-10-31","2,711.70","2,705.60","2,736.70","2,705.60","","1.08%"
"2018-10-30","2,682.60","2,640.70","2,685.40","2,635.30","","1.57%"
"2018-10-29","2,641.20","2,682.70","2,706.80","2,603.50","","-0.66%"
"2018-10-26","2,658.70","2,667.90","2,692.40","2,628.20","","-1.73%"
"2018-10-25","2,705.60","2,674.90","2,722.70","2,667.80","","1.86%"
"2018-10-24","2,656.10","2,737.90","2,742.60","2,651.90","","-3.09%"
"2018-10-23","2,740.70","2,721.00","2,753.60","2,691.40","","-0.55%"
"2018-10-22","2,755.90","2,773.90","2,778.90","2,749.20","","-0.43%"
"2018-10-19","2,767.80","2,775.70","2,797.80","2,760.30","","-0.04%"
"2018-10-18","2,768.80","2,802.00","2,806.00","2,755.20","","-1.44%"
"2018-10-17","2,809.20","2,811.70","2,816.90","2,781.80","","-0.02%"
"2018-10-16","2,809.90","2,767.10","2,813.50","2,766.90","","2.15%"
"2018-10-15","2,750.80","2,763.80","2,776.00","2,749.00","","-0.59%"
"2018-10-12","2,767.10","2,770.50","2,775.80","2,729.40","","1.42%"
"2018-10-11","2,728.40","2,776.90","2,795.10","2,710.50","","-2.06%"
"2018-10-10","2,785.70","2,873.90","2,874.00","2,784.90","","-3.28%"
"2018-10-09","2,880.30","2,882.50","2,894.80","2,874.30","","-0.14%"
"2018-10-08","2,884.40","2,877.50","2,889.40","2,862.10","","-0.04%"
"2018-10-05","2,885.60","2,902.50","2,909.60","2,869.30","","-0.55%"
"2018-10-04","2,901.60","2,919.30","2,919.80","2,883.90","","-0.82%"
"2018-10-03","2,925.50","2,931.70","2,939.90","2,921.40","","0.07%"
"2018-10-02","2,923.40","2,923.80","2,931.40","2,919.40","","-0.04%"
"2018-10-01","2,924.60","2,926.30","2,937.10","2,917.90","","0.36%"
"2018-09-28","2,914.00","2,910.00","2,920.50","2,907.50","","0.00%"
"2018-09-27","2,914.00","2,911.70","2,927.20","2,909.30","","0.28%"
"2018-09-26","2,906.00","2,917.00","2,931.20","2,903.30","","-0.33%"
"2018-09-25","2,915.60","2,921.80","2,923.90","2,913.70","","-0.13%"
"2018-09-24","2,919.40","2,921.80","2,923.80","2,912.60","","-0.35%"
"2018-09-21","2,929.70","2,936.80","2,940.90","2,927.10","","-0.04%"
"2018-09-20","2,930.80","2,919.70","2,934.80","2,919.70","","0.79%"
"2018-09-19","2,907.90","2,906.60","2,912.40","2,903.80","","0.12%"
"2018-09-18","2,904.30","2,890.70","2,911.20","2,890.40","","0.54%"
"2018-09-17","2,888.80","2,903.80","2,904.70","2,886.20","","-0.56%"
"2018-09-14","2,905.00","2,906.40","2,908.30","2,895.80","","0.03%"
"2018-09-13","2,904.20","2,896.80","2,906.80","2,896.40","","0.53%"
"2018-09-12","2,888.90","2,888.30","2,894.70","2,879.20","","0.03%"
"2018-09-11","2,887.90","2,871.60","2,892.50","2,866.80","","0.38%"
"2018-09-10","2,877.10","2,881.40","2,886.90","2,875.90","","0.19%"
"2018-09-07","2,871.70","2,868.30","2,883.80","2,864.10","","-0.22%"
"2018-09-06","2,878.10","2,888.60","2,892.10","2,867.30","","-0.36%"
"2018-09-05","2,888.60","2,891.60","2,894.20","2,876.90","","-0.28%"
"2018-09-04","2,896.70","2,897.00","2,900.20","2,885.10","","-0.17%"
"2018-08-31","2,901.50","2,898.40","2,906.30","2,891.70","","0.01%"
"2018-08-30","2,901.10","2,908.90","2,912.50","2,895.20","","-0.44%"
"2018-08-29","2,914.00","2,900.60","2,916.50","2,898.40","","0.57%"
"2018-08-28","2,897.50","2,901.40","2,903.80","2,893.50","","0.03%"
"2018-08-27","2,896.70","2,884.70","2,898.20","2,884.70","","0.77%"
"2018-08-24","2,874.70","2,862.30","2,876.20","2,862.30","","0.62%"
"2018-08-23","2,857.00","2,860.30","2,868.80","2,854.00","","-0.17%"
"2018-08-22","2,861.80","2,861.00","2,867.50","2,856.10","","-0.04%"
"2018-08-21","2,863.00","2,861.50","2,873.20","2,861.30","","0.21%"
"2018-08-20","2,857.10","2,853.90","2,859.80","2,850.60","","0.25%"
"2018-08-17","2,850.10","2,838.30","2,855.60","2,833.70","","0.33%"
"2018-08-16","2,840.70","2,831.40","2,850.50","2,831.40","","0.79%"
"2018-08-15","2,818.40","2,827.90","2,827.90","2,802.50","","-0.76%"
"2018-08-14","2,840.00","2,827.90","2,843.10","2,826.60","","0.64%"
"2018-08-13","2,821.90","2,835.50","2,843.40","2,819.90","","-0.40%"
"2018-08-10","2,833.30","2,839.60","2,842.20","2,825.80","","-0.71%"
"2018-08-09","2,853.60","2,857.20","2,862.50","2,852.00","","-0.14%"
"2018-08-08","2,857.70","2,856.80","2,862.40","2,853.10","","-0.02%"
"2018-08-07","2,858.40","2,855.90","2,863.40","2,855.90","","0.28%"
"2018-08-06","2,850.40","2,840.30","2,853.30","2,836.00","","0.36%"
"2018-08-03","2,840.30","2,829.60","2,840.40","2,827.40","","0.46%"
"2018-08-02","2,827.20","2,800.50","2,829.90","2,796.30","","0.49%"
"2018-08-01","2,813.40","2,821.20","2,825.80","2,805.80","","-0.10%"
"2018-07-31","2,816.30","2,809.70","2,824.50","2,808.10","","0.49%"
"2018-07-30","2,802.60","2,819.00","2,821.70","2,798.10","","-0.57%"
"2018-07-27","2,818.80","2,842.30","2,843.20","2,808.30","","-0.66%"
"2018-07-26","2,837.40","2,835.50","2,845.60","2,835.30","","-0.31%"
"2018-07-25","2,846.10","2,817.70","2,848.00","2,817.70","","0.91%"
"2018-07-24","2,820.40","2,820.70","2,830.00","2,811.10","","0.48%"
"2018-07-23","2,807.00","2,799.20","2,808.60","2,795.10","","0.19%"
"2018-07-20","2,801.80","2,804.60","2,809.70","2,800.00","","-0.10%"
"2018-07-19","2,804.50","2,809.40","2,812.10","2,799.80","","-0.39%"
"2018-07-18","2,815.60","2,811.30","2,816.80","2,805.90","","0.21%"
"2018-07-17","2,809.60","2,789.30","2,814.20","2,789.20","","0.40%"
"2018-07-16","2,798.40","2,801.40","2,803.70","2,793.40","","-0.10%"
"2018-07-13","2,801.30","2,796.90","2,804.50","2,791.70","","0.11%"
"2018-07-12","2,798.30","2,783.10","2,799.20","2,781.50","","0.88%"
"2018-07-11","2,774.00","2,779.80","2,785.90","2,770.80","","-0.71%"
"2018-07-10","2,793.80","2,788.60","2,795.60","2,786.20","","0.34%"
"2018-07-09","2,784.20","2,768.50","2,784.70","2,768.50","","0.88%"
"2018-07-06","2,759.80","2,737.70","2,764.40","2,733.50","","0.85%"
"2018-07-05","2,736.60","2,724.20","2,737.80","2,716.00","","0.86%"
"2018-07-03","2,713.20","2,733.30","2,736.60","2,711.20","","-0.50%"
"2018-07-02","2,726.70","2,704.90","2,727.30","2,698.90","","0.31%"
"2018-06-29","2,718.40","2,727.10","2,743.30","2,718.00","","0.08%"
"2018-06-28","2,716.30","2,698.70","2,724.30","2,692.00","","0.62%"
"2018-06-27","2,699.60","2,728.40","2,746.10","2,699.40","","-0.86%"
"2018-06-26","2,723.10","2,722.10","2,732.90","2,715.60","","0.22%"
"2018-06-25","2,717.10","2,742.90","2,742.90","2,698.70","","-1.37%"
"2018-06-22","2,754.90","2,760.80","2,764.20","2,752.70","","0.19%"
"2018-06-21","2,749.80","2,769.30","2,769.30","2,744.40","","-0.63%"
"2018-06-20","2,767.30","2,769.70","2,774.90","2,763.90","","0.17%"
"2018-06-19","2,762.60","2,752.00","2,765.10","2,743.20","","-0.40%"
"2018-06-18","2,773.80","2,765.80","2,775.00","2,757.10","","-0.21%"
"2018-06-15","2,779.70","2,777.80","2,782.80","2,761.70","","-0.10%"
"2018-06-14","2,782.50","2,783.20","2,789.10","2,776.50","","0.25%"
"2018-06-13","2,775.60","2,787.90","2,791.50","2,774.70","","-0.40%"
"2018-06-12","2,786.80","2,785.60","2,789.80","2,778.80","","0.17%"
"2018-06-11","2,782.00","2,780.20","2,790.20","2,780.20","","0.11%"
"2018-06-08","2,779.00","2,765.80","2,779.40","2,763.60","","0.31%"
"2018-06-07","2,770.40","2,774.80","2,779.90","2,760.20","","-0.07%"
"2018-06-06","2,772.30","2,753.20","2,772.40","2,748.50","","0.85%"
"2018-06-05","2,748.80","2,748.50","2,752.60","2,739.50","","0.07%"
"2018-06-04","2,746.90","2,741.70","2,749.20","2,740.50","","0.45%"
"2018-06-01","2,734.60","2,718.70","2,736.90","2,718.70","","1.08%"
"2018-05-31","2,705.30","2,721.00","2,722.50","2,700.70","","-0.69%"
"2018-05-30","2,724.00","2,702.40","2,729.30","2,702.40","","1.27%"
"2018-05-29","2,689.90","2,705.10","2,710.70","2,676.80","","-1.15%"
"2018-05-25","2,721.30","2,723.60","2,727.40","2,715.00","","-0.24%"
"2018-05-24","2,727.80","2,730.90","2,732.00","2,707.40","","-0.20%"
"2018-05-23","2,733.30","2,714.00","2,733.30","2,709.50","","0.33%"
"2018-05-22","2,724.40","2,738.30","2,742.20","2,721.90","","-0.31%"
"2018-05-21","2,733.00","2,725.90","2,739.20","2,725.70","","0.74%"
"2018-05-18","2,713.00","2,717.30","2,719.50","2,709.20","","-0.26%"
"2018-05-17","2,720.10","2,719.70","2,732.00","2,711.40","","-0.09%"
"2018-05-16","2,722.50","2,712.60","2,727.80","2,712.20","","0.41%"
"2018-05-15","2,711.40","2,718.60","2,718.60","2,701.90","","-0.68%"
"2018-05-14","2,730.10","2,733.40","2,742.10","2,725.50","","0.09%"
"2018-05-11","2,727.70","2,722.70","2,732.90","2,717.40","","0.17%"
"2018-05-10","2,723.10","2,705.00","2,726.10","2,704.50","","0.94%"
"2018-05-09","2,697.80","2,678.10","2,701.30","2,674.10","","0.97%"
"2018-05-08","2,671.90","2,670.30","2,676.30","2,655.20","","-0.03%"
"2018-05-07","2,672.60","2,669.40","2,683.30","2,664.70","","0.35%"
"2018-05-04","2,663.40","2,621.40","2,670.90","2,615.30","","1.28%"
"2018-05-03","2,629.70","2,628.10","2,637.10","2,594.60","","-0.23%"
"2018-05-02","2,635.70","2,654.20","2,660.90","2,631.70","","-0.72%"
"2018-05-01","2,654.80","2,643.60","2,655.30","2,625.40","","0.25%"
"2018-04-30","2,648.10","2,675.10","2,682.90","2,648.00","","-0.82%"
"2018-04-27","2,669.90","2,675.50","2,677.30","2,659.00","","0.11%"
"2018-04-26","2,666.90","2,651.70","2,676.50","2,647.20","","1.04%"
"2018-04-25","2,639.40","2,634.90","2,645.30","2,612.70","","0.18%"
"2018-04-24","2,634.60","2,680.80","2,683.60","2,617.30","","-1.34%"
"2018-04-23","2,670.30","2,675.40","2,682.90","2,658.00","","0.01%"
"2018-04-20","2,670.10","2,692.60","2,693.90","2,660.60","","-0.85%"
"2018-04-19","2,693.10","2,701.20","2,702.80","2,681.90","","-0.57%"
"2018-04-18","2,708.60","2,710.10","2,717.50","2,703.60","","0.08%"
"2018-04-17","2,706.40","2,692.70","2,713.30","2,692.10","","1.07%"
"2018-04-16","2,677.80","2,670.10","2,686.50","2,665.20","","0.81%"
"2018-04-13","2,656.30","2,676.90","2,680.30","2,645.10","","-0.29%"
"2018-04-12","2,664.00","2,653.80","2,674.70","2,653.80","","0.83%"
"2018-04-11","2,642.20","2,643.90","2,661.40","2,639.20","","-0.55%"
"2018-04-10","2,656.90","2,638.40","2,665.40","2,635.80","","1.67%"
"2018-04-09","2,613.20","2,617.20","2,653.60","2,610.80","","0.33%"
"2018-04-06","2,604.50","2,645.80","2,656.90","2,586.30","","-2.19%"
"2018-04-05","2,662.80","2,657.40","2,672.10","2,649.60","","0.68%"
"2018-04-04","2,644.70","2,584.00","2,649.90","2,573.60","","1.16%"
"2018-04-03","2,614.40","2,592.20","2,619.10","2,575.50","","1.26%"
"2018-04-02","2,581.90","2,633.40","2,638.30","2,553.80","","-2.23%"
"2018-03-29","2,640.90","2,614.40","2,659.10","2,609.70","","1.38%"
"2018-03-28","2,605.00","2,611.30","2,632.70","2,593.10","","-0.29%"
"2018-03-27","2,612.60","2,667.60","2,674.80","2,596.10","","-1.73%"
"2018-03-26","2,658.60","2,619.30","2,661.40","2,601.80","","2.72%"
"2018-03-23","2,588.30","2,646.70","2,657.70","2,585.90","","-2.10%"
"2018-03-22","2,643.70","2,691.40","2,695.70","2,641.60","","-2.51%"
"2018-03-21","2,711.90","2,715.00","2,739.10","2,709.80","","-0.18%"
"2018-03-20","2,716.90","2,715.10","2,724.20","2,710.10","","0.15%"
"2018-03-19","2,712.90","2,741.40","2,741.40","2,694.60","","-1.42%"
"2018-03-16","2,752.00","2,750.60","2,761.80","2,750.00","","0.17%"
"2018-03-15","2,747.30","2,754.30","2,763.00","2,741.50","","-0.08%"
"2018-03-14","2,749.50","2,774.10","2,777.10","2,744.40","","-0.57%"
"2018-03-13","2,765.30","2,792.30","2,801.90","2,758.70","","-0.64%"
"2018-03-12","2,783.00","2,790.50","2,797.00","2,779.30","","-0.13%"
"2018-03-09","2,786.60","2,752.90","2,786.60","2,751.50","","1.74%"
"2018-03-08","2,739.00","2,732.80","2,740.40","2,722.70","","0.45%"
"2018-03-07","2,726.80","2,710.20","2,730.60","2,701.70","","-0.05%"
"2018-03-06","2,728.10","2,730.20","2,732.10","2,711.30","","0.26%"
"2018-03-05","2,720.90","2,681.10","2,728.10","2,675.80","","1.10%"
"2018-03-02","2,691.20","2,658.90","2,696.20","2,647.30","","0.50%"
"2018-03-01","2,677.70","2,715.20","2,730.90","2,659.70","","-1.33%"
"2018-02-28","2,713.80","2,753.80","2,761.50","2,713.50","","-1.11%"
"2018-02-27","2,744.30","2,780.40","2,789.20","2,744.20","","-1.27%"
"2018-02-26","2,779.60","2,757.40","2,780.60","2,753.80","","1.18%"
"2018-02-23","2,747.30","2,715.80","2,747.80","2,713.70","","1.60%"
"2018-02-22","2,704.00","2,710.40","2,731.30","2,697.80","","0.10%"
"2018-02-21","2,701.30","2,720.50","2,747.80","2,701.30","","-0.55%"
"2018-02-20","2,716.30","2,723.00","2,737.60","2,706.80","","-0.58%"
"2018-02-16","2,732.20","2,727.10","2,754.40","2,725.10","","0.04%"
"2018-02-15","2,731.20","2,713.50","2,731.50","2,689.80","","1.21%"
"2018-02-14","2,698.60","2,651.20","2,702.10","2,648.90","","1.34%"
"2018-02-13","2,662.90","2,646.30","2,668.80","2,637.10","","0.26%"
"2018-02-12","2,656.00","2,636.80","2,672.60","2,622.40","","1.39%"
"2018-02-09","2,619.60","2,601.80","2,638.70","2,532.70","","1.50%"
"2018-02-08","2,581.00","2,685.00","2,685.30","2,580.60","","-3.76%"
"2018-02-07","2,681.70","2,690.90","2,727.70","2,681.30","","-0.50%"
"2018-02-06","2,695.10","2,614.80","2,701.00","2,593.10","","1.74%"
"2018-02-05","2,648.90","2,741.10","2,763.40","2,638.20","","-4.10%"
"2018-02-02","2,762.10","2,808.90","2,808.90","2,760.00","","-2.12%"
"2018-02-01","2,822.00","2,816.40","2,836.00","2,812.70","","-0.06%"
"2018-01-31","2,823.80","2,832.40","2,839.30","2,813.00","","0.05%"
"2018-01-30","2,822.40","2,832.70","2,837.80","2,818.30","","-1.09%"
"2018-01-29","2,853.50","2,867.20","2,870.60","2,851.50","","-0.68%"
"2018-01-26","2,872.90","2,847.50","2,872.90","2,846.20","","1.19%"
"2018-01-25","2,839.20","2,846.20","2,848.60","2,830.90","","0.06%"
"2018-01-24","2,837.50","2,845.40","2,853.00","2,824.80","","-0.06%"
"2018-01-23","2,839.10","2,835.10","2,842.20","2,830.60","","0.22%"
"2018-01-22","2,833.00","2,809.20","2,833.00","2,808.10","","0.81%"
"2018-01-19","2,810.30","2,802.60","2,810.30","2,798.10","","0.44%"
"2018-01-18","2,798.00","2,802.40","2,805.80","2,792.60","","-0.16%"
"2018-01-17","2,802.60","2,785.00","2,807.00","2,778.40","","0.94%"
"2018-01-16","2,776.40","2,799.00","2,807.50","2,768.60","","-0.35%"
"2018-01-12","2,786.20","2,770.20","2,787.80","2,769.60","","0.67%"
"2018-01-11","2,767.60","2,753.00","2,767.60","2,752.80","","0.71%"
"2018-01-10","2,748.20","2,745.60","2,750.80","2,736.10","","-0.11%"
"2018-01-09","2,751.30","2,751.20","2,759.10","2,747.90","","0.13%"
"2018-01-08","2,747.70","2,742.70","2,748.50","2,737.60","","0.16%"
"2018-01-05","2,743.20","2,731.30","2,743.40","2,727.90","","0.70%"
"2018-01-04","2,724.00","2,719.30","2,729.30","2,719.10","","0.40%"
"2018-01-03","2,713.10","2,697.80","2,714.40","2,697.80","","0.64%"
"2018-01-02","2,695.80","2,683.70","2,695.90","2,682.40","","0.83%"
"2017-12-29","2,673.60","2,689.20","2,692.10","2,673.60","","-0.52%"
"2017-12-28","2,687.50","2,686.10","2,687.70","2,682.70","","0.18%"
"2017-12-27","2,682.60","2,682.10","2,685.60","2,678.90","","0.08%"
"2017-12-26","2,680.50","2,679.10","2,682.70","2,678.00","","-0.10%"
"2017-12-22","2,683.30","2,684.20","2,685.30","2,678.10","","-0.05%"
"2017-12-21","2,684.60","2,683.00","2,692.60","2,682.40","","0.20%"
"2017-12-20","2,679.20","2,688.20","2,691.00","2,676.10","","-0.09%"
"2017-12-19","2,681.50","2,692.70","2,694.40","2,680.70","","-0.32%"
"2017-12-18","2,690.20","2,685.90","2,695.00","2,685.90","","0.54%"
"2017-12-15","2,675.80","2,660.60","2,679.60","2,659.10","","0.90%"
"2017-12-14","2,652.00","2,665.90","2,668.10","2,652.00","","-0.41%"
"2017-12-13","2,662.80","2,667.60","2,671.90","2,662.80","","-0.05%"
"2017-12-12","2,664.10","2,661.70","2,669.70","2,659.80","","0.15%"
"2017-12-11","2,660.00","2,652.20","2,660.30","2,651.50","","0.32%"
"2017-12-08","2,651.50","2,646.20","2,651.70","2,644.10","","0.55%"
"2017-12-07","2,637.00","2,628.40","2,641.00","2,626.50","","0.29%"
"2017-12-06","2,629.30","2,626.20","2,634.40","2,624.80","","-0.01%"
"2017-12-05","2,629.60","2,639.80","2,648.70","2,627.70","","-0.37%"
"2017-12-04","2,639.40","2,657.20","2,665.20","2,639.00","","-0.11%"
"2017-12-01","2,642.20","2,645.10","2,650.60","2,605.50","","-0.20%"
"2017-11-30","2,647.60","2,633.90","2,657.70","2,633.90","","0.82%"
"2017-11-29","2,626.10","2,627.80","2,634.90","2,620.30","","-0.03%"
"2017-11-28","2,627.00","2,605.90","2,627.70","2,605.40","","0.98%"
"2017-11-27","2,601.40","2,602.70","2,606.40","2,598.90","","-0.04%"
"2017-11-24","2,602.40","2,600.40","2,604.20","2,600.40","","0.20%"
"2017-11-22","2,597.10","2,600.30","2,600.90","2,595.20","","-0.07%"
"2017-11-21","2,599.00","2,589.20","2,601.20","2,589.20","","0.65%"
"2017-11-20","2,582.10","2,579.50","2,584.60","2,578.20","","0.13%"
"2017-11-17","2,578.80","2,582.90","2,584.00","2,577.60","","-0.26%"
"2017-11-16","2,585.60","2,572.90","2,590.10","2,572.90","","0.82%"
"2017-11-15","2,564.60","2,569.40","2,572.80","2,557.40","","-0.55%"
"2017-11-14","2,578.90","2,577.80","2,579.70","2,566.60","","-0.23%"
"2017-11-13","2,584.80","2,576.50","2,587.70","2,574.50","","0.10%"
"2017-11-10","2,582.30","2,580.20","2,583.80","2,575.60","","-0.09%"
"2017-11-09","2,584.60","2,584.00","2,586.50","2,566.30","","-0.38%"
"2017-11-08","2,594.40","2,588.70","2,595.50","2,585.00","","0.15%"
"2017-11-07","2,590.60","2,592.10","2,597.00","2,584.30","","-0.02%"
"2017-11-06","2,591.10","2,587.50","2,593.40","2,585.70","","0.13%"
"2017-11-03","2,587.80","2,581.90","2,588.40","2,576.80","","0.31%"
"2017-11-02","2,579.80","2,579.50","2,581.10","2,566.20","","0.02%"
"2017-11-01","2,579.40","2,583.20","2,588.40","2,574.90","","0.16%"
"2017-10-31","2,575.30","2,576.00","2,578.30","2,572.20","","0.10%"
"2017-10-30","2,572.80","2,577.80","2,580.00","2,568.20","","-0.32%"
"2017-10-27","2,581.10","2,570.30","2,583.00","2,565.90","","0.81%"
"2017-10-26","2,560.40","2,560.10","2,567.10","2,559.80","","0.13%"
"2017-10-25","2,557.20","2,566.50","2,567.40","2,544.00","","-0.46%"
"2017-10-24","2,569.10","2,568.70","2,572.20","2,565.60","","0.16%"
"2017-10-23","2,565.00","2,578.10","2,578.30","2,564.30","","-0.40%"
"2017-10-20","2,575.20","2,567.60","2,575.40","2,567.60","","0.51%"
"2017-10-19","2,562.10","2,553.40","2,562.40","2,547.90","","0.03%"
"2017-10-18","2,561.30","2,562.90","2,564.10","2,559.70","","0.07%"
"2017-10-17","2,559.40","2,557.20","2,559.70","2,554.70","","0.07%"
"2017-10-16","2,557.60","2,555.60","2,559.50","2,552.60","","0.17%"
"2017-10-13","2,553.20","2,555.70","2,557.70","2,552.10","","0.09%"
"2017-10-12","2,550.90","2,552.90","2,555.30","2,548.30","","-0.17%"
"2017-10-11","2,555.20","2,550.60","2,555.20","2,547.90","","0.18%"
"2017-10-10","2,550.60","2,550.00","2,555.20","2,544.90","","0.23%"
"2017-10-09","2,544.70","2,551.40","2,551.80","2,541.60","","-0.18%"
"2017-10-06","2,549.30","2,547.40","2,549.40","2,543.80","","-0.11%"
"2017-10-05","2,552.10","2,540.90","2,552.50","2,540.00","","0.57%"
"2017-10-04","2,537.70","2,533.50","2,540.50","2,531.80","","0.12%"
"2017-10-03","2,534.60","2,530.30","2,535.10","2,528.80","","0.22%"
"2017-10-02","2,529.10","2,521.20","2,529.20","2,520.40","","0.39%"
"2017-09-29","2,519.40","2,510.00","2,519.40","2,508.00","","0.37%"
"2017-09-28","2,510.10","2,503.40","2,510.80","2,502.90","","0.12%"
"2017-09-27","2,507.00","2,503.30","2,511.80","2,495.90","","0.41%"
"2017-09-26","2,496.80","2,501.00","2,503.50","2,495.10","","0.00%"
"2017-09-25","2,496.70","2,499.40","2,502.50","2,488.00","","-0.22%"
"2017-09-22","2,502.20","2,497.30","2,503.50","2,496.50","","0.06%"
"2017-09-21","2,500.60","2,507.20","2,507.20","2,499.00","","-0.30%"
"2017-09-20","2,508.20","2,506.80","2,508.80","2,496.70","","0.06%"
"2017-09-19","2,506.70","2,506.30","2,507.80","2,503.20","","0.11%"
"2017-09-18","2,503.90","2,502.50","2,508.30","2,499.90","","0.15%"
"2017-09-15","2,500.20","2,495.70","2,500.20","2,493.20","","0.18%"
"2017-09-14","2,495.60","2,494.60","2,498.40","2,491.30","","-0.11%"
"2017-09-13","2,498.40","2,493.90","2,498.40","2,492.10","","0.08%"
"2017-09-12","2,496.50","2,491.90","2,496.80","2,490.40","","0.34%"
"2017-09-11","2,488.10","2,474.50","2,488.90","2,474.50","","1.08%"
"2017-09-08","2,461.40","2,462.20","2,467.10","2,459.40","","-0.15%"
"2017-09-07","2,465.10","2,468.10","2,468.60","2,460.30","","-0.02%"
"2017-09-06","2,465.50","2,463.80","2,469.60","2,459.20","","0.31%"
"2017-09-05","2,457.80","2,470.30","2,472.00","2,446.60","","-0.76%"
"2017-09-01","2,476.60","2,474.40","2,480.40","2,473.80","","0.20%"
"2017-08-31","2,471.70","2,462.70","2,475.00","2,462.70","","0.57%"
"2017-08-30","2,457.60","2,446.10","2,460.30","2,443.80","","0.46%"
"2017-08-29","2,446.30","2,431.90","2,449.20","2,428.20","","0.09%"
"2017-08-28","2,444.20","2,447.30","2,449.10","2,439.00","","0.05%"
"2017-08-25","2,443.10","2,444.70","2,454.00","2,442.20","","0.17%"
"2017-08-24","2,439.00","2,447.90","2,450.40","2,436.20","","-0.20%"
"2017-08-23","2,444.00","2,444.90","2,448.90","2,441.40","","-0.35%"
"2017-08-22","2,452.50","2,433.80","2,454.80","2,433.70","","0.99%"
"2017-08-21","2,428.40","2,425.50","2,430.60","2,417.30","","0.12%"
"2017-08-18","2,425.60","2,427.60","2,440.30","2,420.70","","-0.18%"
"2017-08-17","2,430.00","2,462.90","2,465.00","2,430.00","","-1.54%"
"2017-08-16","2,468.10","2,468.60","2,474.90","2,463.90","","0.14%"
"2017-08-15","2,464.60","2,468.70","2,468.90","2,461.60","","-0.05%"
"2017-08-14","2,465.80","2,455.00","2,468.20","2,455.00","","1.00%"
"2017-08-11","2,441.30","2,441.00","2,448.10","2,437.80","","0.13%"
"2017-08-10","2,438.20","2,465.40","2,465.40","2,437.80","","-1.45%"
"2017-08-09","2,474.00","2,465.30","2,474.40","2,462.10","","-0.04%"
"2017-08-08","2,474.90","2,478.30","2,490.90","2,470.30","","-0.24%"
"2017-08-07","2,480.90","2,477.10","2,480.90","2,475.90","","0.17%"
"2017-08-04","2,476.80","2,476.90","2,480.00","2,472.10","","0.19%"
"2017-08-03","2,472.20","2,476.00","2,476.00","2,468.80","","-0.22%"
"2017-08-02","2,477.60","2,480.40","2,480.40","2,466.50","","0.05%"
"2017-08-01","2,476.30","2,477.10","2,478.50","2,471.10","","0.24%"
"2017-07-31","2,470.30","2,475.90","2,478.00","2,468.50","","-0.07%"
"2017-07-28","2,472.10","2,469.10","2,473.50","2,464.70","","-0.13%"
"2017-07-27","2,475.40","2,482.80","2,484.00","2,459.90","","-0.10%"
"2017-07-26","2,477.80","2,480.00","2,481.70","2,474.90","","0.03%"
"2017-07-25","2,477.10","2,477.90","2,481.20","2,474.90","","0.29%"
"2017-07-24","2,469.90","2,472.00","2,473.10","2,466.30","","-0.11%"
"2017-07-21","2,472.50","2,467.40","2,472.50","2,465.10","","-0.04%"
"2017-07-20","2,473.40","2,475.60","2,477.60","2,468.40","","-0.02%"
"2017-07-19","2,473.80","2,463.80","2,473.80","2,463.80","","0.54%"
"2017-07-18","2,460.60","2,455.90","2,460.90","2,450.30","","0.06%"
"2017-07-17","2,459.10","2,459.50","2,462.80","2,457.20","","-0.01%"
"2017-07-14","2,459.30","2,449.20","2,463.50","2,446.70","","0.47%"
"2017-07-13","2,447.80","2,445.00","2,449.30","2,441.70","","0.19%"
"2017-07-12","2,443.20","2,435.80","2,445.80","2,435.80","","0.73%"
"2017-07-11","2,425.50","2,427.30","2,429.30","2,412.80","","-0.08%"
"2017-07-10","2,427.40","2,424.50","2,432.00","2,422.30","","0.09%"
"2017-07-07","2,425.20","2,413.50","2,426.90","2,413.50","","0.64%"
"2017-07-06","2,409.80","2,423.40","2,424.30","2,407.70","","-0.93%"
"2017-07-05","2,432.50","2,430.80","2,434.90","2,422.10","","0.14%"
"2017-07-03","2,429.00","2,431.40","2,439.20","2,428.70","","0.23%"
"2017-06-30","2,423.40","2,429.20","2,432.70","2,421.70","","0.15%"
"2017-06-29","2,419.70","2,442.40","2,442.70","2,405.70","","-0.86%"
"2017-06-28","2,440.70","2,428.70","2,443.00","2,428.00","","0.88%"
"2017-06-27","2,419.40","2,436.30","2,440.20","2,419.40","","-0.81%"
"2017-06-26","2,439.10","2,443.30","2,450.40","2,437.00","","0.03%"
"2017-06-23","2,438.30","2,434.70","2,441.40","2,431.10","","0.16%"
"2017-06-22","2,434.50","2,437.40","2,441.60","2,433.30","","-0.05%"
"2017-06-21","2,435.60","2,439.30","2,442.20","2,430.70","","-0.06%"
"2017-06-20","2,437.00","2,450.70","2,450.70","2,436.60","","-0.67%"
"2017-06-19","2,453.50","2,442.60","2,453.80","2,441.80","","0.83%"
"2017-06-16","2,433.20","2,431.20","2,433.20","2,422.90","","0.03%"
"2017-06-15","2,432.50","2,424.10","2,433.90","2,418.50","","-0.22%"
"2017-06-14","2,437.90","2,443.80","2,443.80","2,428.30","","-0.10%"
"2017-06-13","2,440.30","2,434.20","2,441.50","2,431.30","","0.45%"
"2017-06-12","2,429.40","2,425.90","2,430.40","2,420.00","","-0.10%"
"2017-06-09","2,431.80","2,436.40","2,446.20","2,415.70","","-0.08%"
"2017-06-08","2,433.80","2,434.30","2,439.30","2,427.90","","0.03%"
"2017-06-07","2,433.10","2,432.00","2,435.30","2,424.80","","0.16%"
"2017-06-06","2,429.30","2,431.90","2,436.20","2,428.10","","-0.28%"
"2017-06-05","2,436.10","2,437.80","2,439.60","2,434.30","","-0.12%"
"2017-06-02","2,439.10","2,431.30","2,440.20","2,427.70","","0.37%"
"2017-06-01","2,430.10","2,415.70","2,430.10","2,413.50","","0.76%"
"2017-05-31","2,411.80","2,415.60","2,416.00","2,403.60","","-0.05%"
"2017-05-30","2,412.90","2,411.70","2,415.30","2,409.40","","-0.12%"
"2017-05-26","2,415.80","2,414.50","2,416.70","2,412.20","","0.03%"
"2017-05-25","2,415.10","2,409.50","2,418.70","2,408.00","","0.45%"
"2017-05-24","2,404.40","2,401.40","2,405.60","2,398.00","","0.25%"
"2017-05-23","2,398.40","2,397.00","2,400.80","2,393.90","","0.18%"
"2017-05-22","2,394.00","2,387.20","2,395.50","2,386.90","","0.52%"
"2017-05-19","2,381.70","2,371.40","2,389.10","2,370.40","","0.68%"
"2017-05-18","2,365.70","2,354.70","2,375.70","2,352.70","","0.37%"
"2017-05-17","2,357.00","2,382.90","2,384.90","2,356.20","","-1.82%"
"2017-05-16","2,400.70","2,404.60","2,405.80","2,396.10","","-0.07%"
"2017-05-15","2,402.30","2,394.00","2,404.10","2,393.90","","0.48%"
"2017-05-12","2,390.90","2,392.40","2,392.40","2,387.20","","-0.15%"
"2017-05-11","2,394.40","2,394.80","2,395.70","2,381.70","","-0.22%"
"2017-05-10","2,399.60","2,396.80","2,399.70","2,392.80","","0.11%"
"2017-05-09","2,396.90","2,401.60","2,403.90","2,392.40","","-0.10%"
"2017-05-08","2,399.40","2,399.90","2,401.40","2,393.90","","0.00%"
"2017-05-05","2,399.30","2,392.40","2,399.30","2,389.40","","0.41%"
"2017-05-04","2,389.50","2,389.80","2,391.40","2,380.30","","0.06%"
"2017-05-03","2,388.10","2,386.50","2,389.80","2,379.80","","-0.13%"
"2017-05-02","2,391.20","2,391.10","2,392.90","2,385.80","","0.12%"
"2017-05-01","2,388.30","2,388.50","2,394.50","2,384.80","","0.17%"
"2017-04-28","2,384.20","2,393.70","2,393.70","2,382.40","","-0.19%"
"2017-04-27","2,388.80","2,389.70","2,392.10","2,382.70","","0.06%"
"2017-04-26","2,387.40","2,389.00","2,398.20","2,386.80","","-0.05%"
"2017-04-25","2,388.60","2,381.50","2,392.50","2,381.20","","0.61%"
"2017-04-24","2,374.20","2,370.30","2,377.00","2,369.20","","1.09%"
"2017-04-21","2,348.70","2,354.70","2,356.20","2,344.50","","-0.30%"
"2017-04-20","2,355.80","2,342.70","2,361.40","2,340.90","","0.75%"
"2017-04-19","2,338.20","2,346.80","2,352.60","2,335.10","","-0.17%"
"2017-04-18","2,342.20","2,342.50","2,348.30","2,334.50","","-0.29%"
"2017-04-17","2,349.00","2,332.60","2,349.10","2,332.50","","0.86%"
"2017-04-13","2,328.90","2,342.00","2,348.30","2,328.90","","-0.68%"
"2017-04-12","2,344.90","2,352.20","2,352.70","2,341.20","","-0.38%"
"2017-04-11","2,353.80","2,353.90","2,355.20","2,337.20","","-0.14%"
"2017-04-10","2,357.20","2,357.20","2,366.40","2,351.50","","0.07%"
"2017-04-07","2,355.50","2,356.60","2,363.80","2,350.70","","-0.08%"
"2017-04-06","2,357.50","2,353.80","2,364.20","2,348.90","","0.20%"
"2017-04-05","2,352.90","2,366.60","2,378.40","2,350.50","","-0.31%"
"2017-04-04","2,360.20","2,354.80","2,360.50","2,350.70","","0.06%"
"2017-04-03","2,358.80","2,362.30","2,365.90","2,344.70","","-0.17%"
"2017-03-31","2,362.70","2,364.80","2,370.30","2,362.60","","-0.23%"
"2017-03-30","2,368.10","2,361.30","2,370.40","2,358.60","","0.30%"
"2017-03-29","2,361.10","2,356.50","2,363.40","2,352.90","","0.11%"
"2017-03-28","2,358.60","2,339.80","2,363.80","2,337.60","","0.73%"
"2017-03-27","2,341.60","2,329.10","2,344.90","2,322.20","","-0.10%"
"2017-03-24","2,344.00","2,350.40","2,356.20","2,335.70","","-0.09%"
"2017-03-23","2,346.00","2,346.00","2,358.90","2,342.10","","-0.10%"
"2017-03-22","2,348.40","2,343.00","2,351.80","2,336.40","","0.19%"
"2017-03-21","2,344.00","2,379.30","2,381.90","2,341.90","","-1.24%"
"2017-03-20","2,373.50","2,378.20","2,379.60","2,369.70","","-0.20%"
"2017-03-17","2,378.20","2,383.70","2,385.70","2,377.60","","-0.13%"
"2017-03-16","2,381.40","2,387.70","2,388.10","2,377.20","","-0.16%"
"2017-03-15","2,385.30","2,370.30","2,390.00","2,368.90","","0.84%"
"2017-03-14","2,365.40","2,368.60","2,368.60","2,358.20","","-0.34%"
"2017-03-13","2,373.50","2,371.60","2,374.40","2,368.50","","0.04%"
"2017-03-10","2,372.60","2,372.50","2,376.90","2,363.00","","0.33%"
"2017-03-09","2,364.90","2,363.50","2,369.10","2,354.50","","0.08%"
"2017-03-08","2,363.00","2,369.80","2,373.10","2,361.00","","-0.23%"
"2017-03-07","2,368.40","2,370.70","2,375.10","2,365.50","","-0.29%"
"2017-03-06","2,375.30","2,375.20","2,378.80","2,368.00","","-0.33%"
"2017-03-03","2,383.10","2,380.90","2,383.90","2,375.40","","0.05%"
"2017-03-02","2,381.90","2,394.80","2,394.80","2,380.20","","-0.59%"
"2017-03-01","2,396.00","2,380.10","2,401.00","2,380.10","","1.37%"
"2017-02-28","2,363.60","2,366.10","2,367.80","2,359.00","","-0.26%"
"2017-02-27","2,369.80","2,365.20","2,371.50","2,361.90","","0.11%"
"2017-02-24","2,367.30","2,355.70","2,367.30","2,352.90","","0.15%"
"2017-02-23","2,363.80","2,367.50","2,368.30","2,355.10","","0.04%"
"2017-02-22","2,362.80","2,361.10","2,365.10","2,358.30","","-0.11%"
"2017-02-21","2,365.40","2,354.90","2,366.70","2,354.90","","0.60%"
"2017-02-17","2,351.20","2,343.00","2,351.20","2,339.60","","0.17%"
"2017-02-16","2,347.20","2,349.60","2,351.30","2,338.90","","-0.09%"
"2017-02-15","2,349.20","2,335.60","2,351.30","2,334.80","","0.50%"
"2017-02-14","2,337.60","2,326.10","2,337.60","2,322.20","","0.40%"
"2017-02-13","2,328.20","2,321.70","2,331.60","2,321.40","","0.52%"
"2017-02-10","2,316.10","2,312.30","2,319.20","2,311.10","","0.36%"
"2017-02-09","2,307.90","2,296.70","2,311.10","2,296.60","","0.58%"
"2017-02-08","2,294.70","2,289.60","2,295.90","2,285.40","","0.07%"
"2017-02-07","2,293.10","2,295.90","2,299.40","2,290.20","","0.02%"
"2017-02-06","2,292.60","2,294.30","2,296.20","2,288.60","","-0.21%"
"2017-02-03","2,297.40","2,288.50","2,298.30","2,287.90","","0.73%"
"2017-02-02","2,280.80","2,276.70","2,284.00","2,271.70","","0.05%"
"2017-02-01","2,279.60","2,285.60","2,289.10","2,272.40","","0.03%"
"2017-01-31","2,278.90","2,274.00","2,279.10","2,267.20","","-0.09%"
"2017-01-30","2,280.90","2,286.00","2,286.00","2,268.00","","-0.60%"
"2017-01-27","2,294.70","2,299.00","2,299.00","2,291.60","","-0.09%"
"2017-01-26","2,296.70","2,298.60","2,301.00","2,294.10","","-0.07%"
"2017-01-25","2,298.40","2,288.90","2,299.60","2,288.90","","0.80%"
"2017-01-24","2,280.10","2,267.90","2,284.60","2,266.70","","0.66%"
"2017-01-23","2,265.20","2,267.80","2,271.80","2,257.00","","-0.27%"
"2017-01-20","2,271.30","2,270.00","2,277.00","2,265.00","","0.34%"
"2017-01-19","2,263.70","2,271.90","2,274.30","2,258.40","","-0.36%"
"2017-01-18","2,271.90","2,269.10","2,272.00","2,263.30","","0.18%"
"2017-01-17","2,267.90","2,269.10","2,272.10","2,262.80","","-0.29%"
"2017-01-13","2,274.60","2,272.70","2,278.70","2,271.50","","0.18%"
"2017-01-12","2,270.40","2,271.10","2,271.80","2,254.20","","-0.22%"
"2017-01-11","2,275.30","2,268.60","2,275.30","2,260.80","","0.28%"
"2017-01-10","2,268.90","2,269.70","2,279.30","2,265.30","","0.00%"
"2017-01-09","2,268.90","2,273.60","2,275.50","2,268.90","","-0.36%"
"2017-01-06","2,277.00","2,271.10","2,282.10","2,264.10","","0.35%"
"2017-01-05","2,269.00","2,268.20","2,271.50","2,260.40","","-0.08%"
"2017-01-04","2,270.80","2,261.60","2,272.80","2,261.60","","0.58%"
"2017-01-03","2,257.80","2,251.60","2,263.90","2,245.10","","0.85%"
"2016-12-30","2,238.80","2,251.60","2,253.60","2,233.60","","-0.47%"
"2016-12-29","2,249.30","2,249.50","2,254.50","2,244.60","","-0.03%"
"2016-12-28","2,249.90","2,270.20","2,271.30","2,249.10","","-0.84%"
"2016-12-27","2,268.90","2,266.20","2,273.80","2,266.20","","0.23%"
"2016-12-23","2,263.80","2,260.20","2,263.80","2,258.80","","0.12%"
"2016-12-22","2,261.00","2,262.90","2,263.20","2,256.10","","-0.19%"
"2016-12-21","2,265.20","2,270.50","2,271.20","2,265.20","","-0.25%"
"2016-12-20","2,270.80","2,266.50","2,272.60","2,266.10","","0.37%"
"2016-12-19","2,262.50","2,259.20","2,267.50","2,258.20","","0.19%"
"2016-12-16","2,258.10","2,266.80","2,268.10","2,254.20","","-0.17%"
"2016-12-15","2,262.00","2,253.80","2,272.10","2,253.80","","0.39%"
"2016-12-14","2,253.30","2,268.30","2,276.20","2,248.40","","-0.81%"
"2016-12-13","2,271.70","2,263.30","2,277.50","2,263.30","","0.65%"
"2016-12-12","2,257.00","2,258.80","2,264.00","2,252.40","","-0.11%"
"2016-12-09","2,259.50","2,249.70","2,259.80","2,249.20","","0.59%"
"2016-12-08","2,246.20","2,241.10","2,251.70","2,237.60","","0.22%"
"2016-12-07","2,241.30","2,210.70","2,241.60","2,208.90","","1.32%"
"2016-12-06","2,212.20","2,207.30","2,212.80","2,202.20","","0.34%"
"2016-12-05","2,204.70","2,200.70","2,209.40","2,200.00","","0.58%"
"2016-12-02","2,191.90","2,191.10","2,197.90","2,188.40","","0.04%"
"2016-12-01","2,191.10","2,200.20","2,202.60","2,187.40","","-0.35%"
"2016-11-30","2,198.80","2,205.00","2,214.10","2,198.80","","-0.27%"
"2016-11-29","2,204.70","2,200.80","2,210.50","2,198.20","","0.14%"
"2016-11-28","2,201.70","2,210.20","2,211.10","2,200.40","","-0.52%"
"2016-11-25","2,213.30","2,206.30","2,213.30","2,206.30","","0.39%"
"2016-11-23","2,204.70","2,198.60","2,204.70","2,194.50","","0.08%"
"2016-11-22","2,202.90","2,201.60","2,204.80","2,194.50","","0.21%"
"2016-11-21","2,198.20","2,186.40","2,198.70","2,186.40","","0.75%"
"2016-11-18","2,181.90","2,186.80","2,189.90","2,180.40","","-0.24%"
"2016-11-17","2,187.10","2,178.60","2,188.10","2,176.70","","0.47%"
"2016-11-16","2,176.90","2,177.50","2,179.20","2,172.20","","-0.16%"
"2016-11-15","2,180.40","2,168.30","2,180.80","2,166.40","","0.75%"
"2016-11-14","2,164.20","2,165.60","2,171.40","2,156.10","","-0.01%"
"2016-11-11","2,164.40","2,162.70","2,165.90","2,152.50","","-0.14%"
"2016-11-10","2,167.50","2,167.50","2,182.30","2,151.20","","0.19%"
"2016-11-09","2,163.30","2,131.60","2,170.10","2,125.30","","1.11%"
"2016-11-08","2,139.60","2,129.90","2,146.90","2,123.60","","0.38%"
"2016-11-07","2,131.50","2,100.60","2,132.00","2,100.60","","2.22%"
"2016-11-04","2,085.20","2,083.80","2,099.10","2,083.80","","-0.17%"
"2016-11-03","2,088.70","2,098.80","2,102.60","2,085.20","","-0.44%"
"2016-11-02","2,097.90","2,109.40","2,111.80","2,094.00","","-0.65%"
"2016-11-01","2,111.70","2,128.70","2,131.40","2,097.80","","-0.68%"
"2016-10-31","2,126.20","2,129.80","2,133.20","2,125.50","","-0.01%"
"2016-10-28","2,126.40","2,132.20","2,140.70","2,119.40","","-0.31%"
"2016-10-27","2,133.00","2,144.10","2,147.10","2,132.50","","-0.30%"
"2016-10-26","2,139.40","2,137.00","2,145.70","2,131.60","","-0.18%"
"2016-10-25","2,143.20","2,149.70","2,151.40","2,141.90","","-0.38%"
"2016-10-24","2,151.30","2,148.50","2,154.80","2,146.90","","0.47%"
"2016-10-21","2,141.20","2,139.40","2,142.60","2,130.10","","0.00%"
"2016-10-20","2,141.30","2,142.50","2,147.20","2,133.40","","-0.14%"
"2016-10-19","2,144.30","2,140.80","2,148.40","2,138.20","","0.22%"
"2016-10-18","2,139.60","2,138.30","2,144.40","2,135.50","","0.62%"
"2016-10-17","2,126.50","2,132.90","2,135.60","2,124.40","","-0.30%"
"2016-10-14","2,133.00","2,139.70","2,149.20","2,133.00","","0.02%"
"2016-10-13","2,132.60","2,130.30","2,138.20","2,114.70","","-0.31%"
"2016-10-12","2,139.20","2,137.70","2,145.40","2,132.80","","0.12%"
"2016-10-11","2,136.70","2,161.30","2,161.60","2,128.80","","-1.25%"
"2016-10-10","2,163.70","2,160.40","2,169.60","2,160.40","","0.46%"
"2016-10-07","2,153.70","2,164.20","2,165.90","2,144.80","","-0.33%"
"2016-10-06","2,160.80","2,158.20","2,162.90","2,150.30","","0.05%"
"2016-10-05","2,159.70","2,155.20","2,163.90","2,155.20","","0.43%"
"2016-10-04","2,150.50","2,163.40","2,165.50","2,144.00","","-0.50%"
"2016-10-03","2,161.20","2,164.30","2,164.40","2,154.80","","-0.33%"
"2016-09-30","2,168.30","2,156.50","2,175.30","2,156.50","","0.80%"
"2016-09-29","2,151.10","2,168.90","2,172.70","2,145.20","","-0.93%"
"2016-09-28","2,171.40","2,161.80","2,172.40","2,151.80","","0.53%"
"2016-09-27","2,159.90","2,146.00","2,161.10","2,141.60","","0.64%"
"2016-09-26","2,146.10","2,158.50","2,158.50","2,145.00","","-0.86%"
"2016-09-23","2,164.70","2,173.30","2,173.80","2,164.00","","-0.57%"
"2016-09-22","2,177.20","2,170.90","2,180.00","2,170.90","","0.65%"
"2016-09-21","2,163.10","2,144.60","2,165.10","2,139.60","","1.09%"
"2016-09-20","2,139.80","2,145.90","2,150.80","2,139.20","","0.03%"
"2016-09-19","2,139.10","2,144.00","2,153.60","2,135.90","","0.00%"
"2016-09-16","2,139.20","2,146.50","2,146.50","2,131.20","","-0.38%"
"2016-09-15","2,147.30","2,125.40","2,151.30","2,122.40","","1.01%"
"2016-09-14","2,125.80","2,127.90","2,141.30","2,119.90","","-0.06%"
"2016-09-13","2,127.00","2,150.50","2,150.50","2,120.30","","-1.48%"
"2016-09-12","2,159.00","2,120.90","2,163.30","2,119.10","","1.47%"
"2016-09-09","2,127.80","2,169.10","2,169.10","2,127.80","","-2.45%"
"2016-09-08","2,181.30","2,182.80","2,184.90","2,177.50","","-0.22%"
"2016-09-07","2,186.20","2,185.20","2,187.90","2,179.10","","-0.01%"
"2016-09-06","2,186.50","2,181.60","2,186.60","2,175.10","","0.30%"
"2016-09-02","2,180.00","2,177.50","2,184.90","2,173.60","","0.42%"
"2016-09-01","2,170.90","2,171.30","2,173.60","2,157.10","","0.00%"
"2016-08-31","2,170.90","2,173.60","2,173.80","2,161.30","","-0.24%"
"2016-08-30","2,176.10","2,179.40","2,182.30","2,170.40","","-0.20%"
"2016-08-29","2,180.40","2,170.20","2,183.50","2,170.20","","0.53%"
"2016-08-26","2,169.00","2,175.10","2,187.90","2,160.40","","-0.16%"
"2016-08-25","2,172.50","2,173.30","2,179.00","2,169.70","","-0.13%"
"2016-08-24","2,175.40","2,185.10","2,186.70","2,171.20","","-0.53%"
"2016-08-23","2,186.90","2,187.80","2,193.40","2,186.80","","0.20%"
"2016-08-22","2,182.60","2,181.60","2,185.20","2,176.00","","-0.06%"
"2016-08-19","2,183.90","2,184.20","2,185.00","2,175.10","","-0.14%"
"2016-08-18","2,187.00","2,181.90","2,187.00","2,180.50","","0.22%"
"2016-08-17","2,182.20","2,177.80","2,183.10","2,168.50","","0.18%"
"2016-08-16","2,178.20","2,186.20","2,186.20","2,178.10","","-0.55%"
"2016-08-15","2,190.20","2,186.10","2,193.80","2,186.10","","0.28%"
"2016-08-12","2,184.10","2,183.70","2,186.30","2,179.40","","-0.08%"
"2016-08-11","2,185.80","2,178.00","2,188.40","2,178.00","","0.47%"
"2016-08-10","2,175.50","2,182.80","2,183.40","2,172.00","","-0.28%"
"2016-08-09","2,181.70","2,182.20","2,187.70","2,178.60","","0.04%"
"2016-08-08","2,180.90","2,183.80","2,185.40","2,177.80","","-0.09%"
"2016-08-05","2,182.90","2,168.80","2,182.90","2,168.80","","0.86%"
"2016-08-04","2,164.20","2,163.50","2,168.20","2,159.10","","0.02%"
"2016-08-03","2,163.80","2,156.80","2,163.80","2,152.60","","0.32%"
"2016-08-02","2,157.00","2,169.90","2,170.20","2,147.60","","-0.64%"
"2016-08-01","2,170.80","2,173.20","2,178.30","2,166.20","","-0.13%"
"2016-07-29","2,173.60","2,168.80","2,177.10","2,163.50","","0.16%"
"2016-07-28","2,170.10","2,166.10","2,172.80","2,159.70","","0.16%"
"2016-07-27","2,166.60","2,169.80","2,175.00","2,159.10","","-0.12%"
"2016-07-26","2,169.20","2,169.00","2,173.50","2,160.20","","0.03%"
"2016-07-25","2,168.50","2,173.70","2,173.70","2,161.90","","-0.30%"
"2016-07-22","2,175.00","2,166.50","2,175.10","2,163.20","","0.45%"
"2016-07-21","2,165.20","2,172.90","2,174.60","2,159.80","","-0.36%"
"2016-07-20","2,173.00","2,166.10","2,175.60","2,164.90","","0.43%"
"2016-07-19","2,163.80","2,163.80","2,164.60","2,159.00","","-0.14%"
"2016-07-18","2,166.90","2,162.00","2,168.30","2,159.60","","0.24%"
"2016-07-15","2,161.70","2,165.10","2,169.10","2,155.80","","-0.10%"
"2016-07-14","2,163.80","2,157.90","2,169.00","2,157.90","","0.53%"
"2016-07-13","2,152.40","2,153.80","2,156.40","2,146.20","","0.01%"
"2016-07-12","2,152.10","2,139.50","2,155.40","2,139.50","","0.70%"
"2016-07-11","2,137.20","2,131.70","2,143.20","2,131.70","","0.34%"
"2016-07-08","2,129.90","2,107.00","2,131.70","2,107.00","","1.53%"
"2016-07-07","2,097.90","2,100.40","2,109.10","2,089.40","","-0.09%"
"2016-07-06","2,099.70","2,084.40","2,100.70","2,074.00","","0.53%"
"2016-07-05","2,088.60","2,095.10","2,095.10","2,080.90","","-0.68%"
"2016-07-01","2,102.90","2,099.30","2,108.70","2,097.90","","0.19%"
"2016-06-30","2,098.90","2,073.20","2,098.90","2,070.00","","1.36%"
"2016-06-29","2,070.80","2,042.70","2,073.10","2,042.70","","1.70%"
"2016-06-28","2,036.10","2,006.70","2,036.10","2,006.70","","1.78%"
"2016-06-27","2,000.50","2,031.50","2,031.50","1,991.70","","-1.81%"
"2016-06-24","2,037.40","2,103.80","2,103.80","2,032.60","","-3.59%"
"2016-06-23","2,113.30","2,092.80","2,113.30","2,092.80","","1.34%"
"2016-06-22","2,085.40","2,089.80","2,099.70","2,084.40","","-0.17%"
"2016-06-21","2,088.90","2,085.20","2,093.70","2,083.00","","0.27%"
"2016-06-20","2,083.20","2,075.60","2,100.70","2,075.60","","0.58%"
"2016-06-17","2,071.20","2,078.20","2,078.20","2,062.80","","-0.33%"
"2016-06-16","2,078.00","2,066.40","2,079.60","2,050.40","","0.31%"
"2016-06-15","2,071.50","2,077.60","2,085.70","2,069.80","","-0.18%"
"2016-06-14","2,075.30","2,076.70","2,081.30","2,064.10","","-0.18%"
"2016-06-13","2,079.10","2,091.80","2,098.10","2,078.50","","-0.81%"
"2016-06-10","2,096.10","2,109.60","2,109.60","2,090.00","","-0.92%"
"2016-06-09","2,115.50","2,115.70","2,117.60","2,107.70","","-0.17%"
"2016-06-08","2,119.10","2,112.70","2,120.60","2,112.70","","0.33%"
"2016-06-07","2,112.10","2,110.20","2,119.20","2,110.20","","0.13%"
"2016-06-06","2,109.40","2,100.80","2,113.40","2,100.80","","0.49%"
"2016-06-03","2,099.10","2,104.10","2,104.10","2,085.40","","-0.29%"
"2016-06-02","2,105.30","2,097.70","2,105.30","2,088.60","","0.29%"
"2016-06-01","2,099.30","2,093.90","2,101.00","2,085.10","","0.11%"
"2016-05-31","2,097.00","2,100.10","2,103.50","2,088.70","","-0.10%"
"2016-05-27","2,099.10","2,090.10","2,099.10","2,090.10","","0.43%"
"2016-05-26","2,090.10","2,091.40","2,094.30","2,087.10","","-0.02%"
"2016-05-25","2,090.50","2,078.90","2,094.70","2,078.90","","0.69%"
"2016-05-24","2,076.10","2,052.70","2,079.70","2,052.70","","1.37%"
"2016-05-23","2,048.00","2,052.20","2,055.60","2,047.30","","-0.21%"
"2016-05-20","2,052.30","2,041.90","2,058.30","2,041.90","","0.60%"
"2016-05-19","2,040.00","2,044.20","2,044.20","2,025.90","","-0.37%"
"2016-05-18","2,047.60","2,044.40","2,060.60","2,034.50","","0.02%"
"2016-05-17","2,047.20","2,065.00","2,065.70","2,040.80","","-0.94%"
"2016-05-16","2,066.70","2,046.50","2,071.90","2,046.50","","0.98%"
"2016-05-13","2,046.60","2,062.50","2,066.80","2,043.10","","-0.85%"
"2016-05-12","2,064.10","2,067.20","2,074.00","2,053.10","","-0.02%"
"2016-05-11","2,064.50","2,083.30","2,083.30","2,064.50","","-0.95%"
"2016-05-10","2,084.40","2,062.60","2,084.90","2,062.60","","1.25%"
"2016-05-09","2,058.70","2,057.60","2,064.20","2,054.30","","0.08%"
"2016-05-06","2,057.10","2,047.80","2,057.70","2,039.50","","0.32%"
"2016-05-05","2,050.60","2,052.90","2,060.20","2,045.80","","-0.02%"
"2016-05-04","2,051.10","2,060.30","2,060.30","2,045.50","","-0.60%"
"2016-05-03","2,063.40","2,077.20","2,077.20","2,054.90","","-0.86%"
"2016-05-02","2,081.40","2,067.20","2,083.40","2,066.10","","0.78%"
"2016-04-29","2,065.30","2,071.80","2,073.80","2,052.30","","-0.51%"
"2016-04-28","2,075.80","2,090.90","2,099.30","2,071.60","","-0.93%"
"2016-04-27","2,095.20","2,092.30","2,099.90","2,082.30","","0.17%"
"2016-04-26","2,091.70","2,089.80","2,096.90","2,085.80","","0.19%"
"2016-04-25","2,087.80","2,089.40","2,089.40","2,077.50","","-0.18%"
"2016-04-22","2,091.60","2,091.50","2,094.30","2,081.20","","0.00%"
"2016-04-21","2,091.50","2,102.10","2,103.80","2,088.50","","-0.52%"
"2016-04-20","2,102.40","2,101.50","2,111.10","2,096.30","","0.08%"
"2016-04-19","2,100.80","2,096.10","2,104.10","2,091.70","","0.31%"
"2016-04-18","2,094.30","2,078.80","2,094.70","2,073.70","","0.65%"
"2016-04-15","2,080.70","2,083.10","2,083.20","2,076.30","","-0.10%"
"2016-04-14","2,082.80","2,082.90","2,087.80","2,078.10","","0.02%"
"2016-04-13","2,082.40","2,065.90","2,083.20","2,065.90","","1.00%"
"2016-04-12","2,061.70","2,043.70","2,065.10","2,039.70","","0.96%"
"2016-04-11","2,042.00","2,050.20","2,062.90","2,041.90","","-0.27%"
"2016-04-08","2,047.60","2,045.50","2,060.60","2,041.70","","0.28%"
"2016-04-07","2,041.90","2,063.00","2,063.00","2,033.80","","-1.20%"
"2016-04-06","2,066.70","2,045.60","2,067.30","2,043.10","","1.05%"
"2016-04-05","2,045.20","2,062.50","2,062.50","2,042.60","","-1.01%"
"2016-04-04","2,066.10","2,073.20","2,074.00","2,062.60","","-0.32%"
"2016-04-01","2,072.80","2,056.60","2,075.10","2,044.00","","0.64%"
"2016-03-31","2,059.70","2,063.80","2,067.90","2,057.50","","-0.20%"
"2016-03-30","2,063.90","2,058.30","2,072.20","2,058.30","","0.43%"
"2016-03-29","2,055.00","2,035.80","2,055.90","2,028.30","","0.88%"
"2016-03-28","2,037.00","2,037.90","2,042.70","2,032.00","","0.05%"
"2016-03-24","2,035.90","2,032.50","2,036.00","2,022.50","","-0.04%"
"2016-03-23","2,036.70","2,048.60","2,048.60","2,034.90","","-0.64%"
"2016-03-22","2,049.80","2,048.60","2,056.60","2,040.60","","-0.09%"
"2016-03-21","2,051.60","2,047.90","2,053.90","2,043.10","","0.10%"
"2016-03-18","2,049.60","2,041.20","2,052.40","2,041.20","","0.44%"
"2016-03-17","2,040.60","2,026.90","2,046.20","2,022.20","","0.66%"
"2016-03-16","2,027.20","2,014.20","2,032.00","2,010.00","","0.56%"
"2016-03-15","2,015.90","2,015.30","2,015.90","2,005.20","","-0.18%"
"2016-03-14","2,019.60","2,019.30","2,024.60","2,012.00","","-0.13%"
"2016-03-11","2,022.20","1,994.70","2,022.40","1,994.70","","1.64%"
"2016-03-10","1,989.60","1,991.00","2,005.10","1,969.20","","0.02%"
"2016-03-09","1,989.30","1,981.40","1,992.70","1,979.80","","0.51%"
"2016-03-08","1,979.30","1,996.90","1,996.90","1,977.40","","-1.12%"
"2016-03-07","2,001.80","1,996.10","2,006.10","1,989.40","","0.09%"
"2016-03-04","2,000.00","1,994.00","2,009.10","1,986.80","","0.33%"
"2016-03-03","1,993.40","1,985.60","1,993.70","1,977.40","","0.35%"
"2016-03-02","1,986.50","1,976.60","1,986.50","1,968.80","","0.41%"
"2016-03-01","1,978.30","1,937.10","1,978.30","1,937.10","","2.39%"
"2016-02-29","1,932.20","1,947.10","1,958.30","1,931.80","","-0.81%"
"2016-02-26","1,948.00","1,955.00","1,963.00","1,945.80","","-0.19%"
"2016-02-25","1,951.70","1,931.90","1,951.80","1,925.40","","1.13%"
"2016-02-24","1,929.80","1,917.60","1,932.10","1,891.00","","0.44%"
"2016-02-23","1,921.30","1,942.40","1,942.40","1,919.40","","-1.24%"
"2016-02-22","1,945.50","1,924.40","1,946.70","1,924.40","","1.44%"
"2016-02-19","1,917.80","1,916.70","1,918.80","1,902.20","","0.00%"
"2016-02-18","1,917.80","1,927.60","1,930.00","1,915.10","","-0.47%"
"2016-02-17","1,926.80","1,898.80","1,930.70","1,898.80","","1.65%"
"2016-02-16","1,895.60","1,871.40","1,895.80","1,871.40","","1.65%"
"2016-02-12","1,864.80","1,833.40","1,864.80","1,833.40","","1.95%"
"2016-02-11","1,829.10","1,847.00","1,847.00","1,810.10","","-1.23%"
"2016-02-10","1,851.90","1,857.10","1,881.60","1,850.30","","-0.02%"
"2016-02-09","1,852.20","1,848.50","1,868.20","1,834.90","","-0.06%"
"2016-02-08","1,853.40","1,873.20","1,873.20","1,828.50","","-1.41%"
"2016-02-05","1,880.00","1,913.10","1,913.10","1,872.70","","-1.85%"
"2016-02-04","1,915.50","1,911.70","1,927.30","1,900.50","","0.16%"
"2016-02-03","1,912.50","1,907.10","1,918.00","1,872.20","","0.50%"
"2016-02-02","1,903.00","1,935.30","1,935.30","1,897.30","","-1.88%"
"2016-02-01","1,939.40","1,936.90","1,947.20","1,920.30","","-0.04%"
"2016-01-29","1,940.20","1,894.00","1,940.20","1,894.00","","2.47%"
"2016-01-28","1,893.40","1,885.20","1,903.00","1,873.70","","0.55%"
"2016-01-27","1,883.00","1,902.50","1,917.00","1,872.70","","-1.08%"
"2016-01-26","1,903.60","1,878.80","1,906.70","1,878.80","","1.41%"
"2016-01-25","1,877.10","1,906.30","1,906.30","1,876.00","","-1.56%"
"2016-01-22","1,906.90","1,877.40","1,908.80","1,877.40","","2.03%"
"2016-01-21","1,869.00","1,861.50","1,889.80","1,849.00","","0.52%"
"2016-01-20","1,859.30","1,876.20","1,876.20","1,812.30","","-1.17%"
"2016-01-19","1,881.30","1,888.70","1,901.40","1,864.60","","0.05%"
"2016-01-15","1,880.30","1,916.70","1,916.70","1,857.80","","-2.16%"
"2016-01-14","1,921.80","1,891.70","1,934.50","1,878.90","","1.67%"
"2016-01-13","1,890.30","1,940.30","1,950.30","1,886.40","","-2.50%"
"2016-01-12","1,938.70","1,927.80","1,947.40","1,914.30","","0.78%"
"2016-01-11","1,923.70","1,926.10","1,935.70","1,901.10","","0.09%"
"2016-01-08","1,922.00","1,946.00","1,960.40","1,918.50","","-1.09%"
"2016-01-07","1,943.10","1,985.30","1,985.30","1,938.80","","-2.37%"
"2016-01-06","1,990.30","2,011.70","2,011.70","1,979.00","","-1.31%"
"2016-01-05","2,016.70","2,013.80","2,021.90","2,004.20","","0.20%"
"2016-01-04","2,012.70","2,038.20","2,038.20","1,989.70","","-1.53%"
"2015-12-31","2,043.90","2,060.60","2,062.50","2,043.60","","-0.95%"
"2015-12-30","2,063.40","2,077.30","2,077.30","2,062.00","","-0.72%"
"2015-12-29","2,078.40","2,060.50","2,081.60","2,060.50","","1.06%"
"2015-12-28","2,056.50","2,057.80","2,057.80","2,044.20","","-0.22%"
"2015-12-24","2,061.00","2,063.50","2,067.40","2,058.70","","-0.16%"
"2015-12-23","2,064.30","2,042.20","2,064.70","2,042.20","","1.24%"
"2015-12-22","2,039.00","2,023.20","2,042.70","2,020.50","","0.88%"
"2015-12-21","2,021.20","2,010.30","2,022.90","2,005.90","","0.78%"
"2015-12-18","2,005.50","2,040.80","2,040.80","2,005.30","","-1.78%"
"2015-12-17","2,041.90","2,073.80","2,076.40","2,041.70","","-1.50%"
"2015-12-16","2,073.10","2,046.50","2,076.70","2,042.40","","1.45%"
"2015-12-15","2,043.40","2,025.50","2,053.90","2,025.50","","1.06%"
"2015-12-14","2,021.90","2,013.40","2,022.90","1,993.30","","0.47%"
"2015-12-11","2,012.40","2,047.30","2,047.30","2,008.80","","-1.94%"
"2015-12-10","2,052.20","2,047.90","2,067.70","2,045.70","","0.22%"
"2015-12-09","2,047.60","2,061.20","2,080.30","2,036.50","","-0.78%"
"2015-12-08","2,063.60","2,073.40","2,073.80","2,052.30","","-0.65%"
"2015-12-07","2,077.10","2,090.40","2,090.40","2,066.80","","-0.70%"
"2015-12-04","2,091.70","2,051.20","2,093.80","2,051.20","","2.05%"
"2015-12-03","2,049.60","2,080.70","2,085.00","2,042.30","","-1.44%"
"2015-12-02","2,079.50","2,101.70","2,104.30","2,077.10","","-1.10%"
"2015-12-01","2,102.60","2,082.90","2,103.40","2,082.90","","1.07%"
"2015-11-30","2,080.40","2,090.90","2,093.80","2,080.40","","-0.46%"
"2015-11-27","2,090.10","2,088.80","2,093.30","2,084.10","","0.06%"
"2015-11-25","2,088.90","2,089.30","2,093.00","2,086.30","","-0.01%"
"2015-11-24","2,089.10","2,084.40","2,094.10","2,070.30","","0.12%"
"2015-11-23","2,086.60","2,089.40","2,095.60","2,081.40","","-0.12%"
"2015-11-20","2,089.20","2,082.80","2,097.10","2,082.80","","0.38%"
"2015-11-19","2,081.20","2,083.70","2,086.70","2,078.80","","-0.12%"
"2015-11-18","2,083.60","2,052.00","2,085.30","2,052.00","","1.62%"
"2015-11-17","2,050.40","2,053.70","2,066.70","2,045.90","","-0.14%"
"2015-11-16","2,053.20","2,022.10","2,053.20","2,019.40","","1.49%"
"2015-11-13","2,023.00","2,044.60","2,044.60","2,022.00","","-1.12%"
"2015-11-12","2,046.00","2,072.30","2,072.30","2,045.70","","-1.40%"
"2015-11-11","2,075.00","2,083.40","2,086.90","2,074.80","","-0.32%"
"2015-11-10","2,081.70","2,077.20","2,083.70","2,069.90","","0.15%"
"2015-11-09","2,078.60","2,096.60","2,096.60","2,068.20","","-0.98%"
"2015-11-06","2,099.20","2,098.60","2,101.90","2,083.70","","-0.03%"
"2015-11-05","2,099.90","2,101.70","2,108.80","2,090.40","","-0.11%"
"2015-11-04","2,102.30","2,110.60","2,114.60","2,097.00","","-0.36%"
"2015-11-03","2,109.80","2,102.60","2,116.50","2,097.50","","0.27%"
"2015-11-02","2,104.10","2,080.80","2,106.20","2,080.80","","1.19%"
"2015-10-30","2,079.40","2,090.00","2,094.30","2,079.30","","-0.48%"
"2015-10-29","2,089.40","2,088.30","2,092.50","2,082.60","","-0.04%"
"2015-10-28","2,090.30","2,066.50","2,090.30","2,063.10","","1.18%"
"2015-10-27","2,065.90","2,068.80","2,070.40","2,058.80","","-0.26%"
"2015-10-26","2,071.20","2,075.10","2,075.10","2,066.50","","-0.19%"
"2015-10-23","2,075.20","2,058.20","2,079.70","2,058.20","","1.11%"
"2015-10-22","2,052.50","2,021.90","2,055.20","2,021.90","","1.66%"
"2015-10-21","2,018.90","2,033.50","2,038.00","2,017.20","","-0.59%"
"2015-10-20","2,030.80","2,033.10","2,039.10","2,026.60","","-0.14%"
"2015-10-19","2,033.70","2,031.70","2,034.50","2,022.30","","0.03%"
"2015-10-16","2,033.10","2,024.40","2,033.50","2,020.50","","0.45%"
"2015-10-15","2,023.90","1,996.50","2,024.20","1,996.50","","1.49%"
"2015-10-14","1,994.20","2,003.70","2,009.60","1,990.70","","-0.47%"
"2015-10-13","2,003.70","2,015.00","2,022.30","2,001.80","","-0.68%"
"2015-10-12","2,017.50","2,015.70","2,018.70","2,010.50","","0.13%"
"2015-10-09","2,014.90","2,013.70","2,020.10","2,007.60","","0.07%"
"2015-10-08","2,013.40","1,994.00","2,016.50","1,987.50","","0.88%"
"2015-10-07","1,995.80","1,982.30","1,999.30","1,976.40","","0.80%"
"2015-10-06","1,979.90","1,986.60","1,991.60","1,972.00","","-0.36%"
"2015-10-05","1,987.00","1,954.30","1,989.20","1,954.30","","1.82%"
"2015-10-02","1,951.40","1,921.80","1,951.40","1,893.70","","1.43%"
"2015-10-01","1,923.80","1,919.70","1,927.20","1,900.70","","0.20%"
"2015-09-30","1,920.00","1,887.10","1,920.50","1,887.10","","1.91%"
"2015-09-29","1,884.10","1,881.90","1,899.50","1,871.90","","0.12%"
"2015-09-28","1,881.80","1,929.20","1,929.20","1,879.20","","-2.56%"
"2015-09-25","1,931.30","1,935.90","1,952.90","1,921.50","","-0.05%"
"2015-09-24","1,932.20","1,934.80","1,937.20","1,908.90","","-0.34%"
"2015-09-23","1,938.80","1,943.20","1,949.50","1,932.60","","-0.20%"
"2015-09-22","1,942.70","1,961.40","1,961.40","1,929.20","","-1.24%"
"2015-09-21","1,967.00","1,960.80","1,979.60","1,955.80","","0.46%"
"2015-09-18","1,958.00","1,989.70","1,989.70","1,953.50","","-1.62%"
"2015-09-17","1,990.20","1,995.30","2,020.90","1,986.70","","-0.26%"
"2015-09-16","1,995.30","1,978.00","1,997.30","1,977.90","","0.87%"
"2015-09-15","1,978.10","1,955.10","1,983.20","1,954.30","","1.29%"
"2015-09-14","1,953.00","1,963.10","1,963.10","1,948.30","","-0.41%"
"2015-09-11","1,961.00","1,951.50","1,961.00","1,939.20","","0.45%"
"2015-09-10","1,952.30","1,941.60","1,965.30","1,937.20","","0.53%"
"2015-09-09","1,942.00","1,971.50","1,988.60","1,937.90","","-1.39%"
"2015-09-08","1,969.40","1,927.30","1,970.40","1,927.30","","2.51%"
"2015-09-04","1,921.20","1,947.80","1,947.80","1,911.20","","-1.53%"
"2015-09-03","1,951.10","1,950.80","1,975.00","1,944.70","","0.11%"
"2015-09-02","1,948.90","1,916.50","1,948.90","1,916.50","","1.83%"
"2015-09-01","1,913.80","1,970.10","1,970.10","1,903.10","","-2.96%"
"2015-08-31","1,972.20","1,986.70","1,986.70","1,966.00","","-0.84%"
"2015-08-28","1,988.90","1,986.10","1,993.50","1,975.20","","0.06%"
"2015-08-27","1,987.70","1,942.80","1,989.60","1,942.80","","2.43%"
"2015-08-26","1,940.50","1,872.80","1,943.10","1,872.80","","3.90%"
"2015-08-25","1,867.60","1,898.10","1,948.00","1,867.10","","-1.35%"
"2015-08-24","1,893.20","1,965.20","1,965.20","1,867.00","","-3.94%"
"2015-08-21","1,970.90","2,034.10","2,034.10","1,970.90","","-3.18%"
"2015-08-20","2,035.70","2,076.60","2,076.60","2,035.70","","-2.11%"
"2015-08-19","2,079.60","2,095.70","2,096.20","2,070.50","","-0.83%"
"2015-08-18","2,096.90","2,102.00","2,103.50","2,094.10","","-0.26%"
"2015-08-17","2,102.40","2,089.70","2,102.90","2,079.30","","0.52%"
"2015-08-14","2,091.50","2,083.20","2,092.40","2,080.60","","0.39%"
"2015-08-13","2,083.40","2,086.20","2,092.90","2,078.30","","-0.13%"
"2015-08-12","2,086.10","2,081.10","2,089.10","2,052.10","","0.10%"
"2015-08-11","2,084.10","2,102.70","2,102.70","2,076.50","","-0.96%"
"2015-08-10","2,104.20","2,081.00","2,105.30","2,081.00","","1.28%"
"2015-08-07","2,077.60","2,082.60","2,082.60","2,067.90","","-0.29%"
"2015-08-06","2,083.60","2,100.80","2,103.30","2,075.50","","-0.77%"
"2015-08-05","2,099.80","2,095.30","2,112.70","2,095.30","","0.31%"
"2015-08-04","2,093.30","2,097.70","2,102.50","2,088.60","","-0.22%"
"2015-08-03","2,098.00","2,104.50","2,105.70","2,087.30","","-0.28%"
"2015-07-31","2,103.80","2,111.60","2,114.20","2,102.10","","-0.23%"
"2015-07-30","2,108.60","2,106.80","2,110.50","2,095.00","","0.00%"
"2015-07-29","2,108.60","2,094.70","2,110.60","2,094.10","","0.74%"
"2015-07-28","2,093.20","2,070.80","2,095.60","2,069.10","","1.24%"
"2015-07-27","2,067.60","2,078.20","2,078.20","2,063.50","","-0.58%"
"2015-07-24","2,079.70","2,102.20","2,106.00","2,077.10","","-1.07%"
"2015-07-23","2,102.20","2,114.20","2,116.90","2,098.60","","-0.57%"
"2015-07-22","2,114.20","2,118.20","2,118.50","2,110.00","","-0.24%"
"2015-07-21","2,119.20","2,127.60","2,128.50","2,115.40","","-0.43%"
"2015-07-20","2,128.30","2,126.80","2,132.80","2,123.70","","0.08%"
"2015-07-17","2,126.60","2,126.80","2,128.90","2,119.90","","0.11%"
"2015-07-16","2,124.30","2,110.60","2,124.40","2,110.60","","0.80%"
"2015-07-15","2,107.40","2,109.00","2,114.10","2,102.50","","-0.07%"
"2015-07-14","2,108.90","2,099.70","2,112.00","2,098.20","","0.44%"
"2015-07-13","2,099.60","2,080.00","2,100.70","2,080.00","","1.11%"
"2015-07-10","2,076.60","2,052.70","2,081.30","2,052.70","","1.23%"
"2015-07-09","2,051.30","2,049.70","2,074.30","2,049.70","","0.22%"
"2015-07-08","2,046.70","2,077.70","2,077.70","2,044.70","","-1.66%"
"2015-07-07","2,081.30","2,069.50","2,083.70","2,044.00","","0.60%"
"2015-07-06","2,068.80","2,073.90","2,078.60","2,058.40","","-0.39%"
"2015-07-02","2,076.80","2,078.00","2,085.10","2,071.00","","-0.03%"
"2015-07-01","2,077.40","2,067.00","2,082.80","2,067.00","","0.69%"
"2015-06-30","2,063.10","2,061.20","2,074.30","2,056.30","","0.27%"
"2015-06-29","2,057.60","2,098.60","2,098.60","2,056.60","","-2.09%"
"2015-06-26","2,101.50","2,102.60","2,108.90","2,095.40","","-0.04%"
"2015-06-25","2,102.30","2,110.00","2,116.00","2,101.80","","-0.30%"
"2015-06-24","2,108.60","2,123.70","2,125.10","2,108.60","","-0.73%"
"2015-06-23","2,124.20","2,123.20","2,128.00","2,119.90","","0.07%"
"2015-06-22","2,122.80","2,112.50","2,129.90","2,112.50","","0.61%"
"2015-06-19","2,110.00","2,121.10","2,121.60","2,109.40","","-0.53%"
"2015-06-18","2,121.20","2,101.60","2,126.70","2,101.60","","0.99%"
"2015-06-17","2,100.40","2,097.40","2,106.80","2,088.90","","0.20%"
"2015-06-16","2,096.30","2,084.30","2,097.40","2,082.10","","0.57%"
"2015-06-15","2,084.40","2,091.30","2,091.30","2,072.50","","-0.46%"
"2015-06-12","2,094.10","2,107.40","2,107.40","2,091.30","","-0.70%"
"2015-06-11","2,108.90","2,106.20","2,115.00","2,106.20","","0.18%"
"2015-06-10","2,105.20","2,081.10","2,108.50","2,081.10","","1.20%"
"2015-06-09","2,080.20","2,079.10","2,085.60","2,072.10","","0.04%"
"2015-06-08","2,079.30","2,092.30","2,093.00","2,079.10","","-0.65%"
"2015-06-05","2,092.80","2,095.10","2,101.00","2,085.70","","-0.14%"
"2015-06-04","2,095.80","2,112.30","2,112.90","2,093.20","","-0.87%"
"2015-06-03","2,114.10","2,110.60","2,121.90","2,109.60","","0.21%"
"2015-06-02","2,109.60","2,110.40","2,117.60","2,099.10","","-0.10%"
"2015-06-01","2,111.70","2,108.60","2,119.20","2,102.50","","0.20%"
"2015-05-29","2,107.40","2,120.70","2,120.70","2,104.90","","-0.63%"
"2015-05-28","2,120.80","2,122.30","2,122.30","2,112.90","","-0.13%"
"2015-05-27","2,123.50","2,105.10","2,126.20","2,105.10","","0.92%"
"2015-05-26","2,104.20","2,125.30","2,125.30","2,099.20","","-1.03%"
"2015-05-22","2,126.10","2,130.40","2,132.20","2,126.10","","-0.22%"
"2015-05-21","2,130.80","2,125.60","2,134.30","2,122.90","","0.24%"
"2015-05-20","2,125.80","2,127.80","2,134.70","2,122.60","","-0.09%"
"2015-05-19","2,127.80","2,129.40","2,133.00","2,124.50","","-0.07%"
"2015-05-18","2,129.20","2,121.30","2,131.80","2,120.00","","0.31%"
"2015-05-15","2,122.70","2,122.10","2,123.90","2,116.80","","0.08%"
"2015-05-14","2,121.10","2,100.40","2,121.40","2,100.40","","1.08%"
"2015-05-13","2,098.50","2,099.60","2,110.20","2,096.00","","-0.03%"
"2015-05-12","2,099.10","2,102.90","2,105.10","2,085.60","","-0.29%"
"2015-05-11","2,105.30","2,115.60","2,117.70","2,104.60","","-0.51%"
"2015-05-08","2,116.10","2,092.10","2,117.70","2,092.10","","1.35%"
"2015-05-07","2,088.00","2,080.00","2,092.90","2,075.00","","0.37%"
"2015-05-06","2,080.20","2,091.30","2,098.40","2,067.90","","-0.45%"
"2015-05-05","2,089.50","2,112.60","2,115.20","2,088.50","","-1.18%"
"2015-05-04","2,114.50","2,110.20","2,120.90","2,110.20","","0.29%"
"2015-05-01","2,108.30","2,087.40","2,108.40","2,087.40","","1.09%"
"2015-04-30","2,085.50","2,105.50","2,105.50","2,077.60","","-1.01%"
"2015-04-29","2,106.80","2,112.50","2,113.70","2,097.40","","-0.38%"
"2015-04-28","2,114.80","2,108.30","2,116.10","2,094.90","","0.28%"
"2015-04-27","2,108.90","2,119.30","2,125.90","2,107.00","","-0.42%"
"2015-04-24","2,117.70","2,112.80","2,120.90","2,112.80","","0.23%"
"2015-04-23","2,112.90","2,107.20","2,120.50","2,103.20","","0.23%"
"2015-04-22","2,108.00","2,098.30","2,110.00","2,091.10","","0.51%"
"2015-04-21","2,097.30","2,102.80","2,109.60","2,094.40","","-0.15%"
"2015-04-20","2,100.40","2,084.10","2,103.90","2,084.10","","0.92%"
"2015-04-17","2,081.20","2,102.60","2,102.60","2,072.40","","-1.13%"
"2015-04-16","2,105.00","2,106.00","2,111.30","2,100.00","","-0.08%"
"2015-04-15","2,106.60","2,097.80","2,111.90","2,097.80","","0.52%"
"2015-04-14","2,095.80","2,092.30","2,098.60","2,083.20","","0.16%"
"2015-04-13","2,092.40","2,102.00","2,107.70","2,092.30","","-0.46%"
"2015-04-10","2,102.10","2,091.50","2,102.60","2,091.50","","0.52%"
"2015-04-09","2,091.20","2,081.30","2,093.30","2,074.30","","0.45%"
"2015-04-08","2,081.90","2,076.90","2,086.70","2,073.30","","0.27%"
"2015-04-07","2,076.30","2,080.80","2,089.80","2,076.10","","-0.21%"
"2015-04-06","2,080.60","2,064.90","2,087.00","2,056.50","","0.66%"
"2015-04-02","2,067.00","2,060.00","2,072.20","2,057.30","","0.35%"
"2015-04-01","2,059.70","2,067.60","2,067.60","2,048.40","","-0.40%"
"2015-03-31","2,067.90","2,084.10","2,084.10","2,067.00","","-0.88%"
"2015-03-30","2,086.20","2,064.10","2,089.00","2,064.10","","1.22%"
"2015-03-27","2,061.00","2,055.80","2,062.80","2,053.00","","0.23%"
"2015-03-26","2,056.20","2,059.90","2,067.20","2,045.50","","-0.24%"
"2015-03-25","2,061.10","2,093.10","2,097.40","2,061.10","","-1.45%"
"2015-03-24","2,091.50","2,103.90","2,107.60","2,091.50","","-0.61%"
"2015-03-23","2,104.40","2,108.00","2,114.90","2,104.40","","-0.18%"
"2015-03-20","2,108.10","2,090.30","2,113.90","2,090.30","","0.90%"
"2015-03-19","2,089.30","2,098.70","2,098.70","2,085.60","","-0.49%"
"2015-03-18","2,099.50","2,072.80","2,106.80","2,061.20","","1.21%"
"2015-03-17","2,074.30","2,080.60","2,080.60","2,065.10","","-0.33%"
"2015-03-16","2,081.20","2,055.30","2,081.40","2,055.30","","1.35%"
"2015-03-13","2,053.40","2,064.60","2,064.60","2,041.20","","-0.61%"
"2015-03-12","2,065.90","2,041.10","2,066.40","2,041.10","","1.26%"
"2015-03-11","2,040.20","2,044.70","2,050.10","2,039.70","","-0.20%"
"2015-03-10","2,044.20","2,076.10","2,076.10","2,044.20","","-1.69%"
"2015-03-09","2,079.40","2,072.20","2,083.50","2,072.20","","0.39%"
"2015-03-06","2,071.30","2,100.90","2,100.90","2,067.30","","-1.41%"
"2015-03-05","2,101.00","2,098.50","2,104.20","2,095.20","","0.12%"
"2015-03-04","2,098.50","2,107.70","2,107.70","2,087.60","","-0.44%"
"2015-03-03","2,107.80","2,115.80","2,115.80","2,098.30","","-0.45%"
"2015-03-02","2,117.40","2,105.20","2,117.50","2,104.50","","0.61%"
"2015-02-27","2,104.50","2,110.90","2,112.70","2,103.80","","-0.29%"
"2015-02-26","2,110.70","2,113.90","2,113.90","2,103.80","","-0.15%"
"2015-02-25","2,113.90","2,115.30","2,119.60","2,109.90","","-0.08%"
"2015-02-24","2,115.50","2,109.10","2,117.90","2,105.90","","0.27%"
"2015-02-23","2,109.70","2,109.80","2,110.10","2,103.00","","-0.03%"
"2015-02-20","2,110.30","2,097.70","2,110.60","2,085.40","","0.62%"
"2015-02-19","2,097.40","2,099.20","2,102.10","2,090.80","","-0.11%"
"2015-02-18","2,099.70","2,099.20","2,100.20","2,092.20","","-0.03%"
"2015-02-17","2,100.30","2,096.50","2,101.30","2,089.80","","0.16%"
"2015-02-13","2,097.00","2,088.80","2,097.00","2,086.70","","0.41%"
"2015-02-12","2,088.50","2,070.00","2,088.50","2,070.00","","0.97%"
"2015-02-11","2,068.50","2,068.60","2,073.50","2,058.00","","0.00%"
"2015-02-10","2,068.60","2,049.40","2,070.90","2,048.60","","1.07%"
"2015-02-09","2,046.70","2,053.50","2,056.20","2,041.90","","-0.43%"
"2015-02-06","2,055.50","2,062.30","2,072.40","2,050.00","","-0.34%"
"2015-02-05","2,062.50","2,043.50","2,063.60","2,043.50","","1.03%"
"2015-02-04","2,041.50","2,048.90","2,054.70","2,036.70","","-0.41%"
"2015-02-03","2,050.00","2,022.70","2,050.30","2,022.70","","1.44%"
"2015-02-02","2,020.80","1,996.70","2,021.70","1,980.90","","1.29%"
"2015-01-30","1,995.00","2,019.30","2,023.30","1,993.40","","-1.30%"
"2015-01-29","2,021.20","2,002.50","2,024.60","1,989.20","","0.95%"
"2015-01-28","2,002.20","2,032.30","2,042.50","2,001.50","","-1.35%"
"2015-01-27","2,029.50","2,047.90","2,047.90","2,019.90","","-1.34%"
"2015-01-26","2,057.10","2,050.40","2,057.60","2,041.00","","0.26%"
"2015-01-23","2,051.80","2,063.00","2,063.00","2,050.50","","-0.55%"
"2015-01-22","2,063.20","2,034.30","2,064.60","2,026.40","","1.53%"
"2015-01-21","2,032.10","2,020.20","2,038.30","2,012.00","","0.47%"
"2015-01-20","2,022.50","2,020.80","2,028.90","2,004.50","","0.15%"
"2015-01-16","2,019.40","1,992.20","2,020.50","1,988.10","","1.34%"
"2015-01-15","1,992.70","2,013.80","2,021.30","1,991.50","","-0.92%"
"2015-01-14","2,011.30","2,018.40","2,018.40","1,988.40","","-0.58%"
"2015-01-13","2,023.00","2,031.60","2,056.90","2,008.20","","-0.26%"
"2015-01-12","2,028.30","2,046.10","2,049.30","2,022.60","","-0.81%"
"2015-01-09","2,044.80","2,063.40","2,064.40","2,038.30","","-0.84%"
"2015-01-08","2,062.10","2,030.60","2,064.10","2,030.60","","1.79%"
"2015-01-07","2,025.90","2,005.50","2,029.60","2,005.50","","1.16%"
"2015-01-06","2,002.60","2,022.20","2,030.20","1,992.40","","-0.89%"
"2015-01-05","2,020.60","2,054.40","2,054.40","2,017.30","","-1.83%"
"2015-01-02","2,058.20","2,058.90","2,072.40","2,046.00","","-0.03%"
"2014-12-31","2,058.90","2,082.10","2,085.60","2,057.90","","-1.03%"
"2014-12-30","2,080.30","2,088.50","2,088.50","2,079.50","","-0.49%"
"2014-12-29","2,090.60","2,087.60","2,093.60","2,085.80","","0.09%"
"2014-12-26","2,088.80","2,084.30","2,092.70","2,084.30","","0.33%"
"2014-12-24","2,081.90","2,083.20","2,087.60","2,081.90","","-0.01%"
"2014-12-23","2,082.20","2,081.50","2,086.70","2,079.80","","0.18%"
"2014-12-22","2,078.50","2,069.30","2,078.80","2,069.30","","0.38%"
"2014-12-19","2,070.70","2,061.00","2,077.80","2,061.00","","0.46%"
"2014-12-18","2,061.20","2,019.00","2,061.20","2,019.00","","2.40%"
"2014-12-17","2,012.90","1,973.80","2,016.80","1,973.80","","2.04%"
"2014-12-16","1,972.70","1,986.70","2,016.90","1,972.60","","-0.85%"
"2014-12-15","1,989.60","2,005.00","2,018.70","1,982.30","","-0.63%"
"2014-12-12","2,002.30","2,030.40","2,032.20","2,002.30","","-1.62%"
"2014-12-11","2,035.30","2,027.90","2,055.50","2,027.90","","0.45%"
"2014-12-10","2,026.10","2,058.90","2,058.90","2,024.30","","-1.64%"
"2014-12-09","2,059.80","2,056.60","2,060.60","2,034.20","","-0.02%"
"2014-12-08","2,060.30","2,074.80","2,075.80","2,054.30","","-0.73%"
"2014-12-05","2,075.40","2,072.80","2,079.50","2,070.80","","0.17%"
"2014-12-04","2,071.90","2,073.60","2,077.30","2,062.30","","-0.12%"
"2014-12-03","2,074.30","2,067.40","2,076.30","2,066.70","","0.37%"
"2014-12-02","2,066.60","2,053.80","2,068.80","2,053.80","","0.64%"
"2014-12-01","2,053.40","2,065.80","2,065.80","2,049.60","","-0.69%"
"2014-11-28","2,067.60","2,074.80","2,075.80","2,065.10","","-0.25%"
"2014-11-26","2,072.80","2,067.40","2,073.30","2,066.60","","0.28%"
"2014-11-25","2,067.00","2,070.20","2,074.20","2,064.80","","-0.12%"
"2014-11-24","2,069.40","2,065.10","2,070.20","2,065.10","","0.29%"
"2014-11-21","2,063.50","2,057.50","2,071.50","2,056.80","","0.52%"
"2014-11-20","2,052.80","2,045.90","2,053.80","2,040.50","","0.20%"
"2014-11-19","2,048.70","2,051.20","2,052.10","2,040.40","","-0.15%"
"2014-11-18","2,051.80","2,041.50","2,056.10","2,041.50","","0.51%"
"2014-11-17","2,041.30","2,038.30","2,043.10","2,034.50","","0.07%"
"2014-11-14","2,039.80","2,039.70","2,042.20","2,035.20","","0.02%"
"2014-11-13","2,039.30","2,039.20","2,046.20","2,030.40","","0.05%"
"2014-11-12","2,038.20","2,037.80","2,040.30","2,032.00","","-0.07%"
"2014-11-11","2,039.70","2,038.20","2,041.30","2,035.30","","0.07%"
"2014-11-10","2,038.30","2,032.00","2,038.70","2,030.20","","0.31%"
"2014-11-07","2,031.90","2,032.40","2,034.30","2,025.10","","0.03%"
"2014-11-06","2,031.20","2,023.30","2,031.60","2,015.90","","0.38%"
"2014-11-05","2,023.60","2,015.30","2,023.80","2,014.40","","0.57%"
"2014-11-04","2,012.10","2,015.80","2,016.00","2,001.00","","-0.28%"
"2014-11-03","2,017.80","2,018.20","2,024.50","2,013.70","","-0.01%"
"2014-10-31","2,018.00","2,001.20","2,018.20","2,001.20","","1.17%"
"2014-10-30","1,994.70","1,979.50","1,999.40","1,974.80","","0.63%"
"2014-10-29","1,982.30","1,983.30","1,991.40","1,969.00","","-0.14%"
"2014-10-28","1,985.00","1,964.10","1,985.00","1,964.10","","1.19%"
"2014-10-27","1,961.60","1,963.00","1,964.60","1,951.40","","-0.15%"
"2014-10-24","1,964.60","1,951.60","1,965.30","1,946.30","","0.71%"
"2014-10-23","1,950.80","1,931.00","1,962.00","1,931.00","","1.23%"
"2014-10-22","1,927.10","1,941.30","1,949.30","1,926.80","","-0.73%"
"2014-10-21","1,941.30","1,909.40","1,942.50","1,909.40","","1.96%"
"2014-10-20","1,904.00","1,885.60","1,905.00","1,882.30","","0.91%"
"2014-10-17","1,886.80","1,864.90","1,898.20","1,864.90","","1.29%"
"2014-10-16","1,862.80","1,856.00","1,876.00","1,835.00","","0.02%"
"2014-10-15","1,862.50","1,874.20","1,874.20","1,820.70","","-0.81%"
"2014-10-14","1,877.70","1,877.10","1,898.70","1,871.80","","0.16%"
"2014-10-13","1,874.70","1,905.70","1,912.10","1,874.10","","-1.65%"
"2014-10-10","1,906.10","1,925.60","1,937.00","1,906.00","","-1.15%"
"2014-10-09","1,928.20","1,967.70","1,967.70","1,927.60","","-2.07%"
"2014-10-08","1,968.90","1,935.50","1,970.40","1,925.20","","1.75%"
"2014-10-07","1,935.10","1,962.40","1,962.40","1,934.90","","-1.51%"
"2014-10-06","1,964.80","1,970.00","1,977.80","1,958.40","","-0.16%"
"2014-10-03","1,967.90","1,948.10","1,971.20","1,948.10","","1.11%"
"2014-10-02","1,946.20","1,945.80","1,952.30","1,926.00","","0.00%"
"2014-10-01","1,946.20","1,971.40","1,971.40","1,941.70","","-1.32%"
"2014-09-30","1,972.30","1,978.20","1,985.20","1,969.00","","-0.28%"
"2014-09-29","1,977.80","1,979.00","1,981.30","1,964.00","","-0.25%"
"2014-09-26","1,982.80","1,966.20","1,986.40","1,966.20","","0.85%"
"2014-09-25","1,966.00","1,997.30","1,997.30","1,966.00","","-1.62%"
"2014-09-24","1,998.30","1,983.30","1,999.80","1,978.60","","0.78%"
"2014-09-23","1,982.80","1,992.80","1,995.40","1,982.80","","-0.58%"
"2014-09-22","1,994.30","2,009.10","2,009.10","1,991.00","","-0.80%"
"2014-09-19","2,010.40","2,012.70","2,019.30","2,006.60","","-0.05%"
"2014-09-18","2,011.40","2,003.10","2,012.30","2,003.10","","0.49%"
"2014-09-17","2,001.60","1,999.30","2,010.70","1,993.30","","0.13%"
"2014-09-16","1,999.00","1,981.90","2,002.30","1,979.10","","0.75%"
"2014-09-15","1,984.10","1,986.00","1,987.20","1,978.50","","-0.07%"
"2014-09-12","1,985.50","1,996.70","1,996.70","1,980.30","","-0.60%"
"2014-09-11","1,997.50","1,992.80","1,997.70","1,985.90","","0.09%"
"2014-09-10","1,995.70","1,988.40","1,996.70","1,983.00","","0.37%"
"2014-09-09","1,988.40","2,000.70","2,001.00","1,984.60","","-0.65%"
"2014-09-08","2,001.50","2,007.20","2,007.20","1,995.60","","-0.31%"
"2014-09-05","2,007.70","1,998.00","2,007.70","1,990.10","","0.50%"
"2014-09-04","1,997.70","2,001.70","2,011.20","1,992.50","","-0.15%"
"2014-09-03","2,000.70","2,003.60","2,009.30","1,998.10","","-0.08%"
"2014-09-02","2,002.30","2,004.10","2,006.10","1,994.80","","-0.05%"
"2014-08-29","2,003.40","1,998.50","2,003.40","1,994.70","","0.34%"
"2014-08-28","1,996.70","1,997.40","1,998.50","1,990.50","","-0.17%"
"2014-08-27","2,000.10","2,000.50","2,002.10","1,996.20","","0.00%"
"2014-08-26","2,000.00","1,998.60","2,005.00","1,998.60","","0.11%"
"2014-08-25","1,997.90","1,991.70","2,002.00","1,991.70","","0.48%"
"2014-08-22","1,988.40","1,992.60","1,993.50","1,984.80","","-0.20%"
"2014-08-21","1,992.40","1,986.80","1,994.80","1,986.80","","0.30%"
"2014-08-20","1,986.50","1,980.50","1,988.60","1,977.70","","0.25%"
"2014-08-19","1,981.60","1,972.70","1,982.60","1,972.70","","0.50%"
"2014-08-18","1,971.70","1,958.40","1,972.00","1,958.40","","0.85%"
"2014-08-15","1,955.10","1,958.90","1,964.00","1,941.50","","-0.01%"
"2014-08-14","1,955.20","1,947.40","1,955.20","1,947.40","","0.44%"
"2014-08-13","1,946.70","1,935.60","1,948.40","1,935.60","","0.67%"
"2014-08-12","1,933.80","1,935.70","1,939.70","1,928.30","","-0.16%"
"2014-08-11","1,936.90","1,933.40","1,944.90","1,933.40","","0.27%"
"2014-08-08","1,931.60","1,910.30","1,932.40","1,909.00","","1.15%"
"2014-08-07","1,909.60","1,923.00","1,928.90","1,904.80","","-0.55%"
"2014-08-06","1,920.20","1,917.30","1,927.90","1,911.50","","0.00%"
"2014-08-05","1,920.20","1,936.30","1,936.30","1,913.80","","-0.97%"
"2014-08-04","1,939.00","1,926.60","1,942.90","1,921.20","","0.72%"
"2014-08-01","1,925.20","1,929.80","1,937.30","1,916.40","","-0.28%"
"2014-07-31","1,930.70","1,965.10","1,965.10","1,930.70","","-2.00%"
"2014-07-30","1,970.10","1,973.20","1,978.90","1,962.40","","0.01%"
"2014-07-29","1,970.00","1,980.00","1,984.80","1,970.00","","-0.45%"
"2014-07-28","1,978.90","1,978.20","1,981.50","1,967.30","","0.03%"
"2014-07-25","1,978.30","1,984.60","1,984.60","1,974.40","","-0.49%"
"2014-07-24","1,988.00","1,988.10","1,991.40","1,985.80","","0.05%"
"2014-07-23","1,987.00","1,985.30","1,989.20","1,982.40","","0.18%"
"2014-07-22","1,983.50","1,975.70","1,986.20","1,975.70","","0.50%"
"2014-07-21","1,973.60","1,976.90","1,976.90","1,965.80","","-0.23%"
"2014-07-18","1,978.20","1,961.50","1,979.90","1,960.80","","1.03%"
"2014-07-17","1,958.10","1,979.80","1,981.80","1,955.60","","-1.19%"
"2014-07-16","1,981.60","1,976.30","1,983.90","1,975.70","","0.42%"
"2014-07-15","1,973.30","1,977.40","1,982.50","1,965.30","","-0.19%"
"2014-07-14","1,977.10","1,969.90","1,979.80","1,969.90","","0.48%"
"2014-07-11","1,967.60","1,965.80","1,968.70","1,959.60","","0.15%"
"2014-07-10","1,964.70","1,966.70","1,969.80","1,952.90","","-0.41%"
"2014-07-09","1,972.80","1,965.10","1,974.20","1,965.10","","0.46%"
"2014-07-08","1,963.70","1,976.40","1,976.40","1,959.50","","-0.71%"
"2014-07-07","1,977.70","1,984.20","1,984.20","1,974.90","","-0.39%"
"2014-07-03","1,985.40","1,975.90","1,985.60","1,975.90","","0.55%"
"2014-07-02","1,974.60","1,973.10","1,976.70","1,972.60","","0.07%"
"2014-07-01","1,973.30","1,962.30","1,978.60","1,962.30","","0.67%"
"2014-06-30","1,960.20","1,960.80","1,964.20","1,958.20","","-0.04%"
"2014-06-27","1,961.00","1,956.60","1,961.50","1,952.20","","0.19%"
"2014-06-26","1,957.20","1,959.90","1,959.90","1,944.70","","-0.12%"
"2014-06-25","1,959.50","1,949.30","1,960.80","1,947.50","","0.49%"
"2014-06-24","1,950.00","1,962.00","1,968.20","1,948.30","","-0.64%"
"2014-06-23","1,962.60","1,962.90","1,963.70","1,958.90","","-0.02%"
"2014-06-20","1,962.90","1,960.50","1,963.90","1,959.20","","0.17%"
"2014-06-19","1,959.50","1,957.50","1,959.90","1,952.30","","0.13%"
"2014-06-18","1,957.00","1,942.70","1,957.70","1,939.30","","0.77%"
"2014-06-17","1,942.00","1,937.20","1,943.70","1,933.50","","0.22%"
"2014-06-16","1,937.80","1,934.80","1,941.20","1,930.90","","0.08%"
"2014-06-13","1,936.20","1,930.80","1,937.30","1,927.70","","0.32%"
"2014-06-12","1,930.10","1,943.30","1,943.30","1,925.80","","-0.71%"
"2014-06-11","1,943.90","1,949.40","1,949.40","1,940.10","","-0.35%"
"2014-06-10","1,950.80","1,950.30","1,950.90","1,944.60","","-0.03%"
"2014-06-09","1,951.30","1,949.00","1,955.50","1,947.20","","0.10%"
"2014-06-06","1,949.40","1,942.40","1,949.40","1,942.40","","0.46%"
"2014-06-05","1,940.50","1,928.50","1,941.70","1,922.90","","0.65%"
"2014-06-04","1,927.90","1,923.10","1,928.60","1,918.60","","0.19%"
"2014-06-03","1,924.20","1,923.10","1,925.10","1,918.80","","-0.04%"
"2014-06-02","1,925.00","1,923.90","1,925.90","1,916.00","","0.07%"
"2014-05-30","1,923.60","1,920.30","1,924.00","1,916.60","","0.19%"
"2014-05-29","1,920.00","1,910.60","1,920.00","1,909.80","","0.53%"
"2014-05-28","1,909.80","1,911.80","1,914.50","1,907.30","","-0.11%"
"2014-05-27","1,911.90","1,902.00","1,912.30","1,902.00","","0.60%"
"2014-05-23","1,900.50","1,893.30","1,901.30","1,893.30","","0.42%"
"2014-05-22","1,892.50","1,888.20","1,896.30","1,885.40","","0.24%"
"2014-05-21","1,888.00","1,873.30","1,888.80","1,873.30","","0.81%"
"2014-05-20","1,872.80","1,884.90","1,884.90","1,868.10","","-0.65%"
"2014-05-19","1,885.10","1,876.70","1,886.00","1,872.40","","0.38%"
"2014-05-16","1,877.90","1,871.20","1,878.30","1,864.80","","0.38%"
"2014-05-15","1,870.80","1,888.20","1,888.20","1,862.40","","-0.94%"
"2014-05-14","1,888.50","1,897.10","1,897.10","1,885.80","","-0.47%"
"2014-05-13","1,897.50","1,896.80","1,902.20","1,896.10","","0.04%"
"2014-05-12","1,896.70","1,880.00","1,897.10","1,880.00","","0.97%"
"2014-05-09","1,878.50","1,875.30","1,878.60","1,867.00","","0.15%"
"2014-05-08","1,875.60","1,877.40","1,889.10","1,870.00","","-0.14%"
"2014-05-07","1,878.20","1,868.50","1,878.80","1,859.80","","0.56%"
"2014-05-06","1,867.70","1,883.70","1,883.70","1,867.70","","-0.90%"
"2014-05-05","1,884.70","1,879.50","1,885.50","1,866.80","","0.19%"
"2014-05-02","1,881.10","1,885.30","1,891.30","1,878.50","","-0.14%"
"2014-05-01","1,883.70","1,884.40","1,888.60","1,878.00","","-0.02%"
"2014-04-30","1,884.00","1,877.10","1,885.20","1,872.70","","0.30%"
"2014-04-29","1,878.30","1,870.80","1,880.60","1,870.80","","0.48%"
"2014-04-28","1,869.40","1,865.00","1,877.00","1,850.60","","0.32%"
"2014-04-25","1,863.40","1,877.70","1,877.70","1,859.70","","-0.81%"
"2014-04-24","1,878.60","1,882.00","1,884.10","1,870.20","","0.17%"
"2014-04-23","1,875.40","1,879.30","1,879.80","1,873.90","","-0.22%"
"2014-04-22","1,879.50","1,872.60","1,884.90","1,872.60","","0.41%"
"2014-04-21","1,871.90","1,865.80","1,871.90","1,863.20","","0.38%"
"2014-04-17","1,864.80","1,861.70","1,869.60","1,856.70","","0.13%"
"2014-04-16","1,862.30","1,846.00","1,862.30","1,846.00","","1.05%"
"2014-04-15","1,843.00","1,831.50","1,844.00","1,816.30","","0.68%"
"2014-04-14","1,830.60","1,818.20","1,834.20","1,815.80","","0.82%"
"2014-04-11","1,815.70","1,830.70","1,835.10","1,814.40","","-0.95%"
"2014-04-10","1,833.10","1,872.30","1,872.50","1,830.90","","-2.09%"
"2014-04-09","1,872.20","1,852.60","1,872.40","1,852.40","","1.09%"
"2014-04-08","1,852.00","1,845.50","1,855.00","1,837.50","","0.38%"
"2014-04-07","1,845.00","1,863.90","1,864.00","1,841.50","","-1.08%"
"2014-04-04","1,865.10","1,890.20","1,897.30","1,863.30","","-1.25%"
"2014-04-03","1,888.80","1,891.40","1,893.80","1,882.70","","-0.11%"
"2014-04-02","1,890.90","1,886.60","1,893.20","1,883.80","","0.29%"
"2014-04-01","1,885.50","1,874.00","1,885.80","1,874.00","","0.71%"
"2014-03-31","1,872.30","1,859.20","1,875.20","1,859.20","","0.79%"
"2014-03-28","1,857.60","1,850.10","1,866.60","1,850.10","","0.47%"
"2014-03-27","1,849.00","1,852.10","1,855.50","1,842.10","","-0.19%"
"2014-03-26","1,852.60","1,867.10","1,875.90","1,852.60","","-0.70%"
"2014-03-25","1,865.60","1,859.50","1,871.90","1,856.00","","0.44%"
"2014-03-24","1,857.40","1,867.70","1,873.30","1,849.70","","-0.49%"
"2014-03-21","1,866.50","1,874.50","1,884.00","1,863.50","","-0.29%"
"2014-03-20","1,872.00","1,860.10","1,873.50","1,854.60","","0.60%"
"2014-03-19","1,860.80","1,872.20","1,874.10","1,850.30","","-0.61%"
"2014-03-18","1,872.20","1,858.90","1,873.80","1,858.90","","0.72%"
"2014-03-17","1,858.80","1,842.80","1,862.30","1,842.80","","0.96%"
"2014-03-14","1,841.10","1,845.10","1,852.40","1,839.60","","-0.28%"
"2014-03-13","1,846.30","1,869.10","1,874.40","1,841.90","","-1.17%"
"2014-03-12","1,868.20","1,866.20","1,868.40","1,854.40","","0.03%"
"2014-03-11","1,867.60","1,878.30","1,882.30","1,863.90","","-0.51%"
"2014-03-10","1,877.20","1,877.90","1,877.90","1,867.00","","-0.04%"
"2014-03-07","1,878.00","1,878.50","1,883.60","1,870.60","","0.05%"
"2014-03-06","1,877.00","1,874.20","1,881.90","1,874.20","","0.17%"
"2014-03-05","1,873.80","1,874.00","1,876.50","1,871.10","","-0.01%"
"2014-03-04","1,873.90","1,849.20","1,876.20","1,849.20","","1.53%"
"2014-03-03","1,845.70","1,857.70","1,857.70","1,834.40","","-0.74%"
"2014-02-28","1,859.50","1,855.10","1,867.90","1,847.70","","0.28%"
"2014-02-27","1,854.30","1,844.90","1,854.50","1,841.10","","0.49%"
"2014-02-26","1,845.20","1,845.80","1,852.70","1,840.70","","0.01%"
"2014-02-25","1,845.10","1,847.70","1,852.90","1,840.20","","-0.14%"
"2014-02-24","1,847.60","1,836.80","1,858.70","1,836.80","","0.62%"
"2014-02-21","1,836.20","1,841.10","1,846.10","1,835.60","","-0.20%"
"2014-02-20","1,839.80","1,829.20","1,842.80","1,824.60","","0.60%"
"2014-02-19","1,828.80","1,838.90","1,847.50","1,827.00","","-0.65%"
"2014-02-18","1,840.80","1,839.00","1,842.90","1,835.00","","0.12%"
"2014-02-14","1,838.60","1,828.50","1,841.70","1,825.60","","0.48%"
"2014-02-13","1,829.80","1,814.80","1,830.20","1,809.20","","0.58%"
"2014-02-12","1,819.30","1,820.10","1,826.50","1,816.00","","-0.03%"
"2014-02-11","1,819.80","1,800.50","1,823.50","1,800.40","","1.11%"
"2014-02-10","1,799.80","1,796.20","1,799.90","1,791.80","","0.16%"
"2014-02-07","1,797.00","1,776.00","1,798.00","1,776.00","","1.33%"
"2014-02-06","1,773.40","1,753.00","1,774.10","1,753.00","","1.24%"
"2014-02-05","1,751.60","1,753.40","1,755.80","1,737.90","","-0.21%"
"2014-02-04","1,755.20","1,743.80","1,758.70","1,743.80","","0.76%"
"2014-02-03","1,741.90","1,782.70","1,784.80","1,739.70","","-2.28%"
"2014-01-31","1,782.60","1,790.90","1,793.90","1,772.30","","-0.65%"
"2014-01-30","1,794.20","1,777.20","1,798.80","1,777.20","","1.13%"
"2014-01-29","1,774.20","1,790.20","1,790.20","1,770.50","","-1.02%"
"2014-01-28","1,792.50","1,783.00","1,793.90","1,779.50","","0.61%"
"2014-01-27","1,781.60","1,791.00","1,796.00","1,772.90","","-0.49%"
"2014-01-24","1,790.30","1,827.00","1,827.00","1,790.30","","-2.09%"
"2014-01-23","1,828.50","1,842.30","1,842.30","1,820.10","","-0.89%"
"2014-01-22","1,844.90","1,844.70","1,846.90","1,840.90","","0.06%"
"2014-01-21","1,843.80","1,841.00","1,849.30","1,832.40","","0.28%"
"2014-01-17","1,838.70","1,844.20","1,846.00","1,835.20","","-0.39%"
"2014-01-16","1,845.90","1,848.00","1,848.00","1,840.30","","-0.14%"
"2014-01-15","1,848.40","1,840.50","1,850.80","1,840.50","","0.52%"
"2014-01-14","1,838.90","1,821.40","1,839.30","1,821.40","","1.08%"
"2014-01-13","1,819.20","1,841.30","1,843.50","1,815.50","","-1.26%"
"2014-01-10","1,842.40","1,840.10","1,843.20","1,832.40","","0.23%"
"2014-01-09","1,838.10","1,839.00","1,843.20","1,830.40","","0.03%"
"2014-01-08","1,837.50","1,837.90","1,840.00","1,831.40","","-0.02%"
"2014-01-07","1,837.90","1,828.70","1,840.10","1,828.70","","0.61%"
"2014-01-06","1,826.80","1,832.30","1,837.20","1,823.70","","-0.25%"
"2014-01-03","1,831.40","1,833.20","1,838.20","1,829.10","","-0.03%"
"2014-01-02","1,832.00","1,845.90","1,845.90","1,827.70","","-0.89%"
"2013-12-31","1,848.40","1,842.60","1,849.40","1,842.40","","0.40%"
"2013-12-30","1,841.10","1,841.50","1,842.50","1,838.80","","-0.02%"
"2013-12-27","1,841.40","1,843.00","1,844.90","1,839.80","","-0.03%"
"2013-12-26","1,842.00","1,835.00","1,842.80","1,835.00","","0.47%"
"2013-12-24","1,833.30","1,828.00","1,833.30","1,828.00","","0.29%"
"2013-12-23","1,828.00","1,822.90","1,829.80","1,822.90","","0.53%"
"2013-12-20","1,818.30","1,810.40","1,823.80","1,810.20","","0.48%"
"2013-12-19","1,809.60","1,809.00","1,810.90","1,801.30","","-0.06%"
"2013-12-18","1,810.70","1,781.50","1,811.10","1,768.00","","1.67%"
"2013-12-17","1,781.00","1,786.50","1,786.80","1,777.00","","-0.31%"
"2013-12-16","1,786.50","1,777.50","1,792.20","1,777.50","","0.63%"
"2013-12-13","1,775.30","1,778.00","1,780.90","1,772.50","","-0.01%"
"2013-12-12","1,775.50","1,781.70","1,783.00","1,772.30","","-0.38%"
"2013-12-11","1,782.20","1,802.80","1,803.00","1,780.10","","-1.13%"
"2013-12-10","1,802.60","1,807.60","1,808.50","1,801.80","","-0.32%"
"2013-12-09","1,808.40","1,806.20","1,811.50","1,806.20","","0.18%"
"2013-12-06","1,805.10","1,788.40","1,806.00","1,788.40","","1.13%"
"2013-12-05","1,785.00","1,792.80","1,792.80","1,783.40","","-0.44%"
"2013-12-04","1,792.80","1,793.20","1,799.80","1,779.10","","-0.13%"
"2013-12-03","1,795.20","1,800.10","1,800.10","1,787.80","","-0.32%"
"2013-12-02","1,800.90","1,806.50","1,810.00","1,798.60","","-0.27%"
"2013-11-29","1,805.80","1,808.70","1,813.50","1,804.00","","-0.08%"
"2013-11-27","1,807.20","1,803.50","1,808.30","1,802.80","","0.24%"
"2013-11-26","1,802.80","1,802.90","1,808.40","1,800.80","","0.02%"
"2013-11-25","1,802.50","1,806.30","1,808.10","1,800.60","","-0.13%"
"2013-11-22","1,804.80","1,797.20","1,804.80","1,794.70","","0.50%"
"2013-11-21","1,795.80","1,783.50","1,797.20","1,783.50","","0.81%"
"2013-11-20","1,781.40","1,789.60","1,795.70","1,777.20","","-0.36%"
"2013-11-19","1,787.90","1,790.80","1,795.50","1,784.70","","-0.20%"
"2013-11-18","1,791.50","1,798.80","1,802.30","1,788.00","","-0.37%"
"2013-11-15","1,798.20","1,790.70","1,798.20","1,790.70","","0.42%"
"2013-11-14","1,790.60","1,782.80","1,791.50","1,780.20","","0.48%"
"2013-11-13","1,782.00","1,764.40","1,782.00","1,760.60","","0.81%"
"2013-11-12","1,767.70","1,769.50","1,771.80","1,762.30","","-0.24%"
"2013-11-11","1,771.90","1,770.00","1,773.40","1,767.80","","0.07%"
"2013-11-08","1,770.60","1,748.40","1,770.80","1,747.60","","1.34%"
"2013-11-07","1,747.20","1,770.70","1,774.50","1,746.20","","-1.32%"
"2013-11-06","1,770.50","1,765.00","1,773.70","1,764.40","","0.43%"
"2013-11-05","1,763.00","1,765.70","1,767.00","1,755.80","","-0.28%"
"2013-11-04","1,767.90","1,763.40","1,768.80","1,761.60","","0.36%"
"2013-11-01","1,761.60","1,758.70","1,765.70","1,752.70","","0.29%"
"2013-10-31","1,756.50","1,763.20","1,768.50","1,755.70","","-0.39%"
"2013-10-30","1,763.30","1,772.30","1,775.20","1,757.20","","-0.49%"
"2013-10-29","1,772.00","1,762.90","1,772.10","1,762.90","","0.56%"
"2013-10-28","1,762.10","1,759.40","1,765.00","1,757.70","","0.13%"
"2013-10-25","1,759.80","1,756.00","1,759.80","1,752.50","","0.44%"
"2013-10-24","1,752.10","1,747.50","1,753.90","1,745.50","","0.33%"
"2013-10-23","1,746.40","1,752.30","1,752.30","1,740.50","","-0.47%"
"2013-10-22","1,754.70","1,746.50","1,759.30","1,746.50","","0.57%"
"2013-10-21","1,744.70","1,745.20","1,747.80","1,740.70","","0.01%"
"2013-10-18","1,744.50","1,736.70","1,745.30","1,735.70","","0.65%"
"2013-10-17","1,733.20","1,720.20","1,733.50","1,714.10","","0.68%"
"2013-10-16","1,721.50","1,700.50","1,721.80","1,700.50","","1.38%"
"2013-10-15","1,698.10","1,709.20","1,711.60","1,695.90","","-0.70%"
"2013-10-14","1,710.10","1,699.90","1,711.00","1,692.10","","0.41%"
"2013-10-11","1,703.20","1,691.10","1,703.40","1,688.50","","0.63%"
"2013-10-10","1,692.60","1,660.90","1,692.60","1,660.90","","2.19%"
"2013-10-09","1,656.40","1,657.00","1,662.50","1,646.50","","0.05%"
"2013-10-08","1,655.50","1,676.20","1,676.80","1,655.00","","-1.23%"
"2013-10-07","1,676.10","1,687.20","1,687.20","1,674.70","","-0.85%"
"2013-10-04","1,690.50","1,678.80","1,691.90","1,677.30","","0.70%"
"2013-10-03","1,678.70","1,692.30","1,692.30","1,670.40","","-0.90%"
"2013-10-02","1,693.90","1,691.90","1,693.90","1,680.30","","-0.06%"
"2013-10-01","1,695.00","1,682.40","1,696.50","1,682.10","","0.80%"
"2013-09-30","1,681.50","1,687.30","1,687.30","1,675.00","","-0.61%"
"2013-09-27","1,691.80","1,695.50","1,695.50","1,687.10","","-0.41%"
"2013-09-26","1,698.70","1,694.00","1,703.80","1,693.10","","0.35%"
"2013-09-25","1,692.80","1,698.00","1,701.70","1,691.90","","-0.27%"
"2013-09-24","1,697.40","1,702.60","1,707.60","1,694.90","","-0.26%"
"2013-09-23","1,701.80","1,711.40","1,711.40","1,697.10","","-0.47%"
"2013-09-20","1,709.90","1,722.40","1,725.20","1,708.90","","-0.72%"
"2013-09-19","1,722.30","1,727.30","1,729.90","1,720.20","","-0.19%"
"2013-09-18","1,725.50","1,705.70","1,729.40","1,700.30","","1.21%"
"2013-09-17","1,704.80","1,697.70","1,705.50","1,697.70","","0.42%"
"2013-09-16","1,697.60","1,691.70","1,705.00","1,691.70","","0.57%"
"2013-09-13","1,688.00","1,685.00","1,688.70","1,682.20","","0.27%"
"2013-09-12","1,683.40","1,689.20","1,690.00","1,682.00","","-0.34%"
"2013-09-11","1,689.10","1,681.00","1,689.10","1,678.70","","0.30%"
"2013-09-10","1,684.00","1,674.30","1,684.10","1,674.30","","0.74%"
"2013-09-09","1,671.70","1,656.80","1,672.40","1,656.80","","1.00%"
"2013-09-06","1,655.20","1,657.40","1,664.80","1,640.60","","0.01%"
"2013-09-05","1,655.10","1,653.30","1,659.20","1,653.10","","0.12%"
"2013-09-04","1,653.10","1,640.70","1,655.70","1,637.40","","0.81%"
"2013-09-03","1,639.80","1,636.00","1,651.30","1,633.40","","0.42%"
"2013-08-30","1,633.00","1,638.90","1,640.10","1,628.00","","-0.32%"
"2013-08-29","1,638.20","1,633.50","1,646.40","1,630.90","","0.20%"
"2013-08-28","1,635.00","1,630.20","1,641.20","1,627.50","","0.28%"
"2013-08-27","1,630.50","1,652.50","1,652.50","1,629.00","","-1.59%"
"2013-08-26","1,656.80","1,664.30","1,669.50","1,656.00","","-0.40%"
"2013-08-23","1,663.50","1,659.90","1,664.80","1,654.80","","0.39%"
"2013-08-22","1,657.00","1,645.00","1,659.50","1,645.00","","0.86%"
"2013-08-21","1,642.80","1,650.70","1,657.00","1,639.40","","-0.57%"
"2013-08-20","1,652.30","1,646.80","1,658.90","1,646.10","","0.38%"
"2013-08-19","1,646.10","1,655.20","1,659.20","1,645.80","","-0.59%"
"2013-08-16","1,655.80","1,661.20","1,663.60","1,652.60","","-0.33%"
"2013-08-15","1,661.30","1,679.60","1,679.60","1,658.60","","-1.43%"
"2013-08-14","1,685.40","1,693.90","1,695.50","1,684.80","","-0.52%"
"2013-08-13","1,694.20","1,690.70","1,696.80","1,682.60","","0.28%"
"2013-08-12","1,689.50","1,688.40","1,691.50","1,683.30","","-0.11%"
"2013-08-09","1,691.40","1,696.10","1,699.40","1,686.00","","-0.36%"
"2013-08-08","1,697.50","1,693.30","1,700.20","1,688.40","","0.39%"
"2013-08-07","1,690.90","1,695.30","1,695.30","1,684.90","","-0.38%"
"2013-08-06","1,697.40","1,705.80","1,705.80","1,693.30","","-0.57%"
"2013-08-05","1,707.10","1,708.00","1,709.20","1,703.50","","-0.15%"
"2013-08-02","1,709.70","1,706.10","1,709.70","1,700.70","","0.16%"
"2013-08-01","1,706.90","1,689.40","1,707.80","1,689.40","","1.26%"
"2013-07-31","1,685.70","1,687.80","1,698.40","1,684.90","","-0.02%"
"2013-07-30","1,686.00","1,687.90","1,693.20","1,682.40","","0.04%"
"2013-07-29","1,685.30","1,690.30","1,690.90","1,681.90","","-0.38%"
"2013-07-26","1,691.70","1,687.30","1,691.80","1,676.00","","0.09%"
"2013-07-25","1,690.20","1,685.20","1,690.90","1,680.10","","0.26%"
"2013-07-24","1,685.90","1,696.10","1,698.40","1,682.60","","-0.38%"
"2013-07-23","1,692.40","1,696.60","1,698.80","1,691.10","","-0.18%"
"2013-07-22","1,695.50","1,694.40","1,697.60","1,690.70","","0.20%"
"2013-07-19","1,692.10","1,686.20","1,692.10","1,684.10","","0.16%"
"2013-07-18","1,689.40","1,681.00","1,693.10","1,681.00","","0.51%"
"2013-07-17","1,680.90","1,677.90","1,684.80","1,677.90","","0.27%"
"2013-07-16","1,676.30","1,682.70","1,683.70","1,671.80","","-0.37%"
"2013-07-15","1,682.50","1,679.60","1,684.50","1,677.90","","0.14%"
"2013-07-12","1,680.20","1,675.30","1,680.20","1,672.30","","0.31%"
"2013-07-11","1,675.00","1,657.40","1,676.60","1,657.40","","1.36%"
"2013-07-10","1,652.60","1,651.60","1,657.90","1,647.70","","0.02%"
"2013-07-09","1,652.30","1,642.90","1,654.20","1,642.90","","0.72%"
"2013-07-08","1,640.50","1,634.20","1,644.70","1,634.20","","0.53%"
"2013-07-05","1,631.90","1,618.70","1,632.10","1,614.70","","1.02%"
"2013-07-03","1,615.40","1,611.50","1,619.00","1,604.60","","0.08%"
"2013-07-02","1,614.10","1,614.30","1,624.30","1,606.80","","-0.06%"
"2013-07-01","1,615.00","1,609.80","1,626.60","1,609.80","","0.54%"
"2013-06-28","1,606.30","1,611.10","1,615.90","1,601.10","","-0.43%"
"2013-06-27","1,613.20","1,606.40","1,620.10","1,606.40","","0.62%"
"2013-06-26","1,603.30","1,592.30","1,606.80","1,592.30","","0.96%"
"2013-06-25","1,588.00","1,577.50","1,593.80","1,577.10","","0.95%"
"2013-06-24","1,573.10","1,588.80","1,588.80","1,560.30","","-1.21%"
"2013-06-21","1,592.40","1,588.60","1,599.20","1,577.70","","0.26%"
"2013-06-20","1,588.20","1,624.60","1,624.60","1,584.30","","-2.50%"
"2013-06-19","1,628.90","1,651.80","1,652.50","1,628.90","","-1.39%"
"2013-06-18","1,651.80","1,639.80","1,654.20","1,639.80","","0.78%"
"2013-06-17","1,639.00","1,630.60","1,646.50","1,630.30","","0.76%"
"2013-06-14","1,626.70","1,635.50","1,640.80","1,624.00","","-0.59%"
"2013-06-13","1,636.40","1,612.20","1,639.20","1,608.10","","1.48%"
"2013-06-12","1,612.50","1,629.90","1,637.70","1,610.90","","-0.84%"
"2013-06-11","1,626.10","1,638.60","1,640.10","1,622.90","","-1.02%"
"2013-06-10","1,642.80","1,644.70","1,648.70","1,639.30","","-0.04%"
"2013-06-07","1,643.40","1,625.30","1,644.40","1,625.30","","1.28%"
"2013-06-06","1,622.60","1,609.30","1,622.60","1,598.20","","0.85%"
"2013-06-05","1,608.90","1,629.00","1,629.30","1,607.10","","-1.38%"
"2013-06-04","1,631.40","1,640.70","1,646.50","1,623.60","","-0.55%"
"2013-06-03","1,640.40","1,631.70","1,640.40","1,622.70","","0.59%"
"2013-05-31","1,630.70","1,652.10","1,659.00","1,630.70","","-1.43%"
"2013-05-30","1,654.40","1,649.10","1,661.90","1,648.60","","0.36%"
"2013-05-29","1,648.40","1,656.60","1,656.60","1,640.00","","-0.70%"
"2013-05-28","1,660.10","1,652.60","1,674.20","1,652.60","","0.64%"
"2013-05-24","1,649.60","1,646.70","1,649.80","1,636.90","","-0.05%"
"2013-05-23","1,650.50","1,651.60","1,655.50","1,635.50","","-0.29%"
"2013-05-22","1,655.30","1,669.40","1,687.20","1,648.90","","-0.83%"
"2013-05-21","1,669.20","1,666.20","1,674.90","1,662.70","","0.17%"
"2013-05-20","1,666.30","1,665.70","1,672.80","1,663.50","","-0.07%"
"2013-05-17","1,667.50","1,652.50","1,667.50","1,652.50","","1.03%"
"2013-05-16","1,650.50","1,658.10","1,660.50","1,648.60","","-0.50%"
"2013-05-15","1,658.80","1,649.10","1,661.50","1,646.70","","0.52%"
"2013-05-14","1,650.30","1,633.80","1,651.10","1,633.80","","1.01%"
"2013-05-13","1,633.80","1,632.10","1,636.00","1,626.70","","0.01%"
"2013-05-10","1,633.70","1,626.70","1,633.70","1,623.70","","0.43%"
"2013-05-09","1,626.70","1,632.70","1,635.00","1,623.10","","-0.37%"
"2013-05-08","1,632.70","1,626.00","1,632.80","1,622.70","","0.41%"
"2013-05-07","1,626.00","1,617.50","1,626.00","1,616.60","","0.53%"
"2013-05-06","1,617.50","1,614.40","1,619.80","1,614.20","","0.19%"
"2013-05-03","1,614.40","1,597.60","1,618.50","1,597.60","","1.05%"
"2013-05-02","1,597.60","1,582.80","1,598.60","1,582.80","","0.94%"
"2013-05-01","1,582.70","1,597.50","1,597.50","1,581.30","","-0.93%"
"2013-04-30","1,597.60","1,593.60","1,597.60","1,586.50","","0.25%"
"2013-04-29","1,593.60","1,582.30","1,596.70","1,582.30","","0.72%"
"2013-04-26","1,582.20","1,585.20","1,585.80","1,577.60","","-0.19%"
"2013-04-25","1,585.20","1,578.90","1,592.60","1,578.90","","0.41%"
"2013-04-24","1,578.80","1,578.80","1,583.00","1,575.80","","0.00%"
"2013-04-23","1,578.80","1,562.50","1,579.60","1,562.50","","1.04%"
"2013-04-22","1,562.50","1,555.20","1,565.50","1,548.20","","0.47%"
"2013-04-19","1,555.20","1,541.60","1,555.90","1,539.40","","0.88%"
"2013-04-18","1,541.60","1,552.00","1,554.40","1,536.00","","-0.67%"
"2013-04-17","1,552.00","1,574.60","1,574.60","1,543.70","","-1.44%"
"2013-04-16","1,574.60","1,552.40","1,575.30","1,552.40","","1.43%"
"2013-04-15","1,552.40","1,588.80","1,588.80","1,552.30","","-2.29%"
"2013-04-12","1,588.80","1,593.30","1,593.30","1,580.00","","-0.29%"
"2013-04-11","1,593.40","1,587.70","1,597.30","1,586.20","","0.36%"
"2013-04-10","1,587.70","1,568.60","1,589.10","1,568.60","","1.22%"
"2013-04-09","1,568.60","1,563.10","1,573.90","1,560.90","","0.35%"
"2013-04-08","1,563.10","1,553.30","1,563.10","1,548.60","","0.63%"
"2013-04-05","1,553.30","1,560.00","1,560.00","1,539.50","","-0.43%"
"2013-04-04","1,560.00","1,553.70","1,562.60","1,552.50","","0.41%"
"2013-04-03","1,553.70","1,570.20","1,571.50","1,549.80","","-1.05%"
"2013-04-02","1,570.20","1,562.20","1,573.70","1,562.20","","0.51%"
"2013-04-01","1,562.20","1,569.20","1,570.60","1,558.50","","-0.45%"
"2013-03-28","1,569.20","1,562.90","1,570.30","1,561.10","","0.41%"
"2013-03-27","1,562.80","1,563.80","1,564.10","1,551.90","","-0.06%"
"2013-03-26","1,563.80","1,551.70","1,564.00","1,551.70","","0.78%"
"2013-03-25","1,551.70","1,556.90","1,564.90","1,546.20","","-0.33%"
"2013-03-22","1,556.90","1,545.90","1,557.70","1,545.90","","0.72%"
"2013-03-21","1,545.80","1,558.70","1,558.70","1,543.50","","-0.83%"
"2013-03-20","1,558.70","1,548.30","1,561.60","1,548.30","","0.67%"
"2013-03-19","1,548.30","1,552.10","1,557.20","1,538.60","","-0.24%"
"2013-03-18","1,552.10","1,560.70","1,560.70","1,545.10","","-0.55%"
"2013-03-15","1,560.70","1,563.20","1,563.60","1,555.70","","-0.16%"
"2013-03-14","1,563.20","1,554.50","1,563.30","1,554.50","","0.56%"
"2013-03-13","1,554.50","1,552.50","1,556.40","1,548.20","","0.13%"
"2013-03-12","1,552.50","1,556.20","1,556.80","1,548.20","","-0.24%"
"2013-03-11","1,556.20","1,551.20","1,556.30","1,547.40","","0.32%"
"2013-03-08","1,551.20","1,544.30","1,552.50","1,542.90","","0.45%"
"2013-03-07","1,544.30","1,541.50","1,545.80","1,541.50","","0.18%"
"2013-03-06","1,541.50","1,539.80","1,545.20","1,538.10","","0.11%"
"2013-03-05","1,539.80","1,525.20","1,543.50","1,525.20","","0.96%"
"2013-03-04","1,525.20","1,518.20","1,525.30","1,512.30","","0.46%"
"2013-03-01","1,518.20","1,514.70","1,520.00","1,501.50","","0.23%"
"2013-02-28","1,514.70","1,516.00","1,525.30","1,514.50","","-0.09%"
"2013-02-27","1,516.00","1,496.90","1,520.10","1,494.90","","1.28%"
"2013-02-26","1,496.90","1,487.80","1,499.00","1,485.00","","0.61%"
"2013-02-25","1,487.80","1,515.60","1,525.80","1,487.80","","-1.83%"
"2013-02-22","1,515.60","1,502.40","1,515.60","1,502.40","","0.88%"
"2013-02-21","1,502.40","1,512.00","1,512.00","1,497.30","","-0.63%"
"2013-02-20","1,512.00","1,530.90","1,530.90","1,511.40","","-1.23%"
"2013-02-19","1,530.90","1,519.80","1,530.90","1,519.80","","0.73%"
"2013-02-15","1,519.80","1,521.40","1,524.20","1,514.10","","-0.11%"
"2013-02-14","1,521.40","1,520.30","1,523.10","1,514.00","","0.07%"
"2013-02-13","1,520.30","1,519.40","1,524.70","1,515.90","","0.06%"
"2013-02-12","1,519.40","1,517.00","1,522.30","1,515.60","","0.16%"
"2013-02-11","1,517.00","1,517.90","1,518.30","1,513.60","","-0.06%"
"2013-02-08","1,517.90","1,509.40","1,518.30","1,509.40","","0.56%"
"2013-02-07","1,509.40","1,512.10","1,512.90","1,498.50","","-0.18%"
"2013-02-06","1,512.10","1,511.30","1,512.50","1,504.70","","0.05%"
"2013-02-05","1,511.30","1,495.70","1,515.00","1,495.70","","1.04%"
"2013-02-04","1,495.70","1,513.20","1,513.20","1,495.00","","-1.16%"
"2013-02-01","1,513.20","1,498.10","1,514.40","1,498.10","","1.01%"
"2013-01-31","1,498.10","1,502.00","1,504.20","1,496.80","","-0.26%"
"2013-01-30","1,502.00","1,507.80","1,509.90","1,500.10","","-0.38%"
"2013-01-29","1,507.80","1,500.20","1,509.30","1,498.10","","0.51%"
"2013-01-28","1,500.20","1,503.00","1,503.20","1,496.30","","-0.19%"
"2013-01-25","1,503.00","1,494.80","1,503.30","1,494.80","","0.55%"
"2013-01-24","1,494.80","1,494.80","1,502.30","1,489.50","","0.00%"
"2013-01-23","1,494.80","1,492.60","1,496.10","1,489.90","","0.15%"
"2013-01-22","1,492.60","1,486.00","1,492.60","1,481.20","","0.44%"
"2013-01-18","1,486.00","1,481.00","1,486.00","1,475.80","","0.34%"
"2013-01-17","1,480.90","1,472.60","1,485.20","1,472.60","","0.56%"
"2013-01-16","1,472.60","1,472.30","1,474.00","1,467.60","","0.02%"
"2013-01-15","1,472.30","1,470.70","1,473.30","1,463.80","","0.11%"
"2013-01-14","1,470.70","1,472.00","1,472.00","1,465.70","","-0.09%"
"2013-01-11","1,472.00","1,472.10","1,472.80","1,467.60","","-0.01%"
"2013-01-10","1,472.10","1,464.60","1,472.30","1,461.00","","0.76%"
"2013-01-09","1,461.00","1,457.20","1,464.70","1,457.20","","0.26%"
"2013-01-08","1,457.20","1,461.90","1,461.90","1,451.60","","-0.32%"
"2013-01-07","1,461.90","1,466.50","1,466.50","1,456.60","","-0.31%"
"2013-01-04","1,466.50","1,459.40","1,467.90","1,459.00","","0.49%"
"2013-01-03","1,459.40","1,462.40","1,465.50","1,455.50","","-0.21%"
"2013-01-02","1,462.40","1,426.20","1,462.40","1,426.20","","2.54%"
"2012-12-31","1,426.20","1,402.40","1,426.70","1,398.10","","1.70%"
"2012-12-28","1,402.40","1,418.10","1,418.10","1,401.60","","-1.11%"
"2012-12-27","1,418.10","1,419.80","1,422.80","1,401.80","","-0.12%"
"2012-12-26","1,419.80","1,426.70","1,429.40","1,416.40","","-0.48%"
"2012-12-24","1,426.70","1,430.20","1,430.20","1,424.70","","-0.24%"
"2012-12-21","1,430.20","1,443.70","1,443.70","1,422.60","","-0.94%"
"2012-12-20","1,443.70","1,435.80","1,443.70","1,432.80","","0.55%"
"2012-12-19","1,435.80","1,446.80","1,447.80","1,435.80","","-0.76%"
"2012-12-18","1,446.80","1,430.50","1,448.00","1,430.50","","1.15%"
"2012-12-17","1,430.40","1,413.50","1,430.70","1,413.50","","1.19%"
"2012-12-14","1,413.60","1,419.50","1,419.50","1,411.90","","-0.42%"
"2012-12-13","1,419.50","1,428.50","1,431.40","1,416.00","","-0.63%"
"2012-12-12","1,428.50","1,427.80","1,438.60","1,426.80","","0.05%"
"2012-12-11","1,427.80","1,418.50","1,434.30","1,418.50","","0.66%"
"2012-12-10","1,418.50","1,418.10","1,421.60","1,415.60","","0.03%"
"2012-12-07","1,418.10","1,414.00","1,420.30","1,410.90","","0.30%"
"2012-12-06","1,413.90","1,409.40","1,414.00","1,405.90","","0.33%"
"2012-12-05","1,409.30","1,407.00","1,415.60","1,398.20","","0.16%"
"2012-12-04","1,407.00","1,409.50","1,413.10","1,403.70","","-0.18%"
"2012-12-03","1,409.50","1,416.30","1,423.70","1,408.50","","-0.47%"
"2012-11-30","1,416.20","1,416.00","1,418.90","1,411.60","","0.01%"
"2012-11-29","1,416.00","1,410.00","1,419.70","1,409.00","","0.43%"
"2012-11-28","1,409.90","1,398.80","1,410.30","1,385.40","","0.79%"
"2012-11-27","1,398.90","1,406.30","1,409.00","1,398.00","","-0.53%"
"2012-11-26","1,406.30","1,409.20","1,409.20","1,397.70","","-0.21%"
"2012-11-23","1,409.20","1,391.00","1,409.20","1,391.00","","1.31%"
"2012-11-21","1,391.00","1,387.80","1,391.20","1,386.40","","0.23%"
"2012-11-20","1,387.80","1,386.80","1,389.80","1,377.00","","0.06%"
"2012-11-19","1,386.90","1,359.90","1,386.90","1,359.90","","1.99%"
"2012-11-16","1,359.90","1,353.40","1,362.00","1,343.30","","0.49%"
"2012-11-15","1,353.30","1,355.40","1,360.60","1,348.00","","-0.16%"
"2012-11-14","1,355.50","1,374.60","1,380.10","1,352.50","","-1.38%"
"2012-11-13","1,374.50","1,380.00","1,388.80","1,371.40","","-0.40%"
"2012-11-12","1,380.00","1,379.90","1,384.90","1,377.20","","0.01%"
"2012-11-09","1,379.80","1,377.50","1,391.40","1,373.00","","0.17%"
"2012-11-08","1,377.50","1,394.50","1,401.20","1,377.50","","-1.22%"
"2012-11-07","1,394.50","1,428.30","1,428.30","1,388.10","","-2.37%"
"2012-11-06","1,428.40","1,417.30","1,433.40","1,417.30","","0.78%"
"2012-11-05","1,417.30","1,414.00","1,419.90","1,408.10","","0.22%"
"2012-11-02","1,414.20","1,427.60","1,434.30","1,412.90","","-0.94%"
"2012-11-01","1,427.60","1,412.20","1,428.30","1,412.20","","1.09%"
"2012-10-31","1,412.20","1,411.00","1,418.80","1,406.00","","0.02%"
"2012-10-26","1,411.90","1,413.00","1,417.10","1,403.30","","-0.08%"
"2012-10-25","1,413.00","1,409.70","1,421.10","1,405.10","","0.30%"
"2012-10-24","1,408.80","1,413.20","1,420.00","1,407.10","","-0.30%"
"2012-10-23","1,413.10","1,433.70","1,433.70","1,407.60","","-1.44%"
"2012-10-22","1,433.80","1,433.20","1,435.50","1,422.10","","0.04%"
"2012-10-19","1,433.20","1,457.30","1,457.30","1,429.80","","-1.65%"
"2012-10-18","1,457.30","1,460.90","1,464.00","1,452.60","","-0.25%"
"2012-10-17","1,460.90","1,454.20","1,462.20","1,453.30","","0.41%"
"2012-10-16","1,454.90","1,440.30","1,455.50","1,440.30","","1.03%"
"2012-10-15","1,440.10","1,428.80","1,441.30","1,427.20","","0.80%"
"2012-10-12","1,428.60","1,432.80","1,438.40","1,425.50","","-0.29%"
"2012-10-11","1,432.80","1,432.80","1,443.90","1,432.80","","0.01%"
"2012-10-10","1,432.60","1,441.50","1,442.50","1,430.60","","-0.62%"
"2012-10-09","1,441.50","1,455.90","1,455.90","1,441.20","","-0.99%"
"2012-10-08","1,455.90","1,460.90","1,460.90","1,453.10","","-0.34%"
"2012-10-05","1,460.90","1,461.40","1,471.00","1,456.90","","-0.03%"
"2012-10-04","1,461.40","1,451.10","1,463.10","1,451.10","","0.72%"
"2012-10-03","1,451.00","1,446.00","1,454.30","1,442.00","","0.36%"
"2012-10-02","1,445.80","1,445.00","1,451.50","1,439.00","","0.09%"
"2012-10-01","1,444.50","1,440.90","1,457.10","1,440.90","","0.26%"
"2012-09-28","1,440.70","1,447.10","1,447.10","1,435.60","","-0.45%"
"2012-09-27","1,447.20","1,433.40","1,450.20","1,433.40","","0.97%"
"2012-09-26","1,433.30","1,441.60","1,441.60","1,430.50","","-0.58%"
"2012-09-25","1,441.60","1,456.90","1,463.20","1,441.60","","-1.05%"
"2012-09-24","1,456.90","1,459.80","1,460.70","1,452.10","","-0.23%"
"2012-09-21","1,460.20","1,460.30","1,467.10","1,459.50","","-0.01%"
"2012-09-20","1,460.30","1,461.00","1,461.20","1,450.00","","-0.05%"
"2012-09-19","1,461.00","1,459.50","1,465.20","1,457.90","","0.12%"
"2012-09-18","1,459.30","1,461.20","1,461.50","1,456.10","","-0.13%"
"2012-09-17","1,461.20","1,465.40","1,465.60","1,457.50","","-0.31%"
"2012-09-14","1,465.80","1,460.10","1,474.50","1,460.10","","0.40%"
"2012-09-13","1,460.00","1,436.60","1,463.80","1,435.30","","1.63%"
"2012-09-12","1,436.60","1,433.60","1,439.20","1,433.00","","0.21%"
"2012-09-11","1,433.60","1,429.10","1,437.80","1,429.10","","0.31%"
"2012-09-10","1,429.10","1,437.90","1,438.70","1,429.00","","-0.61%"
"2012-09-07","1,437.90","1,432.10","1,437.90","1,431.50","","0.41%"
"2012-09-06","1,432.10","1,403.40","1,432.10","1,403.40","","2.05%"
"2012-09-05","1,403.40","1,404.90","1,408.80","1,401.20","","-0.11%"
"2012-09-04","1,404.90","1,406.50","1,409.30","1,396.60","","-0.12%"
"2012-08-31","1,406.60","1,400.10","1,413.10","1,399.00","","0.51%"
"2012-08-30","1,399.50","1,410.10","1,410.10","1,397.00","","-0.78%"
"2012-08-29","1,410.50","1,409.30","1,414.00","1,406.60","","0.09%"
"2012-08-28","1,409.30","1,410.40","1,413.60","1,405.60","","-0.08%"
"2012-08-27","1,410.40","1,411.10","1,416.20","1,409.10","","-0.05%"
"2012-08-24","1,411.10","1,402.00","1,413.50","1,398.00","","0.64%"
"2012-08-23","1,402.10","1,413.50","1,413.50","1,400.50","","-0.81%"
"2012-08-22","1,413.50","1,413.10","1,416.10","1,406.80","","0.02%"
"2012-08-21","1,413.20","1,418.10","1,426.70","1,410.90","","-0.35%"
"2012-08-20","1,418.10","1,417.80","1,418.10","1,412.10","","-0.01%"
"2012-08-17","1,418.20","1,415.80","1,418.70","1,414.70","","0.19%"
"2012-08-16","1,415.50","1,406.60","1,417.40","1,404.20","","0.71%"
"2012-08-15","1,405.50","1,403.90","1,407.70","1,401.80","","0.11%"
"2012-08-14","1,403.90","1,404.40","1,410.00","1,400.60","","-0.01%"
"2012-08-13","1,404.10","1,405.90","1,405.90","1,397.30","","-0.13%"
"2012-08-10","1,405.90","1,402.60","1,406.00","1,395.60","","0.22%"
"2012-08-09","1,402.80","1,402.30","1,406.00","1,398.80","","0.04%"
"2012-08-08","1,402.20","1,401.20","1,404.10","1,396.10","","0.06%"
"2012-08-07","1,401.30","1,394.50","1,407.10","1,394.50","","0.51%"
"2012-08-06","1,394.20","1,391.00","1,399.60","1,391.00","","0.23%"
"2012-08-03","1,391.00","1,365.50","1,394.20","1,365.50","","1.90%"
"2012-08-02","1,365.00","1,375.10","1,375.10","1,354.70","","-0.73%"
"2012-08-01","1,375.10","1,379.30","1,385.00","1,373.30","","-0.30%"
"2012-07-31","1,379.30","1,385.30","1,387.20","1,379.20","","-0.43%"
"2012-07-30","1,385.30","1,385.90","1,391.70","1,381.40","","-0.05%"
"2012-07-27","1,386.00","1,360.00","1,389.20","1,360.00","","1.91%"
"2012-07-26","1,360.00","1,338.20","1,363.10","1,338.20","","1.65%"
"2012-07-25","1,337.90","1,338.30","1,344.00","1,331.50","","-0.03%"
"2012-07-24","1,338.30","1,350.50","1,351.50","1,329.20","","-0.90%"
"2012-07-23","1,350.50","1,362.30","1,362.30","1,337.60","","-0.90%"
"2012-07-20","1,362.70","1,376.50","1,376.50","1,362.20","","-1.00%"
"2012-07-19","1,376.50","1,373.00","1,380.40","1,371.20","","0.27%"
"2012-07-18","1,372.80","1,363.60","1,375.30","1,359.00","","0.67%"
"2012-07-17","1,363.70","1,353.70","1,365.40","1,345.10","","0.75%"
"2012-07-16","1,353.60","1,356.50","1,357.30","1,348.50","","-0.24%"
"2012-07-13","1,356.80","1,334.80","1,357.70","1,334.80","","1.65%"
"2012-07-12","1,334.80","1,341.30","1,341.30","1,325.40","","-0.50%"
"2012-07-11","1,341.50","1,341.40","1,345.00","1,333.20","","0.00%"
"2012-07-10","1,341.50","1,353.00","1,361.50","1,336.30","","-0.81%"
"2012-07-09","1,352.50","1,354.70","1,354.90","1,346.70","","-0.16%"
"2012-07-06","1,354.70","1,367.10","1,367.10","1,348.00","","-0.94%"
"2012-07-05","1,367.60","1,373.70","1,373.80","1,363.00","","-0.47%"
"2012-07-03","1,374.00","1,365.80","1,374.80","1,363.50","","0.62%"
"2012-07-02","1,365.50","1,362.30","1,366.30","1,355.70","","0.24%"
"2012-06-29","1,362.20","1,330.10","1,362.20","1,330.10","","2.50%"
"2012-06-28","1,329.00","1,331.50","1,331.50","1,313.30","","-0.21%"
"2012-06-27","1,331.80","1,320.70","1,334.40","1,320.70","","0.89%"
"2012-06-26","1,320.00","1,314.10","1,324.20","1,310.30","","0.48%"
"2012-06-25","1,313.70","1,334.90","1,334.90","1,309.30","","-1.60%"
"2012-06-22","1,335.00","1,325.90","1,337.80","1,325.90","","0.72%"
"2012-06-21","1,325.50","1,355.40","1,358.30","1,324.40","","-2.23%"
"2012-06-20","1,355.70","1,358.00","1,361.60","1,346.50","","-0.17%"
"2012-06-19","1,358.00","1,344.80","1,363.50","1,344.80","","0.98%"
"2012-06-18","1,344.80","1,342.40","1,348.20","1,334.50","","0.15%"
"2012-06-15","1,342.80","1,329.20","1,343.30","1,329.20","","1.03%"
"2012-06-14","1,329.10","1,314.90","1,333.70","1,314.10","","1.08%"
"2012-06-13","1,314.90","1,324.00","1,327.30","1,310.50","","-0.70%"
"2012-06-12","1,324.20","1,309.40","1,324.30","1,306.60","","1.17%"
"2012-06-11","1,308.90","1,325.70","1,335.50","1,307.70","","-1.27%"
"2012-06-08","1,325.70","1,315.00","1,325.80","1,307.80","","0.81%"
"2012-06-07","1,315.00","1,316.20","1,329.00","1,312.70","","-0.01%"
"2012-06-06","1,315.10","1,285.60","1,315.10","1,285.60","","2.30%"
"2012-06-05","1,285.50","1,277.80","1,287.60","1,274.20","","0.57%"
"2012-06-04","1,278.20","1,278.30","1,282.50","1,266.70","","0.02%"
"2012-06-01","1,278.00","1,309.90","1,309.90","1,277.20","","-2.47%"
"2012-05-31","1,310.30","1,313.10","1,319.70","1,298.90","","-0.23%"
"2012-05-30","1,313.30","1,331.20","1,331.20","1,310.80","","-1.43%"
"2012-05-29","1,332.40","1,318.90","1,334.90","1,318.90","","1.11%"
"2012-05-25","1,317.80","1,320.80","1,324.20","1,314.20","","-0.22%"
"2012-05-24","1,320.70","1,318.70","1,324.10","1,310.50","","0.14%"
"2012-05-23","1,318.90","1,316.00","1,320.70","1,296.50","","0.17%"
"2012-05-22","1,316.60","1,316.10","1,328.50","1,310.00","","0.05%"
"2012-05-21","1,316.00","1,295.70","1,316.40","1,295.70","","1.61%"
"2012-05-18","1,295.20","1,305.00","1,312.20","1,292.00","","-0.74%"
"2012-05-17","1,304.90","1,324.80","1,326.40","1,304.90","","-1.50%"
"2012-05-16","1,324.80","1,330.80","1,341.80","1,324.80","","-0.44%"
"2012-05-15","1,330.70","1,338.40","1,344.90","1,328.40","","-0.57%"
"2012-05-14","1,338.30","1,351.90","1,351.90","1,336.60","","-1.12%"
"2012-05-11","1,353.40","1,358.10","1,365.70","1,348.90","","-0.34%"
"2012-05-10","1,358.00","1,354.60","1,365.90","1,354.60","","0.25%"
"2012-05-09","1,354.60","1,363.20","1,363.70","1,343.10","","-0.67%"
"2012-05-08","1,363.70","1,369.20","1,369.20","1,347.80","","-0.43%"
"2012-05-07","1,369.60","1,368.80","1,373.90","1,363.90","","0.04%"
"2012-05-04","1,369.10","1,391.50","1,391.50","1,368.00","","-1.62%"
"2012-05-03","1,391.60","1,402.30","1,403.10","1,388.70","","-0.76%"
"2012-05-02","1,402.30","1,405.50","1,405.50","1,393.90","","-0.25%"
"2012-05-01","1,405.80","1,397.90","1,415.30","1,395.70","","0.57%"
"2012-04-30","1,397.90","1,403.30","1,403.30","1,394.00","","-0.39%"
"2012-04-27","1,403.40","1,400.20","1,406.60","1,397.30","","0.24%"
"2012-04-26","1,400.00","1,390.60","1,402.10","1,387.30","","0.67%"
"2012-04-25","1,390.70","1,372.10","1,391.40","1,372.10","","1.36%"
"2012-04-24","1,372.00","1,367.00","1,375.60","1,366.80","","0.37%"
"2012-04-23","1,366.90","1,378.50","1,378.50","1,358.80","","-0.84%"
"2012-04-20","1,378.50","1,377.00","1,387.40","1,377.00","","0.12%"
"2012-04-19","1,376.90","1,385.10","1,390.50","1,370.30","","-0.59%"
"2012-04-18","1,385.10","1,390.80","1,390.80","1,383.30","","-0.41%"
"2012-04-17","1,390.80","1,369.60","1,392.80","1,369.60","","1.55%"
"2012-04-16","1,369.60","1,370.30","1,379.70","1,365.40","","-0.05%"
"2012-04-13","1,370.30","1,387.60","1,387.60","1,369.80","","-1.25%"
"2012-04-12","1,387.60","1,368.80","1,388.10","1,368.80","","1.38%"
"2012-04-11","1,368.70","1,359.00","1,374.70","1,359.00","","0.74%"
"2012-04-10","1,358.60","1,382.20","1,383.00","1,357.40","","-1.71%"
"2012-04-09","1,382.20","1,397.50","1,397.50","1,378.20","","-1.14%"
"2012-04-05","1,398.10","1,398.80","1,401.60","1,392.90","","-0.06%"
"2012-04-04","1,399.00","1,413.10","1,413.10","1,394.10","","-1.02%"
"2012-04-03","1,413.40","1,419.00","1,419.00","1,404.60","","-0.39%"
"2012-04-02","1,419.00","1,408.50","1,422.40","1,404.50","","0.75%"
"2012-03-30","1,408.50","1,403.30","1,410.90","1,401.40","","0.37%"
"2012-03-29","1,403.30","1,405.40","1,405.40","1,391.60","","-0.16%"
"2012-03-28","1,405.50","1,412.50","1,413.70","1,397.20","","-0.50%"
"2012-03-27","1,412.50","1,416.50","1,419.20","1,412.00","","-0.28%"
"2012-03-26","1,416.50","1,397.10","1,416.60","1,397.10","","1.39%"
"2012-03-23","1,397.10","1,392.80","1,399.20","1,386.90","","0.31%"
"2012-03-22","1,392.80","1,402.90","1,402.90","1,388.70","","-0.72%"
"2012-03-21","1,402.90","1,405.50","1,407.80","1,400.60","","-0.18%"
"2012-03-20","1,405.50","1,409.60","1,409.60","1,397.70","","-0.31%"
"2012-03-19","1,409.80","1,404.20","1,414.00","1,402.40","","0.40%"
"2012-03-16","1,404.20","1,402.50","1,405.90","1,401.50","","0.11%"
"2012-03-15","1,402.60","1,394.20","1,402.60","1,392.80","","0.60%"
"2012-03-14","1,394.30","1,396.00","1,399.40","1,390.00","","-0.12%"
"2012-03-13","1,396.00","1,371.90","1,396.10","1,371.90","","1.82%"
"2012-03-12","1,371.10","1,370.80","1,373.00","1,366.70","","0.01%"
"2012-03-09","1,370.90","1,366.00","1,374.80","1,366.00","","0.37%"
"2012-03-08","1,365.90","1,352.70","1,368.70","1,352.70","","0.98%"
"2012-03-07","1,352.60","1,343.40","1,354.80","1,343.40","","0.68%"
"2012-03-06","1,343.40","1,363.60","1,363.60","1,340.00","","-1.53%"
"2012-03-05","1,364.30","1,369.60","1,369.60","1,359.10","","-0.39%"
"2012-03-02","1,369.60","1,374.10","1,374.50","1,366.40","","-0.33%"
"2012-03-01","1,374.10","1,365.90","1,376.20","1,365.90","","0.62%"
"2012-02-29","1,365.70","1,372.20","1,378.00","1,363.80","","-0.47%"
"2012-02-28","1,372.20","1,367.60","1,373.10","1,366.00","","0.34%"
"2012-02-27","1,367.60","1,365.20","1,371.90","1,354.90","","0.14%"
"2012-02-24","1,365.70","1,363.50","1,368.90","1,363.50","","0.16%"
"2012-02-23","1,363.50","1,357.50","1,364.20","1,352.30","","0.43%"
"2012-02-22","1,357.70","1,362.10","1,362.70","1,355.50","","-0.33%"
"2012-02-21","1,362.20","1,361.20","1,367.80","1,358.10","","0.07%"
"2012-02-17","1,361.20","1,358.10","1,363.40","1,357.20","","0.24%"
"2012-02-16","1,358.00","1,342.60","1,359.00","1,341.20","","1.10%"
"2012-02-15","1,343.20","1,350.50","1,355.90","1,340.80","","-0.54%"
"2012-02-14","1,350.50","1,351.30","1,351.30","1,340.80","","-0.10%"
"2012-02-13","1,351.80","1,343.10","1,353.30","1,343.10","","0.69%"
"2012-02-10","1,342.60","1,351.20","1,351.20","1,337.30","","-0.70%"
"2012-02-09","1,352.00","1,350.00","1,354.30","1,344.60","","0.15%"
"2012-02-08","1,350.00","1,347.00","1,351.00","1,342.00","","0.22%"
"2012-02-07","1,347.00","1,344.30","1,349.20","1,335.90","","0.20%"
"2012-02-06","1,344.30","1,344.30","1,344.40","1,337.50","","-0.04%"
"2012-02-03","1,344.90","1,326.20","1,345.30","1,326.20","","1.46%"
"2012-02-02","1,325.50","1,324.20","1,329.20","1,321.60","","0.11%"
"2012-02-01","1,324.10","1,312.50","1,330.50","1,312.50","","0.89%"
"2012-01-31","1,312.40","1,313.50","1,321.40","1,306.70","","-0.05%"
"2012-01-30","1,313.00","1,316.20","1,316.20","1,300.50","","-0.25%"
"2012-01-27","1,316.30","1,318.20","1,320.10","1,311.70","","-0.16%"
"2012-01-26","1,318.40","1,326.30","1,333.50","1,313.60","","-0.57%"
"2012-01-25","1,326.00","1,314.40","1,328.30","1,307.70","","0.86%"
"2012-01-24","1,314.70","1,316.00","1,316.00","1,306.10","","-0.10%"
"2012-01-23","1,316.00","1,315.30","1,322.30","1,309.90","","0.05%"
"2012-01-20","1,315.40","1,314.50","1,315.40","1,309.20","","0.07%"
"2012-01-19","1,314.50","1,308.10","1,315.50","1,308.10","","0.50%"
"2012-01-18","1,308.00","1,293.70","1,308.10","1,291.00","","1.11%"
"2012-01-17","1,293.70","1,290.20","1,303.00","1,290.20","","0.36%"
"2012-01-13","1,289.10","1,294.80","1,294.80","1,277.60","","-0.49%"
"2012-01-12","1,295.50","1,292.50","1,296.80","1,285.80","","0.23%"
"2012-01-11","1,292.50","1,292.00","1,293.80","1,285.40","","0.03%"
"2012-01-10","1,292.10","1,280.80","1,296.50","1,280.80","","0.89%"
"2012-01-09","1,280.70","1,277.80","1,282.00","1,274.50","","0.23%"
"2012-01-06","1,277.80","1,280.90","1,281.80","1,273.30","","-0.26%"
"2012-01-05","1,281.10","1,277.30","1,283.00","1,265.30","","0.30%"
"2012-01-04","1,277.30","1,277.00","1,278.70","1,268.10","","0.02%"
"2012-01-03","1,277.10","1,258.90","1,284.60","1,258.90","","1.55%"
"2011-12-30","1,257.60","1,262.80","1,264.10","1,257.50","","-0.43%"
"2011-12-29","1,263.00","1,249.80","1,263.50","1,249.80","","1.07%"
"2011-12-28","1,249.60","1,265.40","1,265.80","1,248.60","","-1.25%"
"2011-12-27","1,265.40","1,265.00","1,269.40","1,262.30","","0.01%"
"2011-12-23","1,265.30","1,254.00","1,265.40","1,254.00","","0.90%"
"2011-12-22","1,254.00","1,243.70","1,255.20","1,243.70","","0.83%"
"2011-12-21","1,243.70","1,241.20","1,245.10","1,229.50","","0.19%"
"2011-12-20","1,241.30","1,205.70","1,242.80","1,205.70","","2.99%"
"2011-12-19","1,205.30","1,219.70","1,224.60","1,202.40","","-1.18%"
"2011-12-16","1,219.70","1,216.10","1,231.00","1,215.20","","0.32%"
"2011-12-15","1,215.80","1,212.10","1,225.60","1,212.10","","0.33%"
"2011-12-14","1,211.80","1,225.70","1,225.70","1,209.50","","-1.13%"
"2011-12-13","1,225.70","1,236.80","1,249.90","1,219.40","","-0.87%"
"2011-12-12","1,236.50","1,255.00","1,255.00","1,227.20","","-1.49%"
"2011-12-09","1,255.20","1,234.50","1,258.20","1,234.50","","1.69%"
"2011-12-08","1,234.30","1,260.90","1,260.90","1,231.50","","-2.12%"
"2011-12-07","1,261.00","1,258.10","1,267.10","1,244.80","","0.20%"
"2011-12-06","1,258.50","1,257.20","1,266.00","1,253.00","","0.11%"
"2011-12-05","1,257.10","1,244.30","1,266.70","1,244.30","","1.03%"
"2011-12-02","1,244.30","1,246.00","1,260.10","1,243.30","","-0.02%"
"2011-12-01","1,244.60","1,246.90","1,251.10","1,239.70","","-0.19%"
"2011-11-30","1,247.00","1,196.70","1,247.10","1,196.70","","4.33%"
"2011-11-29","1,195.20","1,192.60","1,203.70","1,191.80","","0.23%"
"2011-11-28","1,192.50","1,158.70","1,197.30","1,158.70","","2.92%"
"2011-11-25","1,158.70","1,161.40","1,172.70","1,158.70","","-0.27%"
"2011-11-23","1,161.80","1,187.50","1,187.50","1,161.80","","-2.21%"
"2011-11-22","1,188.00","1,193.00","1,196.80","1,181.70","","-0.42%"
"2011-11-21","1,193.00","1,215.60","1,215.60","1,183.20","","-1.87%"
"2011-11-18","1,215.70","1,216.20","1,223.50","1,211.40","","-0.03%"
"2011-11-17","1,216.10","1,236.60","1,237.70","1,209.40","","-1.68%"
"2011-11-16","1,236.90","1,257.80","1,259.60","1,235.70","","-1.66%"
"2011-11-15","1,257.80","1,251.70","1,264.20","1,244.30","","0.48%"
"2011-11-14","1,251.80","1,263.80","1,263.80","1,246.70","","-0.95%"
"2011-11-11","1,263.80","1,240.10","1,267.00","1,240.10","","1.94%"
"2011-11-10","1,239.70","1,229.60","1,246.20","1,227.70","","0.86%"
"2011-11-09","1,229.10","1,275.20","1,275.20","1,226.60","","-3.67%"
"2011-11-08","1,275.90","1,261.10","1,277.50","1,255.00","","1.17%"
"2011-11-07","1,261.10","1,253.20","1,261.70","1,240.80","","0.63%"
"2011-11-04","1,253.20","1,260.80","1,260.80","1,238.90","","-0.63%"
"2011-11-03","1,261.20","1,238.20","1,263.20","1,234.80","","1.88%"
"2011-11-02","1,237.90","1,219.60","1,242.50","1,219.60","","1.61%"
"2011-11-01","1,218.30","1,251.00","1,251.00","1,215.40","","-2.79%"
"2011-10-31","1,253.30","1,285.00","1,285.00","1,253.20","","-2.47%"
"2011-10-28","1,285.10","1,284.40","1,287.10","1,277.00","","0.04%"
"2011-10-27","1,284.60","1,244.00","1,292.70","1,244.00","","3.43%"
"2011-10-26","1,242.00","1,229.20","1,246.30","1,221.10","","1.06%"
"2011-10-25","1,229.00","1,254.20","1,254.20","1,226.80","","-2.01%"
"2011-10-24","1,254.20","1,238.70","1,256.50","1,238.70","","1.29%"
"2011-10-21","1,238.20","1,215.40","1,239.00","1,215.40","","1.88%"
"2011-10-20","1,215.40","1,211.10","1,219.50","1,197.30","","0.45%"
"2011-10-19","1,209.90","1,223.50","1,229.60","1,206.30","","-1.26%"
"2011-10-18","1,225.40","1,200.80","1,233.10","1,191.50","","2.04%"
"2011-10-17","1,200.90","1,224.50","1,224.50","1,198.50","","-1.94%"
"2011-10-14","1,224.60","1,205.70","1,224.60","1,205.70","","1.74%"
"2011-10-13","1,203.70","1,207.00","1,207.50","1,190.60","","-0.29%"
"2011-10-12","1,207.20","1,196.20","1,220.20","1,196.20","","0.98%"
"2011-10-11","1,195.50","1,194.60","1,199.20","1,187.30","","0.05%"
"2011-10-10","1,194.90","1,158.20","1,194.90","1,158.20","","3.41%"
"2011-10-07","1,155.50","1,165.00","1,171.40","1,150.30","","-0.82%"
"2011-10-06","1,165.00","1,144.10","1,165.50","1,135.00","","1.84%"
"2011-10-05","1,144.00","1,124.00","1,146.10","1,115.70","","1.78%"
"2011-10-04","1,124.00","1,097.40","1,125.10","1,074.80","","2.26%"
"2011-10-03","1,099.20","1,131.20","1,139.00","1,098.90","","-2.85%"
"2011-09-30","1,131.40","1,159.90","1,159.90","1,131.30","","-2.50%"
"2011-09-29","1,160.40","1,151.70","1,175.90","1,139.90","","0.81%"
"2011-09-28","1,151.10","1,175.40","1,184.70","1,150.40","","-2.07%"
"2011-09-27","1,175.40","1,163.30","1,195.90","1,163.30","","1.07%"
"2011-09-26","1,163.00","1,136.90","1,164.20","1,131.10","","2.34%"
"2011-09-23","1,136.40","1,128.80","1,141.70","1,121.40","","0.60%"
"2011-09-22","1,129.60","1,164.50","1,164.50","1,114.20","","-3.19%"
"2011-09-21","1,166.80","1,203.60","1,206.30","1,166.20","","-2.94%"
"2011-09-20","1,202.10","1,204.50","1,220.40","1,201.30","","-0.17%"
"2011-09-19","1,204.10","1,215.00","1,215.00","1,188.40","","-0.98%"
"2011-09-16","1,216.00","1,209.20","1,220.10","1,204.50","","0.57%"
"2011-09-15","1,209.10","1,189.40","1,209.10","1,189.40","","1.72%"
"2011-09-14","1,188.70","1,173.30","1,202.40","1,162.70","","1.35%"
"2011-09-13","1,172.90","1,162.60","1,176.40","1,157.40","","0.91%"
"2011-09-12","1,162.30","1,153.50","1,162.50","1,136.10","","0.70%"
"2011-09-09","1,154.20","1,185.40","1,185.40","1,148.40","","-2.67%"
"2011-09-08","1,185.90","1,198.00","1,204.40","1,183.30","","-1.06%"
"2011-09-07","1,198.60","1,165.80","1,198.60","1,165.80","","2.87%"
"2011-09-06","1,165.20","1,174.00","1,174.00","1,140.10","","-0.75%"
"2011-09-02","1,174.00","1,203.90","1,203.90","1,170.60","","-2.52%"
"2011-09-01","1,204.40","1,219.10","1,229.30","1,203.80","","-1.19%"
"2011-08-31","1,218.90","1,213.00","1,230.70","1,209.30","","0.49%"
"2011-08-30","1,212.90","1,209.80","1,220.10","1,195.80","","0.23%"
"2011-08-29","1,210.10","1,177.90","1,210.30","1,177.90","","2.83%"
"2011-08-26","1,176.80","1,158.80","1,181.20","1,135.90","","1.51%"
"2011-08-25","1,159.30","1,176.70","1,190.70","1,155.50","","-1.55%"
"2011-08-24","1,177.60","1,162.20","1,178.60","1,156.30","","1.32%"
"2011-08-23","1,162.30","1,124.40","1,162.30","1,122.90","","3.43%"
"2011-08-22","1,123.80","1,123.50","1,145.50","1,121.10","","0.03%"
"2011-08-19","1,123.50","1,140.50","1,154.50","1,122.00","","-1.51%"
"2011-08-18","1,140.70","1,189.60","1,189.60","1,131.00","","-4.46%"
"2011-08-17","1,193.90","1,192.90","1,208.50","1,184.40","","0.09%"
"2011-08-16","1,192.80","1,204.20","1,204.20","1,180.50","","-0.97%"
"2011-08-15","1,204.50","1,178.90","1,204.50","1,178.90","","2.18%"
"2011-08-12","1,178.80","1,172.90","1,189.00","1,170.70","","0.53%"
"2011-08-11","1,172.60","1,121.30","1,186.30","1,121.30","","4.62%"
"2011-08-10","1,120.80","1,171.80","1,171.80","1,118.00","","-4.41%"
"2011-08-09","1,172.50","1,120.20","1,172.90","1,101.50","","4.73%"
"2011-08-08","1,119.50","1,198.50","1,198.50","1,119.30","","-6.66%"
"2011-08-05","1,199.40","1,200.30","1,218.10","1,168.10","","-0.06%"
"2011-08-04","1,200.10","1,260.20","1,260.20","1,199.50","","-4.78%"
"2011-08-03","1,260.30","1,254.20","1,261.20","1,234.60","","0.50%"
"2011-08-02","1,254.00","1,286.60","1,286.60","1,254.00","","-2.56%"
"2011-08-01","1,286.90","1,292.60","1,307.40","1,274.70","","-0.42%"
"2011-07-29","1,292.30","1,300.10","1,304.20","1,282.90","","-0.65%"
"2011-07-28","1,300.70","1,304.80","1,316.30","1,299.20","","-0.32%"
"2011-07-27","1,304.90","1,331.90","1,331.90","1,303.50","","-2.03%"
"2011-07-26","1,331.90","1,337.40","1,338.50","1,329.60","","-0.41%"
"2011-07-25","1,337.40","1,344.30","1,344.30","1,331.10","","-0.57%"
"2011-07-22","1,345.00","1,343.80","1,346.10","1,337.00","","0.09%"
"2011-07-21","1,343.80","1,325.70","1,347.00","1,325.70","","1.36%"
"2011-07-20","1,325.80","1,328.70","1,330.40","1,323.70","","-0.07%"
"2011-07-19","1,326.70","1,307.10","1,328.10","1,307.10","","1.63%"
"2011-07-18","1,305.40","1,315.90","1,315.90","1,295.90","","-0.81%"
"2011-07-15","1,316.10","1,308.90","1,317.70","1,307.50","","0.55%"
"2011-07-14","1,308.90","1,317.70","1,326.90","1,306.50","","-0.67%"
"2011-07-13","1,317.70","1,314.50","1,331.50","1,314.50","","0.31%"
"2011-07-12","1,313.60","1,319.60","1,327.20","1,313.30","","-0.45%"
"2011-07-11","1,319.50","1,343.30","1,343.30","1,316.40","","-1.81%"
"2011-07-08","1,343.80","1,352.40","1,352.40","1,333.70","","-0.69%"
"2011-07-07","1,353.20","1,339.60","1,356.50","1,339.60","","1.05%"
"2011-07-06","1,339.20","1,337.60","1,340.90","1,330.90","","0.10%"
"2011-07-05","1,337.90","1,339.60","1,340.90","1,334.30","","-0.13%"
"2011-07-01","1,339.70","1,320.60","1,341.00","1,318.20","","1.45%"
"2011-06-30","1,320.60","1,307.60","1,322.00","1,307.60","","1.01%"
"2011-06-29","1,307.40","1,296.80","1,309.20","1,296.80","","0.83%"
"2011-06-28","1,296.70","1,280.20","1,296.80","1,280.20","","1.30%"
"2011-06-27","1,280.10","1,268.40","1,284.90","1,267.50","","0.91%"
"2011-06-24","1,268.50","1,283.00","1,283.90","1,267.20","","-1.17%"
"2011-06-23","1,283.50","1,286.60","1,286.60","1,262.90","","-0.28%"
"2011-06-22","1,287.10","1,295.50","1,298.60","1,286.80","","-0.65%"
"2011-06-21","1,295.50","1,278.40","1,297.60","1,278.40","","1.34%"
"2011-06-20","1,278.40","1,271.50","1,280.40","1,267.60","","0.54%"
"2011-06-17","1,271.50","1,268.60","1,279.80","1,267.40","","0.31%"
"2011-06-16","1,267.60","1,265.50","1,274.10","1,258.10","","0.17%"
"2011-06-15","1,265.40","1,287.90","1,287.90","1,261.90","","-1.75%"
"2011-06-14","1,287.90","1,272.20","1,292.50","1,272.20","","1.27%"
"2011-06-13","1,271.80","1,271.30","1,277.00","1,265.60","","0.06%"
"2011-06-10","1,271.00","1,288.60","1,288.60","1,268.30","","-1.40%"
"2011-06-09","1,289.00","1,279.60","1,294.50","1,279.60","","0.73%"
"2011-06-08","1,279.60","1,284.60","1,287.00","1,277.40","","-0.41%"
"2011-06-07","1,284.90","1,286.30","1,296.20","1,284.70","","-0.10%"
"2011-06-06","1,286.20","1,300.30","1,300.30","1,284.70","","-1.08%"
"2011-06-03","1,300.20","1,312.90","1,312.90","1,297.90","","-0.97%"
"2011-06-02","1,312.90","1,314.50","1,318.00","1,305.60","","-0.12%"
"2011-06-01","1,314.50","1,345.20","1,345.20","1,313.70","","-2.28%"
"2011-05-31","1,345.20","1,331.10","1,345.20","1,331.10","","1.06%"
"2011-05-27","1,331.10","1,325.70","1,334.60","1,325.70","","0.41%"
"2011-05-26","1,325.70","1,320.60","1,328.50","1,314.40","","0.39%"
"2011-05-25","1,320.50","1,316.40","1,325.90","1,311.80","","0.32%"
"2011-05-24","1,316.30","1,317.70","1,323.70","1,313.90","","-0.08%"
"2011-05-23","1,317.40","1,333.10","1,333.10","1,312.90","","-1.19%"
"2011-05-20","1,333.30","1,342.00","1,342.00","1,330.70","","-0.77%"
"2011-05-19","1,343.60","1,342.40","1,346.80","1,336.40","","0.22%"
"2011-05-18","1,340.70","1,328.50","1,341.80","1,326.60","","0.88%"
"2011-05-17","1,329.00","1,326.10","1,330.40","1,318.50","","-0.04%"
"2011-05-16","1,329.50","1,334.80","1,343.30","1,327.30","","-0.62%"
"2011-05-13","1,337.80","1,348.70","1,350.50","1,333.40","","-0.81%"
"2011-05-12","1,348.70","1,339.40","1,351.00","1,332.00","","0.49%"
"2011-05-11","1,342.10","1,354.50","1,354.50","1,336.40","","-1.11%"
"2011-05-10","1,357.20","1,348.30","1,359.40","1,348.30","","0.81%"
"2011-05-09","1,346.30","1,340.20","1,349.40","1,338.60","","0.46%"
"2011-05-06","1,340.20","1,340.20","1,354.40","1,335.60","","0.38%"
"2011-05-05","1,335.10","1,344.20","1,348.00","1,329.20","","-0.91%"
"2011-05-04","1,347.30","1,355.90","1,355.90","1,341.50","","-0.69%"
"2011-05-03","1,356.60","1,359.80","1,360.80","1,349.50","","-0.34%"
"2011-05-02","1,361.20","1,365.20","1,370.60","1,358.60","","-0.18%"
"2011-04-29","1,363.60","1,360.10","1,364.60","1,358.70","","0.23%"
"2011-04-28","1,360.50","1,353.90","1,361.70","1,353.60","","0.35%"
"2011-04-27","1,355.70","1,348.40","1,357.50","1,344.20","","0.63%"
"2011-04-26","1,347.20","1,336.80","1,349.50","1,336.80","","0.90%"
"2011-04-25","1,335.20","1,337.10","1,337.50","1,331.50","","-0.16%"
"2011-04-21","1,337.40","1,333.20","1,337.50","1,332.80","","0.53%"
"2011-04-20","1,330.40","1,319.10","1,332.70","1,319.10","","1.36%"
"2011-04-19","1,312.60","1,306.00","1,312.70","1,304.00","","0.57%"
"2011-04-18","1,305.10","1,313.30","1,313.30","1,294.70","","-1.11%"
"2011-04-15","1,319.70","1,314.50","1,322.90","1,313.70","","0.40%"
"2011-04-14","1,314.50","1,311.10","1,316.80","1,302.40","","0.01%"
"2011-04-13","1,314.40","1,314.00","1,321.30","1,309.20","","0.02%"
"2011-04-12","1,314.20","1,322.00","1,322.00","1,309.50","","-0.78%"
"2011-04-11","1,324.50","1,329.00","1,333.80","1,321.10","","-0.28%"
"2011-04-08","1,328.20","1,336.20","1,339.50","1,322.90","","-0.40%"
"2011-04-07","1,333.50","1,334.80","1,338.80","1,326.60","","-0.15%"
"2011-04-06","1,335.50","1,335.90","1,339.40","1,331.10","","0.22%"
"2011-04-05","1,332.60","1,332.00","1,338.20","1,330.00","","-0.02%"
"2011-04-04","1,332.90","1,333.60","1,336.70","1,329.10","","0.04%"
"2011-04-01","1,332.40","1,329.50","1,337.80","1,328.90","","0.50%"
"2011-03-31","1,325.80","1,327.40","1,329.80","1,325.00","","-0.19%"
"2011-03-30","1,328.30","1,321.90","1,331.70","1,321.90","","0.67%"
"2011-03-29","1,319.40","1,309.40","1,319.50","1,305.30","","0.70%"
"2011-03-28","1,310.20","1,315.50","1,319.70","1,310.20","","-0.27%"
"2011-03-25","1,313.80","1,311.80","1,319.20","1,310.20","","0.31%"
"2011-03-24","1,309.70","1,300.60","1,311.30","1,297.70","","0.94%"
"2011-03-23","1,297.50","1,292.20","1,300.50","1,284.00","","0.29%"
"2011-03-22","1,293.80","1,298.30","1,299.30","1,292.70","","-0.35%"
"2011-03-21","1,298.40","1,281.70","1,300.60","1,281.70","","1.50%"
"2011-03-18","1,279.20","1,276.70","1,288.90","1,276.20","","0.43%"
"2011-03-17","1,273.70","1,261.60","1,278.90","1,261.60","","1.34%"
"2011-03-16","1,256.90","1,279.50","1,280.90","1,249.00","","-1.95%"
"2011-03-15","1,281.90","1,288.50","1,288.50","1,261.10","","-1.12%"
"2011-03-14","1,296.40","1,301.20","1,301.20","1,286.40","","-0.61%"
"2011-03-11","1,304.30","1,293.40","1,308.30","1,292.00","","0.71%"
"2011-03-10","1,295.10","1,315.70","1,315.70","1,294.20","","-1.89%"
"2011-03-09","1,320.00","1,319.90","1,323.20","1,312.30","","-0.14%"
"2011-03-08","1,321.80","1,311.00","1,325.70","1,306.90","","0.89%"
"2011-03-07","1,310.10","1,322.70","1,327.70","1,304.00","","-0.84%"
"2011-03-04","1,321.20","1,330.70","1,331.10","1,312.60","","-0.74%"
"2011-03-03","1,331.00","1,312.40","1,332.30","1,312.40","","1.73%"
"2011-03-02","1,308.40","1,305.50","1,314.20","1,302.60","","0.16%"
"2011-03-01","1,306.30","1,328.60","1,332.10","1,306.10","","-1.57%"
"2011-02-28","1,327.20","1,321.60","1,329.40","1,320.50","","0.55%"
"2011-02-25","1,319.90","1,307.30","1,320.60","1,307.30","","1.06%"
"2011-02-24","1,306.10","1,307.10","1,310.90","1,294.30","","-0.10%"
"2011-02-23","1,307.40","1,315.40","1,317.90","1,299.50","","-0.61%"
"2011-02-22","1,315.40","1,338.90","1,338.90","1,312.30","","-2.06%"
"2011-02-18","1,343.00","1,340.40","1,344.10","1,338.10","","0.19%"
"2011-02-17","1,340.40","1,334.40","1,341.50","1,331.00","","0.31%"
"2011-02-16","1,336.30","1,329.50","1,337.60","1,329.50","","0.63%"
"2011-02-15","1,328.00","1,330.40","1,330.40","1,324.60","","-0.32%"
"2011-02-14","1,332.30","1,328.70","1,333.00","1,326.90","","0.23%"
"2011-02-11","1,329.20","1,318.70","1,330.80","1,316.10","","0.55%"
"2011-02-10","1,321.90","1,318.10","1,322.80","1,311.70","","0.08%"
"2011-02-09","1,320.90","1,322.50","1,324.50","1,314.90","","-0.28%"
"2011-02-08","1,324.60","1,318.80","1,324.90","1,316.00","","0.42%"
"2011-02-07","1,319.00","1,311.80","1,322.80","1,311.80","","0.62%"
"2011-02-04","1,310.90","1,307.00","1,311.00","1,301.70","","0.29%"
"2011-02-03","1,307.10","1,302.80","1,308.60","1,294.80","","0.24%"
"2011-02-02","1,304.00","1,305.90","1,307.60","1,302.60","","-0.28%"
"2011-02-01","1,307.60","1,289.10","1,308.90","1,289.10","","1.67%"
"2011-01-31","1,286.10","1,276.50","1,287.20","1,276.50","","0.77%"
"2011-01-28","1,276.30","1,299.60","1,302.70","1,275.10","","-1.79%"
"2011-01-27","1,299.50","1,297.50","1,301.30","1,294.40","","0.22%"
"2011-01-26","1,296.60","1,292.00","1,299.70","1,292.00","","0.42%"
"2011-01-25","1,291.20","1,288.20","1,291.30","1,281.10","","0.03%"
"2011-01-24","1,290.80","1,283.30","1,291.90","1,282.50","","0.58%"
"2011-01-21","1,283.30","1,283.60","1,291.20","1,282.10","","0.23%"
"2011-01-20","1,280.30","1,280.80","1,283.30","1,271.30","","-0.12%"
"2011-01-19","1,281.90","1,294.50","1,294.60","1,278.90","","-1.01%"
"2011-01-18","1,295.00","1,293.20","1,296.10","1,290.20","","0.14%"
"2011-01-14","1,293.20","1,282.90","1,293.20","1,281.20","","0.73%"
"2011-01-13","1,283.80","1,285.80","1,286.70","1,280.50","","-0.17%"
"2011-01-12","1,286.00","1,275.70","1,286.90","1,275.70","","0.90%"
"2011-01-11","1,274.50","1,272.60","1,277.20","1,269.60","","0.37%"
"2011-01-10","1,269.80","1,270.80","1,271.50","1,262.20","","-0.13%"
"2011-01-07","1,271.50","1,274.40","1,276.80","1,261.70","","-0.18%"
"2011-01-06","1,273.80","1,276.30","1,278.20","1,270.40","","-0.22%"
"2011-01-05","1,276.60","1,268.80","1,277.60","1,265.40","","0.50%"
"2011-01-04","1,270.20","1,273.00","1,274.10","1,262.70","","-0.13%"
"2011-01-03","1,271.90","1,257.60","1,276.20","1,257.60","","1.14%"
"2010-12-31","1,257.60","1,256.80","1,259.30","1,254.20","","-0.02%"
"2010-12-30","1,257.90","1,259.40","1,261.10","1,256.30","","-0.15%"
"2010-12-29","1,259.80","1,258.80","1,262.60","1,258.80","","0.10%"
"2010-12-28","1,258.50","1,259.10","1,259.90","1,256.20","","0.08%"
"2010-12-27","1,257.50","1,254.70","1,258.40","1,251.50","","0.06%"
"2010-12-23","1,256.80","1,257.50","1,258.60","1,254.00","","-0.16%"
"2010-12-22","1,258.80","1,254.90","1,259.40","1,254.90","","0.33%"
"2010-12-21","1,254.60","1,249.40","1,255.80","1,249.40","","0.60%"
"2010-12-20","1,247.10","1,245.80","1,250.20","1,241.50","","0.26%"
"2010-12-17","1,243.90","1,243.60","1,245.80","1,239.90","","0.08%"
"2010-12-16","1,242.90","1,236.30","1,243.80","1,232.80","","0.62%"
"2010-12-15","1,235.20","1,241.60","1,244.20","1,234.00","","-0.52%"
"2010-12-14","1,241.60","1,241.80","1,246.60","1,238.20","","0.09%"
"2010-12-13","1,240.50","1,242.50","1,246.70","1,240.30","","0.01%"
"2010-12-10","1,240.40","1,233.80","1,240.40","1,232.60","","0.60%"
"2010-12-09","1,233.00","1,230.10","1,234.70","1,226.80","","0.38%"
"2010-12-08","1,228.30","1,225.00","1,228.90","1,219.50","","0.37%"
"2010-12-07","1,223.80","1,227.20","1,235.00","1,223.20","","0.06%"
"2010-12-06","1,223.10","1,223.90","1,225.80","1,220.70","","-0.13%"
"2010-12-03","1,224.70","1,219.90","1,225.60","1,216.80","","0.26%"
"2010-12-02","1,221.50","1,206.80","1,221.90","1,206.80","","1.28%"
"2010-12-01","1,206.10","1,186.60","1,207.60","1,186.60","","2.17%"
"2010-11-30","1,180.50","1,183.00","1,187.40","1,174.10","","-0.61%"
"2010-11-29","1,187.80","1,189.10","1,190.30","1,173.60","","-0.13%"
"2010-11-26","1,189.40","1,194.20","1,194.20","1,186.90","","-0.74%"
"2010-11-24","1,198.30","1,183.70","1,198.60","1,183.70","","1.49%"
"2010-11-23","1,180.70","1,192.50","1,192.50","1,176.90","","-1.43%"
"2010-11-22","1,197.80","1,198.10","1,198.90","1,184.60","","-0.16%"
"2010-11-19","1,199.70","1,196.10","1,200.00","1,189.40","","0.25%"
"2010-11-18","1,196.70","1,183.80","1,200.30","1,183.80","","1.54%"
"2010-11-17","1,178.60","1,178.30","1,183.60","1,175.80","","0.03%"
"2010-11-16","1,178.30","1,194.80","1,194.80","1,173.00","","-1.63%"
"2010-11-15","1,197.80","1,200.40","1,207.40","1,197.20","","-0.12%"
"2010-11-12","1,199.20","1,209.10","1,210.50","1,194.10","","-1.18%"
"2010-11-11","1,213.50","1,213.00","1,215.50","1,204.50","","-0.43%"
"2010-11-10","1,218.70","1,213.10","1,218.80","1,204.30","","0.44%"
"2010-11-09","1,213.40","1,223.60","1,226.80","1,208.90","","-0.80%"
"2010-11-08","1,223.20","1,223.20","1,224.60","1,217.50","","-0.21%"
"2010-11-05","1,225.80","1,221.20","1,227.10","1,220.30","","0.38%"
"2010-11-04","1,221.10","1,198.30","1,221.20","1,198.30","","1.93%"
"2010-11-03","1,198.00","1,193.80","1,198.30","1,183.60","","0.37%"
"2010-11-02","1,193.60","1,187.90","1,195.90","1,187.90","","0.78%"
"2010-11-01","1,184.40","1,185.70","1,195.80","1,177.70","","0.09%"
"2010-10-29","1,183.30","1,183.90","1,185.50","1,179.70","","-0.04%"
"2010-10-28","1,183.80","1,184.50","1,189.50","1,177.10","","0.11%"
"2010-10-27","1,182.50","1,183.80","1,183.80","1,171.70","","-0.26%"
"2010-10-26","1,185.60","1,184.90","1,187.10","1,177.70","","0.00%"
"2010-10-25","1,185.60","1,184.70","1,196.10","1,184.70","","0.21%"
"2010-10-22","1,183.10","1,180.50","1,183.90","1,179.00","","0.24%"
"2010-10-21","1,180.30","1,179.80","1,189.40","1,171.20","","0.18%"
"2010-10-20","1,178.20","1,166.70","1,182.90","1,166.70","","1.05%"
"2010-10-19","1,165.90","1,178.60","1,178.60","1,159.70","","-1.59%"
"2010-10-18","1,184.70","1,176.80","1,185.50","1,174.50","","0.72%"
"2010-10-15","1,176.20","1,177.50","1,181.20","1,167.10","","0.20%"
"2010-10-14","1,173.80","1,177.80","1,178.90","1,166.70","","-0.36%"
"2010-10-13","1,178.10","1,171.30","1,184.40","1,171.30","","0.71%"
"2010-10-12","1,169.80","1,164.30","1,172.60","1,155.70","","0.39%"
"2010-10-11","1,165.30","1,165.30","1,168.70","1,162.00","","0.01%"
"2010-10-08","1,165.20","1,158.40","1,167.70","1,155.60","","0.61%"
"2010-10-07","1,158.10","1,161.60","1,163.90","1,151.40","","-0.16%"
"2010-10-06","1,160.00","1,159.80","1,162.30","1,154.80","","-0.07%"
"2010-10-05","1,160.80","1,140.70","1,162.80","1,140.70","","2.09%"
"2010-10-04","1,137.00","1,145.00","1,148.20","1,131.90","","-0.80%"
"2010-10-01","1,146.20","1,143.50","1,150.30","1,139.40","","0.44%"
"2010-09-30","1,141.20","1,146.00","1,157.20","1,136.10","","-0.31%"
"2010-09-29","1,144.70","1,146.80","1,148.60","1,140.30","","-0.26%"
"2010-09-28","1,147.70","1,142.30","1,150.00","1,132.10","","0.48%"
"2010-09-27","1,142.20","1,148.60","1,149.90","1,142.00","","-0.57%"
"2010-09-24","1,148.70","1,131.70","1,148.90","1,131.70","","2.12%"
"2010-09-23","1,124.80","1,131.10","1,136.80","1,122.80","","-0.84%"
"2010-09-22","1,134.30","1,139.50","1,144.40","1,131.60","","-0.48%"
"2010-09-21","1,139.80","1,142.80","1,148.60","1,136.20","","-0.25%"
"2010-09-20","1,142.70","1,126.60","1,144.90","1,126.60","","1.52%"
"2010-09-17","1,125.60","1,126.40","1,131.50","1,122.40","","0.08%"
"2010-09-16","1,124.70","1,123.90","1,125.40","1,118.90","","-0.04%"
"2010-09-15","1,125.10","1,119.40","1,126.50","1,114.60","","0.36%"
"2010-09-14","1,121.10","1,121.20","1,127.40","1,115.60","","-0.07%"
"2010-09-13","1,121.90","1,113.40","1,123.90","1,113.40","","1.12%"
"2010-09-10","1,109.50","1,104.60","1,110.90","1,103.90","","0.48%"
"2010-09-09","1,104.20","1,101.20","1,110.30","1,101.20","","0.48%"
"2010-09-08","1,098.90","1,092.40","1,103.30","1,092.40","","0.65%"
"2010-09-07","1,091.80","1,102.60","1,102.60","1,091.20","","-1.15%"
"2010-09-03","1,104.50","1,093.60","1,105.10","1,093.60","","1.32%"
"2010-09-02","1,090.10","1,080.70","1,090.10","1,080.40","","0.91%"
"2010-09-01","1,080.30","1,049.70","1,081.30","1,049.70","","2.95%"
"2010-08-31","1,049.30","1,046.90","1,055.10","1,040.90","","0.04%"
"2010-08-30","1,048.90","1,062.90","1,064.40","1,048.80","","-1.47%"
"2010-08-27","1,064.60","1,049.30","1,065.20","1,039.70","","1.66%"
"2010-08-26","1,047.20","1,056.30","1,061.50","1,045.40","","-0.77%"
"2010-08-25","1,055.30","1,049.00","1,059.40","1,039.80","","0.32%"
"2010-08-24","1,051.90","1,063.20","1,063.20","1,046.70","","-1.45%"
"2010-08-23","1,067.40","1,073.40","1,081.60","1,067.10","","-0.40%"
"2010-08-20","1,071.70","1,075.60","1,075.60","1,063.90","","-0.36%"
"2010-08-19","1,075.60","1,092.40","1,092.40","1,070.70","","-1.70%"
"2010-08-18","1,094.20","1,092.10","1,099.80","1,085.80","","0.16%"
"2010-08-17","1,092.50","1,081.20","1,100.10","1,081.20","","1.21%"
"2010-08-16","1,079.40","1,077.50","1,082.60","1,069.50","","0.02%"
"2010-08-13","1,079.20","1,082.20","1,086.20","1,079.00","","-0.41%"
"2010-08-12","1,083.60","1,081.50","1,086.70","1,076.70","","-0.54%"
"2010-08-11","1,089.50","1,116.90","1,116.90","1,088.50","","-2.82%"
"2010-08-10","1,121.10","1,122.90","1,127.20","1,111.60","","-0.59%"
"2010-08-09","1,127.80","1,122.80","1,129.20","1,120.90","","0.55%"
"2010-08-06","1,121.60","1,122.10","1,123.10","1,107.20","","-0.37%"
"2010-08-05","1,125.80","1,125.80","1,126.60","1,118.80","","-0.12%"
"2010-08-04","1,127.20","1,121.10","1,128.80","1,119.50","","0.60%"
"2010-08-03","1,120.50","1,125.30","1,125.40","1,116.80","","-0.48%"
"2010-08-02","1,125.90","1,107.50","1,127.30","1,107.50","","2.21%"
"2010-07-30","1,101.60","1,098.40","1,106.40","1,088.00","","0.01%"
"2010-07-29","1,101.50","1,108.10","1,115.90","1,092.80","","-0.42%"
"2010-07-28","1,106.10","1,112.80","1,114.70","1,103.10","","-0.69%"
"2010-07-27","1,113.80","1,117.40","1,121.00","1,109.80","","-0.11%"
"2010-07-26","1,115.00","1,102.90","1,115.00","1,101.30","","1.12%"
"2010-07-23","1,102.70","1,092.20","1,103.70","1,087.90","","0.82%"
"2010-07-22","1,093.70","1,072.10","1,097.50","1,072.10","","2.25%"
"2010-07-21","1,069.60","1,086.70","1,089.00","1,065.20","","-1.28%"
"2010-07-20","1,083.50","1,064.50","1,083.90","1,056.90","","1.15%"
"2010-07-19","1,071.20","1,066.80","1,074.70","1,061.10","","0.59%"
"2010-07-16","1,064.90","1,093.80","1,093.80","1,063.30","","-2.88%"
"2010-07-15","1,096.50","1,094.50","1,098.70","1,080.50","","0.12%"
"2010-07-14","1,095.20","1,095.60","1,099.10","1,087.70","","-0.01%"
"2010-07-13","1,095.30","1,080.70","1,099.50","1,080.70","","1.53%"
"2010-07-12","1,078.80","1,077.20","1,080.80","1,070.50","","0.07%"
"2010-07-09","1,078.00","1,070.50","1,078.20","1,068.10","","0.73%"
"2010-07-08","1,070.20","1,062.90","1,071.20","1,058.20","","0.93%"
"2010-07-07","1,060.30","1,028.50","1,060.90","1,028.50","","3.13%"
"2010-07-06","1,028.10","1,028.10","1,042.50","1,018.40","","0.54%"
"2010-07-02","1,022.60","1,027.70","1,033.00","1,015.90","","-0.47%"
"2010-07-01","1,027.40","1,031.10","1,033.60","1,010.90","","-0.32%"
"2010-06-30","1,030.70","1,040.60","1,048.10","1,028.30","","-1.01%"
"2010-06-29","1,041.20","1,071.10","1,071.10","1,035.20","","-3.11%"
"2010-06-28","1,074.60","1,077.50","1,082.60","1,071.50","","-0.20%"
"2010-06-25","1,076.80","1,075.10","1,083.60","1,067.90","","0.29%"
"2010-06-24","1,073.70","1,090.90","1,090.90","1,071.60","","-1.68%"
"2010-06-23","1,092.00","1,095.60","1,099.60","1,085.30","","-0.30%"
"2010-06-22","1,095.30","1,113.90","1,118.50","1,094.20","","-1.61%"
"2010-06-21","1,113.20","1,122.80","1,131.20","1,108.20","","-0.38%"
"2010-06-18","1,117.50","1,116.20","1,121.00","1,113.90","","0.13%"
"2010-06-17","1,116.00","1,116.00","1,117.70","1,105.90","","0.13%"
"2010-06-16","1,114.60","1,114.00","1,118.70","1,107.10","","-0.05%"
"2010-06-15","1,115.20","1,091.20","1,115.60","1,091.20","","2.35%"
"2010-06-14","1,089.60","1,095.00","1,105.90","1,089.00","","-0.18%"
"2010-06-11","1,091.60","1,082.70","1,092.20","1,077.10","","0.44%"
"2010-06-10","1,086.80","1,058.80","1,087.80","1,058.80","","2.95%"
"2010-06-09","1,055.70","1,062.80","1,077.70","1,052.20","","-0.59%"
"2010-06-08","1,062.00","1,050.80","1,063.20","1,042.20","","1.09%"
"2010-06-07","1,050.50","1,065.80","1,071.40","1,049.90","","-1.35%"
"2010-06-04","1,064.90","1,098.40","1,098.40","1,060.50","","-3.44%"
"2010-06-03","1,102.80","1,098.80","1,105.70","1,091.80","","0.40%"
"2010-06-02","1,098.40","1,073.00","1,098.60","1,072.00","","2.59%"
"2010-06-01","1,070.70","1,087.30","1,094.80","1,069.90","","-1.72%"
"2010-05-28","1,089.40","1,102.60","1,102.60","1,084.80","","-1.24%"
"2010-05-27","1,103.10","1,074.30","1,103.50","1,074.30","","3.29%"
"2010-05-26","1,068.00","1,075.50","1,090.80","1,065.60","","-0.56%"
"2010-05-25","1,074.00","1,067.40","1,074.80","1,040.80","","0.03%"
"2010-05-24","1,073.70","1,084.80","1,090.00","1,072.70","","-1.29%"
"2010-05-21","1,087.70","1,067.30","1,090.20","1,055.90","","1.50%"
"2010-05-20","1,071.60","1,107.30","1,107.30","1,071.60","","-3.89%"
"2010-05-19","1,115.00","1,119.60","1,124.30","1,100.70","","-0.52%"
"2010-05-18","1,120.80","1,138.80","1,148.70","1,117.20","","-1.42%"
"2010-05-17","1,136.90","1,136.50","1,141.90","1,115.00","","0.11%"
"2010-05-14","1,135.70","1,157.20","1,157.20","1,126.10","","-1.87%"
"2010-05-13","1,157.40","1,170.00","1,173.60","1,156.10","","-1.22%"
"2010-05-12","1,171.70","1,155.40","1,172.90","1,155.40","","1.38%"
"2010-05-11","1,155.80","1,156.40","1,170.50","1,147.70","","-0.34%"
"2010-05-10","1,159.70","1,122.30","1,163.80","1,122.30","","4.39%"
"2010-05-07","1,110.90","1,127.00","1,135.10","1,094.20","","-1.53%"
"2010-05-06","1,128.20","1,164.40","1,167.60","1,065.80","","-3.23%"
"2010-05-05","1,165.90","1,169.20","1,176.00","1,158.20","","-0.66%"
"2010-05-04","1,173.60","1,197.50","1,197.50","1,168.10","","-2.39%"
"2010-05-03","1,202.30","1,188.60","1,205.10","1,188.60","","1.31%"
"2010-04-30","1,186.70","1,206.80","1,208.00","1,186.30","","-1.67%"
"2010-04-29","1,206.80","1,193.30","1,209.40","1,193.30","","1.29%"
"2010-04-28","1,191.40","1,184.60","1,195.00","1,181.80","","0.65%"
"2010-04-27","1,183.70","1,209.90","1,211.40","1,181.60","","-2.33%"
"2010-04-26","1,212.00","1,217.10","1,219.80","1,211.10","","-0.44%"
"2010-04-23","1,217.30","1,207.90","1,217.30","1,205.10","","0.71%"
"2010-04-22","1,208.70","1,202.50","1,210.30","1,190.20","","0.23%"
"2010-04-21","1,205.90","1,207.20","1,211.00","1,198.80","","-0.11%"
"2010-04-20","1,207.20","1,199.00","1,208.60","1,199.00","","0.81%"
"2010-04-19","1,197.50","1,192.10","1,197.90","1,183.70","","0.45%"
"2010-04-16","1,192.10","1,210.20","1,210.20","1,186.80","","-1.62%"
"2010-04-15","1,211.70","1,210.80","1,213.90","1,208.50","","0.08%"
"2010-04-14","1,210.70","1,198.70","1,210.70","1,198.70","","1.12%"
"2010-04-13","1,197.30","1,195.90","1,199.00","1,188.80","","0.07%"
"2010-04-12","1,196.50","1,194.90","1,199.20","1,194.70","","0.18%"
"2010-04-09","1,194.40","1,187.50","1,194.70","1,187.20","","0.67%"
"2010-04-08","1,186.40","1,181.80","1,188.50","1,175.10","","0.33%"
"2010-04-07","1,182.50","1,188.20","1,189.60","1,177.20","","-0.58%"
"2010-04-06","1,189.40","1,186.00","1,191.80","1,182.80","","0.17%"
"2010-04-05","1,187.40","1,178.70","1,187.70","1,178.70","","0.79%"
"2010-04-01","1,178.10","1,171.20","1,181.40","1,170.70","","0.74%"
"2010-03-31","1,169.40","1,171.80","1,174.60","1,165.80","","-0.33%"
"2010-03-30","1,173.30","1,173.80","1,177.80","1,168.90","","0.01%"
"2010-03-29","1,173.20","1,167.70","1,174.80","1,167.70","","0.57%"
"2010-03-26","1,166.60","1,167.60","1,173.90","1,161.50","","0.08%"
"2010-03-25","1,165.70","1,170.00","1,180.70","1,165.10","","-0.17%"
"2010-03-24","1,167.70","1,172.70","1,173.00","1,166.00","","-0.55%"
"2010-03-23","1,174.20","1,166.50","1,174.70","1,163.80","","0.72%"
"2010-03-22","1,165.80","1,157.20","1,167.80","1,152.90","","0.51%"
"2010-03-19","1,159.90","1,166.70","1,169.20","1,155.30","","-0.51%"
"2010-03-18","1,165.80","1,166.10","1,167.80","1,161.20","","-0.03%"
"2010-03-17","1,166.20","1,159.90","1,169.80","1,159.90","","0.58%"
"2010-03-16","1,159.50","1,150.80","1,160.30","1,150.30","","0.78%"
"2010-03-15","1,150.50","1,148.50","1,151.00","1,141.50","","0.04%"
"2010-03-12","1,150.00","1,151.70","1,153.40","1,147.00","","-0.02%"
"2010-03-11","1,150.20","1,144.00","1,150.20","1,139.00","","0.40%"
"2010-03-10","1,145.60","1,140.20","1,148.30","1,140.10","","0.45%"
"2010-03-09","1,140.50","1,137.60","1,145.40","1,134.90","","0.18%"
"2010-03-08","1,138.50","1,138.40","1,141.00","1,136.80","","-0.02%"
"2010-03-05","1,138.70","1,125.10","1,139.40","1,125.10","","1.40%"
"2010-03-04","1,123.00","1,119.10","1,123.70","1,116.70","","0.38%"
"2010-03-03","1,118.80","1,119.40","1,125.60","1,116.60","","0.04%"
"2010-03-02","1,118.30","1,117.00","1,123.50","1,116.50","","0.23%"
"2010-03-01","1,115.70","1,105.40","1,116.10","1,105.40","","1.01%"
"2010-02-26","1,104.50","1,103.10","1,107.20","1,097.60","","0.15%"
"2010-02-25","1,102.90","1,101.20","1,103.50","1,086.00","","-0.21%"
"2010-02-24","1,105.20","1,095.90","1,106.40","1,095.50","","0.97%"
"2010-02-23","1,094.60","1,107.50","1,108.60","1,092.20","","-1.21%"
"2010-02-22","1,108.00","1,110.00","1,112.30","1,105.40","","-0.11%"
"2010-02-19","1,109.20","1,105.50","1,112.40","1,100.80","","0.22%"
"2010-02-18","1,106.80","1,099.00","1,108.20","1,097.50","","0.66%"
"2010-02-17","1,099.50","1,096.10","1,101.00","1,094.70","","0.42%"
"2010-02-16","1,094.90","1,079.10","1,095.70","1,079.10","","1.80%"
"2010-02-12","1,075.50","1,076.00","1,077.80","1,063.00","","-0.28%"
"2010-02-11","1,078.50","1,067.10","1,080.00","1,060.60","","0.97%"
"2010-02-10","1,068.10","1,069.70","1,073.70","1,059.30","","-0.22%"
"2010-02-09","1,070.50","1,060.10","1,079.30","1,060.10","","1.31%"
"2010-02-08","1,056.70","1,065.50","1,071.20","1,056.50","","-0.89%"
"2010-02-05","1,066.20","1,064.10","1,067.10","1,044.50","","0.29%"
"2010-02-04","1,063.10","1,097.20","1,097.20","1,062.80","","-3.12%"
"2010-02-03","1,097.30","1,100.70","1,102.70","1,094.00","","-0.54%"
"2010-02-02","1,103.30","1,090.00","1,104.70","1,088.00","","1.29%"
"2010-02-01","1,089.20","1,073.90","1,089.40","1,073.90","","1.42%"
"2010-01-29","1,073.90","1,087.60","1,096.50","1,071.60","","-0.98%"
"2010-01-28","1,084.50","1,096.90","1,100.20","1,078.50","","-1.18%"
"2010-01-27","1,097.50","1,091.90","1,099.50","1,083.10","","0.49%"
"2010-01-26","1,092.20","1,095.80","1,103.70","1,089.90","","-0.42%"
"2010-01-25","1,096.80","1,092.40","1,103.00","1,092.40","","0.46%"
"2010-01-22","1,091.80","1,115.50","1,115.50","1,090.20","","-2.21%"
"2010-01-21","1,116.50","1,138.70","1,141.60","1,114.80","","-1.89%"
"2010-01-20","1,138.00","1,148.00","1,148.00","1,129.20","","-1.06%"
"2010-01-19","1,150.20","1,136.00","1,150.50","1,135.80","","1.25%"
"2010-01-15","1,136.00","1,147.70","1,147.80","1,131.40","","-1.09%"
"2010-01-14","1,148.50","1,145.70","1,150.40","1,143.80","","0.24%"
"2010-01-13","1,145.70","1,137.30","1,148.40","1,133.20","","0.84%"
"2010-01-12","1,136.20","1,143.80","1,143.80","1,131.80","","-0.94%"
"2010-01-11","1,147.00","1,146.00","1,149.70","1,142.00","","0.17%"
"2010-01-08","1,145.00","1,140.50","1,145.40","1,136.20","","0.29%"
"2010-01-07","1,141.70","1,136.30","1,142.50","1,131.30","","0.40%"
"2010-01-06","1,137.10","1,135.70","1,139.20","1,134.00","","0.05%"
"2010-01-05","1,136.50","1,132.70","1,136.60","1,129.70","","0.31%"
"2010-01-04","1,133.00","1,116.60","1,133.90","1,116.60","","1.61%"
"2009-12-31","1,115.10","1,126.60","1,127.60","1,114.80","","-1.00%"
"2009-12-30","1,126.40","1,125.50","1,126.40","1,121.90","","0.02%"
"2009-12-29","1,126.20","1,128.50","1,130.40","1,126.10","","-0.14%"
"2009-12-28","1,127.80","1,127.50","1,130.40","1,123.50","","0.12%"
"2009-12-24","1,126.50","1,121.10","1,126.50","1,121.10","","0.53%"
"2009-12-23","1,120.60","1,118.80","1,121.60","1,116.00","","0.23%"
"2009-12-22","1,118.00","1,114.50","1,120.30","1,114.50","","0.36%"
"2009-12-21","1,114.00","1,105.30","1,117.70","1,105.30","","1.04%"
"2009-12-18","1,102.50","1,097.90","1,103.70","1,093.90","","0.58%"
"2009-12-17","1,096.10","1,106.40","1,106.40","1,095.90","","-1.18%"
"2009-12-16","1,109.20","1,108.60","1,116.20","1,108.00","","0.12%"
"2009-12-15","1,107.90","1,114.10","1,114.10","1,105.30","","-0.56%"
"2009-12-14","1,114.10","1,107.80","1,114.80","1,107.80","","0.70%"
"2009-12-11","1,106.40","1,104.00","1,108.50","1,101.30","","0.37%"
"2009-12-10","1,102.30","1,098.70","1,106.20","1,098.70","","0.57%"
"2009-12-09","1,096.00","1,091.10","1,097.00","1,085.90","","0.38%"
"2009-12-08","1,091.90","1,103.00","1,103.00","1,088.60","","-1.02%"
"2009-12-07","1,103.20","1,105.50","1,110.70","1,100.80","","-0.25%"
"2009-12-04","1,106.00","1,100.40","1,119.10","1,096.50","","0.55%"
"2009-12-03","1,099.90","1,110.60","1,117.30","1,098.70","","-0.84%"
"2009-12-02","1,109.20","1,109.00","1,115.60","1,105.30","","0.03%"
"2009-12-01","1,108.90","1,098.90","1,112.30","1,098.90","","1.21%"
"2009-11-30","1,095.60","1,091.10","1,097.20","1,086.20","","0.38%"
"2009-11-27","1,091.50","1,105.50","1,105.50","1,083.70","","-1.72%"
"2009-11-25","1,110.60","1,106.50","1,111.20","1,104.80","","0.44%"
"2009-11-24","1,105.70","1,105.80","1,107.60","1,097.60","","-0.05%"
"2009-11-23","1,106.20","1,094.90","1,112.40","1,094.90","","1.36%"
"2009-11-20","1,091.40","1,094.70","1,094.70","1,086.80","","-0.32%"
"2009-11-19","1,094.90","1,106.40","1,106.40","1,088.40","","-1.34%"
"2009-11-18","1,109.80","1,109.40","1,111.10","1,102.70","","-0.05%"
"2009-11-17","1,110.30","1,109.20","1,110.50","1,102.20","","0.09%"
"2009-11-16","1,109.30","1,094.10","1,113.70","1,094.10","","1.44%"
"2009-11-13","1,093.50","1,087.60","1,097.80","1,085.30","","0.58%"
"2009-11-12","1,087.20","1,098.30","1,102.00","1,084.90","","-1.03%"
"2009-11-11","1,098.50","1,096.00","1,105.40","1,093.80","","0.50%"
"2009-11-10","1,093.00","1,091.90","1,096.40","1,087.40","","-0.01%"
"2009-11-09","1,093.10","1,072.30","1,093.20","1,072.30","","2.23%"
"2009-11-06","1,069.30","1,065.00","1,071.50","1,059.30","","0.25%"
"2009-11-05","1,066.60","1,047.30","1,066.70","1,047.30","","1.92%"
"2009-11-04","1,046.50","1,047.10","1,061.00","1,045.20","","0.11%"
"2009-11-03","1,045.40","1,040.90","1,046.40","1,033.90","","0.24%"
"2009-11-02","1,042.90","1,036.20","1,052.20","1,029.40","","0.65%"
"2009-10-30","1,036.20","1,065.40","1,065.40","1,033.40","","-2.80%"
"2009-10-29","1,066.10","1,043.70","1,066.80","1,043.70","","2.25%"
"2009-10-28","1,042.60","1,061.50","1,063.30","1,042.20","","-1.96%"
"2009-10-27","1,063.40","1,067.50","1,072.50","1,060.60","","-0.34%"
"2009-10-26","1,067.00","1,080.40","1,091.80","1,065.20","","-1.17%"
"2009-10-23","1,079.60","1,095.60","1,095.80","1,075.50","","-1.22%"
"2009-10-22","1,092.90","1,081.00","1,095.20","1,074.30","","1.06%"
"2009-10-21","1,081.40","1,090.40","1,101.40","1,080.80","","-0.89%"
"2009-10-20","1,091.10","1,098.60","1,098.60","1,086.20","","-0.62%"
"2009-10-19","1,097.90","1,088.20","1,100.20","1,086.50","","0.94%"
"2009-10-16","1,087.70","1,094.70","1,094.70","1,081.50","","-0.81%"
"2009-10-15","1,096.60","1,090.40","1,096.60","1,086.40","","0.42%"
"2009-10-14","1,092.00","1,078.70","1,093.20","1,078.70","","1.75%"
"2009-10-13","1,073.20","1,075.00","1,075.30","1,066.70","","-0.28%"
"2009-10-12","1,076.20","1,071.60","1,079.50","1,071.60","","0.44%"
"2009-10-09","1,071.50","1,065.30","1,071.50","1,063.00","","0.56%"
"2009-10-08","1,065.50","1,060.00","1,070.70","1,060.00","","0.75%"
"2009-10-07","1,057.60","1,053.70","1,058.00","1,050.10","","0.27%"
"2009-10-06","1,054.70","1,042.00","1,060.50","1,042.00","","1.36%"
"2009-10-05","1,040.50","1,026.90","1,042.60","1,025.90","","1.49%"
"2009-10-02","1,025.20","1,029.70","1,030.60","1,020.00","","-0.45%"
"2009-10-01","1,029.80","1,054.90","1,054.90","1,029.50","","-2.58%"
"2009-09-30","1,057.10","1,061.00","1,063.40","1,046.50","","-0.33%"
"2009-09-29","1,060.60","1,063.70","1,069.60","1,057.80","","-0.23%"
"2009-09-28","1,063.00","1,045.40","1,065.10","1,045.40","","1.78%"
"2009-09-25","1,044.40","1,049.50","1,053.50","1,041.20","","-0.61%"
"2009-09-24","1,050.80","1,062.60","1,066.30","1,045.80","","-0.95%"
"2009-09-23","1,060.90","1,072.70","1,080.20","1,060.40","","-1.01%"
"2009-09-22","1,071.70","1,066.30","1,073.80","1,066.30","","0.66%"
"2009-09-21","1,064.70","1,067.10","1,067.30","1,057.50","","-0.34%"
"2009-09-18","1,068.30","1,066.60","1,071.50","1,064.30","","0.26%"
"2009-09-17","1,065.50","1,067.90","1,074.80","1,061.20","","-0.31%"
"2009-09-16","1,068.80","1,054.00","1,068.80","1,052.90","","1.54%"
"2009-09-15","1,052.60","1,049.00","1,056.00","1,043.40","","0.31%"
"2009-09-14","1,049.30","1,040.20","1,049.70","1,035.00","","0.63%"
"2009-09-11","1,042.70","1,043.90","1,048.20","1,038.40","","-0.13%"
"2009-09-10","1,044.10","1,033.00","1,044.10","1,028.00","","1.04%"
"2009-09-09","1,033.40","1,025.40","1,036.30","1,024.00","","0.78%"
"2009-09-08","1,025.40","1,018.70","1,026.10","1,018.70","","0.89%"
"2009-09-04","1,016.40","1,003.80","1,016.50","1,001.60","","1.32%"
"2009-09-03","1,003.20","996.10","1,003.40","992.20","","0.84%"
"2009-09-02","994.80","996.10","1,000.30","992.00","","-0.32%"
"2009-09-01","998.00","1,019.50","1,028.50","996.30","","-2.21%"
"2009-08-31","1,020.60","1,025.20","1,025.20","1,014.60","","-0.81%"
"2009-08-28","1,028.90","1,031.60","1,039.50","1,023.10","","-0.20%"
"2009-08-27","1,031.00","1,027.80","1,033.30","1,016.20","","0.28%"
"2009-08-26","1,028.10","1,027.30","1,032.50","1,021.60","","0.01%"
"2009-08-25","1,028.00","1,026.60","1,037.80","1,026.20","","0.23%"
"2009-08-24","1,025.60","1,026.60","1,035.80","1,022.50","","-0.05%"
"2009-08-21","1,026.10","1,009.10","1,027.60","1,009.10","","1.86%"
"2009-08-20","1,007.40","996.40","1,008.90","996.40","","1.09%"
"2009-08-19","996.50","986.90","999.60","980.60","","0.69%"
"2009-08-18","989.70","980.60","991.20","980.60","","1.02%"
"2009-08-17","979.70","998.20","998.20","978.50","","-2.43%"
"2009-08-14","1,004.10","1,012.20","1,012.60","994.60","","-0.85%"
"2009-08-13","1,012.70","1,005.90","1,013.10","1,000.80","","0.69%"
"2009-08-12","1,005.80","994.00","1,012.80","993.40","","1.15%"
"2009-08-11","994.40","1,005.80","1,005.80","992.40","","-1.26%"
"2009-08-10","1,007.10","1,008.90","1,010.10","1,001.00","","-0.34%"
"2009-08-07","1,010.50","999.80","1,018.00","999.80","","1.34%"
"2009-08-06","997.10","1,004.10","1,008.00","992.50","","-0.56%"
"2009-08-05","1,002.70","1,005.40","1,006.60","994.30","","-0.29%"
"2009-08-04","1,005.60","1,001.40","1,007.10","996.70","","0.30%"
"2009-08-03","1,002.60","990.20","1,003.60","990.20","","1.53%"
"2009-07-31","987.50","986.80","993.20","982.90","","0.07%"
"2009-07-30","986.80","976.00","996.70","976.00","","1.20%"
"2009-07-29","975.10","977.70","977.80","968.60","","-0.46%"
"2009-07-28","979.60","981.50","982.40","969.40","","-0.26%"
"2009-07-27","982.20","978.60","982.50","972.30","","0.30%"
"2009-07-24","979.30","972.20","979.80","966.00","","0.31%"
"2009-07-23","976.30","954.10","979.40","953.30","","2.33%"
"2009-07-22","954.10","953.40","959.80","947.80","","-0.05%"
"2009-07-21","954.60","952.00","956.50","943.20","","0.37%"
"2009-07-20","951.10","942.10","951.60","941.00","","1.14%"
"2009-07-17","940.40","940.60","941.90","934.60","","-0.03%"
"2009-07-16","940.70","930.20","944.00","927.50","","0.86%"
"2009-07-15","932.70","910.10","934.00","910.10","","2.97%"
"2009-07-14","905.80","900.80","905.80","896.50","","0.53%"
"2009-07-13","901.00","879.60","901.00","875.30","","2.49%"
"2009-07-10","879.10","880.00","883.60","872.80","","-0.41%"
"2009-07-09","882.70","881.30","887.90","878.50","","0.35%"
"2009-07-08","879.60","881.90","886.80","869.30","","-0.16%"
"2009-07-07","881.00","898.60","898.60","879.90","","-1.97%"
"2009-07-06","898.70","894.30","898.70","886.40","","0.26%"
"2009-07-02","896.40","921.20","921.20","896.40","","-2.91%"
"2009-07-01","923.30","920.80","931.90","920.80","","0.44%"
"2009-06-30","919.30","927.10","930.00","912.90","","-0.85%"
"2009-06-29","927.20","919.90","928.00","916.20","","0.90%"
"2009-06-26","918.90","918.80","922.00","913.00","","-0.15%"
"2009-06-25","920.30","899.50","921.40","896.30","","2.15%"
"2009-06-24","900.90","896.30","910.90","896.30","","0.65%"
"2009-06-23","895.10","893.50","898.70","888.90","","0.24%"
"2009-06-22","893.00","918.10","918.10","893.00","","-3.06%"
"2009-06-19","921.20","920.00","927.10","915.80","","0.30%"
"2009-06-18","918.40","910.90","921.90","907.90","","0.85%"
"2009-06-17","910.70","911.90","918.40","903.80","","-0.14%"
"2009-06-16","912.00","925.60","928.00","911.60","","-1.27%"
"2009-06-15","923.70","942.50","942.50","919.60","","-2.38%"
"2009-06-12","946.20","943.40","946.30","935.70","","0.14%"
"2009-06-11","944.90","939.00","956.20","939.00","","0.62%"
"2009-06-10","939.10","942.70","949.80","928.00","","-0.35%"
"2009-06-09","942.40","940.40","946.90","936.10","","0.35%"
"2009-06-08","939.10","938.10","946.30","926.40","","-0.11%"
"2009-06-05","940.10","945.70","951.70","934.10","","-0.25%"
"2009-06-04","942.50","932.50","942.50","929.30","","1.15%"
"2009-06-03","931.80","942.50","942.50","923.90","","-1.37%"
"2009-06-02","944.70","942.90","949.40","938.50","","0.19%"
"2009-06-01","942.90","923.30","947.80","923.30","","2.59%"
"2009-05-29","919.10","907.00","920.00","903.60","","1.36%"
"2009-05-28","906.80","893.00","909.50","887.60","","1.53%"
"2009-05-27","893.10","910.00","913.80","891.90","","-1.89%"
"2009-05-26","910.30","887.00","911.80","881.50","","2.63%"
"2009-05-22","887.00","888.70","896.60","883.80","","-0.15%"
"2009-05-21","888.30","900.40","900.40","879.60","","-1.68%"
"2009-05-20","903.50","908.60","924.60","901.40","","-0.51%"
"2009-05-19","908.10","909.70","916.40","905.20","","-0.18%"
"2009-05-18","909.70","886.10","910.00","886.10","","3.04%"
"2009-05-15","882.90","892.80","897.00","878.90","","-1.14%"
"2009-05-14","893.10","884.20","898.40","882.50","","1.04%"
"2009-05-13","883.90","905.40","905.40","882.80","","-2.70%"
"2009-05-12","908.40","910.50","915.60","896.50","","-0.09%"
"2009-05-11","909.20","923.00","923.00","908.70","","-2.15%"
"2009-05-08","929.20","909.00","930.20","909.00","","2.40%"
"2009-05-07","907.40","919.60","929.60","901.40","","-1.32%"
"2009-05-06","919.50","904.00","920.30","904.00","","1.74%"
"2009-05-05","903.80","906.10","907.70","897.30","","-0.37%"
"2009-05-04","907.20","879.20","907.90","879.20","","3.38%"
"2009-05-01","877.50","872.70","880.50","866.10","","0.54%"
"2009-04-30","872.80","876.60","888.70","868.50","","-0.09%"
"2009-04-29","873.60","856.90","882.10","856.90","","2.15%"
"2009-04-28","855.20","854.50","864.50","847.10","","-0.27%"
"2009-04-27","857.50","862.80","868.80","854.60","","-1.00%"
"2009-04-24","866.20","853.90","871.80","853.90","","1.68%"
"2009-04-23","851.90","844.60","852.90","835.50","","1.00%"
"2009-04-22","843.50","847.30","861.80","840.60","","-0.78%"
"2009-04-21","850.10","831.20","850.10","826.80","","2.13%"
"2009-04-20","832.40","868.30","868.30","832.40","","-4.28%"
"2009-04-17","869.60","865.20","875.60","860.90","","0.50%"
"2009-04-16","865.30","854.50","870.40","847.00","","1.55%"
"2009-04-15","852.10","839.40","852.90","835.60","","1.26%"
"2009-04-14","841.50","856.90","856.90","840.20","","-2.00%"
"2009-04-13","858.70","855.30","864.30","845.40","","0.25%"
"2009-04-09","856.60","829.30","856.90","829.30","","3.81%"
"2009-04-08","825.20","816.80","828.40","814.80","","1.19%"
"2009-04-07","815.50","834.10","834.10","814.50","","-2.39%"
"2009-04-06","835.50","839.80","839.80","822.80","","-0.83%"
"2009-04-03","842.50","835.10","842.50","826.70","","0.97%"
"2009-04-02","834.40","814.50","845.60","814.50","","2.87%"
"2009-04-01","811.10","793.60","813.60","783.30","","1.65%"
"2009-03-31","797.90","790.90","810.50","790.90","","1.32%"
"2009-03-30","787.50","809.10","809.10","779.80","","-3.48%"
"2009-03-27","815.90","828.70","828.70","813.40","","-2.04%"
"2009-03-26","832.90","814.10","833.00","814.10","","2.33%"
"2009-03-25","813.90","806.80","826.80","791.40","","0.97%"
"2009-03-24","806.10","820.60","823.60","805.50","","-2.04%"
"2009-03-23","822.90","772.30","823.40","772.30","","7.08%"
"2009-03-20","768.50","784.60","788.90","766.20","","-1.98%"
"2009-03-19","784.00","797.90","803.20","781.80","","-1.31%"
"2009-03-18","794.40","776.00","803.00","765.60","","2.09%"
"2009-03-17","778.10","753.90","778.10","749.90","","3.21%"
"2009-03-16","753.90","758.80","774.50","753.40","","-0.34%"
"2009-03-13","756.50","752.00","758.30","742.50","","0.77%"
"2009-03-12","750.70","720.90","752.60","714.80","","4.06%"
"2009-03-11","721.40","719.60","731.90","713.90","","0.25%"
"2009-03-10","719.60","679.30","719.60","679.30","","6.37%"
"2009-03-09","676.50","680.80","695.30","672.90","","-1.01%"
"2009-03-06","683.40","684.00","699.10","666.80","","0.13%"
"2009-03-05","682.50","708.30","708.30","677.90","","-4.26%"
"2009-03-04","712.90","698.60","724.10","698.60","","2.38%"
"2009-03-03","696.30","704.40","711.70","692.30","","-0.64%"
"2009-03-02","700.80","729.60","729.60","699.70","","-4.67%"
"2009-02-27","735.10","749.90","751.30","734.50","","-2.35%"
"2009-02-26","752.80","765.80","779.40","751.80","","-1.58%"
"2009-02-25","764.90","770.60","780.10","752.90","","-1.06%"
"2009-02-24","773.10","744.70","775.50","744.70","","4.01%"
"2009-02-23","743.30","773.20","777.90","742.40","","-3.47%"
"2009-02-20","770.00","775.90","778.70","754.20","","-1.14%"
"2009-02-19","778.90","787.90","797.60","777.00","","-1.20%"
"2009-02-18","788.40","791.10","796.20","780.40","","-0.10%"
"2009-02-17","789.20","818.60","818.60","789.20","","-4.55%"
"2009-02-13","826.80","834.00","839.40","825.20","","-1.01%"
"2009-02-12","835.20","829.90","835.50","808.10","","0.18%"
"2009-02-11","833.70","827.40","838.20","822.30","","0.79%"
"2009-02-10","827.20","866.90","868.00","823.00","","-4.91%"
"2009-02-09","869.90","868.20","875.00","861.60","","0.15%"
"2009-02-06","868.60","846.10","870.80","845.40","","2.68%"
"2009-02-05","845.90","831.80","850.50","819.90","","1.65%"
"2009-02-04","832.20","837.80","851.90","829.20","","-0.75%"
"2009-02-03","838.50","825.70","842.60","822.00","","1.59%"
"2009-02-02","825.40","823.10","830.80","812.90","","-0.06%"
"2009-01-30","825.90","845.70","851.70","821.70","","-2.27%"
"2009-01-29","845.10","868.90","868.90","844.10","","-3.32%"
"2009-01-28","874.10","845.70","877.90","845.70","","3.36%"
"2009-01-27","845.70","837.30","850.50","835.40","","1.09%"
"2009-01-26","836.60","832.50","852.50","827.70","","0.55%"
"2009-01-23","832.00","822.20","838.60","806.10","","0.54%"
"2009-01-22","827.50","839.70","839.70","811.30","","-1.51%"
"2009-01-21","840.20","806.80","841.70","804.30","","4.35%"
"2009-01-20","805.20","849.60","849.60","804.50","","-5.28%"
"2009-01-16","850.10","844.50","858.10","830.70","","0.76%"
"2009-01-15","843.70","842.00","851.60","817.00","","0.13%"
"2009-01-14","842.60","867.30","867.30","836.90","","-3.35%"
"2009-01-13","871.80","869.80","877.00","862.00","","0.17%"
"2009-01-12","870.30","890.40","890.40","864.30","","-2.26%"
"2009-01-09","890.40","909.90","911.90","888.30","","-2.12%"
"2009-01-08","909.70","905.70","910.00","896.80","","0.34%"
"2009-01-07","906.60","927.50","927.50","902.40","","-3.01%"
"2009-01-06","934.70","931.20","943.90","927.30","","0.78%"
"2009-01-05","927.50","929.20","936.60","919.50","","-0.46%"
"2009-01-02","931.80","903.00","934.70","899.40","","3.17%"
"2008-12-31","903.20","890.60","910.30","889.70","","1.41%"
"2008-12-30","890.60","870.60","891.10","870.60","","2.44%"
"2008-12-29","869.40","872.40","873.70","857.10","","-0.39%"
"2008-12-26","872.80","869.50","873.70","866.50","","0.54%"
"2008-12-24","868.10","863.90","869.80","861.40","","0.57%"
"2008-12-23","863.20","874.30","880.40","860.10","","-0.96%"
"2008-12-22","871.60","887.20","887.40","857.10","","-1.84%"
"2008-12-19","887.90","887.00","905.50","883.00","","0.29%"
"2008-12-18","885.30","906.00","911.00","877.40","","-2.11%"
"2008-12-17","904.40","908.20","918.90","895.90","","-0.96%"
"2008-12-16","913.20","871.50","914.70","871.50","","5.13%"
"2008-12-15","868.60","881.10","884.60","857.70","","-1.26%"
"2008-12-12","879.70","871.80","883.20","851.40","","0.70%"
"2008-12-11","873.60","898.40","904.60","868.70","","-2.85%"
"2008-12-10","899.20","892.20","908.30","885.50","","1.18%"
"2008-12-09","888.70","906.50","916.30","885.40","","-2.31%"
"2008-12-08","909.70","882.70","918.60","882.70","","3.84%"
"2008-12-05","876.10","844.40","879.40","818.40","","3.66%"
"2008-12-04","845.20","869.80","875.60","833.60","","-2.93%"
"2008-12-03","870.70","843.60","873.10","827.60","","2.58%"
"2008-12-02","848.80","817.90","850.50","817.90","","3.99%"
"2008-12-01","816.20","888.60","888.60","815.70","","-8.93%"
"2008-11-28","896.20","886.90","896.20","881.20","","0.96%"
"2008-11-26","887.70","852.90","887.70","841.40","","3.53%"
"2008-11-25","857.40","853.40","868.90","835.00","","0.66%"
"2008-11-24","851.80","801.20","865.60","801.20","","6.47%"
"2008-11-21","800.00","755.80","801.20","741.00","","6.33%"
"2008-11-20","752.40","805.90","820.50","747.80","","-6.72%"
"2008-11-19","806.60","859.00","864.60","806.20","","-6.11%"
"2008-11-18","859.10","852.30","865.90","826.80","","0.98%"
"2008-11-17","850.80","873.20","882.30","849.00","","-2.58%"
"2008-11-14","873.30","904.40","916.90","869.90","","-4.17%"
"2008-11-13","911.30","853.10","913.00","818.70","","6.92%"
"2008-11-12","852.30","893.40","893.40","850.50","","-5.19%"
"2008-11-11","899.00","917.10","917.10","884.90","","-2.20%"
"2008-11-10","919.20","936.80","952.00","907.50","","-1.27%"
"2008-11-07","931.00","907.40","931.50","906.90","","2.88%"
"2008-11-06","904.90","952.40","952.40","899.70","","-5.03%"
"2008-11-05","952.80","1,001.80","1,001.80","949.90","","-5.27%"
"2008-11-04","1,005.80","971.30","1,007.50","971.30","","4.09%"
"2008-11-03","966.30","968.70","975.60","958.80","","-0.26%"
"2008-10-31","968.80","953.10","984.40","944.60","","1.54%"
"2008-10-30","954.10","939.40","963.20","928.50","","2.58%"
"2008-10-29","930.10","939.50","970.00","922.30","","-1.11%"
"2008-10-28","940.50","848.90","940.50","845.30","","10.79%"
"2008-10-27","848.90","874.30","893.80","846.80","","-3.18%"
"2008-10-24","876.80","895.20","896.30","852.90","","-3.45%"
"2008-10-23","908.10","899.10","922.80","858.40","","1.26%"
"2008-10-22","896.80","951.70","951.70","875.80","","-6.09%"
"2008-10-21","955.00","980.40","985.40","952.50","","-3.09%"
"2008-10-20","985.40","943.50","985.40","943.50","","4.77%"
"2008-10-17","940.50","942.30","984.60","918.70","","-0.62%"
"2008-10-16","946.40","909.50","947.70","865.80","","4.25%"
"2008-10-15","907.80","994.60","994.60","904.00","","-9.04%"
"2008-10-14","998.00","1,010.00","1,044.30","972.10","","-0.54%"
"2008-10-13","1,003.40","912.80","1,006.90","912.80","","11.59%"
"2008-10-10","899.20","902.30","936.40","839.80","","-1.18%"
"2008-10-09","909.90","988.40","1,005.20","909.20","","-7.61%"
"2008-10-08","984.90","988.90","1,021.10","971.00","","-1.13%"
"2008-10-07","996.20","1,057.60","1,072.90","996.20","","-5.74%"
"2008-10-06","1,056.90","1,097.60","1,097.60","1,008.00","","-3.85%"
"2008-10-03","1,099.20","1,115.20","1,153.80","1,098.10","","-1.36%"
"2008-10-02","1,114.30","1,160.60","1,160.60","1,111.40","","-4.03%"
"2008-10-01","1,161.10","1,164.20","1,167.00","1,140.80","","-0.45%"
"2008-09-30","1,166.40","1,113.80","1,168.00","1,113.80","","5.42%"
"2008-09-29","1,106.40","1,209.10","1,209.10","1,106.40","","-8.79%"
"2008-09-26","1,213.00","1,204.50","1,215.80","1,187.50","","0.31%"
"2008-09-25","1,209.20","1,187.90","1,220.00","1,187.90","","1.96%"
"2008-09-24","1,185.90","1,188.80","1,197.40","1,179.80","","-0.19%"
"2008-09-23","1,188.20","1,207.60","1,221.20","1,187.10","","-1.57%"
"2008-09-22","1,207.10","1,255.40","1,255.40","1,205.60","","-3.82%"
"2008-09-19","1,255.10","1,213.10","1,265.10","1,213.10","","4.03%"
"2008-09-18","1,206.50","1,157.10","1,211.10","1,133.50","","4.33%"
"2008-09-17","1,156.40","1,210.30","1,210.30","1,155.90","","-4.71%"
"2008-09-16","1,213.60","1,188.30","1,214.80","1,169.30","","1.75%"
"2008-09-15","1,192.70","1,250.90","1,250.90","1,192.70","","-4.71%"
"2008-09-12","1,251.70","1,245.90","1,255.10","1,233.80","","0.22%"
"2008-09-11","1,249.00","1,229.00","1,250.00","1,211.50","","1.38%"
"2008-09-10","1,232.00","1,227.50","1,243.90","1,221.60","","0.61%"
"2008-09-09","1,224.50","1,268.00","1,268.70","1,224.50","","-3.42%"
"2008-09-08","1,267.80","1,249.50","1,274.40","1,247.10","","2.05%"
"2008-09-05","1,242.30","1,233.20","1,244.90","1,217.20","","0.44%"
"2008-09-04","1,236.80","1,271.80","1,271.80","1,232.80","","-3.00%"
"2008-09-03","1,275.00","1,276.60","1,280.60","1,265.60","","-0.20%"
"2008-09-02","1,277.60","1,287.80","1,303.00","1,272.20","","-0.41%"
"2008-08-29","1,282.80","1,296.50","1,297.60","1,282.70","","-1.38%"
"2008-08-28","1,300.70","1,283.80","1,300.70","1,283.80","","1.48%"
"2008-08-27","1,281.70","1,271.30","1,285.00","1,270.00","","0.80%"
"2008-08-26","1,271.50","1,267.00","1,275.70","1,263.20","","0.37%"
"2008-08-25","1,266.80","1,290.50","1,290.50","1,264.90","","-1.97%"
"2008-08-22","1,292.20","1,277.60","1,293.10","1,277.60","","1.13%"
"2008-08-21","1,277.70","1,271.10","1,281.40","1,265.20","","0.25%"
"2008-08-20","1,274.50","1,267.30","1,276.00","1,261.20","","0.62%"
"2008-08-19","1,266.70","1,276.70","1,276.70","1,263.10","","-0.93%"
"2008-08-18","1,278.60","1,298.10","1,300.20","1,274.50","","-1.51%"
"2008-08-15","1,298.20","1,293.80","1,302.00","1,290.70","","0.41%"
"2008-08-14","1,292.90","1,282.10","1,300.10","1,276.80","","0.55%"
"2008-08-13","1,285.80","1,288.60","1,294.00","1,274.90","","-0.29%"
"2008-08-12","1,289.60","1,304.80","1,304.80","1,285.60","","-1.20%"
"2008-08-11","1,305.30","1,294.40","1,313.20","1,291.40","","0.69%"
"2008-08-08","1,296.30","1,266.30","1,297.80","1,262.10","","2.39%"
"2008-08-07","1,266.10","1,286.50","1,286.50","1,264.30","","-1.79%"
"2008-08-06","1,289.20","1,284.00","1,291.70","1,276.00","","0.33%"
"2008-08-05","1,284.90","1,254.90","1,284.90","1,254.70","","2.87%"
"2008-08-04","1,249.00","1,260.20","1,260.50","1,247.50","","-0.90%"
"2008-08-01","1,260.30","1,269.40","1,270.50","1,254.50","","-0.56%"
"2008-07-31","1,267.40","1,281.40","1,284.90","1,266.00","","-1.32%"
"2008-07-30","1,284.30","1,264.50","1,284.30","1,264.50","","1.67%"
"2008-07-29","1,263.20","1,236.40","1,263.20","1,236.40","","2.33%"
"2008-07-28","1,234.40","1,257.80","1,260.10","1,234.40","","-1.86%"
"2008-07-25","1,257.80","1,253.50","1,263.20","1,251.80","","0.42%"
"2008-07-24","1,252.50","1,283.20","1,283.20","1,251.50","","-2.32%"
"2008-07-23","1,282.20","1,278.90","1,291.20","1,276.10","","0.41%"
"2008-07-22","1,277.00","1,257.10","1,277.40","1,248.80","","1.35%"
"2008-07-21","1,260.00","1,261.80","1,267.70","1,255.70","","-0.06%"
"2008-07-18","1,260.70","1,258.20","1,262.20","1,251.80","","0.03%"
"2008-07-17","1,260.30","1,246.30","1,262.30","1,241.50","","1.20%"
"2008-07-16","1,245.40","1,214.70","1,245.50","1,211.40","","2.51%"
"2008-07-15","1,214.90","1,226.80","1,234.30","1,200.40","","-1.09%"
"2008-07-14","1,228.30","1,241.60","1,253.50","1,225.00","","-0.90%"
"2008-07-11","1,239.50","1,248.70","1,257.30","1,225.30","","-1.11%"
"2008-07-10","1,253.40","1,245.20","1,257.70","1,236.80","","0.70%"
"2008-07-09","1,244.70","1,273.40","1,277.40","1,244.60","","-2.28%"
"2008-07-08","1,273.70","1,251.80","1,274.20","1,242.80","","1.71%"
"2008-07-07","1,252.30","1,262.90","1,274.00","1,240.70","","-0.84%"
"2008-07-03","1,262.90","1,263.00","1,271.50","1,252.00","","0.11%"
"2008-07-02","1,261.50","1,285.80","1,292.20","1,261.50","","-1.82%"
"2008-07-01","1,284.90","1,276.70","1,285.30","1,260.70","","0.38%"
"2008-06-30","1,280.00","1,278.10","1,290.30","1,274.90","","0.13%"
"2008-06-27","1,278.40","1,283.60","1,289.50","1,272.00","","-0.37%"
"2008-06-26","1,283.20","1,316.30","1,316.30","1,283.20","","-2.93%"
"2008-06-25","1,322.00","1,314.50","1,335.60","1,314.50","","0.59%"
"2008-06-24","1,314.30","1,317.20","1,326.00","1,304.40","","-0.28%"
"2008-06-23","1,318.00","1,319.80","1,323.80","1,315.30","","0.01%"
"2008-06-20","1,317.90","1,341.00","1,341.00","1,314.50","","-1.85%"
"2008-06-19","1,342.80","1,336.90","1,347.70","1,330.50","","0.37%"
"2008-06-18","1,337.80","1,349.60","1,349.60","1,333.40","","-0.97%"
"2008-06-17","1,350.90","1,360.70","1,366.60","1,350.50","","-0.68%"
"2008-06-16","1,360.10","1,358.80","1,364.70","1,352.10","","0.01%"
"2008-06-13","1,360.00","1,341.80","1,360.00","1,341.70","","1.50%"
"2008-06-12","1,339.90","1,335.80","1,353.00","1,331.30","","0.33%"
"2008-06-11","1,335.50","1,357.10","1,357.10","1,335.50","","-1.69%"
"2008-06-10","1,358.40","1,359.00","1,366.80","1,351.60","","-0.25%"
"2008-06-09","1,361.80","1,360.80","1,370.60","1,350.60","","0.08%"
"2008-06-06","1,360.70","1,400.10","1,400.10","1,359.90","","-3.08%"
"2008-06-05","1,404.00","1,377.50","1,404.00","1,377.50","","1.95%"
"2008-06-04","1,377.20","1,376.30","1,388.20","1,371.70","","-0.04%"
"2008-06-03","1,377.70","1,386.40","1,393.10","1,370.10","","-0.58%"
"2008-06-02","1,385.70","1,399.60","1,399.60","1,377.80","","-1.05%"
"2008-05-30","1,400.40","1,398.40","1,404.50","1,398.10","","0.15%"
"2008-05-29","1,398.30","1,390.50","1,406.30","1,388.60","","0.54%"
"2008-05-28","1,390.80","1,386.50","1,391.20","1,378.20","","0.40%"
"2008-05-27","1,385.30","1,376.00","1,387.40","1,373.10","","0.68%"
"2008-05-23","1,375.90","1,392.20","1,392.20","1,373.70","","-1.32%"
"2008-05-22","1,394.30","1,390.80","1,399.10","1,390.20","","0.26%"
"2008-05-21","1,390.70","1,414.10","1,419.10","1,388.80","","-1.61%"
"2008-05-20","1,413.40","1,424.50","1,424.50","1,409.10","","-0.93%"
"2008-05-19","1,426.60","1,425.30","1,440.20","1,421.60","","0.09%"
"2008-05-16","1,425.30","1,423.90","1,425.80","1,414.30","","0.12%"
"2008-05-15","1,423.60","1,408.40","1,424.40","1,406.90","","1.06%"
"2008-05-14","1,408.70","1,405.70","1,420.20","1,405.70","","0.41%"
"2008-05-13","1,403.00","1,404.40","1,406.30","1,396.30","","-0.04%"
"2008-05-12","1,403.60","1,389.40","1,404.10","1,386.20","","1.10%"
"2008-05-09","1,388.30","1,394.90","1,394.90","1,384.10","","-0.67%"
"2008-05-08","1,397.70","1,394.30","1,402.30","1,389.40","","0.37%"
"2008-05-07","1,392.60","1,417.50","1,419.50","1,391.20","","-1.81%"
"2008-05-06","1,418.30","1,405.60","1,421.60","1,397.10","","0.77%"
"2008-05-05","1,407.50","1,412.80","1,415.70","1,404.40","","-0.45%"
"2008-05-02","1,413.90","1,409.20","1,422.70","1,406.20","","0.33%"
"2008-05-01","1,409.30","1,386.00","1,410.10","1,383.10","","1.71%"
"2008-04-30","1,385.60","1,391.20","1,404.60","1,384.20","","-0.38%"
"2008-04-29","1,390.90","1,395.60","1,397.00","1,386.70","","-0.39%"
"2008-04-28","1,396.40","1,398.00","1,402.90","1,394.40","","-0.10%"
"2008-04-25","1,397.80","1,387.90","1,399.10","1,380.00","","0.65%"
"2008-04-24","1,388.80","1,380.50","1,397.70","1,371.10","","0.64%"
"2008-04-23","1,379.90","1,378.40","1,387.90","1,372.20","","0.29%"
"2008-04-22","1,375.90","1,386.40","1,386.40","1,369.80","","-0.89%"
"2008-04-21","1,388.20","1,387.70","1,390.20","1,379.20","","-0.15%"
"2008-04-18","1,390.30","1,369.00","1,395.90","1,369.00","","1.81%"
"2008-04-17","1,365.60","1,363.40","1,368.60","1,357.20","","0.07%"
"2008-04-16","1,364.70","1,337.00","1,365.50","1,337.00","","2.27%"
"2008-04-15","1,334.40","1,331.70","1,337.70","1,324.30","","0.46%"
"2008-04-14","1,328.30","1,332.20","1,335.60","1,326.20","","-0.34%"
"2008-04-11","1,332.80","1,358.00","1,358.00","1,331.20","","-2.04%"
"2008-04-10","1,360.50","1,355.40","1,367.20","1,350.10","","0.44%"
"2008-04-09","1,354.50","1,365.50","1,368.40","1,350.00","","-0.81%"
"2008-04-08","1,365.50","1,370.20","1,370.20","1,360.60","","-0.51%"
"2008-04-07","1,372.50","1,373.70","1,386.70","1,369.00","","0.15%"
"2008-04-04","1,370.40","1,369.80","1,380.90","1,362.80","","0.08%"
"2008-04-03","1,369.30","1,365.70","1,375.70","1,358.70","","0.13%"
"2008-04-02","1,367.50","1,370.00","1,378.00","1,361.50","","-0.20%"
"2008-04-01","1,370.20","1,326.40","1,370.20","1,326.40","","3.59%"
"2008-03-31","1,322.70","1,315.90","1,328.50","1,312.80","","0.57%"
"2008-03-28","1,315.20","1,327.00","1,334.90","1,313.00","","-0.80%"
"2008-03-27","1,325.80","1,340.30","1,345.60","1,325.70","","-1.14%"
"2008-03-26","1,341.10","1,352.50","1,352.50","1,336.40","","-0.88%"
"2008-03-25","1,353.00","1,349.10","1,357.50","1,341.20","","0.23%"
"2008-03-24","1,349.90","1,330.30","1,359.70","1,330.30","","1.53%"
"2008-03-20","1,329.50","1,299.70","1,330.70","1,295.20","","2.40%"
"2008-03-19","1,298.40","1,331.00","1,341.50","1,298.40","","-2.43%"
"2008-03-18","1,330.70","1,277.20","1,330.70","1,277.20","","4.24%"
"2008-03-17","1,276.60","1,283.20","1,287.50","1,257.00","","-0.89%"
"2008-03-14","1,288.10","1,316.00","1,321.50","1,274.90","","-2.08%"
"2008-03-13","1,315.50","1,305.30","1,321.70","1,282.10","","0.51%"
"2008-03-12","1,308.80","1,321.10","1,333.30","1,307.90","","-0.90%"
"2008-03-11","1,320.70","1,274.40","1,320.70","1,274.40","","3.71%"
"2008-03-10","1,273.40","1,293.20","1,295.00","1,272.70","","-1.55%"
"2008-03-07","1,293.40","1,301.50","1,313.20","1,282.40","","-0.84%"
"2008-03-06","1,304.30","1,332.20","1,332.20","1,303.40","","-2.20%"
"2008-03-05","1,333.70","1,327.70","1,344.20","1,320.20","","0.52%"
"2008-03-04","1,326.80","1,329.60","1,331.00","1,307.40","","-0.34%"
"2008-03-03","1,331.30","1,330.50","1,335.10","1,320.00","","0.05%"
"2008-02-29","1,330.60","1,364.10","1,364.10","1,325.40","","-2.71%"
"2008-02-28","1,367.70","1,378.20","1,378.20","1,363.20","","-0.89%"
"2008-02-27","1,380.00","1,379.00","1,388.30","1,372.00","","-0.09%"
"2008-02-26","1,381.30","1,371.80","1,387.30","1,363.30","","0.69%"
"2008-02-25","1,371.80","1,352.80","1,374.40","1,346.00","","1.38%"
"2008-02-22","1,353.10","1,344.20","1,354.30","1,327.00","","0.79%"
"2008-02-21","1,342.50","1,362.20","1,367.90","1,339.30","","-1.29%"
"2008-02-20","1,360.00","1,348.40","1,363.70","1,336.50","","0.83%"
"2008-02-19","1,348.80","1,355.90","1,367.30","1,345.00","","-0.09%"
"2008-02-15","1,350.00","1,347.50","1,350.00","1,338.10","","0.08%"
"2008-02-14","1,348.90","1,367.30","1,368.20","1,347.30","","-1.34%"
"2008-02-13","1,367.20","1,353.10","1,369.20","1,350.80","","1.36%"
"2008-02-12","1,348.90","1,340.50","1,362.10","1,339.40","","0.73%"
"2008-02-11","1,339.10","1,331.90","1,341.40","1,320.30","","0.59%"
"2008-02-08","1,331.30","1,336.90","1,341.20","1,321.10","","-0.42%"
"2008-02-07","1,336.90","1,324.00","1,347.20","1,316.80","","0.78%"
"2008-02-06","1,326.50","1,339.50","1,352.00","1,324.30","","-0.76%"
"2008-02-05","1,336.60","1,380.30","1,380.30","1,336.60","","-3.20%"
"2008-02-04","1,380.80","1,395.40","1,395.40","1,379.70","","-1.05%"
"2008-02-01","1,395.40","1,378.60","1,396.00","1,375.90","","1.23%"
"2008-01-31","1,378.50","1,352.00","1,385.60","1,334.10","","1.67%"
"2008-01-30","1,355.80","1,362.20","1,385.90","1,353.00","","-0.48%"
"2008-01-29","1,362.30","1,355.90","1,364.90","1,350.20","","0.61%"
"2008-01-28","1,354.00","1,330.70","1,354.00","1,322.30","","1.76%"
"2008-01-25","1,330.60","1,357.30","1,368.60","1,327.50","","-1.59%"
"2008-01-24","1,352.10","1,340.10","1,355.20","1,334.30","","1.01%"
"2008-01-23","1,338.60","1,310.40","1,339.10","1,270.00","","2.14%"
"2008-01-22","1,310.50","1,312.90","1,322.10","1,274.30","","-1.11%"
"2008-01-18","1,325.20","1,333.90","1,350.30","1,312.50","","-0.60%"
"2008-01-17","1,333.20","1,374.80","1,377.70","1,330.70","","-2.91%"
"2008-01-16","1,373.20","1,377.40","1,392.00","1,364.30","","-0.56%"
"2008-01-15","1,381.00","1,411.90","1,411.90","1,380.60","","-2.49%"
"2008-01-14","1,416.20","1,402.90","1,417.90","1,402.90","","1.08%"
"2008-01-11","1,401.00","1,419.90","1,419.90","1,394.80","","-1.36%"
"2008-01-10","1,420.30","1,406.80","1,429.10","1,395.30","","0.79%"
"2008-01-09","1,409.10","1,390.20","1,409.20","1,378.70","","1.36%"
"2008-01-08","1,390.20","1,415.70","1,430.30","1,388.30","","-1.84%"
"2008-01-07","1,416.20","1,414.10","1,423.90","1,403.50","","0.33%"
"2008-01-04","1,411.60","1,444.00","1,444.00","1,411.20","","-2.46%"
"2008-01-03","1,447.20","1,447.50","1,456.80","1,443.70","","0.00%"
"2008-01-02","1,447.20","1,468.00","1,471.80","1,442.10","","-1.44%"
"2007-12-31","1,468.40","1,475.20","1,475.80","1,465.10","","-0.68%"
"2007-12-28","1,478.50","1,479.80","1,488.00","1,471.70","","0.14%"
"2007-12-27","1,476.40","1,495.00","1,495.00","1,475.90","","-1.42%"
"2007-12-26","1,497.70","1,495.10","1,498.80","1,488.20","","0.08%"
"2007-12-24","1,496.50","1,484.50","1,497.60","1,484.50","","0.81%"
"2007-12-21","1,484.50","1,463.20","1,485.40","1,463.20","","1.67%"
"2007-12-20","1,460.10","1,456.40","1,461.50","1,447.20","","0.49%"
"2007-12-19","1,453.00","1,454.70","1,464.40","1,445.30","","-0.14%"
"2007-12-18","1,455.00","1,445.90","1,460.20","1,435.70","","0.63%"
"2007-12-17","1,445.90","1,465.00","1,465.00","1,445.40","","-1.51%"
"2007-12-14","1,468.00","1,486.20","1,486.70","1,467.80","","-1.37%"
"2007-12-13","1,488.40","1,483.30","1,489.40","1,469.20","","0.12%"
"2007-12-12","1,486.60","1,487.60","1,512.00","1,468.20","","0.60%"
"2007-12-11","1,477.70","1,516.70","1,523.60","1,476.00","","-2.53%"
"2007-12-10","1,516.00","1,505.10","1,518.30","1,505.00","","0.75%"
"2007-12-07","1,504.70","1,508.60","1,510.60","1,502.70","","-0.17%"
"2007-12-06","1,507.30","1,484.60","1,508.00","1,482.20","","1.50%"
"2007-12-05","1,485.00","1,465.20","1,486.10","1,465.20","","1.52%"
"2007-12-04","1,462.80","1,471.30","1,471.30","1,460.70","","-0.65%"
"2007-12-03","1,472.40","1,479.60","1,481.20","1,470.10","","-0.59%"
"2007-11-30","1,481.10","1,471.80","1,488.90","1,470.90","","0.78%"
"2007-11-29","1,469.70","1,467.40","1,473.80","1,458.40","","0.05%"
"2007-11-28","1,469.00","1,433.00","1,471.60","1,433.00","","2.86%"
"2007-11-27","1,428.20","1,409.60","1,429.50","1,407.40","","1.49%"
"2007-11-26","1,407.20","1,440.70","1,446.10","1,406.10","","-2.33%"
"2007-11-23","1,440.70","1,417.60","1,440.90","1,417.60","","1.69%"
"2007-11-21","1,416.80","1,434.70","1,436.40","1,415.60","","-1.59%"
"2007-11-20","1,439.70","1,434.50","1,452.60","1,419.30","","0.45%"
"2007-11-19","1,433.30","1,456.70","1,456.70","1,430.40","","-1.74%"
"2007-11-16","1,458.70","1,453.10","1,462.20","1,444.00","","0.52%"
"2007-11-15","1,451.20","1,468.00","1,472.70","1,443.50","","-1.32%"
"2007-11-14","1,470.60","1,483.40","1,492.10","1,466.50","","-0.70%"
"2007-11-13","1,481.00","1,441.30","1,481.40","1,441.30","","2.90%"
"2007-11-12","1,439.20","1,453.70","1,464.90","1,438.50","","-1.00%"
"2007-11-09","1,453.70","1,467.60","1,474.10","1,448.50","","-1.43%"
"2007-11-08","1,474.80","1,475.30","1,482.50","1,450.30","","-0.05%"
"2007-11-07","1,475.60","1,515.50","1,515.50","1,475.00","","-2.94%"
"2007-11-06","1,520.30","1,505.30","1,520.80","1,499.10","","1.20%"
"2007-11-05","1,502.20","1,505.60","1,510.80","1,490.00","","-0.50%"
"2007-11-02","1,509.70","1,511.10","1,513.20","1,492.50","","0.09%"
"2007-11-01","1,508.40","1,545.80","1,545.80","1,506.70","","-2.65%"
"2007-10-31","1,549.40","1,532.20","1,552.80","1,529.40","","1.20%"
"2007-10-30","1,531.00","1,539.40","1,539.40","1,529.50","","-0.65%"
"2007-10-29","1,541.00","1,536.90","1,544.70","1,536.40","","0.37%"
"2007-10-26","1,535.30","1,522.20","1,535.50","1,520.20","","1.38%"
"2007-10-25","1,514.40","1,516.20","1,523.20","1,500.50","","-0.10%"
"2007-10-24","1,515.90","1,516.60","1,517.20","1,489.60","","-0.24%"
"2007-10-23","1,519.60","1,509.30","1,520.00","1,503.60","","0.88%"
"2007-10-22","1,506.30","1,497.80","1,508.10","1,490.40","","0.38%"
"2007-10-19","1,500.60","1,540.00","1,540.00","1,500.30","","-2.56%"
"2007-10-18","1,540.10","1,539.30","1,542.80","1,531.80","","-0.07%"
"2007-10-17","1,541.20","1,544.40","1,550.70","1,526.00","","0.18%"
"2007-10-16","1,538.50","1,547.80","1,547.80","1,536.30","","-0.66%"
"2007-10-15","1,548.70","1,562.20","1,564.70","1,540.80","","-0.84%"
"2007-10-12","1,561.80","1,555.40","1,563.00","1,554.10","","0.48%"
"2007-10-11","1,554.40","1,564.70","1,576.10","1,546.70","","-0.52%"
"2007-10-10","1,562.50","1,565.00","1,565.40","1,555.50","","-0.17%"
"2007-10-09","1,565.20","1,553.20","1,565.30","1,551.80","","0.81%"
"2007-10-08","1,552.60","1,556.50","1,556.50","1,549.00","","-0.32%"
"2007-10-05","1,557.60","1,543.80","1,561.90","1,543.80","","0.96%"
"2007-10-04","1,542.80","1,539.90","1,544.00","1,537.60","","0.21%"
"2007-10-03","1,539.60","1,545.80","1,545.80","1,536.30","","-0.45%"
"2007-10-02","1,546.60","1,547.00","1,548.00","1,540.40","","-0.03%"
"2007-10-01","1,547.00","1,527.30","1,549.00","1,527.20","","1.32%"
"2007-09-28","1,526.80","1,531.20","1,533.70","1,522.00","","-0.30%"
"2007-09-27","1,531.40","1,527.30","1,532.50","1,525.80","","0.39%"
"2007-09-26","1,525.40","1,518.60","1,529.40","1,518.60","","0.54%"
"2007-09-25","1,517.20","1,516.30","1,518.30","1,507.10","","-0.03%"
"2007-09-24","1,517.70","1,525.80","1,530.20","1,516.20","","-0.53%"
"2007-09-21","1,525.80","1,518.80","1,530.90","1,518.80","","0.46%"
"2007-09-20","1,518.80","1,528.70","1,529.10","1,516.40","","-0.67%"
"2007-09-19","1,529.00","1,519.80","1,538.70","1,519.80","","0.61%"
"2007-09-18","1,519.80","1,476.60","1,519.90","1,476.60","","2.92%"
"2007-09-17","1,476.70","1,484.20","1,484.20","1,471.80","","-0.51%"
"2007-09-14","1,484.20","1,484.00","1,486.00","1,473.20","","0.01%"
"2007-09-13","1,484.00","1,471.50","1,489.60","1,471.50","","0.84%"
"2007-09-12","1,471.60","1,471.10","1,479.50","1,465.80","","0.01%"
"2007-09-11","1,471.50","1,451.70","1,472.50","1,451.70","","1.36%"
"2007-09-10","1,451.70","1,453.50","1,462.20","1,439.30","","-0.12%"
"2007-09-07","1,453.50","1,478.50","1,478.50","1,449.10","","-1.69%"
"2007-09-06","1,478.50","1,472.00","1,481.50","1,467.40","","0.42%"
"2007-09-05","1,472.30","1,488.80","1,488.80","1,466.30","","-1.15%"
"2007-09-04","1,489.40","1,474.00","1,496.40","1,472.20","","1.04%"
"2007-08-31","1,474.00","1,457.60","1,481.50","1,457.60","","1.13%"
"2007-08-30","1,457.60","1,463.70","1,468.40","1,451.20","","-0.42%"
"2007-08-29","1,463.80","1,432.00","1,463.80","1,432.00","","2.19%"
"2007-08-28","1,432.40","1,466.70","1,466.70","1,432.00","","-2.35%"
"2007-08-27","1,466.80","1,479.40","1,479.40","1,466.00","","-0.85%"
"2007-08-24","1,479.40","1,462.30","1,479.40","1,460.50","","1.16%"
"2007-08-23","1,462.50","1,464.00","1,472.10","1,453.90","","-0.11%"
"2007-08-22","1,464.10","1,447.00","1,464.90","1,447.00","","1.17%"
"2007-08-21","1,447.10","1,445.50","1,455.30","1,439.80","","0.11%"
"2007-08-20","1,445.50","1,445.90","1,451.80","1,430.50","","-0.03%"
"2007-08-17","1,445.90","1,411.30","1,450.30","1,411.30","","2.45%"
"2007-08-16","1,411.30","1,406.60","1,416.00","1,370.60","","0.33%"
"2007-08-15","1,406.70","1,426.20","1,440.80","1,404.40","","-1.39%"
"2007-08-14","1,426.50","1,452.90","1,456.70","1,426.20","","-1.82%"
"2007-08-13","1,452.90","1,453.40","1,466.30","1,451.50","","-0.05%"
"2007-08-10","1,453.60","1,453.10","1,462.00","1,429.70","","0.03%"
"2007-08-09","1,453.10","1,497.20","1,497.20","1,453.10","","-2.96%"
"2007-08-08","1,497.50","1,476.20","1,503.90","1,476.20","","1.41%"
"2007-08-07","1,476.70","1,467.60","1,488.30","1,455.80","","0.61%"
"2007-08-06","1,467.70","1,433.00","1,467.70","1,427.40","","2.41%"
"2007-08-03","1,433.10","1,472.20","1,473.20","1,432.80","","-2.66%"
"2007-08-02","1,472.20","1,465.50","1,476.40","1,460.60","","0.44%"
"2007-08-01","1,465.80","1,455.20","1,468.40","1,439.60","","0.72%"
"2007-07-31","1,455.30","1,473.90","1,488.30","1,454.20","","-1.26%"
"2007-07-30","1,473.90","1,458.90","1,477.90","1,454.30","","1.02%"
"2007-07-27","1,459.00","1,482.40","1,488.50","1,459.00","","-1.60%"
"2007-07-26","1,482.70","1,518.10","1,518.10","1,465.30","","-2.33%"
"2007-07-25","1,518.10","1,511.00","1,524.30","1,503.70","","0.47%"
"2007-07-24","1,511.00","1,541.60","1,541.60","1,508.60","","-1.98%"
"2007-07-23","1,541.60","1,534.10","1,547.20","1,534.10","","0.49%"
"2007-07-20","1,534.10","1,553.20","1,553.20","1,529.20","","-1.22%"
"2007-07-19","1,553.10","1,546.10","1,555.20","1,546.10","","0.45%"
"2007-07-18","1,546.20","1,549.20","1,549.20","1,533.70","","-0.21%"
"2007-07-17","1,549.40","1,549.50","1,555.30","1,547.70","","-0.01%"
"2007-07-16","1,549.50","1,552.50","1,555.90","1,546.70","","-0.19%"
"2007-07-13","1,552.50","1,547.70","1,555.10","1,544.80","","0.31%"
"2007-07-12","1,547.70","1,518.70","1,547.90","1,518.70","","1.90%"
"2007-07-11","1,518.80","1,509.90","1,519.30","1,506.10","","0.58%"
"2007-07-10","1,510.10","1,531.80","1,531.80","1,510.00","","-1.42%"
"2007-07-09","1,531.80","1,530.40","1,534.30","1,527.50","","0.09%"
"2007-07-06","1,530.40","1,525.00","1,532.40","1,520.50","","0.33%"
"2007-07-05","1,525.40","1,524.90","1,526.60","1,517.70","","0.03%"
"2007-07-03","1,524.90","1,519.10","1,526.00","1,519.10","","0.36%"
"2007-07-02","1,519.40","1,504.70","1,519.50","1,504.70","","1.07%"
"2007-06-29","1,503.30","1,505.70","1,517.50","1,493.60","","-0.16%"
"2007-06-28","1,505.70","1,506.30","1,514.80","1,503.40","","-0.04%"
"2007-06-27","1,506.30","1,492.60","1,506.80","1,484.20","","0.90%"
"2007-06-26","1,492.90","1,497.70","1,506.10","1,490.50","","-0.32%"
"2007-06-25","1,497.70","1,502.60","1,514.30","1,492.70","","-0.33%"
"2007-06-22","1,502.60","1,522.20","1,522.20","1,500.70","","-1.29%"
"2007-06-21","1,522.20","1,512.50","1,522.90","1,504.80","","0.62%"
"2007-06-20","1,512.80","1,533.70","1,537.30","1,512.40","","-1.36%"
"2007-06-19","1,533.70","1,531.00","1,535.80","1,525.70","","0.18%"
"2007-06-18","1,531.00","1,532.90","1,535.40","1,529.30","","-0.12%"
"2007-06-15","1,532.90","1,525.50","1,538.70","1,525.50","","0.65%"
"2007-06-14","1,523.00","1,515.60","1,526.50","1,515.60","","0.48%"
"2007-06-13","1,515.70","1,492.70","1,515.70","1,492.70","","1.52%"
"2007-06-12","1,493.00","1,509.10","1,511.30","1,493.00","","-1.07%"
"2007-06-11","1,509.10","1,507.60","1,515.50","1,503.30","","0.09%"
"2007-06-08","1,507.70","1,490.70","1,507.80","1,487.40","","1.14%"
"2007-06-07","1,490.70","1,517.40","1,517.40","1,490.40","","-1.76%"
"2007-06-06","1,517.40","1,530.60","1,530.60","1,514.10","","-0.89%"
"2007-06-05","1,531.00","1,539.10","1,539.10","1,525.60","","-0.53%"
"2007-06-04","1,539.20","1,536.30","1,540.50","1,532.30","","0.19%"
"2007-06-01","1,536.30","1,530.60","1,540.60","1,530.60","","0.37%"
"2007-05-31","1,530.60","1,530.20","1,535.60","1,528.30","","0.03%"
"2007-05-30","1,530.20","1,517.60","1,530.20","1,510.10","","0.80%"
"2007-05-29","1,518.10","1,515.50","1,521.80","1,512.00","","0.16%"
"2007-05-25","1,515.70","1,507.50","1,517.40","1,507.50","","0.54%"
"2007-05-24","1,507.50","1,522.10","1,529.30","1,505.20","","-0.97%"
"2007-05-23","1,522.30","1,524.10","1,532.40","1,521.90","","-0.12%"
"2007-05-22","1,524.10","1,525.10","1,529.20","1,522.00","","-0.07%"
"2007-05-21","1,525.10","1,522.80","1,529.90","1,522.70","","0.15%"
"2007-05-18","1,522.80","1,512.70","1,522.80","1,512.70","","0.66%"
"2007-05-17","1,512.80","1,514.00","1,517.10","1,509.30","","-0.09%"
"2007-05-16","1,514.10","1,500.80","1,514.20","1,500.80","","0.86%"
"2007-05-15","1,501.20","1,503.10","1,514.80","1,500.40","","-0.13%"
"2007-05-14","1,503.20","1,505.80","1,510.90","1,498.30","","-0.17%"
"2007-05-11","1,505.80","1,491.50","1,506.20","1,491.50","","0.96%"
"2007-05-10","1,491.50","1,512.30","1,512.30","1,491.40","","-1.39%"
"2007-05-09","1,512.60","1,507.30","1,513.80","1,503.80","","0.32%"
"2007-05-08","1,507.70","1,509.40","1,509.40","1,500.70","","-0.12%"
"2007-05-07","1,509.50","1,505.60","1,511.00","1,505.50","","0.26%"
"2007-05-04","1,505.60","1,502.30","1,510.30","1,501.80","","0.21%"
"2007-05-03","1,502.40","1,495.60","1,503.30","1,495.60","","0.43%"
"2007-05-02","1,495.90","1,486.10","1,499.10","1,486.10","","0.65%"
"2007-05-01","1,486.30","1,482.40","1,487.30","1,476.70","","0.26%"
"2007-04-30","1,482.40","1,494.10","1,497.20","1,482.30","","-0.78%"
"2007-04-27","1,494.10","1,494.20","1,497.30","1,488.70","","-0.01%"
"2007-04-26","1,494.20","1,495.30","1,498.00","1,491.20","","-0.08%"
"2007-04-25","1,495.40","1,480.30","1,496.60","1,480.30","","1.01%"
"2007-04-24","1,480.40","1,480.90","1,483.80","1,473.70","","-0.03%"
"2007-04-23","1,480.90","1,484.30","1,487.30","1,480.20","","-0.23%"
"2007-04-20","1,484.30","1,470.70","1,484.70","1,470.70","","0.92%"
"2007-04-19","1,470.70","1,472.50","1,474.20","1,464.50","","-0.12%"
"2007-04-18","1,472.50","1,471.50","1,476.60","1,466.40","","0.07%"
"2007-04-17","1,471.50","1,468.50","1,474.30","1,467.20","","0.20%"
"2007-04-16","1,468.50","1,452.80","1,468.60","1,452.80","","1.08%"
"2007-04-13","1,452.80","1,447.80","1,453.10","1,444.20","","0.35%"
"2007-04-12","1,447.80","1,438.90","1,448.00","1,433.90","","0.62%"
"2007-04-11","1,438.90","1,448.20","1,448.40","1,436.20","","-0.66%"
"2007-04-10","1,448.40","1,444.60","1,448.70","1,444.00","","0.26%"
"2007-04-09","1,444.60","1,443.80","1,448.10","1,443.30","","0.06%"
"2007-04-05","1,443.80","1,438.90","1,444.90","1,436.70","","0.31%"
"2007-04-04","1,439.40","1,437.80","1,440.20","1,435.10","","0.11%"
"2007-04-03","1,437.80","1,424.30","1,440.60","1,424.30","","0.93%"
"2007-04-02","1,424.50","1,420.80","1,425.50","1,416.40","","0.25%"
"2007-03-30","1,420.90","1,422.50","1,429.20","1,408.90","","-0.11%"
"2007-03-29","1,422.50","1,417.20","1,426.20","1,413.30","","0.37%"
"2007-03-28","1,417.20","1,428.30","1,428.30","1,414.10","","-0.80%"
"2007-03-27","1,428.60","1,437.50","1,437.50","1,425.50","","-0.62%"
"2007-03-26","1,437.50","1,436.10","1,437.70","1,423.30","","0.10%"
"2007-03-23","1,436.10","1,434.50","1,438.90","1,433.20","","0.11%"
"2007-03-22","1,434.50","1,435.00","1,437.70","1,429.90","","-0.03%"
"2007-03-21","1,435.00","1,410.90","1,437.80","1,409.80","","1.71%"
"2007-03-20","1,410.90","1,402.00","1,411.50","1,400.70","","0.63%"
"2007-03-19","1,402.10","1,387.00","1,403.20","1,387.00","","1.09%"
"2007-03-16","1,387.00","1,392.30","1,397.50","1,383.60","","-0.38%"
"2007-03-15","1,392.30","1,387.10","1,395.70","1,385.20","","0.37%"
"2007-03-14","1,387.20","1,377.90","1,388.10","1,364.00","","0.67%"
"2007-03-13","1,378.00","1,406.20","1,406.20","1,377.70","","-2.03%"
"2007-03-12","1,406.60","1,402.80","1,409.30","1,398.40","","0.27%"
"2007-03-09","1,402.80","1,401.90","1,410.20","1,397.30","","0.06%"
"2007-03-08","1,401.90","1,391.90","1,407.90","1,391.90","","0.71%"
"2007-03-07","1,392.00","1,395.00","1,401.20","1,390.60","","-0.24%"
"2007-03-06","1,395.40","1,374.10","1,397.90","1,374.10","","1.55%"
"2007-03-05","1,374.10","1,387.10","1,391.90","1,374.00","","-0.94%"
"2007-03-02","1,387.20","1,403.20","1,403.40","1,386.90","","-1.14%"
"2007-03-01","1,403.20","1,406.80","1,409.50","1,380.90","","-0.26%"
"2007-02-28","1,406.80","1,398.60","1,415.90","1,396.70","","0.56%"
"2007-02-27","1,399.00","1,449.20","1,449.20","1,389.40","","-3.48%"
"2007-02-26","1,449.40","1,451.00","1,457.00","1,445.50","","-0.12%"
"2007-02-23","1,451.20","1,456.20","1,456.20","1,448.40","","-0.36%"
"2007-02-22","1,456.40","1,457.30","1,461.60","1,450.50","","-0.08%"
"2007-02-21","1,457.60","1,459.60","1,459.60","1,452.00","","-0.14%"
"2007-02-20","1,459.70","1,455.50","1,460.50","1,449.20","","0.29%"
"2007-02-16","1,455.50","1,456.80","1,456.80","1,451.60","","-0.09%"
"2007-02-15","1,456.80","1,455.20","1,458.00","1,453.20","","0.10%"
"2007-02-14","1,455.30","1,443.90","1,457.70","1,443.90","","0.76%"
"2007-02-13","1,444.30","1,433.20","1,444.40","1,433.20","","0.76%"
"2007-02-12","1,433.40","1,438.00","1,439.10","1,431.40","","-0.33%"
"2007-02-09","1,438.10","1,448.20","1,452.50","1,433.40","","-0.70%"
"2007-02-08","1,448.30","1,450.00","1,450.50","1,442.80","","-0.12%"
"2007-02-07","1,450.00","1,447.40","1,453.00","1,446.40","","0.14%"
"2007-02-06","1,448.00","1,447.00","1,450.20","1,443.40","","0.07%"
"2007-02-05","1,447.00","1,448.30","1,449.40","1,443.80","","-0.10%"
"2007-02-02","1,448.40","1,445.90","1,449.30","1,444.50","","0.17%"
"2007-02-01","1,445.90","1,437.90","1,446.60","1,437.90","","0.54%"
"2007-01-31","1,438.20","1,428.70","1,441.60","1,424.80","","0.66%"
"2007-01-30","1,428.80","1,420.60","1,428.80","1,420.60","","0.58%"
"2007-01-29","1,420.60","1,422.00","1,426.90","1,418.50","","-0.11%"
"2007-01-26","1,422.20","1,423.90","1,427.30","1,417.00","","-0.12%"
"2007-01-25","1,423.90","1,440.10","1,440.70","1,422.30","","-1.12%"
"2007-01-24","1,440.10","1,428.00","1,440.10","1,428.00","","0.85%"
"2007-01-23","1,428.00","1,423.00","1,431.30","1,421.70","","0.35%"
"2007-01-22","1,423.00","1,430.50","1,431.40","1,420.40","","-0.52%"
"2007-01-19","1,430.50","1,426.30","1,431.60","1,425.20","","0.29%"
"2007-01-18","1,426.40","1,430.60","1,433.30","1,424.20","","-0.29%"
"2007-01-17","1,430.60","1,431.80","1,435.30","1,428.60","","-0.09%"
"2007-01-16","1,431.90","1,430.70","1,433.90","1,428.60","","0.08%"
"2007-01-12","1,430.70","1,423.80","1,431.20","1,422.60","","0.48%"
"2007-01-11","1,423.80","1,414.80","1,427.10","1,414.80","","0.64%"
"2007-01-10","1,414.80","1,411.90","1,416.00","1,404.30","","0.19%"
"2007-01-09","1,412.10","1,412.80","1,415.60","1,405.40","","-0.05%"
"2007-01-08","1,412.80","1,409.30","1,415.00","1,404.00","","0.22%"
"2007-01-05","1,409.70","1,418.30","1,418.30","1,405.80","","-0.61%"
"2007-01-04","1,418.30","1,416.60","1,421.80","1,408.20","","0.12%"
"2007-01-03","1,416.60","1,418.00","1,429.40","1,407.90","","-0.12%"
"2006-12-29","1,418.30","1,424.70","1,427.00","1,416.70","","-0.45%"
"2006-12-28","1,424.70","1,426.80","1,427.30","1,422.00","","-0.15%"
"2006-12-27","1,426.80","1,416.60","1,427.70","1,416.60","","0.70%"
"2006-12-26","1,416.90","1,410.80","1,417.90","1,410.50","","0.43%"
"2006-12-22","1,410.80","1,418.10","1,418.80","1,410.30","","-0.53%"
"2006-12-21","1,418.30","1,423.20","1,426.40","1,415.90","","-0.37%"
"2006-12-20","1,423.50","1,425.50","1,429.00","1,423.50","","-0.14%"
"2006-12-19","1,425.50","1,422.40","1,428.30","1,414.90","","0.21%"
"2006-12-18","1,422.50","1,427.10","1,431.80","1,420.70","","-0.32%"
"2006-12-15","1,427.10","1,425.50","1,431.60","1,425.50","","0.11%"
"2006-12-14","1,425.50","1,413.20","1,427.20","1,413.20","","0.87%"
"2006-12-13","1,413.20","1,411.30","1,416.60","1,411.00","","0.11%"
"2006-12-12","1,411.60","1,413.00","1,413.80","1,404.80","","-0.10%"
"2006-12-11","1,413.00","1,409.80","1,415.60","1,408.60","","0.23%"
"2006-12-08","1,409.80","1,407.30","1,414.10","1,403.70","","0.18%"
"2006-12-07","1,407.30","1,412.90","1,418.30","1,406.80","","-0.40%"
"2006-12-06","1,412.90","1,414.40","1,415.90","1,411.00","","-0.13%"
"2006-12-05","1,414.80","1,409.10","1,415.30","1,408.80","","0.40%"
"2006-12-04","1,409.10","1,396.70","1,411.20","1,396.70","","0.89%"
"2006-12-01","1,396.70","1,400.60","1,402.50","1,385.90","","-0.28%"
"2006-11-30","1,400.60","1,399.50","1,406.30","1,393.80","","0.08%"
"2006-11-29","1,399.50","1,386.10","1,401.10","1,386.10","","0.92%"
"2006-11-28","1,386.70","1,381.60","1,387.90","1,377.80","","0.35%"
"2006-11-27","1,381.90","1,401.00","1,401.00","1,381.40","","-1.36%"
"2006-11-24","1,401.00","1,405.90","1,405.90","1,399.20","","-0.36%"
"2006-11-22","1,406.10","1,402.70","1,407.90","1,402.30","","0.24%"
"2006-11-21","1,402.80","1,400.40","1,403.50","1,400.00","","0.16%"
"2006-11-20","1,400.50","1,401.20","1,404.40","1,397.80","","-0.05%"
"2006-11-17","1,401.20","1,399.80","1,401.20","1,394.50","","0.10%"
"2006-11-16","1,399.80","1,396.50","1,403.80","1,396.50","","0.23%"
"2006-11-15","1,396.60","1,392.90","1,401.30","1,392.10","","0.24%"
"2006-11-14","1,393.20","1,384.40","1,394.50","1,379.10","","0.64%"
"2006-11-13","1,384.40","1,380.60","1,387.60","1,378.80","","0.25%"
"2006-11-10","1,380.90","1,378.30","1,381.00","1,375.60","","0.19%"
"2006-11-09","1,378.30","1,385.40","1,388.90","1,377.30","","-0.53%"
"2006-11-08","1,385.70","1,382.50","1,388.60","1,376.30","","0.21%"
"2006-11-07","1,382.80","1,379.80","1,388.20","1,379.20","","0.22%"
"2006-11-06","1,379.80","1,364.30","1,381.40","1,364.30","","1.14%"
"2006-11-03","1,364.30","1,367.30","1,371.70","1,361.00","","-0.22%"
"2006-11-02","1,367.30","1,367.40","1,368.40","1,362.20","","-0.04%"
"2006-11-01","1,367.80","1,377.80","1,382.00","1,366.30","","-0.73%"
"2006-10-31","1,377.90","1,377.90","1,381.20","1,372.20","","0.00%"
"2006-10-30","1,377.90","1,377.30","1,381.20","1,373.50","","0.04%"
"2006-10-27","1,377.30","1,388.90","1,388.90","1,375.80","","-0.85%"
"2006-10-26","1,389.10","1,382.20","1,389.50","1,379.50","","0.50%"
"2006-10-25","1,382.20","1,377.40","1,383.60","1,376.00","","0.35%"
"2006-10-24","1,377.40","1,377.00","1,377.80","1,372.40","","0.03%"
"2006-10-23","1,377.00","1,368.60","1,377.40","1,363.90","","0.61%"
"2006-10-20","1,368.60","1,366.90","1,368.70","1,362.10","","0.12%"
"2006-10-19","1,367.00","1,366.00","1,368.10","1,362.10","","0.07%"
"2006-10-18","1,366.00","1,363.90","1,372.90","1,361.00","","0.15%"
"2006-10-17","1,364.00","1,369.00","1,369.00","1,356.90","","-0.37%"
"2006-10-16","1,369.00","1,365.60","1,370.20","1,364.50","","0.25%"
"2006-10-13","1,365.60","1,362.80","1,366.60","1,360.50","","0.21%"
"2006-10-12","1,362.80","1,349.90","1,363.80","1,349.90","","0.95%"
"2006-10-11","1,350.00","1,353.30","1,354.00","1,343.60","","-0.25%"
"2006-10-10","1,353.40","1,350.60","1,354.20","1,348.60","","0.20%"
"2006-10-09","1,350.70","1,349.60","1,352.70","1,346.50","","0.08%"
"2006-10-06","1,349.60","1,353.20","1,353.20","1,344.20","","-0.27%"
"2006-10-05","1,353.20","1,349.80","1,353.80","1,347.80","","0.22%"
"2006-10-04","1,350.20","1,333.80","1,350.20","1,331.50","","1.21%"
"2006-10-03","1,334.10","1,331.30","1,338.30","1,327.10","","0.21%"
"2006-10-02","1,331.30","1,335.80","1,338.50","1,330.30","","-0.34%"
"2006-09-29","1,335.80","1,339.20","1,339.90","1,335.60","","-0.25%"
"2006-09-28","1,339.20","1,336.60","1,340.30","1,333.80","","0.19%"
"2006-09-27","1,336.60","1,336.10","1,340.10","1,333.50","","0.02%"
"2006-09-26","1,336.30","1,326.30","1,336.60","1,325.30","","0.75%"
"2006-09-25","1,326.40","1,314.80","1,329.30","1,311.60","","0.88%"
"2006-09-22","1,314.80","1,318.00","1,318.00","1,310.90","","-0.24%"
"2006-09-21","1,318.00","1,324.90","1,328.20","1,315.50","","-0.54%"
"2006-09-20","1,325.20","1,318.30","1,328.50","1,318.30","","0.52%"
"2006-09-19","1,318.30","1,321.20","1,322.00","1,312.20","","-0.22%"
"2006-09-18","1,321.20","1,319.80","1,324.90","1,318.20","","0.10%"
"2006-09-15","1,319.90","1,316.30","1,324.70","1,316.30","","0.27%"
"2006-09-14","1,316.30","1,318.00","1,318.00","1,313.20","","-0.14%"
"2006-09-13","1,318.10","1,312.70","1,319.90","1,311.10","","0.38%"
"2006-09-12","1,313.10","1,299.50","1,314.30","1,299.50","","1.05%"
"2006-09-11","1,299.50","1,298.90","1,302.40","1,290.90","","0.05%"
"2006-09-08","1,298.90","1,294.00","1,300.10","1,294.00","","0.38%"
"2006-09-07","1,294.00","1,300.20","1,301.20","1,292.10","","-0.48%"
"2006-09-06","1,300.30","1,313.00","1,313.00","1,299.30","","-0.98%"
"2006-09-05","1,313.20","1,310.90","1,314.70","1,308.80","","0.17%"
"2006-09-01","1,311.00","1,303.80","1,312.00","1,303.80","","0.55%"
"2006-08-31","1,303.80","1,304.20","1,306.10","1,302.50","","-0.04%"
"2006-08-30","1,304.30","1,303.70","1,306.70","1,302.20","","0.00%"
"2006-08-29","1,304.30","1,301.60","1,305.00","1,295.30","","0.19%"
"2006-08-28","1,301.80","1,295.10","1,305.00","1,294.00","","0.52%"
"2006-08-25","1,295.10","1,295.90","1,298.90","1,292.40","","-0.08%"
"2006-08-24","1,296.10","1,293.00","1,297.20","1,291.40","","0.24%"
"2006-08-23","1,293.00","1,298.70","1,301.50","1,289.50","","-0.45%"
"2006-08-22","1,298.80","1,297.50","1,302.50","1,294.40","","0.10%"
"2006-08-21","1,297.50","1,302.30","1,302.30","1,295.50","","-0.37%"
"2006-08-18","1,302.30","1,297.50","1,302.30","1,293.60","","0.37%"
"2006-08-17","1,297.50","1,295.40","1,300.80","1,292.70","","0.16%"
"2006-08-16","1,295.40","1,285.30","1,296.20","1,285.30","","0.76%"
"2006-08-15","1,285.60","1,268.20","1,286.20","1,268.20","","1.37%"
"2006-08-14","1,268.20","1,266.70","1,278.90","1,266.70","","0.12%"
"2006-08-11","1,266.70","1,271.60","1,271.60","1,262.10","","-0.40%"
"2006-08-10","1,271.80","1,265.70","1,272.50","1,261.30","","0.46%"
"2006-08-09","1,266.00","1,271.10","1,283.70","1,264.70","","-0.43%"
"2006-08-08","1,271.50","1,275.70","1,282.80","1,268.40","","-0.34%"
"2006-08-07","1,275.80","1,279.30","1,279.30","1,273.00","","-0.28%"
"2006-08-04","1,279.40","1,280.30","1,292.90","1,273.80","","-0.07%"
"2006-08-03","1,280.30","1,278.20","1,284.00","1,271.20","","0.14%"
"2006-08-02","1,278.50","1,270.70","1,283.40","1,270.70","","0.60%"
"2006-08-01","1,270.90","1,278.50","1,278.70","1,265.70","","-0.45%"
"2006-07-31","1,276.70","1,278.50","1,278.70","1,274.30","","-0.14%"
"2006-07-28","1,278.50","1,263.20","1,280.40","1,263.20","","1.21%"
"2006-07-27","1,263.20","1,268.20","1,275.80","1,261.90","","-0.41%"
"2006-07-26","1,268.40","1,268.90","1,273.90","1,261.90","","-0.04%"
"2006-07-25","1,268.90","1,260.90","1,272.40","1,257.20","","0.63%"
"2006-07-24","1,260.90","1,240.20","1,262.50","1,240.20","","1.66%"
"2006-07-21","1,240.30","1,249.10","1,251.00","1,238.70","","-0.70%"
"2006-07-20","1,249.10","1,259.80","1,262.60","1,249.10","","-0.85%"
"2006-07-19","1,259.80","1,236.70","1,261.80","1,236.70","","1.85%"
"2006-07-18","1,236.90","1,234.50","1,239.90","1,224.50","","0.19%"
"2006-07-17","1,234.50","1,236.20","1,240.10","1,231.50","","-0.14%"
"2006-07-14","1,236.20","1,242.30","1,242.70","1,228.50","","-0.49%"
"2006-07-13","1,242.30","1,258.60","1,258.60","1,241.40","","-1.30%"
"2006-07-12","1,258.60","1,272.40","1,273.30","1,257.30","","-1.09%"
"2006-07-11","1,272.50","1,267.30","1,273.60","1,259.70","","0.41%"
"2006-07-10","1,267.30","1,265.50","1,274.10","1,264.50","","0.14%"
"2006-07-07","1,265.50","1,274.10","1,275.40","1,263.10","","-0.67%"
"2006-07-06","1,274.10","1,270.60","1,278.30","1,270.60","","0.25%"
"2006-07-05","1,270.90","1,280.00","1,280.00","1,265.90","","-0.73%"
"2006-07-03","1,280.20","1,270.10","1,280.40","1,270.10","","0.79%"
"2006-06-30","1,270.20","1,272.90","1,276.30","1,270.20","","-0.21%"
"2006-06-29","1,272.90","1,245.90","1,272.90","1,245.90","","2.16%"
"2006-06-28","1,246.00","1,239.00","1,247.10","1,237.60","","0.55%"
"2006-06-27","1,239.20","1,250.50","1,253.40","1,238.90","","-0.91%"
"2006-06-26","1,250.60","1,244.50","1,250.90","1,243.70","","0.49%"
"2006-06-23","1,244.50","1,245.60","1,253.10","1,241.40","","-0.09%"
"2006-06-22","1,245.60","1,251.90","1,251.90","1,241.50","","-0.53%"
"2006-06-21","1,252.20","1,240.10","1,258.00","1,240.10","","0.98%"
"2006-06-20","1,240.10","1,240.10","1,249.00","1,238.90","","0.00%"
"2006-06-19","1,240.10","1,251.50","1,255.90","1,237.20","","-0.91%"
"2006-06-16","1,251.50","1,256.20","1,256.30","1,246.30","","-0.37%"
"2006-06-15","1,256.20","1,230.00","1,258.60","1,230.00","","2.13%"
"2006-06-14","1,230.00","1,223.70","1,231.50","1,219.30","","0.51%"
"2006-06-13","1,223.70","1,236.10","1,243.40","1,222.50","","-1.03%"
"2006-06-12","1,236.40","1,252.30","1,255.20","1,236.20","","-1.27%"
"2006-06-09","1,252.30","1,257.90","1,262.60","1,250.00","","-0.45%"
"2006-06-08","1,257.90","1,256.10","1,259.80","1,235.20","","0.14%"
"2006-06-07","1,256.20","1,263.60","1,272.50","1,255.80","","-0.60%"
"2006-06-06","1,263.80","1,265.20","1,269.90","1,254.50","","-0.12%"
"2006-06-05","1,265.30","1,288.20","1,288.20","1,264.70","","-1.78%"
"2006-06-02","1,288.20","1,285.70","1,290.70","1,280.20","","0.19%"
"2006-06-01","1,285.70","1,270.00","1,285.70","1,269.20","","1.23%"
"2006-05-31","1,270.10","1,259.40","1,270.10","1,259.40","","0.82%"
"2006-05-30","1,259.80","1,280.00","1,280.00","1,259.80","","-1.59%"
"2006-05-26","1,280.20","1,272.70","1,280.50","1,272.50","","0.57%"
"2006-05-25","1,272.90","1,258.40","1,273.30","1,258.40","","1.14%"
"2006-05-24","1,258.60","1,256.60","1,264.50","1,245.30","","0.16%"
"2006-05-23","1,256.60","1,262.10","1,273.70","1,256.20","","-0.44%"
"2006-05-22","1,262.10","1,267.00","1,268.80","1,253.00","","-0.39%"
"2006-05-19","1,267.00","1,261.80","1,272.20","1,256.30","","0.41%"
"2006-05-18","1,261.80","1,270.20","1,274.90","1,261.80","","-0.67%"
"2006-05-17","1,270.30","1,291.70","1,291.70","1,267.30","","-1.69%"
"2006-05-16","1,292.10","1,294.50","1,297.90","1,288.50","","-0.19%"
"2006-05-15","1,294.50","1,291.20","1,294.80","1,284.50","","0.26%"
"2006-05-12","1,291.20","1,305.90","1,305.90","1,290.40","","-1.13%"
"2006-05-11","1,305.90","1,322.60","1,322.60","1,303.50","","-1.28%"
"2006-05-10","1,322.80","1,324.60","1,325.50","1,317.40","","-0.17%"
"2006-05-09","1,325.10","1,324.70","1,326.60","1,322.50","","0.03%"
"2006-05-08","1,324.70","1,325.80","1,326.70","1,322.90","","-0.08%"
"2006-05-05","1,325.80","1,312.20","1,326.50","1,312.20","","1.04%"
"2006-05-04","1,312.20","1,307.80","1,315.10","1,307.80","","0.34%"
"2006-05-03","1,307.80","1,313.20","1,313.50","1,303.90","","-0.41%"
"2006-05-02","1,313.20","1,305.20","1,313.70","1,305.20","","0.61%"
"2006-05-01","1,305.20","1,310.60","1,317.20","1,303.50","","-0.41%"
"2006-04-28","1,310.60","1,309.70","1,316.00","1,306.20","","0.07%"
"2006-04-27","1,309.70","1,305.40","1,315.00","1,295.60","","0.33%"
"2006-04-26","1,305.40","1,301.70","1,311.00","1,301.70","","0.28%"
"2006-04-25","1,301.70","1,308.10","1,310.80","1,299.20","","-0.49%"
"2006-04-24","1,308.10","1,311.30","1,311.30","1,303.80","","-0.24%"
"2006-04-21","1,311.30","1,311.50","1,317.70","1,306.60","","-0.02%"
"2006-04-20","1,311.50","1,309.90","1,318.20","1,306.40","","0.12%"
"2006-04-19","1,309.90","1,307.70","1,310.40","1,302.80","","0.17%"
"2006-04-18","1,307.70","1,285.30","1,309.00","1,285.30","","1.74%"
"2006-04-17","1,285.30","1,289.10","1,292.50","1,280.70","","-0.29%"
"2006-04-13","1,289.10","1,288.10","1,292.10","1,283.40","","0.08%"
"2006-04-12","1,288.10","1,286.60","1,290.90","1,286.50","","0.12%"
"2006-04-11","1,286.60","1,296.60","1,300.70","1,283.00","","-0.77%"
"2006-04-10","1,296.60","1,295.50","1,300.70","1,293.20","","0.08%"
"2006-04-07","1,295.50","1,309.00","1,314.10","1,294.20","","-1.03%"
"2006-04-06","1,309.00","1,311.60","1,312.00","1,302.40","","-0.20%"
"2006-04-05","1,311.60","1,305.90","1,312.80","1,304.80","","0.44%"
"2006-04-04","1,305.90","1,297.80","1,307.50","1,294.70","","0.62%"
"2006-04-03","1,297.80","1,302.90","1,309.20","1,296.70","","0.23%"
"2006-03-31","1,294.80","1,300.20","1,303.00","1,294.80","","-0.42%"
"2006-03-30","1,300.20","1,302.90","1,310.20","1,296.70","","-0.21%"
"2006-03-29","1,302.90","1,293.20","1,305.60","1,293.20","","0.75%"
"2006-03-28","1,293.20","1,301.60","1,306.20","1,291.80","","-0.65%"
"2006-03-27","1,301.60","1,303.00","1,303.70","1,299.10","","-0.11%"
"2006-03-24","1,303.00","1,301.70","1,306.50","1,298.90","","0.10%"
"2006-03-23","1,301.70","1,305.00","1,305.00","1,298.10","","-0.25%"
"2006-03-22","1,305.00","1,297.20","1,306.00","1,295.80","","0.60%"
"2006-03-21","1,297.20","1,305.10","1,310.90","1,295.80","","-0.61%"
"2006-03-20","1,305.10","1,307.20","1,310.00","1,303.60","","-0.16%"
"2006-03-17","1,307.20","1,305.30","1,309.80","1,305.30","","0.15%"
"2006-03-16","1,305.30","1,303.00","1,310.50","1,303.00","","0.18%"
"2006-03-15","1,303.00","1,297.50","1,304.40","1,295.00","","0.42%"
"2006-03-14","1,297.50","1,284.10","1,298.10","1,282.70","","1.04%"
"2006-03-13","1,284.10","1,281.60","1,287.40","1,281.60","","0.20%"
"2006-03-10","1,281.60","1,272.20","1,284.40","1,271.10","","0.74%"
"2006-03-09","1,272.20","1,278.50","1,282.70","1,272.20","","-0.49%"
"2006-03-08","1,278.50","1,275.90","1,280.30","1,268.40","","0.20%"
"2006-03-07","1,275.90","1,278.30","1,278.30","1,271.10","","-0.19%"
"2006-03-06","1,278.30","1,287.20","1,288.20","1,275.70","","-0.69%"
"2006-03-03","1,287.20","1,289.10","1,297.30","1,284.20","","-0.15%"
"2006-03-02","1,289.10","1,291.20","1,291.20","1,283.20","","-0.16%"
"2006-03-01","1,291.20","1,280.70","1,291.80","1,280.70","","0.82%"
"2006-02-28","1,280.70","1,294.10","1,294.10","1,278.70","","-1.04%"
"2006-02-27","1,294.10","1,289.40","1,297.60","1,289.40","","0.36%"
"2006-02-24","1,289.40","1,287.80","1,292.10","1,285.60","","0.12%"
"2006-02-23","1,287.80","1,292.70","1,293.80","1,285.10","","-0.38%"
"2006-02-22","1,292.70","1,283.00","1,294.20","1,283.00","","0.76%"
"2006-02-21","1,283.00","1,287.20","1,291.90","1,281.30","","-0.33%"
"2006-02-17","1,287.20","1,289.40","1,289.50","1,284.10","","-0.17%"
"2006-02-16","1,289.40","1,280.00","1,289.40","1,280.00","","0.73%"
"2006-02-15","1,280.00","1,275.50","1,281.00","1,271.10","","0.35%"
"2006-02-14","1,275.50","1,262.90","1,278.20","1,260.80","","1.00%"
"2006-02-13","1,262.90","1,267.00","1,267.00","1,258.30","","-0.32%"
"2006-02-10","1,267.00","1,263.80","1,269.90","1,255.00","","0.25%"
"2006-02-09","1,263.80","1,265.70","1,274.60","1,262.80","","-0.15%"
"2006-02-08","1,265.70","1,254.80","1,266.50","1,254.80","","0.87%"
"2006-02-07","1,254.80","1,265.00","1,265.80","1,253.60","","-0.81%"
"2006-02-06","1,265.00","1,264.00","1,267.00","1,261.60","","0.08%"
"2006-02-03","1,264.00","1,270.80","1,270.90","1,261.00","","-0.54%"
"2006-02-02","1,270.80","1,282.50","1,282.50","1,267.70","","-0.91%"
"2006-02-01","1,282.50","1,280.10","1,283.30","1,277.60","","0.19%"
"2006-01-31","1,280.10","1,285.20","1,285.20","1,276.80","","-0.40%"
"2006-01-30","1,285.20","1,283.70","1,287.90","1,283.50","","0.12%"
"2006-01-27","1,283.70","1,273.80","1,286.40","1,273.80","","0.78%"
"2006-01-26","1,273.80","1,264.70","1,276.40","1,264.70","","0.72%"
"2006-01-25","1,264.70","1,266.90","1,271.90","1,259.40","","-0.17%"
"2006-01-24","1,266.90","1,263.80","1,271.50","1,263.80","","0.25%"
"2006-01-23","1,263.80","1,261.50","1,268.20","1,261.50","","0.18%"
"2006-01-20","1,261.50","1,285.00","1,285.00","1,260.90","","-1.83%"
"2006-01-19","1,285.00","1,277.90","1,287.80","1,277.90","","0.56%"
"2006-01-18","1,277.90","1,282.90","1,282.90","1,272.10","","-0.39%"
"2006-01-17","1,282.90","1,287.60","1,287.60","1,278.60","","-0.37%"
"2006-01-13","1,287.60","1,286.10","1,289.00","1,282.80","","0.12%"
"2006-01-12","1,286.10","1,294.20","1,294.20","1,285.00","","-0.63%"
"2006-01-11","1,294.20","1,289.70","1,294.90","1,288.10","","0.35%"
"2006-01-10","1,289.70","1,290.20","1,290.20","1,283.80","","-0.04%"
"2006-01-09","1,290.20","1,285.50","1,290.80","1,284.80","","0.37%"
"2006-01-06","1,285.50","1,273.50","1,286.10","1,273.50","","0.94%"
"2006-01-05","1,273.50","1,273.50","1,276.90","1,270.30","","0.00%"
"2006-01-04","1,273.50","1,268.80","1,275.40","1,267.70","","0.37%"
"2006-01-03","1,268.80","1,248.30","1,270.20","1,245.70","","1.64%"
"2005-12-30","1,248.30","1,254.40","1,254.40","1,246.60","","-0.49%"
"2005-12-29","1,254.40","1,258.20","1,260.60","1,254.20","","-0.30%"
"2005-12-28","1,258.20","1,256.50","1,261.10","1,256.50","","0.14%"
"2005-12-27","1,256.50","1,268.70","1,271.80","1,256.50","","-0.96%"
"2005-12-23","1,268.70","1,268.10","1,269.80","1,265.90","","0.05%"
"2005-12-22","1,268.10","1,262.80","1,268.20","1,262.50","","0.42%"
"2005-12-21","1,262.80","1,259.60","1,269.40","1,259.60","","0.25%"
"2005-12-20","1,259.60","1,259.90","1,263.90","1,257.20","","-0.02%"
"2005-12-19","1,259.90","1,267.30","1,270.50","1,259.30","","-0.58%"
"2005-12-16","1,267.30","1,270.90","1,275.20","1,267.30","","-0.28%"
"2005-12-15","1,270.90","1,272.70","1,275.20","1,267.70","","-0.14%"
"2005-12-14","1,272.70","1,267.40","1,275.80","1,267.10","","0.42%"
"2005-12-13","1,267.40","1,260.40","1,272.10","1,258.60","","0.56%"
"2005-12-12","1,260.40","1,259.40","1,263.90","1,255.50","","0.08%"
"2005-12-09","1,259.40","1,255.80","1,263.10","1,254.20","","0.29%"
"2005-12-08","1,255.80","1,257.40","1,263.40","1,250.90","","-0.13%"
"2005-12-07","1,257.40","1,263.70","1,264.80","1,253.00","","-0.50%"
"2005-12-06","1,263.70","1,262.10","1,272.90","1,262.10","","0.13%"
"2005-12-05","1,262.10","1,265.10","1,265.10","1,258.10","","-0.24%"
"2005-12-02","1,265.10","1,264.70","1,266.80","1,261.40","","0.03%"
"2005-12-01","1,264.70","1,249.50","1,266.20","1,249.50","","1.22%"
"2005-11-30","1,249.50","1,257.50","1,260.90","1,249.40","","-0.64%"
"2005-11-29","1,257.50","1,257.50","1,266.20","1,257.50","","0.00%"
"2005-11-28","1,257.50","1,268.20","1,268.40","1,257.20","","-0.84%"
"2005-11-25","1,268.20","1,265.60","1,268.80","1,265.50","","0.21%"
"2005-11-23","1,265.60","1,261.20","1,270.60","1,259.50","","0.35%"
"2005-11-22","1,261.20","1,254.80","1,261.90","1,251.40","","0.51%"
"2005-11-21","1,254.80","1,248.30","1,255.90","1,246.90","","0.52%"
"2005-11-18","1,248.30","1,242.80","1,249.60","1,240.70","","0.44%"
"2005-11-17","1,242.80","1,231.20","1,243.00","1,231.20","","0.94%"
"2005-11-16","1,231.20","1,229.00","1,232.20","1,227.20","","0.18%"
"2005-11-15","1,229.00","1,233.80","1,237.90","1,226.40","","-0.39%"
"2005-11-14","1,233.80","1,234.70","1,237.20","1,231.80","","-0.07%"
"2005-11-11","1,234.70","1,231.00","1,235.70","1,230.70","","0.30%"
"2005-11-10","1,231.00","1,220.70","1,232.40","1,215.00","","0.84%"
"2005-11-09","1,220.70","1,218.60","1,226.60","1,216.50","","0.17%"
"2005-11-08","1,218.60","1,222.80","1,222.80","1,216.10","","-0.34%"
"2005-11-07","1,222.80","1,220.10","1,224.20","1,217.30","","0.22%"
"2005-11-04","1,220.10","1,219.90","1,222.50","1,214.50","","0.02%"
"2005-11-03","1,219.90","1,214.80","1,224.70","1,214.80","","0.42%"
"2005-11-02","1,214.80","1,202.80","1,215.20","1,201.10","","1.00%"
"2005-11-01","1,202.80","1,207.00","1,207.30","1,201.70","","-0.35%"
"2005-10-31","1,207.00","1,198.40","1,211.40","1,198.40","","0.72%"
"2005-10-28","1,198.40","1,178.90","1,198.40","1,178.90","","1.65%"
"2005-10-27","1,178.90","1,191.40","1,192.70","1,178.90","","-1.05%"
"2005-10-26","1,191.40","1,196.50","1,204.00","1,191.40","","-0.43%"
"2005-10-25","1,196.50","1,199.40","1,201.30","1,189.30","","-0.24%"
"2005-10-24","1,199.40","1,179.60","1,199.40","1,179.60","","1.68%"
"2005-10-21","1,179.60","1,177.80","1,186.50","1,174.90","","0.15%"
"2005-10-20","1,177.80","1,195.80","1,197.30","1,173.30","","-1.51%"
"2005-10-19","1,195.80","1,178.10","1,195.80","1,170.50","","1.50%"
"2005-10-18","1,178.10","1,190.10","1,190.10","1,178.10","","-1.01%"
"2005-10-17","1,190.10","1,186.60","1,191.20","1,184.50","","0.29%"
"2005-10-14","1,186.60","1,176.80","1,187.10","1,175.40","","0.83%"
"2005-10-13","1,176.80","1,177.70","1,179.60","1,168.20","","-0.08%"
"2005-10-12","1,177.70","1,184.90","1,190.00","1,173.70","","-0.61%"
"2005-10-11","1,184.90","1,187.30","1,193.10","1,183.20","","-0.20%"
"2005-10-10","1,187.30","1,195.90","1,196.50","1,186.10","","-0.72%"
"2005-10-07","1,195.90","1,191.50","1,199.70","1,191.50","","0.37%"
"2005-10-06","1,191.50","1,196.40","1,202.10","1,181.90","","-0.41%"
"2005-10-05","1,196.40","1,214.50","1,214.50","1,196.20","","-1.49%"
"2005-10-04","1,214.50","1,226.70","1,229.90","1,214.00","","-0.99%"
"2005-10-03","1,226.70","1,228.80","1,233.30","1,225.20","","-0.17%"
"2005-09-30","1,228.80","1,227.70","1,229.60","1,225.20","","0.09%"
"2005-09-29","1,227.70","1,216.90","1,228.70","1,211.50","","0.89%"
"2005-09-28","1,216.90","1,215.70","1,221.00","1,212.70","","0.10%"
"2005-09-27","1,215.70","1,215.60","1,220.20","1,211.10","","0.01%"
"2005-09-26","1,215.60","1,215.30","1,222.60","1,211.80","","0.02%"
"2005-09-23","1,215.30","1,214.60","1,218.80","1,209.80","","0.06%"
"2005-09-22","1,214.60","1,210.20","1,216.60","1,205.30","","0.36%"
"2005-09-21","1,210.20","1,221.30","1,221.50","1,209.90","","-0.91%"
"2005-09-20","1,221.30","1,231.00","1,236.50","1,220.10","","-0.79%"
"2005-09-19","1,231.00","1,237.90","1,237.90","1,227.70","","-0.56%"
"2005-09-16","1,237.90","1,228.40","1,238.00","1,228.40","","0.83%"
"2005-09-15","1,227.70","1,227.20","1,231.90","1,224.80","","0.04%"
"2005-09-14","1,227.20","1,231.20","1,234.70","1,226.20","","-0.32%"
"2005-09-13","1,231.20","1,240.60","1,240.60","1,231.20","","-0.76%"
"2005-09-12","1,240.60","1,241.50","1,242.60","1,239.20","","-0.07%"
"2005-09-09","1,241.50","1,231.70","1,243.10","1,231.70","","0.80%"
"2005-09-08","1,231.70","1,236.40","1,236.40","1,229.50","","-0.38%"
"2005-09-07","1,236.40","1,233.40","1,237.10","1,230.90","","0.24%"
"2005-09-06","1,233.40","1,218.00","1,233.60","1,218.00","","1.26%"
"2005-09-02","1,218.00","1,221.60","1,224.50","1,217.80","","-0.29%"
"2005-09-01","1,221.60","1,220.30","1,227.30","1,216.20","","0.11%"
"2005-08-31","1,220.30","1,208.40","1,220.40","1,204.40","","0.98%"
"2005-08-30","1,208.40","1,212.30","1,212.30","1,201.10","","-0.32%"
"2005-08-29","1,212.30","1,205.10","1,214.30","1,201.50","","0.60%"
"2005-08-26","1,205.10","1,212.40","1,212.40","1,204.20","","-0.60%"
"2005-08-25","1,212.40","1,209.60","1,213.70","1,209.60","","0.23%"
"2005-08-24","1,209.60","1,217.60","1,224.20","1,209.40","","-0.66%"
"2005-08-23","1,217.60","1,221.70","1,223.00","1,214.40","","-0.34%"
"2005-08-22","1,221.70","1,219.70","1,229.00","1,216.50","","0.16%"
"2005-08-19","1,219.70","1,219.00","1,225.10","1,219.00","","0.06%"
"2005-08-18","1,219.00","1,220.20","1,222.60","1,215.90","","-0.10%"
"2005-08-17","1,220.20","1,219.30","1,225.60","1,218.10","","0.07%"
"2005-08-16","1,219.30","1,233.90","1,233.90","1,219.00","","-1.18%"
"2005-08-15","1,233.90","1,230.40","1,236.20","1,226.20","","0.28%"
"2005-08-12","1,230.40","1,237.80","1,237.80","1,225.90","","-0.60%"
"2005-08-11","1,237.80","1,229.10","1,237.80","1,228.30","","0.71%"
"2005-08-10","1,229.10","1,231.40","1,242.70","1,226.60","","-0.19%"
"2005-08-09","1,231.40","1,223.10","1,234.10","1,223.10","","0.68%"
"2005-08-08","1,223.10","1,226.40","1,232.30","1,222.70","","-0.27%"
"2005-08-05","1,226.40","1,235.90","1,235.90","1,225.60","","-0.77%"
"2005-08-04","1,235.90","1,245.00","1,245.00","1,235.20","","-0.73%"
"2005-08-03","1,245.00","1,244.10","1,245.90","1,240.60","","0.07%"
"2005-08-02","1,244.10","1,235.30","1,244.70","1,235.30","","0.71%"
"2005-08-01","1,235.30","1,234.20","1,239.10","1,233.80","","0.09%"
"2005-07-29","1,234.20","1,243.70","1,245.00","1,234.20","","-0.76%"
"2005-07-28","1,243.70","1,236.80","1,245.20","1,235.80","","0.56%"
"2005-07-27","1,236.80","1,231.20","1,237.60","1,230.20","","0.45%"
"2005-07-26","1,231.20","1,229.00","1,234.40","1,229.00","","0.18%"
"2005-07-25","1,229.00","1,233.70","1,238.40","1,228.20","","-0.38%"
"2005-07-22","1,233.70","1,227.00","1,234.20","1,226.20","","0.55%"
"2005-07-21","1,227.00","1,235.20","1,235.80","1,224.70","","-0.66%"
"2005-07-20","1,235.20","1,229.30","1,236.60","1,222.90","","0.48%"
"2005-07-19","1,229.30","1,221.10","1,230.30","1,221.10","","0.67%"
"2005-07-18","1,221.10","1,227.90","1,227.90","1,221.10","","-0.55%"
"2005-07-15","1,227.90","1,226.50","1,229.50","1,223.50","","0.11%"
"2005-07-14","1,226.50","1,223.30","1,233.20","1,223.30","","0.26%"
"2005-07-13","1,223.30","1,222.20","1,224.50","1,219.60","","0.09%"
"2005-07-12","1,222.20","1,219.40","1,225.50","1,216.60","","0.23%"
"2005-07-11","1,219.40","1,211.90","1,220.00","1,211.90","","0.62%"
"2005-07-08","1,211.90","1,197.90","1,212.70","1,197.20","","1.17%"
"2005-07-07","1,197.90","1,194.90","1,198.50","1,183.50","","0.25%"
"2005-07-06","1,194.90","1,205.00","1,206.10","1,194.80","","-0.84%"
"2005-07-05","1,205.00","1,194.40","1,206.30","1,192.50","","0.89%"
"2005-07-01","1,194.40","1,191.30","1,197.90","1,191.30","","0.26%"
"2005-06-30","1,191.30","1,199.80","1,203.30","1,190.50","","-0.71%"
"2005-06-29","1,199.80","1,201.60","1,204.10","1,198.70","","-0.15%"
"2005-06-28","1,201.60","1,190.70","1,202.50","1,190.70","","0.92%"
"2005-06-27","1,190.70","1,191.60","1,194.30","1,188.30","","-0.08%"
"2005-06-24","1,191.60","1,200.70","1,200.90","1,191.50","","-0.76%"
"2005-06-23","1,200.70","1,213.90","1,216.50","1,200.70","","-1.09%"
"2005-06-22","1,213.90","1,213.60","1,219.60","1,211.70","","0.02%"
"2005-06-21","1,213.60","1,216.10","1,217.10","1,211.90","","-0.21%"
"2005-06-20","1,216.10","1,217.00","1,219.10","1,210.70","","-0.07%"
"2005-06-17","1,217.00","1,210.90","1,219.50","1,210.90","","0.50%"
"2005-06-16","1,211.00","1,206.50","1,212.10","1,205.50","","0.36%"
"2005-06-15","1,206.60","1,203.90","1,208.10","1,198.70","","0.22%"
"2005-06-14","1,203.90","1,200.80","1,207.50","1,200.20","","0.26%"
"2005-06-13","1,200.80","1,198.10","1,206.00","1,194.50","","0.23%"
"2005-06-10","1,198.10","1,200.90","1,202.80","1,192.60","","-0.23%"
"2005-06-09","1,200.90","1,194.70","1,201.90","1,191.10","","0.52%"
"2005-06-08","1,194.70","1,197.30","1,202.00","1,193.30","","-0.22%"
"2005-06-07","1,197.30","1,197.50","1,208.80","1,197.30","","-0.02%"
"2005-06-06","1,197.50","1,196.00","1,198.80","1,192.80","","0.13%"
"2005-06-03","1,196.00","1,204.30","1,205.10","1,194.50","","-0.69%"
"2005-06-02","1,204.30","1,202.30","1,204.70","1,198.40","","0.17%"
"2005-06-01","1,202.30","1,191.50","1,205.60","1,191.00","","0.91%"
"2005-05-31","1,191.50","1,198.80","1,198.80","1,191.50","","-0.61%"
"2005-05-27","1,198.80","1,197.60","1,199.60","1,195.30","","0.10%"
"2005-05-26","1,197.60","1,190.00","1,199.00","1,190.00","","0.64%"
"2005-05-25","1,190.00","1,194.10","1,194.10","1,186.00","","-0.34%"
"2005-05-24","1,194.10","1,193.90","1,195.30","1,189.90","","0.02%"
"2005-05-23","1,193.90","1,189.30","1,197.40","1,188.80","","0.39%"
"2005-05-20","1,189.30","1,191.10","1,191.20","1,185.20","","-0.15%"
"2005-05-19","1,191.10","1,185.60","1,191.10","1,184.50","","0.46%"
"2005-05-18","1,185.60","1,173.80","1,187.90","1,173.80","","1.01%"
"2005-05-17","1,173.80","1,165.70","1,174.30","1,159.90","","0.69%"
"2005-05-16","1,165.70","1,154.00","1,165.80","1,153.60","","1.01%"
"2005-05-13","1,154.00","1,159.40","1,163.80","1,146.20","","-0.47%"
"2005-05-12","1,159.40","1,171.10","1,173.40","1,157.80","","-1.00%"
"2005-05-11","1,171.10","1,166.20","1,171.80","1,157.70","","0.42%"
"2005-05-10","1,166.20","1,178.80","1,178.80","1,163.00","","-1.07%"
"2005-05-09","1,178.80","1,171.30","1,178.90","1,169.40","","0.64%"
"2005-05-06","1,171.30","1,172.60","1,177.80","1,170.50","","-0.11%"
"2005-05-05","1,172.60","1,175.70","1,178.60","1,166.80","","-0.26%"
"2005-05-04","1,175.70","1,161.20","1,176.00","1,161.20","","1.25%"
"2005-05-03","1,161.20","1,162.20","1,166.90","1,156.70","","-0.09%"
"2005-05-02","1,162.20","1,156.80","1,162.90","1,154.70","","0.47%"
"2005-04-29","1,156.80","1,143.20","1,157.00","1,139.20","","1.19%"
"2005-04-28","1,143.20","1,156.40","1,156.40","1,143.20","","-1.14%"
"2005-04-27","1,156.40","1,151.70","1,159.90","1,144.40","","0.41%"
"2005-04-26","1,151.70","1,162.10","1,164.80","1,151.70","","-0.89%"
"2005-04-25","1,162.10","1,152.10","1,164.00","1,152.10","","0.87%"
"2005-04-22","1,152.10","1,160.00","1,160.00","1,143.00","","-0.68%"
"2005-04-21","1,160.00","1,137.50","1,160.00","1,137.50","","1.98%"
"2005-04-20","1,137.50","1,152.80","1,155.50","1,136.20","","-1.33%"
"2005-04-19","1,152.80","1,146.00","1,154.70","1,146.00","","0.59%"
"2005-04-18","1,146.00","1,142.60","1,148.90","1,139.80","","0.30%"
"2005-04-15","1,142.60","1,162.00","1,162.00","1,141.90","","-1.67%"
"2005-04-14","1,162.00","1,173.80","1,174.70","1,161.70","","-1.01%"
"2005-04-13","1,173.80","1,187.80","1,187.80","1,171.40","","-1.18%"
"2005-04-12","1,187.80","1,181.20","1,190.20","1,170.80","","0.56%"
"2005-04-11","1,181.20","1,181.20","1,184.10","1,178.70","","0.00%"
"2005-04-08","1,181.20","1,191.10","1,191.80","1,181.10","","-0.83%"
"2005-04-07","1,191.10","1,184.10","1,191.90","1,183.80","","0.59%"
"2005-04-06","1,184.10","1,181.40","1,189.30","1,181.40","","0.23%"
"2005-04-05","1,181.40","1,176.10","1,183.60","1,176.10","","0.45%"
"2005-04-04","1,176.10","1,172.80","1,178.60","1,167.70","","0.27%"
"2005-04-01","1,172.90","1,180.60","1,189.80","1,169.90","","-0.65%"
"2005-03-31","1,180.60","1,181.40","1,184.50","1,179.50","","-0.07%"
"2005-03-30","1,181.40","1,165.40","1,181.50","1,165.40","","1.37%"
"2005-03-29","1,165.40","1,174.30","1,179.40","1,163.70","","-0.76%"
"2005-03-28","1,174.30","1,171.40","1,179.90","1,171.40","","0.25%"
"2005-03-24","1,171.40","1,172.50","1,180.10","1,171.40","","-0.09%"
"2005-03-23","1,172.50","1,171.70","1,176.30","1,168.70","","0.07%"
"2005-03-22","1,171.70","1,183.80","1,189.60","1,171.60","","-1.02%"
"2005-03-21","1,183.80","1,189.70","1,189.70","1,178.80","","-0.50%"
"2005-03-18","1,189.70","1,190.20","1,192.00","1,182.80","","-0.04%"
"2005-03-17","1,190.20","1,188.10","1,193.30","1,186.30","","0.18%"
"2005-03-16","1,188.10","1,197.80","1,197.80","1,185.60","","-0.81%"
"2005-03-15","1,197.80","1,206.80","1,210.50","1,197.80","","-0.75%"
"2005-03-14","1,206.80","1,200.10","1,206.80","1,199.50","","0.56%"
"2005-03-11","1,200.10","1,209.20","1,213.00","1,198.20","","-0.75%"
"2005-03-10","1,209.20","1,207.00","1,211.20","1,201.40","","0.18%"
"2005-03-09","1,207.00","1,219.40","1,219.40","1,206.70","","-1.02%"
"2005-03-08","1,219.40","1,225.30","1,225.70","1,218.60","","-0.48%"
"2005-03-07","1,225.30","1,222.10","1,229.10","1,222.10","","0.26%"
"2005-03-04","1,222.10","1,210.50","1,224.80","1,210.50","","0.96%"
"2005-03-03","1,210.50","1,210.10","1,215.70","1,204.50","","0.03%"
"2005-03-02","1,210.10","1,210.40","1,215.80","1,204.20","","-0.02%"
"2005-03-01","1,210.40","1,203.60","1,212.20","1,203.60","","0.56%"
"2005-02-28","1,203.60","1,211.40","1,211.40","1,198.10","","-0.64%"
"2005-02-25","1,211.40","1,200.20","1,212.20","1,199.60","","0.93%"
"2005-02-24","1,200.20","1,190.80","1,200.40","1,187.80","","0.79%"
"2005-02-23","1,190.80","1,184.20","1,193.50","1,184.20","","0.56%"
"2005-02-22","1,184.20","1,201.60","1,202.50","1,184.20","","-1.45%"
"2005-02-18","1,201.60","1,200.80","1,202.90","1,197.30","","0.07%"
"2005-02-17","1,200.80","1,210.30","1,211.30","1,200.70","","-0.78%"
"2005-02-16","1,210.30","1,210.10","1,212.40","1,205.10","","0.02%"
"2005-02-15","1,210.10","1,206.10","1,212.40","1,205.50","","0.33%"
"2005-02-14","1,206.10","1,205.30","1,206.90","1,203.60","","0.07%"
"2005-02-11","1,205.30","1,197.00","1,208.40","1,193.30","","0.69%"
"2005-02-10","1,197.00","1,192.00","1,198.80","1,191.50","","0.42%"
"2005-02-09","1,192.00","1,202.30","1,203.80","1,191.50","","-0.86%"
"2005-02-08","1,202.30","1,201.70","1,205.10","1,200.20","","0.05%"
"2005-02-07","1,201.70","1,203.00","1,204.20","1,199.30","","-0.11%"
"2005-02-04","1,203.00","1,189.90","1,203.50","1,189.70","","1.10%"
"2005-02-03","1,189.90","1,193.20","1,193.20","1,185.60","","-0.28%"
"2005-02-02","1,193.20","1,189.40","1,195.20","1,188.90","","0.32%"
"2005-02-01","1,189.40","1,181.30","1,190.40","1,181.00","","0.69%"
"2005-01-31","1,181.30","1,171.40","1,182.10","1,171.40","","0.85%"
"2005-01-28","1,171.40","1,174.50","1,175.60","1,166.30","","-0.26%"
"2005-01-27","1,174.50","1,174.10","1,177.50","1,170.20","","0.03%"
"2005-01-26","1,174.10","1,168.40","1,176.00","1,168.40","","0.49%"
"2005-01-25","1,168.40","1,163.80","1,174.30","1,163.80","","0.40%"
"2005-01-24","1,163.80","1,167.90","1,173.20","1,163.80","","-0.35%"
"2005-01-21","1,167.90","1,175.40","1,179.50","1,167.80","","-0.64%"
"2005-01-20","1,175.40","1,184.60","1,184.60","1,173.40","","-0.78%"
"2005-01-19","1,184.60","1,196.00","1,196.00","1,184.40","","-0.95%"
"2005-01-18","1,196.00","1,184.50","1,196.00","1,180.10","","0.97%"
"2005-01-14","1,184.50","1,177.50","1,185.20","1,177.50","","0.59%"
"2005-01-13","1,177.50","1,187.70","1,187.70","1,175.60","","-0.86%"
"2005-01-12","1,187.70","1,183.00","1,188.00","1,175.60","","0.40%"
"2005-01-11","1,183.00","1,190.20","1,190.20","1,180.40","","-0.60%"
"2005-01-10","1,190.20","1,186.20","1,194.80","1,184.80","","0.34%"
"2005-01-07","1,186.20","1,187.90","1,192.20","1,182.10","","-0.14%"
"2005-01-06","1,187.90","1,183.70","1,191.60","1,183.20","","0.35%"
"2005-01-05","1,183.70","1,188.00","1,192.80","1,183.70","","-0.36%"
"2005-01-04","1,188.00","1,202.10","1,205.80","1,185.40","","-1.17%"
"2005-01-03","1,202.10","1,211.90","1,217.90","1,200.30","","-0.81%"
"2004-12-31","1,211.90","1,213.50","1,217.30","1,211.70","","-0.13%"
"2004-12-30","1,213.50","1,213.50","1,216.50","1,213.40","","0.00%"
"2004-12-29","1,213.50","1,213.50","1,214.00","1,211.00","","0.00%"
"2004-12-28","1,213.50","1,204.90","1,213.50","1,204.90","","0.71%"
"2004-12-27","1,204.90","1,210.10","1,214.20","1,204.90","","-0.43%"
"2004-12-23","1,210.10","1,209.60","1,213.70","1,208.70","","0.04%"
"2004-12-22","1,209.60","1,205.50","1,211.40","1,203.80","","0.34%"
"2004-12-21","1,205.50","1,194.70","1,205.90","1,194.70","","0.90%"
"2004-12-20","1,194.70","1,194.20","1,203.60","1,193.40","","0.04%"
"2004-12-17","1,194.20","1,203.20","1,203.20","1,193.40","","-0.75%"
"2004-12-16","1,203.20","1,205.70","1,208.00","1,198.40","","-0.21%"
"2004-12-15","1,205.70","1,203.40","1,206.60","1,199.40","","0.19%"
"2004-12-14","1,203.40","1,198.70","1,205.30","1,197.80","","0.39%"
"2004-12-13","1,198.70","1,188.00","1,198.80","1,188.00","","0.90%"
"2004-12-10","1,188.00","1,189.20","1,191.50","1,185.20","","-0.10%"
"2004-12-09","1,189.20","1,182.80","1,190.50","1,173.80","","0.54%"
"2004-12-08","1,182.80","1,177.10","1,184.00","1,176.80","","0.48%"
"2004-12-07","1,177.10","1,190.20","1,192.20","1,177.10","","-1.10%"
"2004-12-06","1,190.20","1,191.20","1,192.40","1,185.20","","-0.08%"
"2004-12-03","1,191.20","1,190.30","1,197.50","1,187.70","","0.08%"
"2004-12-02","1,190.30","1,191.40","1,194.80","1,186.70","","-0.09%"
"2004-12-01","1,191.40","1,173.80","1,191.40","1,173.80","","1.50%"
"2004-11-30","1,173.80","1,178.60","1,178.70","1,173.80","","-0.41%"
"2004-11-29","1,178.60","1,182.70","1,186.90","1,172.40","","-0.35%"
"2004-11-26","1,182.70","1,181.80","1,186.60","1,181.10","","0.08%"
"2004-11-24","1,181.80","1,176.90","1,182.50","1,176.90","","0.42%"
"2004-11-23","1,176.90","1,177.20","1,179.50","1,171.40","","-0.03%"
"2004-11-22","1,177.20","1,170.30","1,178.20","1,167.90","","0.59%"
"2004-11-19","1,170.30","1,183.50","1,184.00","1,169.20","","-1.12%"
"2004-11-18","1,183.50","1,181.90","1,184.90","1,180.10","","0.14%"
"2004-11-17","1,181.90","1,175.40","1,188.50","1,175.40","","0.55%"
"2004-11-16","1,175.40","1,183.80","1,183.80","1,175.30","","-0.71%"
"2004-11-15","1,183.80","1,184.20","1,184.50","1,179.80","","-0.03%"
"2004-11-12","1,184.20","1,173.50","1,184.20","1,171.40","","0.91%"
"2004-11-11","1,173.50","1,162.90","1,174.80","1,162.90","","0.91%"
"2004-11-10","1,162.90","1,164.10","1,169.30","1,162.50","","-0.10%"
"2004-11-09","1,164.10","1,164.90","1,169.00","1,162.50","","-0.07%"
"2004-11-08","1,164.90","1,166.20","1,166.90","1,162.30","","-0.11%"
"2004-11-05","1,166.20","1,161.70","1,170.90","1,160.40","","0.39%"
"2004-11-04","1,161.70","1,143.20","1,161.70","1,142.30","","1.62%"
"2004-11-03","1,143.20","1,130.50","1,147.60","1,130.50","","1.12%"
"2004-11-02","1,130.50","1,130.50","1,140.50","1,128.10","","0.00%"
"2004-11-01","1,130.50","1,130.20","1,133.40","1,127.50","","0.03%"
"2004-10-29","1,130.20","1,127.40","1,131.40","1,124.60","","0.25%"
"2004-10-28","1,127.40","1,125.30","1,130.70","1,120.60","","0.18%"
"2004-10-27","1,125.40","1,111.10","1,126.30","1,107.40","","1.29%"
"2004-10-26","1,111.10","1,094.80","1,111.10","1,094.80","","1.49%"
"2004-10-25","1,094.80","1,095.70","1,096.80","1,090.20","","-0.08%"
"2004-10-22","1,095.70","1,106.50","1,108.30","1,095.30","","-0.98%"
"2004-10-21","1,106.50","1,103.70","1,109.00","1,098.50","","0.25%"
"2004-10-20","1,103.70","1,103.20","1,104.10","1,094.20","","0.05%"
"2004-10-19","1,103.20","1,114.00","1,118.00","1,103.20","","-0.97%"
"2004-10-18","1,114.00","1,108.20","1,114.50","1,103.30","","0.52%"
"2004-10-15","1,108.20","1,103.30","1,113.20","1,102.10","","0.44%"
"2004-10-14","1,103.30","1,113.70","1,115.00","1,102.10","","-0.93%"
"2004-10-13","1,113.70","1,121.80","1,127.00","1,109.60","","-0.72%"
"2004-10-12","1,121.80","1,124.40","1,124.40","1,115.80","","-0.23%"
"2004-10-11","1,124.40","1,122.10","1,126.20","1,122.10","","0.20%"
"2004-10-08","1,122.10","1,130.70","1,132.90","1,120.20","","-0.76%"
"2004-10-07","1,130.70","1,142.00","1,142.00","1,130.50","","-0.99%"
"2004-10-06","1,142.00","1,134.50","1,142.00","1,132.90","","0.66%"
"2004-10-05","1,134.50","1,135.20","1,137.90","1,132.00","","-0.06%"
"2004-10-04","1,135.20","1,131.50","1,140.20","1,131.50","","0.33%"
"2004-10-01","1,131.50","1,114.60","1,131.60","1,114.60","","1.52%"
"2004-09-30","1,114.60","1,114.80","1,116.30","1,109.60","","-0.02%"
"2004-09-29","1,114.80","1,110.10","1,114.80","1,107.40","","0.42%"
"2004-09-28","1,110.10","1,103.50","1,111.80","1,101.30","","0.60%"
"2004-09-27","1,103.50","1,110.10","1,110.10","1,103.20","","-0.59%"
"2004-09-24","1,110.10","1,108.40","1,113.80","1,108.40","","0.15%"
"2004-09-23","1,108.40","1,113.60","1,113.60","1,108.00","","-0.47%"
"2004-09-22","1,113.60","1,129.30","1,129.30","1,112.70","","-1.39%"
"2004-09-21","1,129.30","1,122.20","1,131.50","1,122.20","","0.63%"
"2004-09-20","1,122.20","1,128.50","1,128.50","1,120.30","","-0.56%"
"2004-09-17","1,128.50","1,123.50","1,130.50","1,123.50","","0.45%"
"2004-09-16","1,123.50","1,120.40","1,126.10","1,120.40","","0.28%"
"2004-09-15","1,120.40","1,128.30","1,128.30","1,119.70","","-0.70%"
"2004-09-14","1,128.30","1,125.80","1,129.50","1,124.70","","0.22%"
"2004-09-13","1,125.80","1,123.90","1,129.80","1,123.30","","0.17%"
"2004-09-10","1,123.90","1,118.40","1,125.30","1,114.40","","0.49%"
"2004-09-09","1,118.40","1,116.30","1,121.30","1,113.60","","0.19%"
"2004-09-08","1,116.30","1,121.30","1,123.00","1,116.30","","-0.45%"
"2004-09-07","1,121.30","1,113.60","1,124.10","1,113.60","","0.69%"
"2004-09-03","1,113.60","1,118.30","1,120.80","1,113.60","","-0.42%"
"2004-09-02","1,118.30","1,105.90","1,119.10","1,105.60","","1.12%"
"2004-09-01","1,105.90","1,104.20","1,109.20","1,099.10","","0.15%"
"2004-08-31","1,104.20","1,099.20","1,104.20","1,094.70","","0.45%"
"2004-08-30","1,099.20","1,107.80","1,107.80","1,099.20","","-0.78%"
"2004-08-27","1,107.80","1,105.10","1,109.70","1,104.60","","0.24%"
"2004-08-26","1,105.10","1,105.00","1,106.80","1,102.40","","0.01%"
"2004-08-25","1,105.00","1,096.20","1,106.30","1,093.20","","0.80%"
"2004-08-24","1,096.20","1,095.70","1,100.90","1,092.80","","0.05%"
"2004-08-23","1,095.70","1,098.30","1,101.40","1,094.70","","-0.24%"
"2004-08-20","1,098.30","1,091.20","1,100.30","1,089.60","","0.65%"
"2004-08-19","1,091.20","1,095.20","1,095.20","1,086.30","","-0.37%"
"2004-08-18","1,095.20","1,081.70","1,095.20","1,078.90","","1.25%"
"2004-08-17","1,081.70","1,079.30","1,087.00","1,079.30","","0.22%"
"2004-08-16","1,079.30","1,064.80","1,080.70","1,064.80","","1.36%"
"2004-08-13","1,064.80","1,063.20","1,067.60","1,060.70","","0.15%"
"2004-08-12","1,063.20","1,075.80","1,075.80","1,062.80","","-1.17%"
"2004-08-11","1,075.80","1,079.00","1,079.00","1,065.90","","-0.30%"
"2004-08-10","1,079.00","1,065.20","1,079.00","1,065.20","","1.30%"
"2004-08-09","1,065.20","1,064.00","1,069.50","1,064.00","","0.11%"
"2004-08-06","1,064.00","1,080.70","1,080.70","1,062.20","","-1.55%"
"2004-08-05","1,080.70","1,098.60","1,098.80","1,080.00","","-1.63%"
"2004-08-04","1,098.60","1,099.70","1,102.50","1,092.40","","-0.10%"
"2004-08-03","1,099.70","1,106.60","1,106.60","1,099.20","","-0.62%"
"2004-08-02","1,106.60","1,101.70","1,108.60","1,097.30","","0.44%"
"2004-07-30","1,101.70","1,100.40","1,103.70","1,097.00","","0.12%"
"2004-07-29","1,100.40","1,095.40","1,103.70","1,095.40","","0.46%"
"2004-07-28","1,095.40","1,094.80","1,098.80","1,082.20","","0.05%"
"2004-07-27","1,094.80","1,084.10","1,096.70","1,084.10","","0.99%"
"2004-07-26","1,084.10","1,086.20","1,089.80","1,078.80","","-0.19%"
"2004-07-23","1,086.20","1,096.80","1,096.80","1,083.50","","-0.97%"
"2004-07-22","1,096.80","1,093.90","1,099.70","1,084.20","","0.27%"
"2004-07-21","1,093.90","1,108.70","1,116.30","1,093.90","","-1.33%"
"2004-07-20","1,108.70","1,100.90","1,108.90","1,099.10","","0.71%"
"2004-07-19","1,100.90","1,101.40","1,105.50","1,096.50","","-0.05%"
"2004-07-16","1,101.40","1,106.70","1,112.20","1,101.10","","-0.48%"
"2004-07-15","1,106.70","1,111.50","1,114.70","1,106.60","","-0.43%"
"2004-07-14","1,111.50","1,115.10","1,119.60","1,107.80","","-0.32%"
"2004-07-13","1,115.10","1,114.30","1,116.30","1,113.00","","0.07%"
"2004-07-12","1,114.30","1,112.80","1,116.10","1,106.70","","0.13%"
"2004-07-09","1,112.80","1,109.10","1,115.60","1,109.10","","0.33%"
"2004-07-08","1,109.10","1,118.30","1,119.10","1,108.70","","-0.82%"
"2004-07-07","1,118.30","1,116.20","1,122.40","1,114.90","","0.19%"
"2004-07-06","1,116.20","1,125.40","1,125.40","1,113.20","","-0.82%"
"2004-07-02","1,125.40","1,128.90","1,129.20","1,123.30","","-0.31%"
"2004-07-01","1,128.90","1,140.80","1,140.80","1,123.10","","-1.04%"
"2004-06-30","1,140.80","1,136.20","1,144.20","1,133.60","","0.40%"
"2004-06-29","1,136.20","1,133.30","1,138.30","1,131.80","","0.26%"
"2004-06-28","1,133.30","1,134.40","1,142.60","1,131.60","","-0.10%"
"2004-06-25","1,134.40","1,140.70","1,146.00","1,134.20","","-0.55%"
"2004-06-24","1,140.70","1,144.10","1,146.30","1,139.90","","-0.30%"
"2004-06-23","1,144.10","1,134.40","1,145.20","1,131.70","","0.86%"
"2004-06-22","1,134.40","1,130.30","1,135.00","1,124.40","","0.36%"
"2004-06-21","1,130.30","1,135.00","1,138.00","1,129.60","","-0.41%"
"2004-06-18","1,135.00","1,132.00","1,139.10","1,129.80","","0.27%"
"2004-06-17","1,132.00","1,133.60","1,133.60","1,126.90","","-0.14%"
"2004-06-16","1,133.60","1,132.00","1,135.30","1,130.50","","0.14%"
"2004-06-15","1,132.00","1,125.30","1,137.40","1,125.30","","0.60%"
"2004-06-14","1,125.30","1,136.50","1,136.50","1,122.20","","-0.99%"
"2004-06-10","1,136.50","1,131.30","1,136.50","1,131.30","","0.46%"
"2004-06-09","1,131.30","1,142.20","1,142.20","1,131.20","","-0.95%"
"2004-06-08","1,142.20","1,140.40","1,142.20","1,135.50","","0.16%"
"2004-06-07","1,140.40","1,122.50","1,140.50","1,122.50","","1.59%"
"2004-06-04","1,122.50","1,116.60","1,129.20","1,116.60","","0.53%"
"2004-06-03","1,116.60","1,125.00","1,125.30","1,116.60","","-0.75%"
"2004-06-02","1,125.00","1,121.20","1,128.10","1,118.60","","0.34%"
"2004-06-01","1,121.20","1,120.70","1,122.70","1,113.30","","0.04%"
"2004-05-28","1,120.70","1,121.30","1,122.70","1,118.10","","-0.05%"
"2004-05-27","1,121.30","1,114.90","1,124.00","1,114.90","","0.57%"
"2004-05-26","1,114.90","1,113.00","1,116.70","1,109.90","","0.17%"
"2004-05-25","1,113.00","1,095.40","1,113.80","1,090.70","","1.61%"
"2004-05-24","1,095.40","1,093.60","1,101.70","1,091.80","","0.16%"
"2004-05-21","1,093.60","1,089.20","1,099.70","1,089.20","","0.40%"
"2004-05-20","1,089.20","1,088.70","1,092.60","1,085.40","","0.05%"
"2004-05-19","1,088.70","1,091.50","1,105.90","1,088.50","","-0.26%"
"2004-05-18","1,091.50","1,084.10","1,094.10","1,084.10","","0.68%"
"2004-05-17","1,084.10","1,095.70","1,095.70","1,079.40","","-1.06%"
"2004-05-14","1,095.70","1,096.40","1,102.40","1,088.20","","-0.06%"
"2004-05-13","1,096.40","1,097.30","1,102.80","1,091.80","","-0.08%"
"2004-05-12","1,097.30","1,095.50","1,097.50","1,076.30","","0.16%"
"2004-05-11","1,095.50","1,087.10","1,095.70","1,087.10","","0.77%"
"2004-05-10","1,087.10","1,098.70","1,098.70","1,079.60","","-1.06%"
"2004-05-07","1,098.70","1,114.00","1,117.30","1,098.60","","-1.37%"
"2004-05-06","1,114.00","1,121.50","1,121.50","1,106.30","","-0.67%"
"2004-05-05","1,121.50","1,119.50","1,125.10","1,117.90","","0.18%"
"2004-05-04","1,119.50","1,117.50","1,127.70","1,112.90","","0.18%"
"2004-05-03","1,117.50","1,107.30","1,118.70","1,107.30","","0.92%"
"2004-04-30","1,107.30","1,113.90","1,119.30","1,107.20","","-0.59%"
"2004-04-29","1,113.90","1,122.40","1,128.80","1,108.00","","-0.76%"
"2004-04-28","1,122.40","1,138.10","1,138.10","1,121.70","","-1.38%"
"2004-04-27","1,138.10","1,135.50","1,146.80","1,135.50","","0.23%"
"2004-04-26","1,135.50","1,140.60","1,145.10","1,132.90","","-0.45%"
"2004-04-23","1,140.60","1,139.90","1,141.90","1,134.80","","0.06%"
"2004-04-22","1,139.90","1,124.10","1,142.80","1,121.90","","1.41%"
"2004-04-21","1,124.10","1,118.20","1,125.70","1,116.00","","0.53%"
"2004-04-20","1,118.20","1,135.80","1,139.30","1,118.10","","-1.55%"
"2004-04-19","1,135.80","1,134.60","1,136.20","1,129.80","","0.11%"
"2004-04-16","1,134.60","1,128.80","1,136.80","1,126.80","","0.51%"
"2004-04-15","1,128.80","1,128.20","1,134.10","1,120.80","","0.05%"
"2004-04-14","1,128.20","1,129.40","1,132.50","1,122.20","","-0.11%"
"2004-04-13","1,129.40","1,145.20","1,147.80","1,127.70","","-1.38%"
"2004-04-12","1,145.20","1,139.30","1,147.30","1,139.30","","0.52%"
"2004-04-08","1,139.30","1,140.50","1,149.00","1,134.50","","-0.11%"
"2004-04-07","1,140.50","1,148.20","1,148.20","1,138.40","","-0.67%"
"2004-04-06","1,148.20","1,150.60","1,150.60","1,143.30","","-0.21%"
"2004-04-05","1,150.60","1,141.80","1,150.60","1,141.60","","0.77%"
"2004-04-02","1,141.80","1,132.20","1,144.80","1,132.20","","0.85%"
"2004-04-01","1,132.20","1,126.20","1,135.70","1,126.20","","0.53%"
"2004-03-31","1,126.20","1,127.00","1,130.80","1,121.50","","-0.07%"
"2004-03-30","1,127.00","1,122.50","1,127.60","1,119.70","","0.40%"
"2004-03-29","1,122.50","1,108.10","1,124.40","1,108.10","","1.30%"
"2004-03-26","1,108.10","1,109.20","1,115.30","1,106.10","","-0.10%"
"2004-03-25","1,109.20","1,091.30","1,110.40","1,091.30","","1.64%"
"2004-03-24","1,091.30","1,094.00","1,098.40","1,087.10","","-0.25%"
"2004-03-23","1,094.00","1,095.40","1,101.50","1,091.60","","-0.13%"
"2004-03-22","1,095.40","1,109.80","1,109.80","1,089.50","","-1.30%"
"2004-03-19","1,109.80","1,122.30","1,122.70","1,109.70","","-1.11%"
"2004-03-18","1,122.30","1,123.80","1,125.50","1,113.20","","-0.13%"
"2004-03-17","1,123.80","1,110.70","1,125.80","1,110.70","","1.18%"
"2004-03-16","1,110.70","1,104.50","1,113.80","1,102.60","","0.56%"
"2004-03-15","1,104.50","1,120.60","1,120.60","1,103.40","","-1.44%"
"2004-03-12","1,120.60","1,106.80","1,120.60","1,106.80","","1.25%"
"2004-03-11","1,106.80","1,123.90","1,126.00","1,105.90","","-1.52%"
"2004-03-10","1,123.90","1,140.60","1,141.50","1,122.50","","-1.46%"
"2004-03-09","1,140.60","1,147.20","1,147.30","1,136.80","","-0.58%"
"2004-03-08","1,147.20","1,156.90","1,159.90","1,147.00","","-0.84%"
"2004-03-05","1,156.90","1,154.90","1,163.20","1,148.70","","0.17%"
"2004-03-04","1,154.90","1,151.00","1,155.00","1,149.80","","0.34%"
"2004-03-03","1,151.00","1,149.10","1,152.40","1,143.80","","0.17%"
"2004-03-02","1,149.10","1,156.00","1,156.50","1,147.30","","-0.60%"
"2004-03-01","1,156.00","1,144.90","1,157.50","1,144.90","","0.97%"
"2004-02-27","1,144.90","1,145.80","1,151.70","1,141.80","","0.00%"
"2004-02-26","1,144.90","1,143.70","1,147.20","1,138.60","","0.10%"
"2004-02-25","1,143.70","1,139.10","1,145.20","1,138.70","","0.40%"
"2004-02-24","1,139.10","1,141.00","1,144.50","1,134.40","","-0.17%"
"2004-02-23","1,141.00","1,144.10","1,146.70","1,137.00","","-0.27%"
"2004-02-20","1,144.10","1,147.10","1,149.80","1,139.00","","-0.26%"
"2004-02-19","1,147.10","1,151.80","1,158.60","1,146.80","","-0.41%"
"2004-02-18","1,151.80","1,157.00","1,157.40","1,149.40","","-0.45%"
"2004-02-17","1,157.00","1,145.80","1,159.00","1,145.80","","0.98%"
"2004-02-13","1,145.80","1,152.10","1,156.90","1,143.20","","-0.55%"
"2004-02-12","1,152.10","1,157.80","1,157.80","1,151.40","","-0.49%"
"2004-02-11","1,157.80","1,145.50","1,158.90","1,142.30","","1.07%"
"2004-02-10","1,145.50","1,139.80","1,147.00","1,138.70","","0.50%"
"2004-02-09","1,139.80","1,142.80","1,144.50","1,139.20","","-0.26%"
"2004-02-06","1,142.80","1,128.60","1,142.80","1,128.40","","1.26%"
"2004-02-05","1,128.60","1,126.50","1,131.20","1,124.40","","0.19%"
"2004-02-04","1,126.50","1,136.00","1,136.00","1,124.70","","-0.84%"
"2004-02-03","1,136.00","1,135.30","1,137.40","1,131.30","","0.06%"
"2004-02-02","1,135.30","1,131.10","1,142.60","1,127.90","","0.37%"
"2004-01-30","1,131.10","1,134.10","1,134.20","1,127.70","","-0.26%"
"2004-01-29","1,134.10","1,128.50","1,134.40","1,122.40","","0.50%"
"2004-01-28","1,128.50","1,144.00","1,149.10","1,126.50","","-1.35%"
"2004-01-27","1,144.00","1,155.40","1,155.40","1,144.00","","-0.99%"
"2004-01-26","1,155.40","1,141.50","1,155.40","1,141.00","","1.22%"
"2004-01-23","1,141.50","1,143.90","1,150.30","1,136.80","","-0.21%"
"2004-01-22","1,143.90","1,147.60","1,150.50","1,143.00","","-0.32%"
"2004-01-21","1,147.60","1,138.80","1,149.20","1,134.60","","0.77%"
"2004-01-20","1,138.80","1,139.80","1,142.90","1,135.40","","-0.09%"
"2004-01-16","1,139.80","1,132.00","1,139.80","1,132.00","","0.69%"
"2004-01-15","1,132.00","1,130.50","1,137.10","1,124.50","","0.13%"
"2004-01-14","1,130.50","1,121.20","1,130.80","1,121.20","","0.83%"
"2004-01-13","1,121.20","1,127.20","1,129.10","1,115.20","","-0.53%"
"2004-01-12","1,127.20","1,121.90","1,127.80","1,120.90","","0.47%"
"2004-01-09","1,121.90","1,131.90","1,131.90","1,120.90","","-0.88%"
"2004-01-08","1,131.90","1,126.30","1,131.90","1,124.90","","0.50%"
"2004-01-07","1,126.30","1,123.70","1,126.30","1,116.50","","0.23%"
"2004-01-06","1,123.70","1,122.20","1,124.50","1,118.40","","0.13%"
"2004-01-05","1,122.20","1,108.50","1,122.20","1,108.50","","1.24%"
"2004-01-02","1,108.50","1,111.90","1,118.80","1,105.10","","-0.31%"
"2003-12-31","1,111.90","1,109.60","1,112.60","1,106.20","","0.21%"
"2003-12-30","1,109.60","1,109.50","1,109.80","1,106.40","","0.01%"
"2003-12-29","1,109.50","1,095.90","1,109.50","1,095.90","","1.24%"
"2003-12-26","1,095.90","1,094.00","1,098.50","1,094.00","","0.17%"
"2003-12-24","1,094.00","1,096.00","1,096.40","1,092.70","","-0.18%"
"2003-12-23","1,096.00","1,092.90","1,097.00","1,091.70","","0.28%"
"2003-12-22","1,092.90","1,088.70","1,092.90","1,086.10","","0.39%"
"2003-12-19","1,088.70","1,089.20","1,091.10","1,084.20","","-0.05%"
"2003-12-18","1,089.20","1,076.50","1,089.50","1,076.50","","1.18%"
"2003-12-17","1,076.50","1,075.10","1,076.50","1,071.10","","0.13%"
"2003-12-16","1,075.10","1,068.00","1,075.90","1,068.00","","0.66%"
"2003-12-15","1,068.00","1,074.10","1,082.80","1,068.00","","-0.57%"
"2003-12-12","1,074.10","1,071.20","1,074.80","1,067.60","","0.27%"
"2003-12-11","1,071.20","1,059.00","1,073.60","1,059.00","","1.15%"
"2003-12-10","1,059.00","1,060.20","1,063.00","1,053.40","","-0.11%"
"2003-12-09","1,060.20","1,069.30","1,071.90","1,059.20","","-0.85%"
"2003-12-08","1,069.30","1,061.50","1,069.60","1,060.90","","0.73%"
"2003-12-05","1,061.50","1,069.70","1,069.70","1,060.10","","-0.77%"
"2003-12-04","1,069.70","1,064.70","1,070.40","1,063.20","","0.47%"
"2003-12-03","1,064.70","1,066.60","1,074.30","1,064.60","","-0.18%"
"2003-12-02","1,066.60","1,070.10","1,071.20","1,065.20","","-0.33%"
"2003-12-01","1,070.10","1,058.20","1,070.50","1,058.20","","1.12%"
"2003-11-28","1,058.20","1,058.50","1,060.60","1,056.80","","-0.03%"
"2003-11-26","1,058.50","1,053.90","1,058.50","1,048.30","","0.44%"
"2003-11-25","1,053.90","1,052.10","1,058.00","1,049.30","","0.17%"
"2003-11-24","1,052.10","1,035.30","1,052.10","1,035.30","","1.62%"
"2003-11-21","1,035.30","1,033.70","1,037.60","1,031.20","","0.15%"
"2003-11-20","1,033.70","1,042.40","1,046.50","1,033.40","","-0.83%"
"2003-11-19","1,042.40","1,034.20","1,044.00","1,034.20","","0.79%"
"2003-11-18","1,034.20","1,043.60","1,048.80","1,034.00","","-0.90%"
"2003-11-17","1,043.60","1,050.30","1,050.30","1,035.30","","-0.64%"
"2003-11-14","1,050.30","1,058.40","1,063.70","1,048.10","","-0.77%"
"2003-11-13","1,058.40","1,058.60","1,059.60","1,053.00","","-0.02%"
"2003-11-12","1,058.60","1,046.60","1,059.10","1,046.60","","1.15%"
"2003-11-11","1,046.60","1,047.10","1,048.20","1,043.50","","-0.05%"
"2003-11-10","1,047.10","1,053.20","1,053.70","1,045.60","","-0.58%"
"2003-11-07","1,053.20","1,058.00","1,062.40","1,052.20","","-0.45%"
"2003-11-06","1,058.00","1,051.80","1,058.90","1,046.90","","0.59%"
"2003-11-05","1,051.80","1,053.20","1,054.50","1,044.90","","-0.13%"
"2003-11-04","1,053.20","1,059.00","1,059.00","1,051.70","","-0.55%"
"2003-11-03","1,059.00","1,050.70","1,061.40","1,050.70","","0.79%"
"2003-10-31","1,050.70","1,046.90","1,053.10","1,046.90","","0.36%"
"2003-10-30","1,046.90","1,048.10","1,052.80","1,043.80","","-0.11%"
"2003-10-29","1,048.10","1,046.80","1,049.80","1,043.30","","0.12%"
"2003-10-28","1,046.80","1,031.10","1,046.80","1,031.10","","1.52%"
"2003-10-27","1,031.10","1,028.90","1,037.80","1,028.90","","0.21%"
"2003-10-24","1,028.90","1,033.80","1,033.80","1,018.30","","-0.47%"
"2003-10-23","1,033.80","1,030.40","1,035.40","1,025.90","","0.33%"
"2003-10-22","1,030.40","1,046.00","1,046.00","1,028.40","","-1.49%"
"2003-10-21","1,046.00","1,044.70","1,048.60","1,042.50","","0.12%"
"2003-10-20","1,044.70","1,039.30","1,044.70","1,036.10","","0.52%"
"2003-10-17","1,039.30","1,050.10","1,051.90","1,036.60","","-1.03%"
"2003-10-16","1,050.10","1,046.80","1,052.90","1,044.00","","0.32%"
"2003-10-15","1,046.80","1,049.50","1,053.80","1,043.20","","-0.26%"
"2003-10-14","1,049.50","1,045.30","1,049.50","1,040.80","","0.40%"
"2003-10-13","1,045.30","1,038.10","1,048.90","1,038.10","","0.69%"
"2003-10-10","1,038.10","1,038.70","1,040.80","1,035.70","","-0.06%"
"2003-10-09","1,038.70","1,033.80","1,048.30","1,033.80","","0.47%"
"2003-10-08","1,033.80","1,039.20","1,040.10","1,031.00","","-0.52%"
"2003-10-07","1,039.20","1,034.30","1,039.20","1,026.20","","0.47%"
"2003-10-06","1,034.30","1,029.80","1,036.50","1,029.20","","0.44%"
"2003-10-03","1,029.80","1,020.20","1,039.30","1,020.20","","0.94%"
"2003-10-02","1,020.20","1,018.20","1,021.90","1,013.40","","0.20%"
"2003-10-01","1,018.20","996.00","1,018.20","996.00","","2.23%"
"2003-09-30","996.00","1,006.60","1,006.60","990.40","","-1.05%"
"2003-09-29","1,006.60","996.90","1,006.90","995.30","","0.97%"
"2003-09-26","996.90","1,003.30","1,003.50","996.10","","-0.64%"
"2003-09-25","1,003.30","1,009.40","1,016.00","1,003.30","","-0.60%"
"2003-09-24","1,009.40","1,029.00","1,029.80","1,008.90","","-1.90%"
"2003-09-23","1,029.00","1,022.80","1,030.10","1,021.50","","0.61%"
"2003-09-22","1,022.80","1,036.30","1,036.30","1,018.30","","-1.30%"
"2003-09-19","1,036.30","1,039.60","1,040.30","1,031.90","","-0.32%"
"2003-09-18","1,039.60","1,026.00","1,040.20","1,025.80","","1.33%"
"2003-09-17","1,026.00","1,029.30","1,031.30","1,024.50","","-0.32%"
"2003-09-16","1,029.30","1,014.80","1,029.70","1,014.80","","1.43%"
"2003-09-15","1,014.80","1,018.60","1,019.80","1,013.60","","-0.37%"
"2003-09-12","1,018.60","1,016.40","1,019.60","1,007.70","","0.22%"
"2003-09-11","1,016.40","1,010.90","1,020.90","1,010.90","","0.54%"
"2003-09-10","1,010.90","1,023.20","1,023.20","1,009.70","","-1.20%"
"2003-09-09","1,023.20","1,031.60","1,031.60","1,021.10","","-0.81%"
"2003-09-08","1,031.60","1,021.40","1,032.40","1,021.40","","1.00%"
"2003-09-05","1,021.40","1,028.00","1,029.20","1,018.20","","-0.64%"
"2003-09-04","1,028.00","1,026.30","1,029.20","1,022.20","","0.17%"
"2003-09-03","1,026.30","1,022.00","1,029.30","1,022.00","","0.42%"
"2003-09-02","1,022.00","1,008.00","1,022.60","1,005.70","","1.39%"
"2003-08-29","1,008.00","1,002.80","1,008.90","999.50","","0.52%"
"2003-08-28","1,002.80","996.80","1,004.10","991.40","","0.60%"
"2003-08-27","996.80","996.70","998.00","993.30","","0.01%"
"2003-08-26","996.70","993.70","997.90","983.60","","0.30%"
"2003-08-25","993.70","993.10","993.70","987.90","","0.06%"
"2003-08-22","993.10","1,003.30","1,011.00","992.60","","-1.02%"
"2003-08-21","1,003.30","1,000.30","1,009.50","999.30","","0.30%"
"2003-08-20","1,000.30","1,002.40","1,003.50","996.60","","-0.21%"
"2003-08-19","1,002.40","999.70","1,003.30","995.30","","0.27%"
"2003-08-18","999.70","990.70","1,000.40","990.70","","0.91%"
"2003-08-15","990.70","988.00","992.40","987.10","","0.02%"
"2003-08-14","990.50","984.00","991.90","980.40","","0.66%"
"2003-08-13","984.00","990.40","992.50","980.90","","-0.65%"
"2003-08-12","990.40","980.60","990.40","979.90","","1.00%"
"2003-08-11","980.60","977.60","985.50","974.20","","0.31%"
"2003-08-08","977.60","974.10","980.60","973.80","","0.36%"
"2003-08-07","974.10","967.10","974.90","963.80","","0.72%"
"2003-08-06","967.10","965.50","975.70","960.80","","0.17%"
"2003-08-05","965.50","982.80","982.80","965.00","","-1.76%"
"2003-08-04","982.80","980.10","985.80","966.80","","0.28%"
"2003-08-01","980.10","990.30","990.30","978.90","","-1.03%"
"2003-07-31","990.30","987.50","1,004.60","987.50","","0.28%"
"2003-07-30","987.50","989.30","992.60","986.00","","-0.18%"
"2003-07-29","989.30","996.50","998.60","984.10","","-0.72%"
"2003-07-28","996.50","998.70","1,000.70","993.60","","-0.22%"
"2003-07-25","998.70","981.60","998.70","977.40","","1.74%"
"2003-07-24","981.60","988.60","998.90","981.10","","-0.71%"
"2003-07-23","988.60","988.10","989.90","979.80","","0.05%"
"2003-07-22","988.10","978.80","990.30","976.10","","0.95%"
"2003-07-21","978.80","993.30","993.30","975.60","","-1.46%"
"2003-07-18","993.30","981.70","994.20","981.70","","1.18%"
"2003-07-17","981.70","994.00","994.00","978.60","","-1.24%"
"2003-07-16","994.00","1,000.40","1,003.50","989.30","","-0.64%"
"2003-07-15","1,000.40","1,003.90","1,009.60","996.70","","-0.35%"
"2003-07-14","1,003.90","998.10","1,015.40","998.10","","0.58%"
"2003-07-11","998.10","988.70","1,000.90","988.70","","0.95%"
"2003-07-10","988.70","1,002.20","1,002.20","983.60","","-1.35%"
"2003-07-09","1,002.20","1,007.80","1,010.40","998.20","","-0.56%"
"2003-07-08","1,007.80","1,004.40","1,008.90","998.70","","0.34%"
"2003-07-07","1,004.40","985.70","1,005.60","985.70","","1.90%"
"2003-07-03","985.70","993.80","995.00","983.30","","-0.82%"
"2003-07-02","993.80","982.30","993.80","982.30","","1.17%"
"2003-07-01","982.30","974.50","983.30","962.10","","0.80%"
"2003-06-30","974.50","976.20","983.60","973.60","","-0.17%"
"2003-06-27","976.20","985.80","988.90","974.30","","-0.97%"
"2003-06-26","985.80","975.30","986.50","973.80","","1.08%"
"2003-06-25","975.30","983.50","991.60","974.90","","-0.83%"
"2003-06-24","983.50","981.60","987.80","979.10","","0.19%"
"2003-06-23","981.60","995.70","995.70","977.40","","-1.42%"
"2003-06-20","995.70","994.70","1,002.10","993.40","","0.10%"
"2003-06-19","994.70","1,010.10","1,011.20","993.10","","-1.52%"
"2003-06-18","1,010.10","1,011.70","1,015.10","1,004.60","","-0.16%"
"2003-06-17","1,011.70","1,010.70","1,015.30","1,007.00","","0.10%"
"2003-06-16","1,010.70","988.60","1,010.90","988.60","","2.24%"
"2003-06-13","988.60","998.50","1,000.90","984.30","","-0.99%"
"2003-06-12","998.50","997.50","1,002.70","991.30","","0.10%"
"2003-06-11","997.50","984.80","997.50","981.60","","1.29%"
"2003-06-10","984.80","975.90","984.80","975.90","","0.91%"
"2003-06-09","975.90","987.80","987.80","972.60","","-1.20%"
"2003-06-06","987.80","990.10","1,007.70","986.00","","-0.23%"
"2003-06-05","990.10","986.20","990.10","978.10","","0.40%"
"2003-06-04","986.20","971.60","987.90","970.70","","1.50%"
"2003-06-03","971.60","967.00","973.00","964.50","","0.48%"
"2003-06-02","967.00","963.60","979.10","963.60","","0.35%"
"2003-05-30","963.60","949.60","965.40","949.60","","1.47%"
"2003-05-29","949.60","953.20","962.10","946.20","","-0.38%"
"2003-05-28","953.20","951.50","959.40","950.10","","0.18%"
"2003-05-27","951.50","933.20","952.80","927.30","","1.96%"
"2003-05-23","933.20","931.90","935.20","927.40","","0.14%"
"2003-05-22","931.90","923.40","935.30","922.50","","0.92%"
"2003-05-21","923.40","919.70","923.90","914.90","","0.40%"
"2003-05-20","919.70","920.80","925.30","912.00","","-0.12%"
"2003-05-19","920.80","944.30","944.30","920.20","","-2.49%"
"2003-05-16","944.30","943.60","948.60","938.60","","-0.25%"
"2003-05-15","946.70","939.30","948.20","938.80","","0.79%"
"2003-05-14","939.30","942.30","947.30","935.20","","-0.32%"
"2003-05-13","942.30","945.10","947.50","938.90","","-0.30%"
"2003-05-12","945.10","933.40","946.80","929.30","","1.25%"
"2003-05-09","933.40","920.30","933.80","920.30","","1.42%"
"2003-05-08","920.30","929.60","929.60","919.70","","-1.00%"
"2003-05-07","929.60","934.40","937.20","926.40","","-0.51%"
"2003-05-06","934.40","926.50","939.60","926.40","","0.85%"
"2003-05-05","926.50","930.10","933.90","924.50","","-0.39%"
"2003-05-02","930.10","916.30","930.60","912.40","","1.51%"
"2003-05-01","916.30","916.90","919.70","902.80","","-0.07%"
"2003-04-30","916.90","917.80","922.00","911.70","","-0.10%"
"2003-04-29","917.80","914.80","924.20","911.10","","0.33%"
"2003-04-28","914.80","898.80","918.10","898.80","","1.78%"
"2003-04-25","898.80","911.40","911.40","897.50","","-1.38%"
"2003-04-24","911.40","919.00","919.00","906.70","","-0.83%"
"2003-04-23","919.00","911.40","919.70","909.90","","0.83%"
"2003-04-22","911.40","892.00","911.70","886.70","","2.17%"
"2003-04-21","892.00","893.60","898.00","888.20","","-0.18%"
"2003-04-17","893.60","879.90","893.80","879.20","","1.56%"
"2003-04-16","879.90","890.80","896.80","877.90","","-1.22%"
"2003-04-15","890.80","885.20","891.30","881.90","","0.63%"
"2003-04-14","885.20","868.30","885.30","868.30","","1.95%"
"2003-04-11","868.30","871.60","883.30","865.90","","-0.38%"
"2003-04-10","871.60","866.00","871.80","862.80","","0.65%"
"2003-04-09","866.00","878.30","887.40","865.70","","-1.40%"
"2003-04-08","878.30","879.90","883.10","874.70","","-0.18%"
"2003-04-07","879.90","878.90","904.90","878.90","","0.11%"
"2003-04-04","878.90","876.50","882.70","874.20","","0.27%"
"2003-04-03","876.50","880.90","885.90","876.10","","-0.50%"
"2003-04-02","880.90","858.50","884.60","858.50","","2.61%"
"2003-04-01","858.50","848.20","861.30","847.90","","1.21%"
"2003-03-31","848.20","863.50","863.50","843.70","","-1.77%"
"2003-03-28","863.50","868.50","869.90","860.80","","-0.58%"
"2003-03-27","868.50","870.00","874.10","858.10","","-0.17%"
"2003-03-26","870.00","874.70","875.80","866.50","","-0.54%"
"2003-03-25","874.70","864.20","879.90","862.60","","1.21%"
"2003-03-24","864.20","895.80","895.80","862.00","","-3.53%"
"2003-03-21","895.80","875.80","895.90","875.80","","2.30%"
"2003-03-20","875.70","874.00","879.60","859.00","","0.19%"
"2003-03-19","874.00","866.50","875.00","861.20","","0.87%"
"2003-03-18","866.50","862.80","866.90","857.40","","0.43%"
"2003-03-17","862.80","833.30","862.80","827.20","","3.54%"
"2003-03-14","833.30","831.90","841.40","828.30","","0.17%"
"2003-03-13","831.90","804.20","832.00","804.20","","3.44%"
"2003-03-12","804.20","800.70","804.20","788.90","","0.44%"
"2003-03-11","800.70","807.50","814.20","800.30","","-0.84%"
"2003-03-10","807.50","828.90","828.90","806.60","","-2.58%"
"2003-03-07","828.90","822.10","829.50","811.20","","0.83%"
"2003-03-06","822.10","829.90","829.90","819.90","","-0.94%"
"2003-03-05","829.90","822.00","829.90","819.00","","0.96%"
"2003-03-04","822.00","834.80","835.40","822.00","","-1.53%"
"2003-03-03","834.80","841.10","852.30","832.70","","-0.75%"
"2003-02-28","841.10","837.30","847.00","837.30","","0.45%"
"2003-02-27","837.30","827.50","842.20","827.50","","1.18%"
"2003-02-26","827.50","838.60","840.10","826.70","","-1.32%"
"2003-02-25","838.60","832.60","839.50","818.50","","0.72%"
"2003-02-24","832.60","848.20","848.20","832.20","","-1.84%"
"2003-02-21","848.20","837.10","852.30","831.50","","1.33%"
"2003-02-20","837.10","845.10","849.40","836.60","","-0.95%"
"2003-02-19","845.10","851.20","851.20","838.80","","-0.72%"
"2003-02-18","851.20","834.90","852.90","834.90","","1.95%"
"2003-02-14","834.90","817.40","834.90","815.00","","2.14%"
"2003-02-13","817.40","818.70","821.20","806.30","","-0.16%"
"2003-02-12","818.70","829.20","832.10","818.50","","-1.27%"
"2003-02-11","829.20","836.00","843.00","825.10","","-0.81%"
"2003-02-10","836.00","829.70","837.20","823.50","","0.76%"
"2003-02-07","829.70","838.10","845.70","826.70","","-1.00%"
"2003-02-06","838.10","843.60","844.20","833.20","","-0.65%"
"2003-02-05","843.60","848.20","861.60","842.10","","-0.54%"
"2003-02-04","848.20","860.30","860.30","840.20","","-1.41%"
"2003-02-03","860.30","855.70","864.60","855.70","","0.54%"
"2003-01-31","855.70","844.60","858.30","840.30","","1.31%"
"2003-01-30","844.60","864.40","865.50","843.70","","-2.29%"
"2003-01-29","864.40","858.50","868.70","845.90","","0.69%"
"2003-01-28","858.50","847.50","860.80","847.50","","1.30%"
"2003-01-27","847.50","861.40","864.00","844.20","","-1.61%"
"2003-01-24","861.40","887.30","887.30","859.70","","-2.92%"
"2003-01-23","887.30","878.40","890.20","876.90","","1.01%"
"2003-01-22","878.40","887.60","889.70","877.60","","-1.04%"
"2003-01-21","887.60","901.80","906.00","887.60","","-1.57%"
"2003-01-17","901.80","914.60","914.60","899.00","","-1.40%"
"2003-01-16","914.60","918.20","926.00","912.00","","-0.39%"
"2003-01-15","918.20","931.70","932.60","916.70","","-1.45%"
"2003-01-14","931.70","926.30","931.70","921.70","","0.58%"
"2003-01-13","926.30","927.60","935.00","922.00","","-0.14%"
"2003-01-10","927.60","927.60","932.90","917.70","","0.00%"
"2003-01-09","927.60","909.90","928.30","909.90","","1.95%"
"2003-01-08","909.90","922.90","922.90","908.30","","-1.41%"
"2003-01-07","922.90","929.00","930.80","919.90","","-0.66%"
"2003-01-06","929.00","908.60","931.80","908.60","","2.25%"
"2003-01-03","908.60","909.00","911.20","903.10","","-0.04%"
"2003-01-02","909.00","879.80","909.00","879.80","","3.32%"
"2002-12-31","879.80","879.40","881.90","869.50","","0.05%"
"2002-12-30","879.40","875.40","882.10","870.20","","0.46%"
"2002-12-27","875.40","889.70","890.50","873.60","","-1.61%"
"2002-12-26","889.70","892.50","903.90","887.50","","-0.31%"
"2002-12-24","892.50","897.40","897.40","892.30","","-0.55%"
"2002-12-23","897.40","895.70","902.40","892.30","","0.18%"
"2002-12-20","895.80","884.20","897.80","884.20","","1.31%"
"2002-12-19","884.20","890.00","899.20","880.30","","-0.77%"
"2002-12-18","891.10","903.00","903.00","887.80","","-1.32%"
"2002-12-17","903.00","910.40","911.20","901.70","","-0.81%"
"2002-12-16","910.40","889.50","910.40","889.50","","2.35%"
"2002-12-13","889.50","901.60","901.60","888.50","","-1.34%"
"2002-12-12","901.60","905.00","908.40","897.00","","-0.38%"
"2002-12-11","905.00","904.50","909.90","896.50","","0.06%"
"2002-12-10","904.50","892.00","905.00","892.00","","1.40%"
"2002-12-09","892.00","912.20","912.20","892.00","","-2.21%"
"2002-12-06","912.20","906.50","915.50","896.00","","0.63%"
"2002-12-05","906.50","917.60","921.50","905.90","","-1.21%"
"2002-12-04","917.60","920.80","925.20","909.50","","-0.35%"
"2002-12-03","920.80","934.50","934.50","918.70","","-1.47%"
"2002-12-02","934.50","936.30","954.30","927.70","","-0.19%"
"2002-11-29","936.30","938.90","941.80","935.60","","-0.28%"
"2002-11-27","938.90","913.30","940.40","913.30","","2.80%"
"2002-11-26","913.30","932.90","932.90","912.10","","-2.10%"
"2002-11-25","932.90","930.50","937.10","923.30","","0.26%"
"2002-11-22","930.50","933.80","937.30","928.40","","-0.35%"
"2002-11-21","933.80","914.10","935.10","914.10","","2.16%"
"2002-11-20","914.10","896.70","915.00","894.90","","1.94%"
"2002-11-19","896.70","900.40","905.50","893.10","","-0.41%"
"2002-11-18","900.40","909.80","915.90","899.50","","-1.03%"
"2002-11-15","909.80","904.30","910.20","895.40","","0.61%"
"2002-11-14","904.30","882.50","904.30","882.50","","2.47%"
"2002-11-13","882.50","883.00","892.50","872.00","","-0.06%"
"2002-11-12","883.00","876.20","894.30","876.20","","0.78%"
"2002-11-11","876.20","894.70","894.70","874.60","","-2.07%"
"2002-11-08","894.70","902.60","910.10","891.60","","-0.88%"
"2002-11-07","902.60","923.80","923.80","898.70","","-2.29%"
"2002-11-06","923.80","915.40","925.70","905.00","","0.92%"
"2002-11-05","915.40","908.40","915.80","904.90","","0.77%"
"2002-11-04","908.40","901.00","924.60","901.00","","0.82%"
"2002-11-01","901.00","885.80","903.40","877.70","","1.72%"
"2002-10-31","885.80","890.70","898.80","879.80","","-0.55%"
"2002-10-30","890.70","882.10","895.30","879.20","","0.97%"
"2002-10-29","882.10","890.20","890.60","867.90","","-0.91%"
"2002-10-28","890.20","897.60","907.40","886.10","","-0.82%"
"2002-10-25","897.60","882.50","897.70","877.00","","1.71%"
"2002-10-24","882.50","896.10","902.90","879.00","","-1.52%"
"2002-10-23","896.10","890.20","896.10","873.80","","0.66%"
"2002-10-22","890.20","899.70","899.70","882.40","","-1.06%"
"2002-10-21","899.70","884.40","900.70","873.10","","1.73%"
"2002-10-18","884.40","879.20","886.70","866.60","","0.59%"
"2002-10-17","879.20","860.00","885.40","860.00","","2.23%"
"2002-10-16","860.00","881.30","881.30","856.30","","-2.42%"
"2002-10-15","881.30","841.40","881.30","841.40","","4.74%"
"2002-10-14","841.40","835.30","844.40","828.40","","0.73%"
"2002-10-11","835.30","803.90","843.30","803.90","","3.91%"
"2002-10-10","803.90","776.80","806.50","768.60","","3.49%"
"2002-10-09","776.80","798.50","798.50","775.80","","-2.72%"
"2002-10-08","798.50","785.30","808.90","779.50","","1.68%"
"2002-10-07","785.30","800.60","808.20","783.00","","-1.91%"
"2002-10-04","800.60","819.00","825.90","794.10","","-2.25%"
"2002-10-03","819.00","827.90","840.00","817.20","","-1.08%"
"2002-10-02","827.90","843.80","851.90","826.50","","-2.36%"
"2002-10-01","847.90","815.30","847.90","812.80","","4.00%"
"2002-09-30","815.30","827.40","827.40","800.20","","-1.46%"
"2002-09-27","827.40","855.00","855.00","826.80","","-3.23%"
"2002-09-26","855.00","839.70","856.60","839.70","","1.82%"
"2002-09-25","839.70","819.30","844.20","818.50","","2.49%"
"2002-09-24","819.30","833.70","833.70","817.40","","-1.73%"
"2002-09-23","833.70","845.40","845.40","825.80","","-1.38%"
"2002-09-20","845.40","843.30","849.30","839.10","","0.25%"
"2002-09-19","843.30","869.50","869.50","843.10","","-3.01%"
"2002-09-18","869.50","873.50","878.50","857.40","","-0.46%"
"2002-09-17","873.50","891.10","902.70","872.40","","-1.98%"
"2002-09-16","891.10","889.80","891.80","878.90","","0.15%"
"2002-09-13","889.80","886.90","892.80","877.00","","0.33%"
"2002-09-12","886.90","909.50","909.50","884.80","","-2.48%"
"2002-09-11","909.50","910.60","924.00","908.50","","-0.01%"
"2002-09-10","909.60","903.00","909.90","900.50","","0.73%"
"2002-09-09","903.00","893.90","907.30","882.90","","1.02%"
"2002-09-06","893.90","879.10","899.10","879.10","","1.68%"
"2002-09-05","879.10","893.40","893.40","870.50","","-1.60%"
"2002-09-04","893.40","878.00","896.10","875.70","","1.75%"
"2002-09-03","878.00","916.10","916.10","877.50","","-4.16%"
"2002-08-30","916.10","917.80","928.10","910.20","","-0.19%"
"2002-08-29","917.80","917.90","924.60","903.30","","-0.01%"
"2002-08-28","917.90","934.80","934.80","913.20","","-1.81%"
"2002-08-27","934.80","948.00","955.80","930.40","","-1.39%"
"2002-08-26","948.00","940.90","950.80","930.40","","0.75%"
"2002-08-23","940.90","962.70","962.70","937.20","","-2.26%"
"2002-08-22","962.70","949.40","965.00","946.40","","1.40%"
"2002-08-21","949.40","937.40","951.60","931.30","","1.28%"
"2002-08-20","937.40","950.70","950.70","931.90","","-1.40%"
"2002-08-19","950.70","928.80","951.20","927.20","","2.36%"
"2002-08-16","928.80","930.20","935.40","916.20","","-0.15%"
"2002-08-15","930.20","919.60","933.30","918.20","","1.15%"
"2002-08-14","919.60","884.20","920.20","876.20","","4.00%"
"2002-08-13","884.20","903.80","911.70","883.60","","-2.17%"
"2002-08-12","903.80","908.60","908.60","892.40","","-0.53%"
"2002-08-09","908.60","905.50","914.00","890.80","","0.34%"
"2002-08-08","905.50","876.80","905.80","875.20","","3.27%"
"2002-08-07","876.80","859.60","878.70","854.10","","2.00%"
"2002-08-06","859.60","834.60","874.40","834.60","","3.00%"
"2002-08-05","834.60","864.20","864.20","833.40","","-3.43%"
"2002-08-02","864.20","884.70","884.70","854.00","","-2.32%"
"2002-08-01","884.70","911.60","911.60","882.60","","-2.95%"
"2002-07-31","911.60","902.80","911.60","889.90","","0.97%"
"2002-07-30","902.80","899.00","909.80","884.70","","0.42%"
"2002-07-29","899.00","852.80","899.00","852.80","","5.42%"
"2002-07-26","852.80","838.70","852.90","835.90","","1.68%"
"2002-07-25","838.70","843.40","853.80","816.10","","-0.56%"
"2002-07-24","843.40","797.70","844.30","775.70","","5.73%"
"2002-07-23","797.70","819.90","827.70","796.10","","-2.71%"
"2002-07-22","819.90","847.80","854.10","813.30","","-3.29%"
"2002-07-19","847.80","864.10","881.60","842.10","","-3.83%"
"2002-07-18","881.60","906.00","907.80","880.60","","-2.69%"
"2002-07-17","906.00","901.00","926.50","895.00","","0.55%"
"2002-07-16","901.00","917.90","918.60","897.10","","-1.84%"
"2002-07-15","917.90","921.40","921.40","876.50","","-0.38%"
"2002-07-12","921.40","927.40","934.30","913.70","","-0.65%"
"2002-07-11","927.40","920.50","929.20","900.90","","0.75%"
"2002-07-10","920.50","952.80","956.30","920.30","","-3.39%"
"2002-07-09","952.80","977.00","979.60","951.70","","-2.48%"
"2002-07-08","977.00","989.00","993.60","972.90","","-1.21%"
"2002-07-05","989.00","965.80","989.10","954.00","","3.67%"
"2002-07-03","954.00","948.10","954.30","934.90","","0.62%"
"2002-07-02","948.10","968.60","968.60","945.50","","-2.12%"
"2002-07-01","968.60","989.80","994.50","967.40","","-2.14%"
"2002-06-28","989.80","990.60","1,001.80","988.30","","-0.08%"
"2002-06-27","990.60","973.50","990.70","963.70","","1.76%"
"2002-06-26","973.50","976.10","977.40","952.90","","-0.27%"
"2002-06-25","976.10","992.70","1,005.90","974.20","","-1.67%"
"2002-06-24","992.70","989.10","1,002.10","970.90","","0.36%"
"2002-06-21","989.10","1,006.30","1,006.30","985.60","","-1.71%"
"2002-06-20","1,006.30","1,020.00","1,023.30","1,004.60","","-1.34%"
"2002-06-19","1,020.00","1,037.10","1,037.60","1,017.90","","-1.65%"
"2002-06-18","1,037.10","1,036.20","1,040.80","1,030.90","","0.09%"
"2002-06-17","1,036.20","1,007.30","1,036.20","1,007.30","","2.87%"
"2002-06-14","1,007.30","1,009.60","1,009.60","981.60","","-0.23%"
"2002-06-13","1,009.60","1,020.30","1,023.50","1,008.10","","-1.05%"
"2002-06-12","1,020.30","1,013.60","1,021.90","1,002.60","","0.66%"
"2002-06-11","1,013.60","1,030.70","1,039.00","1,012.90","","-1.66%"
"2002-06-10","1,030.70","1,027.50","1,038.20","1,025.50","","0.31%"
"2002-06-07","1,027.50","1,029.20","1,033.00","1,012.50","","-0.17%"
"2002-06-06","1,029.20","1,049.90","1,049.90","1,026.90","","-1.97%"
"2002-06-05","1,049.90","1,040.70","1,050.10","1,038.80","","0.88%"
"2002-06-04","1,040.70","1,040.70","1,046.10","1,030.50","","0.00%"
"2002-06-03","1,040.70","1,067.10","1,070.70","1,039.90","","-2.47%"
"2002-05-31","1,067.10","1,064.70","1,079.90","1,064.70","","0.23%"
"2002-05-30","1,064.70","1,067.70","1,069.50","1,054.30","","-0.28%"
"2002-05-29","1,067.70","1,074.50","1,074.80","1,067.70","","-0.63%"
"2002-05-28","1,074.50","1,083.80","1,086.00","1,070.30","","-0.86%"
"2002-05-24","1,083.80","1,097.10","1,097.10","1,082.20","","-1.21%"
"2002-05-23","1,097.10","1,086.00","1,097.10","1,080.50","","1.02%"
"2002-05-22","1,086.00","1,079.90","1,086.00","1,075.60","","0.56%"
"2002-05-21","1,079.90","1,091.90","1,099.50","1,079.10","","-1.10%"
"2002-05-20","1,091.90","1,106.60","1,106.60","1,090.60","","-1.33%"
"2002-05-17","1,106.60","1,098.20","1,106.60","1,096.80","","0.76%"
"2002-05-16","1,098.20","1,091.10","1,099.30","1,089.20","","0.65%"
"2002-05-15","1,091.10","1,097.30","1,104.20","1,088.90","","-0.57%"
"2002-05-14","1,097.30","1,074.60","1,097.70","1,074.60","","2.11%"
"2002-05-13","1,074.60","1,055.00","1,074.80","1,053.90","","1.86%"
"2002-05-10","1,055.00","1,073.00","1,075.40","1,053.90","","-1.68%"
"2002-05-09","1,073.00","1,088.80","1,088.80","1,072.20","","-1.45%"
"2002-05-08","1,088.80","1,049.50","1,088.90","1,049.50","","3.74%"
"2002-05-07","1,049.50","1,052.70","1,058.70","1,049.00","","-0.30%"
"2002-05-06","1,052.70","1,073.40","1,075.90","1,052.70","","-1.93%"
"2002-05-03","1,073.40","1,084.60","1,084.60","1,068.90","","-1.03%"
"2002-05-02","1,084.60","1,086.50","1,091.40","1,079.50","","-0.17%"
"2002-05-01","1,086.50","1,076.90","1,088.30","1,065.30","","0.89%"
"2002-04-30","1,076.90","1,065.50","1,082.60","1,063.50","","1.07%"
"2002-04-29","1,065.50","1,076.30","1,079.00","1,063.60","","-1.00%"
"2002-04-26","1,076.30","1,091.50","1,096.80","1,076.30","","-1.39%"
"2002-04-25","1,091.50","1,093.10","1,094.40","1,084.80","","-0.15%"
"2002-04-24","1,093.10","1,101.00","1,108.50","1,092.50","","-0.72%"
"2002-04-23","1,101.00","1,107.80","1,111.20","1,098.90","","-0.61%"
"2002-04-22","1,107.80","1,125.20","1,125.20","1,105.60","","-1.55%"
"2002-04-19","1,125.20","1,124.50","1,128.80","1,122.70","","0.06%"
"2002-04-18","1,124.50","1,126.10","1,130.50","1,109.50","","-0.14%"
"2002-04-17","1,126.10","1,128.40","1,132.90","1,123.40","","-0.20%"
"2002-04-16","1,128.40","1,102.50","1,129.40","1,102.50","","2.35%"
"2002-04-15","1,102.50","1,111.00","1,114.90","1,099.40","","-0.77%"
"2002-04-12","1,111.00","1,103.70","1,112.80","1,102.70","","0.66%"
"2002-04-11","1,103.70","1,130.50","1,130.50","1,102.40","","-2.37%"
"2002-04-10","1,130.50","1,119.10","1,131.80","1,118.40","","1.14%"
"2002-04-09","1,117.80","1,125.50","1,128.30","1,116.70","","-0.67%"
"2002-04-08","1,125.30","1,122.70","1,125.40","1,111.80","","0.23%"
"2002-04-05","1,122.70","1,127.70","1,133.30","1,119.50","","-0.32%"
"2002-04-04","1,126.30","1,125.00","1,130.50","1,120.10","","0.08%"
"2002-04-03","1,125.40","1,137.50","1,138.80","1,119.70","","-1.00%"
"2002-04-02","1,136.80","1,143.00","1,143.00","1,135.70","","-0.85%"
"2002-04-01","1,146.50","1,146.00","1,147.80","1,132.90","","-0.08%"
"2002-03-28","1,147.40","1,146.30","1,154.50","1,144.60","","0.24%"
"2002-03-27","1,144.60","1,137.50","1,147.00","1,135.30","","0.54%"
"2002-03-26","1,138.50","1,131.60","1,147.00","1,131.60","","0.58%"
"2002-03-25","1,131.90","1,149.30","1,151.00","1,131.90","","-1.46%"
"2002-03-22","1,148.70","1,153.30","1,156.50","1,144.60","","-0.42%"
"2002-03-21","1,153.60","1,151.50","1,155.10","1,139.90","","0.16%"
"2002-03-20","1,151.80","1,170.20","1,170.20","1,151.60","","-1.58%"
"2002-03-19","1,170.30","1,165.50","1,173.90","1,165.50","","0.41%"
"2002-03-18","1,165.50","1,166.20","1,172.70","1,159.10","","-0.06%"
"2002-03-15","1,166.20","1,153.50","1,166.50","1,153.50","","1.14%"
"2002-03-14","1,153.00","1,154.20","1,157.80","1,151.10","","-0.10%"
"2002-03-13","1,154.10","1,163.00","1,164.30","1,151.00","","-0.99%"
"2002-03-12","1,165.60","1,168.30","1,168.30","1,154.30","","-0.23%"
"2002-03-11","1,168.30","1,164.00","1,173.00","1,159.60","","0.34%"
"2002-03-08","1,164.30","1,161.10","1,172.80","1,159.80","","0.59%"
"2002-03-07","1,157.50","1,164.70","1,167.90","1,150.70","","-0.46%"
"2002-03-06","1,162.80","1,145.90","1,165.30","1,145.10","","1.46%"
"2002-03-05","1,146.10","1,153.00","1,157.70","1,144.80","","-0.67%"
"2002-03-04","1,153.80","1,130.90","1,153.80","1,130.90","","1.94%"
"2002-03-01","1,131.80","1,108.70","1,131.80","1,108.70","","2.27%"
"2002-02-28","1,106.70","1,110.80","1,121.60","1,106.70","","-0.29%"
"2002-02-27","1,109.90","1,111.20","1,123.10","1,102.30","","0.05%"
"2002-02-26","1,109.40","1,110.30","1,115.00","1,101.70","","0.00%"
"2002-02-25","1,109.40","1,090.80","1,112.70","1,089.80","","1.80%"
"2002-02-22","1,089.80","1,078.20","1,093.90","1,074.40","","0.81%"
"2002-02-21","1,081.00","1,094.30","1,101.50","1,080.20","","-1.55%"
"2002-02-20","1,098.00","1,084.70","1,098.30","1,074.40","","1.36%"
"2002-02-19","1,083.30","1,102.20","1,102.20","1,082.20","","-1.89%"
"2002-02-15","1,104.20","1,116.70","1,117.10","1,103.20","","-1.10%"
"2002-02-14","1,116.50","1,118.50","1,124.70","1,112.30","","-0.18%"
"2002-02-13","1,118.50","1,107.50","1,120.60","1,107.50","","0.99%"
"2002-02-12","1,107.50","1,106.20","1,112.70","1,103.00","","-0.40%"
"2002-02-11","1,111.90","1,095.40","1,112.00","1,094.70","","1.43%"
"2002-02-08","1,096.20","1,082.40","1,096.30","1,079.90","","1.48%"
"2002-02-07","1,080.20","1,083.30","1,094.00","1,078.40","","-0.30%"
"2002-02-06","1,083.50","1,091.50","1,093.60","1,077.80","","-0.60%"
"2002-02-05","1,090.00","1,088.70","1,101.00","1,082.60","","-0.40%"
"2002-02-04","1,094.40","1,118.00","1,122.20","1,092.20","","-2.48%"
"2002-02-01","1,122.20","1,127.40","1,130.20","1,118.50","","-0.71%"
"2002-01-31","1,130.20","1,117.80","1,130.20","1,113.30","","1.49%"
"2002-01-30","1,113.60","1,100.20","1,113.80","1,081.70","","1.18%"
"2002-01-29","1,100.60","1,133.80","1,137.50","1,098.70","","-2.87%"
"2002-01-28","1,133.10","1,136.30","1,138.60","1,126.70","","-0.02%"
"2002-01-25","1,133.30","1,129.30","1,138.30","1,127.80","","0.10%"
"2002-01-24","1,132.20","1,133.40","1,139.50","1,128.20","","0.35%"
"2002-01-23","1,128.20","1,122.20","1,131.90","1,117.40","","0.80%"
"2002-01-22","1,119.30","1,135.30","1,135.30","1,117.90","","-0.74%"
"2002-01-18","1,127.60","1,127.50","1,138.90","1,124.50","","-0.99%"
"2002-01-17","1,138.90","1,135.70","1,139.30","1,127.60","","1.00%"
"2002-01-16","1,127.60","1,139.20","1,146.20","1,127.50","","-1.62%"
"2002-01-15","1,146.20","1,140.80","1,148.80","1,136.90","","0.69%"
"2002-01-14","1,138.40","1,143.00","1,145.60","1,138.20","","-0.63%"
"2002-01-11","1,145.60","1,158.50","1,159.40","1,145.50","","-0.94%"
"2002-01-10","1,156.50","1,154.30","1,159.90","1,150.80","","0.12%"
"2002-01-09","1,155.10","1,163.80","1,174.30","1,151.90","","-0.48%"
"2002-01-08","1,160.70","1,165.30","1,167.60","1,157.50","","-0.36%"
"2002-01-07","1,164.90","1,174.70","1,177.00","1,163.50","","-0.65%"
"2002-01-04","1,172.50","1,171.10","1,176.50","1,163.40","","0.62%"
"2002-01-03","1,165.30","1,155.50","1,165.30","1,154.00","","0.92%"
"2002-01-02","1,154.70","1,149.00","1,154.70","1,136.20","","0.57%"
"2001-12-31","1,148.10","1,158.30","1,161.20","1,148.00","","-1.11%"
"2001-12-28","1,161.00","1,157.10","1,164.60","1,157.10","","0.34%"
"2001-12-27","1,157.10","1,149.40","1,157.10","1,149.40","","0.67%"
"2001-12-26","1,149.40","1,144.70","1,159.20","1,144.70","","0.41%"
"2001-12-24","1,144.70","1,145.00","1,147.80","1,144.60","","-0.02%"
"2001-12-21","1,144.90","1,139.90","1,147.80","1,139.90","","0.44%"
"2001-12-20","1,139.90","1,148.90","1,151.40","1,139.90","","-0.84%"
"2001-12-19","1,149.60","1,136.30","1,152.40","1,134.80","","0.59%"
"2001-12-18","1,142.90","1,134.40","1,145.10","1,134.40","","0.75%"
"2001-12-17","1,134.40","1,123.10","1,137.40","1,122.30","","1.01%"
"2001-12-14","1,123.10","1,117.90","1,128.30","1,114.50","","0.33%"
"2001-12-13","1,119.40","1,127.60","1,137.10","1,117.80","","-1.56%"
"2001-12-12","1,137.10","1,139.30","1,141.50","1,126.10","","0.03%"
"2001-12-11","1,136.80","1,139.90","1,150.90","1,134.30","","-0.27%"
"2001-12-10","1,139.90","1,152.40","1,158.30","1,139.70","","-1.59%"
"2001-12-07","1,158.30","1,162.50","1,167.10","1,152.70","","-0.75%"
"2001-12-06","1,167.10","1,168.10","1,173.30","1,164.40","","-0.27%"
"2001-12-05","1,170.30","1,151.40","1,173.60","1,143.80","","2.23%"
"2001-12-04","1,144.80","1,134.50","1,144.80","1,128.90","","1.32%"
"2001-12-03","1,129.90","1,139.50","1,139.50","1,125.80","","-0.84%"
"2001-11-30","1,139.50","1,140.00","1,143.60","1,135.90","","-0.06%"
"2001-11-29","1,140.20","1,131.00","1,140.40","1,125.50","","1.04%"
"2001-11-28","1,128.50","1,143.10","1,149.50","1,128.30","","-1.83%"
"2001-11-27","1,149.50","1,152.10","1,163.40","1,140.80","","-0.68%"
"2001-11-26","1,157.40","1,150.30","1,157.90","1,146.20","","0.62%"
"2001-11-23","1,150.30","1,137.00","1,151.00","1,135.90","","1.17%"
"2001-11-21","1,137.00","1,140.20","1,142.70","1,129.80","","-0.50%"
"2001-11-20","1,142.70","1,149.00","1,152.50","1,142.20","","-0.73%"
"2001-11-19","1,151.10","1,143.90","1,151.10","1,138.70","","1.09%"
"2001-11-16","1,138.70","1,142.20","1,143.50","1,129.90","","-0.31%"
"2001-11-15","1,142.20","1,141.20","1,146.50","1,135.10","","0.09%"
"2001-11-14","1,141.20","1,146.30","1,148.30","1,132.90","","0.18%"
"2001-11-13","1,139.10","1,118.30","1,139.10","1,118.30","","1.86%"
"2001-11-12","1,118.30","1,112.70","1,121.70","1,098.30","","-0.18%"
"2001-11-09","1,120.30","1,117.60","1,123.00","1,111.10","","0.16%"
"2001-11-08","1,118.50","1,115.80","1,135.80","1,115.40","","0.24%"
"2001-11-07","1,115.80","1,118.90","1,126.60","1,113.00","","-0.28%"
"2001-11-06","1,118.90","1,102.80","1,119.70","1,095.40","","1.46%"
"2001-11-05","1,102.80","1,087.20","1,106.70","1,087.20","","1.43%"
"2001-11-02","1,087.20","1,080.50","1,089.60","1,075.60","","0.29%"
"2001-11-01","1,084.10","1,063.10","1,085.60","1,054.30","","2.29%"
"2001-10-31","1,059.80","1,066.40","1,074.80","1,057.50","","0.00%"
"2001-10-30","1,059.80","1,078.30","1,078.30","1,053.60","","-1.72%"
"2001-10-29","1,078.30","1,099.80","1,104.60","1,078.30","","-2.38%"
"2001-10-26","1,104.60","1,096.20","1,110.60","1,094.20","","0.41%"
"2001-10-25","1,100.10","1,072.70","1,100.10","1,065.60","","1.37%"
"2001-10-24","1,085.20","1,085.20","1,090.30","1,080.00","","0.04%"
"2001-10-23","1,084.80","1,093.90","1,099.00","1,081.50","","-0.47%"
"2001-10-22","1,089.90","1,073.50","1,090.60","1,070.30","","1.53%"
"2001-10-19","1,073.50","1,066.60","1,075.50","1,057.20","","0.46%"
"2001-10-18","1,068.60","1,074.40","1,077.90","1,064.50","","-0.79%"
"2001-10-17","1,077.10","1,107.60","1,107.10","1,076.60","","-1.86%"
"2001-10-16","1,097.50","1,093.70","1,101.70","1,087.10","","0.69%"
"2001-10-15","1,090.00","1,083.40","1,091.70","1,078.20","","-0.16%"
"2001-10-12","1,091.70","1,088.40","1,097.40","1,072.20","","-0.52%"
"2001-10-11","1,097.40","1,081.00","1,099.20","1,081.00","","1.52%"
"2001-10-10","1,081.00","1,055.30","1,081.60","1,052.70","","2.29%"
"2001-10-09","1,056.80","1,062.90","1,063.40","1,053.80","","-0.53%"
"2001-10-08","1,062.40","1,060.30","1,071.40","1,056.90","","-0.84%"
"2001-10-05","1,071.40","1,069.60","1,072.30","1,053.50","","0.17%"
"2001-10-04","1,069.60","1,072.30","1,084.10","1,067.80","","-0.25%"
"2001-10-03","1,072.30","1,042.90","1,075.40","1,041.50","","2.00%"
"2001-10-02","1,051.30","1,037.60","1,051.30","1,034.50","","1.23%"
"2001-10-01","1,038.50","1,037.90","1,040.90","1,026.80","","-0.23%"
"2001-09-28","1,040.90","1,028.50","1,040.90","1,018.60","","2.19%"
"2001-09-27","1,018.60","1,007.00","1,018.90","998.20","","1.15%"
"2001-09-26","1,007.00","1,012.30","1,020.30","1,002.60","","-0.52%"
"2001-09-25","1,012.30","1,003.50","1,017.10","998.30","","0.88%"
"2001-09-24","1,003.50","965.80","1,008.40","965.80","","3.90%"
"2001-09-21","965.80","984.50","984.50","944.80","","-1.90%"
"2001-09-20","984.50","1,016.10","1,016.10","984.50","","-3.11%"
"2001-09-19","1,016.10","1,032.70","1,038.90","984.60","","-1.61%"
"2001-09-18","1,032.70","1,038.80","1,046.40","1,029.20","","-0.59%"
"2001-09-17","1,038.80","1,092.50","1,092.50","1,037.50","","-4.92%"
"2001-09-10","1,092.50","1,085.80","1,096.90","1,073.20","","0.62%"
"2001-09-07","1,085.80","1,106.40","1,106.40","1,082.10","","-1.86%"
"2001-09-06","1,106.40","1,131.70","1,131.70","1,105.80","","-2.24%"
"2001-09-05","1,131.70","1,132.90","1,135.50","1,114.90","","-0.11%"
"2001-09-04","1,132.90","1,133.60","1,155.40","1,129.10","","-0.06%"
"2001-08-31","1,133.60","1,129.00","1,141.80","1,126.40","","0.41%"
"2001-08-30","1,129.00","1,148.60","1,151.80","1,124.90","","-1.71%"
"2001-08-29","1,148.60","1,161.50","1,167.00","1,147.40","","-1.11%"
"2001-08-28","1,161.50","1,179.20","1,179.70","1,161.20","","-1.50%"
"2001-08-27","1,179.20","1,184.90","1,186.80","1,178.10","","-0.48%"
"2001-08-24","1,184.90","1,162.10","1,185.20","1,162.10","","1.96%"
"2001-08-23","1,162.10","1,165.30","1,169.90","1,161.00","","-0.27%"
"2001-08-22","1,165.30","1,157.30","1,168.60","1,153.30","","0.69%"
"2001-08-21","1,157.30","1,171.40","1,179.80","1,156.60","","-1.20%"
"2001-08-20","1,171.40","1,162.00","1,171.40","1,160.90","","0.81%"
"2001-08-17","1,162.00","1,181.70","1,181.70","1,156.10","","-1.67%"
"2001-08-16","1,181.70","1,178.00","1,181.80","1,166.10","","0.31%"
"2001-08-15","1,178.00","1,186.70","1,191.20","1,177.60","","-0.73%"
"2001-08-14","1,186.70","1,191.30","1,198.80","1,184.30","","-0.39%"
"2001-08-13","1,191.30","1,190.20","1,193.80","1,185.10","","0.09%"
"2001-08-10","1,190.20","1,183.40","1,193.30","1,169.50","","0.57%"
"2001-08-09","1,183.40","1,183.50","1,184.70","1,174.70","","-0.01%"
"2001-08-08","1,183.50","1,204.40","1,206.80","1,181.30","","-1.74%"
"2001-08-07","1,204.40","1,200.50","1,207.60","1,195.60","","0.32%"
"2001-08-06","1,200.50","1,214.30","1,214.30","1,197.30","","-1.14%"
"2001-08-03","1,214.30","1,220.80","1,220.80","1,205.30","","-0.53%"
"2001-08-02","1,220.80","1,215.90","1,226.30","1,215.30","","0.40%"
"2001-08-01","1,215.90","1,211.20","1,223.00","1,211.20","","0.39%"
"2001-07-31","1,211.20","1,204.50","1,222.70","1,204.50","","0.56%"
"2001-07-30","1,204.50","1,205.80","1,209.00","1,200.40","","-0.11%"
"2001-07-27","1,205.80","1,202.90","1,209.30","1,196.00","","0.24%"
"2001-07-26","1,202.90","1,190.50","1,204.20","1,182.70","","1.04%"
"2001-07-25","1,190.50","1,171.70","1,190.50","1,171.30","","1.60%"
"2001-07-24","1,171.70","1,191.00","1,191.00","1,165.50","","-1.62%"
"2001-07-23","1,191.00","1,210.80","1,215.20","1,190.50","","-1.64%"
"2001-07-20","1,210.80","1,215.00","1,215.70","1,207.00","","-0.35%"
"2001-07-19","1,215.00","1,207.70","1,225.00","1,205.80","","0.60%"
"2001-07-18","1,207.70","1,214.40","1,214.40","1,198.30","","-0.55%"
"2001-07-17","1,214.40","1,202.50","1,215.40","1,196.10","","0.99%"
"2001-07-16","1,202.50","1,215.70","1,219.60","1,200.00","","-1.09%"
"2001-07-13","1,215.70","1,208.10","1,218.50","1,203.60","","0.63%"
"2001-07-12","1,208.10","1,180.20","1,210.20","1,180.20","","2.36%"
"2001-07-11","1,180.20","1,181.50","1,184.90","1,168.50","","-0.11%"
"2001-07-10","1,181.50","1,198.80","1,203.40","1,179.90","","-1.44%"
"2001-07-09","1,198.80","1,190.60","1,201.80","1,189.80","","0.69%"
"2001-07-06","1,190.60","1,219.20","1,219.20","1,188.70","","-2.35%"
"2001-07-05","1,219.20","1,234.50","1,234.50","1,219.20","","-1.24%"
"2001-07-03","1,234.50","1,236.70","1,236.70","1,229.40","","-0.18%"
"2001-07-02","1,236.70","1,224.40","1,239.80","1,224.00","","1.00%"
"2001-06-29","1,224.40","1,226.20","1,237.30","1,221.10","","-0.15%"
"2001-06-28","1,226.20","1,211.10","1,234.40","1,211.10","","1.25%"
"2001-06-27","1,211.10","1,216.80","1,219.90","1,207.30","","-0.47%"
"2001-06-26","1,216.80","1,218.60","1,220.70","1,204.60","","-0.15%"
"2001-06-25","1,218.60","1,225.30","1,231.50","1,213.60","","-0.55%"
"2001-06-22","1,225.30","1,237.00","1,237.70","1,221.40","","-0.95%"
"2001-06-21","1,237.00","1,223.10","1,240.20","1,220.20","","1.14%"
"2001-06-20","1,223.10","1,212.60","1,225.60","1,210.10","","0.87%"
"2001-06-19","1,212.60","1,208.40","1,226.10","1,207.70","","0.35%"
"2001-06-18","1,208.40","1,214.40","1,221.20","1,208.30","","-0.49%"
"2001-06-15","1,214.40","1,219.90","1,221.50","1,203.00","","-0.45%"
"2001-06-14","1,219.90","1,241.60","1,241.60","1,218.90","","-1.75%"
"2001-06-13","1,241.60","1,255.80","1,259.80","1,241.60","","-1.13%"
"2001-06-12","1,255.80","1,254.40","1,261.00","1,235.80","","0.11%"
"2001-06-11","1,254.40","1,265.00","1,265.00","1,249.20","","-0.84%"
"2001-06-08","1,265.00","1,277.00","1,277.10","1,260.00","","-0.94%"
"2001-06-07","1,277.00","1,270.00","1,277.10","1,265.10","","0.55%"
"2001-06-06","1,270.00","1,283.60","1,283.80","1,269.00","","-1.06%"
"2001-06-05","1,283.60","1,267.10","1,286.60","1,267.10","","1.30%"
"2001-06-04","1,267.10","1,260.70","1,267.20","1,256.40","","0.51%"
"2001-06-01","1,260.70","1,255.80","1,265.30","1,246.90","","0.39%"
"2001-05-31","1,255.80","1,248.10","1,261.90","1,248.10","","0.62%"
"2001-05-30","1,248.10","1,267.90","1,267.90","1,246.00","","-1.56%"
"2001-05-29","1,267.90","1,277.90","1,278.40","1,265.40","","-0.78%"
"2001-05-25","1,277.90","1,293.20","1,293.20","1,276.40","","-1.18%"
"2001-05-24","1,293.20","1,289.00","1,295.00","1,281.20","","0.33%"
"2001-05-23","1,289.00","1,309.40","1,309.40","1,288.70","","-1.56%"
"2001-05-22","1,309.40","1,312.80","1,315.90","1,306.90","","-0.26%"
"2001-05-21","1,312.80","1,292.00","1,313.00","1,287.90","","1.61%"
"2001-05-18","1,292.00","1,288.50","1,292.10","1,281.20","","0.27%"
"2001-05-17","1,288.50","1,285.00","1,296.50","1,282.70","","0.27%"
"2001-05-16","1,285.00","1,249.40","1,286.40","1,243.00","","2.85%"
"2001-05-15","1,249.40","1,248.90","1,257.50","1,245.40","","0.04%"
"2001-05-14","1,248.90","1,245.70","1,249.70","1,241.00","","0.26%"
"2001-05-11","1,245.70","1,255.20","1,259.80","1,240.80","","-0.76%"
"2001-05-10","1,255.20","1,255.50","1,268.10","1,254.60","","-0.02%"
"2001-05-09","1,255.50","1,261.20","1,261.70","1,247.80","","-0.45%"
"2001-05-08","1,261.20","1,266.70","1,267.00","1,253.00","","-0.18%"
"2001-05-07","1,263.50","1,266.60","1,270.00","1,259.20","","-0.24%"
"2001-05-04","1,266.60","1,248.60","1,267.50","1,232.00","","1.44%"
"2001-05-03","1,248.60","1,267.40","1,267.40","1,239.90","","-1.48%"
"2001-05-02","1,267.40","1,266.40","1,272.90","1,257.70","","0.08%"
"2001-05-01","1,266.40","1,249.50","1,266.50","1,243.50","","1.35%"
"2001-04-30","1,249.50","1,253.00","1,269.30","1,244.00","","-0.28%"
"2001-04-27","1,253.00","1,234.50","1,253.10","1,234.50","","1.50%"
"2001-04-26","1,234.50","1,228.80","1,248.30","1,228.80","","0.46%"
"2001-04-25","1,228.80","1,209.50","1,232.40","1,207.40","","1.60%"
"2001-04-24","1,209.50","1,224.40","1,233.50","1,208.90","","-1.22%"
"2001-04-23","1,224.40","1,243.00","1,243.00","1,217.50","","-1.50%"
"2001-04-20","1,243.00","1,253.70","1,253.70","1,234.40","","-0.85%"
"2001-04-19","1,253.70","1,238.20","1,253.70","1,233.40","","1.25%"
"2001-04-18","1,238.20","1,191.80","1,248.40","1,191.80","","3.89%"
"2001-04-17","1,191.80","1,179.70","1,192.20","1,168.90","","1.03%"
"2001-04-16","1,179.70","1,183.50","1,184.60","1,167.40","","-0.32%"
"2001-04-12","1,183.50","1,165.90","1,183.50","1,157.70","","1.51%"
"2001-04-11","1,165.90","1,168.40","1,182.20","1,160.30","","-0.21%"
"2001-04-10","1,168.40","1,137.60","1,173.90","1,137.60","","2.71%"
"2001-04-09","1,137.60","1,128.40","1,146.10","1,126.40","","0.82%"
"2001-04-06","1,128.40","1,151.40","1,151.40","1,119.30","","-2.00%"
"2001-04-05","1,151.40","1,103.20","1,151.50","1,103.20","","4.37%"
"2001-04-04","1,103.20","1,106.50","1,117.50","1,092.00","","-0.30%"
"2001-04-03","1,106.50","1,145.90","1,145.90","1,100.20","","-3.44%"
"2001-04-02","1,145.90","1,160.30","1,169.50","1,137.50","","-1.24%"
"2001-03-30","1,160.30","1,148.00","1,162.80","1,143.80","","1.07%"
"2001-03-29","1,148.00","1,153.30","1,161.70","1,136.30","","-0.46%"
"2001-03-28","1,153.30","1,182.20","1,182.20","1,147.80","","-2.44%"
"2001-03-27","1,182.20","1,152.70","1,183.40","1,151.00","","2.56%"
"2001-03-26","1,152.70","1,139.80","1,160.00","1,139.80","","1.13%"
"2001-03-23","1,139.80","1,117.60","1,141.80","1,117.60","","1.99%"
"2001-03-22","1,117.60","1,122.10","1,124.30","1,081.20","","-0.40%"
"2001-03-21","1,122.10","1,142.60","1,149.40","1,118.70","","-1.79%"
"2001-03-20","1,142.60","1,170.80","1,180.60","1,142.20","","-2.41%"
"2001-03-19","1,170.80","1,150.50","1,173.50","1,147.20","","1.76%"
"2001-03-16","1,150.50","1,173.60","1,173.60","1,148.60","","-1.97%"
"2001-03-15","1,173.60","1,166.70","1,182.00","1,166.70","","0.59%"
"2001-03-14","1,166.70","1,197.70","1,197.70","1,155.30","","-2.59%"
"2001-03-13","1,197.70","1,180.20","1,197.80","1,171.50","","1.48%"
"2001-03-12","1,180.20","1,233.40","1,233.40","1,176.80","","-4.31%"
"2001-03-09","1,233.40","1,264.70","1,264.70","1,228.40","","-2.47%"
"2001-03-08","1,264.70","1,261.90","1,266.50","1,257.60","","0.22%"
"2001-03-07","1,261.90","1,253.80","1,263.90","1,253.80","","0.65%"
"2001-03-06","1,253.80","1,241.40","1,267.40","1,241.40","","1.00%"
"2001-03-05","1,241.40","1,234.20","1,242.50","1,234.00","","0.58%"
"2001-03-02","1,234.20","1,241.20","1,251.00","1,219.70","","-0.56%"
"2001-03-01","1,241.20","1,239.90","1,241.40","1,214.50","","0.10%"
"2001-02-28","1,239.90","1,257.90","1,263.50","1,229.70","","-1.43%"
"2001-02-27","1,257.90","1,267.70","1,272.80","1,252.30","","-0.77%"
"2001-02-26","1,267.70","1,245.90","1,267.70","1,241.70","","1.75%"
"2001-02-23","1,245.90","1,252.80","1,252.80","1,215.40","","-0.55%"
"2001-02-22","1,252.80","1,255.30","1,259.90","1,228.30","","-0.20%"
"2001-02-21","1,255.30","1,278.90","1,283.00","1,253.20","","-1.85%"
"2001-02-20","1,278.90","1,301.50","1,307.20","1,278.40","","-1.74%"
"2001-02-16","1,301.50","1,326.60","1,326.60","1,293.20","","-1.89%"
"2001-02-15","1,326.60","1,315.90","1,331.30","1,315.90","","0.81%"
"2001-02-14","1,315.90","1,318.80","1,320.70","1,304.70","","-0.22%"
"2001-02-13","1,318.80","1,330.30","1,336.60","1,317.50","","-0.86%"
"2001-02-12","1,330.30","1,314.80","1,331.00","1,313.60","","1.18%"
"2001-02-09","1,314.80","1,332.50","1,332.50","1,310.00","","-1.33%"
"2001-02-08","1,332.50","1,341.10","1,350.30","1,332.40","","-0.63%"
"2001-02-07","1,340.90","1,352.30","1,352.30","1,334.30","","-0.84%"
"2001-02-06","1,352.30","1,354.30","1,363.50","1,350.00","","-0.15%"
"2001-02-05","1,354.30","1,349.50","1,354.60","1,344.50","","0.36%"
"2001-02-02","1,349.50","1,373.50","1,376.40","1,348.70","","-1.75%"
"2001-02-01","1,373.50","1,366.00","1,373.50","1,359.30","","0.55%"
"2001-01-31","1,366.00","1,373.70","1,383.40","1,364.70","","-0.56%"
"2001-01-30","1,373.70","1,364.20","1,375.70","1,356.20","","0.70%"
"2001-01-29","1,364.20","1,354.90","1,365.50","1,350.40","","0.68%"
"2001-01-26","1,355.00","1,357.50","1,357.50","1,342.80","","-0.18%"
"2001-01-25","1,357.50","1,364.30","1,367.30","1,354.60","","-0.50%"
"2001-01-24","1,364.30","1,360.40","1,369.80","1,357.30","","0.29%"
"2001-01-23","1,360.40","1,342.90","1,362.90","1,339.60","","1.30%"
"2001-01-22","1,342.90","1,342.50","1,353.60","1,333.80","","0.03%"
"2001-01-19","1,342.50","1,348.00","1,354.50","1,336.70","","-0.41%"
"2001-01-18","1,348.00","1,329.90","1,352.70","1,327.40","","1.39%"
"2001-01-17","1,329.50","1,326.70","1,346.90","1,325.40","","0.21%"
"2001-01-16","1,326.70","1,318.30","1,327.80","1,313.30","","0.64%"
"2001-01-12","1,318.30","1,326.80","1,333.20","1,311.60","","-0.64%"
"2001-01-11","1,326.80","1,313.30","1,332.20","1,309.70","","1.03%"
"2001-01-10","1,313.30","1,300.80","1,313.80","1,287.30","","0.96%"
"2001-01-09","1,300.80","1,295.90","1,311.70","1,295.10","","0.38%"
"2001-01-08","1,295.90","1,298.30","1,298.30","1,276.30","","-0.18%"
"2001-01-05","1,298.30","1,333.30","1,334.80","1,295.00","","-2.63%"
"2001-01-04","1,333.30","1,347.60","1,350.20","1,329.10","","-1.06%"
"2001-01-03","1,347.60","1,283.30","1,347.80","1,274.60","","5.01%"
"2001-01-02","1,283.30","1,320.30","1,320.30","1,276.00","","-2.80%"
"2000-12-29","1,320.30","1,334.20","1,340.10","1,317.50","","-1.04%"
"2000-12-28","1,334.20","1,328.90","1,335.90","1,325.80","","0.40%"
"2000-12-27","1,328.90","1,315.20","1,332.00","1,311.00","","1.04%"
"2000-12-26","1,315.20","1,306.00","1,315.90","1,301.60","","0.70%"
"2000-12-22","1,306.00","1,274.90","1,306.00","1,274.90","","2.44%"
"2000-12-21","1,274.90","1,264.70","1,285.30","1,254.10","","0.81%"
"2000-12-20","1,264.70","1,305.60","1,305.60","1,261.20","","-3.13%"
"2000-12-19","1,305.60","1,323.00","1,346.40","1,305.20","","-1.29%"
"2000-12-18","1,322.70","1,312.20","1,332.30","1,312.20","","0.80%"
"2000-12-15","1,312.20","1,340.90","1,340.90","1,305.40","","-2.14%"
"2000-12-14","1,340.90","1,360.00","1,360.00","1,340.50","","-1.40%"
"2000-12-13","1,360.00","1,371.20","1,385.80","1,358.50","","-0.82%"
"2000-12-12","1,371.20","1,380.20","1,380.30","1,370.30","","-0.65%"
"2000-12-11","1,380.20","1,369.90","1,389.00","1,364.10","","0.75%"
"2000-12-08","1,369.90","1,343.50","1,380.30","1,343.50","","1.97%"
"2000-12-07","1,343.50","1,351.50","1,353.50","1,339.30","","-0.59%"
"2000-12-06","1,351.50","1,376.50","1,376.50","1,346.20","","-1.82%"
"2000-12-05","1,376.50","1,325.00","1,376.60","1,325.00","","3.89%"
"2000-12-04","1,325.00","1,315.20","1,332.10","1,310.20","","0.75%"
"2000-12-01","1,315.20","1,315.00","1,334.70","1,307.00","","0.02%"
"2000-11-30","1,315.00","1,341.90","1,341.90","1,294.90","","-2.00%"
"2000-11-29","1,341.90","1,336.10","1,352.40","1,329.30","","0.43%"
"2000-11-28","1,336.10","1,349.00","1,358.80","1,335.00","","-0.96%"
"2000-11-27","1,349.00","1,341.80","1,362.50","1,341.80","","0.54%"
"2000-11-24","1,341.80","1,322.40","1,343.80","1,322.40","","1.47%"
"2000-11-22","1,322.40","1,347.30","1,347.30","1,321.90","","-1.85%"
"2000-11-21","1,347.30","1,342.60","1,355.90","1,333.60","","0.35%"
"2000-11-20","1,342.60","1,367.70","1,367.70","1,341.70","","-1.84%"
"2000-11-17","1,367.70","1,372.30","1,384.80","1,355.50","","-0.34%"
"2000-11-16","1,372.30","1,389.80","1,394.70","1,370.40","","-1.26%"
"2000-11-15","1,389.80","1,383.00","1,396.00","1,374.80","","0.49%"
"2000-11-14","1,383.00","1,351.30","1,390.10","1,351.30","","2.35%"
"2000-11-13","1,351.30","1,366.00","1,366.00","1,328.60","","-1.08%"
"2000-11-10","1,366.00","1,400.10","1,400.10","1,366.00","","-2.44%"
"2000-11-09","1,400.10","1,409.30","1,409.30","1,369.70","","-0.65%"
"2000-11-08","1,409.30","1,431.90","1,437.30","1,408.80","","-1.58%"
"2000-11-07","1,431.90","1,432.20","1,436.20","1,423.30","","-0.02%"
"2000-11-06","1,432.20","1,428.80","1,438.50","1,427.70","","0.39%"
"2000-11-03","1,426.70","1,428.30","1,433.20","1,420.90","","-0.11%"
"2000-11-02","1,428.30","1,421.20","1,433.30","1,421.10","","0.50%"
"2000-11-01","1,421.20","1,429.40","1,429.60","1,410.50","","-0.57%"
"2000-10-31","1,429.40","1,398.70","1,432.20","1,398.70","","2.19%"
"2000-10-30","1,398.70","1,379.60","1,406.40","1,376.90","","1.38%"
"2000-10-27","1,379.60","1,364.40","1,384.60","1,364.10","","1.11%"
"2000-10-26","1,364.40","1,364.90","1,372.70","1,337.80","","-0.04%"
"2000-10-25","1,364.90","1,398.10","1,398.10","1,362.20","","-2.37%"
"2000-10-24","1,398.10","1,395.80","1,415.60","1,388.10","","0.16%"
"2000-10-23","1,395.80","1,396.90","1,407.00","1,387.80","","-0.08%"
"2000-10-20","1,396.90","1,388.80","1,408.50","1,382.20","","0.58%"
"2000-10-19","1,388.80","1,342.10","1,389.90","1,342.10","","3.48%"
"2000-10-18","1,342.10","1,350.00","1,356.70","1,305.80","","-0.59%"
"2000-10-17","1,350.00","1,374.60","1,381.00","1,342.30","","-1.79%"
"2000-10-16","1,374.60","1,374.20","1,379.50","1,365.10","","0.03%"
"2000-10-13","1,374.20","1,329.80","1,374.20","1,326.80","","3.34%"
"2000-10-12","1,329.80","1,364.60","1,374.90","1,328.10","","-2.55%"
"2000-10-11","1,364.60","1,387.00","1,387.00","1,349.70","","-1.61%"
"2000-10-10","1,387.00","1,402.00","1,408.80","1,383.80","","-1.07%"
"2000-10-09","1,402.00","1,409.00","1,409.70","1,392.50","","-0.50%"
"2000-10-06","1,409.00","1,436.30","1,443.30","1,397.10","","-1.90%"
"2000-10-05","1,436.30","1,434.30","1,444.20","1,431.80","","0.14%"
"2000-10-04","1,434.30","1,426.50","1,440.00","1,416.30","","0.55%"
"2000-10-03","1,426.50","1,436.20","1,454.80","1,425.30","","-0.68%"
"2000-10-02","1,436.20","1,436.50","1,445.50","1,429.80","","-0.02%"
"2000-09-29","1,436.50","1,458.30","1,458.30","1,436.50","","-1.49%"
"2000-09-28","1,458.30","1,426.60","1,461.70","1,425.80","","2.22%"
"2000-09-27","1,426.60","1,427.20","1,436.70","1,419.50","","-0.04%"
"2000-09-26","1,427.20","1,439.00","1,447.70","1,425.30","","-0.82%"
"2000-09-25","1,439.00","1,448.70","1,457.40","1,436.10","","-0.67%"
"2000-09-22","1,448.70","1,449.00","1,449.40","1,421.90","","-0.02%"
"2000-09-21","1,449.00","1,451.30","1,452.90","1,436.20","","-0.16%"
"2000-09-20","1,451.30","1,459.90","1,460.70","1,431.00","","-0.59%"
"2000-09-19","1,459.90","1,444.50","1,461.00","1,444.50","","1.07%"
"2000-09-18","1,444.50","1,465.80","1,467.90","1,441.80","","-1.45%"
"2000-09-15","1,465.80","1,480.90","1,481.00","1,460.20","","-1.02%"
"2000-09-14","1,480.90","1,484.90","1,494.30","1,476.80","","-0.27%"
"2000-09-13","1,484.90","1,482.00","1,487.40","1,474.00","","0.20%"
"2000-09-12","1,482.00","1,489.30","1,496.60","1,479.90","","-0.49%"
"2000-09-11","1,489.30","1,494.50","1,506.60","1,483.00","","-0.35%"
"2000-09-08","1,494.50","1,502.50","1,502.50","1,489.90","","-0.53%"
"2000-09-07","1,502.50","1,492.20","1,505.20","1,492.20","","0.69%"
"2000-09-06","1,492.20","1,507.10","1,512.40","1,492.20","","-0.99%"
"2000-09-05","1,507.10","1,520.80","1,520.80","1,504.20","","-0.90%"
"2000-09-01","1,520.80","1,517.70","1,530.00","1,515.60","","0.20%"
"2000-08-31","1,517.70","1,502.60","1,525.30","1,502.60","","1.00%"
"2000-08-30","1,502.60","1,509.80","1,510.40","1,500.10","","-0.48%"
"2000-08-29","1,509.80","1,514.10","1,514.80","1,505.50","","-0.28%"
"2000-08-28","1,514.10","1,507.00","1,523.90","1,506.50","","0.50%"
"2000-08-25","1,506.50","1,508.30","1,513.40","1,505.20","","-0.12%"
"2000-08-24","1,508.30","1,506.00","1,511.20","1,501.30","","0.15%"
"2000-08-23","1,506.00","1,498.10","1,507.30","1,489.40","","0.53%"
"2000-08-22","1,498.10","1,499.50","1,508.20","1,497.60","","-0.09%"
"2000-08-21","1,499.50","1,491.70","1,503.00","1,491.10","","0.52%"
"2000-08-18","1,491.70","1,496.10","1,499.50","1,488.90","","-0.29%"
"2000-08-17","1,496.10","1,479.80","1,499.50","1,479.80","","1.10%"
"2000-08-16","1,479.80","1,484.40","1,494.70","1,475.80","","-0.31%"
"2000-08-15","1,484.40","1,491.60","1,493.00","1,482.80","","-0.48%"
"2000-08-14","1,491.60","1,471.80","1,491.60","1,468.60","","1.35%"
"2000-08-11","1,471.80","1,460.20","1,475.60","1,452.90","","0.79%"
"2000-08-10","1,460.20","1,472.90","1,475.20","1,459.90","","-0.86%"
"2000-08-09","1,472.90","1,482.80","1,490.30","1,471.20","","-0.67%"
"2000-08-08","1,482.80","1,479.30","1,484.50","1,472.60","","0.24%"
"2000-08-07","1,479.30","1,462.90","1,480.90","1,460.80","","1.12%"
"2000-08-04","1,462.90","1,452.60","1,462.90","1,451.50","","0.71%"
"2000-08-03","1,452.60","1,438.70","1,454.30","1,426.00","","0.97%"
"2000-08-02","1,438.70","1,438.10","1,451.60","1,433.50","","0.04%"
"2000-08-01","1,438.10","1,430.80","1,443.50","1,428.80","","0.51%"
"2000-07-31","1,430.80","1,419.90","1,437.60","1,418.30","","0.77%"
"2000-07-28","1,419.90","1,449.60","1,456.30","1,414.20","","-2.05%"
"2000-07-27","1,449.60","1,452.40","1,464.80","1,445.30","","-0.19%"
"2000-07-26","1,452.40","1,474.50","1,474.50","1,452.40","","-1.50%"
"2000-07-25","1,474.50","1,464.30","1,476.30","1,464.30","","0.70%"
"2000-07-24","1,464.30","1,480.20","1,485.80","1,463.80","","-1.07%"
"2000-07-21","1,480.20","1,495.60","1,495.60","1,478.00","","-1.03%"
"2000-07-20","1,495.60","1,482.00","1,501.90","1,482.00","","0.92%"
"2000-07-19","1,482.00","1,493.70","1,495.50","1,479.80","","-0.78%"
"2000-07-18","1,493.70","1,510.50","1,510.50","1,491.40","","-1.11%"
"2000-07-17","1,510.50","1,510.00","1,517.20","1,505.30","","0.03%"
"2000-07-14","1,510.00","1,495.80","1,510.00","1,494.70","","0.95%"
"2000-07-13","1,495.80","1,492.90","1,501.40","1,489.70","","0.19%"
"2000-07-12","1,492.90","1,480.90","1,497.50","1,480.90","","0.81%"
"2000-07-11","1,480.90","1,475.60","1,488.90","1,470.50","","0.36%"
"2000-07-10","1,475.60","1,478.90","1,486.50","1,474.70","","-0.22%"
"2000-07-07","1,478.90","1,456.70","1,485.20","1,456.70","","1.52%"
"2000-07-06","1,456.70","1,446.20","1,461.70","1,439.60","","0.73%"
"2000-07-05","1,446.20","1,469.50","1,469.50","1,442.50","","-1.59%"
"2000-07-03","1,469.50","1,454.60","1,469.80","1,450.80","","1.02%"
"2000-06-30","1,454.60","1,442.40","1,454.70","1,438.80","","0.85%"
"2000-06-29","1,442.40","1,454.80","1,455.20","1,434.60","","-0.85%"
"2000-06-28","1,454.80","1,450.50","1,467.60","1,450.50","","0.30%"
"2000-06-27","1,450.50","1,455.30","1,463.30","1,450.50","","-0.33%"
"2000-06-26","1,455.30","1,441.50","1,462.30","1,441.50","","0.96%"
"2000-06-23","1,441.50","1,452.20","1,459.80","1,438.30","","-0.74%"
"2000-06-22","1,452.20","1,479.10","1,479.10","1,448.10","","-1.82%"
"2000-06-21","1,479.10","1,476.00","1,482.20","1,468.50","","0.21%"
"2000-06-20","1,476.00","1,486.00","1,487.20","1,470.20","","-0.67%"
"2000-06-19","1,486.00","1,464.50","1,489.00","1,459.00","","1.47%"
"2000-06-16","1,464.50","1,478.70","1,481.00","1,460.30","","-0.96%"
"2000-06-15","1,478.70","1,470.50","1,482.00","1,464.50","","0.56%"
"2000-06-14","1,470.50","1,469.40","1,483.60","1,467.80","","0.07%"
"2000-06-13","1,469.40","1,446.00","1,470.40","1,442.50","","1.62%"
"2000-06-12","1,446.00","1,457.00","1,463.00","1,446.00","","-0.75%"
"2000-06-09","1,457.00","1,461.70","1,472.70","1,454.90","","-0.32%"
"2000-06-08","1,461.70","1,471.40","1,475.60","1,456.50","","-0.66%"
"2000-06-07","1,471.40","1,457.80","1,474.60","1,455.20","","0.93%"
"2000-06-06","1,457.80","1,467.60","1,471.30","1,454.80","","-0.67%"
"2000-06-05","1,467.60","1,477.30","1,477.30","1,464.70","","-0.66%"
"2000-06-02","1,477.30","1,448.80","1,483.40","1,448.80","","1.97%"
"2000-06-01","1,448.80","1,420.60","1,448.80","1,420.60","","1.99%"
"2000-05-31","1,420.60","1,422.40","1,434.60","1,415.40","","-0.13%"
"2000-05-30","1,422.50","1,378.00","1,422.50","1,377.80","","3.23%"
"2000-05-26","1,378.00","1,381.50","1,391.50","1,369.80","","-0.25%"
"2000-05-25","1,381.50","1,399.00","1,411.90","1,374.00","","-1.25%"
"2000-05-24","1,399.00","1,373.90","1,401.40","1,361.20","","1.83%"
"2000-05-23","1,373.90","1,400.70","1,403.80","1,373.40","","-1.91%"
"2000-05-22","1,400.70","1,407.00","1,410.30","1,368.60","","-0.45%"
"2000-05-19","1,407.00","1,437.20","1,437.20","1,401.70","","-2.10%"
"2000-05-18","1,437.20","1,447.80","1,458.00","1,436.70","","-0.73%"
"2000-05-17","1,447.80","1,466.00","1,466.00","1,441.60","","-1.24%"
"2000-05-16","1,466.00","1,452.40","1,470.40","1,450.80","","0.94%"
"2000-05-15","1,452.40","1,421.00","1,452.40","1,417.00","","2.21%"
"2000-05-12","1,421.00","1,407.80","1,430.20","1,407.80","","0.94%"
"2000-05-11","1,407.80","1,383.00","1,410.20","1,383.00","","1.79%"
"2000-05-10","1,383.00","1,412.10","1,412.10","1,375.20","","-2.06%"
"2000-05-09","1,412.10","1,424.20","1,429.80","1,401.90","","-0.85%"
"2000-05-08","1,424.20","1,432.60","1,432.60","1,416.90","","-0.59%"
"2000-05-05","1,432.60","1,409.60","1,435.90","1,405.20","","1.63%"
"2000-05-04","1,409.60","1,415.10","1,420.50","1,405.00","","-0.39%"
"2000-05-03","1,415.10","1,446.30","1,446.30","1,398.40","","-2.16%"
"2000-05-02","1,446.30","1,468.20","1,468.20","1,445.10","","-1.49%"
"2000-05-01","1,468.20","1,452.40","1,481.40","1,452.40","","1.09%"
"2000-04-28","1,452.40","1,464.90","1,473.40","1,448.50","","-0.85%"
"2000-04-27","1,464.90","1,461.00","1,469.10","1,434.80","","0.27%"
"2000-04-26","1,461.00","1,477.40","1,482.80","1,457.30","","-1.11%"
"2000-04-25","1,477.40","1,429.90","1,477.70","1,429.90","","3.32%"
"2000-04-24","1,429.90","1,434.50","1,434.50","1,407.20","","-0.32%"
"2000-04-20","1,434.50","1,427.50","1,435.40","1,422.00","","0.49%"
"2000-04-19","1,427.50","1,441.60","1,447.70","1,425.30","","-0.98%"
"2000-04-18","1,441.60","1,401.40","1,441.60","1,397.60","","2.87%"
"2000-04-17","1,401.40","1,356.60","1,401.50","1,346.70","","3.30%"
"2000-04-14","1,356.60","1,440.50","1,440.50","1,339.40","","-5.82%"
"2000-04-13","1,440.50","1,467.20","1,477.40","1,440.30","","-1.82%"
"2000-04-12","1,467.20","1,500.60","1,510.60","1,466.20","","-2.23%"
"2000-04-11","1,500.60","1,504.50","1,512.80","1,486.80","","-0.26%"
"2000-04-10","1,504.50","1,516.30","1,527.10","1,503.00","","-0.78%"
"2000-04-07","1,516.30","1,501.30","1,518.70","1,501.30","","1.00%"
"2000-04-06","1,501.30","1,487.40","1,511.80","1,487.40","","0.93%"
"2000-04-05","1,487.40","1,494.70","1,506.50","1,478.10","","-0.49%"
"2000-04-04","1,494.70","1,506.00","1,526.20","1,417.20","","-0.75%"
"2000-04-03","1,506.00","1,498.60","1,507.10","1,487.10","","0.49%"
"2000-03-31","1,498.60","1,487.90","1,519.80","1,484.50","","0.72%"
"2000-03-30","1,487.90","1,508.50","1,517.40","1,474.60","","-1.37%"
"2000-03-29","1,508.50","1,507.70","1,521.40","1,497.30","","0.05%"
"2000-03-28","1,507.70","1,523.90","1,527.20","1,507.20","","-1.06%"
"2000-03-27","1,523.90","1,527.50","1,534.70","1,518.60","","-0.24%"
"2000-03-24","1,527.50","1,527.30","1,553.10","1,516.80","","0.01%"
"2000-03-23","1,527.30","1,500.60","1,532.10","1,493.80","","1.78%"
"2000-03-22","1,500.60","1,493.90","1,505.00","1,487.40","","0.45%"
"2000-03-21","1,493.90","1,456.60","1,493.90","1,446.00","","2.56%"
"2000-03-20","1,456.60","1,464.50","1,470.20","1,448.40","","-0.54%"
"2000-03-17","1,464.50","1,458.50","1,476.60","1,453.20","","0.41%"
"2000-03-16","1,458.50","1,392.20","1,458.50","1,392.20","","4.76%"
"2000-03-15","1,392.20","1,359.20","1,398.00","1,357.00","","2.43%"
"2000-03-14","1,359.20","1,383.60","1,395.30","1,359.10","","-1.76%"
"2000-03-13","1,383.60","1,395.10","1,398.50","1,365.30","","-0.82%"
"2000-03-10","1,395.10","1,401.70","1,413.40","1,392.10","","-0.47%"
"2000-03-09","1,401.70","1,366.70","1,401.80","1,357.80","","2.56%"
"2000-03-08","1,366.70","1,355.60","1,373.60","1,346.50","","0.82%"
"2000-03-07","1,355.60","1,391.30","1,399.60","1,349.60","","-2.57%"
"2000-03-06","1,391.30","1,409.20","1,409.80","1,384.80","","-1.27%"
"2000-03-03","1,409.20","1,381.80","1,410.90","1,381.80","","1.98%"
"2000-03-02","1,381.80","1,379.20","1,386.90","1,370.30","","0.19%"
"2000-03-01","1,379.20","1,366.40","1,383.00","1,366.40","","0.94%"
"2000-02-29","1,366.40","1,348.00","1,369.50","1,348.00","","1.36%"
"2000-02-28","1,348.00","1,333.40","1,360.80","1,325.00","","1.09%"
"2000-02-25","1,333.40","1,353.40","1,362.10","1,329.10","","-1.48%"
"2000-02-24","1,353.40","1,360.70","1,364.50","1,329.90","","-0.54%"
"2000-02-23","1,360.70","1,352.20","1,370.10","1,342.40","","0.63%"
"2000-02-22","1,352.20","1,346.10","1,358.10","1,332.00","","0.45%"
"2000-02-18","1,346.10","1,388.30","1,388.30","1,345.30","","-3.04%"
"2000-02-17","1,388.30","1,387.70","1,399.80","1,380.10","","0.04%"
"2000-02-16","1,387.70","1,402.00","1,404.70","1,385.60","","-1.02%"
"2000-02-15","1,402.00","1,389.90","1,407.80","1,376.20","","0.87%"
"2000-02-14","1,389.90","1,387.10","1,394.90","1,380.50","","0.20%"
"2000-02-11","1,387.10","1,416.80","1,416.80","1,379.20","","-2.10%"
"2000-02-10","1,416.80","1,411.70","1,422.00","1,406.40","","0.36%"
"2000-02-09","1,411.70","1,443.30","1,444.40","1,411.60","","-2.08%"
"2000-02-08","1,441.70","1,424.20","1,442.00","1,424.20","","1.23%"
"2000-02-07","1,424.20","1,424.40","1,427.20","1,413.30","","-0.01%"
"2000-02-04","1,424.40","1,425.00","1,436.00","1,420.50","","-0.04%"
"2000-02-03","1,425.00","1,409.10","1,425.80","1,398.50","","1.13%"
"2000-02-02","1,409.10","1,409.30","1,420.50","1,403.20","","-0.01%"
"2000-02-01","1,409.30","1,394.50","1,412.60","1,384.80","","1.06%"
"2000-01-31","1,394.50","1,360.20","1,394.50","1,350.00","","2.52%"
"2000-01-28","1,360.20","1,398.60","1,398.60","1,356.10","","-2.75%"
"2000-01-27","1,398.60","1,404.10","1,419.00","1,380.50","","-0.39%"
"2000-01-26","1,404.10","1,410.00","1,412.50","1,400.10","","-0.42%"
"2000-01-25","1,410.00","1,401.50","1,414.30","1,388.50","","0.61%"
"2000-01-24","1,401.50","1,441.40","1,454.20","1,395.40","","-2.77%"
"2000-01-21","1,441.40","1,445.60","1,452.80","1,439.50","","-0.29%"
"2000-01-20","1,445.60","1,455.90","1,465.60","1,438.60","","-0.71%"
"2000-01-19","1,455.90","1,455.10","1,462.20","1,448.70","","0.05%"
"2000-01-18","1,455.10","1,465.20","1,465.20","1,451.20","","-0.69%"
"2000-01-14","1,465.20","1,449.70","1,473.00","1,449.70","","1.07%"
"2000-01-13","1,449.70","1,432.20","1,454.60","1,432.20","","1.22%"
"2000-01-12","1,432.20","1,439.10","1,445.30","1,427.30","","-0.44%"
"2000-01-11","1,438.60","1,457.60","1,458.80","1,434.40","","-1.30%"
"2000-01-10","1,457.60","1,441.50","1,464.40","1,441.50","","1.12%"
"2000-01-07","1,441.50","1,403.50","1,441.50","1,400.50","","2.71%"
"2000-01-06","1,403.50","1,402.10","1,411.90","1,392.00","","0.10%"
"2000-01-05","1,402.10","1,399.40","1,413.30","1,377.70","","0.19%"
"2000-01-04","1,399.40","1,455.20","1,455.20","1,397.40","","-3.83%"
"2000-01-03","1,455.20","1,469.20","1,478.00","1,438.40","","-0.95%"