"Date","Price","Open","High","Low","Vol.","Change %"
"2025-11-19","6,642.19","6,625.84","6,689.75","6,603.50","","0.38%"
"2025-11-18","6,617.37","6,641.19","6,666.63","6,574.32","","-0.82%"
"2025-11-17","6,672.41","6,713.61","6,754.50","6,638.90","","-0.92%"
"2025-11-14","6,734.11","6,672.14","6,774.31","6,646.87","","-0.05%"
"2025-11-13","6,737.49","6,826.47","6,828.05","6,724.72","","-1.66%"
"2025-11-12","6,850.92","6,867.77","6,869.91","6,829.62","","0.06%"
"2025-11-11","6,846.61","6,815.64","6,855.13","6,806.87","","0.21%"
"2025-11-10","6,832.43","6,785.36","6,841.32","6,770.56","","1.54%"
"2025-11-07","6,728.80","6,696.18","6,730.11","6,631.44","","0.13%"
"2025-11-06","6,720.32","6,787.59","6,796.68","6,707.51","","-1.12%"
"2025-11-05","6,796.29","6,769.77","6,829.78","6,763.11","","0.37%"
"2025-11-04","6,771.55","6,788.52","6,820.21","6,766.71","","-1.17%"
"2025-11-03","6,851.97","6,882.32","6,882.32","6,820.62","","0.17%"
"2025-10-31","6,840.20","6,879.17","6,879.17","6,814.26","","0.26%"
"2025-10-30","6,822.34","6,860.50","6,880.75","6,820.69","","-0.99%"
"2025-10-29","6,890.59","6,910.95","6,920.34","6,851.91","","0.00%"
"2025-10-28","6,890.89","6,897.74","6,911.30","6,870.73","","0.23%"
"2025-10-27","6,875.16","6,845.46","6,877.28","6,843.94","","1.23%"
"2025-10-24","6,791.69","6,772.07","6,807.11","6,772.07","","0.79%"
"2025-10-23","6,738.44","6,703.65","6,749.53","6,700.14","","0.58%"
"2025-10-22","6,699.40","6,741.34","6,741.75","6,655.69","","-0.53%"
"2025-10-21","6,735.35","6,736.75","6,752.16","6,722.03","","0.00%"
"2025-10-20","6,735.13","6,690.05","6,744.35","6,690.05","","1.07%"
"2025-10-17","6,664.01","6,613.27","6,678.88","6,603.76","","0.53%"
"2025-10-16","6,629.07","6,689.02","6,709.34","6,593.99","","-0.63%"
"2025-10-15","6,671.06","6,688.27","6,724.12","6,612.11","","0.40%"
"2025-10-14","6,644.31","6,602.49","6,680.70","6,555.07","","-0.16%"
"2025-10-13","6,654.72","6,622.53","6,668.68","6,620.71","","1.56%"
"2025-10-10","6,552.51","6,740.49","6,762.40","6,550.78","","-2.71%"
"2025-10-09","6,735.11","6,760.50","6,764.58","6,716.17","","-0.28%"
"2025-10-08","6,753.72","6,723.87","6,755.64","6,718.09","","0.58%"
"2025-10-07","6,714.59","6,746.14","6,754.49","6,699.96","","-0.38%"
"2025-10-06","6,740.28","6,733.86","6,749.52","6,717.78","","0.36%"
"2025-10-03","6,715.79","6,722.14","6,750.87","6,705.67","","0.01%"
"2025-10-02","6,715.35","6,731.31","6,731.94","6,693.23","","0.06%"
"2025-10-01","6,711.20","6,664.92","6,718.48","6,656.20","","0.34%"
"2025-09-30","6,688.46","6,656.19","6,691.25","6,641.00","","0.41%"
"2025-09-29","6,661.21","6,661.58","6,677.31","6,644.49","","0.26%"
"2025-09-26","6,643.70","6,615.38","6,648.97","6,604.43","","0.59%"
"2025-09-25","6,604.72","6,608.19","6,619.00","6,569.22","","-0.50%"
"2025-09-24","6,637.97","6,669.79","6,672.66","6,621.76","","-0.28%"
"2025-09-23","6,656.92","6,692.44","6,699.52","6,645.58","","-0.55%"
"2025-09-22","6,693.75","6,654.28","6,698.88","6,648.07","","0.44%"
"2025-09-19","6,664.36","6,647.11","6,671.82","6,630.31","","0.49%"
"2025-09-18","6,631.96","6,626.85","6,656.80","6,611.89","","0.48%"
"2025-09-17","6,600.35","6,604.87","6,624.39","6,551.15","","-0.10%"
"2025-09-16","6,606.76","6,624.13","6,626.99","6,600.11","","-0.13%"
"2025-09-15","6,615.28","6,603.49","6,619.62","6,602.07","","0.47%"
"2025-09-12","6,584.29","6,590.66","6,600.21","6,579.49","","-0.05%"
"2025-09-11","6,587.47","6,554.41","6,592.89","6,545.80","","0.85%"
"2025-09-10","6,532.04","6,550.29","6,555.97","6,516.34","","0.30%"
"2025-09-09","6,512.61","6,503.33","6,518.23","6,483.08","","0.27%"
"2025-09-08","6,495.15","6,498.09","6,508.67","6,483.29","","0.21%"
"2025-09-05","6,481.50","6,529.08","6,532.65","6,443.98","","-0.32%"
"2025-09-04","6,502.08","6,456.60","6,502.54","6,445.98","","0.83%"
"2025-09-03","6,448.26","6,445.82","6,453.67","6,416.17","","0.51%"
"2025-09-02","6,415.54","6,401.51","6,416.54","6,360.58","","-0.69%"
"2025-08-29","6,460.26","6,489.28","6,491.76","6,444.57","","-0.64%"
"2025-08-28","6,501.86","6,483.84","6,508.23","6,466.96","","0.32%"
"2025-08-27","6,481.40","6,462.26","6,487.06","6,457.84","","0.24%"
"2025-08-26","6,465.94","6,435.49","6,468.37","6,429.21","","0.41%"
"2025-08-25","6,439.32","6,457.67","6,466.89","6,438.06","","-0.43%"
"2025-08-22","6,466.91","6,384.59","6,478.89","6,384.59","","1.52%"
"2025-08-21","6,370.17","6,380.83","6,393.65","6,352.71","","-0.40%"
"2025-08-20","6,395.78","6,406.62","6,408.40","6,343.86","","-0.24%"
"2025-08-19","6,411.37","6,446.24","6,456.48","6,400.22","","-0.59%"
"2025-08-18","6,449.15","6,445.02","6,455.35","6,437.70","","-0.01%"
"2025-08-15","6,449.80","6,477.38","6,481.34","6,441.85","","-0.29%"
"2025-08-14","6,468.54","6,453.46","6,473.92","6,441.07","","0.03%"
"2025-08-13","6,466.58","6,462.67","6,480.28","6,445.02","","0.32%"
"2025-08-12","6,445.76","6,395.17","6,446.55","6,385.76","","1.13%"
"2025-08-11","6,373.45","6,389.67","6,407.25","6,364.06","","-0.25%"
"2025-08-08","6,389.45","6,355.22","6,395.16","6,355.22","","0.78%"
"2025-08-07","6,340.00","6,374.32","6,389.71","6,310.32","","-0.08%"
"2025-08-06","6,345.06","6,309.30","6,352.83","6,301.11","","0.73%"
"2025-08-05","6,299.19","6,336.63","6,346.00","6,289.37","","-0.49%"
"2025-08-04","6,329.94","6,271.71","6,330.69","6,271.71","","1.47%"
"2025-08-01","6,238.01","6,287.28","6,287.28","6,212.69","","-1.60%"
"2025-07-31","6,339.39","6,427.02","6,427.02","6,327.64","","-0.37%"
"2025-07-30","6,362.90","6,381.23","6,396.54","6,336.38","","-0.12%"
"2025-07-29","6,370.86","6,405.62","6,409.26","6,363.92","","-0.30%"
"2025-07-28","6,389.77","6,397.69","6,401.07","6,375.79","","0.02%"
"2025-07-25","6,388.64","6,370.01","6,395.82","6,368.53","","0.40%"
"2025-07-24","6,363.35","6,368.60","6,381.31","6,360.57","","0.07%"
"2025-07-23","6,358.91","6,326.90","6,360.64","6,317.49","","0.78%"
"2025-07-22","6,309.62","6,306.60","6,316.12","6,281.71","","0.06%"
"2025-07-21","6,305.60","6,304.74","6,336.08","6,303.79","","0.14%"
"2025-07-18","6,296.79","6,312.95","6,315.61","6,285.27","","-0.01%"
"2025-07-17","6,297.36","6,263.40","6,304.69","6,262.27","","0.54%"
"2025-07-16","6,263.70","6,254.50","6,268.12","6,201.59","","0.32%"
"2025-07-15","6,243.76","6,295.29","6,302.04","6,241.68","","-0.40%"
"2025-07-14","6,268.56","6,255.15","6,273.31","6,239.22","","0.14%"
"2025-07-11","6,259.75","6,255.68","6,269.44","6,237.60","","-0.33%"
"2025-07-10","6,280.46","6,266.80","6,290.22","6,251.44","","0.27%"
"2025-07-09","6,263.26","6,243.33","6,269.16","6,231.43","","0.61%"
"2025-07-08","6,225.52","6,234.03","6,242.70","6,217.75","","-0.07%"
"2025-07-07","6,229.98","6,259.04","6,262.07","6,201.00","","-0.79%"
"2025-07-03","6,279.35","6,246.46","6,284.65","6,246.46","","0.83%"
"2025-07-02","6,227.42","6,193.88","6,227.60","6,188.29","","0.47%"
"2025-07-01","6,198.01","6,187.25","6,210.78","6,177.97","","-0.11%"
"2025-06-30","6,204.95","6,193.36","6,215.08","6,174.97","","0.52%"
"2025-06-27","6,173.07","6,150.70","6,187.68","6,132.35","","0.52%"
"2025-06-26","6,141.02","6,112.09","6,146.52","6,107.27","","0.80%"
"2025-06-25","6,092.16","6,104.23","6,108.51","6,080.09","","0.00%"
"2025-06-24","6,092.18","6,061.21","6,101.76","6,059.25","","1.11%"
"2025-06-23","6,025.17","5,969.67","6,028.77","5,943.23","","0.96%"
"2025-06-20","5,967.84","5,999.67","6,018.20","5,952.56","","-0.22%"
"2025-06-18","5,980.87","5,987.93","6,018.25","5,971.89","","-0.03%"
"2025-06-17","5,982.72","6,012.15","6,023.25","5,974.80","","-0.84%"
"2025-06-16","6,033.11","6,004.00","6,050.83","6,004.00","","0.94%"
"2025-06-13","5,976.97","6,000.56","6,026.16","5,963.21","","-1.13%"
"2025-06-12","6,045.26","6,009.90","6,045.43","6,003.88","","0.38%"
"2025-06-11","6,022.24","6,049.38","6,059.40","6,002.32","","-0.27%"
"2025-06-10","6,038.81","6,009.91","6,043.01","6,000.28","","0.55%"
"2025-06-09","6,005.88","6,004.63","6,021.31","5,994.18","","0.09%"
"2025-06-06","6,000.36","5,987.06","6,016.87","5,978.63","","1.03%"
"2025-06-05","5,939.30","5,985.67","5,999.70","5,921.20","","-0.53%"
"2025-06-04","5,970.81","5,978.94","5,990.48","5,966.11","","0.01%"
"2025-06-03","5,970.37","5,938.56","5,981.35","5,929.00","","0.58%"
"2025-06-02","5,935.94","5,896.68","5,937.40","5,861.43","","0.41%"
"2025-05-30","5,911.69","5,903.67","5,922.14","5,843.66","","-0.01%"
"2025-05-29","5,912.17","5,939.96","5,943.13","5,873.80","","0.40%"
"2025-05-28","5,888.55","5,925.54","5,939.92","5,881.88","","-0.56%"
"2025-05-27","5,921.54","5,854.07","5,924.33","5,854.07","","2.05%"
"2025-05-23","5,802.82","5,781.89","5,829.51","5,767.41","","-0.67%"
"2025-05-22","5,842.01","5,841.26","5,878.08","5,825.82","","-0.04%"
"2025-05-21","5,844.61","5,910.18","5,938.37","5,830.91","","-1.61%"
"2025-05-20","5,940.46","5,944.66","5,953.06","5,909.26","","-0.39%"
"2025-05-19","5,963.60","5,902.88","5,968.61","5,895.69","","0.09%"
"2025-05-16","5,958.38","5,929.09","5,958.62","5,907.36","","0.70%"
"2025-05-15","5,916.93","5,869.82","5,924.21","5,865.16","","0.41%"
"2025-05-14","5,892.58","5,896.74","5,906.55","5,872.11","","0.10%"
"2025-05-13","5,886.55","5,854.15","5,906.64","5,845.02","","0.72%"
"2025-05-12","5,844.19","5,807.20","5,845.37","5,786.08","","3.26%"
"2025-05-09","5,659.91","5,679.65","5,691.69","5,644.15","","-0.07%"
"2025-05-08","5,663.94","5,663.60","5,720.10","5,635.38","","0.58%"
"2025-05-07","5,631.28","5,614.18","5,654.73","5,578.64","","0.43%"
"2025-05-06","5,606.91","5,605.87","5,649.58","5,586.04","","-0.77%"
"2025-05-05","5,650.38","5,655.32","5,683.38","5,634.48","","-0.64%"
"2025-05-02","5,686.67","5,645.88","5,700.70","5,642.28","","1.47%"
"2025-05-01","5,604.14","5,625.14","5,658.91","5,597.35","","0.63%"
"2025-04-30","5,569.06","5,499.44","5,581.84","5,433.24","","0.15%"
"2025-04-29","5,560.83","5,508.87","5,571.95","5,505.70","","0.58%"
"2025-04-28","5,528.75","5,529.22","5,553.66","5,468.64","","0.06%"
"2025-04-25","5,525.21","5,489.73","5,528.11","5,455.86","","0.74%"
"2025-04-24","5,484.77","5,381.38","5,489.40","5,371.96","","2.03%"
"2025-04-23","5,375.86","5,395.92","5,469.69","5,356.17","","1.67%"
"2025-04-22","5,287.76","5,207.67","5,309.61","5,207.67","","2.51%"
"2025-04-21","5,158.20","5,232.94","5,232.94","5,101.63","","-2.36%"
"2025-04-17","5,282.70","5,305.45","5,328.31","5,255.58","","0.13%"
"2025-04-16","5,275.70","5,335.75","5,367.24","5,220.79","","-2.24%"
"2025-04-15","5,396.63","5,411.99","5,450.41","5,386.44","","-0.17%"
"2025-04-14","5,405.97","5,441.96","5,459.46","5,358.02","","0.79%"
"2025-04-11","5,363.36","5,255.56","5,381.46","5,220.77","","1.81%"
"2025-04-10","5,268.05","5,353.15","5,353.15","5,115.27","","-3.46%"
"2025-04-09","5,456.90","4,965.28","5,481.34","4,948.43","","9.52%"
"2025-04-08","4,982.77","5,193.57","5,267.47","4,910.42","","-1.57%"
"2025-04-07","5,062.25","4,953.79","5,246.57","4,835.04","","-0.23%"
"2025-04-04","5,074.08","5,292.14","5,292.14","5,069.90","","-5.97%"
"2025-04-03","5,396.52","5,492.74","5,499.53","5,390.83","","-4.84%"
"2025-04-02","5,670.97","5,580.76","5,695.31","5,571.48","","0.67%"
"2025-04-01","5,633.07","5,597.53","5,650.57","5,558.52","","0.38%"
"2025-03-31","5,611.85","5,527.91","5,627.56","5,488.73","","0.55%"
"2025-03-28","5,580.94","5,679.20","5,685.89","5,572.42","","-1.97%"
"2025-03-27","5,693.31","5,695.64","5,732.28","5,670.94","","-0.33%"
"2025-03-26","5,712.20","5,771.66","5,783.62","5,694.41","","-1.12%"
"2025-03-25","5,776.65","5,775.96","5,786.95","5,760.42","","0.16%"
"2025-03-24","5,767.57","5,718.08","5,775.14","5,718.08","","1.76%"
"2025-03-21","5,667.56","5,630.73","5,670.84","5,603.10","","0.08%"
"2025-03-20","5,662.89","5,646.92","5,711.15","5,632.33","","-0.22%"
"2025-03-19","5,675.29","5,632.37","5,715.33","5,622.20","","1.08%"
"2025-03-18","5,614.66","5,654.53","5,654.53","5,597.76","","-1.07%"
"2025-03-17","5,675.12","5,635.60","5,703.52","5,631.12","","0.64%"
"2025-03-14","5,638.94","5,563.85","5,645.27","5,563.85","","2.13%"
"2025-03-13","5,521.52","5,594.45","5,597.78","5,504.65","","-1.39%"
"2025-03-12","5,599.30","5,624.84","5,642.19","5,546.09","","0.49%"
"2025-03-11","5,572.07","5,603.65","5,636.30","5,528.41","","-0.76%"
"2025-03-10","5,614.56","5,705.37","5,705.37","5,564.02","","-2.70%"
"2025-03-07","5,770.20","5,726.01","5,783.01","5,666.29","","0.55%"
"2025-03-06","5,738.52","5,785.87","5,812.08","5,711.64","","-1.78%"
"2025-03-05","5,842.63","5,781.36","5,860.59","5,742.35","","1.12%"
"2025-03-04","5,778.15","5,811.98","5,865.08","5,732.59","","-1.22%"
"2025-03-03","5,849.72","5,968.33","5,986.09","5,810.91","","-1.76%"
"2025-02-28","5,954.50","5,856.74","5,959.40","5,837.66","","1.59%"
"2025-02-27","5,861.57","5,981.88","5,993.69","5,858.78","","-1.59%"
"2025-02-26","5,956.06","5,970.87","6,009.82","5,932.69","","0.01%"
"2025-02-25","5,955.25","5,982.73","5,992.65","5,908.49","","-0.47%"
"2025-02-24","5,983.25","6,026.69","6,043.65","5,977.83","","-0.50%"
"2025-02-21","6,013.13","6,114.10","6,114.82","6,008.56","","-1.71%"
"2025-02-20","6,117.52","6,134.50","6,134.50","6,084.59","","-0.43%"
"2025-02-19","6,144.15","6,117.76","6,147.43","6,111.15","","0.24%"
"2025-02-18","6,129.58","6,121.60","6,129.63","6,099.51","","0.24%"
"2025-02-14","6,114.63","6,115.52","6,127.47","6,107.62","","-0.01%"
"2025-02-13","6,115.07","6,060.59","6,116.91","6,050.95","","1.04%"
"2025-02-12","6,051.97","6,025.08","6,063.00","6,003.00","","-0.27%"
"2025-02-11","6,068.50","6,049.32","6,076.28","6,042.34","","0.03%"
"2025-02-10","6,066.44","6,046.40","6,073.38","6,044.84","","0.67%"
"2025-02-07","6,025.99","6,083.13","6,101.28","6,019.96","","-0.95%"
"2025-02-06","6,083.57","6,072.22","6,084.03","6,046.83","","0.36%"
"2025-02-05","6,061.48","6,020.45","6,062.86","6,007.06","","0.39%"
"2025-02-04","6,037.88","5,998.14","6,042.48","5,990.87","","0.72%"
"2025-02-03","5,994.57","5,969.65","6,022.13","5,923.93","","-0.76%"
"2025-01-31","6,040.53","6,096.79","6,120.91","6,030.93","","-0.50%"
"2025-01-30","6,071.17","6,050.75","6,086.64","6,027.46","","0.53%"
"2025-01-29","6,039.31","6,057.70","6,062.83","6,012.96","","-0.47%"
"2025-01-28","6,067.70","6,026.97","6,074.54","5,994.63","","0.92%"
"2025-01-27","6,012.28","5,969.04","6,017.17","5,962.92","","-1.46%"
"2025-01-24","6,101.24","6,121.43","6,128.18","6,088.74","","-0.29%"
"2025-01-23","6,118.71","6,076.32","6,118.73","6,074.67","","0.53%"
"2025-01-22","6,086.37","6,081.39","6,100.81","6,076.13","","0.61%"
"2025-01-21","6,049.24","6,014.12","6,051.51","6,006.88","","0.88%"
"2025-01-17","5,996.66","5,995.40","6,014.96","5,978.44","","1.00%"
"2025-01-16","5,937.34","5,963.61","5,964.69","5,930.72","","-0.21%"
"2025-01-15","5,949.91","5,905.21","5,960.61","5,905.21","","1.83%"
"2025-01-14","5,842.91","5,859.27","5,871.92","5,805.42","","0.11%"
"2025-01-13","5,836.22","5,782.02","5,838.61","5,773.31","","0.16%"
"2025-01-10","5,827.04","5,890.35","5,890.35","5,807.78","","-1.54%"
"2025-01-08","5,918.25","5,910.66","5,927.89","5,874.78","","0.16%"
"2025-01-07","5,909.03","5,993.26","6,000.68","5,890.68","","-1.11%"
"2025-01-06","5,975.38","5,982.81","6,021.04","5,960.01","","0.55%"
"2025-01-03","5,942.47","5,891.07","5,949.34","5,888.66","","1.26%"
"2025-01-02","5,868.55","5,903.26","5,935.09","5,829.53","","-0.22%"
"2024-12-31","5,881.63","5,919.74","5,929.74","5,868.86","","-0.43%"
"2024-12-30","5,906.94","5,920.67","5,940.79","5,869.16","","-1.07%"
"2024-12-27","5,970.84","6,006.17","6,006.17","5,932.95","","-1.11%"
"2024-12-26","6,037.59","6,024.97","6,049.75","6,007.37","","-0.04%"
"2024-12-24","6,040.04","5,984.63","6,040.10","5,981.44","","1.10%"
"2024-12-23","5,974.07","5,940.25","5,978.25","5,902.57","","0.73%"
"2024-12-20","5,930.85","5,842.00","5,982.06","5,832.30","","1.09%"
"2024-12-19","5,867.08","5,912.71","5,935.52","5,866.07","","-0.09%"
"2024-12-18","5,872.16","6,047.65","6,070.67","5,867.79","","-2.95%"
"2024-12-17","6,050.61","6,052.55","6,057.68","6,035.19","","-0.39%"
"2024-12-16","6,074.08","6,063.79","6,085.19","6,059.14","","0.38%"
"2024-12-13","6,051.09","6,068.17","6,078.58","6,035.77","","0.00%"
"2024-12-12","6,051.25","6,074.29","6,079.68","6,051.25","","-0.54%"
"2024-12-11","6,084.19","6,060.15","6,092.59","6,060.15","","0.82%"
"2024-12-10","6,034.91","6,057.59","6,065.40","6,029.89","","-0.30%"
"2024-12-09","6,052.85","6,083.01","6,088.51","6,048.63","","-0.61%"
"2024-12-06","6,090.27","6,081.38","6,099.97","6,079.98","","0.25%"
"2024-12-05","6,075.11","6,089.03","6,094.55","6,072.90","","-0.19%"
"2024-12-04","6,086.49","6,069.39","6,089.84","6,061.06","","0.61%"
"2024-12-03","6,049.88","6,042.97","6,052.07","6,033.39","","0.05%"
"2024-12-02","6,047.15","6,040.11","6,053.58","6,035.33","","0.24%"
"2024-11-29","6,032.38","6,003.98","6,044.17","6,003.98","","0.56%"
"2024-11-27","5,998.74","6,014.11","6,020.16","5,984.87","","-0.38%"
"2024-11-26","6,021.63","6,000.03","6,025.42","5,992.27","","0.57%"
"2024-11-25","5,987.37","5,992.28","6,020.75","5,963.91","","0.30%"
"2024-11-22","5,969.34","5,944.36","5,972.90","5,944.36","","0.35%"
"2024-11-21","5,948.71","5,940.58","5,963.32","5,887.26","","0.53%"
"2024-11-20","5,917.11","5,914.34","5,920.67","5,860.56","","0.00%"
"2024-11-19","5,916.98","5,870.05","5,923.51","5,855.29","","0.40%"
"2024-11-18","5,893.62","5,874.17","5,908.12","5,865.95","","0.39%"
"2024-11-15","5,870.62","5,912.79","5,915.32","5,853.01","","-1.32%"
"2024-11-14","5,949.17","5,989.68","5,993.88","5,942.28","","-0.60%"
"2024-11-13","5,985.38","5,985.75","6,008.19","5,965.91","","0.02%"
"2024-11-12","5,983.99","6,003.60","6,009.92","5,960.08","","-0.29%"
"2024-11-11","6,001.35","6,008.86","6,017.31","5,986.69","","0.10%"
"2024-11-08","5,995.54","5,976.76","6,012.45","5,976.76","","0.38%"
"2024-11-07","5,973.10","5,947.21","5,983.84","5,947.21","","0.74%"
"2024-11-06","5,929.04","5,864.89","5,936.14","5,864.89","","2.53%"
"2024-11-05","5,782.76","5,722.43","5,783.44","5,722.10","","1.23%"
"2024-11-04","5,712.69","5,725.15","5,741.43","5,696.51","","-0.28%"
"2024-11-01","5,728.80","5,723.22","5,772.52","5,723.22","","0.41%"
"2024-10-31","5,705.45","5,775.34","5,775.34","5,702.86","","-1.86%"
"2024-10-30","5,813.67","5,832.65","5,850.94","5,811.28","","-0.33%"
"2024-10-29","5,832.92","5,819.68","5,847.19","5,802.17","","0.16%"
"2024-10-28","5,823.52","5,833.93","5,842.92","5,823.08","","0.27%"
"2024-10-25","5,808.12","5,826.75","5,862.82","5,799.98","","-0.03%"
"2024-10-24","5,809.86","5,817.80","5,817.80","5,784.92","","0.21%"
"2024-10-23","5,797.42","5,834.50","5,834.85","5,762.41","","-0.92%"
"2024-10-22","5,851.20","5,832.70","5,863.04","5,821.17","","-0.05%"
"2024-10-21","5,853.98","5,857.82","5,866.92","5,824.79","","-0.18%"
"2024-10-18","5,864.67","5,859.43","5,872.17","5,846.11","","0.40%"
"2024-10-17","5,841.47","5,875.62","5,878.46","5,840.25","","-0.02%"
"2024-10-16","5,842.47","5,816.58","5,846.52","5,808.34","","0.47%"
"2024-10-15","5,815.26","5,866.74","5,870.36","5,804.48","","-0.76%"
"2024-10-14","5,859.85","5,829.81","5,871.41","5,829.57","","0.77%"
"2024-10-11","5,815.03","5,775.09","5,822.13","5,775.09","","0.61%"
"2024-10-10","5,780.05","5,778.36","5,795.03","5,764.76","","-0.21%"
"2024-10-09","5,792.04","5,751.80","5,796.80","5,745.02","","0.71%"
"2024-10-08","5,751.13","5,719.14","5,757.60","5,714.56","","0.97%"
"2024-10-07","5,695.94","5,737.80","5,739.34","5,686.85","","-0.96%"
"2024-10-04","5,751.07","5,737.48","5,753.21","5,702.83","","0.90%"
"2024-10-03","5,699.94","5,698.19","5,718.78","5,677.37","","-0.17%"
"2024-10-02","5,709.54","5,698.14","5,719.63","5,674.00","","0.01%"
"2024-10-01","5,708.75","5,757.73","5,757.73","5,681.28","","-0.93%"
"2024-09-30","5,762.48","5,726.52","5,765.14","5,703.53","","0.42%"
"2024-09-27","5,738.17","5,755.36","5,763.78","5,727.34","","-0.13%"
"2024-09-26","5,745.37","5,762.22","5,767.37","5,721.01","","0.40%"
"2024-09-25","5,722.26","5,733.65","5,741.03","5,712.06","","-0.19%"
"2024-09-24","5,732.93","5,727.66","5,735.32","5,698.99","","0.25%"
"2024-09-23","5,718.57","5,711.90","5,725.36","5,704.22","","0.28%"
"2024-09-20","5,702.55","5,709.64","5,715.14","5,674.49","","-0.19%"
"2024-09-19","5,713.64","5,702.63","5,733.57","5,686.42","","1.70%"
"2024-09-18","5,618.26","5,641.68","5,689.75","5,615.08","","-0.29%"
"2024-09-17","5,634.58","5,655.51","5,670.81","5,614.05","","0.03%"
"2024-09-16","5,633.09","5,615.21","5,636.05","5,604.53","","0.13%"
"2024-09-13","5,626.02","5,603.34","5,636.27","5,601.65","","0.54%"
"2024-09-12","5,595.76","5,557.48","5,600.71","5,535.50","","0.75%"
"2024-09-11","5,554.13","5,496.42","5,560.41","5,406.96","","1.07%"
"2024-09-10","5,495.52","5,490.51","5,497.91","5,441.72","","0.45%"
"2024-09-09","5,471.05","5,442.07","5,484.20","5,434.49","","1.16%"
"2024-09-06","5,408.42","5,507.33","5,522.47","5,402.62","","-1.73%"
"2024-09-05","5,503.41","5,520.08","5,546.30","5,480.54","","-0.30%"
"2024-09-04","5,520.07","5,506.68","5,552.99","5,503.66","","-0.16%"
"2024-09-03","5,528.93","5,623.89","5,623.89","5,504.33","","-2.12%"
"2024-08-30","5,648.40","5,612.74","5,651.37","5,581.79","","1.01%"
"2024-08-29","5,591.96","5,607.30","5,646.95","5,583.71","","0.00%"
"2024-08-28","5,592.18","5,624.51","5,627.03","5,560.95","","-0.60%"
"2024-08-27","5,625.80","5,602.89","5,631.18","5,593.48","","0.16%"
"2024-08-26","5,616.84","5,639.66","5,651.62","5,602.34","","-0.32%"
"2024-08-23","5,634.61","5,602.49","5,641.82","5,585.16","","1.15%"
"2024-08-22","5,570.64","5,637.77","5,643.22","5,560.95","","-0.89%"
"2024-08-21","5,620.85","5,603.09","5,632.68","5,591.57","","0.42%"
"2024-08-20","5,597.12","5,602.88","5,620.51","5,585.50","","-0.20%"
"2024-08-19","5,608.25","5,557.23","5,608.30","5,550.74","","0.97%"
"2024-08-16","5,554.25","5,530.50","5,561.98","5,525.17","","0.20%"
"2024-08-15","5,543.22","5,501.13","5,546.23","5,501.13","","1.61%"
"2024-08-14","5,455.21","5,442.36","5,463.22","5,415.91","","0.38%"
"2024-08-13","5,434.43","5,376.98","5,436.50","5,376.98","","1.68%"
"2024-08-12","5,344.39","5,351.88","5,371.20","5,324.37","","0.00%"
"2024-08-09","5,344.16","5,314.66","5,358.67","5,300.84","","0.47%"
"2024-08-08","5,319.31","5,252.57","5,328.03","5,233.85","","2.30%"
"2024-08-07","5,199.50","5,293.13","5,330.64","5,195.54","","-0.77%"
"2024-08-06","5,240.03","5,206.42","5,312.34","5,193.56","","1.04%"
"2024-08-05","5,186.33","5,151.14","5,250.89","5,119.26","","-3.00%"
"2024-08-02","5,346.56","5,376.63","5,383.89","5,302.03","","-1.84%"
"2024-08-01","5,446.68","5,537.84","5,566.16","5,410.42","","-1.37%"
"2024-07-31","5,522.30","5,505.59","5,551.51","5,493.75","","1.58%"
"2024-07-30","5,436.44","5,478.73","5,489.46","5,401.70","","-0.50%"
"2024-07-29","5,463.54","5,476.55","5,487.74","5,444.44","","0.08%"
"2024-07-26","5,459.10","5,433.67","5,488.32","5,430.70","","1.11%"
"2024-07-25","5,399.22","5,428.70","5,491.59","5,390.95","","-0.51%"
"2024-07-24","5,427.13","5,505.84","5,508.04","5,419.98","","-2.31%"
"2024-07-23","5,555.74","5,565.30","5,585.34","5,550.90","","-0.16%"
"2024-07-22","5,564.41","5,544.54","5,570.36","5,529.04","","1.08%"
"2024-07-19","5,505.00","5,543.37","5,557.50","5,497.04","","-0.71%"
"2024-07-18","5,544.59","5,608.56","5,614.05","5,522.81","","-0.78%"
"2024-07-17","5,588.27","5,610.07","5,622.49","5,584.81","","-1.39%"
"2024-07-16","5,667.20","5,644.09","5,669.67","5,639.02","","0.64%"
"2024-07-15","5,631.22","5,638.16","5,666.94","5,614.75","","0.28%"
"2024-07-12","5,615.35","5,590.76","5,655.56","5,590.44","","0.55%"
"2024-07-11","5,584.54","5,635.21","5,642.45","5,576.53","","-0.88%"
"2024-07-10","5,633.91","5,591.26","5,635.39","5,586.44","","1.02%"
"2024-07-09","5,576.98","5,584.24","5,590.75","5,574.57","","0.07%"
"2024-07-08","5,572.85","5,572.75","5,583.11","5,562.51","","0.10%"
"2024-07-05","5,567.19","5,537.91","5,570.33","5,531.63","","0.54%"
"2024-07-03","5,537.02","5,507.44","5,539.27","5,507.42","","0.51%"
"2024-07-02","5,509.01","5,461.84","5,509.69","5,458.43","","0.62%"
"2024-07-01","5,475.09","5,471.08","5,479.55","5,446.53","","0.27%"
"2024-06-28","5,460.48","5,488.48","5,523.64","5,451.12","","-0.41%"
"2024-06-27","5,482.87","5,473.59","5,490.81","5,467.54","","0.09%"
"2024-06-26","5,477.90","5,460.71","5,483.14","5,451.87","","0.16%"
"2024-06-25","5,469.30","5,460.73","5,472.88","5,446.56","","0.39%"
"2024-06-24","5,447.87","5,459.58","5,490.66","5,447.59","","-0.31%"
"2024-06-21","5,464.62","5,466.77","5,478.31","5,452.03","","-0.16%"
"2024-06-20","5,473.17","5,499.99","5,505.53","5,455.56","","-0.25%"
"2024-06-18","5,487.03","5,476.15","5,490.38","5,471.32","","0.25%"
"2024-06-17","5,473.23","5,431.11","5,488.50","5,420.40","","0.77%"
"2024-06-14","5,431.60","5,424.08","5,432.39","5,403.75","","-0.04%"
"2024-06-13","5,433.74","5,441.93","5,441.93","5,402.51","","0.23%"
"2024-06-12","5,421.03","5,409.13","5,447.25","5,409.13","","0.85%"
"2024-06-11","5,375.32","5,353.00","5,375.95","5,327.25","","0.27%"
"2024-06-10","5,360.79","5,341.22","5,365.79","5,331.52","","0.26%"
"2024-06-07","5,346.99","5,343.81","5,375.08","5,331.33","","-0.11%"
"2024-06-06","5,352.96","5,357.80","5,362.35","5,335.36","","-0.02%"
"2024-06-05","5,354.03","5,314.48","5,354.16","5,297.64","","1.18%"
"2024-06-04","5,291.34","5,278.24","5,298.80","5,257.63","","0.15%"
"2024-06-03","5,283.40","5,297.15","5,302.11","5,234.32","","0.11%"
"2024-05-31","5,277.51","5,243.21","5,280.33","5,191.68","","0.80%"
"2024-05-30","5,235.48","5,259.77","5,260.21","5,222.10","","-0.60%"
"2024-05-29","5,266.95","5,278.73","5,282.27","5,262.70","","-0.74%"
"2024-05-28","5,306.04","5,315.91","5,315.91","5,280.89","","0.02%"
"2024-05-24","5,304.72","5,281.45","5,311.65","5,278.39","","0.70%"
"2024-05-23","5,267.84","5,340.26","5,341.88","5,256.93","","-0.74%"
"2024-05-22","5,307.01","5,319.28","5,323.18","5,286.01","","-0.27%"
"2024-05-21","5,321.41","5,298.69","5,324.32","5,297.87","","0.25%"
"2024-05-20","5,308.13","5,305.35","5,325.32","5,302.40","","0.09%"
"2024-05-17","5,303.27","5,303.10","5,305.45","5,283.59","","0.12%"
"2024-05-16","5,297.10","5,310.07","5,325.49","5,296.19","","-0.21%"
"2024-05-15","5,308.15","5,263.26","5,311.76","5,263.26","","1.17%"
"2024-05-14","5,246.68","5,221.10","5,250.37","5,217.98","","0.48%"
"2024-05-13","5,221.42","5,233.08","5,237.26","5,211.16","","-0.02%"
"2024-05-10","5,222.68","5,225.49","5,239.66","5,209.68","","0.16%"
"2024-05-09","5,214.08","5,189.03","5,215.30","5,180.41","","0.51%"
"2024-05-08","5,187.67","5,168.98","5,191.95","5,165.86","","0.00%"
"2024-05-07","5,187.70","5,187.20","5,200.23","5,178.96","","0.13%"
"2024-05-06","5,180.74","5,142.42","5,181.00","5,142.42","","1.03%"
"2024-05-03","5,127.79","5,122.78","5,139.12","5,101.22","","1.26%"
"2024-05-02","5,064.20","5,049.32","5,073.21","5,011.05","","0.91%"
"2024-05-01","5,018.39","5,029.03","5,096.12","5,013.45","","-0.34%"
"2024-04-30","5,035.69","5,103.78","5,110.83","5,035.31","","-1.57%"
"2024-04-29","5,116.17","5,114.13","5,123.49","5,088.65","","0.32%"
"2024-04-26","5,099.96","5,084.65","5,114.62","5,073.14","","1.02%"
"2024-04-25","5,048.42","5,019.88","5,057.75","4,990.58","","-0.46%"
"2024-04-24","5,071.63","5,084.86","5,089.48","5,047.02","","0.02%"
"2024-04-23","5,070.55","5,028.85","5,076.12","5,027.96","","1.20%"
"2024-04-22","5,010.60","4,987.33","5,038.84","4,969.40","","0.87%"
"2024-04-19","4,967.23","5,005.44","5,019.02","4,953.56","","-0.88%"
"2024-04-18","5,011.12","5,031.52","5,056.66","5,001.89","","-0.22%"
"2024-04-17","5,022.21","5,068.97","5,077.96","5,007.25","","-0.58%"
"2024-04-16","5,051.41","5,064.59","5,079.84","5,039.83","","-0.21%"
"2024-04-15","5,061.82","5,149.67","5,168.43","5,052.47","","-1.20%"
"2024-04-12","5,123.41","5,171.51","5,175.03","5,107.94","","-1.46%"
"2024-04-11","5,199.06","5,172.95","5,211.78","5,138.77","","0.74%"
"2024-04-10","5,160.64","5,167.88","5,178.43","5,138.70","","-0.95%"
"2024-04-09","5,209.91","5,217.03","5,224.81","5,160.78","","0.14%"
"2024-04-08","5,202.39","5,211.37","5,219.57","5,197.35","","-0.04%"
"2024-04-05","5,204.34","5,158.95","5,222.18","5,157.21","","1.11%"
"2024-04-04","5,147.21","5,244.05","5,256.59","5,146.06","","-1.23%"
"2024-04-03","5,211.49","5,194.37","5,228.75","5,194.37","","0.11%"
"2024-04-02","5,205.81","5,204.29","5,208.34","5,184.05","","-0.72%"
"2024-04-01","5,243.77","5,257.97","5,263.95","5,229.20","","-0.20%"
"2024-03-28","5,254.35","5,248.03","5,264.85","5,245.82","","0.11%"
"2024-03-27","5,248.49","5,226.31","5,249.26","5,213.92","","0.86%"
"2024-03-26","5,203.58","5,228.85","5,235.16","5,203.42","","-0.28%"
"2024-03-25","5,218.19","5,219.52","5,229.09","5,216.09","","-0.31%"
"2024-03-22","5,234.18","5,242.48","5,246.09","5,229.87","","-0.14%"
"2024-03-21","5,241.53","5,253.43","5,261.10","5,240.66","","0.32%"
"2024-03-20","5,224.62","5,181.69","5,226.19","5,171.55","","0.89%"
"2024-03-19","5,178.51","5,139.09","5,180.31","5,131.59","","0.56%"
"2024-03-18","5,149.42","5,154.77","5,175.60","5,145.47","","0.63%"
"2024-03-15","5,117.09","5,123.31","5,136.86","5,104.35","","-0.65%"
"2024-03-14","5,150.48","5,175.14","5,176.85","5,123.30","","-0.29%"
"2024-03-13","5,165.31","5,173.49","5,179.14","5,151.88","","-0.19%"
"2024-03-12","5,175.27","5,134.30","5,179.87","5,114.48","","1.12%"
"2024-03-11","5,117.94","5,111.96","5,124.66","5,091.14","","-0.11%"
"2024-03-08","5,123.69","5,164.46","5,189.26","5,117.50","","-0.65%"
"2024-03-07","5,157.36","5,132.38","5,165.62","5,128.21","","1.03%"
"2024-03-06","5,104.76","5,108.03","5,127.97","5,092.22","","0.51%"
"2024-03-05","5,078.65","5,110.52","5,114.54","5,056.82","","-1.02%"
"2024-03-04","5,130.95","5,130.99","5,149.67","5,127.18","","-0.12%"
"2024-03-01","5,137.08","5,098.51","5,140.33","5,094.16","","0.80%"
"2024-02-29","5,096.27","5,085.36","5,104.99","5,061.89","","0.52%"
"2024-02-28","5,069.76","5,067.20","5,077.37","5,058.35","","-0.17%"
"2024-02-27","5,078.18","5,074.60","5,080.69","5,057.29","","0.17%"
"2024-02-26","5,069.53","5,093.00","5,097.66","5,068.91","","-0.38%"
"2024-02-23","5,088.80","5,100.92","5,111.06","5,081.46","","0.03%"
"2024-02-22","5,087.03","5,038.83","5,094.39","5,038.83","","2.11%"
"2024-02-21","4,981.80","4,963.03","4,983.21","4,946.00","","0.13%"
"2024-02-20","4,975.51","4,989.32","4,993.71","4,955.02","","-0.60%"
"2024-02-16","5,005.57","5,031.13","5,038.70","4,999.52","","-0.48%"
"2024-02-15","5,029.73","5,003.14","5,032.72","4,999.44","","0.58%"
"2024-02-14","5,000.62","4,976.44","5,002.52","4,956.45","","0.96%"
"2024-02-13","4,953.17","4,967.94","4,971.30","4,920.31","","-1.37%"
"2024-02-12","5,021.84","5,026.83","5,048.39","5,016.83","","-0.09%"
"2024-02-09","5,026.61","5,004.17","5,030.06","5,000.34","","0.57%"
"2024-02-08","4,997.91","4,995.16","5,000.40","4,987.09","","0.06%"
"2024-02-07","4,995.06","4,973.05","4,999.89","4,969.05","","0.82%"
"2024-02-06","4,954.23","4,950.16","4,957.77","4,934.88","","0.23%"
"2024-02-05","4,942.81","4,957.19","4,957.19","4,918.09","","-0.32%"
"2024-02-02","4,958.61","4,916.06","4,975.29","4,907.99","","1.07%"
"2024-02-01","4,906.19","4,861.11","4,906.97","4,853.52","","1.25%"
"2024-01-31","4,845.65","4,899.19","4,906.75","4,845.15","","-1.61%"
"2024-01-30","4,924.97","4,925.89","4,931.09","4,916.27","","-0.06%"
"2024-01-29","4,927.93","4,892.95","4,929.31","4,887.40","","0.76%"
"2024-01-26","4,890.97","4,888.91","4,906.69","4,881.47","","-0.07%"
"2024-01-25","4,894.16","4,886.66","4,898.15","4,869.34","","0.53%"
"2024-01-24","4,868.55","4,888.56","4,903.68","4,865.94","","0.08%"
"2024-01-23","4,864.60","4,856.80","4,866.48","4,844.37","","0.29%"
"2024-01-22","4,850.43","4,853.42","4,868.41","4,844.05","","0.22%"
"2024-01-19","4,839.81","4,796.28","4,842.07","4,785.87","","1.23%"
"2024-01-18","4,780.94","4,760.10","4,785.79","4,740.57","","0.88%"
"2024-01-17","4,739.21","4,739.13","4,744.23","4,714.82","","-0.56%"
"2024-01-16","4,765.98","4,772.35","4,782.34","4,747.12","","-0.37%"
"2024-01-12","4,783.83","4,791.18","4,802.40","4,768.98","","0.08%"
"2024-01-11","4,780.24","4,792.13","4,798.50","4,739.58","","-0.07%"
"2024-01-10","4,783.45","4,759.94","4,790.80","4,756.20","","0.57%"
"2024-01-09","4,756.50","4,741.93","4,765.47","4,730.35","","-0.15%"
"2024-01-08","4,763.54","4,703.70","4,764.54","4,699.82","","1.41%"
"2024-01-05","4,697.24","4,690.57","4,721.49","4,682.11","","0.18%"
"2024-01-04","4,688.68","4,697.42","4,726.78","4,687.53","","-0.34%"
"2024-01-03","4,704.81","4,725.07","4,729.29","4,699.71","","-0.80%"
"2024-01-02","4,742.83","4,745.20","4,754.33","4,722.67","","-0.57%"
"2023-12-29","4,769.83","4,782.88","4,788.43","4,751.99","","-0.28%"
"2023-12-28","4,783.35","4,786.44","4,793.30","4,780.98","","0.04%"
"2023-12-27","4,781.58","4,773.45","4,785.39","4,768.90","","0.14%"
"2023-12-26","4,774.75","4,758.86","4,784.72","4,758.45","","0.42%"
"2023-12-22","4,754.63","4,753.92","4,772.94","4,736.77","","0.17%"
"2023-12-21","4,746.75","4,724.29","4,748.71","4,708.35","","1.03%"
"2023-12-20","4,698.35","4,764.73","4,778.01","4,697.82","","-1.47%"
"2023-12-19","4,768.37","4,743.72","4,768.69","4,743.72","","0.59%"
"2023-12-18","4,740.56","4,725.58","4,749.52","4,725.58","","0.45%"
"2023-12-15","4,719.19","4,714.23","4,725.53","4,704.69","","-0.01%"
"2023-12-14","4,719.55","4,721.04","4,738.57","4,694.34","","0.26%"
"2023-12-13","4,707.09","4,646.20","4,709.69","4,643.23","","1.37%"
"2023-12-12","4,643.70","4,618.30","4,643.93","4,608.09","","0.46%"
"2023-12-11","4,622.44","4,593.39","4,623.71","4,593.39","","0.39%"
"2023-12-08","4,604.37","4,576.20","4,609.23","4,574.06","","0.41%"
"2023-12-07","4,585.59","4,568.84","4,590.92","4,565.22","","0.80%"
"2023-12-06","4,549.34","4,586.23","4,590.74","4,546.50","","-0.39%"
"2023-12-05","4,567.18","4,557.25","4,578.56","4,551.68","","-0.06%"
"2023-12-04","4,569.78","4,564.37","4,572.37","4,546.72","","-0.54%"
"2023-12-01","4,594.63","4,559.43","4,599.39","4,554.71","","0.59%"
"2023-11-30","4,567.80","4,554.87","4,569.89","4,537.24","","0.38%"
"2023-11-29","4,550.58","4,571.84","4,587.64","4,547.15","","-0.09%"
"2023-11-28","4,554.89","4,545.55","4,568.14","4,540.51","","0.10%"
"2023-11-27","4,550.43","4,554.86","4,560.52","4,546.32","","-0.20%"
"2023-11-24","4,559.34","4,555.84","4,560.31","4,552.80","","0.06%"
"2023-11-22","4,556.62","4,553.04","4,568.43","4,545.05","","0.41%"
"2023-11-21","4,538.19","4,538.77","4,542.14","4,525.51","","-0.20%"
"2023-11-20","4,547.38","4,511.70","4,557.11","4,510.36","","0.74%"
"2023-11-17","4,514.02","4,509.55","4,520.12","4,499.66","","0.13%"
"2023-11-16","4,508.24","4,497.08","4,511.99","4,487.83","","0.12%"
"2023-11-15","4,502.88","4,505.30","4,521.17","4,495.31","","0.16%"
"2023-11-14","4,495.70","4,458.97","4,508.67","4,458.97","","1.91%"
"2023-11-13","4,411.55","4,406.66","4,421.76","4,393.82","","-0.08%"
"2023-11-10","4,415.24","4,364.15","4,418.03","4,353.34","","1.56%"
"2023-11-09","4,347.35","4,391.41","4,393.40","4,343.94","","-0.81%"
"2023-11-08","4,382.78","4,384.37","4,391.20","4,359.76","","0.10%"
"2023-11-07","4,378.38","4,366.21","4,386.26","4,355.41","","0.28%"
"2023-11-06","4,365.98","4,364.27","4,372.21","4,347.53","","0.18%"
"2023-11-03","4,358.34","4,334.23","4,373.62","4,334.23","","0.94%"
"2023-11-02","4,317.78","4,268.26","4,319.72","4,268.26","","1.89%"
"2023-11-01","4,237.86","4,201.27","4,245.64","4,197.74","","1.05%"
"2023-10-31","4,193.80","4,171.33","4,195.55","4,153.12","","0.65%"
"2023-10-30","4,166.82","4,139.39","4,177.47","4,132.94","","1.20%"
"2023-10-27","4,117.37","4,152.93","4,156.70","4,103.78","","-0.48%"
"2023-10-26","4,137.23","4,175.99","4,183.60","4,127.90","","-1.18%"
"2023-10-25","4,186.77","4,232.42","4,232.42","4,181.42","","-1.43%"
"2023-10-24","4,247.68","4,235.79","4,259.38","4,219.43","","0.73%"
"2023-10-23","4,217.04","4,210.40","4,255.84","4,189.22","","-0.17%"
"2023-10-20","4,224.16","4,273.85","4,276.56","4,223.03","","-1.26%"
"2023-10-19","4,278.00","4,321.36","4,339.54","4,269.69","","-0.85%"
"2023-10-18","4,314.60","4,357.35","4,364.20","4,303.84","","-1.34%"
"2023-10-17","4,373.20","4,345.23","4,393.57","4,337.54","","-0.01%"
"2023-10-16","4,373.63","4,342.37","4,383.33","4,342.37","","1.06%"
"2023-10-13","4,327.78","4,360.49","4,377.10","4,311.97","","-0.50%"
"2023-10-12","4,349.61","4,380.94","4,385.85","4,325.43","","-0.62%"
"2023-10-11","4,376.95","4,366.59","4,378.64","4,345.34","","0.43%"
"2023-10-10","4,358.24","4,339.75","4,385.46","4,339.64","","0.52%"
"2023-10-09","4,335.66","4,289.02","4,341.73","4,283.79","","0.63%"
"2023-10-06","4,308.50","4,234.79","4,324.10","4,219.55","","1.18%"
"2023-10-05","4,258.19","4,259.31","4,267.13","4,225.91","","-0.13%"
"2023-10-04","4,263.75","4,233.83","4,268.50","4,220.48","","0.81%"
"2023-10-03","4,229.45","4,269.75","4,281.15","4,216.45","","-1.37%"
"2023-10-02","4,288.39","4,284.52","4,300.58","4,260.21","","0.01%"
"2023-09-29","4,288.05","4,328.18","4,333.15","4,274.86","","-0.27%"
"2023-09-28","4,299.70","4,269.65","4,317.27","4,264.38","","0.59%"
"2023-09-27","4,274.51","4,282.63","4,292.07","4,238.63","","0.02%"
"2023-09-26","4,273.53","4,312.88","4,313.01","4,265.98","","-1.47%"
"2023-09-25","4,337.44","4,310.62","4,338.51","4,302.70","","0.40%"
"2023-09-22","4,320.06","4,341.74","4,357.40","4,316.49","","-0.23%"
"2023-09-21","4,330.00","4,374.36","4,375.70","4,329.17","","-1.64%"
"2023-09-20","4,402.20","4,452.81","4,461.03","4,401.38","","-0.94%"
"2023-09-19","4,443.95","4,445.41","4,449.85","4,416.61","","-0.22%"
"2023-09-18","4,453.53","4,445.13","4,466.36","4,442.11","","0.07%"
"2023-09-15","4,450.32","4,497.98","4,497.98","4,447.21","","-1.22%"
"2023-09-14","4,505.10","4,487.78","4,511.99","4,478.69","","0.84%"
"2023-09-13","4,467.44","4,462.65","4,479.39","4,453.52","","0.12%"
"2023-09-12","4,461.90","4,473.27","4,487.11","4,456.83","","-0.57%"
"2023-09-11","4,487.46","4,480.98","4,490.77","4,467.89","","0.67%"
"2023-09-08","4,457.49","4,451.30","4,473.53","4,448.38","","0.14%"
"2023-09-07","4,451.14","4,434.55","4,457.81","4,430.46","","-0.32%"
"2023-09-06","4,465.48","4,490.35","4,490.35","4,442.38","","-0.70%"
"2023-09-05","4,496.83","4,510.06","4,514.29","4,496.01","","-0.42%"
"2023-09-01","4,515.77","4,530.60","4,541.25","4,501.35","","0.18%"
"2023-08-31","4,507.66","4,517.01","4,532.26","4,507.39","","-0.16%"
"2023-08-30","4,514.87","4,500.34","4,521.65","4,493.59","","0.38%"
"2023-08-29","4,497.63","4,432.75","4,500.14","4,431.68","","1.45%"
"2023-08-28","4,433.31","4,426.03","4,439.56","4,414.98","","0.63%"
"2023-08-25","4,405.71","4,389.38","4,418.46","4,356.29","","0.67%"
"2023-08-24","4,376.31","4,455.16","4,458.30","4,375.55","","-1.35%"
"2023-08-23","4,436.01","4,396.44","4,443.18","4,396.44","","1.10%"
"2023-08-22","4,387.55","4,415.33","4,418.59","4,382.77","","-0.28%"
"2023-08-21","4,399.77","4,380.28","4,407.55","4,360.30","","0.69%"
"2023-08-18","4,369.71","4,344.88","4,381.82","4,335.31","","-0.01%"
"2023-08-17","4,370.36","4,416.32","4,421.17","4,364.83","","-0.77%"
"2023-08-16","4,404.33","4,433.79","4,449.95","4,403.55","","-0.76%"
"2023-08-15","4,437.86","4,478.87","4,478.87","4,432.19","","-1.16%"
"2023-08-14","4,489.72","4,458.13","4,490.33","4,453.44","","0.58%"
"2023-08-11","4,464.05","4,450.69","4,476.23","4,443.98","","-0.11%"
"2023-08-10","4,468.83","4,487.16","4,527.37","4,457.92","","0.03%"
"2023-08-09","4,467.71","4,501.57","4,502.44","4,461.33","","-0.70%"
"2023-08-08","4,499.38","4,498.03","4,503.31","4,464.39","","-0.42%"
"2023-08-07","4,518.44","4,491.58","4,519.84","4,491.15","","0.90%"
"2023-08-04","4,478.03","4,513.96","4,540.34","4,474.55","","-0.53%"
"2023-08-03","4,501.89","4,494.27","4,519.49","4,485.54","","-0.25%"
"2023-08-02","4,513.39","4,550.93","4,550.93","4,505.75","","-1.38%"
"2023-08-01","4,576.73","4,578.83","4,584.62","4,567.53","","-0.27%"
"2023-07-31","4,588.96","4,584.82","4,594.22","4,573.14","","0.15%"
"2023-07-28","4,582.23","4,565.75","4,590.16","4,564.01","","0.99%"
"2023-07-27","4,537.41","4,598.26","4,607.07","4,528.56","","-0.64%"
"2023-07-26","4,566.75","4,558.96","4,582.47","4,547.58","","-0.02%"
"2023-07-25","4,567.46","4,555.19","4,580.62","4,552.42","","0.28%"
"2023-07-24","4,554.64","4,543.39","4,563.41","4,541.29","","0.40%"
"2023-07-21","4,536.34","4,550.16","4,555.00","4,535.79","","0.03%"
"2023-07-20","4,534.87","4,554.38","4,564.74","4,527.56","","-0.68%"
"2023-07-19","4,565.72","4,563.87","4,578.43","4,557.48","","0.24%"
"2023-07-18","4,554.98","4,521.78","4,562.30","4,514.59","","0.71%"
"2023-07-17","4,522.79","4,508.86","4,532.85","4,504.90","","0.39%"
"2023-07-14","4,505.42","4,514.61","4,527.76","4,499.56","","-0.10%"
"2023-07-13","4,510.04","4,491.50","4,517.38","4,489.36","","0.85%"
"2023-07-12","4,472.16","4,467.69","4,488.34","4,463.23","","0.74%"
"2023-07-11","4,439.26","4,415.55","4,443.64","4,408.46","","0.67%"
"2023-07-10","4,409.53","4,394.23","4,412.60","4,389.92","","0.24%"
"2023-07-07","4,398.95","4,404.54","4,440.39","4,397.40","","-0.29%"
"2023-07-06","4,411.59","4,422.62","4,422.62","4,385.05","","-0.79%"
"2023-07-05","4,446.82","4,442.04","4,454.06","4,436.61","","-0.20%"
"2023-07-03","4,455.59","4,450.48","4,456.46","4,442.29","","0.12%"
"2023-06-30","4,450.38","4,422.44","4,458.48","4,422.44","","1.23%"
"2023-06-29","4,396.44","4,374.94","4,398.39","4,371.97","","0.45%"
"2023-06-28","4,376.86","4,367.48","4,390.35","4,360.22","","-0.04%"
"2023-06-27","4,378.41","4,337.36","4,384.42","4,335.00","","1.15%"
"2023-06-26","4,328.82","4,344.84","4,362.06","4,328.08","","-0.45%"
"2023-06-23","4,348.33","4,354.17","4,366.55","4,341.34","","-0.77%"
"2023-06-22","4,381.89","4,355.40","4,382.25","4,351.82","","0.37%"
"2023-06-21","4,365.69","4,380.01","4,386.22","4,360.14","","-0.52%"
"2023-06-20","4,388.71","4,396.11","4,400.15","4,367.19","","-0.47%"
"2023-06-16","4,409.59","4,440.95","4,448.47","4,407.44","","-0.37%"
"2023-06-15","4,425.84","4,365.33","4,439.20","4,362.60","","1.22%"
"2023-06-14","4,372.59","4,366.29","4,391.82","4,337.85","","0.08%"
"2023-06-13","4,369.01","4,352.61","4,375.37","4,349.31","","0.69%"
"2023-06-12","4,338.93","4,308.32","4,340.13","4,304.37","","0.93%"
"2023-06-09","4,298.86","4,304.88","4,322.62","4,291.70","","0.11%"
"2023-06-08","4,293.93","4,268.69","4,298.01","4,261.07","","0.62%"
"2023-06-07","4,267.52","4,285.47","4,299.19","4,263.96","","-0.38%"
"2023-06-06","4,283.85","4,271.34","4,288.33","4,263.09","","0.24%"
"2023-06-05","4,273.79","4,282.99","4,299.28","4,266.82","","-0.20%"
"2023-06-02","4,282.37","4,241.01","4,290.67","4,241.01","","1.45%"
"2023-06-01","4,221.02","4,183.03","4,232.43","4,171.64","","0.99%"
"2023-05-31","4,179.83","4,190.74","4,195.44","4,166.15","","-0.61%"
"2023-05-30","4,205.52","4,226.71","4,231.10","4,192.18","","0.00%"
"2023-05-26","4,205.45","4,156.16","4,212.87","4,156.16","","1.30%"
"2023-05-25","4,151.28","4,155.71","4,165.74","4,129.73","","0.88%"
"2023-05-24","4,115.24","4,132.96","4,132.96","4,103.98","","-0.73%"
"2023-05-23","4,145.58","4,176.80","4,185.68","4,142.54","","-1.12%"
"2023-05-22","4,192.63","4,190.78","4,209.22","4,179.68","","0.02%"
"2023-05-19","4,191.98","4,204.15","4,212.91","4,180.20","","-0.14%"
"2023-05-18","4,198.05","4,157.68","4,202.20","4,153.50","","0.94%"
"2023-05-17","4,158.77","4,122.85","4,164.67","4,113.62","","1.19%"
"2023-05-16","4,109.90","4,127.95","4,135.54","4,109.86","","-0.64%"
"2023-05-15","4,136.28","4,126.65","4,141.25","4,110.27","","0.30%"
"2023-05-12","4,124.08","4,138.54","4,143.74","4,099.12","","-0.16%"
"2023-05-11","4,130.62","4,132.24","4,132.80","4,109.29","","-0.17%"
"2023-05-10","4,137.64","4,143.74","4,154.28","4,098.92","","0.45%"
"2023-05-09","4,119.17","4,124.25","4,130.35","4,116.65","","-0.46%"
"2023-05-08","4,138.12","4,136.98","4,142.30","4,123.81","","0.05%"
"2023-05-05","4,136.25","4,084.73","4,147.02","4,084.73","","1.85%"
"2023-05-04","4,061.22","4,082.55","4,082.61","4,048.28","","-0.72%"
"2023-05-03","4,090.75","4,122.25","4,148.30","4,088.86","","-0.70%"
"2023-05-02","4,119.58","4,164.10","4,164.10","4,089.72","","-1.16%"
"2023-05-01","4,167.87","4,166.79","4,186.92","4,164.12","","-0.04%"
"2023-04-28","4,169.48","4,129.63","4,170.06","4,127.18","","0.83%"
"2023-04-27","4,135.35","4,075.29","4,138.24","4,075.29","","1.96%"
"2023-04-26","4,055.99","4,087.78","4,089.67","4,049.35","","-0.38%"
"2023-04-25","4,071.63","4,126.43","4,126.43","4,071.38","","-1.58%"
"2023-04-24","4,137.04","4,132.07","4,142.41","4,117.77","","0.09%"
"2023-04-21","4,133.52","4,132.14","4,138.02","4,113.86","","0.09%"
"2023-04-20","4,129.79","4,130.48","4,148.57","4,114.57","","-0.60%"
"2023-04-19","4,154.52","4,139.33","4,162.57","4,134.49","","-0.01%"
"2023-04-18","4,154.87","4,164.26","4,169.48","4,140.36","","0.09%"
"2023-04-17","4,151.32","4,137.17","4,151.72","4,123.18","","0.33%"
"2023-04-14","4,137.64","4,140.11","4,163.19","4,113.20","","-0.21%"
"2023-04-13","4,146.22","4,100.04","4,150.26","4,099.40","","1.33%"
"2023-04-12","4,091.95","4,121.72","4,134.37","4,086.94","","-0.41%"
"2023-04-11","4,108.94","4,110.29","4,124.26","4,102.61","","0.00%"
"2023-04-10","4,109.11","4,085.20","4,109.50","4,072.55","","0.10%"
"2023-04-06","4,105.02","4,081.15","4,107.32","4,069.84","","0.36%"
"2023-04-05","4,090.38","4,094.50","4,099.69","4,072.56","","-0.25%"
"2023-04-04","4,100.60","4,128.03","4,133.13","4,086.87","","-0.58%"
"2023-04-03","4,124.51","4,102.20","4,127.66","4,098.79","","0.37%"
"2023-03-31","4,109.31","4,056.18","4,110.75","4,056.18","","1.44%"
"2023-03-30","4,050.83","4,046.74","4,057.85","4,032.10","","0.57%"
"2023-03-29","4,027.81","3,999.53","4,030.59","3,999.53","","1.42%"
"2023-03-28","3,971.27","3,974.13","3,979.20","3,951.53","","-0.16%"
"2023-03-27","3,977.53","3,982.93","4,003.83","3,970.49","","0.16%"
"2023-03-24","3,970.99","3,939.21","3,972.74","3,909.16","","0.56%"
"2023-03-23","3,948.72","3,959.21","4,007.66","3,919.05","","0.30%"
"2023-03-22","3,936.97","4,002.04","4,039.49","3,936.17","","-1.65%"
"2023-03-21","4,002.87","3,975.89","4,009.08","3,971.19","","1.30%"
"2023-03-20","3,951.57","3,917.47","3,956.62","3,916.89","","0.89%"
"2023-03-17","3,916.64","3,958.69","3,958.91","3,901.27","","-1.10%"
"2023-03-16","3,960.28","3,878.93","3,964.46","3,864.11","","1.76%"
"2023-03-15","3,891.93","3,876.74","3,894.26","3,838.24","","-0.70%"
"2023-03-14","3,919.29","3,894.01","3,937.29","3,873.63","","1.65%"
"2023-03-13","3,855.76","3,835.12","3,905.05","3,808.86","","-0.15%"
"2023-03-10","3,861.59","3,912.77","3,934.05","3,846.32","","-1.45%"
"2023-03-09","3,918.32","3,998.66","4,017.81","3,908.70","","-1.85%"
"2023-03-08","3,992.01","3,987.55","4,000.41","3,969.76","","0.14%"
"2023-03-07","3,986.37","4,048.26","4,050.00","3,980.31","","-1.53%"
"2023-03-06","4,048.42","4,055.15","4,078.49","4,044.61","","0.07%"
"2023-03-03","4,045.64","3,998.02","4,048.29","3,995.17","","1.61%"
"2023-03-02","3,981.35","3,938.68","3,990.84","3,928.16","","0.76%"
"2023-03-01","3,951.39","3,963.34","3,971.73","3,939.05","","-0.47%"
"2023-02-28","3,970.15","3,977.19","3,997.50","3,968.98","","-0.30%"
"2023-02-27","3,982.24","3,992.36","4,018.05","3,973.55","","0.31%"
"2023-02-24","3,970.04","3,973.24","3,978.25","3,943.08","","-1.05%"
"2023-02-23","4,012.32","4,018.60","4,028.30","3,969.19","","0.53%"
"2023-02-22","3,991.05","4,001.83","4,017.37","3,976.90","","-0.16%"
"2023-02-21","3,997.34","4,052.35","4,052.35","3,995.19","","-2.00%"
"2023-02-17","4,079.09","4,077.39","4,081.51","4,047.95","","-0.28%"
"2023-02-16","4,090.41","4,114.75","4,136.54","4,089.49","","-1.38%"
"2023-02-15","4,147.60","4,119.50","4,148.11","4,103.98","","0.28%"
"2023-02-14","4,136.13","4,126.70","4,159.77","4,095.01","","-0.03%"
"2023-02-13","4,137.29","4,096.62","4,138.90","4,092.67","","1.14%"
"2023-02-10","4,090.46","4,068.92","4,094.36","4,060.79","","0.22%"
"2023-02-09","4,081.50","4,144.25","4,156.23","4,069.67","","-0.88%"
"2023-02-08","4,117.86","4,153.47","4,156.85","4,111.67","","-1.11%"
"2023-02-07","4,164.00","4,105.35","4,176.54","4,088.39","","1.29%"
"2023-02-06","4,111.08","4,119.57","4,124.63","4,093.38","","-0.61%"
"2023-02-03","4,136.48","4,136.69","4,182.36","4,123.36","","-1.04%"
"2023-02-02","4,179.76","4,158.68","4,195.44","4,141.88","","1.47%"
"2023-02-01","4,119.21","4,070.07","4,148.95","4,037.20","","1.05%"
"2023-01-31","4,076.60","4,020.85","4,077.16","4,020.44","","1.46%"
"2023-01-30","4,017.77","4,049.27","4,063.85","4,015.55","","-1.30%"
"2023-01-27","4,070.56","4,053.72","4,094.21","4,048.70","","0.25%"
"2023-01-26","4,060.43","4,036.08","4,061.57","4,013.29","","1.10%"
"2023-01-25","4,016.22","3,982.71","4,019.55","3,949.06","","-0.02%"
"2023-01-24","4,016.95","4,001.74","4,023.92","3,989.79","","-0.07%"
"2023-01-23","4,019.81","3,978.14","4,039.31","3,971.64","","1.19%"
"2023-01-20","3,972.61","3,909.04","3,972.96","3,897.86","","1.89%"
"2023-01-19","3,898.85","3,911.84","3,922.94","3,885.54","","-0.76%"
"2023-01-18","3,928.86","4,002.25","4,014.16","3,926.59","","-1.56%"
"2023-01-17","3,990.97","3,999.28","4,015.39","3,984.57","","-0.20%"
"2023-01-13","3,999.09","3,960.60","4,003.95","3,947.67","","0.40%"
"2023-01-12","3,983.17","3,977.57","3,997.76","3,937.56","","0.34%"
"2023-01-11","3,969.61","3,932.35","3,970.07","3,928.54","","1.28%"
"2023-01-10","3,919.25","3,888.57","3,919.83","3,877.29","","0.70%"
"2023-01-09","3,892.09","3,910.82","3,950.57","3,890.42","","-0.08%"
"2023-01-06","3,895.08","3,823.37","3,906.19","3,809.56","","2.28%"
"2023-01-05","3,808.10","3,839.74","3,839.74","3,802.42","","-1.16%"
"2023-01-04","3,852.97","3,840.36","3,873.16","3,815.77","","0.75%"
"2023-01-03","3,824.14","3,853.29","3,878.46","3,794.33","","-0.40%"
"2022-12-30","3,839.50","3,829.06","3,839.85","3,800.34","","-0.25%"
"2022-12-29","3,849.28","3,805.45","3,858.19","3,805.45","","1.75%"
"2022-12-28","3,783.22","3,829.56","3,848.32","3,780.78","","-1.20%"
"2022-12-27","3,829.25","3,843.34","3,846.65","3,813.22","","-0.40%"
"2022-12-23","3,844.82","3,815.11","3,845.80","3,797.01","","0.59%"
"2022-12-22","3,822.39","3,853.26","3,853.26","3,764.49","","-1.45%"
"2022-12-21","3,878.44","3,839.49","3,889.82","3,839.49","","1.49%"
"2022-12-20","3,821.62","3,810.47","3,838.24","3,795.62","","0.10%"
"2022-12-19","3,817.66","3,853.79","3,854.86","3,800.04","","-0.90%"
"2022-12-16","3,852.36","3,890.91","3,890.91","3,827.91","","-1.11%"
"2022-12-15","3,895.75","3,958.37","3,958.37","3,879.45","","-2.49%"
"2022-12-14","3,995.32","4,015.54","4,053.76","3,965.65","","-0.61%"
"2022-12-13","4,019.65","4,069.38","4,100.96","3,993.03","","0.73%"
"2022-12-12","3,990.56","3,939.29","3,990.71","3,935.30","","1.43%"
"2022-12-09","3,934.38","3,954.17","3,977.02","3,933.04","","-0.73%"
"2022-12-08","3,963.51","3,947.79","3,974.19","3,935.83","","0.75%"
"2022-12-07","3,933.92","3,933.28","3,957.57","3,922.68","","-0.19%"
"2022-12-06","3,941.26","3,996.63","4,001.51","3,918.39","","-1.44%"
"2022-12-05","3,998.84","4,052.02","4,052.45","3,984.49","","-1.79%"
"2022-12-02","4,071.70","4,040.17","4,080.48","4,026.63","","-0.12%"
"2022-12-01","4,076.57","4,087.14","4,100.51","4,050.87","","-0.09%"
"2022-11-30","4,080.11","3,957.18","4,080.11","3,938.58","","3.09%"
"2022-11-29","3,957.63","3,964.19","3,976.77","3,937.65","","-0.16%"
"2022-11-28","3,963.94","4,005.36","4,012.27","3,955.77","","-1.54%"
"2022-11-25","4,026.12","4,023.34","4,034.02","4,020.76","","-0.03%"
"2022-11-23","4,027.26","4,000.30","4,033.78","3,998.66","","0.59%"
"2022-11-22","4,003.58","3,965.51","4,005.88","3,956.88","","1.36%"
"2022-11-21","3,949.94","3,956.23","3,962.00","3,933.34","","-0.39%"
"2022-11-18","3,965.34","3,966.39","3,979.89","3,935.98","","0.48%"
"2022-11-17","3,946.56","3,919.26","3,954.33","3,906.54","","-0.31%"
"2022-11-16","3,958.79","3,976.82","3,983.09","3,954.34","","-0.83%"
"2022-11-15","3,991.73","4,006.41","4,028.84","3,953.17","","0.87%"
"2022-11-14","3,957.25","3,977.97","4,008.97","3,956.40","","-0.89%"
"2022-11-11","3,992.93","3,963.72","4,001.48","3,944.82","","0.92%"
"2022-11-10","3,956.37","3,859.89","3,958.33","3,859.89","","5.54%"
"2022-11-09","3,748.57","3,810.94","3,818.20","3,744.22","","-2.08%"
"2022-11-08","3,828.11","3,817.02","3,859.40","3,786.28","","0.56%"
"2022-11-07","3,806.80","3,780.71","3,813.95","3,764.70","","0.96%"
"2022-11-04","3,770.55","3,766.98","3,796.34","3,708.84","","1.36%"
"2022-11-03","3,719.89","3,733.25","3,750.59","3,698.15","","-1.06%"
"2022-11-02","3,759.69","3,852.90","3,894.44","3,758.68","","-2.50%"
"2022-11-01","3,856.10","3,901.79","3,911.79","3,843.80","","-0.41%"
"2022-10-31","3,871.98","3,881.85","3,893.73","3,863.18","","-0.75%"
"2022-10-28","3,901.06","3,808.26","3,905.42","3,808.26","","2.46%"
"2022-10-27","3,807.30","3,834.69","3,859.95","3,803.79","","-0.61%"
"2022-10-26","3,830.60","3,825.97","3,886.15","3,824.07","","-0.74%"
"2022-10-25","3,859.11","3,799.44","3,862.85","3,799.44","","1.63%"
"2022-10-24","3,797.34","3,762.01","3,810.74","3,741.65","","1.19%"
"2022-10-21","3,752.75","3,657.10","3,757.89","3,647.42","","2.37%"
"2022-10-20","3,665.78","3,689.05","3,736.00","3,656.44","","-0.80%"
"2022-10-19","3,695.16","3,703.11","3,728.58","3,666.51","","-0.67%"
"2022-10-18","3,719.98","3,746.26","3,762.79","3,686.53","","1.14%"
"2022-10-17","3,677.95","3,638.65","3,689.73","3,638.65","","2.65%"
"2022-10-14","3,583.07","3,690.41","3,712.00","3,579.68","","-2.37%"
"2022-10-13","3,669.91","3,520.37","3,685.41","3,491.58","","2.60%"
"2022-10-12","3,577.03","3,590.83","3,608.34","3,573.86","","-0.33%"
"2022-10-11","3,588.84","3,595.86","3,640.66","3,568.45","","-0.65%"
"2022-10-10","3,612.39","3,647.51","3,652.17","3,588.10","","-0.75%"
"2022-10-07","3,639.66","3,706.74","3,706.74","3,620.73","","-2.80%"
"2022-10-06","3,744.52","3,771.97","3,797.93","3,739.22","","-1.02%"
"2022-10-05","3,783.28","3,753.25","3,806.91","3,722.66","","-0.20%"
"2022-10-04","3,790.93","3,726.46","3,791.92","3,726.46","","3.06%"
"2022-10-03","3,678.43","3,609.78","3,698.35","3,604.93","","2.59%"
"2022-09-30","3,585.62","3,633.48","3,671.44","3,584.13","","-1.51%"
"2022-09-29","3,640.47","3,687.01","3,687.01","3,610.40","","-2.11%"
"2022-09-28","3,719.04","3,651.94","3,736.74","3,640.61","","1.97%"
"2022-09-27","3,647.29","3,686.44","3,717.53","3,623.29","","-0.21%"
"2022-09-26","3,655.04","3,682.72","3,715.67","3,644.76","","-1.03%"
"2022-09-23","3,693.23","3,727.14","3,727.14","3,647.47","","-1.72%"
"2022-09-22","3,757.99","3,782.36","3,790.90","3,749.45","","-0.84%"
"2022-09-21","3,789.93","3,871.40","3,907.07","3,789.49","","-1.71%"
"2022-09-20","3,855.93","3,875.23","3,876.01","3,827.54","","-1.13%"
"2022-09-19","3,899.89","3,849.91","3,900.45","3,838.50","","0.69%"
"2022-09-16","3,873.33","3,880.95","3,880.95","3,837.08","","-0.72%"
"2022-09-15","3,901.35","3,932.41","3,959.14","3,888.28","","-1.13%"
"2022-09-14","3,946.01","3,940.73","3,961.94","3,912.18","","0.34%"
"2022-09-13","3,932.69","4,037.12","4,037.12","3,921.28","","-4.32%"
"2022-09-12","4,110.41","4,083.67","4,119.28","4,083.67","","1.06%"
"2022-09-09","4,067.36","4,022.94","4,076.81","4,022.94","","1.53%"
"2022-09-08","4,006.18","3,959.94","4,010.50","3,944.81","","0.66%"
"2022-09-07","3,979.87","3,909.43","3,987.89","3,906.03","","1.83%"
"2022-09-06","3,908.19","3,930.89","3,942.55","3,886.75","","-0.41%"
"2022-09-02","3,924.26","3,994.66","4,018.43","3,906.21","","-1.07%"
"2022-09-01","3,966.85","3,936.73","3,970.23","3,903.65","","0.30%"
"2022-08-31","3,955.00","4,000.67","4,015.37","3,954.53","","-0.78%"
"2022-08-30","3,986.16","4,041.25","4,044.98","3,965.21","","-1.10%"
"2022-08-29","4,030.61","4,034.58","4,062.99","4,017.42","","-0.67%"
"2022-08-26","4,057.66","4,198.74","4,203.04","4,057.66","","-3.37%"
"2022-08-25","4,199.12","4,153.26","4,200.54","4,147.59","","1.41%"
"2022-08-24","4,140.77","4,126.55","4,156.56","4,119.97","","0.29%"
"2022-08-23","4,128.73","4,133.09","4,159.77","4,124.03","","-0.22%"
"2022-08-22","4,137.99","4,195.08","4,195.08","4,129.86","","-2.14%"
"2022-08-19","4,228.48","4,266.31","4,266.31","4,218.70","","-1.29%"
"2022-08-18","4,283.74","4,273.13","4,292.53","4,261.98","","0.23%"
"2022-08-17","4,274.04","4,280.40","4,302.18","4,253.08","","-0.72%"
"2022-08-16","4,305.20","4,290.46","4,325.28","4,277.77","","0.19%"
"2022-08-15","4,297.14","4,269.37","4,301.79","4,256.90","","0.40%"
"2022-08-12","4,280.15","4,225.02","4,280.47","4,219.78","","1.73%"
"2022-08-11","4,207.27","4,227.40","4,257.91","4,201.41","","-0.07%"
"2022-08-10","4,210.24","4,181.02","4,211.03","4,177.26","","2.13%"
"2022-08-09","4,122.47","4,133.11","4,137.30","4,112.09","","-0.42%"
"2022-08-08","4,140.06","4,155.93","4,186.62","4,128.97","","-0.12%"
"2022-08-05","4,145.19","4,115.87","4,151.58","4,107.31","","-0.16%"
"2022-08-04","4,151.94","4,154.85","4,161.29","4,135.42","","-0.08%"
"2022-08-03","4,155.17","4,107.96","4,167.66","4,107.96","","1.56%"
"2022-08-02","4,091.19","4,104.21","4,140.47","4,079.81","","-0.67%"
"2022-08-01","4,118.63","4,112.38","4,144.95","4,096.02","","-0.28%"
"2022-07-29","4,130.29","4,087.33","4,140.15","4,079.22","","1.42%"
"2022-07-28","4,072.43","4,026.13","4,078.95","3,992.97","","1.21%"
"2022-07-27","4,023.61","3,951.43","4,039.56","3,951.43","","2.62%"
"2022-07-26","3,921.05","3,953.22","3,953.22","3,910.74","","-1.15%"
"2022-07-25","3,966.84","3,965.72","3,975.30","3,943.46","","0.13%"
"2022-07-22","3,961.63","3,998.43","4,012.44","3,938.86","","-0.93%"
"2022-07-21","3,998.95","3,955.47","3,999.29","3,927.64","","0.99%"
"2022-07-20","3,959.90","3,935.32","3,974.13","3,922.03","","0.59%"
"2022-07-19","3,936.69","3,860.73","3,939.81","3,860.73","","2.76%"
"2022-07-18","3,830.85","3,883.79","3,902.44","3,818.63","","-0.84%"
"2022-07-15","3,863.16","3,818.00","3,863.62","3,817.18","","1.92%"
"2022-07-14","3,790.38","3,763.99","3,796.41","3,721.56","","-0.30%"
"2022-07-13","3,801.78","3,779.67","3,829.44","3,759.07","","-0.45%"
"2022-07-12","3,818.80","3,851.95","3,873.41","3,802.36","","-0.92%"
"2022-07-11","3,854.43","3,880.94","3,880.94","3,847.22","","-1.15%"
"2022-07-08","3,899.38","3,888.26","3,918.50","3,869.34","","-0.08%"
"2022-07-07","3,902.62","3,858.85","3,910.63","3,858.85","","1.50%"
"2022-07-06","3,845.08","3,831.98","3,870.91","3,809.37","","0.36%"
"2022-07-05","3,831.39","3,792.61","3,832.19","3,742.06","","0.16%"
"2022-07-01","3,825.33","3,781.00","3,829.82","3,752.10","","1.06%"
"2022-06-30","3,785.38","3,785.99","3,818.99","3,738.67","","-0.88%"
"2022-06-29","3,818.83","3,825.09","3,836.50","3,799.02","","-0.07%"
"2022-06-28","3,821.55","3,913.00","3,945.86","3,820.14","","-2.01%"
"2022-06-27","3,900.11","3,920.76","3,927.72","3,889.66","","-0.30%"
"2022-06-24","3,911.74","3,821.75","3,913.65","3,821.75","","3.06%"
"2022-06-23","3,795.73","3,774.71","3,802.58","3,743.52","","0.95%"
"2022-06-22","3,759.89","3,733.89","3,801.79","3,717.69","","-0.13%"
"2022-06-21","3,764.79","3,715.31","3,779.65","3,715.31","","2.45%"
"2022-06-17","3,674.84","3,665.90","3,707.71","3,636.87","","0.22%"
"2022-06-16","3,666.77","3,728.18","3,728.18","3,639.77","","-3.25%"
"2022-06-15","3,789.99","3,764.05","3,837.56","3,722.30","","1.46%"
"2022-06-14","3,735.48","3,763.52","3,778.18","3,705.68","","-0.38%"
"2022-06-13","3,749.63","3,838.15","3,838.15","3,734.30","","-3.88%"
"2022-06-10","3,900.86","3,974.39","3,974.39","3,900.16","","-2.91%"
"2022-06-09","4,017.82","4,101.65","4,119.10","4,017.17","","-2.38%"
"2022-06-08","4,115.77","4,147.12","4,160.14","4,107.20","","-1.08%"
"2022-06-07","4,160.68","4,096.47","4,164.86","4,080.19","","0.95%"
"2022-06-06","4,121.43","4,134.72","4,168.78","4,109.18","","0.31%"
"2022-06-03","4,108.54","4,137.57","4,142.67","4,098.67","","-1.63%"
"2022-06-02","4,176.82","4,095.41","4,177.51","4,074.37","","1.84%"
"2022-06-01","4,101.23","4,149.78","4,166.54","4,073.85","","-0.75%"
"2022-05-31","4,132.15","4,151.09","4,168.34","4,104.88","","-0.63%"
"2022-05-27","4,158.24","4,077.43","4,158.49","4,077.43","","2.47%"
"2022-05-26","4,057.84","3,984.60","4,075.14","3,984.60","","1.99%"
"2022-05-25","3,978.73","3,929.59","3,999.33","3,925.03","","0.95%"
"2022-05-24","3,941.48","3,942.94","3,955.68","3,875.13","","-0.81%"
"2022-05-23","3,973.75","3,919.42","3,981.88","3,909.04","","1.86%"
"2022-05-20","3,901.36","3,927.76","3,943.42","3,810.32","","0.01%"
"2022-05-19","3,900.79","3,899.00","3,945.96","3,876.58","","-0.58%"
"2022-05-18","3,923.68","4,051.98","4,051.98","3,911.91","","-4.04%"
"2022-05-17","4,088.85","4,052.00","4,090.72","4,033.93","","2.02%"
"2022-05-16","4,008.01","4,013.02","4,046.46","3,983.99","","-0.39%"
"2022-05-13","4,023.89","3,963.90","4,038.88","3,963.90","","2.39%"
"2022-05-12","3,930.08","3,903.95","3,964.80","3,858.87","","-0.13%"
"2022-05-11","3,935.18","3,990.08","4,049.09","3,928.82","","-1.65%"
"2022-05-10","4,001.05","4,035.18","4,068.82","3,958.17","","0.25%"
"2022-05-09","3,991.24","4,081.27","4,081.27","3,975.48","","-3.20%"
"2022-05-06","4,123.34","4,128.17","4,157.69","4,067.91","","-0.57%"
"2022-05-05","4,146.87","4,270.43","4,270.43","4,106.01","","-3.56%"
"2022-05-04","4,300.17","4,181.18","4,307.66","4,148.91","","2.99%"
"2022-05-03","4,175.48","4,159.78","4,200.10","4,147.08","","0.48%"
"2022-05-02","4,155.38","4,130.61","4,169.81","4,062.51","","0.57%"
"2022-04-29","4,131.93","4,253.75","4,269.68","4,124.28","","-3.63%"
"2022-04-28","4,287.50","4,222.58","4,308.45","4,188.63","","2.47%"
"2022-04-27","4,183.96","4,186.52","4,240.71","4,162.90","","0.21%"
"2022-04-26","4,175.20","4,278.14","4,278.14","4,175.04","","-2.81%"
"2022-04-25","4,296.12","4,255.34","4,299.02","4,200.82","","0.57%"
"2022-04-22","4,271.78","4,385.83","4,385.83","4,267.62","","-2.77%"
"2022-04-21","4,393.66","4,489.17","4,512.94","4,384.47","","-1.48%"
"2022-04-20","4,459.45","4,472.26","4,488.29","4,448.76","","-0.06%"
"2022-04-19","4,462.21","4,390.63","4,471.03","4,390.63","","1.61%"
"2022-04-18","4,391.69","4,385.63","4,410.31","4,370.30","","-0.02%"
"2022-04-14","4,392.59","4,449.12","4,460.46","4,390.77","","-1.21%"
"2022-04-13","4,446.59","4,394.30","4,453.92","4,392.70","","1.12%"
"2022-04-12","4,397.45","4,437.59","4,471.00","4,381.34","","-0.34%"
"2022-04-11","4,412.53","4,462.64","4,464.35","4,408.38","","-1.69%"
"2022-04-08","4,488.28","4,494.15","4,520.41","4,474.60","","-0.27%"
"2022-04-07","4,500.21","4,474.65","4,521.16","4,450.30","","0.43%"
"2022-04-06","4,481.15","4,494.17","4,503.94","4,450.04","","-0.97%"
"2022-04-05","4,525.12","4,572.45","4,593.45","4,514.17","","-1.26%"
"2022-04-04","4,582.64","4,547.97","4,583.50","4,539.21","","0.81%"
"2022-04-01","4,545.86","4,540.32","4,548.70","4,507.57","","0.34%"
"2022-03-31","4,530.41","4,599.02","4,603.07","4,530.41","","-1.57%"
"2022-03-30","4,602.45","4,624.20","4,627.77","4,581.32","","-0.63%"
"2022-03-29","4,631.60","4,602.86","4,637.30","4,589.66","","1.23%"
"2022-03-28","4,575.52","4,541.09","4,575.65","4,517.69","","0.71%"
"2022-03-25","4,543.06","4,522.91","4,546.03","4,501.07","","0.51%"
"2022-03-24","4,520.16","4,469.98","4,520.58","4,465.17","","1.43%"
"2022-03-23","4,456.24","4,493.10","4,501.07","4,455.81","","-1.23%"
"2022-03-22","4,511.61","4,469.10","4,522.00","4,469.10","","1.13%"
"2022-03-21","4,461.18","4,462.40","4,481.75","4,424.30","","-0.04%"
"2022-03-18","4,463.12","4,407.34","4,465.40","4,390.57","","1.17%"
"2022-03-17","4,411.67","4,345.11","4,412.67","4,335.65","","1.23%"
"2022-03-16","4,357.86","4,288.14","4,358.90","4,251.99","","2.24%"
"2022-03-15","4,262.45","4,188.82","4,271.05","4,187.90","","2.14%"
"2022-03-14","4,173.11","4,202.75","4,247.57","4,161.72","","-0.74%"
"2022-03-11","4,204.31","4,279.50","4,291.01","4,200.49","","-1.30%"
"2022-03-10","4,259.52","4,252.55","4,268.28","4,209.80","","-0.43%"
"2022-03-09","4,277.88","4,223.10","4,299.40","4,223.10","","2.57%"
"2022-03-08","4,170.70","4,202.66","4,276.94","4,157.87","","-0.72%"
"2022-03-07","4,201.09","4,327.01","4,327.01","4,199.85","","-2.95%"
"2022-03-04","4,328.87","4,342.12","4,342.12","4,284.98","","-0.79%"
"2022-03-03","4,363.49","4,401.31","4,416.78","4,345.56","","-0.53%"
"2022-03-02","4,386.54","4,322.56","4,401.48","4,322.56","","1.86%"
"2022-03-01","4,306.26","4,363.14","4,378.45","4,279.54","","-1.55%"
"2022-02-28","4,373.94","4,354.17","4,388.84","4,315.12","","-0.24%"
"2022-02-25","4,384.65","4,298.38","4,385.34","4,286.83","","2.24%"
"2022-02-24","4,288.70","4,155.77","4,294.73","4,114.65","","1.50%"
"2022-02-23","4,225.50","4,324.93","4,341.51","4,221.51","","-1.84%"
"2022-02-22","4,304.76","4,332.74","4,362.12","4,267.11","","-1.01%"
"2022-02-18","4,348.87","4,384.57","4,394.60","4,327.22","","-0.72%"
"2022-02-17","4,380.26","4,456.06","4,456.06","4,373.81","","-2.12%"
"2022-02-16","4,475.01","4,455.75","4,489.55","4,429.68","","0.09%"
"2022-02-15","4,471.07","4,429.28","4,472.77","4,429.28","","1.58%"
"2022-02-14","4,401.67","4,412.61","4,426.22","4,364.84","","-0.38%"
"2022-02-11","4,418.64","4,506.27","4,526.33","4,401.41","","-1.90%"
"2022-02-10","4,504.10","4,553.20","4,588.90","4,484.30","","-1.81%"
"2022-02-09","4,587.20","4,547.00","4,590.00","4,547.00","","1.45%"
"2022-02-08","4,521.50","4,480.00","4,531.30","4,465.40","","0.84%"
"2022-02-07","4,483.90","4,505.80","4,521.90","4,471.50","","-0.37%"
"2022-02-04","4,500.50","4,482.80","4,539.70","4,451.50","","0.52%"
"2022-02-03","4,477.40","4,535.40","4,542.90","4,470.40","","-2.44%"
"2022-02-02","4,589.40","4,566.40","4,595.30","4,544.30","","0.94%"
"2022-02-01","4,546.50","4,519.60","4,550.50","4,483.50","","0.68%"
"2022-01-31","4,515.60","4,431.80","4,516.90","4,414.00","","1.89%"
"2022-01-28","4,431.90","4,336.20","4,432.70","4,292.50","","2.44%"
"2022-01-27","4,326.50","4,380.60","4,428.70","4,309.50","","-0.54%"
"2022-01-26","4,349.90","4,408.40","4,453.20","4,304.80","","-0.15%"
"2022-01-25","4,356.40","4,366.60","4,411.00","4,287.10","","-1.22%"
"2022-01-24","4,410.10","4,356.30","4,417.40","4,222.60","","0.28%"
"2022-01-21","4,397.90","4,471.40","4,494.50","4,395.30","","-1.89%"
"2022-01-20","4,482.70","4,547.40","4,602.10","4,477.90","","-1.11%"
"2022-01-19","4,532.80","4,588.00","4,611.60","4,530.20","","-0.97%"
"2022-01-18","4,577.10","4,632.20","4,632.20","4,568.70","","-1.84%"
"2022-01-14","4,662.90","4,638.00","4,665.10","4,614.80","","0.08%"
"2022-01-13","4,659.00","4,733.60","4,744.10","4,650.30","","-1.43%"
"2022-01-12","4,726.40","4,728.60","4,748.80","4,706.70","","0.28%"
"2022-01-11","4,713.10","4,669.10","4,714.10","4,638.30","","0.92%"
"2022-01-10","4,670.30","4,655.30","4,673.00","4,582.20","","-0.14%"
"2022-01-07","4,677.00","4,697.70","4,707.90","4,662.70","","-0.41%"
"2022-01-06","4,696.10","4,693.40","4,725.00","4,671.30","","-0.10%"
"2022-01-05","4,700.60","4,788.00","4,797.70","4,699.40","","-1.94%"
"2022-01-04","4,793.50","4,804.50","4,818.60","4,774.30","","-0.06%"
"2022-01-03","4,796.60","4,778.10","4,796.60","4,758.20","","0.64%"
"2021-12-31","4,766.20","4,775.20","4,786.80","4,765.80","","-0.26%"
"2021-12-30","4,778.70","4,794.20","4,808.90","4,775.30","","-0.30%"
"2021-12-29","4,793.10","4,788.60","4,804.10","4,778.10","","0.14%"
"2021-12-28","4,786.40","4,795.50","4,807.00","4,780.00","","-0.10%"
"2021-12-27","4,791.20","4,734.00","4,791.50","4,734.00","","1.38%"
"2021-12-23","4,725.80","4,704.00","4,740.70","4,704.00","","0.62%"
"2021-12-22","4,696.60","4,650.40","4,697.70","4,645.50","","1.02%"
"2021-12-21","4,649.20","4,595.00","4,651.10","4,583.20","","1.78%"
"2021-12-20","4,568.00","4,587.90","4,587.90","4,531.10","","-1.14%"
"2021-12-17","4,620.60","4,652.50","4,666.70","4,600.20","","-1.03%"
"2021-12-16","4,668.70","4,719.10","4,732.00","4,651.90","","-0.87%"
"2021-12-15","4,709.90","4,636.50","4,712.60","4,611.20","","1.64%"
"2021-12-14","4,634.10","4,643.00","4,660.50","4,606.50","","-0.75%"
"2021-12-13","4,669.00","4,710.30","4,710.30","4,667.60","","-0.91%"
"2021-12-10","4,712.00","4,687.60","4,713.60","4,670.20","","0.96%"
"2021-12-09","4,667.40","4,691.00","4,695.30","4,666.00","","-0.72%"
"2021-12-08","4,701.20","4,690.90","4,705.10","4,674.50","","0.31%"
"2021-12-07","4,686.80","4,632.00","4,694.00","4,632.00","","2.07%"
"2021-12-06","4,591.70","4,548.40","4,612.60","4,540.50","","1.17%"
"2021-12-03","4,538.40","4,589.50","4,608.00","4,495.10","","-0.85%"
"2021-12-02","4,577.10","4,504.70","4,595.50","4,504.70","","1.42%"
"2021-12-01","4,513.00","4,602.80","4,652.90","4,510.30","","-1.18%"
"2021-11-30","4,567.00","4,640.20","4,646.00","4,560.00","","-1.90%"
"2021-11-29","4,655.30","4,628.80","4,672.90","4,625.30","","1.32%"
"2021-11-26","4,594.60","4,664.60","4,664.60","4,585.40","","-2.27%"
"2021-11-24","4,701.50","4,675.80","4,702.90","4,659.90","","0.23%"
"2021-11-23","4,690.70","4,678.50","4,699.40","4,652.70","","0.17%"
"2021-11-22","4,682.90","4,712.00","4,743.80","4,682.20","","-0.32%"
"2021-11-19","4,698.00","4,708.40","4,717.80","4,694.20","","-0.14%"
"2021-11-18","4,704.50","4,700.70","4,708.80","4,672.80","","0.34%"
"2021-11-17","4,688.70","4,701.50","4,701.50","4,684.40","","-0.26%"
"2021-11-16","4,700.90","4,679.40","4,714.90","4,679.40","","0.39%"
"2021-11-15","4,682.80","4,689.30","4,697.40","4,672.90","","0.00%"
"2021-11-12","4,682.90","4,655.20","4,688.50","4,650.80","","0.72%"
"2021-11-11","4,649.30","4,659.40","4,664.60","4,648.30","","0.06%"
"2021-11-10","4,646.70","4,670.30","4,684.90","4,630.90","","-0.82%"
"2021-11-09","4,685.20","4,707.20","4,708.50","4,670.90","","-0.35%"
"2021-11-08","4,701.70","4,701.50","4,714.90","4,694.40","","0.09%"
"2021-11-05","4,697.50","4,699.30","4,718.50","4,681.30","","0.37%"
"2021-11-04","4,680.10","4,662.90","4,683.00","4,662.60","","0.42%"
"2021-11-03","4,660.60","4,630.60","4,663.50","4,621.20","","0.65%"
"2021-11-02","4,630.60","4,613.30","4,635.10","4,613.30","","0.37%"
"2021-11-01","4,613.70","4,610.60","4,620.30","4,595.10","","0.18%"
"2021-10-29","4,605.40","4,572.90","4,608.10","4,567.60","","0.20%"
"2021-10-28","4,596.40","4,562.80","4,597.60","4,562.80","","0.98%"
"2021-10-27","4,551.70","4,580.20","4,584.60","4,551.70","","-0.50%"
"2021-10-26","4,574.80","4,578.70","4,598.50","4,569.20","","0.18%"
"2021-10-25","4,566.50","4,553.70","4,572.60","4,537.40","","0.48%"
"2021-10-22","4,544.90","4,546.10","4,559.70","4,524.00","","-0.11%"
"2021-10-21","4,549.80","4,532.20","4,551.40","4,526.90","","0.30%"
"2021-10-20","4,536.20","4,524.40","4,540.90","4,524.40","","0.37%"
"2021-10-19","4,519.60","4,497.30","4,520.40","4,496.40","","0.74%"
"2021-10-18","4,486.50","4,463.70","4,488.80","4,447.50","","0.34%"
"2021-10-15","4,471.40","4,447.70","4,475.80","4,447.70","","0.75%"
"2021-10-14","4,438.30","4,386.80","4,439.70","4,386.80","","1.71%"
"2021-10-13","4,363.80","4,358.00","4,372.90","4,329.90","","0.30%"
"2021-10-12","4,350.60","4,368.30","4,374.90","4,342.10","","-0.24%"
"2021-10-11","4,361.20","4,385.40","4,415.90","4,360.60","","-0.69%"
"2021-10-08","4,391.30","4,406.50","4,412.00","4,386.20","","-0.19%"
"2021-10-07","4,399.80","4,383.70","4,430.00","4,383.70","","0.83%"
"2021-10-06","4,363.60","4,319.60","4,365.60","4,290.50","","0.41%"
"2021-10-05","4,345.70","4,309.90","4,369.20","4,309.90","","1.05%"
"2021-10-04","4,300.50","4,348.80","4,355.50","4,278.90","","-1.30%"
"2021-10-01","4,357.00","4,317.20","4,375.20","4,288.50","","1.15%"
"2021-09-30","4,307.50","4,370.70","4,382.60","4,306.20","","-1.19%"
"2021-09-29","4,359.50","4,362.40","4,385.60","4,355.10","","0.16%"
"2021-09-28","4,352.60","4,419.50","4,419.50","4,346.30","","-2.04%"
"2021-09-27","4,443.10","4,442.10","4,457.30","4,436.20","","-0.28%"
"2021-09-24","4,455.50","4,438.00","4,463.10","4,430.30","","0.15%"
"2021-09-23","4,449.00","4,406.80","4,465.40","4,406.80","","1.21%"
"2021-09-22","4,395.60","4,367.40","4,416.80","4,367.40","","0.95%"
"2021-09-21","4,354.20","4,374.40","4,394.90","4,348.00","","-0.08%"
"2021-09-20","4,357.70","4,402.90","4,402.90","4,305.90","","-1.70%"
"2021-09-17","4,433.00","4,469.70","4,471.50","4,427.80","","-0.91%"
"2021-09-16","4,473.80","4,477.10","4,485.90","4,443.80","","-0.15%"
"2021-09-15","4,480.70","4,447.50","4,486.90","4,438.40","","0.85%"
"2021-09-14","4,443.10","4,479.30","4,485.70","4,435.50","","-0.57%"
"2021-09-13","4,468.70","4,474.80","4,493.00","4,445.70","","0.23%"
"2021-09-10","4,458.60","4,506.90","4,520.50","4,457.70","","-0.77%"
"2021-09-09","4,493.30","4,513.00","4,529.90","4,492.10","","-0.46%"
"2021-09-08","4,514.10","4,518.10","4,521.80","4,493.90","","-0.13%"
"2021-09-07","4,520.00","4,535.40","4,535.40","4,513.00","","-0.34%"
"2021-09-03","4,535.40","4,532.40","4,541.40","4,521.30","","-0.03%"
"2021-09-02","4,536.90","4,534.50","4,545.90","4,524.70","","0.28%"
"2021-09-01","4,524.10","4,528.80","4,537.10","4,522.00","","0.03%"
"2021-08-31","4,522.70","4,529.80","4,531.40","4,515.80","","-0.13%"
"2021-08-30","4,528.80","4,513.80","4,537.40","4,513.80","","0.43%"
"2021-08-27","4,509.40","4,474.10","4,513.30","4,474.10","","0.88%"
"2021-08-26","4,470.00","4,493.80","4,495.90","4,469.00","","-0.58%"
"2021-08-25","4,496.20","4,490.40","4,501.70","4,485.70","","0.22%"
"2021-08-24","4,486.20","4,484.40","4,492.80","4,482.30","","0.15%"
"2021-08-23","4,479.50","4,450.30","4,489.90","4,450.30","","0.85%"
"2021-08-20","4,441.70","4,410.60","4,444.40","4,406.80","","0.81%"
"2021-08-19","4,405.80","4,382.40","4,418.60","4,367.70","","0.12%"
"2021-08-18","4,400.30","4,440.90","4,454.30","4,397.60","","-1.07%"
"2021-08-17","4,448.10","4,462.10","4,462.10","4,417.80","","-0.71%"
"2021-08-16","4,479.70","4,461.60","4,480.30","4,437.70","","0.26%"
"2021-08-13","4,468.00","4,464.80","4,468.40","4,460.80","","0.16%"
"2021-08-12","4,460.80","4,446.10","4,461.80","4,436.00","","0.29%"
"2021-08-11","4,447.70","4,442.20","4,449.40","4,436.40","","0.25%"
"2021-08-10","4,436.80","4,435.80","4,445.20","4,430.00","","0.10%"
"2021-08-09","4,432.40","4,437.80","4,439.40","4,424.70","","-0.09%"
"2021-08-06","4,436.50","4,429.10","4,440.80","4,429.10","","0.17%"
"2021-08-05","4,429.10","4,408.90","4,429.80","4,408.90","","0.60%"
"2021-08-04","4,402.70","4,415.90","4,416.20","4,400.20","","-0.46%"
"2021-08-03","4,423.10","4,392.70","4,423.80","4,373.00","","0.82%"
"2021-08-02","4,387.20","4,406.90","4,422.20","4,384.80","","-0.18%"
"2021-07-30","4,395.30","4,395.10","4,412.20","4,389.60","","-0.54%"
"2021-07-29","4,419.10","4,403.60","4,430.00","4,403.60","","0.42%"
"2021-07-28","4,400.60","4,402.90","4,415.50","4,387.00","","-0.02%"
"2021-07-27","4,401.50","4,416.40","4,416.40","4,372.50","","-0.47%"
"2021-07-26","4,422.30","4,409.60","4,422.70","4,405.40","","0.24%"
"2021-07-23","4,411.80","4,381.20","4,415.20","4,381.20","","1.01%"
"2021-07-22","4,367.50","4,361.30","4,369.90","4,350.10","","0.20%"
"2021-07-21","4,358.70","4,331.10","4,359.70","4,331.10","","0.82%"
"2021-07-20","4,323.10","4,265.10","4,336.80","4,262.10","","1.52%"
"2021-07-19","4,258.50","4,296.40","4,296.40","4,233.10","","-1.59%"
"2021-07-16","4,327.20","4,367.40","4,375.10","4,322.50","","-0.75%"
"2021-07-15","4,360.00","4,369.00","4,369.00","4,340.70","","-0.33%"
"2021-07-14","4,374.30","4,380.10","4,393.70","4,362.40","","0.12%"
"2021-07-13","4,369.20","4,381.10","4,392.40","4,366.90","","-0.35%"
"2021-07-12","4,384.60","4,372.40","4,386.70","4,364.00","","0.34%"
"2021-07-09","4,369.60","4,329.40","4,371.60","4,329.40","","1.13%"
"2021-07-08","4,320.80","4,321.10","4,330.90","4,289.40","","-0.86%"
"2021-07-07","4,358.10","4,351.00","4,361.90","4,329.80","","0.34%"
"2021-07-06","4,343.50","4,356.50","4,356.50","4,314.40","","-0.20%"
"2021-07-02","4,352.30","4,326.60","4,355.40","4,326.60","","0.75%"
"2021-07-01","4,319.90","4,300.70","4,320.70","4,300.70","","0.52%"
"2021-06-30","4,297.50","4,290.60","4,302.40","4,288.00","","0.13%"
"2021-06-29","4,291.80","4,293.20","4,300.50","4,287.00","","0.03%"
"2021-06-28","4,290.60","4,284.90","4,292.10","4,274.70","","0.23%"
"2021-06-25","4,280.70","4,274.40","4,286.10","4,271.20","","0.33%"
"2021-06-24","4,266.50","4,257.00","4,271.30","4,257.00","","0.58%"
"2021-06-23","4,241.80","4,249.30","4,256.60","4,241.40","","-0.11%"
"2021-06-22","4,246.40","4,224.60","4,255.80","4,217.30","","0.51%"
"2021-06-21","4,224.80","4,173.40","4,226.20","4,173.40","","1.40%"
"2021-06-18","4,166.40","4,204.80","4,204.80","4,164.40","","-1.31%"
"2021-06-17","4,221.90","4,220.40","4,232.30","4,196.10","","-0.04%"
"2021-06-16","4,223.70","4,248.90","4,251.90","4,202.40","","-0.54%"
"2021-06-15","4,246.60","4,255.30","4,257.20","4,238.40","","-0.20%"
"2021-06-14","4,255.10","4,248.30","4,255.60","4,234.10","","0.18%"
"2021-06-11","4,247.40","4,242.90","4,248.40","4,232.20","","0.19%"
"2021-06-10","4,239.20","4,228.60","4,249.70","4,220.30","","0.46%"
"2021-06-09","4,219.60","4,233.00","4,237.10","4,218.70","","-0.18%"
"2021-06-08","4,227.30","4,233.80","4,236.70","4,208.40","","0.02%"
"2021-06-07","4,226.50","4,229.30","4,232.30","4,215.70","","-0.08%"
"2021-06-04","4,229.90","4,206.10","4,233.40","4,206.10","","0.88%"
"2021-06-03","4,192.90","4,191.40","4,204.40","4,167.90","","-0.36%"
"2021-06-02","4,208.10","4,206.80","4,217.40","4,198.30","","0.15%"
"2021-06-01","4,202.00","4,216.50","4,234.10","4,197.60","","-0.05%"
"2021-05-28","4,204.10","4,210.80","4,218.40","4,203.60","","0.08%"
"2021-05-27","4,200.90","4,201.90","4,213.40","4,197.80","","0.12%"
"2021-05-26","4,196.00","4,191.60","4,202.60","4,184.10","","0.19%"
"2021-05-25","4,188.10","4,205.90","4,213.40","4,182.50","","-0.21%"
"2021-05-24","4,197.10","4,170.20","4,209.50","4,170.20","","0.99%"
"2021-05-21","4,155.90","4,168.60","4,188.70","4,151.70","","-0.08%"
"2021-05-20","4,159.10","4,122.00","4,172.80","4,122.00","","1.05%"
"2021-05-19","4,115.70","4,098.40","4,116.90","4,061.40","","-0.29%"
"2021-05-18","4,127.80","4,165.90","4,169.10","4,126.00","","-0.85%"
"2021-05-17","4,163.30","4,169.90","4,171.90","4,142.70","","-0.25%"
"2021-05-14","4,173.90","4,129.60","4,183.10","4,129.60","","1.49%"
"2021-05-13","4,112.50","4,075.00","4,131.60","4,075.00","","1.22%"
"2021-05-12","4,063.00","4,130.60","4,134.70","4,056.90","","-2.15%"
"2021-05-11","4,152.10","4,150.30","4,162.00","4,111.50","","-0.87%"
"2021-05-10","4,188.40","4,228.30","4,236.40","4,188.10","","-1.04%"
"2021-05-07","4,232.60","4,210.30","4,238.00","4,201.60","","0.74%"
"2021-05-06","4,201.60","4,169.10","4,202.70","4,147.30","","0.82%"
"2021-05-05","4,167.60","4,177.10","4,187.70","4,160.90","","0.07%"
"2021-05-04","4,164.70","4,179.00","4,179.00","4,128.60","","-0.67%"
"2021-05-03","4,192.70","4,192.00","4,209.40","4,188.00","","0.28%"
"2021-04-30","4,181.20","4,198.10","4,198.10","4,174.90","","-0.72%"
"2021-04-29","4,211.50","4,206.10","4,218.80","4,176.80","","0.68%"
"2021-04-28","4,183.20","4,185.10","4,201.50","4,181.80","","-0.08%"
"2021-04-27","4,186.70","4,188.20","4,193.40","4,176.20","","-0.02%"
"2021-04-26","4,187.60","4,185.00","4,194.20","4,182.40","","0.18%"
"2021-04-23","4,180.20","4,138.80","4,194.20","4,138.80","","1.09%"
"2021-04-22","4,135.00","4,170.50","4,179.60","4,123.70","","-0.92%"
"2021-04-21","4,173.40","4,128.40","4,175.00","4,126.40","","0.93%"
"2021-04-20","4,134.90","4,159.20","4,159.20","4,118.40","","-0.68%"
"2021-04-19","4,163.30","4,179.80","4,180.80","4,150.50","","-0.53%"
"2021-04-16","4,185.50","4,174.10","4,191.30","4,170.80","","0.36%"
"2021-04-15","4,170.40","4,139.80","4,173.50","4,139.80","","1.11%"
"2021-04-14","4,124.70","4,141.60","4,151.70","4,120.90","","-0.41%"
"2021-04-13","4,141.60","4,130.10","4,148.00","4,124.40","","0.33%"
"2021-04-12","4,128.00","4,124.70","4,131.80","4,114.80","","-0.02%"
"2021-04-09","4,128.80","4,096.10","4,129.50","4,095.50","","0.77%"
"2021-04-08","4,097.20","4,089.90","4,098.20","4,082.50","","0.42%"
"2021-04-07","4,079.90","4,074.30","4,083.10","4,068.30","","0.15%"
"2021-04-06","4,073.90","4,075.60","4,086.20","4,068.10","","-0.10%"
"2021-04-05","4,077.90","4,034.40","4,083.40","4,034.40","","1.44%"
"2021-04-01","4,019.90","3,992.80","4,020.60","3,992.80","","1.18%"
"2021-03-31","3,972.90","3,967.20","3,994.40","3,967.00","","0.36%"
"2021-03-30","3,958.60","3,963.30","3,968.00","3,944.30","","-0.31%"
"2021-03-29","3,971.10","3,969.30","3,981.80","3,943.20","","-0.09%"
"2021-03-26","3,974.50","3,917.10","3,978.20","3,917.10","","1.66%"
"2021-03-25","3,909.50","3,879.30","3,919.50","3,853.50","","0.52%"
"2021-03-24","3,889.10","3,919.90","3,942.10","3,889.10","","-0.55%"
"2021-03-23","3,910.50","3,937.60","3,949.10","3,901.60","","-0.76%"
"2021-03-22","3,940.60","3,916.50","3,955.30","3,914.20","","0.70%"
"2021-03-19","3,913.10","3,913.10","3,930.10","3,886.80","","-0.06%"
"2021-03-18","3,915.50","3,953.50","3,969.60","3,910.90","","-1.47%"
"2021-03-17","3,974.10","3,949.60","3,983.90","3,935.70","","0.29%"
"2021-03-16","3,962.70","3,973.60","3,981.00","3,953.40","","-0.16%"
"2021-03-15","3,968.90","3,943.00","3,970.10","3,923.50","","0.65%"
"2021-03-12","3,943.30","3,924.50","3,945.00","3,915.20","","0.10%"
"2021-03-11","3,939.30","3,915.50","3,960.30","3,915.50","","1.04%"
"2021-03-10","3,898.80","3,892.00","3,917.30","3,885.70","","0.60%"
"2021-03-09","3,875.40","3,851.90","3,903.80","3,851.90","","1.42%"
"2021-03-08","3,821.30","3,844.40","3,881.10","3,819.20","","-0.54%"
"2021-03-05","3,841.90","3,793.60","3,851.70","3,730.20","","1.95%"
"2021-03-04","3,768.50","3,818.50","3,843.70","3,723.30","","-1.34%"
"2021-03-03","3,819.70","3,864.00","3,874.50","3,818.90","","-1.31%"
"2021-03-02","3,870.30","3,903.60","3,906.40","3,868.60","","-0.81%"
"2021-03-01","3,901.80","3,842.50","3,914.50","3,842.50","","2.38%"
"2021-02-26","3,811.20","3,839.70","3,861.10","3,789.50","","-0.47%"
"2021-02-25","3,829.30","3,915.80","3,925.00","3,814.00","","-2.45%"
"2021-02-24","3,925.40","3,873.70","3,928.70","3,859.60","","1.13%"
"2021-02-23","3,881.40","3,857.10","3,896.00","3,805.60","","0.13%"
"2021-02-22","3,876.50","3,885.60","3,902.90","3,874.70","","-0.77%"
"2021-02-19","3,906.70","3,921.20","3,930.40","3,903.10","","-0.19%"
"2021-02-18","3,914.00","3,915.90","3,922.00","3,885.00","","-0.44%"
"2021-02-17","3,931.30","3,918.50","3,933.60","3,900.40","","-0.03%"
"2021-02-16","3,932.60","3,939.60","3,950.40","3,923.80","","-0.06%"
"2021-02-12","3,934.80","3,911.70","3,937.20","3,905.80","","0.47%"
"2021-02-11","3,916.40","3,916.40","3,926.00","3,890.40","","0.17%"
"2021-02-10","3,909.90","3,920.80","3,931.50","3,884.90","","-0.03%"
"2021-02-09","3,911.20","3,910.50","3,918.30","3,902.60","","-0.11%"
"2021-02-08","3,915.60","3,892.60","3,915.80","3,892.60","","0.74%"
"2021-02-05","3,886.80","3,878.30","3,894.60","3,874.90","","0.39%"
"2021-02-04","3,871.70","3,836.70","3,872.40","3,836.70","","1.08%"
"2021-02-03","3,830.20","3,840.30","3,847.50","3,816.70","","0.10%"
"2021-02-02","3,826.30","3,791.80","3,843.10","3,791.80","","1.39%"
"2021-02-01","3,773.90","3,731.20","3,784.30","3,725.60","","1.61%"
"2021-01-29","3,714.20","3,778.10","3,778.10","3,694.10","","-1.93%"
"2021-01-28","3,787.40","3,755.80","3,830.50","3,755.80","","0.98%"
"2021-01-27","3,750.80","3,836.80","3,836.80","3,732.50","","-2.57%"
"2021-01-26","3,849.60","3,863.00","3,870.90","3,847.80","","-0.15%"
"2021-01-25","3,855.40","3,851.70","3,859.20","3,797.20","","0.36%"
"2021-01-22","3,841.50","3,844.20","3,852.30","3,830.40","","-0.30%"
"2021-01-21","3,853.10","3,857.50","3,861.40","3,845.10","","0.03%"
"2021-01-20","3,851.80","3,816.20","3,859.80","3,816.20","","1.39%"
"2021-01-19","3,798.90","3,781.90","3,804.50","3,780.40","","0.81%"
"2021-01-15","3,768.20","3,788.70","3,788.70","3,749.60","","-0.72%"
"2021-01-14","3,795.50","3,815.00","3,823.60","3,792.90","","-0.38%"
"2021-01-13","3,809.80","3,802.20","3,821.00","3,791.50","","0.23%"
"2021-01-12","3,801.20","3,801.60","3,810.80","3,776.50","","0.04%"
"2021-01-11","3,799.60","3,803.10","3,817.90","3,789.00","","-0.66%"
"2021-01-08","3,824.70","3,815.10","3,826.70","3,783.60","","0.55%"
"2021-01-07","3,803.80","3,764.70","3,811.60","3,764.70","","1.49%"
"2021-01-06","3,748.10","3,712.20","3,783.00","3,705.30","","0.57%"
"2021-01-05","3,726.90","3,698.00","3,737.80","3,695.10","","0.71%"
"2021-01-04","3,700.70","3,764.60","3,770.00","3,662.70","","-1.47%"
"2020-12-31","3,756.10","3,733.30","3,760.20","3,726.90","","0.65%"
"2020-12-30","3,732.00","3,736.20","3,744.60","3,730.20","","0.13%"
"2020-12-29","3,727.00","3,750.00","3,756.10","3,723.30","","-0.22%"
"2020-12-28","3,735.40","3,723.00","3,740.50","3,723.00","","0.87%"
"2020-12-24","3,703.10","3,694.00","3,703.80","3,689.30","","0.36%"
"2020-12-23","3,690.00","3,693.40","3,711.20","3,689.30","","0.07%"
"2020-12-22","3,687.30","3,698.10","3,698.30","3,676.20","","-0.21%"
"2020-12-21","3,694.90","3,684.30","3,702.90","3,636.50","","-0.39%"
"2020-12-18","3,709.40","3,722.40","3,726.70","3,685.80","","-0.35%"
"2020-12-17","3,722.50","3,713.70","3,725.10","3,710.90","","0.58%"
"2020-12-16","3,701.20","3,696.20","3,711.30","3,688.60","","0.18%"
"2020-12-15","3,694.60","3,666.40","3,695.30","3,659.60","","1.29%"
"2020-12-14","3,647.50","3,675.30","3,697.60","3,645.80","","-0.44%"
"2020-12-11","3,663.50","3,656.10","3,665.90","3,633.40","","-0.13%"
"2020-12-10","3,668.10","3,659.10","3,678.50","3,645.20","","-0.13%"
"2020-12-09","3,672.80","3,706.00","3,712.40","3,660.50","","-0.79%"
"2020-12-08","3,702.20","3,683.10","3,708.40","3,678.80","","0.28%"
"2020-12-07","3,692.00","3,694.70","3,697.40","3,678.90","","-0.19%"
"2020-12-04","3,699.10","3,670.90","3,699.20","3,670.90","","0.88%"
"2020-12-03","3,666.70","3,668.30","3,682.70","3,657.20","","-0.06%"
"2020-12-02","3,669.00","3,653.80","3,671.00","3,644.80","","0.18%"
"2020-12-01","3,662.40","3,645.90","3,678.40","3,645.90","","1.13%"
"2020-11-30","3,621.60","3,634.20","3,634.20","3,594.40","","-0.46%"
"2020-11-27","3,638.30","3,638.60","3,644.30","3,629.30","","0.24%"
"2020-11-25","3,629.70","3,635.50","3,635.50","3,617.80","","-0.16%"
"2020-11-24","3,635.40","3,594.50","3,642.30","3,594.50","","1.62%"
"2020-11-23","3,577.60","3,566.80","3,589.80","3,552.80","","0.57%"
"2020-11-20","3,557.50","3,579.30","3,581.20","3,556.80","","-0.68%"
"2020-11-19","3,581.90","3,559.40","3,585.20","3,543.80","","0.40%"
"2020-11-18","3,567.80","3,612.10","3,619.10","3,567.30","","-1.16%"
"2020-11-17","3,609.50","3,610.30","3,623.10","3,588.70","","-0.48%"
"2020-11-16","3,626.90","3,600.20","3,628.50","3,600.20","","1.16%"
"2020-11-13","3,585.20","3,552.60","3,593.70","3,552.60","","1.36%"
"2020-11-12","3,537.00","3,562.70","3,569.00","3,518.60","","-1.00%"
"2020-11-11","3,572.70","3,563.20","3,581.20","3,557.00","","0.77%"
"2020-11-10","3,545.50","3,543.30","3,557.20","3,511.90","","-0.14%"
"2020-11-09","3,550.50","3,583.00","3,646.00","3,547.50","","1.17%"
"2020-11-06","3,509.40","3,508.30","3,521.60","3,484.30","","-0.03%"
"2020-11-05","3,510.40","3,485.70","3,529.10","3,485.70","","1.95%"
"2020-11-04","3,443.40","3,406.50","3,486.20","3,405.20","","2.20%"
"2020-11-03","3,369.20","3,336.20","3,389.50","3,336.20","","1.78%"
"2020-11-02","3,310.20","3,296.20","3,330.10","3,279.70","","1.23%"
"2020-10-30","3,270.00","3,293.60","3,304.90","3,233.90","","-1.21%"
"2020-10-29","3,310.10","3,277.20","3,341.10","3,259.80","","1.20%"
"2020-10-28","3,271.00","3,342.50","3,342.50","3,268.90","","-3.53%"
"2020-10-27","3,390.70","3,403.20","3,409.50","3,388.70","","-0.30%"
"2020-10-26","3,401.00","3,441.40","3,441.40","3,364.90","","-1.86%"
"2020-10-23","3,465.40","3,464.90","3,466.50","3,440.40","","0.34%"
"2020-10-22","3,453.50","3,438.50","3,460.50","3,415.30","","0.52%"
"2020-10-21","3,435.60","3,439.90","3,464.90","3,433.10","","-0.22%"
"2020-10-20","3,443.10","3,439.40","3,476.90","3,435.70","","0.47%"
"2020-10-19","3,426.90","3,493.70","3,502.40","3,419.90","","-1.63%"
"2020-10-16","3,483.80","3,493.50","3,515.80","3,480.40","","0.01%"
"2020-10-15","3,483.30","3,453.70","3,489.10","3,440.90","","-0.15%"
"2020-10-14","3,488.70","3,515.50","3,527.90","3,480.60","","-0.66%"
"2020-10-13","3,511.90","3,534.00","3,534.00","3,500.90","","-0.63%"
"2020-10-12","3,534.20","3,500.00","3,549.80","3,499.60","","1.64%"
"2020-10-09","3,477.10","3,459.70","3,482.30","3,458.10","","0.88%"
"2020-10-08","3,446.80","3,434.30","3,447.30","3,428.20","","0.80%"
"2020-10-07","3,419.40","3,384.60","3,426.30","3,384.60","","1.74%"
"2020-10-06","3,360.90","3,408.70","3,431.60","3,354.50","","-1.40%"
"2020-10-05","3,408.60","3,367.30","3,409.60","3,367.30","","1.80%"
"2020-10-02","3,348.40","3,338.90","3,369.10","3,323.70","","-0.96%"
"2020-10-01","3,380.80","3,385.90","3,397.20","3,361.40","","0.53%"
"2020-09-30","3,363.00","3,341.20","3,393.60","3,340.50","","0.82%"
"2020-09-29","3,335.50","3,350.90","3,357.90","3,327.50","","-0.48%"
"2020-09-28","3,351.60","3,333.90","3,360.70","3,332.90","","1.61%"
"2020-09-25","3,298.50","3,236.70","3,306.90","3,228.40","","1.60%"
"2020-09-24","3,246.60","3,226.10","3,278.70","3,209.40","","0.30%"
"2020-09-23","3,236.90","3,320.10","3,323.30","3,232.60","","-2.37%"
"2020-09-22","3,315.60","3,295.80","3,320.30","3,270.90","","1.05%"
"2020-09-21","3,281.10","3,285.60","3,285.60","3,229.10","","-1.16%"
"2020-09-18","3,319.50","3,357.40","3,362.30","3,292.40","","-1.12%"
"2020-09-17","3,357.00","3,346.90","3,375.20","3,328.80","","-0.84%"
"2020-09-16","3,385.50","3,411.20","3,428.90","3,384.40","","-0.46%"
"2020-09-15","3,401.20","3,407.70","3,419.50","3,389.20","","0.52%"
"2020-09-14","3,383.50","3,363.60","3,402.90","3,363.60","","1.27%"
"2020-09-11","3,341.00","3,352.70","3,368.90","3,310.50","","0.05%"
"2020-09-10","3,339.20","3,412.60","3,425.60","3,329.20","","-1.76%"
"2020-09-09","3,399.00","3,369.80","3,424.80","3,366.80","","2.02%"
"2020-09-08","3,331.80","3,371.90","3,380.00","3,329.30","","-2.78%"
"2020-09-04","3,427.00","3,453.60","3,479.20","3,349.60","","-0.81%"
"2020-09-03","3,455.10","3,564.70","3,564.80","3,427.40","","-3.51%"
"2020-09-02","3,580.80","3,543.80","3,588.10","3,535.20","","1.53%"
"2020-09-01","3,526.70","3,507.40","3,528.00","3,494.60","","0.75%"
"2020-08-31","3,500.30","3,509.70","3,514.80","3,493.20","","-0.22%"
"2020-08-28","3,508.00","3,494.70","3,509.20","3,484.30","","0.67%"
"2020-08-27","3,484.60","3,485.10","3,501.40","3,468.30","","0.17%"
"2020-08-26","3,478.70","3,450.00","3,481.10","3,444.20","","1.02%"
"2020-08-25","3,443.60","3,435.90","3,444.20","3,425.80","","0.36%"
"2020-08-24","3,431.30","3,418.10","3,432.10","3,413.10","","1.00%"
"2020-08-21","3,397.20","3,386.00","3,400.00","3,379.30","","0.35%"
"2020-08-20","3,385.50","3,360.50","3,390.80","3,354.70","","0.32%"
"2020-08-19","3,374.80","3,392.50","3,399.50","3,369.70","","-0.44%"
"2020-08-18","3,389.80","3,387.00","3,395.10","3,370.20","","0.23%"
"2020-08-17","3,382.00","3,380.90","3,387.60","3,379.20","","0.27%"
"2020-08-14","3,372.80","3,368.70","3,378.50","3,361.60","","-0.02%"
"2020-08-13","3,373.40","3,372.90","3,387.20","3,363.30","","-0.20%"
"2020-08-12","3,380.30","3,355.50","3,387.90","3,355.50","","1.40%"
"2020-08-11","3,333.70","3,370.30","3,381.00","3,326.40","","-0.80%"
"2020-08-10","3,360.50","3,356.00","3,363.30","3,335.40","","0.27%"
"2020-08-07","3,351.30","3,340.10","3,352.50","3,328.70","","0.06%"
"2020-08-06","3,349.20","3,323.20","3,351.00","3,318.10","","0.64%"
"2020-08-05","3,327.80","3,317.40","3,330.80","3,317.40","","0.64%"
"2020-08-04","3,306.50","3,289.90","3,306.80","3,286.40","","0.36%"
"2020-08-03","3,294.60","3,288.30","3,302.70","3,284.50","","0.72%"
"2020-07-31","3,271.10","3,270.40","3,272.20","3,220.30","","0.77%"
"2020-07-30","3,246.20","3,231.80","3,250.90","3,204.10","","-0.37%"
"2020-07-29","3,258.40","3,227.20","3,264.70","3,227.20","","1.24%"
"2020-07-28","3,218.40","3,234.30","3,243.70","3,216.20","","-0.65%"
"2020-07-27","3,239.40","3,219.80","3,241.40","3,214.20","","0.74%"
"2020-07-24","3,215.60","3,218.60","3,227.30","3,200.10","","-0.62%"
"2020-07-23","3,235.70","3,271.60","3,280.00","3,222.70","","-1.23%"
"2020-07-22","3,276.00","3,254.90","3,279.30","3,253.10","","0.57%"
"2020-07-21","3,257.30","3,268.50","3,277.30","3,247.80","","0.17%"
"2020-07-20","3,251.80","3,224.30","3,258.60","3,215.20","","0.84%"
"2020-07-17","3,224.70","3,224.20","3,233.50","3,205.70","","0.28%"
"2020-07-16","3,215.60","3,208.40","3,220.40","3,198.60","","-0.34%"
"2020-07-15","3,226.60","3,226.00","3,238.30","3,200.80","","0.91%"
"2020-07-14","3,197.50","3,141.10","3,200.90","3,127.70","","1.34%"
"2020-07-13","3,155.20","3,205.10","3,235.30","3,149.40","","-0.94%"
"2020-07-10","3,185.00","3,152.50","3,186.80","3,136.20","","1.04%"
"2020-07-09","3,152.10","3,176.20","3,179.80","3,115.70","","-0.56%"
"2020-07-08","3,169.90","3,153.10","3,171.80","3,136.50","","0.78%"
"2020-07-07","3,145.30","3,166.40","3,184.20","3,142.90","","-1.08%"
"2020-07-06","3,179.70","3,155.30","3,182.60","3,155.30","","1.59%"
"2020-07-02","3,130.00","3,143.60","3,165.80","3,124.50","","0.45%"
"2020-07-01","3,115.90","3,105.90","3,128.40","3,101.20","","0.50%"
"2020-06-30","3,100.30","3,050.20","3,111.50","3,047.80","","1.54%"
"2020-06-29","3,053.20","3,018.60","3,053.90","2,999.70","","1.47%"
"2020-06-26","3,009.10","3,073.20","3,073.70","3,004.60","","-2.42%"
"2020-06-25","3,083.80","3,046.60","3,086.20","3,024.00","","1.10%"
"2020-06-24","3,050.30","3,114.40","3,115.00","3,032.10","","-2.59%"
"2020-06-23","3,131.30","3,138.70","3,154.90","3,127.10","","0.43%"
"2020-06-22","3,117.90","3,094.40","3,120.90","3,079.40","","0.65%"
"2020-06-19","3,097.70","3,140.30","3,155.50","3,083.10","","-0.56%"
"2020-06-18","3,115.30","3,101.60","3,120.00","3,093.50","","0.06%"
"2020-06-17","3,113.50","3,136.10","3,141.20","3,108.00","","-0.36%"
"2020-06-16","3,124.70","3,131.00","3,153.40","3,076.10","","1.89%"
"2020-06-15","3,066.60","2,993.80","3,079.80","2,965.70","","0.83%"
"2020-06-12","3,041.30","3,071.00","3,088.40","2,984.50","","1.31%"
"2020-06-11","3,002.10","3,123.50","3,123.50","2,999.50","","-5.89%"
"2020-06-10","3,190.10","3,213.40","3,223.30","3,181.50","","-0.53%"
"2020-06-09","3,207.20","3,213.30","3,222.70","3,193.10","","-0.78%"
"2020-06-08","3,232.40","3,199.90","3,233.10","3,196.00","","1.21%"
"2020-06-05","3,193.90","3,163.80","3,211.70","3,163.80","","2.62%"
"2020-06-04","3,112.30","3,111.60","3,128.90","3,090.40","","-0.34%"
"2020-06-03","3,122.90","3,098.90","3,130.90","3,098.90","","1.37%"
"2020-06-02","3,080.80","3,064.80","3,081.10","3,051.60","","0.82%"
"2020-06-01","3,055.70","3,038.80","3,062.20","3,031.50","","0.37%"
"2020-05-29","3,044.30","3,025.20","3,049.20","2,998.60","","0.48%"
"2020-05-28","3,029.70","3,046.60","3,068.70","3,023.40","","-0.21%"
"2020-05-27","3,036.10","3,015.70","3,036.20","2,969.80","","1.48%"
"2020-05-26","2,991.80","3,004.10","3,021.70","2,988.20","","1.23%"
"2020-05-22","2,955.40","2,948.10","2,956.80","2,933.60","","0.23%"
"2020-05-21","2,948.50","2,969.90","2,978.50","2,938.60","","-0.78%"
"2020-05-20","2,971.60","2,953.60","2,980.30","2,953.60","","1.67%"
"2020-05-19","2,922.90","2,948.60","2,964.20","2,922.30","","-1.05%"
"2020-05-18","2,953.90","2,913.90","2,968.10","2,913.90","","3.15%"
"2020-05-15","2,863.70","2,829.90","2,865.00","2,816.80","","0.39%"
"2020-05-14","2,852.50","2,794.50","2,852.80","2,766.60","","1.15%"
"2020-05-13","2,820.00","2,865.90","2,874.10","2,793.20","","-1.75%"
"2020-05-12","2,870.10","2,939.50","2,945.80","2,869.60","","-2.05%"
"2020-05-11","2,930.30","2,915.50","2,944.20","2,903.40","","0.02%"
"2020-05-08","2,929.80","2,908.80","2,932.20","2,902.90","","1.69%"
"2020-05-07","2,881.20","2,878.30","2,901.90","2,876.50","","1.15%"
"2020-05-06","2,848.40","2,883.10","2,891.10","2,847.70","","-0.70%"
"2020-05-05","2,868.40","2,868.90","2,898.20","2,863.60","","0.90%"
"2020-05-04","2,842.70","2,815.00","2,844.20","2,797.80","","0.42%"
"2020-05-01","2,830.70","2,869.10","2,869.10","2,821.60","","-2.81%"
"2020-04-30","2,912.40","2,930.90","2,930.90","2,892.50","","-0.92%"
"2020-04-29","2,939.50","2,918.50","2,954.90","2,912.20","","2.66%"
"2020-04-28","2,863.40","2,910.00","2,921.20","2,860.70","","-0.52%"
"2020-04-27","2,878.50","2,854.70","2,887.70","2,852.90","","1.47%"
"2020-04-24","2,836.70","2,812.60","2,842.70","2,791.80","","1.39%"
"2020-04-23","2,797.80","2,810.40","2,844.90","2,794.30","","-0.05%"
"2020-04-22","2,799.30","2,787.90","2,815.10","2,775.90","","2.29%"
"2020-04-21","2,736.60","2,784.80","2,785.50","2,727.10","","-3.07%"
"2020-04-20","2,823.20","2,845.60","2,869.00","2,820.40","","-1.79%"
"2020-04-17","2,874.60","2,842.40","2,879.20","2,830.90","","2.68%"
"2020-04-16","2,799.60","2,799.30","2,806.50","2,764.30","","0.58%"
"2020-04-15","2,783.40","2,795.60","2,801.90","2,761.50","","-2.20%"
"2020-04-14","2,846.10","2,805.10","2,851.80","2,805.10","","3.06%"
"2020-04-13","2,761.60","2,782.50","2,782.50","2,721.20","","-1.01%"
"2020-04-09","2,789.80","2,777.00","2,818.60","2,762.40","","1.45%"
"2020-04-08","2,750.00","2,685.00","2,760.80","2,663.30","","3.41%"
"2020-04-07","2,659.40","2,738.70","2,756.90","2,657.70","","-0.16%"
"2020-04-06","2,663.70","2,578.30","2,676.80","2,574.60","","7.03%"
"2020-04-03","2,488.70","2,514.90","2,538.20","2,460.00","","-1.51%"
"2020-04-02","2,526.90","2,458.50","2,533.20","2,455.80","","2.28%"
"2020-04-01","2,470.50","2,498.10","2,522.80","2,447.50","","-4.41%"
"2020-03-31","2,584.60","2,614.70","2,641.40","2,571.20","","-1.60%"
"2020-03-30","2,626.70","2,559.00","2,631.80","2,545.30","","3.35%"
"2020-03-27","2,541.50","2,555.90","2,615.90","2,520.00","","-3.37%"
"2020-03-26","2,630.10","2,501.30","2,637.00","2,500.70","","6.24%"
"2020-03-25","2,475.60","2,457.80","2,571.40","2,407.50","","1.16%"
"2020-03-24","2,447.30","2,344.40","2,449.70","2,344.40","","9.38%"
"2020-03-23","2,237.40","2,290.70","2,300.70","2,191.90","","-2.93%"
"2020-03-20","2,304.90","2,431.90","2,453.00","2,295.60","","-4.34%"
"2020-03-19","2,409.40","2,393.50","2,467.00","2,319.80","","0.47%"
"2020-03-18","2,398.10","2,436.50","2,453.60","2,280.50","","-5.18%"
"2020-03-17","2,529.20","2,425.70","2,553.90","2,367.00","","6.00%"
"2020-03-16","2,386.10","2,508.60","2,563.00","2,380.90","","-11.98%"
"2020-03-13","2,711.00","2,570.00","2,711.30","2,492.40","","9.29%"
"2020-03-12","2,480.60","2,630.90","2,660.90","2,478.90","","-9.51%"
"2020-03-11","2,741.40","2,825.60","2,825.60","2,707.20","","-4.89%"
"2020-03-10","2,882.20","2,813.50","2,882.60","2,734.00","","4.94%"
"2020-03-09","2,746.60","2,863.90","2,863.90","2,734.40","","-7.60%"
"2020-03-06","2,972.40","2,954.20","2,985.90","2,901.50","","-1.70%"
"2020-03-05","3,023.90","3,075.70","3,083.00","2,999.80","","-3.39%"
"2020-03-04","3,130.10","3,045.80","3,131.00","3,034.40","","4.22%"
"2020-03-03","3,003.40","3,096.50","3,136.70","2,976.60","","-2.81%"
"2020-03-02","3,090.20","2,974.30","3,091.00","2,945.20","","4.60%"
"2020-02-28","2,954.20","2,916.90","2,959.70","2,855.80","","-0.83%"
"2020-02-27","2,978.80","3,062.50","3,097.10","2,977.40","","-4.42%"
"2020-02-26","3,116.40","3,139.90","3,182.50","3,109.00","","-0.38%"
"2020-02-25","3,128.20","3,238.90","3,247.00","3,118.80","","-3.03%"
"2020-02-24","3,225.90","3,257.60","3,259.80","3,214.70","","-3.35%"
"2020-02-21","3,337.80","3,360.50","3,360.80","3,328.40","","-1.05%"
"2020-02-20","3,373.20","3,380.40","3,389.20","3,341.00","","-0.38%"
"2020-02-19","3,386.20","3,380.40","3,393.50","3,378.80","","0.47%"
"2020-02-18","3,370.30","3,369.00","3,375.00","3,355.60","","-0.29%"
"2020-02-14","3,380.20","3,378.10","3,380.70","3,366.20","","0.19%"
"2020-02-13","3,373.90","3,365.90","3,385.10","3,360.50","","-0.16%"
"2020-02-12","3,379.40","3,370.50","3,381.50","3,369.70","","0.64%"
"2020-02-11","3,357.80","3,365.90","3,375.60","3,352.70","","0.17%"
"2020-02-10","3,352.10","3,318.30","3,352.30","3,317.80","","0.73%"
"2020-02-07","3,327.70","3,335.50","3,341.40","3,322.10","","-0.54%"
"2020-02-06","3,345.80","3,344.90","3,348.00","3,334.40","","0.33%"
"2020-02-05","3,334.70","3,324.90","3,337.60","3,313.80","","1.13%"
"2020-02-04","3,297.60","3,280.60","3,306.90","3,280.60","","1.50%"
"2020-02-03","3,248.90","3,235.70","3,268.40","3,235.70","","0.73%"
"2020-01-31","3,225.50","3,282.30","3,282.30","3,214.70","","-1.77%"
"2020-01-30","3,283.70","3,256.40","3,285.90","3,242.80","","0.31%"
"2020-01-29","3,273.40","3,289.50","3,293.50","3,271.90","","-0.09%"
"2020-01-28","3,276.20","3,255.30","3,285.80","3,253.20","","1.01%"
"2020-01-27","3,243.60","3,247.20","3,258.80","3,234.50","","-1.57%"
"2020-01-24","3,295.50","3,333.10","3,333.20","3,281.50","","-0.90%"
"2020-01-23","3,325.50","3,315.80","3,326.90","3,301.90","","0.11%"
"2020-01-22","3,321.80","3,330.00","3,337.80","3,320.00","","0.03%"
"2020-01-21","3,320.80","3,321.00","3,329.80","3,316.60","","-0.26%"
"2020-01-17","3,329.60","3,323.70","3,329.90","3,318.90","","0.39%"
"2020-01-16","3,316.80","3,303.00","3,317.10","3,302.80","","0.84%"
"2020-01-15","3,289.30","3,282.30","3,298.70","3,280.70","","0.19%"
"2020-01-14","3,283.20","3,285.30","3,294.20","3,277.20","","-0.15%"
"2020-01-13","3,288.10","3,271.10","3,288.10","3,268.40","","0.70%"
"2020-01-10","3,265.30","3,281.80","3,283.00","3,260.90","","-0.29%"
"2020-01-09","3,274.70","3,266.00","3,275.60","3,263.70","","0.66%"
"2020-01-08","3,253.10","3,238.60","3,267.10","3,236.70","","0.49%"
"2020-01-07","3,237.20","3,241.90","3,244.90","3,232.40","","-0.28%"
"2020-01-06","3,246.30","3,217.60","3,246.80","3,214.60","","0.36%"
"2020-01-03","3,234.80","3,226.40","3,246.20","3,222.30","","-0.71%"
"2020-01-02","3,257.80","3,244.70","3,258.10","3,235.50","","0.84%"
"2019-12-31","3,230.80","3,215.20","3,231.70","3,212.00","","0.29%"
"2019-12-30","3,221.30","3,240.10","3,240.90","3,216.60","","-0.58%"
"2019-12-27","3,240.00","3,247.20","3,247.90","3,234.40","","0.00%"
"2019-12-26","3,239.90","3,227.20","3,240.10","3,227.20","","0.51%"
"2019-12-24","3,223.40","3,225.40","3,226.40","3,220.50","","-0.02%"
"2019-12-23","3,224.00","3,226.10","3,227.80","3,222.30","","0.09%"
"2019-12-20","3,221.20","3,223.30","3,225.70","3,216.00","","0.49%"
"2019-12-19","3,205.40","3,192.30","3,205.50","3,192.30","","0.45%"
"2019-12-18","3,191.10","3,195.20","3,198.50","3,191.10","","-0.04%"
"2019-12-17","3,192.50","3,195.40","3,198.20","3,191.00","","0.03%"
"2019-12-16","3,191.40","3,183.60","3,197.70","3,183.60","","0.71%"
"2019-12-13","3,168.80","3,166.70","3,182.70","3,156.50","","0.01%"
"2019-12-12","3,168.60","3,141.20","3,176.30","3,138.50","","0.86%"
"2019-12-11","3,141.60","3,135.80","3,144.00","3,133.20","","0.29%"
"2019-12-10","3,132.50","3,135.40","3,142.10","3,126.10","","-0.11%"
"2019-12-09","3,136.00","3,141.90","3,148.90","3,135.50","","-0.31%"
"2019-12-06","3,145.90","3,134.60","3,150.60","3,134.60","","0.91%"
"2019-12-05","3,117.40","3,119.20","3,119.40","3,103.80","","0.15%"
"2019-12-04","3,112.80","3,103.50","3,119.40","3,102.50","","0.63%"
"2019-12-03","3,093.20","3,087.40","3,095.00","3,070.30","","-0.66%"
"2019-12-02","3,113.90","3,143.80","3,144.30","3,110.80","","-0.86%"
"2019-11-29","3,141.00","3,147.20","3,150.30","3,139.30","","-0.40%"
"2019-11-27","3,153.60","3,145.50","3,154.30","3,143.40","","0.42%"
"2019-11-26","3,140.50","3,134.80","3,142.70","3,131.00","","0.22%"
"2019-11-25","3,133.60","3,117.40","3,133.80","3,117.40","","0.75%"
"2019-11-22","3,110.30","3,111.40","3,112.90","3,099.30","","0.22%"
"2019-11-21","3,103.50","3,108.50","3,110.10","3,094.60","","-0.16%"
"2019-11-20","3,108.50","3,114.70","3,119.00","3,091.40","","-0.37%"
"2019-11-19","3,120.20","3,127.40","3,127.60","3,113.50","","-0.06%"
"2019-11-18","3,122.00","3,117.90","3,124.20","3,112.10","","0.05%"
"2019-11-15","3,120.50","3,107.90","3,120.50","3,104.60","","0.77%"
"2019-11-14","3,096.60","3,090.80","3,098.20","3,083.30","","0.08%"
"2019-11-13","3,094.00","3,084.20","3,098.10","3,078.80","","0.07%"
"2019-11-12","3,091.80","3,089.30","3,102.60","3,084.70","","0.16%"
"2019-11-11","3,087.00","3,080.30","3,088.30","3,075.80","","-0.20%"
"2019-11-08","3,093.10","3,081.20","3,093.10","3,073.60","","0.26%"
"2019-11-07","3,085.20","3,087.00","3,097.80","3,080.20","","0.27%"
"2019-11-06","3,076.80","3,075.10","3,078.30","3,065.90","","0.07%"
"2019-11-05","3,074.60","3,080.80","3,083.90","3,072.20","","-0.12%"
"2019-11-04","3,078.30","3,079.00","3,085.20","3,074.90","","0.37%"
"2019-11-01","3,066.90","3,050.70","3,066.90","3,050.70","","0.96%"
"2019-10-31","3,037.60","3,046.90","3,046.90","3,023.20","","-0.30%"
"2019-10-30","3,046.80","3,039.70","3,050.10","3,026.00","","0.33%"
"2019-10-29","3,036.90","3,035.40","3,047.90","3,034.80","","-0.08%"
"2019-10-28","3,039.40","3,032.10","3,044.10","3,032.10","","0.56%"
"2019-10-25","3,022.60","3,003.30","3,027.40","3,001.90","","0.41%"
"2019-10-24","3,010.30","3,014.80","3,016.10","3,000.40","","0.19%"
"2019-10-23","3,004.50","2,994.00","3,004.80","2,991.20","","0.28%"
"2019-10-22","2,996.00","3,010.70","3,014.60","2,995.00","","-0.36%"
"2019-10-21","3,006.70","2,996.50","3,007.30","2,995.30","","0.69%"
"2019-10-18","2,986.20","2,996.80","3,000.00","2,976.30","","-0.39%"
"2019-10-17","2,997.90","3,000.80","3,008.30","2,991.80","","0.27%"
"2019-10-16","2,989.70","2,989.70","2,997.50","2,985.20","","-0.20%"
"2019-10-15","2,995.70","2,973.60","3,003.30","2,973.60","","0.99%"
"2019-10-14","2,966.20","2,965.80","2,972.80","2,962.90","","-0.14%"
"2019-10-11","2,970.30","2,963.10","2,993.30","2,963.10","","1.10%"
"2019-10-10","2,938.10","2,918.60","2,948.50","2,917.10","","0.64%"
"2019-10-09","2,919.40","2,911.10","2,929.30","2,907.40","","0.91%"
"2019-10-08","2,893.10","2,920.40","2,925.50","2,892.70","","-1.56%"
"2019-10-07","2,938.80","2,944.20","2,959.80","2,935.70","","-0.45%"
"2019-10-04","2,952.00","2,918.60","2,953.70","2,918.60","","1.42%"
"2019-10-03","2,910.60","2,885.40","2,911.10","2,855.90","","0.80%"
"2019-10-02","2,887.60","2,924.80","2,924.80","2,874.90","","-1.79%"
"2019-10-01","2,940.20","2,983.70","2,992.50","2,938.70","","-1.23%"
"2019-09-30","2,976.70","2,967.10","2,983.80","2,967.10","","0.50%"
"2019-09-27","2,961.80","2,985.50","2,987.30","2,945.50","","-0.53%"
"2019-09-26","2,977.60","2,985.70","2,987.30","2,963.70","","-0.24%"
"2019-09-25","2,984.90","2,968.30","2,989.80","2,952.90","","0.62%"
"2019-09-24","2,966.60","3,002.40","3,008.00","2,957.70","","-0.84%"
"2019-09-23","2,991.80","2,983.50","2,999.20","2,982.20","","-0.01%"
"2019-09-20","2,992.10","3,008.40","3,016.40","2,984.70","","-0.49%"
"2019-09-19","3,006.80","3,010.40","3,022.00","3,003.20","","0.00%"
"2019-09-18","3,006.70","3,001.50","3,007.80","2,978.60","","0.03%"
"2019-09-17","3,005.70","2,995.70","3,006.20","2,993.70","","0.26%"
"2019-09-16","2,998.00","2,996.40","3,002.20","2,990.70","","-0.31%"
"2019-09-13","3,007.40","3,012.20","3,017.30","3,002.90","","-0.07%"
"2019-09-12","3,009.60","3,009.10","3,020.70","3,000.90","","0.29%"
"2019-09-11","3,000.90","2,981.40","3,000.90","2,975.30","","0.72%"
"2019-09-10","2,979.40","2,971.00","2,979.40","2,957.00","","0.03%"
"2019-09-09","2,978.40","2,988.40","2,989.40","2,969.40","","-0.01%"
"2019-09-06","2,978.70","2,980.30","2,985.00","2,972.50","","0.09%"
"2019-09-05","2,976.00","2,960.60","2,985.90","2,960.60","","1.30%"
"2019-09-04","2,937.80","2,924.70","2,938.80","2,921.90","","1.08%"
"2019-09-03","2,906.30","2,909.00","2,914.40","2,891.80","","-0.69%"
"2019-08-30","2,926.50","2,937.10","2,940.40","2,913.30","","0.06%"
"2019-08-29","2,924.60","2,910.40","2,930.50","2,905.70","","1.27%"
"2019-08-28","2,887.90","2,861.30","2,890.00","2,853.10","","0.65%"
"2019-08-27","2,869.20","2,893.10","2,898.80","2,860.60","","-0.32%"
"2019-08-26","2,878.40","2,866.70","2,879.30","2,856.00","","1.10%"
"2019-08-23","2,847.10","2,911.10","2,927.00","2,835.00","","-2.59%"
"2019-08-22","2,922.90","2,930.90","2,939.10","2,904.50","","-0.05%"
"2019-08-21","2,924.40","2,922.00","2,928.70","2,917.90","","0.82%"
"2019-08-20","2,900.50","2,919.00","2,923.60","2,899.60","","-0.79%"
"2019-08-19","2,923.70","2,913.50","2,931.00","2,913.50","","1.21%"
"2019-08-16","2,888.70","2,864.70","2,893.60","2,864.70","","1.44%"
"2019-08-15","2,847.60","2,846.20","2,856.70","2,825.50","","0.25%"
"2019-08-14","2,840.60","2,894.20","2,894.20","2,839.60","","-2.93%"
"2019-08-13","2,926.30","2,880.70","2,943.30","2,877.10","","1.47%"
"2019-08-12","2,883.80","2,907.10","2,907.60","2,873.10","","-1.20%"
"2019-08-09","2,918.70","2,930.50","2,935.80","2,900.20","","-0.66%"
"2019-08-08","2,938.10","2,896.20","2,938.70","2,894.50","","1.88%"
"2019-08-07","2,884.00","2,858.70","2,892.20","2,825.70","","0.08%"
"2019-08-06","2,881.80","2,861.20","2,884.40","2,847.40","","1.30%"
"2019-08-05","2,844.70","2,898.10","2,898.10","2,822.10","","-2.98%"
"2019-08-02","2,932.10","2,943.90","2,945.50","2,914.10","","-0.73%"
"2019-08-01","2,953.60","2,980.30","3,013.60","2,945.20","","-0.90%"
"2019-07-31","2,980.40","3,016.20","3,017.40","2,958.10","","-1.09%"
"2019-07-30","3,013.20","3,007.70","3,017.20","3,000.90","","-0.26%"
"2019-07-29","3,021.00","3,024.50","3,025.60","3,014.30","","-0.16%"
"2019-07-26","3,025.90","3,013.20","3,028.00","3,012.60","","0.74%"
"2019-07-25","3,003.70","3,016.30","3,016.30","2,997.20","","-0.53%"
"2019-07-24","3,019.60","2,998.80","3,019.60","2,996.80","","0.47%"
"2019-07-23","3,005.50","2,994.70","3,005.90","2,988.60","","0.69%"
"2019-07-22","2,985.00","2,981.90","2,990.70","2,976.70","","0.28%"
"2019-07-19","2,976.60","3,004.30","3,006.00","2,975.90","","-0.62%"
"2019-07-18","2,995.10","2,978.90","2,998.30","2,973.10","","0.36%"
"2019-07-17","2,984.40","3,005.10","3,005.30","2,984.20","","-0.65%"
"2019-07-16","3,004.00","3,012.10","3,015.00","3,001.20","","-0.34%"
"2019-07-15","3,014.30","3,017.80","3,017.80","3,008.80","","0.02%"
"2019-07-12","3,013.80","3,003.40","3,013.90","3,001.90","","0.46%"
"2019-07-11","2,999.90","2,999.60","3,002.30","2,988.80","","0.23%"
"2019-07-10","2,993.10","2,989.30","3,003.00","2,984.60","","0.45%"
"2019-07-09","2,979.60","2,965.50","2,981.90","2,963.40","","0.12%"
"2019-07-08","2,975.90","2,979.80","2,980.80","2,970.10","","-0.48%"
"2019-07-05","2,990.40","2,984.20","2,994.00","2,968.00","","-0.18%"
"2019-07-03","2,995.80","2,978.10","2,995.80","2,978.00","","0.77%"
"2019-07-02","2,973.00","2,964.70","2,973.20","2,955.90","","0.29%"
"2019-07-01","2,964.30","2,971.40","2,977.90","2,952.20","","0.76%"
"2019-06-28","2,941.80","2,932.90","2,944.00","2,929.10","","0.58%"
"2019-06-27","2,924.90","2,919.70","2,929.30","2,918.60","","0.38%"
"2019-06-26","2,913.80","2,926.10","2,932.60","2,913.00","","-0.12%"
"2019-06-25","2,917.40","2,945.80","2,946.50","2,916.00","","-0.95%"
"2019-06-24","2,945.30","2,951.40","2,954.90","2,944.10","","-0.18%"
"2019-06-21","2,950.50","2,952.70","2,964.20","2,946.90","","-0.13%"
"2019-06-20","2,954.20","2,949.60","2,958.10","2,931.50","","0.95%"
"2019-06-19","2,926.50","2,920.60","2,931.70","2,911.40","","0.30%"
"2019-06-18","2,917.80","2,906.70","2,930.80","2,905.40","","0.97%"
"2019-06-17","2,889.70","2,889.80","2,897.30","2,887.30","","0.09%"
"2019-06-14","2,887.00","2,886.80","2,894.40","2,879.60","","-0.16%"
"2019-06-13","2,891.60","2,886.20","2,895.20","2,882.00","","0.41%"
"2019-06-12","2,879.80","2,882.70","2,888.60","2,874.70","","-0.20%"
"2019-06-11","2,885.70","2,903.30","2,910.60","2,878.50","","-0.03%"
"2019-06-10","2,886.70","2,885.80","2,904.80","2,885.50","","0.47%"
"2019-06-07","2,873.30","2,852.90","2,885.00","2,852.90","","1.05%"
"2019-06-06","2,843.50","2,828.50","2,852.10","2,822.40","","0.61%"
"2019-06-05","2,826.20","2,818.10","2,827.30","2,800.90","","0.82%"
"2019-06-04","2,803.30","2,762.60","2,804.50","2,762.60","","2.15%"
"2019-06-03","2,744.40","2,751.50","2,763.10","2,728.80","","-0.28%"
"2019-05-31","2,752.10","2,766.20","2,769.00","2,750.50","","-1.32%"
"2019-05-30","2,788.90","2,786.90","2,799.00","2,776.70","","0.21%"
"2019-05-29","2,783.00","2,790.20","2,792.00","2,766.10","","-0.69%"
"2019-05-28","2,802.40","2,830.00","2,840.50","2,801.60","","-0.84%"
"2019-05-24","2,826.10","2,832.40","2,841.40","2,820.20","","0.14%"
"2019-05-23","2,822.20","2,836.70","2,836.70","2,805.50","","-1.19%"
"2019-05-22","2,856.30","2,856.10","2,865.50","2,851.10","","-0.28%"
"2019-05-21","2,864.40","2,854.00","2,868.90","2,854.00","","0.85%"
"2019-05-20","2,840.20","2,841.90","2,853.90","2,831.30","","-0.67%"
"2019-05-17","2,859.50","2,858.60","2,885.50","2,854.20","","-0.58%"
"2019-05-16","2,876.30","2,855.80","2,892.20","2,855.80","","0.89%"
"2019-05-15","2,851.00","2,820.40","2,858.70","2,815.10","","0.59%"
"2019-05-14","2,834.40","2,820.10","2,852.50","2,820.10","","0.80%"
"2019-05-13","2,811.90","2,840.20","2,840.20","2,801.40","","-2.41%"
"2019-05-10","2,881.40","2,863.10","2,891.30","2,825.40","","0.37%"
"2019-05-09","2,870.70","2,859.80","2,876.00","2,836.40","","-0.30%"
"2019-05-08","2,879.40","2,879.60","2,898.00","2,873.30","","-0.16%"
"2019-05-07","2,884.10","2,913.00","2,913.00","2,862.60","","-1.65%"
"2019-05-06","2,932.50","2,908.90","2,937.30","2,898.20","","-0.44%"
"2019-05-03","2,945.60","2,929.20","2,947.80","2,929.20","","0.96%"
"2019-05-02","2,917.50","2,922.20","2,931.70","2,900.50","","-0.21%"
"2019-05-01","2,923.70","2,952.30","2,954.10","2,923.40","","-0.75%"
"2019-04-30","2,945.80","2,937.10","2,948.20","2,924.10","","0.10%"
"2019-04-29","2,943.00","2,940.60","2,949.50","2,939.30","","0.11%"
"2019-04-26","2,939.90","2,925.80","2,939.90","2,917.60","","0.47%"
"2019-04-25","2,926.20","2,929.00","2,933.10","2,912.80","","-0.03%"
"2019-04-24","2,927.20","2,934.00","2,936.80","2,926.10","","-0.22%"
"2019-04-23","2,933.70","2,910.00","2,936.30","2,908.50","","0.88%"
"2019-04-22","2,908.00","2,898.80","2,909.50","2,896.30","","0.10%"
"2019-04-18","2,905.00","2,904.80","2,908.40","2,891.90","","0.16%"
"2019-04-17","2,900.40","2,916.00","2,918.00","2,895.40","","-0.23%"
"2019-04-16","2,907.10","2,912.30","2,916.10","2,900.70","","0.05%"
"2019-04-15","2,905.60","2,908.30","2,909.60","2,896.50","","-0.06%"
"2019-04-12","2,907.40","2,900.90","2,910.50","2,898.40","","0.66%"
"2019-04-11","2,888.30","2,891.90","2,893.40","2,882.00","","0.00%"
"2019-04-10","2,888.20","2,881.40","2,889.70","2,879.10","","0.35%"
"2019-04-09","2,878.20","2,886.60","2,886.90","2,873.30","","-0.61%"
"2019-04-08","2,895.80","2,888.50","2,895.90","2,880.80","","0.11%"
"2019-04-05","2,892.70","2,884.20","2,893.20","2,883.00","","0.46%"
"2019-04-04","2,879.40","2,874.00","2,881.30","2,867.10","","0.21%"
"2019-04-03","2,873.40","2,876.10","2,885.20","2,865.20","","0.22%"
"2019-04-02","2,867.20","2,868.20","2,872.90","2,858.80","","0.00%"
"2019-04-01","2,867.20","2,848.60","2,869.40","2,848.60","","1.16%"
"2019-03-29","2,834.40","2,828.30","2,836.00","2,819.20","","0.67%"
"2019-03-28","2,815.40","2,809.40","2,819.70","2,798.80","","0.36%"
"2019-03-27","2,805.40","2,819.70","2,825.60","2,787.70","","-0.46%"
"2019-03-26","2,818.50","2,812.70","2,829.90","2,804.00","","0.72%"
"2019-03-25","2,798.40","2,796.00","2,809.80","2,785.00","","-0.08%"
"2019-03-22","2,800.70","2,844.50","2,846.20","2,800.50","","-1.90%"
"2019-03-21","2,854.90","2,819.70","2,860.30","2,817.40","","1.09%"
"2019-03-20","2,824.20","2,831.30","2,843.50","2,812.40","","-0.30%"
"2019-03-19","2,832.60","2,840.80","2,852.40","2,823.30","","-0.01%"
"2019-03-18","2,832.90","2,822.60","2,835.40","2,822.00","","0.37%"
"2019-03-15","2,822.50","2,810.80","2,830.70","2,810.80","","0.50%"
"2019-03-14","2,808.50","2,810.40","2,815.00","2,803.50","","-0.09%"
"2019-03-13","2,810.90","2,799.80","2,821.20","2,799.80","","0.69%"
"2019-03-12","2,791.50","2,787.30","2,798.30","2,786.70","","0.29%"
"2019-03-11","2,783.30","2,747.60","2,784.00","2,747.60","","1.47%"
"2019-03-08","2,743.10","2,730.80","2,744.10","2,722.30","","-0.21%"
"2019-03-07","2,748.90","2,766.50","2,767.20","2,739.10","","-0.81%"
"2019-03-06","2,771.40","2,790.30","2,790.30","2,768.70","","-0.66%"
"2019-03-05","2,789.70","2,794.40","2,796.40","2,783.00","","-0.11%"
"2019-03-04","2,792.80","2,814.40","2,816.90","2,767.70","","-0.39%"
"2019-03-01","2,803.70","2,798.20","2,808.00","2,787.40","","0.69%"
"2019-02-28","2,784.50","2,788.10","2,793.70","2,782.50","","-0.28%"
"2019-02-27","2,792.40","2,787.50","2,795.80","2,775.10","","-0.05%"
"2019-02-26","2,793.90","2,792.40","2,803.10","2,789.50","","-0.08%"
"2019-02-25","2,796.10","2,804.30","2,813.50","2,795.00","","0.12%"
"2019-02-22","2,792.70","2,780.70","2,794.20","2,779.10","","0.64%"
"2019-02-21","2,774.90","2,780.20","2,781.60","2,764.60","","-0.35%"
"2019-02-20","2,784.70","2,779.10","2,789.90","2,774.10","","0.18%"
"2019-02-19","2,779.80","2,769.30","2,787.30","2,767.30","","0.15%"
"2019-02-15","2,775.60","2,760.20","2,775.70","2,760.20","","1.09%"
"2019-02-14","2,745.70","2,743.50","2,757.90","2,731.20","","-0.27%"
"2019-02-13","2,753.00","2,750.30","2,761.80","2,748.60","","0.30%"
"2019-02-12","2,744.70","2,722.60","2,748.20","2,722.60","","1.29%"
"2019-02-11","2,709.80","2,712.40","2,718.10","2,703.80","","0.07%"
"2019-02-08","2,707.90","2,692.40","2,708.10","2,681.80","","0.07%"
"2019-02-07","2,706.10","2,717.50","2,719.30","2,687.30","","-0.93%"
"2019-02-06","2,731.60","2,735.10","2,738.10","2,724.20","","-0.22%"
"2019-02-05","2,737.70","2,728.30","2,739.00","2,724.00","","0.47%"
"2019-02-04","2,724.90","2,706.50","2,725.00","2,698.80","","0.68%"
"2019-02-01","2,706.50","2,702.30","2,716.70","2,696.90","","0.09%"
"2019-01-31","2,704.10","2,685.50","2,708.90","2,678.70","","0.86%"
"2019-01-30","2,681.10","2,653.60","2,690.40","2,648.30","","1.56%"
"2019-01-29","2,640.00","2,644.90","2,650.90","2,631.10","","-0.14%"
"2019-01-28","2,643.80","2,645.00","2,645.00","2,624.10","","-0.79%"
"2019-01-25","2,664.80","2,657.40","2,672.40","2,657.30","","0.85%"
"2019-01-24","2,642.30","2,638.80","2,647.20","2,627.00","","0.14%"
"2019-01-23","2,638.70","2,643.50","2,653.20","2,612.90","","0.22%"
"2019-01-22","2,632.90","2,657.90","2,657.90","2,617.30","","-1.42%"
"2019-01-18","2,670.70","2,651.30","2,675.50","2,647.60","","1.32%"
"2019-01-17","2,636.00","2,609.30","2,645.10","2,606.40","","0.76%"
"2019-01-16","2,616.10","2,614.80","2,625.80","2,612.70","","0.22%"
"2019-01-15","2,610.30","2,585.10","2,613.10","2,585.10","","1.07%"
"2019-01-14","2,582.60","2,580.30","2,589.30","2,570.40","","-0.53%"
"2019-01-11","2,596.30","2,588.10","2,596.30","2,577.40","","-0.01%"
"2019-01-10","2,596.60","2,573.50","2,597.80","2,562.00","","0.45%"
"2019-01-09","2,585.00","2,580.00","2,595.30","2,568.90","","0.41%"
"2019-01-08","2,574.40","2,568.10","2,579.80","2,547.60","","0.97%"
"2019-01-07","2,549.70","2,535.60","2,566.20","2,524.60","","0.70%"
"2019-01-04","2,531.90","2,474.30","2,538.10","2,474.30","","3.43%"
"2019-01-03","2,447.90","2,491.90","2,493.10","2,444.00","","-2.47%"
"2019-01-02","2,510.00","2,477.00","2,519.50","2,467.50","","0.13%"
"2018-12-31","2,506.80","2,498.90","2,509.20","2,482.80","","0.85%"
"2018-12-28","2,485.70","2,498.80","2,520.30","2,472.90","","-0.12%"
"2018-12-27","2,488.80","2,442.50","2,489.10","2,397.90","","0.86%"
"2018-12-26","2,467.70","2,363.10","2,467.80","2,346.60","","4.96%"
"2018-12-24","2,351.10","2,400.60","2,410.30","2,351.10","","-2.71%"
"2018-12-21","2,416.60","2,465.40","2,504.40","2,408.60","","-2.06%"
"2018-12-20","2,467.40","2,496.80","2,509.60","2,441.20","","-1.58%"
"2018-12-19","2,507.00","2,547.10","2,585.30","2,489.00","","-1.54%"
"2018-12-18","2,546.20","2,559.90","2,574.00","2,528.70","","0.01%"
"2018-12-17","2,545.90","2,590.80","2,601.10","2,530.50","","-2.08%"
"2018-12-14","2,599.90","2,629.70","2,635.10","2,593.80","","-1.91%"
"2018-12-13","2,650.50","2,658.70","2,670.20","2,637.30","","-0.02%"
"2018-12-12","2,651.10","2,658.20","2,685.40","2,650.30","","0.54%"
"2018-12-11","2,636.80","2,664.40","2,674.30","2,621.30","","-0.03%"
"2018-12-10","2,637.70","2,630.90","2,647.50","2,583.20","","0.17%"
"2018-12-07","2,633.10","2,691.30","2,708.50","2,623.10","","-2.33%"
"2018-12-06","2,695.90","2,663.50","2,696.20","2,621.50","","-0.16%"
"2018-12-04","2,700.10","2,782.40","2,785.90","2,697.20","","-3.24%"
"2018-12-03","2,790.40","2,790.50","2,800.20","2,773.40","","1.09%"
"2018-11-30","2,760.20","2,737.80","2,760.90","2,732.80","","0.82%"
"2018-11-29","2,737.80","2,737.00","2,753.80","2,722.90","","-0.22%"
"2018-11-28","2,743.80","2,691.40","2,744.00","2,684.40","","2.30%"
"2018-11-27","2,682.20","2,663.80","2,682.50","2,655.90","","0.33%"
"2018-11-26","2,673.40","2,650.00","2,674.30","2,650.00","","1.55%"
"2018-11-23","2,632.60","2,633.40","2,647.60","2,631.10","","-0.65%"
"2018-11-21","2,649.90","2,657.70","2,670.70","2,649.80","","0.30%"
"2018-11-20","2,641.90","2,654.60","2,669.40","2,631.50","","-1.81%"
"2018-11-19","2,690.70","2,730.70","2,733.20","2,681.10","","-1.67%"
"2018-11-16","2,736.30","2,718.50","2,746.80","2,712.20","","0.22%"
"2018-11-15","2,730.20","2,693.50","2,735.40","2,670.80","","1.06%"
"2018-11-14","2,701.60","2,737.90","2,746.80","2,685.80","","-0.76%"
"2018-11-13","2,722.20","2,730.10","2,754.60","2,715.00","","-0.15%"
"2018-11-12","2,726.20","2,773.90","2,776.00","2,722.00","","-1.97%"
"2018-11-09","2,781.00","2,794.10","2,794.10","2,764.20","","-0.92%"
"2018-11-08","2,806.80","2,806.40","2,814.80","2,795.00","","-0.25%"
"2018-11-07","2,813.90","2,774.10","2,815.20","2,774.10","","2.12%"
"2018-11-06","2,755.40","2,738.40","2,756.80","2,737.10","","0.62%"
"2018-11-05","2,738.30","2,726.40","2,744.30","2,717.90","","0.56%"
"2018-11-02","2,723.10","2,745.40","2,756.60","2,700.40","","-0.63%"
"2018-11-01","2,740.40","2,717.60","2,741.70","2,708.80","","1.06%"
"2018-10-31","2,711.70","2,705.60","2,736.70","2,705.60","","1.08%"
"2018-10-30","2,682.60","2,640.70","2,685.40","2,635.30","","1.57%"
"2018-10-29","2,641.20","2,682.70","2,706.80","2,603.50","","-0.66%"
"2018-10-26","2,658.70","2,667.90","2,692.40","2,628.20","","-1.73%"
"2018-10-25","2,705.60","2,674.90","2,722.70","2,667.80","","1.86%"
"2018-10-24","2,656.10","2,737.90","2,742.60","2,651.90","","-3.09%"
"2018-10-23","2,740.70","2,721.00","2,753.60","2,691.40","","-0.55%"
"2018-10-22","2,755.90","2,773.90","2,778.90","2,749.20","","-0.43%"
"2018-10-19","2,767.80","2,775.70","2,797.80","2,760.30","","-0.04%"
"2018-10-18","2,768.80","2,802.00","2,806.00","2,755.20","","-1.44%"
"2018-10-17","2,809.20","2,811.70","2,816.90","2,781.80","","-0.02%"
"2018-10-16","2,809.90","2,767.10","2,813.50","2,766.90","","2.15%"
"2018-10-15","2,750.80","2,763.80","2,776.00","2,749.00","","-0.59%"
"2018-10-12","2,767.10","2,770.50","2,775.80","2,729.40","","1.42%"
"2018-10-11","2,728.40","2,776.90","2,795.10","2,710.50","","-2.06%"
"2018-10-10","2,785.70","2,873.90","2,874.00","2,784.90","","-3.28%"
"2018-10-09","2,880.30","2,882.50","2,894.80","2,874.30","","-0.14%"
"2018-10-08","2,884.40","2,877.50","2,889.40","2,862.10","","-0.04%"
"2018-10-05","2,885.60","2,902.50","2,909.60","2,869.30","","-0.55%"
"2018-10-04","2,901.60","2,919.30","2,919.80","2,883.90","","-0.82%"
"2018-10-03","2,925.50","2,931.70","2,939.90","2,921.40","","0.07%"
"2018-10-02","2,923.40","2,923.80","2,931.40","2,919.40","","-0.04%"
"2018-10-01","2,924.60","2,926.30","2,937.10","2,917.90","","0.36%"
"2018-09-28","2,914.00","2,910.00","2,920.50","2,907.50","","0.00%"
"2018-09-27","2,914.00","2,911.70","2,927.20","2,909.30","","0.28%"
"2018-09-26","2,906.00","2,917.00","2,931.20","2,903.30","","-0.33%"
"2018-09-25","2,915.60","2,921.80","2,923.90","2,913.70","","-0.13%"
"2018-09-24","2,919.40","2,921.80","2,923.80","2,912.60","","-0.35%"
"2018-09-21","2,929.70","2,936.80","2,940.90","2,927.10","","-0.04%"
"2018-09-20","2,930.80","2,919.70","2,934.80","2,919.70","","0.79%"
"2018-09-19","2,907.90","2,906.60","2,912.40","2,903.80","","0.12%"
"2018-09-18","2,904.30","2,890.70","2,911.20","2,890.40","","0.54%"
"2018-09-17","2,888.80","2,903.80","2,904.70","2,886.20","","-0.56%"
"2018-09-14","2,905.00","2,906.40","2,908.30","2,895.80","","0.03%"
"2018-09-13","2,904.20","2,896.80","2,906.80","2,896.40","","0.53%"
"2018-09-12","2,888.90","2,888.30","2,894.70","2,879.20","","0.03%"
"2018-09-11","2,887.90","2,871.60","2,892.50","2,866.80","","0.38%"
"2018-09-10","2,877.10","2,881.40","2,886.90","2,875.90","","0.19%"
"2018-09-07","2,871.70","2,868.30","2,883.80","2,864.10","","-0.22%"
"2018-09-06","2,878.10","2,888.60","2,892.10","2,867.30","","-0.36%"
"2018-09-05","2,888.60","2,891.60","2,894.20","2,876.90","","-0.28%"
"2018-09-04","2,896.70","2,897.00","2,900.20","2,885.10","","-0.17%"
"2018-08-31","2,901.50","2,898.40","2,906.30","2,891.70","","0.01%"
"2018-08-30","2,901.10","2,908.90","2,912.50","2,895.20","","-0.44%"
"2018-08-29","2,914.00","2,900.60","2,916.50","2,898.40","","0.57%"
"2018-08-28","2,897.50","2,901.40","2,903.80","2,893.50","","0.03%"
"2018-08-27","2,896.70","2,884.70","2,898.20","2,884.70","","0.77%"
"2018-08-24","2,874.70","2,862.30","2,876.20","2,862.30","","0.62%"
"2018-08-23","2,857.00","2,860.30","2,868.80","2,854.00","","-0.17%"
"2018-08-22","2,861.80","2,861.00","2,867.50","2,856.10","","-0.04%"
"2018-08-21","2,863.00","2,861.50","2,873.20","2,861.30","","0.21%"
"2018-08-20","2,857.10","2,853.90","2,859.80","2,850.60","","0.25%"
"2018-08-17","2,850.10","2,838.30","2,855.60","2,833.70","","0.33%"
"2018-08-16","2,840.70","2,831.40","2,850.50","2,831.40","","0.79%"
"2018-08-15","2,818.40","2,827.90","2,827.90","2,802.50","","-0.76%"
"2018-08-14","2,840.00","2,827.90","2,843.10","2,826.60","","0.64%"
"2018-08-13","2,821.90","2,835.50","2,843.40","2,819.90","","-0.40%"
"2018-08-10","2,833.30","2,839.60","2,842.20","2,825.80","","-0.71%"
"2018-08-09","2,853.60","2,857.20","2,862.50","2,852.00","","-0.14%"
"2018-08-08","2,857.70","2,856.80","2,862.40","2,853.10","","-0.02%"
"2018-08-07","2,858.40","2,855.90","2,863.40","2,855.90","","0.28%"
"2018-08-06","2,850.40","2,840.30","2,853.30","2,836.00","","0.36%"
"2018-08-03","2,840.30","2,829.60","2,840.40","2,827.40","","0.46%"
"2018-08-02","2,827.20","2,800.50","2,829.90","2,796.30","","0.49%"
"2018-08-01","2,813.40","2,821.20","2,825.80","2,805.80","","-0.10%"
"2018-07-31","2,816.30","2,809.70","2,824.50","2,808.10","","0.49%"
"2018-07-30","2,802.60","2,819.00","2,821.70","2,798.10","","-0.57%"
"2018-07-27","2,818.80","2,842.30","2,843.20","2,808.30","","-0.66%"
"2018-07-26","2,837.40","2,835.50","2,845.60","2,835.30","","-0.31%"
"2018-07-25","2,846.10","2,817.70","2,848.00","2,817.70","","0.91%"
"2018-07-24","2,820.40","2,820.70","2,830.00","2,811.10","","0.48%"
"2018-07-23","2,807.00","2,799.20","2,808.60","2,795.10","","0.19%"
"2018-07-20","2,801.80","2,804.60","2,809.70","2,800.00","","-0.10%"
"2018-07-19","2,804.50","2,809.40","2,812.10","2,799.80","","-0.39%"
"2018-07-18","2,815.60","2,811.30","2,816.80","2,805.90","","0.21%"
"2018-07-17","2,809.60","2,789.30","2,814.20","2,789.20","","0.40%"
"2018-07-16","2,798.40","2,801.40","2,803.70","2,793.40","","-0.10%"
"2018-07-13","2,801.30","2,796.90","2,804.50","2,791.70","","0.11%"
"2018-07-12","2,798.30","2,783.10","2,799.20","2,781.50","","0.88%"
"2018-07-11","2,774.00","2,779.80","2,785.90","2,770.80","","-0.71%"
"2018-07-10","2,793.80","2,788.60","2,795.60","2,786.20","","0.34%"
"2018-07-09","2,784.20","2,768.50","2,784.70","2,768.50","","0.88%"
"2018-07-06","2,759.80","2,737.70","2,764.40","2,733.50","","0.85%"
"2018-07-05","2,736.60","2,724.20","2,737.80","2,716.00","","0.86%"
"2018-07-03","2,713.20","2,733.30","2,736.60","2,711.20","","-0.50%"
"2018-07-02","2,726.70","2,704.90","2,727.30","2,698.90","","0.31%"
"2018-06-29","2,718.40","2,727.10","2,743.30","2,718.00","","0.08%"
"2018-06-28","2,716.30","2,698.70","2,724.30","2,692.00","","0.62%"
"2018-06-27","2,699.60","2,728.40","2,746.10","2,699.40","","-0.86%"
"2018-06-26","2,723.10","2,722.10","2,732.90","2,715.60","","0.22%"
"2018-06-25","2,717.10","2,742.90","2,742.90","2,698.70","","-1.37%"
"2018-06-22","2,754.90","2,760.80","2,764.20","2,752.70","","0.19%"
"2018-06-21","2,749.80","2,769.30","2,769.30","2,744.40","","-0.63%"
"2018-06-20","2,767.30","2,769.70","2,774.90","2,763.90","","0.17%"
"2018-06-19","2,762.60","2,752.00","2,765.10","2,743.20","","-0.40%"
"2018-06-18","2,773.80","2,765.80","2,775.00","2,757.10","","-0.21%"
"2018-06-15","2,779.70","2,777.80","2,782.80","2,761.70","","-0.10%"
"2018-06-14","2,782.50","2,783.20","2,789.10","2,776.50","","0.25%"
"2018-06-13","2,775.60","2,787.90","2,791.50","2,774.70","","-0.40%"
"2018-06-12","2,786.80","2,785.60","2,789.80","2,778.80","","0.17%"
"2018-06-11","2,782.00","2,780.20","2,790.20","2,780.20","","0.11%"
"2018-06-08","2,779.00","2,765.80","2,779.40","2,763.60","","0.31%"
"2018-06-07","2,770.40","2,774.80","2,779.90","2,760.20","","-0.07%"
"2018-06-06","2,772.30","2,753.20","2,772.40","2,748.50","","0.85%"
"2018-06-05","2,748.80","2,748.50","2,752.60","2,739.50","","0.07%"
"2018-06-04","2,746.90","2,741.70","2,749.20","2,740.50","","0.45%"
"2018-06-01","2,734.60","2,718.70","2,736.90","2,718.70","","1.08%"
"2018-05-31","2,705.30","2,721.00","2,722.50","2,700.70","","-0.69%"
"2018-05-30","2,724.00","2,702.40","2,729.30","2,702.40","","1.27%"
"2018-05-29","2,689.90","2,705.10","2,710.70","2,676.80","","-1.15%"
"2018-05-25","2,721.30","2,723.60","2,727.40","2,715.00","","-0.24%"
"2018-05-24","2,727.80","2,730.90","2,732.00","2,707.40","","-0.20%"
"2018-05-23","2,733.30","2,714.00","2,733.30","2,709.50","","0.33%"
"2018-05-22","2,724.40","2,738.30","2,742.20","2,721.90","","-0.31%"
"2018-05-21","2,733.00","2,725.90","2,739.20","2,725.70","","0.74%"
"2018-05-18","2,713.00","2,717.30","2,719.50","2,709.20","","-0.26%"
"2018-05-17","2,720.10","2,719.70","2,732.00","2,711.40","","-0.09%"
"2018-05-16","2,722.50","2,712.60","2,727.80","2,712.20","","0.41%"
"2018-05-15","2,711.40","2,718.60","2,718.60","2,701.90","","-0.68%"
"2018-05-14","2,730.10","2,733.40","2,742.10","2,725.50","","0.09%"
"2018-05-11","2,727.70","2,722.70","2,732.90","2,717.40","","0.17%"
"2018-05-10","2,723.10","2,705.00","2,726.10","2,704.50","","0.94%"
"2018-05-09","2,697.80","2,678.10","2,701.30","2,674.10","","0.97%"
"2018-05-08","2,671.90","2,670.30","2,676.30","2,655.20","","-0.03%"
"2018-05-07","2,672.60","2,669.40","2,683.30","2,664.70","","0.35%"
"2018-05-04","2,663.40","2,621.40","2,670.90","2,615.30","","1.28%"
"2018-05-03","2,629.70","2,628.10","2,637.10","2,594.60","","-0.23%"
"2018-05-02","2,635.70","2,654.20","2,660.90","2,631.70","","-0.72%"
"2018-05-01","2,654.80","2,643.60","2,655.30","2,625.40","","0.25%"
"2018-04-30","2,648.10","2,675.10","2,682.90","2,648.00","","-0.82%"
"2018-04-27","2,669.90","2,675.50","2,677.30","2,659.00","","0.11%"
"2018-04-26","2,666.90","2,651.70","2,676.50","2,647.20","","1.04%"
"2018-04-25","2,639.40","2,634.90","2,645.30","2,612.70","","0.18%"
"2018-04-24","2,634.60","2,680.80","2,683.60","2,617.30","","-1.34%"
"2018-04-23","2,670.30","2,675.40","2,682.90","2,658.00","","0.01%"
"2018-04-20","2,670.10","2,692.60","2,693.90","2,660.60","","-0.85%"
"2018-04-19","2,693.10","2,701.20","2,702.80","2,681.90","","-0.57%"
"2018-04-18","2,708.60","2,710.10","2,717.50","2,703.60","","0.08%"
"2018-04-17","2,706.40","2,692.70","2,713.30","2,692.10","","1.07%"
"2018-04-16","2,677.80","2,670.10","2,686.50","2,665.20","","0.81%"
"2018-04-13","2,656.30","2,676.90","2,680.30","2,645.10","","-0.29%"
"2018-04-12","2,664.00","2,653.80","2,674.70","2,653.80","","0.83%"
"2018-04-11","2,642.20","2,643.90","2,661.40","2,639.20","","-0.55%"
"2018-04-10","2,656.90","2,638.40","2,665.40","2,635.80","","1.67%"
"2018-04-09","2,613.20","2,617.20","2,653.60","2,610.80","","0.33%"
"2018-04-06","2,604.50","2,645.80","2,656.90","2,586.30","","-2.19%"
"2018-04-05","2,662.80","2,657.40","2,672.10","2,649.60","","0.68%"
"2018-04-04","2,644.70","2,584.00","2,649.90","2,573.60","","1.16%"
"2018-04-03","2,614.40","2,592.20","2,619.10","2,575.50","","1.26%"
"2018-04-02","2,581.90","2,633.40","2,638.30","2,553.80","","-2.23%"
"2018-03-29","2,640.90","2,614.40","2,659.10","2,609.70","","1.38%"
"2018-03-28","2,605.00","2,611.30","2,632.70","2,593.10","","-0.29%"
"2018-03-27","2,612.60","2,667.60","2,674.80","2,596.10","","-1.73%"
"2018-03-26","2,658.60","2,619.30","2,661.40","2,601.80","","2.72%"
"2018-03-23","2,588.30","2,646.70","2,657.70","2,585.90","","-2.10%"
"2018-03-22","2,643.70","2,691.40","2,695.70","2,641.60","","-2.51%"
"2018-03-21","2,711.90","2,715.00","2,739.10","2,709.80","","-0.18%"
"2018-03-20","2,716.90","2,715.10","2,724.20","2,710.10","","0.15%"
"2018-03-19","2,712.90","2,741.40","2,741.40","2,694.60","","-1.42%"
"2018-03-16","2,752.00","2,750.60","2,761.80","2,750.00","","0.17%"
"2018-03-15","2,747.30","2,754.30","2,763.00","2,741.50","","-0.08%"
"2018-03-14","2,749.50","2,774.10","2,777.10","2,744.40","","-0.57%"
"2018-03-13","2,765.30","2,792.30","2,801.90","2,758.70","","-0.64%"
"2018-03-12","2,783.00","2,790.50","2,797.00","2,779.30","","-0.13%"
"2018-03-09","2,786.60","2,752.90","2,786.60","2,751.50","","1.74%"
"2018-03-08","2,739.00","2,732.80","2,740.40","2,722.70","","0.45%"
"2018-03-07","2,726.80","2,710.20","2,730.60","2,701.70","","-0.05%"
"2018-03-06","2,728.10","2,730.20","2,732.10","2,711.30","","0.26%"
"2018-03-05","2,720.90","2,681.10","2,728.10","2,675.80","","1.10%"
"2018-03-02","2,691.20","2,658.90","2,696.20","2,647.30","","0.50%"
"2018-03-01","2,677.70","2,715.20","2,730.90","2,659.70","","-1.33%"
"2018-02-28","2,713.80","2,753.80","2,761.50","2,713.50","","-1.11%"
"2018-02-27","2,744.30","2,780.40","2,789.20","2,744.20","","-1.27%"
"2018-02-26","2,779.60","2,757.40","2,780.60","2,753.80","","1.18%"
"2018-02-23","2,747.30","2,715.80","2,747.80","2,713.70","","1.60%"
"2018-02-22","2,704.00","2,710.40","2,731.30","2,697.80","","0.10%"
"2018-02-21","2,701.30","2,720.50","2,747.80","2,701.30","","-0.55%"
"2018-02-20","2,716.30","2,723.00","2,737.60","2,706.80","","-0.58%"
"2018-02-16","2,732.20","2,727.10","2,754.40","2,725.10","","0.04%"
"2018-02-15","2,731.20","2,713.50","2,731.50","2,689.80","","1.21%"
"2018-02-14","2,698.60","2,651.20","2,702.10","2,648.90","","1.34%"
"2018-02-13","2,662.90","2,646.30","2,668.80","2,637.10","","0.26%"
"2018-02-12","2,656.00","2,636.80","2,672.60","2,622.40","","1.39%"
"2018-02-09","2,619.60","2,601.80","2,638.70","2,532.70","","1.50%"
"2018-02-08","2,581.00","2,685.00","2,685.30","2,580.60","","-3.76%"
"2018-02-07","2,681.70","2,690.90","2,727.70","2,681.30","","-0.50%"
"2018-02-06","2,695.10","2,614.80","2,701.00","2,593.10","","1.74%"
"2018-02-05","2,648.90","2,741.10","2,763.40","2,638.20","","-4.10%"
"2018-02-02","2,762.10","2,808.90","2,808.90","2,760.00","","-2.12%"
"2018-02-01","2,822.00","2,816.40","2,836.00","2,812.70","","-0.06%"
"2018-01-31","2,823.80","2,832.40","2,839.30","2,813.00","","0.05%"
"2018-01-30","2,822.40","2,832.70","2,837.80","2,818.30","","-1.09%"
"2018-01-29","2,853.50","2,867.20","2,870.60","2,851.50","","-0.68%"
"2018-01-26","2,872.90","2,847.50","2,872.90","2,846.20","","1.19%"
"2018-01-25","2,839.20","2,846.20","2,848.60","2,830.90","","0.06%"
"2018-01-24","2,837.50","2,845.40","2,853.00","2,824.80","","-0.06%"
"2018-01-23","2,839.10","2,835.10","2,842.20","2,830.60","","0.22%"
"2018-01-22","2,833.00","2,809.20","2,833.00","2,808.10","","0.81%"
"2018-01-19","2,810.30","2,802.60","2,810.30","2,798.10","","0.44%"
"2018-01-18","2,798.00","2,802.40","2,805.80","2,792.60","","-0.16%"
"2018-01-17","2,802.60","2,785.00","2,807.00","2,778.40","","0.94%"
"2018-01-16","2,776.40","2,799.00","2,807.50","2,768.60","","-0.35%"
"2018-01-12","2,786.20","2,770.20","2,787.80","2,769.60","","0.67%"
"2018-01-11","2,767.60","2,753.00","2,767.60","2,752.80","","0.71%"
"2018-01-10","2,748.20","2,745.60","2,750.80","2,736.10","","-0.11%"
"2018-01-09","2,751.30","2,751.20","2,759.10","2,747.90","","0.13%"
"2018-01-08","2,747.70","2,742.70","2,748.50","2,737.60","","0.16%"
"2018-01-05","2,743.20","2,731.30","2,743.40","2,727.90","","0.70%"
"2018-01-04","2,724.00","2,719.30","2,729.30","2,719.10","","0.40%"
"2018-01-03","2,713.10","2,697.80","2,714.40","2,697.80","","0.64%"
"2018-01-02","2,695.80","2,683.70","2,695.90","2,682.40","","0.83%"
"2017-12-29","2,673.60","2,689.20","2,692.10","2,673.60","","-0.52%"
"2017-12-28","2,687.50","2,686.10","2,687.70","2,682.70","","0.18%"
"2017-12-27","2,682.60","2,682.10","2,685.60","2,678.90","","0.08%"
"2017-12-26","2,680.50","2,679.10","2,682.70","2,678.00","","-0.10%"
"2017-12-22","2,683.30","2,684.20","2,685.30","2,678.10","","-0.05%"
"2017-12-21","2,684.60","2,683.00","2,692.60","2,682.40","","0.20%"
"2017-12-20","2,679.20","2,688.20","2,691.00","2,676.10","","-0.09%"
"2017-12-19","2,681.50","2,692.70","2,694.40","2,680.70","","-0.32%"
"2017-12-18","2,690.20","2,685.90","2,695.00","2,685.90","","0.54%"
"2017-12-15","2,675.80","2,660.60","2,679.60","2,659.10","","0.90%"
"2017-12-14","2,652.00","2,665.90","2,668.10","2,652.00","","-0.41%"
"2017-12-13","2,662.80","2,667.60","2,671.90","2,662.80","","-0.05%"
"2017-12-12","2,664.10","2,661.70","2,669.70","2,659.80","","0.15%"
"2017-12-11","2,660.00","2,652.20","2,660.30","2,651.50","","0.32%"
"2017-12-08","2,651.50","2,646.20","2,651.70","2,644.10","","0.55%"
"2017-12-07","2,637.00","2,628.40","2,641.00","2,626.50","","0.29%"
"2017-12-06","2,629.30","2,626.20","2,634.40","2,624.80","","-0.01%"
"2017-12-05","2,629.60","2,639.80","2,648.70","2,627.70","","-0.37%"
"2017-12-04","2,639.40","2,657.20","2,665.20","2,639.00","","-0.11%"
"2017-12-01","2,642.20","2,645.10","2,650.60","2,605.50","","-0.20%"
"2017-11-30","2,647.60","2,633.90","2,657.70","2,633.90","","0.82%"
"2017-11-29","2,626.10","2,627.80","2,634.90","2,620.30","","-0.03%"
"2017-11-28","2,627.00","2,605.90","2,627.70","2,605.40","","0.98%"
"2017-11-27","2,601.40","2,602.70","2,606.40","2,598.90","","-0.04%"
"2017-11-24","2,602.40","2,600.40","2,604.20","2,600.40","","0.20%"
"2017-11-22","2,597.10","2,600.30","2,600.90","2,595.20","","-0.07%"
"2017-11-21","2,599.00","2,589.20","2,601.20","2,589.20","","0.65%"
"2017-11-20","2,582.10","2,579.50","2,584.60","2,578.20","","0.13%"
"2017-11-17","2,578.80","2,582.90","2,584.00","2,577.60","","-0.26%"
"2017-11-16","2,585.60","2,572.90","2,590.10","2,572.90","","0.82%"
"2017-11-15","2,564.60","2,569.40","2,572.80","2,557.40","","-0.55%"
"2017-11-14","2,578.90","2,577.80","2,579.70","2,566.60","","-0.23%"
"2017-11-13","2,584.80","2,576.50","2,587.70","2,574.50","","0.10%"
"2017-11-10","2,582.30","2,580.20","2,583.80","2,575.60","","-0.09%"
"2017-11-09","2,584.60","2,584.00","2,586.50","2,566.30","","-0.38%"
"2017-11-08","2,594.40","2,588.70","2,595.50","2,585.00","","0.15%"
"2017-11-07","2,590.60","2,592.10","2,597.00","2,584.30","","-0.02%"
"2017-11-06","2,591.10","2,587.50","2,593.40","2,585.70","","0.13%"
"2017-11-03","2,587.80","2,581.90","2,588.40","2,576.80","","0.31%"
"2017-11-02","2,579.80","2,579.50","2,581.10","2,566.20","","0.02%"
"2017-11-01","2,579.40","2,583.20","2,588.40","2,574.90","","0.16%"
"2017-10-31","2,575.30","2,576.00","2,578.30","2,572.20","","0.10%"
"2017-10-30","2,572.80","2,577.80","2,580.00","2,568.20","","-0.32%"
"2017-10-27","2,581.10","2,570.30","2,583.00","2,565.90","","0.81%"
"2017-10-26","2,560.40","2,560.10","2,567.10","2,559.80","","0.13%"
"2017-10-25","2,557.20","2,566.50","2,567.40","2,544.00","","-0.46%"
"2017-10-24","2,569.10","2,568.70","2,572.20","2,565.60","","0.16%"
"2017-10-23","2,565.00","2,578.10","2,578.30","2,564.30","","-0.40%"
"2017-10-20","2,575.20","2,567.60","2,575.40","2,567.60","","0.51%"
"2017-10-19","2,562.10","2,553.40","2,562.40","2,547.90","","0.03%"
"2017-10-18","2,561.30","2,562.90","2,564.10","2,559.70","","0.07%"
"2017-10-17","2,559.40","2,557.20","2,559.70","2,554.70","","0.07%"
"2017-10-16","2,557.60","2,555.60","2,559.50","2,552.60","","0.17%"
"2017-10-13","2,553.20","2,555.70","2,557.70","2,552.10","","0.09%"
"2017-10-12","2,550.90","2,552.90","2,555.30","2,548.30","","-0.17%"
"2017-10-11","2,555.20","2,550.60","2,555.20","2,547.90","","0.18%"
"2017-10-10","2,550.60","2,550.00","2,555.20","2,544.90","","0.23%"
"2017-10-09","2,544.70","2,551.40","2,551.80","2,541.60","","-0.18%"
"2017-10-06","2,549.30","2,547.40","2,549.40","2,543.80","","-0.11%"
"2017-10-05","2,552.10","2,540.90","2,552.50","2,540.00","","0.57%"
"2017-10-04","2,537.70","2,533.50","2,540.50","2,531.80","","0.12%"
"2017-10-03","2,534.60","2,530.30","2,535.10","2,528.80","","0.22%"
"2017-10-02","2,529.10","2,521.20","2,529.20","2,520.40","","0.39%"
"2017-09-29","2,519.40","2,510.00","2,519.40","2,508.00","","0.37%"
"2017-09-28","2,510.10","2,503.40","2,510.80","2,502.90","","0.12%"
"2017-09-27","2,507.00","2,503.30","2,511.80","2,495.90","","0.41%"
"2017-09-26","2,496.80","2,501.00","2,503.50","2,495.10","","0.00%"
"2017-09-25","2,496.70","2,499.40","2,502.50","2,488.00","","-0.22%"
"2017-09-22","2,502.20","2,497.30","2,503.50","2,496.50","","0.06%"
"2017-09-21","2,500.60","2,507.20","2,507.20","2,499.00","","-0.30%"
"2017-09-20","2,508.20","2,506.80","2,508.80","2,496.70","","0.06%"
"2017-09-19","2,506.70","2,506.30","2,507.80","2,503.20","","0.11%"
"2017-09-18","2,503.90","2,502.50","2,508.30","2,499.90","","0.15%"
"2017-09-15","2,500.20","2,495.70","2,500.20","2,493.20","","0.18%"
"2017-09-14","2,495.60","2,494.60","2,498.40","2,491.30","","-0.11%"
"2017-09-13","2,498.40","2,493.90","2,498.40","2,492.10","","0.08%"
"2017-09-12","2,496.50","2,491.90","2,496.80","2,490.40","","0.34%"
"2017-09-11","2,488.10","2,474.50","2,488.90","2,474.50","","1.08%"
"2017-09-08","2,461.40","2,462.20","2,467.10","2,459.40","","-0.15%"
"2017-09-07","2,465.10","2,468.10","2,468.60","2,460.30","","-0.02%"
"2017-09-06","2,465.50","2,463.80","2,469.60","2,459.20","","0.31%"
"2017-09-05","2,457.80","2,470.30","2,472.00","2,446.60","","-0.76%"
"2017-09-01","2,476.60","2,474.40","2,480.40","2,473.80","","0.20%"
"2017-08-31","2,471.70","2,462.70","2,475.00","2,462.70","","0.57%"
"2017-08-30","2,457.60","2,446.10","2,460.30","2,443.80","","0.46%"
"2017-08-29","2,446.30","2,431.90","2,449.20","2,428.20","","0.09%"
"2017-08-28","2,444.20","2,447.30","2,449.10","2,439.00","","0.05%"
"2017-08-25","2,443.10","2,444.70","2,454.00","2,442.20","","0.17%"
"2017-08-24","2,439.00","2,447.90","2,450.40","2,436.20","","-0.20%"
"2017-08-23","2,444.00","2,444.90","2,448.90","2,441.40","","-0.35%"
"2017-08-22","2,452.50","2,433.80","2,454.80","2,433.70","","0.99%"
"2017-08-21","2,428.40","2,425.50","2,430.60","2,417.30","","0.12%"
"2017-08-18","2,425.60","2,427.60","2,440.30","2,420.70","","-0.18%"
"2017-08-17","2,430.00","2,462.90","2,465.00","2,430.00","","-1.54%"
"2017-08-16","2,468.10","2,468.60","2,474.90","2,463.90","","0.14%"
"2017-08-15","2,464.60","2,468.70","2,468.90","2,461.60","","-0.05%"
"2017-08-14","2,465.80","2,455.00","2,468.20","2,455.00","","1.00%"
"2017-08-11","2,441.30","2,441.00","2,448.10","2,437.80","","0.13%"
"2017-08-10","2,438.20","2,465.40","2,465.40","2,437.80","","-1.45%"
"2017-08-09","2,474.00","2,465.30","2,474.40","2,462.10","","-0.04%"
"2017-08-08","2,474.90","2,478.30","2,490.90","2,470.30","","-0.24%"
"2017-08-07","2,480.90","2,477.10","2,480.90","2,475.90","","0.17%"
"2017-08-04","2,476.80","2,476.90","2,480.00","2,472.10","","0.19%"
"2017-08-03","2,472.20","2,476.00","2,476.00","2,468.80","","-0.22%"
"2017-08-02","2,477.60","2,480.40","2,480.40","2,466.50","","0.05%"
"2017-08-01","2,476.30","2,477.10","2,478.50","2,471.10","","0.24%"
"2017-07-31","2,470.30","2,475.90","2,478.00","2,468.50","","-0.07%"
"2017-07-28","2,472.10","2,469.10","2,473.50","2,464.70","","-0.13%"
"2017-07-27","2,475.40","2,482.80","2,484.00","2,459.90","","-0.10%"
"2017-07-26","2,477.80","2,480.00","2,481.70","2,474.90","","0.03%"
"2017-07-25","2,477.10","2,477.90","2,481.20","2,474.90","","0.29%"
"2017-07-24","2,469.90","2,472.00","2,473.10","2,466.30","","-0.11%"
"2017-07-21","2,472.50","2,467.40","2,472.50","2,465.10","","-0.04%"
"2017-07-20","2,473.40","2,475.60","2,477.60","2,468.40","","-0.02%"
"2017-07-19","2,473.80","2,463.80","2,473.80","2,463.80","","0.54%"
"2017-07-18","2,460.60","2,455.90","2,460.90","2,450.30","","0.06%"
"2017-07-17","2,459.10","2,459.50","2,462.80","2,457.20","","-0.01%"
"2017-07-14","2,459.30","2,449.20","2,463.50","2,446.70","","0.47%"
"2017-07-13","2,447.80","2,445.00","2,449.30","2,441.70","","0.19%"
"2017-07-12","2,443.20","2,435.80","2,445.80","2,435.80","","0.73%"
"2017-07-11","2,425.50","2,427.30","2,429.30","2,412.80","","-0.08%"
"2017-07-10","2,427.40","2,424.50","2,432.00","2,422.30","","0.09%"
"2017-07-07","2,425.20","2,413.50","2,426.90","2,413.50","","0.64%"
"2017-07-06","2,409.80","2,423.40","2,424.30","2,407.70","","-0.93%"
"2017-07-05","2,432.50","2,430.80","2,434.90","2,422.10","","0.14%"
"2017-07-03","2,429.00","2,431.40","2,439.20","2,428.70","","0.23%"
"2017-06-30","2,423.40","2,429.20","2,432.70","2,421.70","","0.15%"
"2017-06-29","2,419.70","2,442.40","2,442.70","2,405.70","","-0.86%"
"2017-06-28","2,440.70","2,428.70","2,443.00","2,428.00","","0.88%"
"2017-06-27","2,419.40","2,436.30","2,440.20","2,419.40","","-0.81%"
"2017-06-26","2,439.10","2,443.30","2,450.40","2,437.00","","0.03%"
"2017-06-23","2,438.30","2,434.70","2,441.40","2,431.10","","0.16%"
"2017-06-22","2,434.50","2,437.40","2,441.60","2,433.30","","-0.05%"
"2017-06-21","2,435.60","2,439.30","2,442.20","2,430.70","","-0.06%"
"2017-06-20","2,437.00","2,450.70","2,450.70","2,436.60","","-0.67%"
"2017-06-19","2,453.50","2,442.60","2,453.80","2,441.80","","0.83%"
"2017-06-16","2,433.20","2,431.20","2,433.20","2,422.90","","0.03%"
"2017-06-15","2,432.50","2,424.10","2,433.90","2,418.50","","-0.22%"
"2017-06-14","2,437.90","2,443.80","2,443.80","2,428.30","","-0.10%"
"2017-06-13","2,440.30","2,434.20","2,441.50","2,431.30","","0.45%"
"2017-06-12","2,429.40","2,425.90","2,430.40","2,420.00","","-0.10%"
"2017-06-09","2,431.80","2,436.40","2,446.20","2,415.70","","-0.08%"
"2017-06-08","2,433.80","2,434.30","2,439.30","2,427.90","","0.03%"
"2017-06-07","2,433.10","2,432.00","2,435.30","2,424.80","","0.16%"
"2017-06-06","2,429.30","2,431.90","2,436.20","2,428.10","","-0.28%"
"2017-06-05","2,436.10","2,437.80","2,439.60","2,434.30","","-0.12%"
"2017-06-02","2,439.10","2,431.30","2,440.20","2,427.70","","0.37%"
"2017-06-01","2,430.10","2,415.70","2,430.10","2,413.50","","0.76%"
"2017-05-31","2,411.80","2,415.60","2,416.00","2,403.60","","-0.05%"
"2017-05-30","2,412.90","2,411.70","2,415.30","2,409.40","","-0.12%"
"2017-05-26","2,415.80","2,414.50","2,416.70","2,412.20","","0.03%"
"2017-05-25","2,415.10","2,409.50","2,418.70","2,408.00","","0.45%"
"2017-05-24","2,404.40","2,401.40","2,405.60","2,398.00","","0.25%"
"2017-05-23","2,398.40","2,397.00","2,400.80","2,393.90","","0.18%"
"2017-05-22","2,394.00","2,387.20","2,395.50","2,386.90","","0.52%"
"2017-05-19","2,381.70","2,371.40","2,389.10","2,370.40","","0.68%"
"2017-05-18","2,365.70","2,354.70","2,375.70","2,352.70","","0.37%"
"2017-05-17","2,357.00","2,382.90","2,384.90","2,356.20","","-1.82%"
"2017-05-16","2,400.70","2,404.60","2,405.80","2,396.10","","-0.07%"
"2017-05-15","2,402.30","2,394.00","2,404.10","2,393.90","","0.48%"
"2017-05-12","2,390.90","2,392.40","2,392.40","2,387.20","","-0.15%"
"2017-05-11","2,394.40","2,394.80","2,395.70","2,381.70","","-0.22%"
"2017-05-10","2,399.60","2,396.80","2,399.70","2,392.80","","0.11%"
"2017-05-09","2,396.90","2,401.60","2,403.90","2,392.40","","-0.10%"
"2017-05-08","2,399.40","2,399.90","2,401.40","2,393.90","","0.00%"
"2017-05-05","2,399.30","2,392.40","2,399.30","2,389.40","","0.41%"
"2017-05-04","2,389.50","2,389.80","2,391.40","2,380.30","","0.06%"
"2017-05-03","2,388.10","2,386.50","2,389.80","2,379.80","","-0.13%"
"2017-05-02","2,391.20","2,391.10","2,392.90","2,385.80","","0.12%"
"2017-05-01","2,388.30","2,388.50","2,394.50","2,384.80","","0.17%"
"2017-04-28","2,384.20","2,393.70","2,393.70","2,382.40","","-0.19%"
"2017-04-27","2,388.80","2,389.70","2,392.10","2,382.70","","0.06%"
"2017-04-26","2,387.40","2,389.00","2,398.20","2,386.80","","-0.05%"
"2017-04-25","2,388.60","2,381.50","2,392.50","2,381.20","","0.61%"
"2017-04-24","2,374.20","2,370.30","2,377.00","2,369.20","","1.09%"
"2017-04-21","2,348.70","2,354.70","2,356.20","2,344.50","","-0.30%"
"2017-04-20","2,355.80","2,342.70","2,361.40","2,340.90","","0.75%"
"2017-04-19","2,338.20","2,346.80","2,352.60","2,335.10","","-0.17%"
"2017-04-18","2,342.20","2,342.50","2,348.30","2,334.50","","-0.29%"
"2017-04-17","2,349.00","2,332.60","2,349.10","2,332.50","","0.86%"
"2017-04-13","2,328.90","2,342.00","2,348.30","2,328.90","","-0.68%"
"2017-04-12","2,344.90","2,352.20","2,352.70","2,341.20","","-0.38%"
"2017-04-11","2,353.80","2,353.90","2,355.20","2,337.20","","-0.14%"
"2017-04-10","2,357.20","2,357.20","2,366.40","2,351.50","","0.07%"
"2017-04-07","2,355.50","2,356.60","2,363.80","2,350.70","","-0.08%"
"2017-04-06","2,357.50","2,353.80","2,364.20","2,348.90","","0.20%"
"2017-04-05","2,352.90","2,366.60","2,378.40","2,350.50","","-0.31%"
"2017-04-04","2,360.20","2,354.80","2,360.50","2,350.70","","0.06%"
"2017-04-03","2,358.80","2,362.30","2,365.90","2,344.70","","-0.17%"
"2017-03-31","2,362.70","2,364.80","2,370.30","2,362.60","","-0.23%"
"2017-03-30","2,368.10","2,361.30","2,370.40","2,358.60","","0.30%"
"2017-03-29","2,361.10","2,356.50","2,363.40","2,352.90","","0.11%"
"2017-03-28","2,358.60","2,339.80","2,363.80","2,337.60","","0.73%"
"2017-03-27","2,341.60","2,329.10","2,344.90","2,322.20","","-0.10%"
"2017-03-24","2,344.00","2,350.40","2,356.20","2,335.70","","-0.09%"
"2017-03-23","2,346.00","2,346.00","2,358.90","2,342.10","","-0.10%"
"2017-03-22","2,348.40","2,343.00","2,351.80","2,336.40","","0.19%"
"2017-03-21","2,344.00","2,379.30","2,381.90","2,341.90","","-1.24%"
"2017-03-20","2,373.50","2,378.20","2,379.60","2,369.70","","-0.20%"
"2017-03-17","2,378.20","2,383.70","2,385.70","2,377.60","","-0.13%"
"2017-03-16","2,381.40","2,387.70","2,388.10","2,377.20","","-0.16%"
"2017-03-15","2,385.30","2,370.30","2,390.00","2,368.90","","0.84%"
"2017-03-14","2,365.40","2,368.60","2,368.60","2,358.20","","-0.34%"
"2017-03-13","2,373.50","2,371.60","2,374.40","2,368.50","","0.04%"
"2017-03-10","2,372.60","2,372.50","2,376.90","2,363.00","","0.33%"
"2017-03-09","2,364.90","2,363.50","2,369.10","2,354.50","","0.08%"
"2017-03-08","2,363.00","2,369.80","2,373.10","2,361.00","","-0.23%"
"2017-03-07","2,368.40","2,370.70","2,375.10","2,365.50","","-0.29%"
"2017-03-06","2,375.30","2,375.20","2,378.80","2,368.00","","-0.33%"
"2017-03-03","2,383.10","2,380.90","2,383.90","2,375.40","","0.05%"
"2017-03-02","2,381.90","2,394.80","2,394.80","2,380.20","","-0.59%"
"2017-03-01","2,396.00","2,380.10","2,401.00","2,380.10","","1.37%"
"2017-02-28","2,363.60","2,366.10","2,367.80","2,359.00","","-0.26%"
"2017-02-27","2,369.80","2,365.20","2,371.50","2,361.90","","0.11%"
"2017-02-24","2,367.30","2,355.70","2,367.30","2,352.90","","0.15%"
"2017-02-23","2,363.80","2,367.50","2,368.30","2,355.10","","0.04%"
"2017-02-22","2,362.80","2,361.10","2,365.10","2,358.30","","-0.11%"
"2017-02-21","2,365.40","2,354.90","2,366.70","2,354.90","","0.60%"
"2017-02-17","2,351.20","2,343.00","2,351.20","2,339.60","","0.17%"
"2017-02-16","2,347.20","2,349.60","2,351.30","2,338.90","","-0.09%"
"2017-02-15","2,349.20","2,335.60","2,351.30","2,334.80","","0.50%"
"2017-02-14","2,337.60","2,326.10","2,337.60","2,322.20","","0.40%"
"2017-02-13","2,328.20","2,321.70","2,331.60","2,321.40","","0.52%"
"2017-02-10","2,316.10","2,312.30","2,319.20","2,311.10","","0.36%"
"2017-02-09","2,307.90","2,296.70","2,311.10","2,296.60","","0.58%"
"2017-02-08","2,294.70","2,289.60","2,295.90","2,285.40","","0.07%"
"2017-02-07","2,293.10","2,295.90","2,299.40","2,290.20","","0.02%"
"2017-02-06","2,292.60","2,294.30","2,296.20","2,288.60","","-0.21%"
"2017-02-03","2,297.40","2,288.50","2,298.30","2,287.90","","0.73%"
"2017-02-02","2,280.80","2,276.70","2,284.00","2,271.70","","0.05%"
"2017-02-01","2,279.60","2,285.60","2,289.10","2,272.40","","0.03%"
"2017-01-31","2,278.90","2,274.00","2,279.10","2,267.20","","-0.09%"
"2017-01-30","2,280.90","2,286.00","2,286.00","2,268.00","","-0.60%"
"2017-01-27","2,294.70","2,299.00","2,299.00","2,291.60","","-0.09%"
"2017-01-26","2,296.70","2,298.60","2,301.00","2,294.10","","-0.07%"
"2017-01-25","2,298.40","2,288.90","2,299.60","2,288.90","","0.80%"
"2017-01-24","2,280.10","2,267.90","2,284.60","2,266.70","","0.66%"
"2017-01-23","2,265.20","2,267.80","2,271.80","2,257.00","","-0.27%"
"2017-01-20","2,271.30","2,270.00","2,277.00","2,265.00","","0.34%"
"2017-01-19","2,263.70","2,271.90","2,274.30","2,258.40","","-0.36%"
"2017-01-18","2,271.90","2,269.10","2,272.00","2,263.30","","0.18%"
"2017-01-17","2,267.90","2,269.10","2,272.10","2,262.80","","-0.29%"
"2017-01-13","2,274.60","2,272.70","2,278.70","2,271.50","","0.18%"
"2017-01-12","2,270.40","2,271.10","2,271.80","2,254.20","","-0.22%"
"2017-01-11","2,275.30","2,268.60","2,275.30","2,260.80","","0.28%"
"2017-01-10","2,268.90","2,269.70","2,279.30","2,265.30","","0.00%"
"2017-01-09","2,268.90","2,273.60","2,275.50","2,268.90","","-0.36%"
"2017-01-06","2,277.00","2,271.10","2,282.10","2,264.10","","0.35%"
"2017-01-05","2,269.00","2,268.20","2,271.50","2,260.40","","-0.08%"
"2017-01-04","2,270.80","2,261.60","2,272.80","2,261.60","","0.58%"
"2017-01-03","2,257.80","2,251.60","2,263.90","2,245.10","","0.85%"
"2016-12-30","2,238.80","2,251.60","2,253.60","2,233.60","","-0.47%"
"2016-12-29","2,249.30","2,249.50","2,254.50","2,244.60","","-0.03%"
"2016-12-28","2,249.90","2,270.20","2,271.30","2,249.10","","-0.84%"
"2016-12-27","2,268.90","2,266.20","2,273.80","2,266.20","","0.23%"
"2016-12-23","2,263.80","2,260.20","2,263.80","2,258.80","","0.12%"
"2016-12-22","2,261.00","2,262.90","2,263.20","2,256.10","","-0.19%"
"2016-12-21","2,265.20","2,270.50","2,271.20","2,265.20","","-0.25%"
"2016-12-20","2,270.80","2,266.50","2,272.60","2,266.10","","0.37%"
"2016-12-19","2,262.50","2,259.20","2,267.50","2,258.20","","0.19%"
"2016-12-16","2,258.10","2,266.80","2,268.10","2,254.20","","-0.17%"
"2016-12-15","2,262.00","2,253.80","2,272.10","2,253.80","","0.39%"
"2016-12-14","2,253.30","2,268.30","2,276.20","2,248.40","","-0.81%"
"2016-12-13","2,271.70","2,263.30","2,277.50","2,263.30","","0.65%"
"2016-12-12","2,257.00","2,258.80","2,264.00","2,252.40","","-0.11%"
"2016-12-09","2,259.50","2,249.70","2,259.80","2,249.20","","0.59%"
"2016-12-08","2,246.20","2,241.10","2,251.70","2,237.60","","0.22%"
"2016-12-07","2,241.30","2,210.70","2,241.60","2,208.90","","1.32%"
"2016-12-06","2,212.20","2,207.30","2,212.80","2,202.20","","0.34%"
"2016-12-05","2,204.70","2,200.70","2,209.40","2,200.00","","0.58%"
"2016-12-02","2,191.90","2,191.10","2,197.90","2,188.40","","0.04%"
"2016-12-01","2,191.10","2,200.20","2,202.60","2,187.40","","-0.35%"
"2016-11-30","2,198.80","2,205.00","2,214.10","2,198.80","","-0.27%"
"2016-11-29","2,204.70","2,200.80","2,210.50","2,198.20","","0.14%"
"2016-11-28","2,201.70","2,210.20","2,211.10","2,200.40","","-0.52%"
"2016-11-25","2,213.30","2,206.30","2,213.30","2,206.30","","0.39%"
"2016-11-23","2,204.70","2,198.60","2,204.70","2,194.50","","0.08%"
"2016-11-22","2,202.90","2,201.60","2,204.80","2,194.50","","0.21%"
"2016-11-21","2,198.20","2,186.40","2,198.70","2,186.40","","0.75%"
"2016-11-18","2,181.90","2,186.80","2,189.90","2,180.40","","-0.24%"
"2016-11-17","2,187.10","2,178.60","2,188.10","2,176.70","","0.47%"
"2016-11-16","2,176.90","2,177.50","2,179.20","2,172.20","","-0.16%"
"2016-11-15","2,180.40","2,168.30","2,180.80","2,166.40","","0.75%"
"2016-11-14","2,164.20","2,165.60","2,171.40","2,156.10","","-0.01%"
"2016-11-11","2,164.40","2,162.70","2,165.90","2,152.50","","-0.14%"
"2016-11-10","2,167.50","2,167.50","2,182.30","2,151.20","","0.19%"
"2016-11-09","2,163.30","2,131.60","2,170.10","2,125.30","","1.11%"
"2016-11-08","2,139.60","2,129.90","2,146.90","2,123.60","","0.38%"
"2016-11-07","2,131.50","2,100.60","2,132.00","2,100.60","","2.22%"
"2016-11-04","2,085.20","2,083.80","2,099.10","2,083.80","","-0.17%"
"2016-11-03","2,088.70","2,098.80","2,102.60","2,085.20","","-0.44%"
"2016-11-02","2,097.90","2,109.40","2,111.80","2,094.00","","-0.65%"
"2016-11-01","2,111.70","2,128.70","2,131.40","2,097.80","","-0.68%"
"2016-10-31","2,126.20","2,129.80","2,133.20","2,125.50","","-0.01%"
"2016-10-28","2,126.40","2,132.20","2,140.70","2,119.40","","-0.31%"
"2016-10-27","2,133.00","2,144.10","2,147.10","2,132.50","","-0.30%"
"2016-10-26","2,139.40","2,137.00","2,145.70","2,131.60","","-0.18%"
"2016-10-25","2,143.20","2,149.70","2,151.40","2,141.90","","-0.38%"
"2016-10-24","2,151.30","2,148.50","2,154.80","2,146.90","","0.47%"
"2016-10-21","2,141.20","2,139.40","2,142.60","2,130.10","","0.00%"
"2016-10-20","2,141.30","2,142.50","2,147.20","2,133.40","","-0.14%"
"2016-10-19","2,144.30","2,140.80","2,148.40","2,138.20","","0.22%"
"2016-10-18","2,139.60","2,138.30","2,144.40","2,135.50","","0.62%"
"2016-10-17","2,126.50","2,132.90","2,135.60","2,124.40","","-0.30%"
"2016-10-14","2,133.00","2,139.70","2,149.20","2,133.00","","0.02%"
"2016-10-13","2,132.60","2,130.30","2,138.20","2,114.70","","-0.31%"
"2016-10-12","2,139.20","2,137.70","2,145.40","2,132.80","","0.12%"
"2016-10-11","2,136.70","2,161.30","2,161.60","2,128.80","","-1.25%"
"2016-10-10","2,163.70","2,160.40","2,169.60","2,160.40","","0.46%"
"2016-10-07","2,153.70","2,164.20","2,165.90","2,144.80","","-0.33%"
"2016-10-06","2,160.80","2,158.20","2,162.90","2,150.30","","0.05%"
"2016-10-05","2,159.70","2,155.20","2,163.90","2,155.20","","0.43%"
"2016-10-04","2,150.50","2,163.40","2,165.50","2,144.00","","-0.50%"
"2016-10-03","2,161.20","2,164.30","2,164.40","2,154.80","","-0.33%"
"2016-09-30","2,168.30","2,156.50","2,175.30","2,156.50","","0.80%"
"2016-09-29","2,151.10","2,168.90","2,172.70","2,145.20","","-0.93%"
"2016-09-28","2,171.40","2,161.80","2,172.40","2,151.80","","0.53%"
"2016-09-27","2,159.90","2,146.00","2,161.10","2,141.60","","0.64%"
"2016-09-26","2,146.10","2,158.50","2,158.50","2,145.00","","-0.86%"
"2016-09-23","2,164.70","2,173.30","2,173.80","2,164.00","","-0.57%"
"2016-09-22","2,177.20","2,170.90","2,180.00","2,170.90","","0.65%"
"2016-09-21","2,163.10","2,144.60","2,165.10","2,139.60","","1.09%"
"2016-09-20","2,139.80","2,145.90","2,150.80","2,139.20","","0.03%"
"2016-09-19","2,139.10","2,144.00","2,153.60","2,135.90","","0.00%"
"2016-09-16","2,139.20","2,146.50","2,146.50","2,131.20","","-0.38%"
"2016-09-15","2,147.30","2,125.40","2,151.30","2,122.40","","1.01%"
"2016-09-14","2,125.80","2,127.90","2,141.30","2,119.90","","-0.06%"
"2016-09-13","2,127.00","2,150.50","2,150.50","2,120.30","","-1.48%"
"2016-09-12","2,159.00","2,120.90","2,163.30","2,119.10","","1.47%"
"2016-09-09","2,127.80","2,169.10","2,169.10","2,127.80","","-2.45%"
"2016-09-08","2,181.30","2,182.80","2,184.90","2,177.50","","-0.22%"
"2016-09-07","2,186.20","2,185.20","2,187.90","2,179.10","","-0.01%"
"2016-09-06","2,186.50","2,181.60","2,186.60","2,175.10","","0.30%"
"2016-09-02","2,180.00","2,177.50","2,184.90","2,173.60","","0.42%"
"2016-09-01","2,170.90","2,171.30","2,173.60","2,157.10","","0.00%"
"2016-08-31","2,170.90","2,173.60","2,173.80","2,161.30","","-0.24%"
"2016-08-30","2,176.10","2,179.40","2,182.30","2,170.40","","-0.20%"
"2016-08-29","2,180.40","2,170.20","2,183.50","2,170.20","","0.53%"
"2016-08-26","2,169.00","2,175.10","2,187.90","2,160.40","","-0.16%"
"2016-08-25","2,172.50","2,173.30","2,179.00","2,169.70","","-0.13%"
"2016-08-24","2,175.40","2,185.10","2,186.70","2,171.20","","-0.53%"
"2016-08-23","2,186.90","2,187.80","2,193.40","2,186.80","","0.20%"
"2016-08-22","2,182.60","2,181.60","2,185.20","2,176.00","","-0.06%"
"2016-08-19","2,183.90","2,184.20","2,185.00","2,175.10","","-0.14%"
"2016-08-18","2,187.00","2,181.90","2,187.00","2,180.50","","0.22%"
"2016-08-17","2,182.20","2,177.80","2,183.10","2,168.50","","0.18%"
"2016-08-16","2,178.20","2,186.20","2,186.20","2,178.10","","-0.55%"
"2016-08-15","2,190.20","2,186.10","2,193.80","2,186.10","","0.28%"
"2016-08-12","2,184.10","2,183.70","2,186.30","2,179.40","","-0.08%"
"2016-08-11","2,185.80","2,178.00","2,188.40","2,178.00","","0.47%"
"2016-08-10","2,175.50","2,182.80","2,183.40","2,172.00","","-0.28%"
"2016-08-09","2,181.70","2,182.20","2,187.70","2,178.60","","0.04%"
"2016-08-08","2,180.90","2,183.80","2,185.40","2,177.80","","-0.09%"
"2016-08-05","2,182.90","2,168.80","2,182.90","2,168.80","","0.86%"
"2016-08-04","2,164.20","2,163.50","2,168.20","2,159.10","","0.02%"
"2016-08-03","2,163.80","2,156.80","2,163.80","2,152.60","","0.32%"
"2016-08-02","2,157.00","2,169.90","2,170.20","2,147.60","","-0.64%"
"2016-08-01","2,170.80","2,173.20","2,178.30","2,166.20","","-0.13%"
"2016-07-29","2,173.60","2,168.80","2,177.10","2,163.50","","0.16%"
"2016-07-28","2,170.10","2,166.10","2,172.80","2,159.70","","0.16%"
"2016-07-27","2,166.60","2,169.80","2,175.00","2,159.10","","-0.12%"
"2016-07-26","2,169.20","2,169.00","2,173.50","2,160.20","","0.03%"
"2016-07-25","2,168.50","2,173.70","2,173.70","2,161.90","","-0.30%"
"2016-07-22","2,175.00","2,166.50","2,175.10","2,163.20","","0.45%"
"2016-07-21","2,165.20","2,172.90","2,174.60","2,159.80","","-0.36%"
"2016-07-20","2,173.00","2,166.10","2,175.60","2,164.90","","0.43%"
"2016-07-19","2,163.80","2,163.80","2,164.60","2,159.00","","-0.14%"
"2016-07-18","2,166.90","2,162.00","2,168.30","2,159.60","","0.24%"
"2016-07-15","2,161.70","2,165.10","2,169.10","2,155.80","","-0.10%"
"2016-07-14","2,163.80","2,157.90","2,169.00","2,157.90","","0.53%"
"2016-07-13","2,152.40","2,153.80","2,156.40","2,146.20","","0.01%"
"2016-07-12","2,152.10","2,139.50","2,155.40","2,139.50","","0.70%"
"2016-07-11","2,137.20","2,131.70","2,143.20","2,131.70","","0.34%"
"2016-07-08","2,129.90","2,107.00","2,131.70","2,107.00","","1.53%"
"2016-07-07","2,097.90","2,100.40","2,109.10","2,089.40","","-0.09%"
"2016-07-06","2,099.70","2,084.40","2,100.70","2,074.00","","0.53%"
"2016-07-05","2,088.60","2,095.10","2,095.10","2,080.90","","-0.68%"
"2016-07-01","2,102.90","2,099.30","2,108.70","2,097.90","","0.19%"
"2016-06-30","2,098.90","2,073.20","2,098.90","2,070.00","","1.36%"
"2016-06-29","2,070.80","2,042.70","2,073.10","2,042.70","","1.70%"
"2016-06-28","2,036.10","2,006.70","2,036.10","2,006.70","","1.78%"
"2016-06-27","2,000.50","2,031.50","2,031.50","1,991.70","","-1.81%"
"2016-06-24","2,037.40","2,103.80","2,103.80","2,032.60","","-3.59%"
"2016-06-23","2,113.30","2,092.80","2,113.30","2,092.80","","1.34%"
"2016-06-22","2,085.40","2,089.80","2,099.70","2,084.40","","-0.17%"
"2016-06-21","2,088.90","2,085.20","2,093.70","2,083.00","","0.27%"
"2016-06-20","2,083.20","2,075.60","2,100.70","2,075.60","","0.58%"
"2016-06-17","2,071.20","2,078.20","2,078.20","2,062.80","","-0.33%"
"2016-06-16","2,078.00","2,066.40","2,079.60","2,050.40","","0.31%"
"2016-06-15","2,071.50","2,077.60","2,085.70","2,069.80","","-0.18%"
"2016-06-14","2,075.30","2,076.70","2,081.30","2,064.10","","-0.18%"
"2016-06-13","2,079.10","2,091.80","2,098.10","2,078.50","","-0.81%"
"2016-06-10","2,096.10","2,109.60","2,109.60","2,090.00","","-0.92%"
"2016-06-09","2,115.50","2,115.70","2,117.60","2,107.70","","-0.17%"
"2016-06-08","2,119.10","2,112.70","2,120.60","2,112.70","","0.33%"
"2016-06-07","2,112.10","2,110.20","2,119.20","2,110.20","","0.13%"
"2016-06-06","2,109.40","2,100.80","2,113.40","2,100.80","","0.49%"
"2016-06-03","2,099.10","2,104.10","2,104.10","2,085.40","","-0.29%"
"2016-06-02","2,105.30","2,097.70","2,105.30","2,088.60","","0.29%"
"2016-06-01","2,099.30","2,093.90","2,101.00","2,085.10","","0.11%"
"2016-05-31","2,097.00","2,100.10","2,103.50","2,088.70","","-0.10%"
"2016-05-27","2,099.10","2,090.10","2,099.10","2,090.10","","0.43%"
"2016-05-26","2,090.10","2,091.40","2,094.30","2,087.10","","-0.02%"
"2016-05-25","2,090.50","2,078.90","2,094.70","2,078.90","","0.69%"
"2016-05-24","2,076.10","2,052.70","2,079.70","2,052.70","","1.37%"
"2016-05-23","2,048.00","2,052.20","2,055.60","2,047.30","","-0.21%"
"2016-05-20","2,052.30","2,041.90","2,058.30","2,041.90","","0.60%"
"2016-05-19","2,040.00","2,044.20","2,044.20","2,025.90","","-0.37%"
"2016-05-18","2,047.60","2,044.40","2,060.60","2,034.50","","0.02%"
"2016-05-17","2,047.20","2,065.00","2,065.70","2,040.80","","-0.94%"
"2016-05-16","2,066.70","2,046.50","2,071.90","2,046.50","","0.98%"
"2016-05-13","2,046.60","2,062.50","2,066.80","2,043.10","","-0.85%"
"2016-05-12","2,064.10","2,067.20","2,074.00","2,053.10","","-0.02%"
"2016-05-11","2,064.50","2,083.30","2,083.30","2,064.50","","-0.95%"
"2016-05-10","2,084.40","2,062.60","2,084.90","2,062.60","","1.25%"
"2016-05-09","2,058.70","2,057.60","2,064.20","2,054.30","","0.08%"
"2016-05-06","2,057.10","2,047.80","2,057.70","2,039.50","","0.32%"
"2016-05-05","2,050.60","2,052.90","2,060.20","2,045.80","","-0.02%"
"2016-05-04","2,051.10","2,060.30","2,060.30","2,045.50","","-0.60%"
"2016-05-03","2,063.40","2,077.20","2,077.20","2,054.90","","-0.86%"
"2016-05-02","2,081.40","2,067.20","2,083.40","2,066.10","","0.78%"
"2016-04-29","2,065.30","2,071.80","2,073.80","2,052.30","","-0.51%"
"2016-04-28","2,075.80","2,090.90","2,099.30","2,071.60","","-0.93%"
"2016-04-27","2,095.20","2,092.30","2,099.90","2,082.30","","0.17%"
"2016-04-26","2,091.70","2,089.80","2,096.90","2,085.80","","0.19%"
"2016-04-25","2,087.80","2,089.40","2,089.40","2,077.50","","-0.18%"
"2016-04-22","2,091.60","2,091.50","2,094.30","2,081.20","","0.00%"
"2016-04-21","2,091.50","2,102.10","2,103.80","2,088.50","","-0.52%"
"2016-04-20","2,102.40","2,101.50","2,111.10","2,096.30","","0.08%"
"2016-04-19","2,100.80","2,096.10","2,104.10","2,091.70","","0.31%"
"2016-04-18","2,094.30","2,078.80","2,094.70","2,073.70","","0.65%"
"2016-04-15","2,080.70","2,083.10","2,083.20","2,076.30","","-0.10%"
"2016-04-14","2,082.80","2,082.90","2,087.80","2,078.10","","0.02%"
"2016-04-13","2,082.40","2,065.90","2,083.20","2,065.90","","1.00%"
"2016-04-12","2,061.70","2,043.70","2,065.10","2,039.70","","0.96%"
"2016-04-11","2,042.00","2,050.20","2,062.90","2,041.90","","-0.27%"
"2016-04-08","2,047.60","2,045.50","2,060.60","2,041.70","","0.28%"
"2016-04-07","2,041.90","2,063.00","2,063.00","2,033.80","","-1.20%"
"2016-04-06","2,066.70","2,045.60","2,067.30","2,043.10","","1.05%"
"2016-04-05","2,045.20","2,062.50","2,062.50","2,042.60","","-1.01%"
"2016-04-04","2,066.10","2,073.20","2,074.00","2,062.60","","-0.32%"
"2016-04-01","2,072.80","2,056.60","2,075.10","2,044.00","","0.64%"
"2016-03-31","2,059.70","2,063.80","2,067.90","2,057.50","","-0.20%"
"2016-03-30","2,063.90","2,058.30","2,072.20","2,058.30","","0.43%"
"2016-03-29","2,055.00","2,035.80","2,055.90","2,028.30","","0.88%"
"2016-03-28","2,037.00","2,037.90","2,042.70","2,032.00","","0.05%"
"2016-03-24","2,035.90","2,032.50","2,036.00","2,022.50","","-0.04%"
"2016-03-23","2,036.70","2,048.60","2,048.60","2,034.90","","-0.64%"
"2016-03-22","2,049.80","2,048.60","2,056.60","2,040.60","","-0.09%"
"2016-03-21","2,051.60","2,047.90","2,053.90","2,043.10","","0.10%"
"2016-03-18","2,049.60","2,041.20","2,052.40","2,041.20","","0.44%"
"2016-03-17","2,040.60","2,026.90","2,046.20","2,022.20","","0.66%"
"2016-03-16","2,027.20","2,014.20","2,032.00","2,010.00","","0.56%"
"2016-03-15","2,015.90","2,015.30","2,015.90","2,005.20","","-0.18%"
"2016-03-14","2,019.60","2,019.30","2,024.60","2,012.00","","-0.13%"
"2016-03-11","2,022.20","1,994.70","2,022.40","1,994.70","","1.64%"
"2016-03-10","1,989.60","1,991.00","2,005.10","1,969.20","","0.02%"
"2016-03-09","1,989.30","1,981.40","1,992.70","1,979.80","","0.51%"
"2016-03-08","1,979.30","1,996.90","1,996.90","1,977.40","","-1.12%"
"2016-03-07","2,001.80","1,996.10","2,006.10","1,989.40","","0.09%"
"2016-03-04","2,000.00","1,994.00","2,009.10","1,986.80","","0.33%"
"2016-03-03","1,993.40","1,985.60","1,993.70","1,977.40","","0.35%"
"2016-03-02","1,986.50","1,976.60","1,986.50","1,968.80","","0.41%"
"2016-03-01","1,978.30","1,937.10","1,978.30","1,937.10","","2.39%"
"2016-02-29","1,932.20","1,947.10","1,958.30","1,931.80","","-0.81%"
"2016-02-26","1,948.00","1,955.00","1,963.00","1,945.80","","-0.19%"
"2016-02-25","1,951.70","1,931.90","1,951.80","1,925.40","","1.13%"
"2016-02-24","1,929.80","1,917.60","1,932.10","1,891.00","","0.44%"
"2016-02-23","1,921.30","1,942.40","1,942.40","1,919.40","","-1.24%"
"2016-02-22","1,945.50","1,924.40","1,946.70","1,924.40","","1.44%"
"2016-02-19","1,917.80","1,916.70","1,918.80","1,902.20","","0.00%"
"2016-02-18","1,917.80","1,927.60","1,930.00","1,915.10","","-0.47%"
"2016-02-17","1,926.80","1,898.80","1,930.70","1,898.80","","1.65%"
"2016-02-16","1,895.60","1,871.40","1,895.80","1,871.40","","1.65%"
"2016-02-12","1,864.80","1,833.40","1,864.80","1,833.40","","1.95%"
"2016-02-11","1,829.10","1,847.00","1,847.00","1,810.10","","-1.23%"
"2016-02-10","1,851.90","1,857.10","1,881.60","1,850.30","","-0.02%"
"2016-02-09","1,852.20","1,848.50","1,868.20","1,834.90","","-0.06%"
"2016-02-08","1,853.40","1,873.20","1,873.20","1,828.50","","-1.41%"
"2016-02-05","1,880.00","1,913.10","1,913.10","1,872.70","","-1.85%"
"2016-02-04","1,915.50","1,911.70","1,927.30","1,900.50","","0.16%"
"2016-02-03","1,912.50","1,907.10","1,918.00","1,872.20","","0.50%"
"2016-02-02","1,903.00","1,935.30","1,935.30","1,897.30","","-1.88%"
"2016-02-01","1,939.40","1,936.90","1,947.20","1,920.30","","-0.04%"
"2016-01-29","1,940.20","1,894.00","1,940.20","1,894.00","","2.47%"
"2016-01-28","1,893.40","1,885.20","1,903.00","1,873.70","","0.55%"
"2016-01-27","1,883.00","1,902.50","1,917.00","1,872.70","","-1.08%"
"2016-01-26","1,903.60","1,878.80","1,906.70","1,878.80","","1.41%"
"2016-01-25","1,877.10","1,906.30","1,906.30","1,876.00","","-1.56%"
"2016-01-22","1,906.90","1,877.40","1,908.80","1,877.40","","2.03%"
"2016-01-21","1,869.00","1,861.50","1,889.80","1,849.00","","0.52%"
"2016-01-20","1,859.30","1,876.20","1,876.20","1,812.30","","-1.17%"
"2016-01-19","1,881.30","1,888.70","1,901.40","1,864.60","","0.05%"
"2016-01-15","1,880.30","1,916.70","1,916.70","1,857.80","","-2.16%"
"2016-01-14","1,921.80","1,891.70","1,934.50","1,878.90","","1.67%"
"2016-01-13","1,890.30","1,940.30","1,950.30","1,886.40","","-2.50%"
"2016-01-12","1,938.70","1,927.80","1,947.40","1,914.30","","0.78%"
"2016-01-11","1,923.70","1,926.10","1,935.70","1,901.10","","0.09%"
"2016-01-08","1,922.00","1,946.00","1,960.40","1,918.50","","-1.09%"
"2016-01-07","1,943.10","1,985.30","1,985.30","1,938.80","","-2.37%"
"2016-01-06","1,990.30","2,011.70","2,011.70","1,979.00","","-1.31%"
"2016-01-05","2,016.70","2,013.80","2,021.90","2,004.20","","0.20%"
"2016-01-04","2,012.70","2,038.20","2,038.20","1,989.70","","-1.53%"
"2015-12-31","2,043.90","2,060.60","2,062.50","2,043.60","","-0.95%"
"2015-12-30","2,063.40","2,077.30","2,077.30","2,062.00","","-0.72%"
"2015-12-29","2,078.40","2,060.50","2,081.60","2,060.50","","1.06%"
"2015-12-28","2,056.50","2,057.80","2,057.80","2,044.20","","-0.22%"
"2015-12-24","2,061.00","2,063.50","2,067.40","2,058.70","","-0.16%"
"2015-12-23","2,064.30","2,042.20","2,064.70","2,042.20","","1.24%"
"2015-12-22","2,039.00","2,023.20","2,042.70","2,020.50","","0.88%"
"2015-12-21","2,021.20","2,010.30","2,022.90","2,005.90","","0.78%"
"2015-12-18","2,005.50","2,040.80","2,040.80","2,005.30","","-1.78%"
"2015-12-17","2,041.90","2,073.80","2,076.40","2,041.70","","-1.50%"
"2015-12-16","2,073.10","2,046.50","2,076.70","2,042.40","","1.45%"
"2015-12-15","2,043.40","2,025.50","2,053.90","2,025.50","","1.06%"
"2015-12-14","2,021.90","2,013.40","2,022.90","1,993.30","","0.47%"
"2015-12-11","2,012.40","2,047.30","2,047.30","2,008.80","","-1.94%"
"2015-12-10","2,052.20","2,047.90","2,067.70","2,045.70","","0.22%"
"2015-12-09","2,047.60","2,061.20","2,080.30","2,036.50","","-0.78%"
"2015-12-08","2,063.60","2,073.40","2,073.80","2,052.30","","-0.65%"
"2015-12-07","2,077.10","2,090.40","2,090.40","2,066.80","","-0.70%"
"2015-12-04","2,091.70","2,051.20","2,093.80","2,051.20","","2.05%"
"2015-12-03","2,049.60","2,080.70","2,085.00","2,042.30","","-1.44%"
"2015-12-02","2,079.50","2,101.70","2,104.30","2,077.10","","-1.10%"
"2015-12-01","2,102.60","2,082.90","2,103.40","2,082.90","","1.07%"
"2015-11-30","2,080.40","2,090.90","2,093.80","2,080.40","","-0.46%"
"2015-11-27","2,090.10","2,088.80","2,093.30","2,084.10","","0.06%"
"2015-11-25","2,088.90","2,089.30","2,093.00","2,086.30","","-0.01%"
"2015-11-24","2,089.10","2,084.40","2,094.10","2,070.30","","0.12%"
"2015-11-23","2,086.60","2,089.40","2,095.60","2,081.40","","-0.12%"
"2015-11-20","2,089.20","2,082.80","2,097.10","2,082.80","","0.38%"
"2015-11-19","2,081.20","2,083.70","2,086.70","2,078.80","","-0.12%"
"2015-11-18","2,083.60","2,052.00","2,085.30","2,052.00","","1.62%"
"2015-11-17","2,050.40","2,053.70","2,066.70","2,045.90","","-0.14%"
"2015-11-16","2,053.20","2,022.10","2,053.20","2,019.40","","1.49%"
"2015-11-13","2,023.00","2,044.60","2,044.60","2,022.00","","-1.12%"
"2015-11-12","2,046.00","2,072.30","2,072.30","2,045.70","","-1.40%"
"2015-11-11","2,075.00","2,083.40","2,086.90","2,074.80","","-0.32%"
"2015-11-10","2,081.70","2,077.20","2,083.70","2,069.90","","0.15%"
"2015-11-09","2,078.60","2,096.60","2,096.60","2,068.20","","-0.98%"
"2015-11-06","2,099.20","2,098.60","2,101.90","2,083.70","","-0.03%"
"2015-11-05","2,099.90","2,101.70","2,108.80","2,090.40","","-0.11%"
"2015-11-04","2,102.30","2,110.60","2,114.60","2,097.00","","-0.36%"
"2015-11-03","2,109.80","2,102.60","2,116.50","2,097.50","","0.27%"
"2015-11-02","2,104.10","2,080.80","2,106.20","2,080.80","","1.19%"
"2015-10-30","2,079.40","2,090.00","2,094.30","2,079.30","","-0.48%"
"2015-10-29","2,089.40","2,088.30","2,092.50","2,082.60","","-0.04%"
"2015-10-28","2,090.30","2,066.50","2,090.30","2,063.10","","1.18%"
"2015-10-27","2,065.90","2,068.80","2,070.40","2,058.80","","-0.26%"
"2015-10-26","2,071.20","2,075.10","2,075.10","2,066.50","","-0.19%"
"2015-10-23","2,075.20","2,058.20","2,079.70","2,058.20","","1.11%"
"2015-10-22","2,052.50","2,021.90","2,055.20","2,021.90","","1.66%"
"2015-10-21","2,018.90","2,033.50","2,038.00","2,017.20","","-0.59%"
"2015-10-20","2,030.80","2,033.10","2,039.10","2,026.60","","-0.14%"
"2015-10-19","2,033.70","2,031.70","2,034.50","2,022.30","","0.03%"
"2015-10-16","2,033.10","2,024.40","2,033.50","2,020.50","","0.45%"
"2015-10-15","2,023.90","1,996.50","2,024.20","1,996.50","","1.49%"
"2015-10-14","1,994.20","2,003.70","2,009.60","1,990.70","","-0.47%"
"2015-10-13","2,003.70","2,015.00","2,022.30","2,001.80","","-0.68%"
"2015-10-12","2,017.50","2,015.70","2,018.70","2,010.50","","0.13%"
"2015-10-09","2,014.90","2,013.70","2,020.10","2,007.60","","0.07%"
"2015-10-08","2,013.40","1,994.00","2,016.50","1,987.50","","0.88%"
"2015-10-07","1,995.80","1,982.30","1,999.30","1,976.40","","0.80%"
"2015-10-06","1,979.90","1,986.60","1,991.60","1,972.00","","-0.36%"
"2015-10-05","1,987.00","1,954.30","1,989.20","1,954.30","","1.82%"
"2015-10-02","1,951.40","1,921.80","1,951.40","1,893.70","","1.43%"
"2015-10-01","1,923.80","1,919.70","1,927.20","1,900.70","","0.20%"
"2015-09-30","1,920.00","1,887.10","1,920.50","1,887.10","","1.91%"
"2015-09-29","1,884.10","1,881.90","1,899.50","1,871.90","","0.12%"
"2015-09-28","1,881.80","1,929.20","1,929.20","1,879.20","","-2.56%"
"2015-09-25","1,931.30","1,935.90","1,952.90","1,921.50","","-0.05%"
"2015-09-24","1,932.20","1,934.80","1,937.20","1,908.90","","-0.34%"
"2015-09-23","1,938.80","1,943.20","1,949.50","1,932.60","","-0.20%"
"2015-09-22","1,942.70","1,961.40","1,961.40","1,929.20","","-1.24%"
"2015-09-21","1,967.00","1,960.80","1,979.60","1,955.80","","0.46%"
"2015-09-18","1,958.00","1,989.70","1,989.70","1,953.50","","-1.62%"
"2015-09-17","1,990.20","1,995.30","2,020.90","1,986.70","","-0.26%"
"2015-09-16","1,995.30","1,978.00","1,997.30","1,977.90","","0.87%"
"2015-09-15","1,978.10","1,955.10","1,983.20","1,954.30","","1.29%"
"2015-09-14","1,953.00","1,963.10","1,963.10","1,948.30","","-0.41%"
"2015-09-11","1,961.00","1,951.50","1,961.00","1,939.20","","0.45%"
"2015-09-10","1,952.30","1,941.60","1,965.30","1,937.20","","0.53%"
"2015-09-09","1,942.00","1,971.50","1,988.60","1,937.90","","-1.39%"
"2015-09-08","1,969.40","1,927.30","1,970.40","1,927.30","","2.51%"
"2015-09-04","1,921.20","1,947.80","1,947.80","1,911.20","","-1.53%"
"2015-09-03","1,951.10","1,950.80","1,975.00","1,944.70","","0.11%"
"2015-09-02","1,948.90","1,916.50","1,948.90","1,916.50","","1.83%"
"2015-09-01","1,913.80","1,970.10","1,970.10","1,903.10","","-2.96%"
"2015-08-31","1,972.20","1,986.70","1,986.70","1,966.00","","-0.84%"
"2015-08-28","1,988.90","1,986.10","1,993.50","1,975.20","","0.06%"
"2015-08-27","1,987.70","1,942.80","1,989.60","1,942.80","","2.43%"
"2015-08-26","1,940.50","1,872.80","1,943.10","1,872.80","","3.90%"
"2015-08-25","1,867.60","1,898.10","1,948.00","1,867.10","","-1.35%"
"2015-08-24","1,893.20","1,965.20","1,965.20","1,867.00","","-3.94%"
"2015-08-21","1,970.90","2,034.10","2,034.10","1,970.90","","-3.18%"
"2015-08-20","2,035.70","2,076.60","2,076.60","2,035.70","","-2.11%"
"2015-08-19","2,079.60","2,095.70","2,096.20","2,070.50","","-0.83%"
"2015-08-18","2,096.90","2,102.00","2,103.50","2,094.10","","-0.26%"
"2015-08-17","2,102.40","2,089.70","2,102.90","2,079.30","","0.52%"
"2015-08-14","2,091.50","2,083.20","2,092.40","2,080.60","","0.39%"
"2015-08-13","2,083.40","2,086.20","2,092.90","2,078.30","","-0.13%"
"2015-08-12","2,086.10","2,081.10","2,089.10","2,052.10","","0.10%"
"2015-08-11","2,084.10","2,102.70","2,102.70","2,076.50","","-0.96%"
"2015-08-10","2,104.20","2,081.00","2,105.30","2,081.00","","1.28%"
"2015-08-07","2,077.60","2,082.60","2,082.60","2,067.90","","-0.29%"
"2015-08-06","2,083.60","2,100.80","2,103.30","2,075.50","","-0.77%"
"2015-08-05","2,099.80","2,095.30","2,112.70","2,095.30","","0.31%"
"2015-08-04","2,093.30","2,097.70","2,102.50","2,088.60","","-0.22%"
"2015-08-03","2,098.00","2,104.50","2,105.70","2,087.30","","-0.28%"
"2015-07-31","2,103.80","2,111.60","2,114.20","2,102.10","","-0.23%"
"2015-07-30","2,108.60","2,106.80","2,110.50","2,095.00","","0.00%"
"2015-07-29","2,108.60","2,094.70","2,110.60","2,094.10","","0.74%"
"2015-07-28","2,093.20","2,070.80","2,095.60","2,069.10","","1.24%"
"2015-07-27","2,067.60","2,078.20","2,078.20","2,063.50","","-0.58%"
"2015-07-24","2,079.70","2,102.20","2,106.00","2,077.10","","-1.07%"
"2015-07-23","2,102.20","2,114.20","2,116.90","2,098.60","","-0.57%"
"2015-07-22","2,114.20","2,118.20","2,118.50","2,110.00","","-0.24%"
"2015-07-21","2,119.20","2,127.60","2,128.50","2,115.40","","-0.43%"
"2015-07-20","2,128.30","2,126.80","2,132.80","2,123.70","","0.08%"
"2015-07-17","2,126.60","2,126.80","2,128.90","2,119.90","","0.11%"
"2015-07-16","2,124.30","2,110.60","2,124.40","2,110.60","","0.80%"
"2015-07-15","2,107.40","2,109.00","2,114.10","2,102.50","","-0.07%"
"2015-07-14","2,108.90","2,099.70","2,112.00","2,098.20","","0.44%"
"2015-07-13","2,099.60","2,080.00","2,100.70","2,080.00","","1.11%"
"2015-07-10","2,076.60","2,052.70","2,081.30","2,052.70","","1.23%"
"2015-07-09","2,051.30","2,049.70","2,074.30","2,049.70","","0.22%"
"2015-07-08","2,046.70","2,077.70","2,077.70","2,044.70","","-1.66%"
"2015-07-07","2,081.30","2,069.50","2,083.70","2,044.00","","0.60%"
"2015-07-06","2,068.80","2,073.90","2,078.60","2,058.40","","-0.39%"
"2015-07-02","2,076.80","2,078.00","2,085.10","2,071.00","","-0.03%"
"2015-07-01","2,077.40","2,067.00","2,082.80","2,067.00","","0.69%"
"2015-06-30","2,063.10","2,061.20","2,074.30","2,056.30","","0.27%"
"2015-06-29","2,057.60","2,098.60","2,098.60","2,056.60","","-2.09%"
"2015-06-26","2,101.50","2,102.60","2,108.90","2,095.40","","-0.04%"
"2015-06-25","2,102.30","2,110.00","2,116.00","2,101.80","","-0.30%"
"2015-06-24","2,108.60","2,123.70","2,125.10","2,108.60","","-0.73%"
"2015-06-23","2,124.20","2,123.20","2,128.00","2,119.90","","0.07%"
"2015-06-22","2,122.80","2,112.50","2,129.90","2,112.50","","0.61%"
"2015-06-19","2,110.00","2,121.10","2,121.60","2,109.40","","-0.53%"
"2015-06-18","2,121.20","2,101.60","2,126.70","2,101.60","","0.99%"
"2015-06-17","2,100.40","2,097.40","2,106.80","2,088.90","","0.20%"
"2015-06-16","2,096.30","2,084.30","2,097.40","2,082.10","","0.57%"
"2015-06-15","2,084.40","2,091.30","2,091.30","2,072.50","","-0.46%"
"2015-06-12","2,094.10","2,107.40","2,107.40","2,091.30","","-0.70%"
"2015-06-11","2,108.90","2,106.20","2,115.00","2,106.20","","0.18%"
"2015-06-10","2,105.20","2,081.10","2,108.50","2,081.10","","1.20%"
"2015-06-09","2,080.20","2,079.10","2,085.60","2,072.10","","0.04%"
"2015-06-08","2,079.30","2,092.30","2,093.00","2,079.10","","-0.65%"
"2015-06-05","2,092.80","2,095.10","2,101.00","2,085.70","","-0.14%"
"2015-06-04","2,095.80","2,112.30","2,112.90","2,093.20","","-0.87%"
"2015-06-03","2,114.10","2,110.60","2,121.90","2,109.60","","0.21%"
"2015-06-02","2,109.60","2,110.40","2,117.60","2,099.10","","-0.10%"
"2015-06-01","2,111.70","2,108.60","2,119.20","2,102.50","","0.20%"
"2015-05-29","2,107.40","2,120.70","2,120.70","2,104.90","","-0.63%"
"2015-05-28","2,120.80","2,122.30","2,122.30","2,112.90","","-0.13%"
"2015-05-27","2,123.50","2,105.10","2,126.20","2,105.10","","0.92%"
"2015-05-26","2,104.20","2,125.30","2,125.30","2,099.20","","-1.03%"
"2015-05-22","2,126.10","2,130.40","2,132.20","2,126.10","","-0.22%"
"2015-05-21","2,130.80","2,125.60","2,134.30","2,122.90","","0.24%"
"2015-05-20","2,125.80","2,127.80","2,134.70","2,122.60","","-0.09%"
"2015-05-19","2,127.80","2,129.40","2,133.00","2,124.50","","-0.07%"
"2015-05-18","2,129.20","2,121.30","2,131.80","2,120.00","","0.31%"
"2015-05-15","2,122.70","2,122.10","2,123.90","2,116.80","","0.08%"
"2015-05-14","2,121.10","2,100.40","2,121.40","2,100.40","","1.08%"
"2015-05-13","2,098.50","2,099.60","2,110.20","2,096.00","","-0.03%"
"2015-05-12","2,099.10","2,102.90","2,105.10","2,085.60","","-0.29%"
"2015-05-11","2,105.30","2,115.60","2,117.70","2,104.60","","-0.51%"
"2015-05-08","2,116.10","2,092.10","2,117.70","2,092.10","","1.35%"
"2015-05-07","2,088.00","2,080.00","2,092.90","2,075.00","","0.37%"
"2015-05-06","2,080.20","2,091.30","2,098.40","2,067.90","","-0.45%"
"2015-05-05","2,089.50","2,112.60","2,115.20","2,088.50","","-1.18%"
"2015-05-04","2,114.50","2,110.20","2,120.90","2,110.20","","0.29%"
"2015-05-01","2,108.30","2,087.40","2,108.40","2,087.40","","1.09%"
"2015-04-30","2,085.50","2,105.50","2,105.50","2,077.60","","-1.01%"
"2015-04-29","2,106.80","2,112.50","2,113.70","2,097.40","","-0.38%"
"2015-04-28","2,114.80","2,108.30","2,116.10","2,094.90","","0.28%"
"2015-04-27","2,108.90","2,119.30","2,125.90","2,107.00","","-0.42%"
"2015-04-24","2,117.70","2,112.80","2,120.90","2,112.80","","0.23%"
"2015-04-23","2,112.90","2,107.20","2,120.50","2,103.20","","0.23%"
"2015-04-22","2,108.00","2,098.30","2,110.00","2,091.10","","0.51%"
"2015-04-21","2,097.30","2,102.80","2,109.60","2,094.40","","-0.15%"
"2015-04-20","2,100.40","2,084.10","2,103.90","2,084.10","","0.92%"
"2015-04-17","2,081.20","2,102.60","2,102.60","2,072.40","","-1.13%"
"2015-04-16","2,105.00","2,106.00","2,111.30","2,100.00","","-0.08%"
"2015-04-15","2,106.60","2,097.80","2,111.90","2,097.80","","0.52%"
"2015-04-14","2,095.80","2,092.30","2,098.60","2,083.20","","0.16%"
"2015-04-13","2,092.40","2,102.00","2,107.70","2,092.30","","-0.46%"
"2015-04-10","2,102.10","2,091.50","2,102.60","2,091.50","","0.52%"
"2015-04-09","2,091.20","2,081.30","2,093.30","2,074.30","","0.45%"
"2015-04-08","2,081.90","2,076.90","2,086.70","2,073.30","","0.27%"
"2015-04-07","2,076.30","2,080.80","2,089.80","2,076.10","","-0.21%"
"2015-04-06","2,080.60","2,064.90","2,087.00","2,056.50","","0.66%"
"2015-04-02","2,067.00","2,060.00","2,072.20","2,057.30","","0.35%"
"2015-04-01","2,059.70","2,067.60","2,067.60","2,048.40","","-0.40%"
"2015-03-31","2,067.90","2,084.10","2,084.10","2,067.00","","-0.88%"
"2015-03-30","2,086.20","2,064.10","2,089.00","2,064.10","","1.22%"
"2015-03-27","2,061.00","2,055.80","2,062.80","2,053.00","","0.23%"
"2015-03-26","2,056.20","2,059.90","2,067.20","2,045.50","","-0.24%"
"2015-03-25","2,061.10","2,093.10","2,097.40","2,061.10","","-1.45%"
"2015-03-24","2,091.50","2,103.90","2,107.60","2,091.50","","-0.61%"
"2015-03-23","2,104.40","2,108.00","2,114.90","2,104.40","","-0.18%"
"2015-03-20","2,108.10","2,090.30","2,113.90","2,090.30","","0.90%"
"2015-03-19","2,089.30","2,098.70","2,098.70","2,085.60","","-0.49%"
"2015-03-18","2,099.50","2,072.80","2,106.80","2,061.20","","1.21%"
"2015-03-17","2,074.30","2,080.60","2,080.60","2,065.10","","-0.33%"
"2015-03-16","2,081.20","2,055.30","2,081.40","2,055.30","","1.35%"
"2015-03-13","2,053.40","2,064.60","2,064.60","2,041.20","","-0.61%"
"2015-03-12","2,065.90","2,041.10","2,066.40","2,041.10","","1.26%"
"2015-03-11","2,040.20","2,044.70","2,050.10","2,039.70","","-0.20%"
"2015-03-10","2,044.20","2,076.10","2,076.10","2,044.20","","-1.69%"
"2015-03-09","2,079.40","2,072.20","2,083.50","2,072.20","","0.39%"
"2015-03-06","2,071.30","2,100.90","2,100.90","2,067.30","","-1.41%"
"2015-03-05","2,101.00","2,098.50","2,104.20","2,095.20","","0.12%"
"2015-03-04","2,098.50","2,107.70","2,107.70","2,087.60","","-0.44%"
"2015-03-03","2,107.80","2,115.80","2,115.80","2,098.30","","-0.45%"
"2015-03-02","2,117.40","2,105.20","2,117.50","2,104.50","","0.61%"
"2015-02-27","2,104.50","2,110.90","2,112.70","2,103.80","","-0.29%"
"2015-02-26","2,110.70","2,113.90","2,113.90","2,103.80","","-0.15%"
"2015-02-25","2,113.90","2,115.30","2,119.60","2,109.90","","-0.08%"
"2015-02-24","2,115.50","2,109.10","2,117.90","2,105.90","","0.27%"
"2015-02-23","2,109.70","2,109.80","2,110.10","2,103.00","","-0.03%"
"2015-02-20","2,110.30","2,097.70","2,110.60","2,085.40","","0.62%"
"2015-02-19","2,097.40","2,099.20","2,102.10","2,090.80","","-0.11%"
"2015-02-18","2,099.70","2,099.20","2,100.20","2,092.20","","-0.03%"
"2015-02-17","2,100.30","2,096.50","2,101.30","2,089.80","","0.16%"
"2015-02-13","2,097.00","2,088.80","2,097.00","2,086.70","","0.41%"
"2015-02-12","2,088.50","2,070.00","2,088.50","2,070.00","","0.97%"
"2015-02-11","2,068.50","2,068.60","2,073.50","2,058.00","","0.00%"
"2015-02-10","2,068.60","2,049.40","2,070.90","2,048.60","","1.07%"
"2015-02-09","2,046.70","2,053.50","2,056.20","2,041.90","","-0.43%"
"2015-02-06","2,055.50","2,062.30","2,072.40","2,050.00","","-0.34%"
"2015-02-05","2,062.50","2,043.50","2,063.60","2,043.50","","1.03%"
"2015-02-04","2,041.50","2,048.90","2,054.70","2,036.70","","-0.41%"
"2015-02-03","2,050.00","2,022.70","2,050.30","2,022.70","","1.44%"
"2015-02-02","2,020.80","1,996.70","2,021.70","1,980.90","","1.29%"
"2015-01-30","1,995.00","2,019.30","2,023.30","1,993.40","","-1.30%"
"2015-01-29","2,021.20","2,002.50","2,024.60","1,989.20","","0.95%"
"2015-01-28","2,002.20","2,032.30","2,042.50","2,001.50","","-1.35%"
"2015-01-27","2,029.50","2,047.90","2,047.90","2,019.90","","-1.34%"
"2015-01-26","2,057.10","2,050.40","2,057.60","2,041.00","","0.26%"
"2015-01-23","2,051.80","2,063.00","2,063.00","2,050.50","","-0.55%"
"2015-01-22","2,063.20","2,034.30","2,064.60","2,026.40","","1.53%"
"2015-01-21","2,032.10","2,020.20","2,038.30","2,012.00","","0.47%"
"2015-01-20","2,022.50","2,020.80","2,028.90","2,004.50","","0.15%"
"2015-01-16","2,019.40","1,992.20","2,020.50","1,988.10","","1.34%"
"2015-01-15","1,992.70","2,013.80","2,021.30","1,991.50","","-0.92%"
"2015-01-14","2,011.30","2,018.40","2,018.40","1,988.40","","-0.58%"
"2015-01-13","2,023.00","2,031.60","2,056.90","2,008.20","","-0.26%"
"2015-01-12","2,028.30","2,046.10","2,049.30","2,022.60","","-0.81%"
"2015-01-09","2,044.80","2,063.40","2,064.40","2,038.30","","-0.84%"
"2015-01-08","2,062.10","2,030.60","2,064.10","2,030.60","","1.79%"
"2015-01-07","2,025.90","2,005.50","2,029.60","2,005.50","","1.16%"
"2015-01-06","2,002.60","2,022.20","2,030.20","1,992.40","","-0.89%"
"2015-01-05","2,020.60","2,054.40","2,054.40","2,017.30","","-1.83%"
"2015-01-02","2,058.20","2,058.90","2,072.40","2,046.00","","-0.03%"
"2014-12-31","2,058.90","2,082.10","2,085.60","2,057.90","","-1.03%"
"2014-12-30","2,080.30","2,088.50","2,088.50","2,079.50","","-0.49%"
"2014-12-29","2,090.60","2,087.60","2,093.60","2,085.80","","0.09%"
"2014-12-26","2,088.80","2,084.30","2,092.70","2,084.30","","0.33%"
"2014-12-24","2,081.90","2,083.20","2,087.60","2,081.90","","-0.01%"
"2014-12-23","2,082.20","2,081.50","2,086.70","2,079.80","","0.18%"
"2014-12-22","2,078.50","2,069.30","2,078.80","2,069.30","","0.38%"
"2014-12-19","2,070.70","2,061.00","2,077.80","2,061.00","","0.46%"
"2014-12-18","2,061.20","2,019.00","2,061.20","2,019.00","","2.40%"
"2014-12-17","2,012.90","1,973.80","2,016.80","1,973.80","","2.04%"
"2014-12-16","1,972.70","1,986.70","2,016.90","1,972.60","","-0.85%"
"2014-12-15","1,989.60","2,005.00","2,018.70","1,982.30","","-0.63%"
"2014-12-12","2,002.30","2,030.40","2,032.20","2,002.30","","-1.62%"
"2014-12-11","2,035.30","2,027.90","2,055.50","2,027.90","","0.45%"
"2014-12-10","2,026.10","2,058.90","2,058.90","2,024.30","","-1.64%"
"2014-12-09","2,059.80","2,056.60","2,060.60","2,034.20","","-0.02%"
"2014-12-08","2,060.30","2,074.80","2,075.80","2,054.30","","-0.73%"
"2014-12-05","2,075.40","2,072.80","2,079.50","2,070.80","","0.17%"
"2014-12-04","2,071.90","2,073.60","2,077.30","2,062.30","","-0.12%"
"2014-12-03","2,074.30","2,067.40","2,076.30","2,066.70","","0.37%"
"2014-12-02","2,066.60","2,053.80","2,068.80","2,053.80","","0.64%"
"2014-12-01","2,053.40","2,065.80","2,065.80","2,049.60","","-0.69%"
"2014-11-28","2,067.60","2,074.80","2,075.80","2,065.10","","-0.25%"
"2014-11-26","2,072.80","2,067.40","2,073.30","2,066.60","","0.28%"
"2014-11-25","2,067.00","2,070.20","2,074.20","2,064.80","","-0.12%"
"2014-11-24","2,069.40","2,065.10","2,070.20","2,065.10","","0.29%"
"2014-11-21","2,063.50","2,057.50","2,071.50","2,056.80","","0.52%"
"2014-11-20","2,052.80","2,045.90","2,053.80","2,040.50","","0.20%"
"2014-11-19","2,048.70","2,051.20","2,052.10","2,040.40","","-0.15%"
"2014-11-18","2,051.80","2,041.50","2,056.10","2,041.50","","0.51%"
"2014-11-17","2,041.30","2,038.30","2,043.10","2,034.50","","0.07%"
"2014-11-14","2,039.80","2,039.70","2,042.20","2,035.20","","0.02%"
"2014-11-13","2,039.30","2,039.20","2,046.20","2,030.40","","0.05%"
"2014-11-12","2,038.20","2,037.80","2,040.30","2,032.00","","-0.07%"
"2014-11-11","2,039.70","2,038.20","2,041.30","2,035.30","","0.07%"
"2014-11-10","2,038.30","2,032.00","2,038.70","2,030.20","","0.31%"
"2014-11-07","2,031.90","2,032.40","2,034.30","2,025.10","","0.03%"
"2014-11-06","2,031.20","2,023.30","2,031.60","2,015.90","","0.38%"
"2014-11-05","2,023.60","2,015.30","2,023.80","2,014.40","","0.57%"
"2014-11-04","2,012.10","2,015.80","2,016.00","2,001.00","","-0.28%"
"2014-11-03","2,017.80","2,018.20","2,024.50","2,013.70","","-0.01%"
"2014-10-31","2,018.00","2,001.20","2,018.20","2,001.20","","1.17%"
"2014-10-30","1,994.70","1,979.50","1,999.40","1,974.80","","0.63%"
"2014-10-29","1,982.30","1,983.30","1,991.40","1,969.00","","-0.14%"
"2014-10-28","1,985.00","1,964.10","1,985.00","1,964.10","","1.19%"
"2014-10-27","1,961.60","1,963.00","1,964.60","1,951.40","","-0.15%"
"2014-10-24","1,964.60","1,951.60","1,965.30","1,946.30","","0.71%"
"2014-10-23","1,950.80","1,931.00","1,962.00","1,931.00","","1.23%"
"2014-10-22","1,927.10","1,941.30","1,949.30","1,926.80","","-0.73%"
"2014-10-21","1,941.30","1,909.40","1,942.50","1,909.40","","1.96%"
"2014-10-20","1,904.00","1,885.60","1,905.00","1,882.30","","0.91%"
"2014-10-17","1,886.80","1,864.90","1,898.20","1,864.90","","1.29%"
"2014-10-16","1,862.80","1,856.00","1,876.00","1,835.00","","0.02%"
"2014-10-15","1,862.50","1,874.20","1,874.20","1,820.70","","-0.81%"
"2014-10-14","1,877.70","1,877.10","1,898.70","1,871.80","","0.16%"
"2014-10-13","1,874.70","1,905.70","1,912.10","1,874.10","","-1.65%"
"2014-10-10","1,906.10","1,925.60","1,937.00","1,906.00","","-1.15%"
"2014-10-09","1,928.20","1,967.70","1,967.70","1,927.60","","-2.07%"
"2014-10-08","1,968.90","1,935.50","1,970.40","1,925.20","","1.75%"
"2014-10-07","1,935.10","1,962.40","1,962.40","1,934.90","","-1.51%"
"2014-10-06","1,964.80","1,970.00","1,977.80","1,958.40","","-0.16%"
"2014-10-03","1,967.90","1,948.10","1,971.20","1,948.10","","1.11%"
"2014-10-02","1,946.20","1,945.80","1,952.30","1,926.00","","0.00%"
"2014-10-01","1,946.20","1,971.40","1,971.40","1,941.70","","-1.32%"
"2014-09-30","1,972.30","1,978.20","1,985.20","1,969.00","","-0.28%"
"2014-09-29","1,977.80","1,979.00","1,981.30","1,964.00","","-0.25%"
"2014-09-26","1,982.80","1,966.20","1,986.40","1,966.20","","0.85%"
"2014-09-25","1,966.00","1,997.30","1,997.30","1,966.00","","-1.62%"
"2014-09-24","1,998.30","1,983.30","1,999.80","1,978.60","","0.78%"
"2014-09-23","1,982.80","1,992.80","1,995.40","1,982.80","","-0.58%"
"2014-09-22","1,994.30","2,009.10","2,009.10","1,991.00","","-0.80%"
"2014-09-19","2,010.40","2,012.70","2,019.30","2,006.60","","-0.05%"
"2014-09-18","2,011.40","2,003.10","2,012.30","2,003.10","","0.49%"
"2014-09-17","2,001.60","1,999.30","2,010.70","1,993.30","","0.13%"
"2014-09-16","1,999.00","1,981.90","2,002.30","1,979.10","","0.75%"
"2014-09-15","1,984.10","1,986.00","1,987.20","1,978.50","","-0.07%"
"2014-09-12","1,985.50","1,996.70","1,996.70","1,980.30","","-0.60%"
"2014-09-11","1,997.50","1,992.80","1,997.70","1,985.90","","0.09%"
"2014-09-10","1,995.70","1,988.40","1,996.70","1,983.00","","0.37%"
"2014-09-09","1,988.40","2,000.70","2,001.00","1,984.60","","-0.65%"
"2014-09-08","2,001.50","2,007.20","2,007.20","1,995.60","","-0.31%"
"2014-09-05","2,007.70","1,998.00","2,007.70","1,990.10","","0.50%"
"2014-09-04","1,997.70","2,001.70","2,011.20","1,992.50","","-0.15%"
"2014-09-03","2,000.70","2,003.60","2,009.30","1,998.10","","-0.08%"
"2014-09-02","2,002.30","2,004.10","2,006.10","1,994.80","","-0.05%"
"2014-08-29","2,003.40","1,998.50","2,003.40","1,994.70","","0.34%"
"2014-08-28","1,996.70","1,997.40","1,998.50","1,990.50","","-0.17%"
"2014-08-27","2,000.10","2,000.50","2,002.10","1,996.20","","0.00%"
"2014-08-26","2,000.00","1,998.60","2,005.00","1,998.60","","0.11%"
"2014-08-25","1,997.90","1,991.70","2,002.00","1,991.70","","0.48%"
"2014-08-22","1,988.40","1,992.60","1,993.50","1,984.80","","-0.20%"
"2014-08-21","1,992.40","1,986.80","1,994.80","1,986.80","","0.30%"
"2014-08-20","1,986.50","1,980.50","1,988.60","1,977.70","","0.25%"
"2014-08-19","1,981.60","1,972.70","1,982.60","1,972.70","","0.50%"
"2014-08-18","1,971.70","1,958.40","1,972.00","1,958.40","","0.85%"
"2014-08-15","1,955.10","1,958.90","1,964.00","1,941.50","","-0.01%"
"2014-08-14","1,955.20","1,947.40","1,955.20","1,947.40","","0.44%"
"2014-08-13","1,946.70","1,935.60","1,948.40","1,935.60","","0.67%"
"2014-08-12","1,933.80","1,935.70","1,939.70","1,928.30","","-0.16%"
"2014-08-11","1,936.90","1,933.40","1,944.90","1,933.40","","0.27%"
"2014-08-08","1,931.60","1,910.30","1,932.40","1,909.00","","1.15%"
"2014-08-07","1,909.60","1,923.00","1,928.90","1,904.80","","-0.55%"
"2014-08-06","1,920.20","1,917.30","1,927.90","1,911.50","","0.00%"
"2014-08-05","1,920.20","1,936.30","1,936.30","1,913.80","","-0.97%"
"2014-08-04","1,939.00","1,926.60","1,942.90","1,921.20","","0.72%"
"2014-08-01","1,925.20","1,929.80","1,937.30","1,916.40","","-0.28%"
"2014-07-31","1,930.70","1,965.10","1,965.10","1,930.70","","-2.00%"
"2014-07-30","1,970.10","1,973.20","1,978.90","1,962.40","","0.01%"
"2014-07-29","1,970.00","1,980.00","1,984.80","1,970.00","","-0.45%"
"2014-07-28","1,978.90","1,978.20","1,981.50","1,967.30","","0.03%"
"2014-07-25","1,978.30","1,984.60","1,984.60","1,974.40","","-0.49%"
"2014-07-24","1,988.00","1,988.10","1,991.40","1,985.80","","0.05%"
"2014-07-23","1,987.00","1,985.30","1,989.20","1,982.40","","0.18%"
"2014-07-22","1,983.50","1,975.70","1,986.20","1,975.70","","0.50%"
"2014-07-21","1,973.60","1,976.90","1,976.90","1,965.80","","-0.23%"
"2014-07-18","1,978.20","1,961.50","1,979.90","1,960.80","","1.03%"
"2014-07-17","1,958.10","1,979.80","1,981.80","1,955.60","","-1.19%"
"2014-07-16","1,981.60","1,976.30","1,983.90","1,975.70","","0.42%"
"2014-07-15","1,973.30","1,977.40","1,982.50","1,965.30","","-0.19%"
"2014-07-14","1,977.10","1,969.90","1,979.80","1,969.90","","0.48%"
"2014-07-11","1,967.60","1,965.80","1,968.70","1,959.60","","0.15%"
"2014-07-10","1,964.70","1,966.70","1,969.80","1,952.90","","-0.41%"
"2014-07-09","1,972.80","1,965.10","1,974.20","1,965.10","","0.46%"
"2014-07-08","1,963.70","1,976.40","1,976.40","1,959.50","","-0.71%"
"2014-07-07","1,977.70","1,984.20","1,984.20","1,974.90","","-0.39%"
"2014-07-03","1,985.40","1,975.90","1,985.60","1,975.90","","0.55%"
"2014-07-02","1,974.60","1,973.10","1,976.70","1,972.60","","0.07%"
"2014-07-01","1,973.30","1,962.30","1,978.60","1,962.30","","0.67%"
"2014-06-30","1,960.20","1,960.80","1,964.20","1,958.20","","-0.04%"
"2014-06-27","1,961.00","1,956.60","1,961.50","1,952.20","","0.19%"
"2014-06-26","1,957.20","1,959.90","1,959.90","1,944.70","","-0.12%"
"2014-06-25","1,959.50","1,949.30","1,960.80","1,947.50","","0.49%"
"2014-06-24","1,950.00","1,962.00","1,968.20","1,948.30","","-0.64%"
"2014-06-23","1,962.60","1,962.90","1,963.70","1,958.90","","-0.02%"
"2014-06-20","1,962.90","1,960.50","1,963.90","1,959.20","","0.17%"
"2014-06-19","1,959.50","1,957.50","1,959.90","1,952.30","","0.13%"
"2014-06-18","1,957.00","1,942.70","1,957.70","1,939.30","","0.77%"
"2014-06-17","1,942.00","1,937.20","1,943.70","1,933.50","","0.22%"
"2014-06-16","1,937.80","1,934.80","1,941.20","1,930.90","","0.08%"
"2014-06-13","1,936.20","1,930.80","1,937.30","1,927.70","","0.32%"
"2014-06-12","1,930.10","1,943.30","1,943.30","1,925.80","","-0.71%"
"2014-06-11","1,943.90","1,949.40","1,949.40","1,940.10","","-0.35%"
"2014-06-10","1,950.80","1,950.30","1,950.90","1,944.60","","-0.03%"
"2014-06-09","1,951.30","1,949.00","1,955.50","1,947.20","","0.10%"
"2014-06-06","1,949.40","1,942.40","1,949.40","1,942.40","","0.46%"
"2014-06-05","1,940.50","1,928.50","1,941.70","1,922.90","","0.65%"
"2014-06-04","1,927.90","1,923.10","1,928.60","1,918.60","","0.19%"
"2014-06-03","1,924.20","1,923.10","1,925.10","1,918.80","","-0.04%"
"2014-06-02","1,925.00","1,923.90","1,925.90","1,916.00","","0.07%"
"2014-05-30","1,923.60","1,920.30","1,924.00","1,916.60","","0.19%"
"2014-05-29","1,920.00","1,910.60","1,920.00","1,909.80","","0.53%"
"2014-05-28","1,909.80","1,911.80","1,914.50","1,907.30","","-0.11%"
"2014-05-27","1,911.90","1,902.00","1,912.30","1,902.00","","0.60%"
"2014-05-23","1,900.50","1,893.30","1,901.30","1,893.30","","0.42%"
"2014-05-22","1,892.50","1,888.20","1,896.30","1,885.40","","0.24%"
"2014-05-21","1,888.00","1,873.30","1,888.80","1,873.30","","0.81%"
"2014-05-20","1,872.80","1,884.90","1,884.90","1,868.10","","-0.65%"
"2014-05-19","1,885.10","1,876.70","1,886.00","1,872.40","","0.38%"
"2014-05-16","1,877.90","1,871.20","1,878.30","1,864.80","","0.38%"
"2014-05-15","1,870.80","1,888.20","1,888.20","1,862.40","","-0.94%"
"2014-05-14","1,888.50","1,897.10","1,897.10","1,885.80","","-0.47%"
"2014-05-13","1,897.50","1,896.80","1,902.20","1,896.10","","0.04%"
"2014-05-12","1,896.70","1,880.00","1,897.10","1,880.00","","0.97%"
"2014-05-09","1,878.50","1,875.30","1,878.60","1,867.00","","0.15%"
"2014-05-08","1,875.60","1,877.40","1,889.10","1,870.00","","-0.14%"
"2014-05-07","1,878.20","1,868.50","1,878.80","1,859.80","","0.56%"
"2014-05-06","1,867.70","1,883.70","1,883.70","1,867.70","","-0.90%"
"2014-05-05","1,884.70","1,879.50","1,885.50","1,866.80","","0.19%"
"2014-05-02","1,881.10","1,885.30","1,891.30","1,878.50","","-0.14%"
"2014-05-01","1,883.70","1,884.40","1,888.60","1,878.00","","-0.02%"
"2014-04-30","1,884.00","1,877.10","1,885.20","1,872.70","","0.30%"
"2014-04-29","1,878.30","1,870.80","1,880.60","1,870.80","","0.48%"
"2014-04-28","1,869.40","1,865.00","1,877.00","1,850.60","","0.32%"
"2014-04-25","1,863.40","1,877.70","1,877.70","1,859.70","","-0.81%"
"2014-04-24","1,878.60","1,882.00","1,884.10","1,870.20","","0.17%"
"2014-04-23","1,875.40","1,879.30","1,879.80","1,873.90","","-0.22%"
"2014-04-22","1,879.50","1,872.60","1,884.90","1,872.60","","0.41%"
"2014-04-21","1,871.90","1,865.80","1,871.90","1,863.20","","0.38%"
"2014-04-17","1,864.80","1,861.70","1,869.60","1,856.70","","0.13%"
"2014-04-16","1,862.30","1,846.00","1,862.30","1,846.00","","1.05%"
"2014-04-15","1,843.00","1,831.50","1,844.00","1,816.30","","0.68%"
"2014-04-14","1,830.60","1,818.20","1,834.20","1,815.80","","0.82%"
"2014-04-11","1,815.70","1,830.70","1,835.10","1,814.40","","-0.95%"
"2014-04-10","1,833.10","1,872.30","1,872.50","1,830.90","","-2.09%"
"2014-04-09","1,872.20","1,852.60","1,872.40","1,852.40","","1.09%"
"2014-04-08","1,852.00","1,845.50","1,855.00","1,837.50","","0.38%"
"2014-04-07","1,845.00","1,863.90","1,864.00","1,841.50","","-1.08%"
"2014-04-04","1,865.10","1,890.20","1,897.30","1,863.30","","-1.25%"
"2014-04-03","1,888.80","1,891.40","1,893.80","1,882.70","","-0.11%"
"2014-04-02","1,890.90","1,886.60","1,893.20","1,883.80","","0.29%"
"2014-04-01","1,885.50","1,874.00","1,885.80","1,874.00","","0.71%"
"2014-03-31","1,872.30","1,859.20","1,875.20","1,859.20","","0.79%"
"2014-03-28","1,857.60","1,850.10","1,866.60","1,850.10","","0.47%"
"2014-03-27","1,849.00","1,852.10","1,855.50","1,842.10","","-0.19%"
"2014-03-26","1,852.60","1,867.10","1,875.90","1,852.60","","-0.70%"
"2014-03-25","1,865.60","1,859.50","1,871.90","1,856.00","","0.44%"
"2014-03-24","1,857.40","1,867.70","1,873.30","1,849.70","","-0.49%"
"2014-03-21","1,866.50","1,874.50","1,884.00","1,863.50","","-0.29%"
"2014-03-20","1,872.00","1,860.10","1,873.50","1,854.60","","0.60%"
"2014-03-19","1,860.80","1,872.20","1,874.10","1,850.30","","-0.61%"
"2014-03-18","1,872.20","1,858.90","1,873.80","1,858.90","","0.72%"
"2014-03-17","1,858.80","1,842.80","1,862.30","1,842.80","","0.96%"
"2014-03-14","1,841.10","1,845.10","1,852.40","1,839.60","","-0.28%"
"2014-03-13","1,846.30","1,869.10","1,874.40","1,841.90","","-1.17%"
"2014-03-12","1,868.20","1,866.20","1,868.40","1,854.40","","0.03%"
"2014-03-11","1,867.60","1,878.30","1,882.30","1,863.90","","-0.51%"
"2014-03-10","1,877.20","1,877.90","1,877.90","1,867.00","","-0.04%"
"2014-03-07","1,878.00","1,878.50","1,883.60","1,870.60","","0.05%"
"2014-03-06","1,877.00","1,874.20","1,881.90","1,874.20","","0.17%"
"2014-03-05","1,873.80","1,874.00","1,876.50","1,871.10","","-0.01%"
"2014-03-04","1,873.90","1,849.20","1,876.20","1,849.20","","1.53%"
"2014-03-03","1,845.70","1,857.70","1,857.70","1,834.40","","-0.74%"
"2014-02-28","1,859.50","1,855.10","1,867.90","1,847.70","","0.28%"
"2014-02-27","1,854.30","1,844.90","1,854.50","1,841.10","","0.49%"
"2014-02-26","1,845.20","1,845.80","1,852.70","1,840.70","","0.01%"
"2014-02-25","1,845.10","1,847.70","1,852.90","1,840.20","","-0.14%"
"2014-02-24","1,847.60","1,836.80","1,858.70","1,836.80","","0.62%"
"2014-02-21","1,836.20","1,841.10","1,846.10","1,835.60","","-0.20%"
"2014-02-20","1,839.80","1,829.20","1,842.80","1,824.60","","0.60%"
"2014-02-19","1,828.80","1,838.90","1,847.50","1,827.00","","-0.65%"
"2014-02-18","1,840.80","1,839.00","1,842.90","1,835.00","","0.12%"
"2014-02-14","1,838.60","1,828.50","1,841.70","1,825.60","","0.48%"
"2014-02-13","1,829.80","1,814.80","1,830.20","1,809.20","","0.58%"
"2014-02-12","1,819.30","1,820.10","1,826.50","1,816.00","","-0.03%"
"2014-02-11","1,819.80","1,800.50","1,823.50","1,800.40","","1.11%"
"2014-02-10","1,799.80","1,796.20","1,799.90","1,791.80","","0.16%"
"2014-02-07","1,797.00","1,776.00","1,798.00","1,776.00","","1.33%"
"2014-02-06","1,773.40","1,753.00","1,774.10","1,753.00","","1.24%"
"2014-02-05","1,751.60","1,753.40","1,755.80","1,737.90","","-0.21%"
"2014-02-04","1,755.20","1,743.80","1,758.70","1,743.80","","0.76%"
"2014-02-03","1,741.90","1,782.70","1,784.80","1,739.70","","-2.28%"
"2014-01-31","1,782.60","1,790.90","1,793.90","1,772.30","","-0.65%"
"2014-01-30","1,794.20","1,777.20","1,798.80","1,777.20","","1.13%"
"2014-01-29","1,774.20","1,790.20","1,790.20","1,770.50","","-1.02%"
"2014-01-28","1,792.50","1,783.00","1,793.90","1,779.50","","0.61%"
"2014-01-27","1,781.60","1,791.00","1,796.00","1,772.90","","-0.49%"
"2014-01-24","1,790.30","1,827.00","1,827.00","1,790.30","","-2.09%"
"2014-01-23","1,828.50","1,842.30","1,842.30","1,820.10","","-0.89%"
"2014-01-22","1,844.90","1,844.70","1,846.90","1,840.90","","0.06%"
"2014-01-21","1,843.80","1,841.00","1,849.30","1,832.40","","0.28%"
"2014-01-17","1,838.70","1,844.20","1,846.00","1,835.20","","-0.39%"
"2014-01-16","1,845.90","1,848.00","1,848.00","1,840.30","","-0.14%"
"2014-01-15","1,848.40","1,840.50","1,850.80","1,840.50","","0.52%"
"2014-01-14","1,838.90","1,821.40","1,839.30","1,821.40","","1.08%"
"2014-01-13","1,819.20","1,841.30","1,843.50","1,815.50","","-1.26%"
"2014-01-10","1,842.40","1,840.10","1,843.20","1,832.40","","0.23%"
"2014-01-09","1,838.10","1,839.00","1,843.20","1,830.40","","0.03%"
"2014-01-08","1,837.50","1,837.90","1,840.00","1,831.40","","-0.02%"
"2014-01-07","1,837.90","1,828.70","1,840.10","1,828.70","","0.61%"
"2014-01-06","1,826.80","1,832.30","1,837.20","1,823.70","","-0.25%"
"2014-01-03","1,831.40","1,833.20","1,838.20","1,829.10","","-0.03%"
"2014-01-02","1,832.00","1,845.90","1,845.90","1,827.70","","-0.89%"
"2013-12-31","1,848.40","1,842.60","1,849.40","1,842.40","","0.40%"
"2013-12-30","1,841.10","1,841.50","1,842.50","1,838.80","","-0.02%"
"2013-12-27","1,841.40","1,843.00","1,844.90","1,839.80","","-0.03%"
"2013-12-26","1,842.00","1,835.00","1,842.80","1,835.00","","0.47%"
"2013-12-24","1,833.30","1,828.00","1,833.30","1,828.00","","0.29%"
"2013-12-23","1,828.00","1,822.90","1,829.80","1,822.90","","0.53%"
"2013-12-20","1,818.30","1,810.40","1,823.80","1,810.20","","0.48%"
"2013-12-19","1,809.60","1,809.00","1,810.90","1,801.30","","-0.06%"
"2013-12-18","1,810.70","1,781.50","1,811.10","1,768.00","","1.67%"
"2013-12-17","1,781.00","1,786.50","1,786.80","1,777.00","","-0.31%"
"2013-12-16","1,786.50","1,777.50","1,792.20","1,777.50","","0.63%"
"2013-12-13","1,775.30","1,778.00","1,780.90","1,772.50","","-0.01%"
"2013-12-12","1,775.50","1,781.70","1,783.00","1,772.30","","-0.38%"
"2013-12-11","1,782.20","1,802.80","1,803.00","1,780.10","","-1.13%"
"2013-12-10","1,802.60","1,807.60","1,808.50","1,801.80","","-0.32%"
"2013-12-09","1,808.40","1,806.20","1,811.50","1,806.20","","0.18%"
"2013-12-06","1,805.10","1,788.40","1,806.00","1,788.40","","1.13%"
"2013-12-05","1,785.00","1,792.80","1,792.80","1,783.40","","-0.44%"
"2013-12-04","1,792.80","1,793.20","1,799.80","1,779.10","","-0.13%"
"2013-12-03","1,795.20","1,800.10","1,800.10","1,787.80","","-0.32%"
"2013-12-02","1,800.90","1,806.50","1,810.00","1,798.60","","-0.27%"
"2013-11-29","1,805.80","1,808.70","1,813.50","1,804.00","","-0.08%"
"2013-11-27","1,807.20","1,803.50","1,808.30","1,802.80","","0.24%"
"2013-11-26","1,802.80","1,802.90","1,808.40","1,800.80","","0.02%"
"2013-11-25","1,802.50","1,806.30","1,808.10","1,800.60","","-0.13%"
"2013-11-22","1,804.80","1,797.20","1,804.80","1,794.70","","0.50%"
"2013-11-21","1,795.80","1,783.50","1,797.20","1,783.50","","0.81%"
"2013-11-20","1,781.40","1,789.60","1,795.70","1,777.20","","-0.36%"
"2013-11-19","1,787.90","1,790.80","1,795.50","1,784.70","","-0.20%"
"2013-11-18","1,791.50","1,798.80","1,802.30","1,788.00","","-0.37%"
"2013-11-15","1,798.20","1,790.70","1,798.20","1,790.70","","0.42%"
"2013-11-14","1,790.60","1,782.80","1,791.50","1,780.20","","0.48%"
"2013-11-13","1,782.00","1,764.40","1,782.00","1,760.60","","0.81%"
"2013-11-12","1,767.70","1,769.50","1,771.80","1,762.30","","-0.24%"
"2013-11-11","1,771.90","1,770.00","1,773.40","1,767.80","","0.07%"
"2013-11-08","1,770.60","1,748.40","1,770.80","1,747.60","","1.34%"
"2013-11-07","1,747.20","1,770.70","1,774.50","1,746.20","","-1.32%"
"2013-11-06","1,770.50","1,765.00","1,773.70","1,764.40","","0.43%"
"2013-11-05","1,763.00","1,765.70","1,767.00","1,755.80","","-0.28%"
"2013-11-04","1,767.90","1,763.40","1,768.80","1,761.60","","0.36%"
"2013-11-01","1,761.60","1,758.70","1,765.70","1,752.70","","0.29%"
"2013-10-31","1,756.50","1,763.20","1,768.50","1,755.70","","-0.39%"
"2013-10-30","1,763.30","1,772.30","1,775.20","1,757.20","","-0.49%"
"2013-10-29","1,772.00","1,762.90","1,772.10","1,762.90","","0.56%"
"2013-10-28","1,762.10","1,759.40","1,765.00","1,757.70","","0.13%"
"2013-10-25","1,759.80","1,756.00","1,759.80","1,752.50","","0.44%"
"2013-10-24","1,752.10","1,747.50","1,753.90","1,745.50","","0.33%"
"2013-10-23","1,746.40","1,752.30","1,752.30","1,740.50","","-0.47%"
"2013-10-22","1,754.70","1,746.50","1,759.30","1,746.50","","0.57%"
"2013-10-21","1,744.70","1,745.20","1,747.80","1,740.70","","0.01%"
"2013-10-18","1,744.50","1,736.70","1,745.30","1,735.70","","0.65%"
"2013-10-17","1,733.20","1,720.20","1,733.50","1,714.10","","0.68%"
"2013-10-16","1,721.50","1,700.50","1,721.80","1,700.50","","1.38%"
"2013-10-15","1,698.10","1,709.20","1,711.60","1,695.90","","-0.70%"
"2013-10-14","1,710.10","1,699.90","1,711.00","1,692.10","","0.41%"
"2013-10-11","1,703.20","1,691.10","1,703.40","1,688.50","","0.63%"
"2013-10-10","1,692.60","1,660.90","1,692.60","1,660.90","","2.19%"
"2013-10-09","1,656.40","1,657.00","1,662.50","1,646.50","","0.05%"
"2013-10-08","1,655.50","1,676.20","1,676.80","1,655.00","","-1.23%"
"2013-10-07","1,676.10","1,687.20","1,687.20","1,674.70","","-0.85%"
"2013-10-04","1,690.50","1,678.80","1,691.90","1,677.30","","0.70%"
"2013-10-03","1,678.70","1,692.30","1,692.30","1,670.40","","-0.90%"
"2013-10-02","1,693.90","1,691.90","1,693.90","1,680.30","","-0.06%"
"2013-10-01","1,695.00","1,682.40","1,696.50","1,682.10","","0.80%"
"2013-09-30","1,681.50","1,687.30","1,687.30","1,675.00","","-0.61%"
"2013-09-27","1,691.80","1,695.50","1,695.50","1,687.10","","-0.41%"
"2013-09-26","1,698.70","1,694.00","1,703.80","1,693.10","","0.35%"
"2013-09-25","1,692.80","1,698.00","1,701.70","1,691.90","","-0.27%"
"2013-09-24","1,697.40","1,702.60","1,707.60","1,694.90","","-0.26%"
"2013-09-23","1,701.80","1,711.40","1,711.40","1,697.10","","-0.47%"
"2013-09-20","1,709.90","1,722.40","1,725.20","1,708.90","","-0.72%"
"2013-09-19","1,722.30","1,727.30","1,729.90","1,720.20","","-0.19%"
"2013-09-18","1,725.50","1,705.70","1,729.40","1,700.30","","1.21%"
"2013-09-17","1,704.80","1,697.70","1,705.50","1,697.70","","0.42%"
"2013-09-16","1,697.60","1,691.70","1,705.00","1,691.70","","0.57%"
"2013-09-13","1,688.00","1,685.00","1,688.70","1,682.20","","0.27%"
"2013-09-12","1,683.40","1,689.20","1,690.00","1,682.00","","-0.34%"
"2013-09-11","1,689.10","1,681.00","1,689.10","1,678.70","","0.30%"
"2013-09-10","1,684.00","1,674.30","1,684.10","1,674.30","","0.74%"
"2013-09-09","1,671.70","1,656.80","1,672.40","1,656.80","","1.00%"
"2013-09-06","1,655.20","1,657.40","1,664.80","1,640.60","","0.01%"
"2013-09-05","1,655.10","1,653.30","1,659.20","1,653.10","","0.12%"
"2013-09-04","1,653.10","1,640.70","1,655.70","1,637.40","","0.81%"
"2013-09-03","1,639.80","1,636.00","1,651.30","1,633.40","","0.42%"
"2013-08-30","1,633.00","1,638.90","1,640.10","1,628.00","","-0.32%"
"2013-08-29","1,638.20","1,633.50","1,646.40","1,630.90","","0.20%"
"2013-08-28","1,635.00","1,630.20","1,641.20","1,627.50","","0.28%"
"2013-08-27","1,630.50","1,652.50","1,652.50","1,629.00","","-1.59%"
"2013-08-26","1,656.80","1,664.30","1,669.50","1,656.00","","-0.40%"
"2013-08-23","1,663.50","1,659.90","1,664.80","1,654.80","","0.39%"
"2013-08-22","1,657.00","1,645.00","1,659.50","1,645.00","","0.86%"
"2013-08-21","1,642.80","1,650.70","1,657.00","1,639.40","","-0.57%"
"2013-08-20","1,652.30","1,646.80","1,658.90","1,646.10","","0.38%"
"2013-08-19","1,646.10","1,655.20","1,659.20","1,645.80","","-0.59%"
"2013-08-16","1,655.80","1,661.20","1,663.60","1,652.60","","-0.33%"
"2013-08-15","1,661.30","1,679.60","1,679.60","1,658.60","","-1.43%"
"2013-08-14","1,685.40","1,693.90","1,695.50","1,684.80","","-0.52%"
"2013-08-13","1,694.20","1,690.70","1,696.80","1,682.60","","0.28%"
"2013-08-12","1,689.50","1,688.40","1,691.50","1,683.30","","-0.11%"
"2013-08-09","1,691.40","1,696.10","1,699.40","1,686.00","","-0.36%"
"2013-08-08","1,697.50","1,693.30","1,700.20","1,688.40","","0.39%"
"2013-08-07","1,690.90","1,695.30","1,695.30","1,684.90","","-0.38%"
"2013-08-06","1,697.40","1,705.80","1,705.80","1,693.30","","-0.57%"
"2013-08-05","1,707.10","1,708.00","1,709.20","1,703.50","","-0.15%"
"2013-08-02","1,709.70","1,706.10","1,709.70","1,700.70","","0.16%"
"2013-08-01","1,706.90","1,689.40","1,707.80","1,689.40","","1.26%"
"2013-07-31","1,685.70","1,687.80","1,698.40","1,684.90","","-0.02%"
"2013-07-30","1,686.00","1,687.90","1,693.20","1,682.40","","0.04%"
"2013-07-29","1,685.30","1,690.30","1,690.90","1,681.90","","-0.38%"
"2013-07-26","1,691.70","1,687.30","1,691.80","1,676.00","","0.09%"
"2013-07-25","1,690.20","1,685.20","1,690.90","1,680.10","","0.26%"
"2013-07-24","1,685.90","1,696.10","1,698.40","1,682.60","","-0.38%"
"2013-07-23","1,692.40","1,696.60","1,698.80","1,691.10","","-0.18%"
"2013-07-22","1,695.50","1,694.40","1,697.60","1,690.70","","0.20%"
"2013-07-19","1,692.10","1,686.20","1,692.10","1,684.10","","0.16%"
"2013-07-18","1,689.40","1,681.00","1,693.10","1,681.00","","0.51%"
"2013-07-17","1,680.90","1,677.90","1,684.80","1,677.90","","0.27%"
"2013-07-16","1,676.30","1,682.70","1,683.70","1,671.80","","-0.37%"
"2013-07-15","1,682.50","1,679.60","1,684.50","1,677.90","","0.14%"
"2013-07-12","1,680.20","1,675.30","1,680.20","1,672.30","","0.31%"
"2013-07-11","1,675.00","1,657.40","1,676.60","1,657.40","","1.36%"
"2013-07-10","1,652.60","1,651.60","1,657.90","1,647.70","","0.02%"
"2013-07-09","1,652.30","1,642.90","1,654.20","1,642.90","","0.72%"
"2013-07-08","1,640.50","1,634.20","1,644.70","1,634.20","","0.53%"
"2013-07-05","1,631.90","1,618.70","1,632.10","1,614.70","","1.02%"
"2013-07-03","1,615.40","1,611.50","1,619.00","1,604.60","","0.08%"
"2013-07-02","1,614.10","1,614.30","1,624.30","1,606.80","","-0.06%"
"2013-07-01","1,615.00","1,609.80","1,626.60","1,609.80","","0.54%"
"2013-06-28","1,606.30","1,611.10","1,615.90","1,601.10","","-0.43%"
"2013-06-27","1,613.20","1,606.40","1,620.10","1,606.40","","0.62%"
"2013-06-26","1,603.30","1,592.30","1,606.80","1,592.30","","0.96%"
"2013-06-25","1,588.00","1,577.50","1,593.80","1,577.10","","0.95%"
"2013-06-24","1,573.10","1,588.80","1,588.80","1,560.30","","-1.21%"
"2013-06-21","1,592.40","1,588.60","1,599.20","1,577.70","","0.26%"
"2013-06-20","1,588.20","1,624.60","1,624.60","1,584.30","","-2.50%"
"2013-06-19","1,628.90","1,651.80","1,652.50","1,628.90","","-1.39%"
"2013-06-18","1,651.80","1,639.80","1,654.20","1,639.80","","0.78%"
"2013-06-17","1,639.00","1,630.60","1,646.50","1,630.30","","0.76%"
"2013-06-14","1,626.70","1,635.50","1,640.80","1,624.00","","-0.59%"
"2013-06-13","1,636.40","1,612.20","1,639.20","1,608.10","","1.48%"
"2013-06-12","1,612.50","1,629.90","1,637.70","1,610.90","","-0.84%"
"2013-06-11","1,626.10","1,638.60","1,640.10","1,622.90","","-1.02%"
"2013-06-10","1,642.80","1,644.70","1,648.70","1,639.30","","-0.04%"
"2013-06-07","1,643.40","1,625.30","1,644.40","1,625.30","","1.28%"
"2013-06-06","1,622.60","1,609.30","1,622.60","1,598.20","","0.85%"
"2013-06-05","1,608.90","1,629.00","1,629.30","1,607.10","","-1.38%"
"2013-06-04","1,631.40","1,640.70","1,646.50","1,623.60","","-0.55%"
"2013-06-03","1,640.40","1,631.70","1,640.40","1,622.70","","0.59%"
"2013-05-31","1,630.70","1,652.10","1,659.00","1,630.70","","-1.43%"
"2013-05-30","1,654.40","1,649.10","1,661.90","1,648.60","","0.36%"
"2013-05-29","1,648.40","1,656.60","1,656.60","1,640.00","","-0.70%"
"2013-05-28","1,660.10","1,652.60","1,674.20","1,652.60","","0.64%"
"2013-05-24","1,649.60","1,646.70","1,649.80","1,636.90","","-0.05%"
"2013-05-23","1,650.50","1,651.60","1,655.50","1,635.50","","-0.29%"
"2013-05-22","1,655.30","1,669.40","1,687.20","1,648.90","","-0.83%"
"2013-05-21","1,669.20","1,666.20","1,674.90","1,662.70","","0.17%"
"2013-05-20","1,666.30","1,665.70","1,672.80","1,663.50","","-0.07%"
"2013-05-17","1,667.50","1,652.50","1,667.50","1,652.50","","1.03%"
"2013-05-16","1,650.50","1,658.10","1,660.50","1,648.60","","-0.50%"
"2013-05-15","1,658.80","1,649.10","1,661.50","1,646.70","","0.52%"
"2013-05-14","1,650.30","1,633.80","1,651.10","1,633.80","","1.01%"
"2013-05-13","1,633.80","1,632.10","1,636.00","1,626.70","","0.01%"
"2013-05-10","1,633.70","1,626.70","1,633.70","1,623.70","","0.43%"
"2013-05-09","1,626.70","1,632.70","1,635.00","1,623.10","","-0.37%"
"2013-05-08","1,632.70","1,626.00","1,632.80","1,622.70","","0.41%"
"2013-05-07","1,626.00","1,617.50","1,626.00","1,616.60","","0.53%"
"2013-05-06","1,617.50","1,614.40","1,619.80","1,614.20","","0.19%"
"2013-05-03","1,614.40","1,597.60","1,618.50","1,597.60","","1.05%"
"2013-05-02","1,597.60","1,582.80","1,598.60","1,582.80","","0.94%"
"2013-05-01","1,582.70","1,597.50","1,597.50","1,581.30","","-0.93%"
"2013-04-30","1,597.60","1,593.60","1,597.60","1,586.50","","0.25%"
"2013-04-29","1,593.60","1,582.30","1,596.70","1,582.30","","0.72%"
"2013-04-26","1,582.20","1,585.20","1,585.80","1,577.60","","-0.19%"
"2013-04-25","1,585.20","1,578.90","1,592.60","1,578.90","","0.41%"
"2013-04-24","1,578.80","1,578.80","1,583.00","1,575.80","","0.00%"
"2013-04-23","1,578.80","1,562.50","1,579.60","1,562.50","","1.04%"
"2013-04-22","1,562.50","1,555.20","1,565.50","1,548.20","","0.47%"
"2013-04-19","1,555.20","1,541.60","1,555.90","1,539.40","","0.88%"
"2013-04-18","1,541.60","1,552.00","1,554.40","1,536.00","","-0.67%"
"2013-04-17","1,552.00","1,574.60","1,574.60","1,543.70","","-1.44%"
"2013-04-16","1,574.60","1,552.40","1,575.30","1,552.40","","1.43%"
"2013-04-15","1,552.40","1,588.80","1,588.80","1,552.30","","-2.29%"
"2013-04-12","1,588.80","1,593.30","1,593.30","1,580.00","","-0.29%"
"2013-04-11","1,593.40","1,587.70","1,597.30","1,586.20","","0.36%"
"2013-04-10","1,587.70","1,568.60","1,589.10","1,568.60","","1.22%"
"2013-04-09","1,568.60","1,563.10","1,573.90","1,560.90","","0.35%"
"2013-04-08","1,563.10","1,553.30","1,563.10","1,548.60","","0.63%"
"2013-04-05","1,553.30","1,560.00","1,560.00","1,539.50","","-0.43%"
"2013-04-04","1,560.00","1,553.70","1,562.60","1,552.50","","0.41%"
"2013-04-03","1,553.70","1,570.20","1,571.50","1,549.80","","-1.05%"
"2013-04-02","1,570.20","1,562.20","1,573.70","1,562.20","","0.51%"
"2013-04-01","1,562.20","1,569.20","1,570.60","1,558.50","","-0.45%"
"2013-03-28","1,569.20","1,562.90","1,570.30","1,561.10","","0.41%"
"2013-03-27","1,562.80","1,563.80","1,564.10","1,551.90","","-0.06%"
"2013-03-26","1,563.80","1,551.70","1,564.00","1,551.70","","0.78%"
"2013-03-25","1,551.70","1,556.90","1,564.90","1,546.20","","-0.33%"
"2013-03-22","1,556.90","1,545.90","1,557.70","1,545.90","","0.72%"
"2013-03-21","1,545.80","1,558.70","1,558.70","1,543.50","","-0.83%"
"2013-03-20","1,558.70","1,548.30","1,561.60","1,548.30","","0.67%"
"2013-03-19","1,548.30","1,552.10","1,557.20","1,538.60","","-0.24%"
"2013-03-18","1,552.10","1,560.70","1,560.70","1,545.10","","-0.55%"
"2013-03-15","1,560.70","1,563.20","1,563.60","1,555.70","","-0.16%"
"2013-03-14","1,563.20","1,554.50","1,563.30","1,554.50","","0.56%"
"2013-03-13","1,554.50","1,552.50","1,556.40","1,548.20","","0.13%"
"2013-03-12","1,552.50","1,556.20","1,556.80","1,548.20","","-0.24%"
"2013-03-11","1,556.20","1,551.20","1,556.30","1,547.40","","0.32%"
"2013-03-08","1,551.20","1,544.30","1,552.50","1,542.90","","0.45%"
"2013-03-07","1,544.30","1,541.50","1,545.80","1,541.50","","0.18%"
"2013-03-06","1,541.50","1,539.80","1,545.20","1,538.10","","0.11%"
"2013-03-05","1,539.80","1,525.20","1,543.50","1,525.20","","0.96%"
"2013-03-04","1,525.20","1,518.20","1,525.30","1,512.30","","0.46%"
"2013-03-01","1,518.20","1,514.70","1,520.00","1,501.50","","0.23%"
"2013-02-28","1,514.70","1,516.00","1,525.30","1,514.50","","-0.09%"
"2013-02-27","1,516.00","1,496.90","1,520.10","1,494.90","","1.28%"
"2013-02-26","1,496.90","1,487.80","1,499.00","1,485.00","","0.61%"
"2013-02-25","1,487.80","1,515.60","1,525.80","1,487.80","","-1.83%"
"2013-02-22","1,515.60","1,502.40","1,515.60","1,502.40","","0.88%"
"2013-02-21","1,502.40","1,512.00","1,512.00","1,497.30","","-0.63%"
"2013-02-20","1,512.00","1,530.90","1,530.90","1,511.40","","-1.23%"
"2013-02-19","1,530.90","1,519.80","1,530.90","1,519.80","","0.73%"
"2013-02-15","1,519.80","1,521.40","1,524.20","1,514.10","","-0.11%"
"2013-02-14","1,521.40","1,520.30","1,523.10","1,514.00","","0.07%"
"2013-02-13","1,520.30","1,519.40","1,524.70","1,515.90","","0.06%"
"2013-02-12","1,519.40","1,517.00","1,522.30","1,515.60","","0.16%"
"2013-02-11","1,517.00","1,517.90","1,518.30","1,513.60","","-0.06%"
"2013-02-08","1,517.90","1,509.40","1,518.30","1,509.40","","0.56%"
"2013-02-07","1,509.40","1,512.10","1,512.90","1,498.50","","-0.18%"
"2013-02-06","1,512.10","1,511.30","1,512.50","1,504.70","","0.05%"
"2013-02-05","1,511.30","1,495.70","1,515.00","1,495.70","","1.04%"
"2013-02-04","1,495.70","1,513.20","1,513.20","1,495.00","","-1.16%"
"2013-02-01","1,513.20","1,498.10","1,514.40","1,498.10","","1.01%"
"2013-01-31","1,498.10","1,502.00","1,504.20","1,496.80","","-0.26%"
"2013-01-30","1,502.00","1,507.80","1,509.90","1,500.10","","-0.38%"
"2013-01-29","1,507.80","1,500.20","1,509.30","1,498.10","","0.51%"
"2013-01-28","1,500.20","1,503.00","1,503.20","1,496.30","","-0.19%"
"2013-01-25","1,503.00","1,494.80","1,503.30","1,494.80","","0.55%"
"2013-01-24","1,494.80","1,494.80","1,502.30","1,489.50","","0.00%"
"2013-01-23","1,494.80","1,492.60","1,496.10","1,489.90","","0.15%"
"2013-01-22","1,492.60","1,486.00","1,492.60","1,481.20","","0.44%"
"2013-01-18","1,486.00","1,481.00","1,486.00","1,475.80","","0.34%"
"2013-01-17","1,480.90","1,472.60","1,485.20","1,472.60","","0.56%"
"2013-01-16","1,472.60","1,472.30","1,474.00","1,467.60","","0.02%"
"2013-01-15","1,472.30","1,470.70","1,473.30","1,463.80","","0.11%"
"2013-01-14","1,470.70","1,472.00","1,472.00","1,465.70","","-0.09%"
"2013-01-11","1,472.00","1,472.10","1,472.80","1,467.60","","-0.01%"
"2013-01-10","1,472.10","1,464.60","1,472.30","1,461.00","","0.76%"
"2013-01-09","1,461.00","1,457.20","1,464.70","1,457.20","","0.26%"
"2013-01-08","1,457.20","1,461.90","1,461.90","1,451.60","","-0.32%"
"2013-01-07","1,461.90","1,466.50","1,466.50","1,456.60","","-0.31%"
"2013-01-04","1,466.50","1,459.40","1,467.90","1,459.00","","0.49%"
"2013-01-03","1,459.40","1,462.40","1,465.50","1,455.50","","-0.21%"
"2013-01-02","1,462.40","1,426.20","1,462.40","1,426.20","","2.54%"
"2012-12-31","1,426.20","1,402.40","1,426.70","1,398.10","","1.70%"
"2012-12-28","1,402.40","1,418.10","1,418.10","1,401.60","","-1.11%"
"2012-12-27","1,418.10","1,419.80","1,422.80","1,401.80","","-0.12%"
"2012-12-26","1,419.80","1,426.70","1,429.40","1,416.40","","-0.48%"
"2012-12-24","1,426.70","1,430.20","1,430.20","1,424.70","","-0.24%"
"2012-12-21","1,430.20","1,443.70","1,443.70","1,422.60","","-0.94%"
"2012-12-20","1,443.70","1,435.80","1,443.70","1,432.80","","0.55%"
"2012-12-19","1,435.80","1,446.80","1,447.80","1,435.80","","-0.76%"
"2012-12-18","1,446.80","1,430.50","1,448.00","1,430.50","","1.15%"
"2012-12-17","1,430.40","1,413.50","1,430.70","1,413.50","","1.19%"
"2012-12-14","1,413.60","1,419.50","1,419.50","1,411.90","","-0.42%"
"2012-12-13","1,419.50","1,428.50","1,431.40","1,416.00","","-0.63%"
"2012-12-12","1,428.50","1,427.80","1,438.60","1,426.80","","0.05%"
"2012-12-11","1,427.80","1,418.50","1,434.30","1,418.50","","0.66%"
"2012-12-10","1,418.50","1,418.10","1,421.60","1,415.60","","0.03%"
"2012-12-07","1,418.10","1,414.00","1,420.30","1,410.90","","0.30%"
"2012-12-06","1,413.90","1,409.40","1,414.00","1,405.90","","0.33%"
"2012-12-05","1,409.30","1,407.00","1,415.60","1,398.20","","0.16%"
"2012-12-04","1,407.00","1,409.50","1,413.10","1,403.70","","-0.18%"
"2012-12-03","1,409.50","1,416.30","1,423.70","1,408.50","","-0.47%"
"2012-11-30","1,416.20","1,416.00","1,418.90","1,411.60","","0.01%"
"2012-11-29","1,416.00","1,410.00","1,419.70","1,409.00","","0.43%"
"2012-11-28","1,409.90","1,398.80","1,410.30","1,385.40","","0.79%"
"2012-11-27","1,398.90","1,406.30","1,409.00","1,398.00","","-0.53%"
"2012-11-26","1,406.30","1,409.20","1,409.20","1,397.70","","-0.21%"
"2012-11-23","1,409.20","1,391.00","1,409.20","1,391.00","","1.31%"
"2012-11-21","1,391.00","1,387.80","1,391.20","1,386.40","","0.23%"
"2012-11-20","1,387.80","1,386.80","1,389.80","1,377.00","","0.06%"
"2012-11-19","1,386.90","1,359.90","1,386.90","1,359.90","","1.99%"
"2012-11-16","1,359.90","1,353.40","1,362.00","1,343.30","","0.49%"
"2012-11-15","1,353.30","1,355.40","1,360.60","1,348.00","","-0.16%"
"2012-11-14","1,355.50","1,374.60","1,380.10","1,352.50","","-1.38%"
"2012-11-13","1,374.50","1,380.00","1,388.80","1,371.40","","-0.40%"
"2012-11-12","1,380.00","1,379.90","1,384.90","1,377.20","","0.01%"
"2012-11-09","1,379.80","1,377.50","1,391.40","1,373.00","","0.17%"
"2012-11-08","1,377.50","1,394.50","1,401.20","1,377.50","","-1.22%"
"2012-11-07","1,394.50","1,428.30","1,428.30","1,388.10","","-2.37%"
"2012-11-06","1,428.40","1,417.30","1,433.40","1,417.30","","0.78%"
"2012-11-05","1,417.30","1,414.00","1,419.90","1,408.10","","0.22%"
"2012-11-02","1,414.20","1,427.60","1,434.30","1,412.90","","-0.94%"
"2012-11-01","1,427.60","1,412.20","1,428.30","1,412.20","","1.09%"
"2012-10-31","1,412.20","1,411.00","1,418.80","1,406.00","","0.02%"
"2012-10-26","1,411.90","1,413.00","1,417.10","1,403.30","","-0.08%"
"2012-10-25","1,413.00","1,409.70","1,421.10","1,405.10","","0.30%"
"2012-10-24","1,408.80","1,413.20","1,420.00","1,407.10","","-0.30%"
"2012-10-23","1,413.10","1,433.70","1,433.70","1,407.60","","-1.44%"
"2012-10-22","1,433.80","1,433.20","1,435.50","1,422.10","","0.04%"
"2012-10-19","1,433.20","1,457.30","1,457.30","1,429.80","","-1.65%"
"2012-10-18","1,457.30","1,460.90","1,464.00","1,452.60","","-0.25%"
"2012-10-17","1,460.90","1,454.20","1,462.20","1,453.30","","0.41%"
"2012-10-16","1,454.90","1,440.30","1,455.50","1,440.30","","1.03%"
"2012-10-15","1,440.10","1,428.80","1,441.30","1,427.20","","0.80%"
"2012-10-12","1,428.60","1,432.80","1,438.40","1,425.50","","-0.29%"
"2012-10-11","1,432.80","1,432.80","1,443.90","1,432.80","","0.01%"
"2012-10-10","1,432.60","1,441.50","1,442.50","1,430.60","","-0.62%"
"2012-10-09","1,441.50","1,455.90","1,455.90","1,441.20","","-0.99%"
"2012-10-08","1,455.90","1,460.90","1,460.90","1,453.10","","-0.34%"
"2012-10-05","1,460.90","1,461.40","1,471.00","1,456.90","","-0.03%"
"2012-10-04","1,461.40","1,451.10","1,463.10","1,451.10","","0.72%"
"2012-10-03","1,451.00","1,446.00","1,454.30","1,442.00","","0.36%"
"2012-10-02","1,445.80","1,445.00","1,451.50","1,439.00","","0.09%"
"2012-10-01","1,444.50","1,440.90","1,457.10","1,440.90","","0.26%"
"2012-09-28","1,440.70","1,447.10","1,447.10","1,435.60","","-0.45%"
"2012-09-27","1,447.20","1,433.40","1,450.20","1,433.40","","0.97%"
"2012-09-26","1,433.30","1,441.60","1,441.60","1,430.50","","-0.58%"
"2012-09-25","1,441.60","1,456.90","1,463.20","1,441.60","","-1.05%"
"2012-09-24","1,456.90","1,459.80","1,460.70","1,452.10","","-0.23%"
"2012-09-21","1,460.20","1,460.30","1,467.10","1,459.50","","-0.01%"
"2012-09-20","1,460.30","1,461.00","1,461.20","1,450.00","","-0.05%"
"2012-09-19","1,461.00","1,459.50","1,465.20","1,457.90","","0.12%"
"2012-09-18","1,459.30","1,461.20","1,461.50","1,456.10","","-0.13%"
"2012-09-17","1,461.20","1,465.40","1,465.60","1,457.50","","-0.31%"
"2012-09-14","1,465.80","1,460.10","1,474.50","1,460.10","","0.40%"
"2012-09-13","1,460.00","1,436.60","1,463.80","1,435.30","","1.63%"
"2012-09-12","1,436.60","1,433.60","1,439.20","1,433.00","","0.21%"
"2012-09-11","1,433.60","1,429.10","1,437.80","1,429.10","","0.31%"
"2012-09-10","1,429.10","1,437.90","1,438.70","1,429.00","","-0.61%"
"2012-09-07","1,437.90","1,432.10","1,437.90","1,431.50","","0.41%"
"2012-09-06","1,432.10","1,403.40","1,432.10","1,403.40","","2.05%"
"2012-09-05","1,403.40","1,404.90","1,408.80","1,401.20","","-0.11%"
"2012-09-04","1,404.90","1,406.50","1,409.30","1,396.60","","-0.12%"
"2012-08-31","1,406.60","1,400.10","1,413.10","1,399.00","","0.51%"
"2012-08-30","1,399.50","1,410.10","1,410.10","1,397.00","","-0.78%"
"2012-08-29","1,410.50","1,409.30","1,414.00","1,406.60","","0.09%"
"2012-08-28","1,409.30","1,410.40","1,413.60","1,405.60","","-0.08%"
"2012-08-27","1,410.40","1,411.10","1,416.20","1,409.10","","-0.05%"
"2012-08-24","1,411.10","1,402.00","1,413.50","1,398.00","","0.64%"
"2012-08-23","1,402.10","1,413.50","1,413.50","1,400.50","","-0.81%"
"2012-08-22","1,413.50","1,413.10","1,416.10","1,406.80","","0.02%"
"2012-08-21","1,413.20","1,418.10","1,426.70","1,410.90","","-0.35%"
"2012-08-20","1,418.10","1,417.80","1,418.10","1,412.10","","-0.01%"
"2012-08-17","1,418.20","1,415.80","1,418.70","1,414.70","","0.19%"
"2012-08-16","1,415.50","1,406.60","1,417.40","1,404.20","","0.71%"
"2012-08-15","1,405.50","1,403.90","1,407.70","1,401.80","","0.11%"
"2012-08-14","1,403.90","1,404.40","1,410.00","1,400.60","","-0.01%"
"2012-08-13","1,404.10","1,405.90","1,405.90","1,397.30","","-0.13%"
"2012-08-10","1,405.90","1,402.60","1,406.00","1,395.60","","0.22%"
"2012-08-09","1,402.80","1,402.30","1,406.00","1,398.80","","0.04%"
"2012-08-08","1,402.20","1,401.20","1,404.10","1,396.10","","0.06%"
"2012-08-07","1,401.30","1,394.50","1,407.10","1,394.50","","0.51%"
"2012-08-06","1,394.20","1,391.00","1,399.60","1,391.00","","0.23%"
"2012-08-03","1,391.00","1,365.50","1,394.20","1,365.50","","1.90%"
"2012-08-02","1,365.00","1,375.10","1,375.10","1,354.70","","-0.73%"
"2012-08-01","1,375.10","1,379.30","1,385.00","1,373.30","","-0.30%"
"2012-07-31","1,379.30","1,385.30","1,387.20","1,379.20","","-0.43%"
"2012-07-30","1,385.30","1,385.90","1,391.70","1,381.40","","-0.05%"
"2012-07-27","1,386.00","1,360.00","1,389.20","1,360.00","","1.91%"
"2012-07-26","1,360.00","1,338.20","1,363.10","1,338.20","","1.65%"
"2012-07-25","1,337.90","1,338.30","1,344.00","1,331.50","","-0.03%"
"2012-07-24","1,338.30","1,350.50","1,351.50","1,329.20","","-0.90%"
"2012-07-23","1,350.50","1,362.30","1,362.30","1,337.60","","-0.90%"
"2012-07-20","1,362.70","1,376.50","1,376.50","1,362.20","","-1.00%"
"2012-07-19","1,376.50","1,373.00","1,380.40","1,371.20","","0.27%"
"2012-07-18","1,372.80","1,363.60","1,375.30","1,359.00","","0.67%"
"2012-07-17","1,363.70","1,353.70","1,365.40","1,345.10","","0.75%"
"2012-07-16","1,353.60","1,356.50","1,357.30","1,348.50","","-0.24%"
"2012-07-13","1,356.80","1,334.80","1,357.70","1,334.80","","1.65%"
"2012-07-12","1,334.80","1,341.30","1,341.30","1,325.40","","-0.50%"
"2012-07-11","1,341.50","1,341.40","1,345.00","1,333.20","","0.00%"
"2012-07-10","1,341.50","1,353.00","1,361.50","1,336.30","","-0.81%"
"2012-07-09","1,352.50","1,354.70","1,354.90","1,346.70","","-0.16%"
"2012-07-06","1,354.70","1,367.10","1,367.10","1,348.00","","-0.94%"
"2012-07-05","1,367.60","1,373.70","1,373.80","1,363.00","","-0.47%"
"2012-07-03","1,374.00","1,365.80","1,374.80","1,363.50","","0.62%"
"2012-07-02","1,365.50","1,362.30","1,366.30","1,355.70","","0.24%"
"2012-06-29","1,362.20","1,330.10","1,362.20","1,330.10","","2.50%"
"2012-06-28","1,329.00","1,331.50","1,331.50","1,313.30","","-0.21%"
"2012-06-27","1,331.80","1,320.70","1,334.40","1,320.70","","0.89%"
"2012-06-26","1,320.00","1,314.10","1,324.20","1,310.30","","0.48%"
"2012-06-25","1,313.70","1,334.90","1,334.90","1,309.30","","-1.60%"
"2012-06-22","1,335.00","1,325.90","1,337.80","1,325.90","","0.72%"
"2012-06-21","1,325.50","1,355.40","1,358.30","1,324.40","","-2.23%"
"2012-06-20","1,355.70","1,358.00","1,361.60","1,346.50","","-0.17%"
"2012-06-19","1,358.00","1,344.80","1,363.50","1,344.80","","0.98%"
"2012-06-18","1,344.80","1,342.40","1,348.20","1,334.50","","0.15%"
"2012-06-15","1,342.80","1,329.20","1,343.30","1,329.20","","1.03%"
"2012-06-14","1,329.10","1,314.90","1,333.70","1,314.10","","1.08%"
"2012-06-13","1,314.90","1,324.00","1,327.30","1,310.50","","-0.70%"
"2012-06-12","1,324.20","1,309.40","1,324.30","1,306.60","","1.17%"
"2012-06-11","1,308.90","1,325.70","1,335.50","1,307.70","","-1.27%"
"2012-06-08","1,325.70","1,315.00","1,325.80","1,307.80","","0.81%"
"2012-06-07","1,315.00","1,316.20","1,329.00","1,312.70","","-0.01%"
"2012-06-06","1,315.10","1,285.60","1,315.10","1,285.60","","2.30%"
"2012-06-05","1,285.50","1,277.80","1,287.60","1,274.20","","0.57%"
"2012-06-04","1,278.20","1,278.30","1,282.50","1,266.70","","0.02%"
"2012-06-01","1,278.00","1,309.90","1,309.90","1,277.20","","-2.47%"
"2012-05-31","1,310.30","1,313.10","1,319.70","1,298.90","","-0.23%"
"2012-05-30","1,313.30","1,331.20","1,331.20","1,310.80","","-1.43%"
"2012-05-29","1,332.40","1,318.90","1,334.90","1,318.90","","1.11%"
"2012-05-25","1,317.80","1,320.80","1,324.20","1,314.20","","-0.22%"
"2012-05-24","1,320.70","1,318.70","1,324.10","1,310.50","","0.14%"
"2012-05-23","1,318.90","1,316.00","1,320.70","1,296.50","","0.17%"
"2012-05-22","1,316.60","1,316.10","1,328.50","1,310.00","","0.05%"
"2012-05-21","1,316.00","1,295.70","1,316.40","1,295.70","","1.61%"
"2012-05-18","1,295.20","1,305.00","1,312.20","1,292.00","","-0.74%"
"2012-05-17","1,304.90","1,324.80","1,326.40","1,304.90","","-1.50%"
"2012-05-16","1,324.80","1,330.80","1,341.80","1,324.80","","-0.44%"
"2012-05-15","1,330.70","1,338.40","1,344.90","1,328.40","","-0.57%"
"2012-05-14","1,338.30","1,351.90","1,351.90","1,336.60","","-1.12%"
"2012-05-11","1,353.40","1,358.10","1,365.70","1,348.90","","-0.34%"
"2012-05-10","1,358.00","1,354.60","1,365.90","1,354.60","","0.25%"
"2012-05-09","1,354.60","1,363.20","1,363.70","1,343.10","","-0.67%"
"2012-05-08","1,363.70","1,369.20","1,369.20","1,347.80","","-0.43%"
"2012-05-07","1,369.60","1,368.80","1,373.90","1,363.90","","0.04%"
"2012-05-04","1,369.10","1,391.50","1,391.50","1,368.00","","-1.62%"
"2012-05-03","1,391.60","1,402.30","1,403.10","1,388.70","","-0.76%"
"2012-05-02","1,402.30","1,405.50","1,405.50","1,393.90","","-0.25%"
"2012-05-01","1,405.80","1,397.90","1,415.30","1,395.70","","0.57%"
"2012-04-30","1,397.90","1,403.30","1,403.30","1,394.00","","-0.39%"
"2012-04-27","1,403.40","1,400.20","1,406.60","1,397.30","","0.24%"
"2012-04-26","1,400.00","1,390.60","1,402.10","1,387.30","","0.67%"
"2012-04-25","1,390.70","1,372.10","1,391.40","1,372.10","","1.36%"
"2012-04-24","1,372.00","1,367.00","1,375.60","1,366.80","","0.37%"
"2012-04-23","1,366.90","1,378.50","1,378.50","1,358.80","","-0.84%"
"2012-04-20","1,378.50","1,377.00","1,387.40","1,377.00","","0.12%"
"2012-04-19","1,376.90","1,385.10","1,390.50","1,370.30","","-0.59%"
"2012-04-18","1,385.10","1,390.80","1,390.80","1,383.30","","-0.41%"
"2012-04-17","1,390.80","1,369.60","1,392.80","1,369.60","","1.55%"
"2012-04-16","1,369.60","1,370.30","1,379.70","1,365.40","","-0.05%"
"2012-04-13","1,370.30","1,387.60","1,387.60","1,369.80","","-1.25%"
"2012-04-12","1,387.60","1,368.80","1,388.10","1,368.80","","1.38%"
"2012-04-11","1,368.70","1,359.00","1,374.70","1,359.00","","0.74%"
"2012-04-10","1,358.60","1,382.20","1,383.00","1,357.40","","-1.71%"
"2012-04-09","1,382.20","1,397.50","1,397.50","1,378.20","","-1.14%"
"2012-04-05","1,398.10","1,398.80","1,401.60","1,392.90","","-0.06%"
"2012-04-04","1,399.00","1,413.10","1,413.10","1,394.10","","-1.02%"
"2012-04-03","1,413.40","1,419.00","1,419.00","1,404.60","","-0.39%"
"2012-04-02","1,419.00","1,408.50","1,422.40","1,404.50","","0.75%"
"2012-03-30","1,408.50","1,403.30","1,410.90","1,401.40","","0.37%"
"2012-03-29","1,403.30","1,405.40","1,405.40","1,391.60","","-0.16%"
"2012-03-28","1,405.50","1,412.50","1,413.70","1,397.20","","-0.50%"
"2012-03-27","1,412.50","1,416.50","1,419.20","1,412.00","","-0.28%"
"2012-03-26","1,416.50","1,397.10","1,416.60","1,397.10","","1.39%"
"2012-03-23","1,397.10","1,392.80","1,399.20","1,386.90","","0.31%"
"2012-03-22","1,392.80","1,402.90","1,402.90","1,388.70","","-0.72%"
"2012-03-21","1,402.90","1,405.50","1,407.80","1,400.60","","-0.18%"
"2012-03-20","1,405.50","1,409.60","1,409.60","1,397.70","","-0.31%"
"2012-03-19","1,409.80","1,404.20","1,414.00","1,402.40","","0.40%"
"2012-03-16","1,404.20","1,402.50","1,405.90","1,401.50","","0.11%"
"2012-03-15","1,402.60","1,394.20","1,402.60","1,392.80","","0.60%"
"2012-03-14","1,394.30","1,396.00","1,399.40","1,390.00","","-0.12%"
"2012-03-13","1,396.00","1,371.90","1,396.10","1,371.90","","1.82%"
"2012-03-12","1,371.10","1,370.80","1,373.00","1,366.70","","0.01%"
"2012-03-09","1,370.90","1,366.00","1,374.80","1,366.00","","0.37%"
"2012-03-08","1,365.90","1,352.70","1,368.70","1,352.70","","0.98%"
"2012-03-07","1,352.60","1,343.40","1,354.80","1,343.40","","0.68%"
"2012-03-06","1,343.40","1,363.60","1,363.60","1,340.00","","-1.53%"
"2012-03-05","1,364.30","1,369.60","1,369.60","1,359.10","","-0.39%"
"2012-03-02","1,369.60","1,374.10","1,374.50","1,366.40","","-0.33%"
"2012-03-01","1,374.10","1,365.90","1,376.20","1,365.90","","0.62%"
"2012-02-29","1,365.70","1,372.20","1,378.00","1,363.80","","-0.47%"
"2012-02-28","1,372.20","1,367.60","1,373.10","1,366.00","","0.34%"
"2012-02-27","1,367.60","1,365.20","1,371.90","1,354.90","","0.14%"
"2012-02-24","1,365.70","1,363.50","1,368.90","1,363.50","","0.16%"
"2012-02-23","1,363.50","1,357.50","1,364.20","1,352.30","","0.43%"
"2012-02-22","1,357.70","1,362.10","1,362.70","1,355.50","","-0.33%"
"2012-02-21","1,362.20","1,361.20","1,367.80","1,358.10","","0.07%"
"2012-02-17","1,361.20","1,358.10","1,363.40","1,357.20","","0.24%"
"2012-02-16","1,358.00","1,342.60","1,359.00","1,341.20","","1.10%"
"2012-02-15","1,343.20","1,350.50","1,355.90","1,340.80","","-0.54%"
"2012-02-14","1,350.50","1,351.30","1,351.30","1,340.80","","-0.10%"
"2012-02-13","1,351.80","1,343.10","1,353.30","1,343.10","","0.69%"
"2012-02-10","1,342.60","1,351.20","1,351.20","1,337.30","","-0.70%"
"2012-02-09","1,352.00","1,350.00","1,354.30","1,344.60","","0.15%"
"2012-02-08","1,350.00","1,347.00","1,351.00","1,342.00","","0.22%"
"2012-02-07","1,347.00","1,344.30","1,349.20","1,335.90","","0.20%"
"2012-02-06","1,344.30","1,344.30","1,344.40","1,337.50","","-0.04%"
"2012-02-03","1,344.90","1,326.20","1,345.30","1,326.20","","1.46%"
"2012-02-02","1,325.50","1,324.20","1,329.20","1,321.60","","0.11%"
"2012-02-01","1,324.10","1,312.50","1,330.50","1,312.50","","0.89%"
"2012-01-31","1,312.40","1,313.50","1,321.40","1,306.70","","-0.05%"
"2012-01-30","1,313.00","1,316.20","1,316.20","1,300.50","","-0.25%"
"2012-01-27","1,316.30","1,318.20","1,320.10","1,311.70","","-0.16%"
"2012-01-26","1,318.40","1,326.30","1,333.50","1,313.60","","-0.57%"
"2012-01-25","1,326.00","1,314.40","1,328.30","1,307.70","","0.86%"
"2012-01-24","1,314.70","1,316.00","1,316.00","1,306.10","","-0.10%"
"2012-01-23","1,316.00","1,315.30","1,322.30","1,309.90","","0.05%"
"2012-01-20","1,315.40","1,314.50","1,315.40","1,309.20","","0.07%"
"2012-01-19","1,314.50","1,308.10","1,315.50","1,308.10","","0.50%"
"2012-01-18","1,308.00","1,293.70","1,308.10","1,291.00","","1.11%"
"2012-01-17","1,293.70","1,290.20","1,303.00","1,290.20","","0.36%"
"2012-01-13","1,289.10","1,294.80","1,294.80","1,277.60","","-0.49%"
"2012-01-12","1,295.50","1,292.50","1,296.80","1,285.80","","0.23%"
"2012-01-11","1,292.50","1,292.00","1,293.80","1,285.40","","0.03%"
"2012-01-10","1,292.10","1,280.80","1,296.50","1,280.80","","0.89%"
"2012-01-09","1,280.70","1,277.80","1,282.00","1,274.50","","0.23%"
"2012-01-06","1,277.80","1,280.90","1,281.80","1,273.30","","-0.26%"
"2012-01-05","1,281.10","1,277.30","1,283.00","1,265.30","","0.30%"
"2012-01-04","1,277.30","1,277.00","1,278.70","1,268.10","","0.02%"
"2012-01-03","1,277.10","1,258.90","1,284.60","1,258.90","","1.55%"
"2011-12-30","1,257.60","1,262.80","1,264.10","1,257.50","","-0.43%"
"2011-12-29","1,263.00","1,249.80","1,263.50","1,249.80","","1.07%"
"2011-12-28","1,249.60","1,265.40","1,265.80","1,248.60","","-1.25%"
"2011-12-27","1,265.40","1,265.00","1,269.40","1,262.30","","0.01%"
"2011-12-23","1,265.30","1,254.00","1,265.40","1,254.00","","0.90%"
"2011-12-22","1,254.00","1,243.70","1,255.20","1,243.70","","0.83%"
"2011-12-21","1,243.70","1,241.20","1,245.10","1,229.50","","0.19%"
"2011-12-20","1,241.30","1,205.70","1,242.80","1,205.70","","2.99%"
"2011-12-19","1,205.30","1,219.70","1,224.60","1,202.40","","-1.18%"
"2011-12-16","1,219.70","1,216.10","1,231.00","1,215.20","","0.32%"
"2011-12-15","1,215.80","1,212.10","1,225.60","1,212.10","","0.33%"
"2011-12-14","1,211.80","1,225.70","1,225.70","1,209.50","","-1.13%"
"2011-12-13","1,225.70","1,236.80","1,249.90","1,219.40","","-0.87%"
"2011-12-12","1,236.50","1,255.00","1,255.00","1,227.20","","-1.49%"
"2011-12-09","1,255.20","1,234.50","1,258.20","1,234.50","","1.69%"
"2011-12-08","1,234.30","1,260.90","1,260.90","1,231.50","","-2.12%"
"2011-12-07","1,261.00","1,258.10","1,267.10","1,244.80","","0.20%"
"2011-12-06","1,258.50","1,257.20","1,266.00","1,253.00","","0.11%"
"2011-12-05","1,257.10","1,244.30","1,266.70","1,244.30","","1.03%"
"2011-12-02","1,244.30","1,246.00","1,260.10","1,243.30","","-0.02%"
"2011-12-01","1,244.60","1,246.90","1,251.10","1,239.70","","-0.19%"
"2011-11-30","1,247.00","1,196.70","1,247.10","1,196.70","","4.33%"
"2011-11-29","1,195.20","1,192.60","1,203.70","1,191.80","","0.23%"
"2011-11-28","1,192.50","1,158.70","1,197.30","1,158.70","","2.92%"
"2011-11-25","1,158.70","1,161.40","1,172.70","1,158.70","","-0.27%"
"2011-11-23","1,161.80","1,187.50","1,187.50","1,161.80","","-2.21%"
"2011-11-22","1,188.00","1,193.00","1,196.80","1,181.70","","-0.42%"
"2011-11-21","1,193.00","1,215.60","1,215.60","1,183.20","","-1.87%"
"2011-11-18","1,215.70","1,216.20","1,223.50","1,211.40","","-0.03%"
"2011-11-17","1,216.10","1,236.60","1,237.70","1,209.40","","-1.68%"
"2011-11-16","1,236.90","1,257.80","1,259.60","1,235.70","","-1.66%"
"2011-11-15","1,257.80","1,251.70","1,264.20","1,244.30","","0.48%"
"2011-11-14","1,251.80","1,263.80","1,263.80","1,246.70","","-0.95%"
"2011-11-11","1,263.80","1,240.10","1,267.00","1,240.10","","1.94%"
"2011-11-10","1,239.70","1,229.60","1,246.20","1,227.70","","0.86%"
"2011-11-09","1,229.10","1,275.20","1,275.20","1,226.60","","-3.67%"
"2011-11-08","1,275.90","1,261.10","1,277.50","1,255.00","","1.17%"
"2011-11-07","1,261.10","1,253.20","1,261.70","1,240.80","","0.63%"
"2011-11-04","1,253.20","1,260.80","1,260.80","1,238.90","","-0.63%"
"2011-11-03","1,261.20","1,238.20","1,263.20","1,234.80","","1.88%"
"2011-11-02","1,237.90","1,219.60","1,242.50","1,219.60","","1.61%"
"2011-11-01","1,218.30","1,251.00","1,251.00","1,215.40","","-2.79%"
"2011-10-31","1,253.30","1,285.00","1,285.00","1,253.20","","-2.47%"
"2011-10-28","1,285.10","1,284.40","1,287.10","1,277.00","","0.04%"
"2011-10-27","1,284.60","1,244.00","1,292.70","1,244.00","","3.43%"
"2011-10-26","1,242.00","1,229.20","1,246.30","1,221.10","","1.06%"
"2011-10-25","1,229.00","1,254.20","1,254.20","1,226.80","","-2.01%"
"2011-10-24","1,254.20","1,238.70","1,256.50","1,238.70","","1.29%"
"2011-10-21","1,238.20","1,215.40","1,239.00","1,215.40","","1.88%"
"2011-10-20","1,215.40","1,211.10","1,219.50","1,197.30","","0.45%"
"2011-10-19","1,209.90","1,223.50","1,229.60","1,206.30","","-1.26%"
"2011-10-18","1,225.40","1,200.80","1,233.10","1,191.50","","2.04%"
"2011-10-17","1,200.90","1,224.50","1,224.50","1,198.50","","-1.94%"
"2011-10-14","1,224.60","1,205.70","1,224.60","1,205.70","","1.74%"
"2011-10-13","1,203.70","1,207.00","1,207.50","1,190.60","","-0.29%"
"2011-10-12","1,207.20","1,196.20","1,220.20","1,196.20","","0.98%"
"2011-10-11","1,195.50","1,194.60","1,199.20","1,187.30","","0.05%"
"2011-10-10","1,194.90","1,158.20","1,194.90","1,158.20","","3.41%"
"2011-10-07","1,155.50","1,165.00","1,171.40","1,150.30","","-0.82%"
"2011-10-06","1,165.00","1,144.10","1,165.50","1,135.00","","1.84%"
"2011-10-05","1,144.00","1,124.00","1,146.10","1,115.70","","1.78%"
"2011-10-04","1,124.00","1,097.40","1,125.10","1,074.80","","2.26%"
"2011-10-03","1,099.20","1,131.20","1,139.00","1,098.90","","-2.85%"
"2011-09-30","1,131.40","1,159.90","1,159.90","1,131.30","","-2.50%"
"2011-09-29","1,160.40","1,151.70","1,175.90","1,139.90","","0.81%"
"2011-09-28","1,151.10","1,175.40","1,184.70","1,150.40","","-2.07%"
"2011-09-27","1,175.40","1,163.30","1,195.90","1,163.30","","1.07%"
"2011-09-26","1,163.00","1,136.90","1,164.20","1,131.10","","2.34%"
"2011-09-23","1,136.40","1,128.80","1,141.70","1,121.40","","0.60%"
"2011-09-22","1,129.60","1,164.50","1,164.50","1,114.20","","-3.19%"
"2011-09-21","1,166.80","1,203.60","1,206.30","1,166.20","","-2.94%"
"2011-09-20","1,202.10","1,204.50","1,220.40","1,201.30","","-0.17%"
"2011-09-19","1,204.10","1,215.00","1,215.00","1,188.40","","-0.98%"
"2011-09-16","1,216.00","1,209.20","1,220.10","1,204.50","","0.57%"
"2011-09-15","1,209.10","1,189.40","1,209.10","1,189.40","","1.72%"
"2011-09-14","1,188.70","1,173.30","1,202.40","1,162.70","","1.35%"
"2011-09-13","1,172.90","1,162.60","1,176.40","1,157.40","","0.91%"
"2011-09-12","1,162.30","1,153.50","1,162.50","1,136.10","","0.70%"
"2011-09-09","1,154.20","1,185.40","1,185.40","1,148.40","","-2.67%"
"2011-09-08","1,185.90","1,198.00","1,204.40","1,183.30","","-1.06%"
"2011-09-07","1,198.60","1,165.80","1,198.60","1,165.80","","2.87%"
"2011-09-06","1,165.20","1,174.00","1,174.00","1,140.10","","-0.75%"
"2011-09-02","1,174.00","1,203.90","1,203.90","1,170.60","","-2.52%"
"2011-09-01","1,204.40","1,219.10","1,229.30","1,203.80","","-1.19%"
"2011-08-31","1,218.90","1,213.00","1,230.70","1,209.30","","0.49%"
"2011-08-30","1,212.90","1,209.80","1,220.10","1,195.80","","0.23%"
"2011-08-29","1,210.10","1,177.90","1,210.30","1,177.90","","2.83%"
"2011-08-26","1,176.80","1,158.80","1,181.20","1,135.90","","1.51%"
"2011-08-25","1,159.30","1,176.70","1,190.70","1,155.50","","-1.55%"
"2011-08-24","1,177.60","1,162.20","1,178.60","1,156.30","","1.32%"
"2011-08-23","1,162.30","1,124.40","1,162.30","1,122.90","","3.43%"
"2011-08-22","1,123.80","1,123.50","1,145.50","1,121.10","","0.03%"
"2011-08-19","1,123.50","1,140.50","1,154.50","1,122.00","","-1.51%"
"2011-08-18","1,140.70","1,189.60","1,189.60","1,131.00","","-4.46%"
"2011-08-17","1,193.90","1,192.90","1,208.50","1,184.40","","0.09%"
"2011-08-16","1,192.80","1,204.20","1,204.20","1,180.50","","-0.97%"
"2011-08-15","1,204.50","1,178.90","1,204.50","1,178.90","","2.18%"
"2011-08-12","1,178.80","1,172.90","1,189.00","1,170.70","","0.53%"
"2011-08-11","1,172.60","1,121.30","1,186.30","1,121.30","","4.62%"
"2011-08-10","1,120.80","1,171.80","1,171.80","1,118.00","","-4.41%"
"2011-08-09","1,172.50","1,120.20","1,172.90","1,101.50","","4.73%"
"2011-08-08","1,119.50","1,198.50","1,198.50","1,119.30","","-6.66%"
"2011-08-05","1,199.40","1,200.30","1,218.10","1,168.10","","-0.06%"
"2011-08-04","1,200.10","1,260.20","1,260.20","1,199.50","","-4.78%"
"2011-08-03","1,260.30","1,254.20","1,261.20","1,234.60","","0.50%"
"2011-08-02","1,254.00","1,286.60","1,286.60","1,254.00","","-2.56%"
"2011-08-01","1,286.90","1,292.60","1,307.40","1,274.70","","-0.42%"
"2011-07-29","1,292.30","1,300.10","1,304.20","1,282.90","","-0.65%"
"2011-07-28","1,300.70","1,304.80","1,316.30","1,299.20","","-0.32%"
"2011-07-27","1,304.90","1,331.90","1,331.90","1,303.50","","-2.03%"
"2011-07-26","1,331.90","1,337.40","1,338.50","1,329.60","","-0.41%"
"2011-07-25","1,337.40","1,344.30","1,344.30","1,331.10","","-0.57%"
"2011-07-22","1,345.00","1,343.80","1,346.10","1,337.00","","0.09%"
"2011-07-21","1,343.80","1,325.70","1,347.00","1,325.70","","1.36%"
"2011-07-20","1,325.80","1,328.70","1,330.40","1,323.70","","-0.07%"
"2011-07-19","1,326.70","1,307.10","1,328.10","1,307.10","","1.63%"
"2011-07-18","1,305.40","1,315.90","1,315.90","1,295.90","","-0.81%"
"2011-07-15","1,316.10","1,308.90","1,317.70","1,307.50","","0.55%"
"2011-07-14","1,308.90","1,317.70","1,326.90","1,306.50","","-0.67%"
"2011-07-13","1,317.70","1,314.50","1,331.50","1,314.50","","0.31%"
"2011-07-12","1,313.60","1,319.60","1,327.20","1,313.30","","-0.45%"
"2011-07-11","1,319.50","1,343.30","1,343.30","1,316.40","","-1.81%"
"2011-07-08","1,343.80","1,352.40","1,352.40","1,333.70","","-0.69%"
"2011-07-07","1,353.20","1,339.60","1,356.50","1,339.60","","1.05%"
"2011-07-06","1,339.20","1,337.60","1,340.90","1,330.90","","0.10%"
"2011-07-05","1,337.90","1,339.60","1,340.90","1,334.30","","-0.13%"
"2011-07-01","1,339.70","1,320.60","1,341.00","1,318.20","","1.45%"
"2011-06-30","1,320.60","1,307.60","1,322.00","1,307.60","","1.01%"
"2011-06-29","1,307.40","1,296.80","1,309.20","1,296.80","","0.83%"
"2011-06-28","1,296.70","1,280.20","1,296.80","1,280.20","","1.30%"
"2011-06-27","1,280.10","1,268.40","1,284.90","1,267.50","","0.91%"
"2011-06-24","1,268.50","1,283.00","1,283.90","1,267.20","","-1.17%"
"2011-06-23","1,283.50","1,286.60","1,286.60","1,262.90","","-0.28%"
"2011-06-22","1,287.10","1,295.50","1,298.60","1,286.80","","-0.65%"
"2011-06-21","1,295.50","1,278.40","1,297.60","1,278.40","","1.34%"
"2011-06-20","1,278.40","1,271.50","1,280.40","1,267.60","","0.54%"
"2011-06-17","1,271.50","1,268.60","1,279.80","1,267.40","","0.31%"
"2011-06-16","1,267.60","1,265.50","1,274.10","1,258.10","","0.17%"
"2011-06-15","1,265.40","1,287.90","1,287.90","1,261.90","","-1.75%"
"2011-06-14","1,287.90","1,272.20","1,292.50","1,272.20","","1.27%"
"2011-06-13","1,271.80","1,271.30","1,277.00","1,265.60","","0.06%"
"2011-06-10","1,271.00","1,288.60","1,288.60","1,268.30","","-1.40%"
"2011-06-09","1,289.00","1,279.60","1,294.50","1,279.60","","0.73%"
"2011-06-08","1,279.60","1,284.60","1,287.00","1,277.40","","-0.41%"
"2011-06-07","1,284.90","1,286.30","1,296.20","1,284.70","","-0.10%"
"2011-06-06","1,286.20","1,300.30","1,300.30","1,284.70","","-1.08%"
"2011-06-03","1,300.20","1,312.90","1,312.90","1,297.90","","-0.97%"
"2011-06-02","1,312.90","1,314.50","1,318.00","1,305.60","","-0.12%"
"2011-06-01","1,314.50","1,345.20","1,345.20","1,313.70","","-2.28%"
"2011-05-31","1,345.20","1,331.10","1,345.20","1,331.10","","1.06%"
"2011-05-27","1,331.10","1,325.70","1,334.60","1,325.70","","0.41%"
"2011-05-26","1,325.70","1,320.60","1,328.50","1,314.40","","0.39%"
"2011-05-25","1,320.50","1,316.40","1,325.90","1,311.80","","0.32%"
"2011-05-24","1,316.30","1,317.70","1,323.70","1,313.90","","-0.08%"
"2011-05-23","1,317.40","1,333.10","1,333.10","1,312.90","","-1.19%"
"2011-05-20","1,333.30","1,342.00","1,342.00","1,330.70","","-0.77%"
"2011-05-19","1,343.60","1,342.40","1,346.80","1,336.40","","0.22%"
"2011-05-18","1,340.70","1,328.50","1,341.80","1,326.60","","0.88%"
"2011-05-17","1,329.00","1,326.10","1,330.40","1,318.50","","-0.04%"
"2011-05-16","1,329.50","1,334.80","1,343.30","1,327.30","","-0.62%"
"2011-05-13","1,337.80","1,348.70","1,350.50","1,333.40","","-0.81%"
"2011-05-12","1,348.70","1,339.40","1,351.00","1,332.00","","0.49%"
"2011-05-11","1,342.10","1,354.50","1,354.50","1,336.40","","-1.11%"
"2011-05-10","1,357.20","1,348.30","1,359.40","1,348.30","","0.81%"
"2011-05-09","1,346.30","1,340.20","1,349.40","1,338.60","","0.46%"
"2011-05-06","1,340.20","1,340.20","1,354.40","1,335.60","","0.38%"
"2011-05-05","1,335.10","1,344.20","1,348.00","1,329.20","","-0.91%"
"2011-05-04","1,347.30","1,355.90","1,355.90","1,341.50","","-0.69%"
"2011-05-03","1,356.60","1,359.80","1,360.80","1,349.50","","-0.34%"
"2011-05-02","1,361.20","1,365.20","1,370.60","1,358.60","","-0.18%"
"2011-04-29","1,363.60","1,360.10","1,364.60","1,358.70","","0.23%"
"2011-04-28","1,360.50","1,353.90","1,361.70","1,353.60","","0.35%"
"2011-04-27","1,355.70","1,348.40","1,357.50","1,344.20","","0.63%"
"2011-04-26","1,347.20","1,336.80","1,349.50","1,336.80","","0.90%"
"2011-04-25","1,335.20","1,337.10","1,337.50","1,331.50","","-0.16%"
"2011-04-21","1,337.40","1,333.20","1,337.50","1,332.80","","0.53%"
"2011-04-20","1,330.40","1,319.10","1,332.70","1,319.10","","1.36%"
"2011-04-19","1,312.60","1,306.00","1,312.70","1,304.00","","0.57%"
"2011-04-18","1,305.10","1,313.30","1,313.30","1,294.70","","-1.11%"
"2011-04-15","1,319.70","1,314.50","1,322.90","1,313.70","","0.40%"
"2011-04-14","1,314.50","1,311.10","1,316.80","1,302.40","","0.01%"
"2011-04-13","1,314.40","1,314.00","1,321.30","1,309.20","","0.02%"
"2011-04-12","1,314.20","1,322.00","1,322.00","1,309.50","","-0.78%"
"2011-04-11","1,324.50","1,329.00","1,333.80","1,321.10","","-0.28%"
"2011-04-08","1,328.20","1,336.20","1,339.50","1,322.90","","-0.40%"
"2011-04-07","1,333.50","1,334.80","1,338.80","1,326.60","","-0.15%"
"2011-04-06","1,335.50","1,335.90","1,339.40","1,331.10","","0.22%"
"2011-04-05","1,332.60","1,332.00","1,338.20","1,330.00","","-0.02%"
"2011-04-04","1,332.90","1,333.60","1,336.70","1,329.10","","0.04%"
"2011-04-01","1,332.40","1,329.50","1,337.80","1,328.90","","0.50%"
"2011-03-31","1,325.80","1,327.40","1,329.80","1,325.00","","-0.19%"
"2011-03-30","1,328.30","1,321.90","1,331.70","1,321.90","","0.67%"
"2011-03-29","1,319.40","1,309.40","1,319.50","1,305.30","","0.70%"
"2011-03-28","1,310.20","1,315.50","1,319.70","1,310.20","","-0.27%"
"2011-03-25","1,313.80","1,311.80","1,319.20","1,310.20","","0.31%"
"2011-03-24","1,309.70","1,300.60","1,311.30","1,297.70","","0.94%"
"2011-03-23","1,297.50","1,292.20","1,300.50","1,284.00","","0.29%"
"2011-03-22","1,293.80","1,298.30","1,299.30","1,292.70","","-0.35%"
"2011-03-21","1,298.40","1,281.70","1,300.60","1,281.70","","1.50%"
"2011-03-18","1,279.20","1,276.70","1,288.90","1,276.20","","0.43%"
"2011-03-17","1,273.70","1,261.60","1,278.90","1,261.60","","1.34%"
"2011-03-16","1,256.90","1,279.50","1,280.90","1,249.00","","-1.95%"
"2011-03-15","1,281.90","1,288.50","1,288.50","1,261.10","","-1.12%"
"2011-03-14","1,296.40","1,301.20","1,301.20","1,286.40","","-0.61%"
"2011-03-11","1,304.30","1,293.40","1,308.30","1,292.00","","0.71%"
"2011-03-10","1,295.10","1,315.70","1,315.70","1,294.20","","-1.89%"
"2011-03-09","1,320.00","1,319.90","1,323.20","1,312.30","","-0.14%"
"2011-03-08","1,321.80","1,311.00","1,325.70","1,306.90","","0.89%"
"2011-03-07","1,310.10","1,322.70","1,327.70","1,304.00","","-0.84%"
"2011-03-04","1,321.20","1,330.70","1,331.10","1,312.60","","-0.74%"
"2011-03-03","1,331.00","1,312.40","1,332.30","1,312.40","","1.73%"
"2011-03-02","1,308.40","1,305.50","1,314.20","1,302.60","","0.16%"
"2011-03-01","1,306.30","1,328.60","1,332.10","1,306.10","","-1.57%"
"2011-02-28","1,327.20","1,321.60","1,329.40","1,320.50","","0.55%"
"2011-02-25","1,319.90","1,307.30","1,320.60","1,307.30","","1.06%"
"2011-02-24","1,306.10","1,307.10","1,310.90","1,294.30","","-0.10%"
"2011-02-23","1,307.40","1,315.40","1,317.90","1,299.50","","-0.61%"
"2011-02-22","1,315.40","1,338.90","1,338.90","1,312.30","","-2.06%"
"2011-02-18","1,343.00","1,340.40","1,344.10","1,338.10","","0.19%"
"2011-02-17","1,340.40","1,334.40","1,341.50","1,331.00","","0.31%"
"2011-02-16","1,336.30","1,329.50","1,337.60","1,329.50","","0.63%"
"2011-02-15","1,328.00","1,330.40","1,330.40","1,324.60","","-0.32%"
"2011-02-14","1,332.30","1,328.70","1,333.00","1,326.90","","0.23%"
"2011-02-11","1,329.20","1,318.70","1,330.80","1,316.10","","0.55%"
"2011-02-10","1,321.90","1,318.10","1,322.80","1,311.70","","0.08%"
"2011-02-09","1,320.90","1,322.50","1,324.50","1,314.90","","-0.28%"
"2011-02-08","1,324.60","1,318.80","1,324.90","1,316.00","","0.42%"
"2011-02-07","1,319.00","1,311.80","1,322.80","1,311.80","","0.62%"
"2011-02-04","1,310.90","1,307.00","1,311.00","1,301.70","","0.29%"
"2011-02-03","1,307.10","1,302.80","1,308.60","1,294.80","","0.24%"
"2011-02-02","1,304.00","1,305.90","1,307.60","1,302.60","","-0.28%"
"2011-02-01","1,307.60","1,289.10","1,308.90","1,289.10","","1.67%"
"2011-01-31","1,286.10","1,276.50","1,287.20","1,276.50","","0.77%"
"2011-01-28","1,276.30","1,299.60","1,302.70","1,275.10","","-1.79%"
"2011-01-27","1,299.50","1,297.50","1,301.30","1,294.40","","0.22%"
"2011-01-26","1,296.60","1,292.00","1,299.70","1,292.00","","0.42%"
"2011-01-25","1,291.20","1,288.20","1,291.30","1,281.10","","0.03%"
"2011-01-24","1,290.80","1,283.30","1,291.90","1,282.50","","0.58%"
"2011-01-21","1,283.30","1,283.60","1,291.20","1,282.10","","0.23%"
"2011-01-20","1,280.30","1,280.80","1,283.30","1,271.30","","-0.12%"
"2011-01-19","1,281.90","1,294.50","1,294.60","1,278.90","","-1.01%"
"2011-01-18","1,295.00","1,293.20","1,296.10","1,290.20","","0.14%"
"2011-01-14","1,293.20","1,282.90","1,293.20","1,281.20","","0.73%"
"2011-01-13","1,283.80","1,285.80","1,286.70","1,280.50","","-0.17%"
"2011-01-12","1,286.00","1,275.70","1,286.90","1,275.70","","0.90%"
"2011-01-11","1,274.50","1,272.60","1,277.20","1,269.60","","0.37%"
"2011-01-10","1,269.80","1,270.80","1,271.50","1,262.20","","-0.13%"
"2011-01-07","1,271.50","1,274.40","1,276.80","1,261.70","","-0.18%"
"2011-01-06","1,273.80","1,276.30","1,278.20","1,270.40","","-0.22%"
"2011-01-05","1,276.60","1,268.80","1,277.60","1,265.40","","0.50%"
"2011-01-04","1,270.20","1,273.00","1,274.10","1,262.70","","-0.13%"
"2011-01-03","1,271.90","1,257.60","1,276.20","1,257.60","","1.14%"