ticker_yf,div_date,div_amount
3IN.L,2007-11-28,2.8148
3IN.L,2008-06-18,4.2222
3IN.L,2008-11-12,2.9556
3IN.L,2009-05-27,4.5037003
3IN.L,2009-11-11,3.0963
3IN.L,2010-05-26,4.6443996
3IN.L,2010-12-08,4.0252
3IN.L,2011-06-08,4.0252
3IN.L,2011-06-15,4.0252
3IN.L,2011-12-14,4.18
3IN.L,2012-06-20,4.18
3IN.L,2012-12-12,4.18
3IN.L,2013-06-19,4.9541
3IN.L,2013-11-27,4.7148
3IN.L,2014-06-18,4.7148
3IN.L,2014-11-27,4.757
3IN.L,2015-06-18,5.0948
3IN.L,2015-07-08,21.5333
3IN.L,2015-11-26,4.5917
3IN.L,2016-05-19,4.5917
3IN.L,2016-11-24,4.7817
3IN.L,2017-06-15,4.7817
3IN.L,2017-11-23,4.9717
3IN.L,2018-03-15,41.4
3IN.L,2018-06-14,3.9250002
3IN.L,2018-11-22,4.325
3IN.L,2019-06-13,4.325
3IN.L,2019-11-28,4.6
3IN.L,2020-06-18,4.6
3IN.L,2020-11-26,4.9
3IN.L,2021-06-17,4.9
3IN.L,2021-11-25,5.2250004
3IN.L,2022-06-16,5.2250004
3IN.L,2022-11-24,5.5750003
3IN.L,2023-06-15,5.5750003
3IN.L,2023-11-23,5.9500003
3IN.L,2024-06-13,5.9500003
3IN.L,2024-11-21,6.325
3IN.L,2025-06-12,6.325
3IN.L,2025-11-20,6.725
AAEV.L,2007-11-28,0.70000005
AAEV.L,2008-07-16,0.4
AAEV.L,2008-12-03,1.25
AAEV.L,2009-07-08,1.0
AAEV.L,2009-12-02,1.0
AAEV.L,2010-07-07,1.5
AAEV.L,2011-01-26,1.5
AAEV.L,2011-08-03,1.5
AAEV.L,2012-02-01,1.5
AAEV.L,2012-08-01,1.75
AAEV.L,2013-01-30,1.75
AAEV.L,2013-07-31,2.5
AAEV.L,2014-02-05,2.5
AAEV.L,2014-07-30,2.5
AAEV.L,2015-02-05,2.5
AAEV.L,2015-08-06,2.5
AAEV.L,2016-02-11,2.5
AAEV.L,2016-08-04,2.5
AAEV.L,2017-02-09,2.5
AAEV.L,2017-08-03,2.5
AAEV.L,2018-02-08,2.5
AAEV.L,2018-08-02,3.0
AAEV.L,2019-02-07,3.0
AAEV.L,2019-08-01,3.0
AAEV.L,2020-02-06,3.0
AAEV.L,2020-08-06,2.7
AAEV.L,2021-02-04,2.74
AAEV.L,2021-08-05,2.87
AAEV.L,2022-02-03,3.22
AAEV.L,2022-08-04,3.3100002
AAEV.L,2023-02-02,3.1800003
AAEV.L,2023-08-03,3.22
AAEV.L,2024-02-01,3.06
AAEV.L,2024-08-01,3.1399999
AAEV.L,2024-10-03,13.500001
AAEV.L,2025-02-06,3.28
AAEV.L,2025-07-31,2.91
AAF.L,2019-11-14,2.24427
AAF.L,2020-07-02,2.24427
AAF.L,2020-11-12,1.1301
AAF.L,2021-06-24,1.767
AAF.L,2021-11-11,1.4746
AAF.L,2022-06-23,2.24427
AAF.L,2022-11-10,1.6308362
AAF.L,2023-06-22,2.4462543
AAF.L,2023-11-09,1.9492
AAF.L,2024-06-20,2.8057
AAF.L,2024-11-07,2.0211
AAF.L,2025-06-19,2.8960998
AAF.L,2025-11-06,2.162
AAIF.L,2006-07-26,2.0
AAIF.L,2007-01-31,2.5
AAIF.L,2007-07-25,2.0
AAIF.L,2008-01-23,2.75
AAIF.L,2008-07-23,2.0
AAIF.L,2009-01-21,2.75
AAIF.L,2009-07-22,2.0
AAIF.L,2010-01-20,3.0
AAIF.L,2010-04-28,1.25
AAIF.L,2010-07-21,1.25
AAIF.L,2010-10-27,1.25
AAIF.L,2011-01-19,2.25
AAIF.L,2011-04-27,1.5
AAIF.L,2011-07-20,1.5
AAIF.L,2011-10-26,1.5
AAIF.L,2012-01-18,2.25
AAIF.L,2012-04-25,1.55
AAIF.L,2012-07-18,1.55
AAIF.L,2012-10-24,1.55
AAIF.L,2013-01-16,2.5
AAIF.L,2013-04-24,1.8
AAIF.L,2013-07-17,1.8
AAIF.L,2013-10-23,1.8
AAIF.L,2014-01-15,2.5
AAIF.L,2014-04-30,1.8
AAIF.L,2014-07-16,1.8
AAIF.L,2014-10-23,1.8
AAIF.L,2015-01-22,2.6000001
AAIF.L,2015-04-30,2.0
AAIF.L,2015-07-16,2.0
AAIF.L,2015-10-22,2.0
AAIF.L,2016-01-21,2.5
AAIF.L,2016-04-21,2.0
AAIF.L,2016-07-21,2.0
AAIF.L,2016-10-20,2.0
AAIF.L,2017-01-19,2.75
AAIF.L,2017-04-27,2.25
AAIF.L,2017-07-20,2.25
AAIF.L,2017-10-19,2.25
AAIF.L,2018-01-18,2.25
AAIF.L,2018-04-26,2.25
AAIF.L,2018-07-19,2.25
AAIF.L,2018-10-25,2.25
AAIF.L,2019-01-17,2.4
AAIF.L,2019-04-25,2.25
AAIF.L,2019-07-18,2.25
AAIF.L,2019-10-24,2.25
AAIF.L,2020-01-23,2.5
AAIF.L,2020-04-23,2.25
AAIF.L,2020-07-30,2.25
AAIF.L,2020-10-22,2.25
AAIF.L,2021-01-21,2.55
AAIF.L,2021-04-22,2.25
AAIF.L,2021-07-29,2.25
AAIF.L,2021-10-21,2.25
AAIF.L,2022-01-20,2.75
AAIF.L,2022-04-21,2.3
AAIF.L,2022-07-28,2.3
AAIF.L,2022-10-27,2.3
AAIF.L,2023-01-19,3.1
AAIF.L,2023-04-27,2.5
AAIF.L,2023-07-27,2.5
AAIF.L,2023-10-26,2.5
AAIF.L,2024-01-25,4.25
AAIF.L,2024-04-25,2.55
AAIF.L,2024-07-25,2.55
AAIF.L,2024-10-24,2.55
AAIF.L,2025-01-23,6.78
AAIF.L,2025-04-24,3.6499999
AAIF.L,2025-07-24,3.8400002
AAIF.L,2025-10-23,4.29
AAL.L,1999-09-20,8.3098
AAL.L,2000-04-03,20.8992
AAL.L,2000-09-18,12.3617
AAL.L,2001-03-21,27.147099
AAL.L,2001-09-19,13.3131
AAL.L,2002-03-20,29.146502
AAL.L,2002-09-18,12.1652
AAL.L,2003-03-12,28.335499
AAL.L,2003-08-20,11.8838
AAL.L,2004-03-10,11.8844
AAL.L,2004-08-18,12.264999
AAL.L,2005-03-09,32.9021
AAL.L,2005-08-17,19.7762
AAL.L,2006-03-08,50.229103
AAL.L,2006-08-23,65.6046
AAL.L,2007-03-14,47.413002
AAL.L,2007-08-22,21.4991
AAL.L,2008-03-12,48.8048
AAL.L,2008-08-20,27.0899
AAL.L,2010-08-18,18.2689
AAL.L,2011-03-30,27.693901
AAL.L,2011-08-17,19.4917
AAL.L,2012-03-28,32.8283
AAL.L,2012-08-15,23.0194
AAL.L,2013-03-20,39.307003
AAL.L,2013-08-14,23.450901
AAL.L,2014-03-19,35.857098
AAL.L,2014-08-06,22.0423
AAL.L,2015-03-19,41.1712
AAL.L,2015-08-06,23.767801
AAL.L,2017-08-10,41.941498
AAL.L,2018-03-15,43.9012
AAL.L,2018-08-16,43.0191
AAL.L,2019-03-14,44.1235
AAL.L,2019-08-15,58.4893
AAL.L,2020-03-12,42.6872
AAL.L,2020-08-20,24.5621
AAL.L,2021-03-18,58.5319
AAL.L,2021-08-19,206.6458
AAL.L,2022-03-17,145.7137
AAL.L,2022-08-18,122.5421
AAL.L,2023-03-16,67.2212
AAL.L,2023-08-17,49.7653
AAL.L,2024-03-14,37.3484
AAL.L,2024-08-15,36.3049
AAL.L,2025-03-13,18.8513
AAL.L,2025-08-21,5.165
AAS.L,1996-10-21,0.24000001
AAS.L,1997-11-10,0.14
AAS.L,1998-11-09,0.022
AAS.L,1999-09-20,0.052
AAS.L,2000-10-23,0.24399999
AAS.L,2001-10-10,0.4
AAS.L,2002-10-16,0.53
AAS.L,2003-10-29,0.62
AAS.L,2004-10-13,0.62
AAS.L,2005-10-26,0.69
AAS.L,2006-10-18,1.23
AAS.L,2007-10-24,1.23
AAS.L,2008-10-15,1.0
AAS.L,2009-10-21,1.0
AAS.L,2010-10-20,2.02
AAS.L,2011-10-26,2.46
AAS.L,2012-10-17,2.5
AAS.L,2013-10-30,2.6000001
AAS.L,2014-11-06,2.6000001
AAS.L,2015-11-05,3.0
AAS.L,2016-11-03,2.1
AAS.L,2017-11-02,3.2
AAS.L,2018-12-20,3.4
AAS.L,2019-11-14,3.8
AAS.L,2020-11-12,3.8
AAS.L,2022-01-06,3.2
AAS.L,2022-02-24,3.2
AAS.L,2022-05-26,1.6
AAS.L,2022-08-25,1.6
AAS.L,2022-11-24,3.2
AAS.L,2023-02-23,1.6
AAS.L,2023-05-25,1.6
AAS.L,2023-08-24,1.61
AAS.L,2023-11-23,3.85
AAS.L,2024-02-22,1.6
AAS.L,2024-05-23,1.6
AAS.L,2024-08-22,1.62
AAS.L,2024-11-21,2.6000001
AAS.L,2025-02-20,1.6
AAS.L,2025-05-22,1.6
AAS.L,2025-08-21,1.63
AAS.L,2025-11-20,1.6
AATG.L,2001-09-19,1.0
AATG.L,2002-04-03,1.0
AATG.L,2002-09-09,1.0
AATG.L,2002-09-11,1.0
AATG.L,2003-03-19,1.0
AATG.L,2003-10-01,0.5
AATG.L,2004-03-24,1.5
AATG.L,2004-09-22,1.0
AATG.L,2004-09-29,5.0
AATG.L,2005-03-16,1.0
AATG.L,2005-06-22,2.0
AATG.L,2005-10-05,4.0
AATG.L,2006-04-26,4.0
AATG.L,2006-10-04,1.5
AATG.L,2007-05-02,1.5
AATG.L,2007-10-03,2.0
AATG.L,2008-04-30,2.0
AATG.L,2008-09-03,2.0
AATG.L,2008-12-10,2.0
AATG.L,2010-04-21,1.95
AATG.L,2010-09-29,1.19
AATG.L,2011-03-30,2.5
AATG.L,2011-09-28,2.5
AATG.L,2012-04-11,2.5
AATG.L,2012-10-03,2.5
AATG.L,2013-04-10,2.5
AATG.L,2013-10-02,2.5
AATG.L,2014-01-08,1.25
AATG.L,2014-04-09,1.25
AATG.L,2014-06-04,1.25
AATG.L,2014-10-01,1.25
AATG.L,2015-01-15,1.25
AATG.L,2015-04-09,1.25
AATG.L,2015-06-04,1.25
AATG.L,2015-10-01,1.25
AATG.L,2016-01-14,1.25
AATG.L,2016-04-14,1.25
AATG.L,2016-06-09,1.25
AATG.L,2016-10-06,1.25
AATG.L,2017-01-12,1.0
AATG.L,2017-06-01,1.0
AATG.L,2017-11-30,2.0
AATG.L,2018-05-31,2.0
AATG.L,2018-12-06,2.0
AATG.L,2019-06-06,2.0
AATG.L,2019-12-05,2.0
AATG.L,2020-06-04,2.0
AATG.L,2020-10-08,9.0
AATG.L,2020-12-03,1.95
AATG.L,2021-06-03,1.73
AATG.L,2021-12-02,1.95
AATG.L,2022-06-01,2.02
AATG.L,2022-12-08,1.97
AATG.L,2023-06-01,1.82
AATG.L,2023-12-07,1.9
AATG.L,2024-06-06,1.8
AATG.L,2024-11-14,1.88
AATG.L,2025-06-05,1.83
AATG.L,2025-10-02,1.77
AAU.L,2021-08-26,0.35000002
AAU.L,2022-03-03,0.17500001
AAU.L,2022-08-18,0.17500001
AAZ.L,2018-10-11,2.2864
AAZ.L,2019-06-27,3.1797
AAZ.L,2019-10-03,2.8355
AAZ.L,2020-07-02,3.5739
AAZ.L,2020-10-08,3.4651
AAZ.L,2021-02-11,1.0767
AAZ.L,2021-07-01,2.5353
AAZ.L,2021-10-07,3.365685
AAZ.L,2022-06-30,2.9180999
AAZ.L,2022-09-29,3.5558999
AAZ.L,2023-06-29,3.1420999
ABDN.L,2007-03-28,7.5429
ABDN.L,2007-09-12,5.3079
ABDN.L,2008-03-19,10.7556
ABDN.L,2008-08-13,5.6851
ABDN.L,2009-03-18,10.7556
ABDN.L,2009-08-12,5.7968
ABDN.L,2010-03-17,11.3003
ABDN.L,2010-08-18,6.0762
ABDN.L,2011-03-16,12.0825
ABDN.L,2011-08-17,6.4254003
ABDN.L,2012-03-21,12.8508005
ABDN.L,2012-08-22,6.8444
ABDN.L,2013-04-03,31.5682
ABDN.L,2013-09-11,7.2913995
ABDN.L,2014-04-09,14.778399
ABDN.L,2014-09-10,7.8222
ABDN.L,2015-04-09,13.062901
ABDN.L,2015-09-10,6.88
ABDN.L,2016-04-14,14.1029
ABDN.L,2016-09-08,7.3942995
ABDN.L,2017-04-13,15.257099
ABDN.L,2017-09-07,8.0
ABDN.L,2018-04-19,16.342901
ABDN.L,2018-08-16,8.3429
ABDN.L,2019-04-11,14.300001
ABDN.L,2019-08-15,7.2999997
ABDN.L,2020-04-02,14.300001
ABDN.L,2020-08-20,7.2999997
ABDN.L,2021-04-15,7.2999997
ABDN.L,2021-08-19,7.2999997
ABDN.L,2022-04-07,7.2999997
ABDN.L,2022-08-18,7.2999997
ABDN.L,2023-03-30,7.2999997
ABDN.L,2023-08-17,7.2999997
ABDN.L,2024-03-14,7.2999997
ABDN.L,2024-08-15,7.2999997
ABDN.L,2025-03-27,7.2999997
ABDN.L,2025-08-14,7.2999997
ABDP.L,2014-05-07,0.9985
ABDP.L,2014-11-20,1.4978
ABDP.L,2015-05-07,1.0984
ABDP.L,2015-11-19,1.6475999
ABDP.L,2016-05-05,1.2082
ABDP.L,2016-11-24,1.8123999
ABDP.L,2017-05-04,1.3291
ABDP.L,2017-11-23,1.9971
ABDP.L,2018-05-03,1.4629
ABDP.L,2018-11-22,2.1968
ABDP.L,2019-05-02,1.6097
ABDP.L,2020-01-02,2.79
ABDP.L,2021-01-07,4.4
ABDP.L,2021-05-06,1.6
ABDP.L,2021-12-30,3.24
ABDP.L,2022-05-05,1.76
ABDP.L,2022-12-29,3.54
ABDP.L,2023-05-04,1.94
ABDP.L,2024-02-08,4.42
ABDP.L,2024-05-02,2.33
ABDP.L,2025-01-16,5.2999997
ABDP.L,2025-05-01,2.8000002
ABF.L,1993-01-18,3.125
ABF.L,1993-07-19,4.8294997
ABF.L,1994-01-17,3.6931999
ABF.L,1994-07-04,4.8294997
ABF.L,1995-01-16,4.2614
ABF.L,1995-07-17,4.8294997
ABF.L,1996-01-29,5.1136
ABF.L,1996-07-29,4.8294997
ABF.L,1997-01-27,5.9659
ABF.L,1997-08-04,4.8294997
ABF.L,1998-01-26,6.5341005
ABF.L,1998-08-03,4.8294997
ABF.L,1999-03-01,7.1023
ABF.L,1999-05-10,50.0
ABF.L,1999-08-02,4.25
ABF.L,2000-01-24,6.5
ABF.L,2000-07-31,4.25
ABF.L,2001-01-29,7.0
ABF.L,2001-08-01,4.25
ABF.L,2002-01-16,7.5499997
ABF.L,2002-07-31,4.25
ABF.L,2003-01-15,9.0
ABF.L,2003-07-30,4.75
ABF.L,2004-01-14,9.849999
ABF.L,2004-07-28,5.25
ABF.L,2004-12-01,11.150001
ABF.L,2005-06-01,6.0
ABF.L,2005-11-30,12.0
ABF.L,2006-05-31,6.25
ABF.L,2006-11-29,12.5
ABF.L,2007-05-30,6.5
ABF.L,2007-12-05,13.0
ABF.L,2008-06-04,6.7500005
ABF.L,2008-12-03,13.500001
ABF.L,2009-06-03,6.8999996
ABF.L,2009-12-02,14.1
ABF.L,2010-06-02,7.6
ABF.L,2010-12-08,16.2
ABF.L,2011-06-08,7.9000006
ABF.L,2011-12-07,16.85
ABF.L,2012-06-06,8.5
ABF.L,2012-12-05,20.0
ABF.L,2013-06-05,10.388901
ABF.L,2013-12-04,22.65
ABF.L,2014-06-04,9.700001
ABF.L,2014-12-11,24.3
ABF.L,2015-06-04,10.0
ABF.L,2015-12-10,25.0
ABF.L,2016-06-02,10.3
ABF.L,2016-12-15,26.449999
ABF.L,2017-06-08,11.35
ABF.L,2017-12-14,29.65
ABF.L,2018-06-07,11.7
ABF.L,2018-12-13,33.3
ABF.L,2019-06-06,12.05
ABF.L,2019-12-12,34.3
ABF.L,2021-06-03,6.2
ABF.L,2021-12-16,34.3
ABF.L,2022-06-09,13.799999
ABF.L,2022-12-15,29.9
ABF.L,2023-06-01,14.200001
ABF.L,2023-12-14,45.8
ABF.L,2024-05-30,20.7
ABF.L,2024-12-12,69.3
ABF.L,2025-05-29,20.7
ABF.L,2025-12-11,42.3
ADF.L,2022-10-13,0.46
ADF.L,2023-06-15,0.9
ADF.L,2023-10-05,0.5
ADF.L,2024-07-04,0.9
ADF.L,2024-10-03,0.5
ADF.L,2025-07-24,0.9
ADIG.L,1972-10-30,0.193
ADIG.L,1973-05-14,0.088
ADIG.L,1973-11-26,0.22
ADIG.L,1974-05-13,0.183
ADIG.L,1974-11-25,0.125
ADIG.L,1975-05-19,0.183
ADIG.L,1975-11-17,0.17
ADIG.L,1976-05-17,0.183
ADIG.L,1976-11-15,0.22
ADIG.L,1977-05-23,0.225
ADIG.L,1977-10-31,0.275
ADIG.L,1978-02-13,0.138
ADIG.L,1978-05-15,0.138
ADIG.L,1978-08-21,0.163
ADIG.L,1978-11-13,0.163
ADIG.L,1979-03-12,0.163
ADIG.L,1979-05-21,0.17500001
ADIG.L,1979-08-28,0.25
ADIG.L,1979-11-19,0.263
ADIG.L,1980-03-10,0.2
ADIG.L,1980-05-12,0.213
ADIG.L,1980-09-01,0.225
ADIG.L,1980-11-24,0.23799999
ADIG.L,1981-03-02,0.23799999
ADIG.L,1981-05-18,0.25
ADIG.L,1981-08-28,0.263
ADIG.L,1981-11-23,0.263
ADIG.L,1982-03-01,0.275
ADIG.L,1982-05-17,0.275
ADIG.L,1982-09-06,0.28800002
ADIG.L,1982-11-29,0.3
ADIG.L,1983-02-21,0.3
ADIG.L,1983-05-23,0.3
ADIG.L,1983-08-15,0.31300002
ADIG.L,1983-11-28,0.31300002
ADIG.L,1984-02-27,0.32500002
ADIG.L,1984-05-14,0.35000002
ADIG.L,1984-09-03,0.4
ADIG.L,1984-11-22,0.8
ADIG.L,1985-03-11,0.425
ADIG.L,1985-05-13,0.438
ADIG.L,1985-09-02,0.438
ADIG.L,1985-11-11,0.475
ADIG.L,1986-04-01,0.475
ADIG.L,1986-05-12,0.475
ADIG.L,1986-08-11,0.525
ADIG.L,1986-11-10,0.575
ADIG.L,1987-03-23,0.575
ADIG.L,1987-05-11,0.575
ADIG.L,1987-09-14,0.6
ADIG.L,1987-11-09,0.6
ADIG.L,1988-11-14,2.7
ADIG.L,1989-02-27,0.775
ADIG.L,1989-05-08,0.8
ADIG.L,1989-09-04,0.85
ADIG.L,1989-11-13,0.875
ADIG.L,1990-02-26,0.925
ADIG.L,1990-05-29,0.95
ADIG.L,1990-09-10,0.975
ADIG.L,1990-11-19,1.0
ADIG.L,1991-03-11,1.0
ADIG.L,1991-05-20,1.0
ADIG.L,1991-09-02,1.0
ADIG.L,1991-11-25,1.04
ADIG.L,1992-03-09,1.04
ADIG.L,1992-05-11,1.04
ADIG.L,1992-09-07,1.04
ADIG.L,1992-11-16,1.07
ADIG.L,1993-03-01,1.07
ADIG.L,1993-05-24,1.07
ADIG.L,1993-09-07,1.07
ADIG.L,1993-11-29,1.07
ADIG.L,1994-02-28,1.09
ADIG.L,1994-06-06,1.09
ADIG.L,1994-09-05,1.09
ADIG.L,1994-11-21,1.11
ADIG.L,1995-03-06,1.1
ADIG.L,1995-05-22,1.095
ADIG.L,1995-09-11,1.095
ADIG.L,1995-11-27,1.27
ADIG.L,1996-03-11,1.14
ADIG.L,1996-05-28,1.14
ADIG.L,1996-09-09,1.14
ADIG.L,1996-11-25,1.24
ADIG.L,1997-03-03,1.16
ADIG.L,1997-06-02,1.16
ADIG.L,1997-09-08,1.16
ADIG.L,1997-12-01,1.3299999
ADIG.L,1998-03-02,1.21
ADIG.L,1998-06-01,1.21
ADIG.L,1998-09-14,1.21
ADIG.L,1998-11-30,1.37
ADIG.L,1999-03-01,1.25
ADIG.L,1999-06-01,1.25
ADIG.L,1999-09-13,1.25
ADIG.L,1999-11-29,1.3000001
ADIG.L,2000-02-28,1.26
ADIG.L,2000-06-05,1.26
ADIG.L,2000-09-11,1.26
ADIG.L,2000-12-04,1.43
ADIG.L,2001-02-28,1.3000001
ADIG.L,2001-06-06,1.3000001
ADIG.L,2001-06-27,3.218
ADIG.L,2002-03-13,1.3000001
ADIG.L,2002-06-12,1.3000001
ADIG.L,2002-09-11,1.3000001
ADIG.L,2002-12-11,1.4100001
ADIG.L,2003-03-12,1.3000001
ADIG.L,2003-06-11,1.3000001
ADIG.L,2003-09-10,1.3000001
ADIG.L,2003-12-10,1.4100001
ADIG.L,2004-03-10,1.3000001
ADIG.L,2004-06-09,1.3000001
ADIG.L,2004-09-08,1.3000001
ADIG.L,2004-12-08,1.4100001
ADIG.L,2005-03-09,1.3000001
ADIG.L,2005-06-08,1.3000001
ADIG.L,2005-09-07,1.3000001
ADIG.L,2005-12-07,1.4100001
ADIG.L,2006-03-08,1.304
ADIG.L,2006-06-07,1.3299999
ADIG.L,2006-09-06,1.3299999
ADIG.L,2006-12-06,1.5220001
ADIG.L,2007-03-07,1.356
ADIG.L,2007-06-06,1.356
ADIG.L,2007-09-05,1.356
ADIG.L,2007-12-12,1.6380001
ADIG.L,2008-03-12,1.4000001
ADIG.L,2008-06-11,1.4000001
ADIG.L,2008-09-10,1.4000001
ADIG.L,2008-12-10,1.7340001
ADIG.L,2009-03-11,1.442
ADIG.L,2009-06-10,1.442
ADIG.L,2009-09-08,1.442
ADIG.L,2009-09-09,1.442
ADIG.L,2009-12-09,1.7859999
ADIG.L,2010-03-10,1.442
ADIG.L,2010-06-09,1.442
ADIG.L,2010-09-08,1.442
ADIG.L,2010-12-08,1.7859999
ADIG.L,2011-03-09,1.442
ADIG.L,2011-06-08,1.442
ADIG.L,2011-09-07,1.442
ADIG.L,2011-12-07,1.7859999
ADIG.L,2012-03-07,1.442
ADIG.L,2012-06-06,1.442
ADIG.L,2012-09-05,1.442
ADIG.L,2012-12-24,1.7859999
ADIG.L,2013-03-13,1.442
ADIG.L,2013-06-12,1.485
ADIG.L,2013-09-11,1.485
ADIG.L,2013-12-23,1.84
ADIG.L,2014-03-12,1.485
ADIG.L,2014-06-11,1.53
ADIG.L,2014-09-10,1.53
ADIG.L,2014-12-29,1.895
ADIG.L,2015-03-12,1.5
ADIG.L,2015-06-11,1.67
ADIG.L,2015-09-10,1.67
ADIG.L,2015-12-31,1.7
ADIG.L,2016-03-10,1.6349999
ADIG.L,2016-06-23,1.6349999
ADIG.L,2016-09-15,1.6349999
ADIG.L,2017-01-05,1.6349999
ADIG.L,2017-03-02,1.6349999
ADIG.L,2017-04-06,1.6349999
ADIG.L,2017-08-31,1.3100001
ADIG.L,2017-12-28,1.3100001
ADIG.L,2018-03-15,1.3100001
ADIG.L,2018-06-28,1.3100001
ADIG.L,2018-09-20,1.3100001
ADIG.L,2018-12-27,1.3100001
ADIG.L,2019-03-07,1.3399999
ADIG.L,2019-06-13,1.3399999
ADIG.L,2019-09-19,1.3399999
ADIG.L,2019-12-24,1.3399999
ADIG.L,2020-03-05,1.36
ADIG.L,2020-06-18,1.36
ADIG.L,2020-09-24,1.36
ADIG.L,2020-12-24,1.36
ADIG.L,2021-03-04,1.38
ADIG.L,2021-06-17,1.38
ADIG.L,2021-09-30,1.38
ADIG.L,2021-12-23,1.38
ADIG.L,2022-03-03,1.4000001
ADIG.L,2022-06-16,1.4000001
ADIG.L,2022-09-22,1.4000001
ADIG.L,2022-12-22,1.4000001
ADIG.L,2023-03-09,1.42
ADIG.L,2023-06-08,1.42
ADIG.L,2023-09-21,1.42
ADIG.L,2023-11-02,1.65
ADIG.L,2023-12-21,1.42
ADIG.L,2024-03-07,1.42
ADIG.L,2024-07-03,38.0
ADIG.L,2024-09-26,1.95
ADIG.L,2025-10-02,1.5
ADIG.L,2025-11-12,19.0
ADM.L,2005-04-27,9.3
ADM.L,2005-09-14,9.700001
ADM.L,2006-04-19,14.900001
ADM.L,2006-09-20,12.1
ADM.L,2007-04-18,24.0
ADM.L,2007-09-19,20.6
ADM.L,2008-04-09,23.199999
ADM.L,2008-08-27,26.0
ADM.L,2009-05-06,26.499998
ADM.L,2009-10-07,27.7
ADM.L,2010-03-10,29.800001
ADM.L,2010-10-06,32.600002
ADM.L,2011-05-18,35.5
ADM.L,2011-09-28,39.1
ADM.L,2012-05-02,36.5
ADM.L,2012-09-12,45.100002
ADM.L,2013-05-01,45.5
ADM.L,2013-09-11,48.899998
ADM.L,2014-04-30,50.6
ADM.L,2014-09-10,49.399998
ADM.L,2015-05-07,49.0
ADM.L,2015-09-10,51.0
ADM.L,2016-05-12,63.4
ADM.L,2016-09-08,51.0
ADM.L,2017-05-11,51.5
ADM.L,2017-09-07,56.0
ADM.L,2018-05-10,58.0
ADM.L,2018-09-06,60.000004
ADM.L,2019-05-09,66.0
ADM.L,2019-09-05,63.0
ADM.L,2020-05-07,56.300003
ADM.L,2020-09-03,91.2
ADM.L,2021-05-06,86.0
ADM.L,2021-09-02,161.0
ADM.L,2022-05-05,117.99999
ADM.L,2022-09-01,104.99999
ADM.L,2023-05-04,52.0
ADM.L,2023-09-07,51.0
ADM.L,2024-05-09,52.0
ADM.L,2024-09-05,71.0
ADM.L,2025-05-15,121.0
ADM.L,2025-09-04,115.0
AEEE.L,2022-09-29,0.009484776
AEEE.L,2022-11-17,0.012143439
AEEE.L,2023-03-02,0.011974189
AEEE.L,2024-10-10,0.06237567
AEEE.L,2025-10-02,0.045953
AEET.L,2022-09-29,1.0
AEET.L,2022-11-17,1.25
AEET.L,2023-03-02,1.25
AEET.L,2024-10-10,6.139
AEET.L,2025-05-08,36.836998
AEET.L,2025-10-02,4.0
AEI.L,1992-05-11,1.0
AEI.L,1992-11-16,2.45
AEI.L,1993-05-24,2.0
AEI.L,1993-11-15,2.5
AEI.L,1994-05-16,2.0
AEI.L,1994-11-21,2.8000002
AEI.L,1995-05-30,2.2
AEI.L,1995-11-27,3.5700002
AEI.L,1996-06-03,2.2
AEI.L,1996-11-18,3.9500003
AEI.L,1997-05-27,2.3
AEI.L,1997-11-17,4.7
AEI.L,1998-06-01,2.45
AEI.L,1998-11-16,4.7
AEI.L,1999-06-01,2.45
AEI.L,1999-11-15,4.9
AEI.L,2000-05-30,2.45
AEI.L,2000-11-13,4.9
AEI.L,2001-05-30,2.5
AEI.L,2001-11-14,5.05
AEI.L,2002-05-29,2.5
AEI.L,2002-11-13,5.1
AEI.L,2003-05-28,2.5
AEI.L,2003-11-12,5.5
AEI.L,2004-05-26,2.5
AEI.L,2004-11-10,5.7
AEI.L,2005-05-25,2.6000001
AEI.L,2005-11-09,6.0
AEI.L,2006-05-24,2.6000001
AEI.L,2006-11-22,6.8999996
AEI.L,2007-05-30,3.0
AEI.L,2007-11-21,7.4500003
AEI.L,2008-06-04,3.15
AEI.L,2008-11-19,7.8500004
AEI.L,2009-06-03,3.15
AEI.L,2009-11-18,8.4
AEI.L,2010-03-03,3.15
AEI.L,2010-12-01,8.65
AEI.L,2011-06-01,3.5500002
AEI.L,2011-11-23,8.85
AEI.L,2012-06-06,3.7500002
AEI.L,2012-11-28,9.0
AEI.L,2013-02-27,3.2
AEI.L,2013-06-05,3.2
AEI.L,2013-09-04,3.2
AEI.L,2013-11-27,3.8
AEI.L,2014-02-26,3.2
AEI.L,2014-06-04,3.2
AEI.L,2014-09-03,3.2
AEI.L,2014-11-27,4.4
AEI.L,2015-02-26,3.2
AEI.L,2015-06-04,3.4
AEI.L,2015-09-03,3.4
AEI.L,2015-11-26,4.7
AEI.L,2016-02-25,3.4
AEI.L,2016-06-02,3.4
AEI.L,2016-09-01,3.6
AEI.L,2016-11-24,5.0
AEI.L,2017-02-23,3.8
AEI.L,2017-06-01,3.8
AEI.L,2017-09-14,4.0
AEI.L,2017-12-21,5.5
AEI.L,2018-02-22,4.4
AEI.L,2018-05-31,4.4
AEI.L,2018-09-06,4.9
AEI.L,2018-12-20,5.5
AEI.L,2019-02-21,4.9
AEI.L,2019-05-30,4.9
AEI.L,2019-09-05,4.9
AEI.L,2019-12-24,5.7999997
AEI.L,2020-03-05,5.2000003
AEI.L,2020-06-04,5.2000003
AEI.L,2020-09-03,5.2000003
AEI.L,2020-12-03,5.0
AEI.L,2021-03-04,5.2000003
AEI.L,2021-06-03,5.2000003
AEI.L,2021-09-02,5.2000003
AEI.L,2021-12-23,5.6000004
AEI.L,2022-02-17,5.4
AEI.L,2022-05-26,5.4
AEI.L,2022-09-01,5.4
AEI.L,2022-12-08,6.5
AEI.L,2023-02-23,5.7
AEI.L,2023-05-25,5.7
AEI.L,2023-08-31,5.7
AEI.L,2023-12-07,5.7
AEI.L,2024-02-29,5.7
AEI.L,2024-05-23,5.7
AEI.L,2024-08-29,5.7
AEI.L,2024-12-05,5.7999997
AEI.L,2025-02-27,5.7
AEI.L,2025-05-29,5.7
AEI.L,2025-08-28,5.7
AEI.L,2025-12-11,5.9
AEO.L,2013-10-23,1.5
AEO.L,2014-10-23,5.0
AEO.L,2015-11-05,3.0
AEO.L,2016-03-10,3.0
AEO.L,2016-11-03,2.0
AEO.L,2017-12-14,0.5
AEO.L,2018-12-13,0.75
AEO.L,2019-11-21,1.0
AEO.L,2022-12-22,2.0
AEO.L,2023-12-21,3.0
AEO.L,2024-12-24,3.0
AEO.L,2025-10-30,3.0
AEP.L,1993-04-19,0.9444
AEP.L,1993-10-18,0.4722
AEP.L,1994-04-25,1.0861
AEP.L,1995-05-01,2.8333
AEP.L,1996-05-07,3.4
AEP.L,1997-05-19,3.4899998
AEP.L,1998-05-11,4.0
AEP.L,1999-05-10,4.34
AEP.L,2000-07-24,2.56
AEP.L,2001-05-30,1.04
AEP.L,2002-05-29,1.4000001
AEP.L,2003-05-21,2.5800002
AEP.L,2004-05-05,3.2699997
AEP.L,2005-06-08,4.14
AEP.L,2006-05-24,5.12
AEP.L,2007-06-06,5.46
AEP.L,2008-08-06,7.2999997
AEP.L,2009-06-24,3.03
AEP.L,2010-04-28,3.2680001
AEP.L,2011-05-25,3.1
AEP.L,2012-06-06,3.8880002
AEP.L,2013-06-05,2.894
AEP.L,2014-05-14,3.0
AEP.L,2015-06-11,3.0
AEP.L,2016-06-09,1.75
AEP.L,2017-06-08,3.0
AEP.L,2018-06-07,2.9861999
AEP.L,2019-06-06,2.3
AEP.L,2020-06-11,0.39880002
AEP.L,2021-06-10,0.7101
AEP.L,2022-06-09,4.0512
AEP.L,2023-06-01,20.024
AEP.L,2023-09-07,12.0144005
AEP.L,2024-06-13,11.8418
AEP.L,2025-06-19,37.876
AEP.L,2025-10-16,27.852402
AERI.L,2019-11-14,0.0075
AERI.L,2020-02-20,0.0075
AERI.L,2020-05-21,0.0075
AERI.L,2020-08-27,0.0075
AERI.L,2020-10-08,0.0125
AERI.L,2021-02-18,0.0125
AERI.L,2021-05-20,0.0125
AERI.L,2021-08-19,0.0125
AERI.L,2021-11-11,0.0125
AERI.L,2022-02-17,0.0125
AERI.L,2022-05-19,0.013125
AERI.L,2022-08-11,0.01255014
AERI.L,2022-11-17,0.012932238
AERI.L,2023-02-16,0.013244968
AERI.L,2023-05-25,0.013578167
AERI.L,2023-08-17,0.013396217
AERI.L,2023-11-16,0.013661184
AERI.L,2024-02-15,0.013420097
AERI.L,2024-05-16,0.0140739875
AERI.L,2024-08-15,0.013945484
AERI.L,2024-11-14,0.01368734
AERI.L,2025-02-20,0.007424779
AERI.L,2025-05-22,0.0075760265
AERI.L,2025-08-14,0.0078000547
AERI.L,2025-11-13,0.0064956867
AERS.L,2019-11-14,0.642
AERS.L,2020-02-20,0.6254
AERS.L,2020-05-21,0.6717
AERS.L,2020-08-27,0.67230004
AERS.L,2020-10-08,1.1385
AERS.L,2021-02-18,1.0864
AERS.L,2021-05-20,1.0791
AERS.L,2021-08-19,1.0638001
AERS.L,2021-11-11,1.069
AERS.L,2022-02-17,1.0464
AERS.L,2022-05-19,1.1104
AERS.L,2022-08-11,1.1085
AERS.L,2022-11-17,1.1491
AERS.L,2023-02-16,1.1658
AERS.L,2023-05-25,1.1983
AERS.L,2023-08-17,1.1784999
AERS.L,2023-11-16,1.202
AERS.L,2024-02-15,1.1773
AERS.L,2024-05-16,1.2418
AERS.L,2024-08-15,1.2428
AERS.L,2024-11-14,1.2035
AERS.L,2025-02-20,0.6539
AERS.L,2025-05-22,0.78999996
AERS.L,2025-08-14,0.685
AERS.L,2025-11-13,0.57390004
AEWU.L,2015-12-10,1.5
AEWU.L,2016-03-10,2.0
AEWU.L,2016-06-09,2.0
AEWU.L,2016-08-25,2.0
AEWU.L,2016-11-24,2.0
AEWU.L,2017-03-09,2.0
AEWU.L,2017-06-08,2.0
AEWU.L,2017-09-07,2.0
AEWU.L,2017-12-14,2.0
AEWU.L,2018-02-08,1.3299999
AEWU.L,2018-05-10,2.0
AEWU.L,2018-08-09,2.0
AEWU.L,2018-11-01,2.0
AEWU.L,2019-02-07,2.0
AEWU.L,2019-05-09,2.0
AEWU.L,2019-08-08,2.0
AEWU.L,2019-10-31,2.0
AEWU.L,2020-01-23,2.0
AEWU.L,2020-04-30,2.0
AEWU.L,2020-07-30,2.0
AEWU.L,2020-10-29,2.0
AEWU.L,2021-02-04,2.0
AEWU.L,2021-04-29,2.0
AEWU.L,2021-07-29,2.0
AEWU.L,2021-10-28,2.0
AEWU.L,2022-01-27,2.0
AEWU.L,2022-04-28,2.0
AEWU.L,2022-08-04,2.0
AEWU.L,2022-10-27,2.0
AEWU.L,2023-01-26,2.0
AEWU.L,2023-05-04,2.0
AEWU.L,2023-07-27,2.0
AEWU.L,2023-10-26,2.0
AEWU.L,2024-02-01,2.0
AEWU.L,2024-05-23,2.0
AEWU.L,2024-08-01,2.0
AEWU.L,2024-10-31,2.0
AEWU.L,2025-02-06,2.0
AEWU.L,2025-05-08,2.0
AEWU.L,2025-07-31,2.0
AEWU.L,2025-10-30,2.0
AFL.L,1988-09-19,0.08
AFL.L,1989-05-08,0.08
AFL.L,1990-04-30,0.060000002
AFL.L,1991-04-29,0.072000004
AFL.L,1992-05-11,0.08
AFL.L,1993-05-10,0.088
AFL.L,1994-03-28,0.44
AFL.L,1995-03-20,0.44
AFL.L,1996-03-11,0.46
AFL.L,1997-03-24,1.9200001
AFL.L,1998-03-23,1.4000001
AFL.L,1999-03-22,1.4000001
AFL.L,2000-04-03,2.14
AFL.L,2001-04-11,1.54
AFL.L,2002-05-22,1.3000001
AFL.L,2003-04-02,1.1
AFL.L,2004-04-28,1.2
AFL.L,2005-04-27,1.5
AFL.L,2006-04-26,2.4
AFL.L,2006-09-27,1.4000001
AFL.L,2007-04-11,1.75
AFL.L,2007-09-26,1.5
AFL.L,2008-04-16,2.25
AFL.L,2008-09-24,1.6
AFL.L,2009-04-15,3.7
AFL.L,2009-09-23,1.6
AFL.L,2010-03-10,2.7
AFL.L,2010-09-22,1.6
AFL.L,2011-04-20,2.7
AFL.L,2011-04-21,2.7
AFL.L,2011-09-28,1.6
AFL.L,2012-04-25,3.4
AFL.L,2012-09-26,1.6
AFL.L,2013-04-24,4.4
AFL.L,2013-09-25,1.6
AFL.L,2014-04-23,4.9
AFL.L,2014-09-24,1.6
AFL.L,2015-04-23,12.15
AFL.L,2015-08-06,3.4
AFL.L,2015-11-19,3.4
AFL.L,2016-02-25,3.4
AFL.L,2016-04-28,4.1
AFL.L,2016-08-04,3.4499998
AFL.L,2016-11-17,3.4499998
AFL.L,2017-02-23,3.4499998
AFL.L,2017-05-04,6.7500005
AFL.L,2017-08-03,3.5500002
AFL.L,2017-11-16,3.5500002
AFL.L,2018-02-22,3.5500002
AFL.L,2018-05-03,10.15
AFL.L,2018-08-02,3.6499999
AFL.L,2018-11-15,3.6499999
AFL.L,2019-02-21,3.6499999
AFL.L,2019-05-02,7.6499996
AFL.L,2019-08-01,3.7500002
AFL.L,2019-11-14,3.7500002
AFL.L,2020-02-20,3.7500002
AFL.L,2020-05-14,7.35
AFL.L,2020-08-06,3.7500002
AFL.L,2020-11-12,3.7500002
AFL.L,2021-02-18,3.7500002
AFL.L,2021-05-13,8.070001
AFL.L,2021-08-05,3.7500002
AFL.L,2021-11-11,3.7500002
AFL.L,2022-02-17,3.7500002
AFL.L,2022-05-12,11.55
AFL.L,2022-08-04,3.7500002
AFL.L,2022-11-10,3.7500002
AFL.L,2023-02-16,3.7500002
AFL.L,2023-05-11,6.79
AFL.L,2023-08-03,3.85
AFL.L,2023-11-09,3.85
AFL.L,2024-02-15,3.85
AFL.L,2024-05-09,5.41
AFL.L,2024-08-01,3.85
AFL.L,2024-09-16,484.84998
AFL.L,2024-11-07,3.85
AFL.L,2025-02-13,3.85
AFL.L,2025-05-08,3.4499998
AFL.L,2025-07-31,3.85
AFL.L,2025-11-06,3.85
AFRN.L,2012-04-04,2.0
AFRN.L,2013-03-27,3.0
AFRN.L,2013-09-04,1.0
AFRN.L,2014-04-02,2.45
AFRN.L,2014-09-03,1.15
AFRN.L,2015-04-02,3.85
AFRN.L,2015-09-03,1.265
AFRN.L,2016-04-07,4.235
AFRN.L,2016-09-01,1.391
AFRN.L,2017-04-06,4.659
AFRN.L,2017-08-10,1.53
AFRN.L,2018-04-05,5.125
AFRN.L,2018-08-09,1.68
AFRN.L,2019-04-04,5.637
AFRN.L,2019-08-08,1.68
AFRN.L,2021-04-01,1.87
AFRN.L,2021-08-12,1.0
AFRN.L,2022-04-07,2.09
AFRN.L,2022-09-01,1.0
AGT.L,1978-05-02,0.0336
AGT.L,1978-10-30,0.104600005
AGT.L,1979-05-08,0.0354
AGT.L,1979-10-22,0.11840001
AGT.L,1980-04-28,0.0394
AGT.L,1980-10-27,0.1282
AGT.L,1981-05-01,0.0394
AGT.L,1981-10-12,0.1282
AGT.L,1982-04-30,0.0394
AGT.L,1982-10-18,0.134
AGT.L,1983-04-25,0.0394
AGT.L,1983-10-31,0.138
AGT.L,1984-04-30,0.0394
AGT.L,1984-11-12,0.138
AGT.L,1985-04-29,0.0394
AGT.L,1985-12-09,0.060000002
AGT.L,1986-04-28,0.04
AGT.L,1986-12-08,0.08
AGT.L,1987-04-27,0.04
AGT.L,1987-11-23,0.08
AGT.L,1988-05-09,0.04
AGT.L,1988-11-28,0.092
AGT.L,1989-05-08,0.05
AGT.L,1989-11-27,0.092
AGT.L,1990-04-30,0.05
AGT.L,1990-11-19,0.106000006
AGT.L,1991-04-29,0.05
AGT.L,1991-11-25,0.120000005
AGT.L,1992-04-27,0.05
AGT.L,1992-11-16,0.12799999
AGT.L,1993-05-10,0.05
AGT.L,1993-11-15,0.13599999
AGT.L,1994-04-25,0.05
AGT.L,1994-11-21,0.142
AGT.L,1995-04-25,0.05
AGT.L,1995-05-09,0.05
AGT.L,1995-10-16,0.15
AGT.L,1996-05-13,0.05
AGT.L,1996-12-02,0.156
AGT.L,1997-05-12,0.05
AGT.L,1997-12-08,0.164
AGT.L,1998-05-05,0.05
AGT.L,1998-11-23,0.17199999
AGT.L,1999-05-17,0.05
AGT.L,1999-11-22,0.176
AGT.L,2000-05-22,0.060000002
AGT.L,2000-11-20,0.2
AGT.L,2001-05-30,0.08
AGT.L,2001-11-28,0.3
AGT.L,2002-05-29,0.08
AGT.L,2002-11-27,0.3
AGT.L,2003-05-28,0.08
AGT.L,2003-12-03,0.23
AGT.L,2004-05-19,0.08
AGT.L,2004-12-01,0.26
AGT.L,2005-05-18,0.120000005
AGT.L,2005-12-07,0.6
AGT.L,2006-05-24,0.16
AGT.L,2006-12-13,0.84
AGT.L,2007-05-23,0.28
AGT.L,2007-12-05,0.82
AGT.L,2008-05-21,0.35000002
AGT.L,2008-12-10,1.1
AGT.L,2009-05-27,0.35999998
AGT.L,2009-12-09,1.09
AGT.L,2010-05-26,0.35999998
AGT.L,2010-12-08,1.14
AGT.L,2011-05-25,0.4
AGT.L,2011-12-07,1.7
AGT.L,2012-05-30,0.4
AGT.L,2012-12-05,2.2
AGT.L,2013-06-05,0.4
AGT.L,2013-12-04,2.2
AGT.L,2014-06-11,0.4
AGT.L,2014-12-04,1.7
AGT.L,2015-06-11,0.4
AGT.L,2015-12-03,1.94
AGT.L,2016-06-09,0.4
AGT.L,2016-12-01,2.5
AGT.L,2017-06-08,0.4
AGT.L,2017-12-07,2.0
AGT.L,2018-06-14,0.4
AGT.L,2018-12-06,2.2
AGT.L,2019-06-06,0.4
AGT.L,2019-12-05,2.8999999
AGT.L,2020-06-11,1.2
AGT.L,2020-12-03,2.1
AGT.L,2021-06-10,1.2
AGT.L,2021-12-02,2.1
AGT.L,2022-06-23,1.2
AGT.L,2022-12-01,2.1
AGT.L,2023-06-15,1.2
AGT.L,2023-11-29,2.3
AGT.L,2023-11-30,2.5
AGT.L,2024-06-20,1.2
AGT.L,2024-11-28,2.55
AGT.L,2025-06-26,1.5
AGT.L,2025-11-27,3.0
AGVI.L,2025-02-06,1.5
AGVI.L,2025-08-07,4.35
AHT.L,1993-03-01,0.1583
AHT.L,1993-08-16,0.4778
AHT.L,1994-02-28,0.1886
AHT.L,1994-08-15,0.6092
AHT.L,1995-02-27,0.2321
AHT.L,1995-08-29,0.8413
AHT.L,1996-03-11,0.2998
AHT.L,1996-09-09,1.1161
AHT.L,1997-02-24,0.3321
AHT.L,1997-09-08,1.3514
AHT.L,1998-03-02,0.7656
AHT.L,1998-09-07,1.7433999
AHT.L,1999-03-01,0.44280002
AHT.L,1999-09-06,2.0478
AHT.L,2000-02-28,0.5166
AHT.L,2000-09-04,2.3983
AHT.L,2001-02-28,0.5719
AHT.L,2001-09-05,2.6566
AHT.L,2002-02-27,0.5719
AHT.L,2002-09-04,2.6566
AHT.L,2006-02-15,0.46120003
AHT.L,2006-07-26,0.92240006
AHT.L,2007-02-07,0.55
AHT.L,2007-09-05,1.1
AHT.L,2008-02-06,0.825
AHT.L,2008-09-03,1.6750001
AHT.L,2009-01-28,1.0
AHT.L,2009-08-19,1.8611001
AHT.L,2010-01-13,1.0
AHT.L,2010-08-18,2.2222
AHT.L,2011-01-19,1.0332999
AHT.L,2011-08-17,2.07
AHT.L,2012-01-18,1.0
AHT.L,2012-08-15,2.5
AHT.L,2013-01-16,1.5
AHT.L,2013-08-14,6.0
AHT.L,2014-01-15,2.25
AHT.L,2014-08-13,9.25
AHT.L,2015-01-15,3.0
AHT.L,2015-08-13,12.25
AHT.L,2016-01-14,4.0
AHT.L,2016-08-11,18.5
AHT.L,2017-01-19,4.75
AHT.L,2017-08-17,22.75
AHT.L,2018-01-18,5.5
AHT.L,2018-08-16,27.5
AHT.L,2019-01-17,6.5
AHT.L,2019-08-15,33.5
AHT.L,2020-01-16,7.1500006
AHT.L,2020-08-13,33.5
AHT.L,2021-01-14,7.1500006
AHT.L,2021-08-19,35.0
AHT.L,2022-01-13,9.3
AHT.L,2022-08-11,57.28
AHT.L,2023-01-12,12.139999
AHT.L,2023-08-10,67.25
AHT.L,2024-01-11,12.4
AHT.L,2024-08-08,67.82
AHT.L,2025-01-09,28.960001
AHT.L,2025-08-07,53.41
AIBG.L,2019-03-21,14.94181
AIBG.L,2022-03-31,3.955185
AIBG.L,2023-03-30,5.4493656
AIBG.L,2024-03-21,23.35141
AIBG.L,2025-03-27,32.506348
AIBG.L,2025-08-21,10.835449
AIE.L,2025-10-09,0.5
AIRE.L,2017-11-09,0.5
AIRE.L,2018-02-01,0.5
AIRE.L,2018-05-03,1.0
AIRE.L,2018-07-26,1.25
AIRE.L,2018-11-08,1.375
AIRE.L,2019-02-07,1.375
AIRE.L,2019-05-16,1.375
AIRE.L,2019-08-15,1.375
AIRE.L,2019-11-14,1.375
AIRE.L,2020-02-13,1.375
AIRE.L,2020-05-14,0.825
AIRE.L,2020-08-13,1.425
AIRE.L,2020-11-12,1.25
AIRE.L,2021-02-11,1.0
AIRE.L,2021-05-13,1.25
AIRE.L,2021-08-12,1.64
AIRE.L,2021-11-11,1.3000001
AIRE.L,2022-02-10,1.3000001
AIRE.L,2022-05-12,1.3000001
AIRE.L,2022-08-11,1.6
AIRE.L,2022-11-10,1.375
AIRE.L,2023-02-09,1.375
AIRE.L,2023-05-11,1.375
AIRE.L,2023-08-10,1.9200001
AIRE.L,2023-11-09,1.425
AIRE.L,2024-02-15,1.425
AIRE.L,2024-05-16,1.425
AIRE.L,2024-08-15,1.625
AIRE.L,2024-11-07,1.55
AIRE.L,2025-02-13,1.55
AIRE.L,2025-05-15,1.55
AIRE.L,2025-08-14,1.55
AIRE.L,2025-11-13,1.4000001
AJB.L,2019-06-06,1.5
AJB.L,2020-01-09,3.3300002
AJB.L,2020-06-04,1.5
AJB.L,2021-01-07,4.66
AJB.L,2021-06-10,2.46
AJB.L,2022-01-06,9.5
AJB.L,2022-06-09,2.78
AJB.L,2023-01-19,4.5899997
AJB.L,2023-06-08,3.5
AJB.L,2024-01-11,7.25
AJB.L,2024-06-06,4.25
AJB.L,2025-01-09,8.25
AJB.L,2025-06-05,4.5
AJOT.L,2020-04-02,0.9
AJOT.L,2020-10-01,0.65000004
AJOT.L,2021-04-29,0.65000004
AJOT.L,2021-09-30,0.70000005
AJOT.L,2022-04-28,0.70000005
AJOT.L,2022-10-13,0.75
AJOT.L,2023-04-27,0.8
AJOT.L,2023-10-05,0.85
AJOT.L,2024-04-25,0.85
AJOT.L,2024-10-10,1.0
AJOT.L,2025-04-24,1.2
AJOT.L,2025-10-09,2.2
ALFA.L,2020-10-15,15.000001
ALFA.L,2021-06-10,1.0
ALFA.L,2021-10-07,10.0
ALFA.L,2022-05-05,3.0
ALFA.L,2022-05-26,1.1
ALFA.L,2022-09-08,3.5
ALFA.L,2023-04-13,1.5
ALFA.L,2023-05-25,1.2
ALFA.L,2023-09-14,4.0
ALFA.L,2024-05-02,2.0
ALFA.L,2024-05-30,1.3000001
ALFA.L,2024-09-26,4.2
ALFA.L,2025-05-01,2.4
ALFA.L,2025-05-29,1.4000001
ALFA.L,2025-09-25,5.0
ALNA.L,2008-12-10,2.8799999
ALNA.L,2009-05-27,1.7
ALNA.L,2009-12-09,1.8
ALNA.L,2010-12-08,1.9
ALNA.L,2011-06-08,1.9
ALNA.L,2011-12-07,2.1
ALNA.L,2012-05-30,2.0
ALNA.L,2012-12-05,2.0
ALU.L,1993-03-01,1.7419
ALU.L,1993-10-04,3.7898
ALU.L,1994-03-14,1.9302
ALU.L,1994-10-03,4.1899
ALU.L,1995-03-06,2.1655998
ALU.L,1995-10-02,4.8961
ALU.L,1996-03-04,2.45
ALU.L,1996-09-30,5.55
ALU.L,1997-03-03,2.45
ALU.L,1997-09-22,6.05
ALU.L,1998-03-02,2.45
ALU.L,1998-09-21,6.05
ALU.L,1999-03-08,2.45
ALU.L,1999-09-20,6.05
ALU.L,2000-03-06,2.45
ALU.L,2000-09-18,6.05
ALU.L,2001-03-07,2.45
ALU.L,2001-10-03,6.05
ALU.L,2002-03-06,2.45
ALU.L,2002-10-02,6.05
ALU.L,2003-03-12,2.45
ALU.L,2003-10-08,6.3
ALU.L,2004-03-10,3.0
ALU.L,2004-10-06,6.3
ALU.L,2005-03-09,3.0
ALU.L,2005-10-05,6.3
ALU.L,2006-03-08,3.0
ALU.L,2006-10-11,6.3
ALU.L,2007-03-07,3.1
ALU.L,2007-10-03,6.6
ALU.L,2008-03-05,3.25
ALU.L,2008-10-01,6.7500005
ALU.L,2009-03-04,3.25
ALU.L,2009-09-30,6.7500005
ALU.L,2010-03-03,3.25
ALU.L,2010-09-29,6.7500005
ALU.L,2011-03-09,3.25
ALU.L,2011-10-05,6.7500005
ALU.L,2012-03-07,1.0
ALU.L,2012-10-03,1.0
ALU.L,2013-03-06,2.0
ALU.L,2013-10-02,2.7778
ALU.L,2014-03-05,2.2
ALU.L,2014-10-09,2.8000002
ALU.L,2015-03-05,2.5
ALU.L,2015-10-01,3.5
ALU.L,2016-03-03,2.7
ALU.L,2016-10-06,3.8
ALU.L,2017-02-23,2.85
ALU.L,2017-10-05,4.3
ALU.L,2018-03-01,2.95
ALU.L,2018-10-04,4.4
ALU.L,2019-02-28,2.95
ALU.L,2019-09-26,4.4
ALU.L,2020-09-24,2.0
ALU.L,2021-02-25,3.25
ALU.L,2021-09-23,6.25
ALU.L,2022-02-24,3.3500001
ALU.L,2022-09-29,6.65
ALU.L,2023-02-23,3.4
ALU.L,2023-09-28,6.8999996
ALU.L,2024-02-22,3.4499998
ALU.L,2024-09-26,7.2999997
ALU.L,2025-02-20,3.5
ALU.L,2025-09-25,7.6
ALW.L,1972-09-29,0.0107
ALW.L,1973-03-30,0.0319
ALW.L,1973-09-28,0.015999999
ALW.L,1974-03-29,0.0319
ALW.L,1974-09-30,0.015999999
ALW.L,1975-03-31,0.036500003
ALW.L,1975-09-30,0.015999999
ALW.L,1976-03-31,0.0375
ALW.L,1976-09-30,0.015999999
ALW.L,1977-03-31,0.0475
ALW.L,1977-09-30,0.022
ALW.L,1978-04-28,0.049000002
ALW.L,1978-09-29,0.025
ALW.L,1979-03-30,0.055
ALW.L,1979-09-28,0.036500003
ALW.L,1980-03-31,0.0635
ALW.L,1980-09-30,0.0325
ALW.L,1981-03-31,0.0725
ALW.L,1981-09-30,0.0325
ALW.L,1982-03-31,0.08
ALW.L,1982-09-30,0.0375
ALW.L,1983-03-31,0.0855
ALW.L,1983-09-30,0.04
ALW.L,1984-03-30,0.095
ALW.L,1984-09-28,0.05
ALW.L,1985-03-29,0.1225
ALW.L,1985-09-30,0.060000002
ALW.L,1986-03-31,0.14750001
ALW.L,1986-08-25,0.075
ALW.L,1986-09-30,0.075
ALW.L,1987-03-09,1.75
ALW.L,1987-03-31,0.35000002
ALW.L,1987-08-25,0.08
ALW.L,1987-08-31,0.08
ALW.L,1988-03-21,0.195
ALW.L,1988-09-05,0.087500006
ALW.L,1989-03-13,0.2225
ALW.L,1989-09-04,0.1
ALW.L,1990-03-23,0.25
ALW.L,1990-08-20,0.13
ALW.L,1991-04-02,0.27
ALW.L,1991-09-02,0.14
ALW.L,1992-03-23,0.29
ALW.L,1992-08-24,0.14
ALW.L,1993-03-29,0.31
ALW.L,1993-09-06,1.4499999
ALW.L,1994-03-28,3.25
ALW.L,1994-08-30,1.5
ALW.L,1995-03-27,3.5
ALW.L,1995-09-11,1.6
ALW.L,1996-04-01,3.7
ALW.L,1996-09-09,1.7
ALW.L,1996-09-10,1.7
ALW.L,1997-04-01,3.85
ALW.L,1997-09-08,1.85
ALW.L,1998-03-30,4.05
ALW.L,1998-09-07,2.2
ALW.L,1998-09-08,2.2
ALW.L,1999-03-22,1.6
ALW.L,1999-04-06,2.45
ALW.L,1999-08-31,2.4
ALW.L,2000-04-03,4.05
ALW.L,2000-08-29,2.6000001
ALW.L,2001-04-11,4.05
ALW.L,2001-09-19,2.8000002
ALW.L,2002-04-10,4.05
ALW.L,2002-09-18,2.8999999
ALW.L,2003-04-09,4.05
ALW.L,2003-09-17,3.5
ALW.L,2004-04-14,3.5500002
ALW.L,2004-09-15,3.5500002
ALW.L,2005-04-13,3.625
ALW.L,2005-09-14,3.6499999
ALW.L,2006-04-19,3.7
ALW.L,2006-06-07,3.7500002
ALW.L,2007-01-03,1.88
ALW.L,2007-03-28,1.95
ALW.L,2007-07-04,1.9
ALW.L,2007-10-03,1.9
ALW.L,2008-01-02,1.9
ALW.L,2008-03-26,2.2
ALW.L,2008-07-02,2.0
ALW.L,2008-10-08,2.0
ALW.L,2008-12-31,2.0
ALW.L,2009-04-01,2.0
ALW.L,2009-07-01,2.525
ALW.L,2009-09-30,2.025
ALW.L,2009-12-30,2.025
ALW.L,2010-03-03,2.0749998
ALW.L,2010-06-30,2.063
ALW.L,2010-10-06,2.062
ALW.L,2010-12-29,2.063
ALW.L,2011-03-30,2.2075
ALW.L,2011-06-01,2.141
ALW.L,2011-08-31,2.141
ALW.L,2011-12-07,2.141
ALW.L,2012-03-14,2.577
ALW.L,2012-06-06,2.318
ALW.L,2012-08-29,2.318
ALW.L,2012-11-28,2.3174999
ALW.L,2013-03-20,2.318
ALW.L,2013-06-05,2.747
ALW.L,2013-08-28,2.387
ALW.L,2013-12-04,2.387
ALW.L,2014-03-19,2.387
ALW.L,2014-06-04,3.7405
ALW.L,2014-08-27,2.4585
ALW.L,2014-12-11,2.4585
ALW.L,2015-03-19,2.4585
ALW.L,2015-06-04,5.0785003
ALW.L,2015-08-27,2.5325
ALW.L,2015-12-03,3.9958
ALW.L,2016-03-17,3.3725002
ALW.L,2016-06-02,2.825
ALW.L,2016-08-25,2.825
ALW.L,2016-12-08,3.85
ALW.L,2017-03-09,3.2740002
ALW.L,2017-06-08,3.2900002
ALW.L,2017-08-31,3.2900002
ALW.L,2017-12-07,3.2900002
ALW.L,2018-03-15,3.2900002
ALW.L,2018-06-07,3.3890002
ALW.L,2018-09-06,3.3890002
ALW.L,2018-12-06,3.3890002
ALW.L,2019-03-14,3.3890002
ALW.L,2019-06-06,3.4899998
ALW.L,2019-09-05,3.4899998
ALW.L,2019-12-05,3.4899998
ALW.L,2020-03-19,3.4899998
ALW.L,2020-06-04,3.595
ALW.L,2020-09-03,3.595
ALW.L,2020-12-03,3.595
ALW.L,2021-03-11,3.595
ALW.L,2021-06-03,3.7020001
ALW.L,2021-09-02,3.7020001
ALW.L,2021-12-02,5.825
ALW.L,2022-03-10,5.825
ALW.L,2022-06-01,6.0
ALW.L,2022-09-01,6.0
ALW.L,2022-12-01,6.0
ALW.L,2023-03-09,6.0
ALW.L,2023-06-01,6.18
ALW.L,2023-08-31,6.34
ALW.L,2023-11-30,6.34
ALW.L,2024-02-29,6.34
ALW.L,2024-05-30,6.6200004
ALW.L,2024-08-29,6.6200004
ALW.L,2024-11-28,6.73
ALW.L,2025-02-27,6.73
ALW.L,2025-05-29,7.08
ALW.L,2025-08-28,7.08
ALW.L,2025-11-27,7.08
AMGO.L,2019-01-10,1.87
AMGO.L,2019-07-18,7.4500003
AMGO.L,2020-01-09,3.1
AMS.L,2011-05-11,0.38
AMS.L,2011-10-05,0.145
AMS.L,2012-05-16,0.305
AMS.L,2012-10-03,0.17
AMS.L,2013-05-01,0.35000002
AMS.L,2013-10-02,0.19
AMS.L,2014-04-30,0.41
AMS.L,2014-10-01,0.22
AMS.L,2015-05-07,0.48000002
AMS.L,2015-10-01,0.25
AMS.L,2016-05-19,0.55
AMS.L,2016-09-29,0.3
AMS.L,2017-05-25,0.62
AMS.L,2017-09-28,0.35000002
AMS.L,2018-05-24,0.75
AMS.L,2018-09-27,0.42
AMS.L,2019-05-23,0.9
AMS.L,2019-09-26,0.5
AMS.L,2020-05-28,1.05
AMS.L,2020-09-24,0.5
AMS.L,2021-05-27,1.2
AMS.L,2021-09-23,0.58
AMS.L,2022-05-26,1.37
AMS.L,2022-09-29,0.64
AMS.L,2023-05-18,1.51
AMS.L,2023-09-28,0.70000005
AMS.L,2024-05-30,1.66
AMS.L,2024-09-26,0.77
AMS.L,2025-06-19,1.83
AMS.L,2025-09-25,0.85
ANCR.L,2008-10-22,2.25
ANCR.L,2009-11-04,2.5
ANCR.L,2010-11-10,3.0
ANCR.L,2011-05-11,1.0
ANCR.L,2011-10-12,3.0
ANCR.L,2012-04-04,1.5
ANCR.L,2012-10-17,3.0
ANCR.L,2013-04-10,1.5
ANCR.L,2013-10-02,3.8
ANCR.L,2014-04-09,1.5
ANCR.L,2014-10-23,4.0
ANCR.L,2015-04-09,1.8
ANCR.L,2015-10-22,4.3
ANCR.L,2016-04-07,1.8
ANCR.L,2016-10-20,4.7
ANCR.L,2017-04-06,2.0
ANCR.L,2017-10-26,4.7
ANCR.L,2018-06-07,2.0
ANCR.L,2018-10-25,2.0
ANCR.L,2019-06-06,2.4
ANCR.L,2019-10-24,2.0
ANCR.L,2020-10-22,2.0
ANCR.L,2021-06-03,2.0
ANCR.L,2021-10-21,2.0
ANCR.L,2022-06-09,2.4
ANCR.L,2022-10-20,2.0
ANCR.L,2023-06-15,2.4
ANCR.L,2023-10-19,2.0
ANCR.L,2024-06-20,3.0
ANCR.L,2024-10-17,2.0
ANCR.L,2025-06-19,3.0
ANCR.L,2025-10-16,2.2
ANII.L,2003-06-04,0.3
ANII.L,2004-06-02,0.70000005
ANII.L,2005-06-15,0.70000005
ANII.L,2020-10-01,1.0
ANTO.L,1993-05-10,0.5556
ANTO.L,1993-11-01,0.23809999
ANTO.L,1994-04-25,0.5952
ANTO.L,1994-10-31,0.2877
ANTO.L,1995-04-24,0.7044
ANTO.L,1995-10-30,0.39679998
ANTO.L,1996-05-28,0.89290005
ANTO.L,1996-10-28,0.39679998
ANTO.L,1997-05-19,0.89290005
ANTO.L,1997-10-27,0.45
ANTO.L,1998-05-26,0.95
ANTO.L,1998-11-02,0.45
ANTO.L,1999-05-10,1.0
ANTO.L,1999-11-01,0.45
ANTO.L,2000-05-08,1.15
ANTO.L,2000-09-11,0.65000004
ANTO.L,2001-05-02,4.5
ANTO.L,2001-09-12,1.004
ANTO.L,2002-05-08,5.4613004
ANTO.L,2002-09-11,1.306
ANTO.L,2003-05-07,2.236
ANTO.L,2003-09-10,1.38
ANTO.L,2004-05-12,2.568
ANTO.L,2004-09-15,1.66
ANTO.L,2005-05-11,6.6200004
ANTO.L,2005-09-21,1.7379999
ANTO.L,2006-05-10,9.9886
ANTO.L,2006-09-20,2.73
ANTO.L,2007-05-09,21.71
ANTO.L,2007-09-19,3.067
ANTO.L,2008-05-07,22.129002
ANTO.L,2008-09-17,3.4710002
ANTO.L,2009-05-06,35.473
ANTO.L,2009-09-16,2.101
ANTO.L,2010-05-05,13.344
ANTO.L,2010-09-15,2.568
ANTO.L,2011-05-04,76.371
ANTO.L,2011-09-14,5.113
ANTO.L,2012-05-09,21.855999
ANTO.L,2012-09-12,5.2382
ANTO.L,2013-05-08,59.1016
ANTO.L,2013-09-18,5.5376
ANTO.L,2014-04-23,50.976902
ANTO.L,2014-09-17,7.1551003
ANTO.L,2015-04-23,6.3939
ANTO.L,2015-09-17,2.0349
ANTO.L,2016-09-08,2.3494
ANTO.L,2017-04-27,11.8015
ANTO.L,2017-09-07,7.7812
ANTO.L,2018-04-26,29.8205
ANTO.L,2018-09-06,5.2151
ANTO.L,2019-04-25,28.3438
ANTO.L,2019-09-05,8.6731
ANTO.L,2020-04-23,5.3114395
ANTO.L,2020-09-03,4.7784
ANTO.L,2021-04-22,34.8344
ANTO.L,2021-09-02,17.0466
ANTO.L,2022-04-21,94.809
ANTO.L,2022-09-01,7.9475
ANTO.L,2023-04-20,40.4162
ANTO.L,2023-08-31,9.3645
ANTO.L,2024-04-18,19.516499
ANTO.L,2024-09-05,6.0653
ANTO.L,2025-04-17,17.630001
ANTO.L,2025-09-04,12.263599
API.L,2004-05-12,1.63
API.L,2004-08-11,1.63
API.L,2004-11-10,1.63
API.L,2005-02-16,1.63
API.L,2005-05-18,1.63
API.L,2005-08-17,1.62
API.L,2005-11-16,1.62
API.L,2006-02-15,1.62
API.L,2006-05-17,1.63
API.L,2006-08-16,1.6899999
API.L,2006-11-15,1.6899999
API.L,2007-02-14,1.6899999
API.L,2007-05-16,1.6899999
API.L,2007-08-15,1.6899999
API.L,2007-11-14,1.6899999
API.L,2008-02-13,1.6899999
API.L,2008-05-14,1.6899999
API.L,2008-08-13,1.6899999
API.L,2008-11-19,1.6899999
API.L,2009-02-11,1.0
API.L,2009-05-13,1.0
API.L,2009-08-12,1.0
API.L,2009-11-11,1.0
API.L,2010-02-10,1.25
API.L,2010-05-12,1.1
API.L,2010-08-11,1.1
API.L,2010-11-10,1.1
API.L,2011-02-09,1.1
API.L,2011-05-11,1.1
API.L,2011-07-06,1.1
API.L,2011-11-16,1.0196999
API.L,2012-02-08,1.02
API.L,2012-05-09,1.133
API.L,2012-08-08,1.133
API.L,2012-11-14,1.133
API.L,2013-02-06,1.133
API.L,2013-05-08,1.133
API.L,2013-08-07,1.133
API.L,2013-11-13,1.133
API.L,2014-02-05,1.133
API.L,2014-05-07,1.161
API.L,2014-07-23,1.161
API.L,2014-11-13,1.161
API.L,2015-02-05,1.161
API.L,2015-05-07,1.161
API.L,2015-08-06,1.161
API.L,2015-11-12,1.161
API.L,2015-12-17,1.022
API.L,2016-03-17,0.139
API.L,2016-05-19,1.19
API.L,2016-08-18,1.19
API.L,2016-11-17,1.19
API.L,2017-03-16,1.19
API.L,2017-05-18,1.19
API.L,2017-08-17,1.19
API.L,2017-11-16,1.19
API.L,2018-03-15,1.19
API.L,2018-05-17,1.19
API.L,2018-08-16,1.19
API.L,2018-11-15,1.19
API.L,2019-03-21,1.19
API.L,2019-05-16,1.19
API.L,2019-08-15,1.19
API.L,2019-11-14,1.19
API.L,2020-03-12,1.19
API.L,2020-05-14,1.19
API.L,2020-08-13,0.714
API.L,2020-11-12,0.714
API.L,2021-02-11,0.714
API.L,2021-04-29,0.38099998
API.L,2021-05-13,0.89250004
API.L,2021-08-12,0.89250004
API.L,2021-11-11,0.89250004
API.L,2022-02-10,1.0
API.L,2022-05-12,1.0
API.L,2022-08-11,1.0
API.L,2022-11-10,1.0
API.L,2023-02-09,1.0
API.L,2023-05-18,1.0
API.L,2023-08-17,1.0
API.L,2023-11-16,1.0
API.L,2024-02-08,1.0
API.L,2024-05-16,1.0
API.L,2024-08-15,1.0
API.L,2024-11-14,1.0
API.L,2024-12-17,52.0
API.L,2024-12-19,3.0
API.L,2025-10-23,0.92129993
API.L,2025-11-06,3.0
APTD.L,1993-01-18,7.2608004
APTD.L,1993-07-19,3.1631
APTD.L,1994-01-17,7.2608004
APTD.L,1994-07-18,3.1631
APTD.L,1995-02-13,7.2608004
APTD.L,1995-07-17,3.3069
APTD.L,1996-03-04,7.4764
APTD.L,1996-07-15,3.4506998
APTD.L,1997-03-03,7.764
APTD.L,1997-07-28,3.4506998
APTD.L,1998-03-02,3.7382
APTD.L,1999-03-22,1.4693999
APTD.L,1999-09-06,0.73469996
APTD.L,2000-03-20,1.4693999
APTD.L,2001-04-11,1.4693999
APTD.L,2006-08-02,0.73469996
APTD.L,2007-04-11,1.4693999
APTD.L,2007-07-25,0.8816
APTD.L,2008-04-02,2.0571
APTD.L,2008-07-23,1.0286
APTD.L,2009-04-01,2.0571
APTD.L,2009-07-29,1.1755
APTD.L,2009-12-02,5.8775
APTD.L,2010-03-17,2.2041001
APTD.L,2010-07-28,1.3224
APTD.L,2011-04-13,3.0857
APTD.L,2011-07-27,1.6163001
APTD.L,2011-11-09,7.3469
APTD.L,2012-04-18,3.2327
APTD.L,2012-08-01,1.6163001
APTD.L,2013-04-24,10.8735
APTD.L,2013-07-31,1.6163001
APTD.L,2014-04-23,3.2327
APTD.L,2014-07-30,1.6163001
APTD.L,2015-05-14,2.5142999
APTD.L,2015-08-06,1.6
APTD.L,2016-04-28,3.2
APTD.L,2016-08-04,1.7143
APTD.L,2017-05-04,4.0
APTD.L,2017-08-03,2.2856998
APTD.L,2018-05-03,4.8571
APTD.L,2018-08-02,2.5142999
APTD.L,2019-05-16,5.0285997
APTD.L,2019-09-05,2.0571
APTD.L,2020-05-07,3.6
APTD.L,2020-08-06,1.8
APTD.L,2021-05-06,3.6
APTD.L,2021-08-05,1.8
APTD.L,2022-05-12,3.6
APTD.L,2022-08-04,1.8
APTD.L,2023-05-25,3.6
APTD.L,2023-08-03,1.8
APTD.L,2024-05-23,3.6
APTD.L,2024-08-01,1.8
APTD.L,2025-05-22,3.6
APTD.L,2025-08-14,1.8
ARBB.L,1993-03-29,9.3912
ARBB.L,1993-10-04,4.4484997
ARBB.L,1994-04-11,10.379701
ARBB.L,1994-09-26,4.9427
ARBB.L,1995-03-27,11.3683
ARBB.L,1995-10-10,5.4370003
ARBB.L,1996-03-25,19.770899
ARBB.L,1996-09-30,5.9313
ARBB.L,1997-03-24,13.8396
ARBB.L,1997-09-29,6.9198
ARBB.L,1998-03-30,15.8167
ARBB.L,1998-09-28,17.7938
ARBB.L,1999-03-22,17.7938
ARBB.L,1999-09-27,8.4026
ARBB.L,2000-03-20,18.2881
ARBB.L,2000-09-25,8.8969
ARBB.L,2001-03-28,18.7824
ARBB.L,2001-10-03,9.3912
ARBB.L,2002-04-17,19.2766
ARBB.L,2002-10-02,9.8855
ARBB.L,2003-04-16,19.770899
ARBB.L,2003-10-01,10.379701
ARBB.L,2004-04-28,20.265202
ARBB.L,2004-09-29,10.379701
ARBB.L,2005-04-27,21.0
ARBB.L,2005-09-28,10.5
ARBB.L,2006-04-26,21.5
ARBB.L,2006-09-27,10.5
ARBB.L,2007-04-25,22.0
ARBB.L,2007-09-26,10.5
ARBB.L,2008-03-26,22.5
ARBB.L,2008-09-03,10.5
ARBB.L,2009-04-15,10.5
ARBB.L,2009-09-02,10.5
ARBB.L,2010-04-14,11.5
ARBB.L,2010-09-01,11.0
ARBB.L,2011-04-13,12.0
ARBB.L,2011-08-31,11.0
ARBB.L,2012-04-18,11.7
ARBB.L,2012-09-05,11.0
ARBB.L,2013-04-17,14.0
ARBB.L,2013-09-04,11.0
ARBB.L,2013-10-23,18.0
ARBB.L,2014-04-16,15.000001
ARBB.L,2014-09-03,11.0
ARBB.L,2015-04-16,16.0
ARBB.L,2015-09-03,12.0
ARBB.L,2016-04-14,17.0
ARBB.L,2016-06-30,25.0
ARBB.L,2016-09-01,13.0
ARBB.L,2016-10-20,300.0
ARBB.L,2017-04-13,18.0
ARBB.L,2017-08-31,14.0
ARBB.L,2018-04-26,19.0
ARBB.L,2018-08-30,15.000001
ARBB.L,2019-04-25,20.0
ARBB.L,2019-07-25,16.0
ARBB.L,2021-02-25,21.0
ARBB.L,2021-08-26,16.0
ARBB.L,2022-04-21,22.0
ARBB.L,2022-08-25,17.0
ARBB.L,2023-04-20,25.0
ARBB.L,2023-08-24,19.0
ARBB.L,2024-04-18,27.000002
ARBB.L,2024-06-06,40.0
ARBB.L,2025-04-17,29.0
ARBB.L,2025-08-28,22.0
ARR.L,1998-05-05,2.4
ARR.L,1999-04-26,2.46
ARR.L,2000-05-02,2.51
ARR.L,2001-05-09,2.8999999
ARR.L,2002-05-08,2.6100001
ARR.L,2003-06-04,3.1
ARR.L,2004-06-02,2.85
ARR.L,2005-05-25,2.8999999
ARR.L,2006-06-21,2.95
ARR.L,2007-06-06,3.1
ARR.L,2008-06-11,3.15
ARR.L,2009-06-17,5.0
ARR.L,2010-06-23,3.4499998
ARR.L,2011-06-29,3.5
ARR.L,2011-06-30,3.5
ARR.L,2012-06-27,3.5500002
ARR.L,2013-06-26,3.7500002
ARR.L,2014-06-11,3.8
ARR.L,2015-06-18,3.85
ARR.L,2016-06-23,1.0
ARR.L,2017-03-09,2.0
ARR.L,2018-05-03,2.75
ARR.L,2019-05-02,4.0
ARR.L,2020-05-21,4.5
ARR.L,2021-06-10,0.55
ARR.L,2022-06-09,1.84
ARR.L,2023-06-08,2.97
ARR.L,2024-05-09,3.4499998
ARR.L,2024-10-31,3.0
ASAI.L,2024-12-12,2.3700001
ASAI.L,2025-05-29,3.067046
ASAI.L,2025-10-02,3.590688
ASBE.L,1988-09-05,5.8352003
ASBE.L,1989-08-14,15.5606
ASBE.L,1990-08-20,19.4507
ASBE.L,1991-08-12,19.4507
ASBE.L,1992-08-24,9.7254
ASBE.L,1993-08-16,9.7254
ASBE.L,1994-08-22,9.7254
ASBE.L,1995-08-29,11.670401
ASBE.L,1996-08-27,11.670401
ASHM.L,2007-03-28,2.3
ASHM.L,2007-11-07,6.7000003
ASHM.L,2008-03-26,3.66
ASHM.L,2008-11-05,8.34
ASHM.L,2009-03-25,3.66
ASHM.L,2009-11-04,8.34
ASHM.L,2010-03-10,3.66
ASHM.L,2010-11-03,9.34
ASHM.L,2011-03-09,4.16
ASHM.L,2011-11-02,10.34
ASHM.L,2012-03-07,4.25
ASHM.L,2012-11-07,10.75
ASHM.L,2013-03-13,4.35
ASHM.L,2013-11-06,11.75
ASHM.L,2014-03-05,4.4500003
ASHM.L,2014-11-06,12.0
ASHM.L,2015-03-05,4.5499997
ASHM.L,2015-11-05,12.1
ASHM.L,2016-03-03,4.5499997
ASHM.L,2016-11-03,12.1
ASHM.L,2017-03-09,4.5499997
ASHM.L,2017-11-02,12.1
ASHM.L,2018-03-08,4.5499997
ASHM.L,2018-11-01,12.1
ASHM.L,2019-03-07,4.5499997
ASHM.L,2019-10-31,12.1
ASHM.L,2020-03-05,4.8
ASHM.L,2020-11-05,12.1
ASHM.L,2021-03-04,4.8
ASHM.L,2021-11-04,12.1
ASHM.L,2022-03-03,4.8
ASHM.L,2022-11-03,12.1
ASHM.L,2023-03-02,4.8
ASHM.L,2023-11-02,12.1
ASHM.L,2024-02-29,4.8
ASHM.L,2024-11-07,12.1
ASHM.L,2025-02-27,4.8
ASHM.L,2025-11-06,12.1
ASL.L,1991-07-15,2.0
ASL.L,1992-01-27,2.5
ASL.L,1992-07-27,2.1
ASL.L,1993-02-01,2.5
ASL.L,1993-08-02,2.1
ASL.L,1994-01-31,2.5
ASL.L,1994-07-25,2.1
ASL.L,1995-01-30,2.5
ASL.L,1995-07-24,2.1
ASL.L,1996-01-29,3.0
ASL.L,1996-07-22,2.25
ASL.L,1997-01-27,3.85
ASL.L,1997-07-28,2.6499999
ASL.L,1998-01-26,4.4
ASL.L,1998-07-20,2.75
ASL.L,1999-01-25,4.5499997
ASL.L,1999-07-19,2.85
ASL.L,2000-01-31,4.75
ASL.L,2000-07-31,3.0
ASL.L,2001-02-07,5.65
ASL.L,2001-08-08,3.2
ASL.L,2002-01-30,5.9
ASL.L,2002-08-07,3.3
ASL.L,2003-02-05,6.2
ASL.L,2003-08-06,3.5
ASL.L,2004-02-04,6.6
ASL.L,2004-08-04,3.7500002
ASL.L,2005-02-02,7.25
ASL.L,2005-08-03,4.0
ASL.L,2006-02-08,7.8500004
ASL.L,2006-08-02,4.25
ASL.L,2007-02-07,9.15
ASL.L,2007-07-25,4.7
ASL.L,2008-01-30,10.5
ASL.L,2008-07-30,6.0
ASL.L,2009-02-04,13.0
ASL.L,2009-07-29,6.0
ASL.L,2010-02-03,13.0
ASL.L,2010-03-10,6.0
ASL.L,2011-02-02,13.0
ASL.L,2011-08-03,6.45
ASL.L,2012-02-01,14.300001
ASL.L,2012-08-01,7.0
ASL.L,2013-02-06,15.25
ASL.L,2013-07-31,7.35
ASL.L,2014-02-05,16.150002
ASL.L,2014-08-06,7.75
ASL.L,2015-02-12,17.0
ASL.L,2015-08-06,8.150001
ASL.L,2016-02-11,20.6
ASL.L,2016-08-04,8.6
ASL.L,2017-02-09,21.5
ASL.L,2017-08-03,9.049999
ASL.L,2018-02-08,26.449999
ASL.L,2018-08-09,9.5
ASL.L,2019-02-07,28.5
ASL.L,2019-08-08,10.0
ASL.L,2020-02-06,26.0
ASL.L,2020-08-06,10.400001
ASL.L,2021-02-11,22.9
ASL.L,2021-08-05,10.95
ASL.L,2022-02-10,24.25
ASL.L,2022-08-04,12.05
ASL.L,2023-02-09,35.25
ASL.L,2023-08-03,12.95
ASL.L,2024-02-08,37.55
ASL.L,2024-08-08,13.6
ASL.L,2025-02-06,36.0
ASL.L,2025-08-07,14.300001
ASLI.L,2018-09-13,0.6922
ASLI.L,2018-11-29,0.9888
ASLI.L,2019-03-07,1.2854999
ASLI.L,2019-06-20,1.2558
ASLI.L,2019-09-19,1.2621
ASLI.L,2019-11-28,1.2621
ASLI.L,2020-03-05,1.2621
ASLI.L,2020-06-04,1.2322999
ASLI.L,2020-09-03,1.2322999
ASLI.L,2020-12-03,1.2322999
ASLI.L,2021-03-04,1.2322999
ASLI.L,2021-06-03,1.2025
ASLI.L,2021-09-02,1.2025
ASLI.L,2021-12-02,1.21
ASLI.L,2022-03-03,1.21
ASLI.L,2022-06-01,1.19
ASLI.L,2022-09-01,1.2
ASLI.L,2022-12-01,1.2
ASLI.L,2023-03-02,1.2
ASLI.L,2023-06-01,1.23
ASLI.L,2023-08-31,1.22
ASLI.L,2023-11-30,1.23
ASLI.L,2024-06-06,1.21
ASLI.L,2024-09-05,0.77
ASLI.L,2024-12-05,0.87
ASLI.L,2025-02-27,0.81
ASLI.L,2025-03-05,4.0
ASLI.L,2025-05-29,0.89
ASLI.L,2025-07-29,12.0
ASLI.L,2025-08-28,0.86
ASLI.L,2025-09-15,13.0
ASLI.L,2025-11-27,0.88
ASLI.L,2025-12-15,10.0
ASY.L,1993-01-04,0.2773
ASY.L,1993-08-02,0.5942
ASY.L,1996-04-15,0.5942
ASY.L,1996-10-21,0.6933
ASY.L,1997-05-06,1.2875
ASY.L,1997-10-13,0.9904
ASY.L,1998-04-06,1.9807
ASY.L,1998-10-12,1.2
ASY.L,1999-03-29,2.4
ASY.L,1999-10-25,1.4399999
ASY.L,2004-05-12,3.0
ASY.L,2004-10-06,1.0
ASY.L,2005-05-11,14.0
ASY.L,2008-04-02,6.5
ASY.L,2008-04-30,27.1
ASY.L,2010-11-17,11.1
ASY.L,2011-11-16,6.6
ASY.L,2012-11-07,7.1000004
ASY.L,2013-06-26,8.900001
ASY.L,2013-11-06,8.900001
ASY.L,2014-05-28,11.900001
ASY.L,2014-11-06,11.900001
ASY.L,2015-05-28,11.900001
ASY.L,2015-10-08,11.900001
ASY.L,2016-05-26,11.900001
ASY.L,2016-10-06,11.900001
ASY.L,2017-05-25,11.900001
ASY.L,2017-10-05,11.900001
ASY.L,2018-05-31,11.900001
ASY.L,2018-10-11,11.900001
ASY.L,2019-05-30,11.900001
ASY.L,2019-10-10,11.900001
ASY.L,2020-05-28,10.5
ASY.L,2020-08-06,23.7
ASY.L,2020-10-08,11.900001
ASY.L,2021-05-27,11.5
ASY.L,2021-10-07,11.900001
ASY.L,2022-05-26,12.5
ASY.L,2022-10-06,28.5
ASY.L,2023-05-25,14.0
ASY.L,2023-10-05,71.3
ASY.L,2024-05-23,14.0
ASY.L,2024-10-03,11.900001
ASY.L,2025-05-22,14.0
ASY.L,2025-10-02,11.900001
AT.L,2023-05-25,1.0
AT.L,2024-05-02,1.1
AT.L,2025-05-01,1.2
ATR.L,1989-03-13,0.05
ATR.L,1990-03-12,0.0625
ATR.L,1991-03-11,0.0625
ATR.L,1992-03-09,0.17500001
ATR.L,1993-03-15,0.087500006
ATR.L,1994-03-14,0.17500001
ATR.L,1995-02-20,0.17999999
ATR.L,1996-03-25,0.17999999
ATR.L,1997-04-01,0.25
ATR.L,1998-03-23,0.45
ATR.L,1999-03-08,1.0
ATR.L,2000-03-13,0.25
ATR.L,2001-03-07,0.55
ATR.L,2002-03-13,0.5
ATR.L,2003-03-12,0.6
ATR.L,2004-03-10,1.0
ATR.L,2005-03-16,1.4000001
ATR.L,2006-03-01,1.85
ATR.L,2007-03-21,1.3000001
ATR.L,2008-03-26,2.0
ATR.L,2009-03-25,2.4
ATR.L,2010-03-10,1.9
ATR.L,2011-03-16,2.8999999
ATR.L,2012-03-14,3.25
ATR.L,2013-03-06,3.25
ATR.L,2014-03-19,3.25
ATR.L,2015-04-09,3.25
ATR.L,2016-04-07,3.8
ATR.L,2017-04-06,4.5
ATR.L,2018-04-05,4.8
ATR.L,2019-04-11,6.2
ATR.L,2020-04-09,6.5
ATR.L,2021-04-15,7.1000004
ATR.L,2022-04-28,8.5
ATR.L,2023-04-06,11.0
ATR.L,2024-04-11,11.5
ATR.L,2025-04-10,11.5
ATY.L,1996-04-09,1.0
ATY.L,1996-04-19,1.0
ATY.L,1997-04-21,1.0
ATY.L,1997-05-27,1.0
ATY.L,1998-04-20,1.1
ATY.L,1998-05-11,1.1
ATY.L,1999-04-19,1.15
ATY.L,2000-04-17,1.5
ATY.L,2001-04-18,1.6
ATY.L,2002-04-17,1.7
ATY.L,2003-04-16,1.7
ATY.L,2004-04-14,1.8
ATY.L,2005-04-13,2.0
ATY.L,2006-04-26,2.5
ATY.L,2007-04-25,3.25
ATY.L,2008-04-16,3.5
ATY.L,2009-04-08,4.7
ATY.L,2010-03-03,4.75
ATY.L,2011-04-06,4.9
ATY.L,2012-03-21,4.95
ATY.L,2013-03-19,5.0
ATY.L,2013-03-20,5.0
ATY.L,2014-03-19,5.5
ATY.L,2015-03-19,6.7000003
ATY.L,2016-03-17,7.9000006
ATY.L,2017-03-09,8.6
ATY.L,2018-03-01,8.900001
ATY.L,2019-03-20,9.099999
ATY.L,2019-03-21,9.099999
ATY.L,2020-03-19,9.3
ATY.L,2020-09-10,1.7
ATY.L,2021-03-11,7.7
ATY.L,2021-09-09,2.0
ATY.L,2022-03-10,7.5000005
ATY.L,2022-09-08,2.1
ATY.L,2023-03-09,7.5000005
ATY.L,2023-09-07,2.2
ATY.L,2024-03-07,7.6
ATY.L,2024-09-12,2.3
ATY.L,2025-04-10,7.6
ATY.L,2025-09-11,2.4
ATYM.L,2021-11-04,29.4
ATYM.L,2022-08-18,3.13
ATYM.L,2023-07-06,2.98
ATYM.L,2023-08-24,3.9
ATYM.L,2024-07-11,3.1
ATYM.L,2024-08-22,3.06
ATYM.L,2025-07-03,2.3
ATYM.L,2025-09-11,3.8
AUSC.L,1994-08-08,0.21
AUSC.L,1995-08-21,0.25
AUSC.L,1996-09-09,0.25
AUSC.L,1997-09-15,0.25
AUSC.L,1998-08-24,0.75
AUSC.L,1999-02-15,0.75
AUSC.L,1999-08-31,0.4
AUSC.L,2000-09-04,0.75
AUSC.L,2001-09-26,0.75
AUSC.L,2002-10-02,0.75
AUSC.L,2003-10-01,0.75
AUSC.L,2004-10-06,0.75
AUSC.L,2005-10-12,0.8
AUSC.L,2006-10-18,0.8
AUSC.L,2007-10-10,0.8
AUSC.L,2008-09-24,1.6
AUSC.L,2009-01-14,0.5
AUSC.L,2009-09-16,1.1
AUSC.L,2010-03-03,1.0
AUSC.L,2010-09-15,1.5
AUSC.L,2011-03-09,1.0
AUSC.L,2011-09-14,2.75
AUSC.L,2012-03-07,1.0
AUSC.L,2012-09-19,2.1
AUSC.L,2013-03-13,1.15
AUSC.L,2013-09-18,2.8999999
AUSC.L,2014-03-12,1.27
AUSC.L,2014-09-17,3.23
AUSC.L,2015-03-12,1.4000001
AUSC.L,2015-09-24,4.4
AUSC.L,2016-03-10,1.4000001
AUSC.L,2016-09-22,5.2000003
AUSC.L,2017-03-09,1.5
AUSC.L,2017-09-28,5.2000003
AUSC.L,2018-03-08,1.5
AUSC.L,2018-10-04,5.5
AUSC.L,2019-03-14,1.6
AUSC.L,2019-10-03,6.1
AUSC.L,2020-03-12,2.7
AUSC.L,2020-10-01,5.0
AUSC.L,2021-03-11,2.7
AUSC.L,2021-10-07,5.0
AUSC.L,2022-03-10,2.7
AUSC.L,2022-10-06,5.4
AUSC.L,2023-03-16,3.0
AUSC.L,2023-11-02,8.0
AUSC.L,2024-03-14,3.7
AUSC.L,2024-10-31,8.299999
AUSC.L,2025-03-20,3.7
AUSC.L,2025-10-30,9.5
AUTG.L,2017-03-16,0.4
AUTG.L,2017-07-13,0.4
AUTG.L,2018-01-18,0.8
AUTG.L,2018-07-12,0.4
AUTO.L,2016-01-07,0.5
AUTO.L,2016-09-01,1.0
AUTO.L,2017-01-05,1.7
AUTO.L,2017-08-31,3.5
AUTO.L,2018-01-04,1.9
AUTO.L,2018-08-30,4.0
AUTO.L,2019-01-03,2.1
AUTO.L,2019-08-29,4.6
AUTO.L,2020-01-02,2.4
AUTO.L,2021-08-26,5.0
AUTO.L,2022-01-06,2.7
AUTO.L,2022-08-25,5.5
AUTO.L,2023-01-05,2.8000002
AUTO.L,2023-08-24,5.6000004
AUTO.L,2024-01-04,3.2
AUTO.L,2024-08-29,6.4
AUTO.L,2025-01-02,3.5
AUTO.L,2025-08-28,7.1000004
AV.L,1993-03-01,14.761201
AV.L,1993-08-16,14.761201
AV.L,1994-02-28,9.5313
AV.L,1994-08-15,10.0199995
AV.L,1995-03-20,16.0968
AV.L,1995-08-21,10.5731
AV.L,1996-03-04,17.3419
AV.L,1996-08-19,11.314199
AV.L,1997-03-10,18.626501
AV.L,1997-08-18,12.1047
AV.L,1998-03-09,20.009901
AV.L,1998-08-24,13.092899
AV.L,1999-03-08,21.640299
AV.L,1999-08-23,14.080999
AV.L,2000-03-06,23.468401
AV.L,2000-09-25,14.080999
AV.L,2001-03-28,23.468401
AV.L,2001-09-26,14.080999
AV.L,2002-03-27,23.468401
AV.L,2002-09-25,8.6462
AV.L,2003-03-26,14.080999
AV.L,2003-09-24,8.8933
AV.L,2004-03-24,14.9704
AV.L,2004-08-11,9.249001
AV.L,2005-03-16,15.810301
AV.L,2005-08-17,9.7134
AV.L,2006-03-08,17.2332
AV.L,2006-08-16,10.6917
AV.L,2007-03-07,18.9526
AV.L,2007-09-19,11.7589
AV.L,2008-03-26,20.8498
AV.L,2008-09-24,12.934799
AV.L,2009-03-25,19.6739
AV.L,2009-09-23,8.8933
AV.L,2010-03-24,14.8221
AV.L,2010-09-22,9.3874
AV.L,2011-03-23,15.810301
AV.L,2011-09-21,9.8814
AV.L,2012-03-21,15.810301
AV.L,2012-09-19,9.8814
AV.L,2013-03-20,8.8933
AV.L,2013-10-09,5.5336
AV.L,2014-04-02,9.2885
AV.L,2014-10-09,5.7806
AV.L,2015-04-09,12.1047
AV.L,2015-10-08,6.6699996
AV.L,2016-04-07,13.8834
AV.L,2016-10-06,7.3320003
AV.L,2017-04-06,15.691701
AV.L,2017-10-05,8.3004
AV.L,2018-04-05,18.7747
AV.L,2018-08-16,9.1403
AV.L,2019-04-11,20.504
AV.L,2019-08-15,9.3874
AV.L,2020-08-13,5.9289002
AV.L,2020-12-10,6.917
AV.L,2021-04-08,13.834
AV.L,2021-08-26,7.2627997
AV.L,2022-04-07,14.5257
AV.L,2022-05-16,102.909996
AV.L,2022-08-18,10.3
AV.L,2023-03-30,20.7
AV.L,2023-08-24,11.1
AV.L,2024-04-11,22.300001
AV.L,2024-09-05,11.900001
AV.L,2025-04-10,23.800001
AV.L,2025-08-28,13.099999
AVAP.L,2010-12-08,0.6
AVAP.L,2011-12-21,1.0
AVAP.L,2013-01-23,1.05
AVAP.L,2013-11-13,1.17
AVAP.L,2014-12-04,1.2825
AVAP.L,2015-09-17,1.9653
AVAP.L,2016-09-29,2.5395
AVAP.L,2017-07-20,4.5995
AVAP.L,2018-10-04,5.4986997
AVAP.L,2018-12-13,1.49612
AVAP.L,2019-10-03,6.35851
AVAP.L,2019-12-19,1.570926
AVAP.L,2024-11-28,0.5
AVAP.L,2025-10-16,0.7497
AVG.L,1993-03-01,2.487
AVG.L,1993-10-04,3.4818
AVG.L,1994-03-14,2.487
AVG.L,1994-09-26,4.4767
AVG.L,1995-03-06,3.4818
AVG.L,1995-10-09,6.4663
AVG.L,1996-03-04,3.9793
AVG.L,1996-09-23,6.9637003
AVG.L,1997-03-10,3.9793
AVG.L,1997-09-29,6.9637003
AVG.L,1998-03-09,3.9793
AVG.L,1998-09-28,6.9637003
AVG.L,1999-03-08,3.9793
AVG.L,1999-09-27,3.9793
AVG.L,2000-03-06,1.9896001
AVG.L,2000-10-23,0.99480003
AVG.L,2005-09-28,0.5
AVG.L,2006-04-05,0.5
AVG.L,2006-09-13,0.5
AVG.L,2007-04-11,0.5
AVG.L,2007-10-17,0.75
AVG.L,2008-04-16,0.5
AVG.L,2008-10-08,0.75
AVG.L,2011-10-19,0.4
AVG.L,2012-10-17,1.0
AVG.L,2013-04-24,0.70000005
AVG.L,2013-10-30,1.5
AVG.L,2014-06-04,0.9
AVG.L,2014-11-06,1.8
AVG.L,2015-05-28,1.0
AVG.L,2015-11-05,2.0
AVG.L,2016-05-26,1.1
AVG.L,2016-10-27,2.1
AVG.L,2017-05-25,1.2
AVG.L,2017-10-26,2.2
AVG.L,2018-05-24,1.3000001
AVG.L,2018-10-25,2.3
AVG.L,2019-05-23,1.4000001
AVG.L,2019-10-24,2.4
AVG.L,2021-10-28,4.0
AVG.L,2022-05-12,1.6
AVG.L,2022-10-27,2.6000001
AVG.L,2023-05-11,1.7
AVG.L,2023-10-26,2.8000002
AVG.L,2024-05-23,1.8
AVG.L,2024-11-07,2.8999999
AVG.L,2025-05-29,1.9
AVG.L,2025-11-06,3.0
AVON.L,1992-12-14,11.3221
AVON.L,1993-05-24,4.9226003
AVON.L,1993-12-13,11.5
AVON.L,1994-06-06,5.0
AVON.L,1994-12-19,11.5
AVON.L,1995-06-05,5.35
AVON.L,1995-12-18,12.349999
AVON.L,1996-06-03,5.75
AVON.L,1996-12-23,13.75
AVON.L,1997-06-02,6.15
AVON.L,1997-12-15,15.000001
AVON.L,1998-05-18,6.6
AVON.L,1998-12-21,16.2
AVON.L,1999-05-24,7.0
AVON.L,1999-12-29,17.2
AVON.L,2000-06-05,7.0
AVON.L,2000-12-27,17.2
AVON.L,2001-06-06,3.5
AVON.L,2002-01-16,3.5
AVON.L,2002-06-05,3.5
AVON.L,2003-01-08,4.0
AVON.L,2003-06-04,3.5
AVON.L,2004-01-14,4.5
AVON.L,2004-06-09,3.7
AVON.L,2005-01-12,4.8
AVON.L,2005-06-08,3.7
AVON.L,2006-01-11,4.8
AVON.L,2006-06-07,3.7
AVON.L,2007-01-10,4.8
AVON.L,2007-06-06,3.7
AVON.L,2008-01-09,4.8
AVON.L,2011-03-09,1.6666999
AVON.L,2011-08-10,1.1111
AVON.L,2012-02-08,2.2222
AVON.L,2012-08-08,1.2
AVON.L,2013-02-13,2.6667001
AVON.L,2013-08-07,1.6
AVON.L,2014-02-19,3.2
AVON.L,2014-08-06,1.87
AVON.L,2015-02-19,3.74
AVON.L,2015-08-06,2.43
AVON.L,2016-02-18,4.86
AVON.L,2016-08-05,3.1599998
AVON.L,2017-02-16,6.3199997
AVON.L,2017-08-10,4.11
AVON.L,2018-02-15,8.21
AVON.L,2018-08-09,5.3399997
AVON.L,2019-02-14,10.679999
AVON.L,2019-08-08,6.9399996
AVON.L,2020-02-13,13.889999
AVON.L,2020-08-06,9.0199995
AVON.L,2021-02-11,18.06
AVON.L,2021-08-05,10.3428
AVON.L,2022-02-10,22.5132
AVON.L,2022-08-04,11.887899
AVON.L,2023-02-09,25.228802
AVON.L,2023-08-10,11.25
AVON.L,2024-02-08,12.13
AVON.L,2024-08-08,5.63
AVON.L,2025-02-06,13.009999
AVON.L,2025-08-07,5.6000004
AXS.L,2008-07-23,4.9365
AZN.L,1993-09-20,10.5
AZN.L,1994-03-14,17.0
AZN.L,1994-09-12,10.75
AZN.L,1995-03-13,17.75
AZN.L,1995-09-18,11.25
AZN.L,1996-03-18,19.75
AZN.L,1996-09-16,12.5
AZN.L,1997-03-17,22.5
AZN.L,1997-09-15,13.500001
AZN.L,1998-03-16,25.0
AZN.L,1998-09-14,14.0
AZN.L,1999-03-29,28.0
AZN.L,1999-09-06,14.200001
AZN.L,2000-03-06,29.1
AZN.L,2000-09-04,15.29
AZN.L,2001-02-21,31.46
AZN.L,2001-08-22,16.1
AZN.L,2002-02-20,33.199997
AZN.L,2002-08-21,14.7
AZN.L,2003-02-19,28.5
AZN.L,2003-08-20,15.449999
AZN.L,2004-02-18,29.4
AZN.L,2004-08-11,16.0
AZN.L,2005-02-09,34.3
AZN.L,2005-08-10,21.9
AZN.L,2006-02-08,51.8
AZN.L,2006-08-09,26.6
AZN.L,2007-02-07,63.0
AZN.L,2007-08-08,25.3
AZN.L,2008-02-06,67.7
AZN.L,2008-08-06,27.8
AZN.L,2009-02-04,104.799995
AZN.L,2009-08-05,36.0
AZN.L,2010-02-03,105.4
AZN.L,2010-08-04,44.9
AZN.L,2011-02-02,116.700005
AZN.L,2011-08-03,51.899998
AZN.L,2012-02-15,123.59999
AZN.L,2012-08-08,58.1
AZN.L,2013-02-13,120.50001
AZN.L,2013-08-14,59.2
AZN.L,2014-02-19,116.799995
AZN.L,2014-08-13,53.100002
AZN.L,2015-02-19,125.0
AZN.L,2015-08-13,57.5
AZN.L,2016-02-18,131.0
AZN.L,2016-08-11,68.7
AZN.L,2017-02-16,150.2
AZN.L,2017-08-10,68.9
AZN.L,2018-02-15,133.59999
AZN.L,2018-08-09,68.4
AZN.L,2019-02-28,146.8
AZN.L,2019-08-08,71.9
AZN.L,2020-02-27,146.4
AZN.L,2020-08-13,69.6
AZN.L,2021-02-25,137.4
AZN.L,2021-08-12,64.8
AZN.L,2022-02-24,145.29999
AZN.L,2022-08-11,76.4
AZN.L,2023-02-23,162.8
AZN.L,2023-08-10,71.8
AZN.L,2024-02-22,156.0
AZN.L,2024-08-08,77.600006
AZN.L,2025-02-20,168.0
AZN.L,2025-08-07,76.700005
B90.L,2018-07-05,0.25
BA.L,1993-03-01,0.9929
BA.L,1993-09-20,0.8192
BA.L,1994-02-28,1.2412001
BA.L,1994-10-03,0.9929
BA.L,1995-03-13,1.5
BA.L,1995-09-25,1.25
BA.L,1996-03-11,1.8750001
BA.L,1996-09-23,1.5625
BA.L,1997-03-10,2.345
BA.L,1997-09-22,1.9549999
BA.L,1998-03-09,2.9275
BA.L,1998-09-28,2.35
BA.L,1999-03-08,4.1499996
BA.L,1999-09-27,3.0
BA.L,2000-03-13,5.0
BA.L,2000-10-02,3.3
BA.L,2001-04-18,5.2000003
BA.L,2001-10-17,3.5
BA.L,2002-04-17,5.5
BA.L,2002-10-16,3.7
BA.L,2003-04-16,5.5
BA.L,2003-10-15,3.7
BA.L,2004-04-21,5.5
BA.L,2004-10-20,3.7
BA.L,2005-04-20,5.7999997
BA.L,2005-10-19,4.0
BA.L,2006-04-19,6.3
BA.L,2006-10-18,4.4
BA.L,2007-04-18,6.8999996
BA.L,2007-10-17,5.0
BA.L,2008-04-16,7.8
BA.L,2008-10-15,5.7999997
BA.L,2009-04-22,8.7
BA.L,2009-10-21,6.4
BA.L,2010-04-21,9.6
BA.L,2010-10-20,7.0
BA.L,2011-04-20,10.5
BA.L,2011-10-19,7.5000005
BA.L,2012-04-18,11.3
BA.L,2012-10-17,7.8
BA.L,2013-04-17,11.7
BA.L,2013-10-23,8.0
BA.L,2014-04-16,12.1
BA.L,2014-10-23,8.2
BA.L,2015-04-16,12.3
BA.L,2015-10-22,8.4
BA.L,2016-04-21,12.5
BA.L,2016-10-20,8.6
BA.L,2017-04-20,12.700001
BA.L,2017-10-19,8.8
BA.L,2018-04-19,13.0
BA.L,2018-10-18,9.0
BA.L,2019-04-18,13.2
BA.L,2019-10-17,9.4
BA.L,2020-08-06,13.799999
BA.L,2020-10-22,9.4
BA.L,2021-04-22,14.300001
BA.L,2021-10-21,9.9
BA.L,2022-04-21,15.2
BA.L,2022-10-20,10.400001
BA.L,2023-04-20,16.599998
BA.L,2023-10-19,11.5
BA.L,2024-04-18,18.5
BA.L,2024-10-24,12.4
BA.L,2025-04-17,20.6
BA.L,2025-10-23,13.500001
BAB.L,1992-11-02,4.7516
BAB.L,1993-06-07,5.2267
BAB.L,1995-07-03,2.1160998
BAB.L,1995-12-11,1.3226
BAB.L,1996-07-08,1.8516
BAB.L,1996-12-23,0.6666
BAB.L,1997-07-07,0.9311
BAB.L,1998-01-05,0.73
BAB.L,1998-07-06,1.1744
BAB.L,1999-01-04,0.8464
BAB.L,1999-07-05,1.4813
BAB.L,1999-12-29,0.95220006
BAB.L,2000-07-10,1.7457999
BAB.L,2000-12-18,0.9699
BAB.L,2001-07-11,1.3666
BAB.L,2001-12-19,0.9699
BAB.L,2002-07-10,1.543
BAB.L,2002-12-18,1.0139999
BAB.L,2003-07-09,1.6310999
BAB.L,2003-12-17,1.1021
BAB.L,2004-07-07,1.8516
BAB.L,2004-12-15,1.1903
BAB.L,2005-07-06,2.3365
BAB.L,2005-12-14,1.543
BAB.L,2006-07-05,3.7471998
BAB.L,2006-12-13,2.1160998
BAB.L,2007-07-04,4.9816003
BAB.L,2007-12-12,2.9096
BAB.L,2008-07-09,7.23
BAB.L,2008-12-17,3.5268002
BAB.L,2009-07-08,9.1697
BAB.L,2009-12-16,4.2321997
BAB.L,2010-06-16,11.2858
BAB.L,2010-12-15,4.5849
BAB.L,2011-07-06,12.5202
BAB.L,2011-12-14,5.0257
BAB.L,2012-07-04,14.988901
BAB.L,2012-12-12,5.5547
BAB.L,2013-07-03,17.634
BAB.L,2013-12-11,6.0837
BAB.L,2014-07-02,16.4
BAB.L,2014-12-11,5.5
BAB.L,2015-07-02,18.099998
BAB.L,2015-12-10,6.05
BAB.L,2016-06-30,19.75
BAB.L,2016-12-08,6.5
BAB.L,2017-06-29,21.65
BAB.L,2017-12-07,6.85
BAB.L,2018-06-28,22.65
BAB.L,2018-12-06,7.1000004
BAB.L,2019-07-04,22.9
BAB.L,2019-12-05,7.2
BAB.L,2023-11-23,1.7
BAB.L,2024-08-22,3.3
BAB.L,2024-12-05,2.0
BAB.L,2025-08-21,4.5
BAB.L,2025-12-04,2.5
BAF.L,1996-05-20,1.5
BAF.L,1996-11-04,1.0
BAF.L,1997-05-19,2.0
BAF.L,1997-11-03,1.25
BAF.L,1998-05-26,2.25
BAF.L,1998-10-26,1.38
BAF.L,1999-05-17,2.5
BAF.L,1999-10-25,1.53
BAF.L,2000-01-10,10.0
BAF.L,2000-04-17,2.75
BAF.L,2000-10-16,1.68
BAF.L,2001-01-15,5.0
BAF.L,2001-05-09,3.0
BAF.L,2001-10-10,1.85
BAF.L,2002-01-02,2.5
BAF.L,2002-05-15,3.0
BAF.L,2002-10-09,1.9
BAF.L,2003-05-28,3.0
BAF.L,2003-10-15,2.0
BAF.L,2004-05-26,3.0
BAF.L,2004-05-28,3.0
BAF.L,2004-10-13,2.1
BAF.L,2005-05-25,3.1
BAF.L,2005-10-19,3.3
BAF.L,2006-05-24,3.25
BAF.L,2006-10-16,3.5
BAF.L,2006-10-18,3.5
BAF.L,2007-05-30,3.5
BAF.L,2007-10-17,2.7
BAF.L,2008-05-28,3.7
BAF.L,2008-10-15,2.7
BAF.L,2009-05-27,3.9
BAF.L,2009-10-14,2.7
BAF.L,2010-05-26,4.2
BAF.L,2010-10-13,2.7
BAF.L,2011-05-25,4.5
BAF.L,2011-10-12,2.7
BAF.L,2012-05-30,4.7
BAF.L,2012-06-29,4.7
BAF.L,2012-10-10,2.7
BAF.L,2013-05-29,4.9
BAF.L,2013-10-09,2.7
BAF.L,2014-05-14,5.1
BAF.L,2014-10-09,2.7
BAF.L,2015-05-14,5.2999997
BAF.L,2015-10-15,2.7
BAF.L,2016-05-19,5.5
BAF.L,2016-10-13,2.7
BAF.L,2017-05-25,5.7
BAF.L,2017-11-09,2.7
BAF.L,2018-05-24,5.9
BAF.L,2018-11-08,2.7
BAF.L,2019-05-23,6.0
BAF.L,2019-11-21,2.7
BAF.L,2020-11-19,2.7
BAF.L,2021-06-10,2.7
BAF.L,2021-11-11,0.8
BAF.L,2022-12-08,1.75
BAF.L,2023-12-07,1.75
BAF.L,2024-11-14,1.75
BAG.L,1993-01-18,0.7917
BAG.L,1993-07-19,0.2917
BAG.L,1994-01-17,0.7917
BAG.L,1994-07-18,0.3333
BAG.L,1995-01-16,0.96669996
BAG.L,1995-07-17,0.3333
BAG.L,1996-01-15,1.0332999
BAG.L,1996-07-15,0.3333
BAG.L,1997-03-03,1.1083001
BAG.L,1997-07-14,0.6667
BAG.L,1998-01-19,1.1667
BAG.L,1998-05-11,1.6666999
BAG.L,1998-10-05,1.1667
BAG.L,1999-05-04,1.8750001
BAG.L,1999-10-04,1.225
BAG.L,2000-05-02,2.0417
BAG.L,2000-10-02,1.225
BAG.L,2001-05-02,2.375
BAG.L,2001-10-03,1.225
BAG.L,2002-05-01,2.375
BAG.L,2002-10-02,1.225
BAG.L,2003-04-30,2.625
BAG.L,2003-10-01,1.4167
BAG.L,2004-05-05,2.8333
BAG.L,2004-10-06,1.5417
BAG.L,2005-05-04,3.25
BAG.L,2005-10-05,1.625
BAG.L,2006-05-03,3.6667001
BAG.L,2006-10-04,1.7083
BAG.L,2007-05-02,4.125
BAG.L,2007-10-03,1.8332999
BAG.L,2008-05-07,4.6667
BAG.L,2008-10-01,1.9332999
BAG.L,2009-05-06,5.0667
BAG.L,2009-10-07,2.0833
BAG.L,2010-05-05,5.6166997
BAG.L,2010-10-06,2.25
BAG.L,2011-05-04,6.22
BAG.L,2011-10-05,2.4333
BAG.L,2012-05-02,6.8833003
BAG.L,2012-10-03,2.616
BAG.L,2013-01-02,7.4
BAG.L,2013-10-02,2.825
BAG.L,2014-05-07,8.190001
BAG.L,2014-10-01,3.11
BAG.L,2015-05-07,9.01
BAG.L,2015-10-01,3.36
BAG.L,2016-05-12,9.969999
BAG.L,2016-10-06,3.5300002
BAG.L,2017-05-11,10.87
BAG.L,2017-10-05,3.7099998
BAG.L,2018-05-10,11.84
BAG.L,2018-10-04,3.9
BAG.L,2019-05-09,12.74
BAG.L,2019-10-03,4.0
BAG.L,2021-10-07,12.0
BAG.L,2022-05-12,10.0
BAG.L,2022-10-06,2.5
BAG.L,2023-05-11,10.599999
BAG.L,2023-10-05,2.6499999
BAG.L,2024-05-09,12.4
BAG.L,2024-10-03,3.1
BAG.L,2025-05-08,13.76
BAG.L,2025-10-09,3.44
BAKK.L,2018-09-13,2.0
BAKK.L,2019-05-02,4.0
BAKK.L,2019-09-19,2.0
BAKK.L,2021-04-29,4.0
BAKK.L,2021-09-16,2.6399999
BAKK.L,2022-04-28,3.96
BAKK.L,2022-09-15,2.77
BAKK.L,2023-04-27,4.16
BAKK.L,2023-09-14,2.91
BAKK.L,2024-04-25,4.37
BAKK.L,2024-09-12,3.2
BAKK.L,2025-04-24,4.8
BARC.L,1993-03-15,1.3856
BARC.L,1993-08-16,1.5011001
BARC.L,1994-03-14,1.9976
BARC.L,1994-08-15,1.8475
BARC.L,1995-03-13,3.0022001
BARC.L,1995-08-14,2.1939
BARC.L,1996-03-04,3.8104002
BARC.L,1996-08-12,2.6558
BARC.L,1997-02-24,4.6187
BARC.L,1997-08-18,3.1176
BARC.L,1998-02-23,5.427
BARC.L,1998-08-17,3.5795
BARC.L,1999-02-22,6.3507
BARC.L,1999-08-16,4.0414
BARC.L,2000-02-21,7.5053997
BARC.L,2000-08-14,4.6187
BARC.L,2001-02-21,8.7756
BARC.L,2001-08-15,5.3115
BARC.L,2002-02-27,10.0457
BARC.L,2002-08-14,5.8658
BARC.L,2003-02-26,11.0849
BARC.L,2003-08-13,6.5123997
BARC.L,2004-02-25,12.424399
BARC.L,2004-08-18,7.6209
BARC.L,2005-02-23,14.549001
BARC.L,2005-08-17,8.4985
BARC.L,2006-03-01,16.0732
BARC.L,2006-08-16,9.6993
BARC.L,2007-03-07,18.9368
BARC.L,2007-08-15,10.623099
BARC.L,2008-03-05,20.7843
BARC.L,2008-08-20,10.623099
BARC.L,2009-11-18,0.9237
BARC.L,2010-02-24,1.3856
BARC.L,2010-05-12,0.9237
BARC.L,2010-08-11,0.9237
BARC.L,2010-11-17,0.9237
BARC.L,2011-02-23,2.3094
BARC.L,2011-05-04,0.9237
BARC.L,2011-08-10,0.9237
BARC.L,2011-11-09,0.9237
BARC.L,2012-02-22,2.7712
BARC.L,2012-05-02,0.9237
BARC.L,2012-08-08,0.9237
BARC.L,2012-11-07,0.9237
BARC.L,2013-02-20,3.2331002
BARC.L,2013-05-01,0.9237
BARC.L,2013-08-07,0.9237
BARC.L,2013-11-06,1.0
BARC.L,2014-02-19,3.5
BARC.L,2014-05-14,1.0
BARC.L,2014-08-06,1.0
BARC.L,2014-11-06,1.0
BARC.L,2015-03-10,3.5
BARC.L,2015-05-07,1.0
BARC.L,2015-08-06,1.0
BARC.L,2015-11-05,1.0
BARC.L,2016-03-10,3.5
BARC.L,2016-08-11,1.0
BARC.L,2017-03-02,2.0
BARC.L,2017-08-10,1.0
BARC.L,2018-03-01,2.0
BARC.L,2018-08-09,2.5
BARC.L,2019-02-28,4.0
BARC.L,2019-08-08,3.0
BARC.L,2021-02-25,1.0
BARC.L,2021-08-12,2.0
BARC.L,2022-03-03,4.0
BARC.L,2022-08-11,2.25
BARC.L,2023-02-23,5.0
BARC.L,2023-08-10,2.7
BARC.L,2024-02-29,5.2999997
BARC.L,2024-08-15,2.8999999
BARC.L,2025-02-27,5.5
BARC.L,2025-08-07,3.0
BASC.L,1998-03-23,0.0001
BASC.L,1998-09-14,0.0001
BATS.L,1995-03-20,1340.0
BATS.L,1995-08-07,925.0
BATS.L,1996-03-18,1475.0
BATS.L,1996-08-12,1000.0
BATS.L,1997-03-17,1600.0
BATS.L,1997-08-11,1000.0
BATS.L,1998-03-23,1600.0
BATS.L,1998-11-02,8.0
BATS.L,1999-03-29,20.0
BATS.L,1999-08-09,4.3
BATS.L,2000-03-13,17.9
BATS.L,2000-08-07,9.0
BATS.L,2001-03-07,20.0
BATS.L,2001-08-08,9.700001
BATS.L,2002-03-06,22.300001
BATS.L,2002-08-07,10.7
BATS.L,2003-03-05,24.5
BATS.L,2003-08-06,11.8
BATS.L,2004-03-03,27.000002
BATS.L,2004-08-04,12.700001
BATS.L,2005-03-09,29.199999
BATS.L,2005-08-03,14.0
BATS.L,2006-03-08,33.0
BATS.L,2006-08-02,15.700001
BATS.L,2007-03-07,40.2
BATS.L,2007-08-01,18.6
BATS.L,2008-03-05,47.600002
BATS.L,2008-08-06,22.1
BATS.L,2009-03-11,61.6
BATS.L,2009-08-19,27.900002
BATS.L,2010-03-10,71.6
BATS.L,2010-08-18,33.199997
BATS.L,2011-03-09,81.0
BATS.L,2011-08-17,38.100002
BATS.L,2012-03-07,88.4
BATS.L,2012-08-15,42.2
BATS.L,2013-03-13,92.7
BATS.L,2013-08-21,45.0
BATS.L,2014-03-12,97.399994
BATS.L,2014-08-20,47.5
BATS.L,2015-03-19,100.600006
BATS.L,2015-08-20,49.399998
BATS.L,2016-03-17,104.6
BATS.L,2016-08-18,51.300003
BATS.L,2017-03-16,118.1
BATS.L,2017-08-17,56.5
BATS.L,2017-12-28,43.6
BATS.L,2018-03-22,48.8
BATS.L,2018-06-28,48.8
BATS.L,2018-10-04,48.8
BATS.L,2018-12-27,48.8
BATS.L,2019-03-21,50.75
BATS.L,2019-06-27,50.75
BATS.L,2019-10-03,50.75
BATS.L,2019-12-24,50.75
BATS.L,2020-03-26,52.600002
BATS.L,2020-07-09,52.600002
BATS.L,2020-10-01,52.600002
BATS.L,2020-12-17,52.600002
BATS.L,2021-03-25,53.899998
BATS.L,2021-07-08,53.899998
BATS.L,2021-09-30,53.899998
BATS.L,2021-12-23,53.899998
BATS.L,2022-03-24,54.45
BATS.L,2022-07-07,54.45
BATS.L,2022-09-29,54.45
BATS.L,2022-12-22,54.45
BATS.L,2023-03-23,57.72
BATS.L,2023-07-13,57.72
BATS.L,2023-09-28,57.72
BATS.L,2023-12-21,57.72
BATS.L,2024-03-21,58.88
BATS.L,2024-06-27,58.88
BATS.L,2024-09-26,58.88
BATS.L,2024-12-19,58.88
BATS.L,2025-03-27,60.06
BATS.L,2025-06-26,60.06
BATS.L,2025-10-02,60.06
BBB.L,2021-10-01,45.0
BBH.L,2017-08-03,1.75
BBH.L,2018-02-22,1.75
BBH.L,2018-07-26,2.0
BBH.L,2019-02-28,2.0
BBH.L,2019-07-25,2.4250002
BBH.L,2020-03-05,2.4250002
BBH.L,2020-07-30,2.5
BBH.L,2021-03-25,2.5
BBH.L,2021-07-29,3.015
BBH.L,2022-03-17,3.015
BBH.L,2022-07-21,3.235
BBH.L,2023-03-16,3.235
BBH.L,2023-07-27,2.9950001
BBH.L,2024-05-09,2.9950001
BBH.L,2024-08-01,2.52
BBH.L,2025-05-01,2.52
BBH.L,2025-08-14,2.7
BBOX.L,2014-07-16,1.8355001
BBOX.L,2014-11-27,1.4882001
BBOX.L,2015-03-05,0.79370004
BBOX.L,2015-03-19,0.99210006
BBOX.L,2015-06-18,1.4882001
BBOX.L,2015-09-03,0.49609998
BBOX.L,2016-02-11,2.9764001
BBOX.L,2016-08-18,3.0756001
BBOX.L,2016-10-13,1.5378001
BBOX.L,2017-03-16,1.5378001
BBOX.L,2017-05-04,1.5874001
BBOX.L,2017-07-20,1.5874001
BBOX.L,2017-10-19,1.5874001
BBOX.L,2018-03-15,1.5874001
BBOX.L,2018-05-24,1.6618
BBOX.L,2018-07-19,1.6618
BBOX.L,2018-10-18,1.6618
BBOX.L,2019-03-14,1.6750001
BBOX.L,2019-05-23,1.7125
BBOX.L,2019-07-25,1.7125
BBOX.L,2019-10-17,1.7125
BBOX.L,2020-03-05,1.7125
BBOX.L,2020-04-23,1.5625
BBOX.L,2020-08-13,1.5625
BBOX.L,2020-10-22,1.5625
BBOX.L,2021-03-18,1.7125
BBOX.L,2021-05-13,1.6
BBOX.L,2021-08-05,1.6
BBOX.L,2021-10-28,1.6
BBOX.L,2022-03-10,1.9
BBOX.L,2022-05-12,1.6750001
BBOX.L,2022-08-04,1.6750001
BBOX.L,2022-10-20,1.6750001
BBOX.L,2023-03-09,1.9750001
BBOX.L,2023-05-11,1.75
BBOX.L,2023-08-10,1.75
BBOX.L,2023-11-02,1.75
BBOX.L,2024-03-14,2.05
BBOX.L,2024-05-23,1.8249999
BBOX.L,2024-08-22,1.8249999
BBOX.L,2024-10-31,1.8249999
BBOX.L,2025-03-13,2.185
BBOX.L,2025-05-22,1.915
BBOX.L,2025-08-14,1.915
BBOX.L,2025-11-06,1.915
BBSN.L,2025-05-29,0.4
BBY.L,1993-04-19,11.3538
BBY.L,1993-10-18,5.1413
BBY.L,1994-04-25,11.3538
BBY.L,1994-10-10,5.1413
BBY.L,1995-04-18,7.3693
BBY.L,1995-10-16,3.4276001
BBY.L,1996-04-22,7.2836
BBY.L,1996-10-21,3.4835
BBY.L,1997-05-06,7.4024997
BBY.L,1997-10-20,3.4835
BBY.L,1998-05-05,3.4835
BBY.L,1998-10-19,3.4835
BBY.L,1999-05-04,1.7418001
BBY.L,1999-11-01,1.7418001
BBY.L,2000-05-02,1.7418001
BBY.L,2000-10-30,1.7418001
BBY.L,2001-05-02,2.1771998
BBY.L,2001-10-31,1.9159
BBY.L,2002-05-01,2.4385
BBY.L,2002-10-30,2.0465999
BBY.L,2003-04-30,2.6562
BBY.L,2003-10-29,2.2642999
BBY.L,2004-04-28,2.961
BBY.L,2004-10-27,2.4819999
BBY.L,2005-04-27,3.2658
BBY.L,2005-10-26,3.0481
BBY.L,2006-04-26,4.0061
BBY.L,2006-10-25,3.3964
BBY.L,2007-04-25,4.5285997
BBY.L,2007-10-24,4.4512
BBY.L,2008-04-23,6.6768
BBY.L,2008-10-22,4.935
BBY.L,2009-04-22,7.4509
BBY.L,2009-10-07,4.7899
BBY.L,2010-04-21,7.2
BBY.L,2010-10-06,5.05
BBY.L,2011-04-20,7.6499996
BBY.L,2011-10-12,5.2999997
BBY.L,2012-04-25,8.5
BBY.L,2012-10-10,5.6000004
BBY.L,2013-04-24,8.5
BBY.L,2013-10-09,5.6000004
BBY.L,2014-04-23,8.5
BBY.L,2014-10-09,5.6000004
BBY.L,2016-10-06,0.9
BBY.L,2017-04-20,1.8
BBY.L,2017-10-05,1.2
BBY.L,2018-04-19,2.4
BBY.L,2018-10-04,1.6
BBY.L,2019-05-16,3.2
BBY.L,2019-10-24,2.1
BBY.L,2021-06-03,1.5
BBY.L,2021-11-04,3.0
BBY.L,2022-05-26,6.0
BBY.L,2022-10-27,3.5
BBY.L,2023-05-18,7.0
BBY.L,2023-10-26,3.5
BBY.L,2024-05-16,8.0
BBY.L,2024-10-31,3.8
BBY.L,2025-05-15,8.7
BBY.L,2025-10-30,4.2
BCE.L,2007-07-04,1250.0
BCE.L,2007-11-07,1250.0
BCE.L,2011-12-07,3959.9998
BCE.L,2012-11-28,1750.0
BCE.L,2013-10-02,1600.0
BCE.L,2013-12-04,701.5
BCG.L,2022-09-08,1.2313
BCG.L,2022-12-15,0.7076
BCG.L,2023-09-07,1.4734
BCG.L,2023-12-14,0.86
BCG.L,2024-09-12,1.7497
BCG.L,2024-12-12,0.9978
BCG.L,2025-09-11,2.2714
BCG.L,2025-12-11,1.142752
BEG.L,2005-09-07,0.5
BEG.L,2006-01-25,0.5
BEG.L,2006-10-04,1.0
BEG.L,2007-01-24,1.0
BEG.L,2007-10-17,1.5
BEG.L,2008-03-19,1.0
BEG.L,2008-10-15,1.5
BEG.L,2009-03-25,1.1
BEG.L,2009-10-14,1.7
BEG.L,2010-03-17,1.2
BEG.L,2010-10-06,1.9
BEG.L,2011-04-06,1.2
BEG.L,2011-10-05,1.0
BEG.L,2012-04-04,0.6
BEG.L,2012-10-10,1.6
BEG.L,2013-04-10,0.6
BEG.L,2013-10-09,1.6
BEG.L,2014-04-09,0.6
BEG.L,2014-10-09,1.6
BEG.L,2015-04-09,0.6
BEG.L,2015-10-08,1.6
BEG.L,2016-04-07,0.6
BEG.L,2016-10-06,1.6
BEG.L,2017-04-06,0.6
BEG.L,2017-10-12,1.6
BEG.L,2018-04-12,0.70000005
BEG.L,2018-10-11,1.7
BEG.L,2019-04-11,0.8
BEG.L,2019-10-10,1.8
BEG.L,2020-04-09,0.9
BEG.L,2020-10-08,1.9
BEG.L,2021-04-08,1.0
BEG.L,2021-10-07,2.0
BEG.L,2022-04-07,1.1
BEG.L,2022-10-06,2.4
BEG.L,2023-04-06,1.2
BEG.L,2023-10-05,2.6000001
BEG.L,2024-04-11,1.3000001
BEG.L,2024-10-10,2.7
BEG.L,2025-04-10,1.4000001
BEG.L,2025-10-09,2.8999999
BEMO.L,2004-01-21,1.1
BEMO.L,2005-01-19,2.0
BEMO.L,2006-01-18,1.5
BEMO.L,2007-01-10,2.7
BEMO.L,2008-01-09,0.5
BEMO.L,2009-01-07,9.0
BEMO.L,2010-01-06,8.5
BEMO.L,2011-01-05,2.8999999
BEMO.L,2012-01-04,10.0
BEMO.L,2012-12-12,16.0
BEMO.L,2013-12-18,19.0
BEMO.L,2015-01-02,19.0
BEMO.L,2015-12-31,23.0
BEMO.L,2017-01-19,23.0
BEMO.L,2017-05-25,13.0
BEMO.L,2018-01-11,19.0
BEMO.L,2018-05-17,14.0
BEMO.L,2019-01-10,20.0
BEMO.L,2019-05-23,15.000001
BEMO.L,2020-01-09,20.0
BEMO.L,2020-06-04,15.000001
BEMO.L,2020-12-17,10.0
BEMO.L,2021-05-27,15.000001
BEMO.L,2021-12-16,11.0
BEMO.L,2022-06-09,6.0
BEMO.L,2022-12-15,11.0
BEMO.L,2023-06-22,6.0
BEMO.L,2023-12-21,11.0
BEMO.L,2023-12-28,11.0
BEMO.L,2024-06-20,6.0
BEMO.L,2024-12-19,12.5
BEMO.L,2025-06-19,6.0
BERI.L,2006-03-29,1.06
BERI.L,2006-06-28,1.06
BERI.L,2006-09-27,1.07
BERI.L,2006-12-27,1.3100001
BERI.L,2007-03-28,1.13
BERI.L,2007-06-27,1.13
BERI.L,2007-09-26,1.13
BERI.L,2007-12-24,1.88
BERI.L,2008-03-26,1.313
BERI.L,2008-06-25,1.313
BERI.L,2008-09-24,1.313
BERI.L,2008-12-24,1.463
BERI.L,2009-03-25,1.35
BERI.L,2009-06-24,1.35
BERI.L,2009-09-23,1.35
BERI.L,2009-12-23,1.4499999
BERI.L,2009-12-30,1.4499999
BERI.L,2010-03-24,1.375
BERI.L,2010-06-30,1.375
BERI.L,2010-09-22,2.375
BERI.L,2010-10-27,0.52
BERI.L,2010-12-22,1.475
BERI.L,2011-03-23,1.4000001
BERI.L,2011-06-29,1.4000001
BERI.L,2011-09-21,1.4000001
BERI.L,2011-12-21,1.55
BERI.L,2012-03-21,1.438
BERI.L,2012-06-27,1.438
BERI.L,2012-09-26,1.438
BERI.L,2012-12-19,1.5879999
BERI.L,2013-03-20,1.475
BERI.L,2013-06-26,1.475
BERI.L,2013-09-25,1.475
BERI.L,2013-12-23,1.525
BERI.L,2014-03-26,1.4875001
BERI.L,2014-06-18,1.4875001
BERI.L,2014-09-24,1.4875001
BERI.L,2014-12-29,1.5375
BERI.L,2015-03-26,1.5
BERI.L,2015-06-18,1.5
BERI.L,2015-09-24,1.5
BERI.L,2015-12-24,1.5
BERI.L,2016-03-24,1.5
BERI.L,2016-06-23,1.5
BERI.L,2016-09-22,1.0
BERI.L,2016-12-29,1.0
BERI.L,2017-03-23,1.0
BERI.L,2017-06-22,1.0
BERI.L,2017-09-21,1.0
BERI.L,2017-12-21,1.0
BERI.L,2018-03-22,1.0
BERI.L,2018-06-21,1.0
BERI.L,2018-09-27,1.0
BERI.L,2018-12-20,1.0
BERI.L,2019-03-21,1.0
BERI.L,2019-06-20,1.0
BERI.L,2019-09-26,1.0
BERI.L,2019-12-19,1.0
BERI.L,2020-03-26,1.0
BERI.L,2020-06-18,1.0
BERI.L,2020-09-24,1.0
BERI.L,2020-12-17,1.0
BERI.L,2021-03-25,1.0
BERI.L,2021-06-17,1.0
BERI.L,2021-09-23,1.0
BERI.L,2021-12-16,1.1
BERI.L,2022-03-24,1.1
BERI.L,2022-06-16,1.1
BERI.L,2022-09-22,1.1
BERI.L,2022-12-15,1.1
BERI.L,2023-03-23,1.1
BERI.L,2023-06-15,1.1
BERI.L,2023-09-28,1.1
BERI.L,2023-12-14,1.125
BERI.L,2024-03-28,1.125
BERI.L,2024-06-13,1.125
BERI.L,2024-09-26,1.125
BERI.L,2024-12-05,1.125
BERI.L,2025-03-27,1.125
BERI.L,2025-06-12,1.125
BERI.L,2025-09-25,1.25
BERI.L,2025-12-04,1.25
BEZ.L,2004-11-03,0.3
BEZ.L,2005-05-25,0.70000005
BEZ.L,2005-10-19,1.5
BEZ.L,2006-04-12,2.5
BEZ.L,2006-09-20,1.6
BEZ.L,2007-04-11,3.2
BEZ.L,2007-08-08,2.0
BEZ.L,2008-04-16,8.0
BEZ.L,2008-08-06,2.2
BEZ.L,2009-03-11,4.4
BEZ.L,2009-07-29,2.3
BEZ.L,2010-03-03,4.7
BEZ.L,2010-08-04,2.4
BEZ.L,2011-03-02,7.6
BEZ.L,2011-08-03,2.5
BEZ.L,2012-02-29,5.4
BEZ.L,2012-08-01,2.7
BEZ.L,2013-02-27,14.0
BEZ.L,2013-07-31,2.8999999
BEZ.L,2014-02-26,22.0
BEZ.L,2014-07-30,3.1
BEZ.L,2015-02-26,18.0
BEZ.L,2015-08-06,3.3
BEZ.L,2016-02-25,25.0
BEZ.L,2016-08-04,3.5
BEZ.L,2017-03-02,17.0
BEZ.L,2017-08-03,3.7
BEZ.L,2018-03-01,7.4
BEZ.L,2018-08-02,3.9
BEZ.L,2019-02-28,7.8
BEZ.L,2019-08-01,4.1
BEZ.L,2020-02-27,8.2
BEZ.L,2022-02-17,12.9
BEZ.L,2023-03-09,13.500001
BEZ.L,2024-03-21,14.200001
BEZ.L,2025-03-20,25.0
BFSP.L,2024-04-11,2.5
BFSP.L,2024-11-21,2.6000001
BFSP.L,2025-04-10,2.5
BFSP.L,2025-07-03,2.7
BGCG.L,1972-09-04,0.051
BGCG.L,1973-04-09,0.0855
BGCG.L,1973-09-03,0.058
BGCG.L,1974-03-25,0.0915
BGCG.L,1974-09-02,0.058
BGCG.L,1975-04-07,0.097
BGCG.L,1975-11-03,0.0845
BGCG.L,1976-05-03,0.071
BGCG.L,1976-09-20,0.0775
BGCG.L,1977-04-25,0.110999994
BGCG.L,1977-10-03,0.0885
BGCG.L,1978-04-17,0.133
BGCG.L,1978-10-02,0.0945
BGCG.L,1979-04-23,0.1555
BGCG.L,1979-10-08,0.133
BGCG.L,1980-04-14,0.194
BGCG.L,1980-09-29,0.121999994
BGCG.L,1981-04-10,0.2105
BGCG.L,1981-09-28,0.13849999
BGCG.L,1982-04-19,0.2275
BGCG.L,1982-10-04,0.13849999
BGCG.L,1983-04-25,0.266
BGCG.L,1983-10-03,0.1665
BGCG.L,1984-03-12,0.2605
BGCG.L,1984-10-01,0.1875
BGCG.L,1985-04-15,0.281
BGCG.L,1985-09-30,0.075
BGCG.L,1986-04-14,0.2375
BGCG.L,1986-09-29,0.075
BGCG.L,1987-04-27,0.17500001
BGCG.L,1987-10-12,0.075
BGCG.L,1988-04-25,0.195
BGCG.L,1988-10-03,0.1
BGCG.L,1989-04-17,0.2
BGCG.L,1989-10-02,0.125
BGCG.L,1990-04-30,0.225
BGCG.L,1990-10-08,0.1375
BGCG.L,1991-04-29,0.3375
BGCG.L,1991-09-30,0.1875
BGCG.L,1992-04-27,0.25
BGCG.L,1992-10-05,0.1875
BGCG.L,1993-04-19,0.3
BGCG.L,1993-10-04,0.225
BGCG.L,1994-04-25,0.675
BGCG.L,1994-10-03,0.6
BGCG.L,1995-05-09,0.775
BGCG.L,1995-10-09,0.8
BGCG.L,1996-04-29,1.05
BGCG.L,1996-10-07,0.8
BGCG.L,1997-05-06,1.05
BGCG.L,1997-10-06,0.8
BGCG.L,1997-10-10,0.8
BGCG.L,1998-05-05,1.05
BGCG.L,1998-10-05,0.8
BGCG.L,1999-05-04,1.05
BGCG.L,1999-10-04,0.8
BGCG.L,2000-05-02,1.05
BGCG.L,2001-05-02,1.05
BGCG.L,2002-05-01,1.05
BGCG.L,2003-05-07,1.05
BGCG.L,2004-03-10,2.1
BGCG.L,2005-05-11,1.05
BGCG.L,2006-05-10,1.3299999
BGCG.L,2007-05-09,1.5
BGCG.L,2008-05-28,1.65
BGCG.L,2009-05-27,2.85
BGCG.L,2010-05-26,2.1
BGCG.L,2011-05-25,2.8000002
BGCG.L,2012-05-23,4.0
BGCG.L,2012-10-03,2.0
BGCG.L,2013-05-22,2.3
BGCG.L,2013-10-02,2.05
BGCG.L,2014-05-21,2.4
BGCG.L,2014-10-09,2.1
BGCG.L,2015-05-21,2.45
BGCG.L,2015-10-08,2.15
BGCG.L,2016-05-19,2.5
BGCG.L,2016-10-13,2.2
BGCG.L,2017-05-18,2.55
BGCG.L,2017-10-19,2.25
BGCG.L,2018-05-17,3.25
BGCG.L,2018-10-18,2.5
BGCG.L,2019-05-16,4.5
BGCG.L,2019-10-17,2.55
BGCG.L,2020-06-11,4.6
BGCG.L,2020-10-08,2.55
BGCG.L,2021-06-24,4.6
BGCG.L,2021-10-21,2.55
BGCG.L,2022-06-23,4.6
BGCG.L,2023-06-22,1.7
BGCG.L,2024-06-20,2.0
BGCG.L,2025-06-19,2.2
BGEO.L,2011-06-29,17.9
BGEO.L,2012-06-13,27.316002
BGEO.L,2013-06-05,57.579
BGEO.L,2014-06-04,67.0803
BGEO.L,2015-06-04,59.811996
BGEO.L,2016-07-07,79.0097
BGEO.L,2017-06-22,84.7181
BGEO.L,2018-07-19,75.854095
BGEO.L,2019-05-30,72.1623
BGEO.L,2021-10-21,34.244
BGEO.L,2022-06-30,64.98
BGEO.L,2022-10-06,58.4131
BGEO.L,2023-06-29,173.8609
BGEO.L,2023-10-05,93.9832
BGEO.L,2024-07-04,139.1745
BGEO.L,2024-09-26,92.908005
BGEO.L,2025-07-03,150.58139
BGEO.L,2025-09-25,139.01381
BGEU.L,1973-09-28,0.0168
BGEU.L,1974-09-30,0.0072000003
BGEU.L,1975-09-30,0.012
BGEU.L,1976-10-29,0.014400001
BGEU.L,1977-10-31,0.020399999
BGEU.L,1978-09-29,0.024
BGEU.L,1979-09-28,0.028800001
BGEU.L,1980-09-30,0.0348
BGEU.L,1981-09-30,0.0348
BGEU.L,1982-09-30,0.036000002
BGEU.L,1983-09-30,0.0372
BGEU.L,1984-07-31,0.0384
BGEU.L,1985-09-30,0.0407
BGEU.L,1986-06-30,0.0452
BGEU.L,1987-11-23,0.1175
BGEU.L,1987-11-30,0.115899995
BGEU.L,1988-11-28,0.0498
BGEU.L,1989-11-27,0.0537
BGEU.L,1990-12-10,0.056
BGEU.L,1991-11-25,0.118
BGEU.L,1992-11-30,0.123
BGEU.L,1993-11-30,0.123
BGEU.L,1994-11-28,0.123
BGEU.L,1995-11-27,0.125
BGEU.L,1996-11-25,0.16
BGEU.L,1997-11-24,0.12799999
BGEU.L,1997-11-28,0.16
BGEU.L,1998-11-23,0.04
BGEU.L,1999-11-22,0.17
BGEU.L,2000-11-20,0.17
BGEU.L,2001-11-21,0.23
BGEU.L,2002-11-20,0.47
BGEU.L,2003-11-19,0.65000004
BGEU.L,2004-11-17,0.17
BGEU.L,2005-11-16,0.75
BGEU.L,2006-11-15,0.9
BGEU.L,2007-11-14,0.83
BGEU.L,2008-11-12,1.49
BGEU.L,2009-12-23,1.36
BGEU.L,2011-01-05,1.4000001
BGEU.L,2012-01-04,1.6
BGEU.L,2013-01-09,1.6
BGEU.L,2014-01-08,1.8
BGEU.L,2015-01-08,1.5
BGEU.L,2016-01-07,1.6
BGEU.L,2017-01-05,2.2
BGEU.L,2017-07-06,0.8
BGEU.L,2018-01-04,1.35
BGEU.L,2018-07-05,0.9
BGEU.L,2019-01-03,1.8
BGEU.L,2019-07-04,0.95
BGEU.L,2020-01-02,2.15
BGEU.L,2021-01-07,0.35000002
BGEU.L,2022-01-06,0.35000002
BGEU.L,2023-01-05,0.70000005
BGEU.L,2023-08-17,2.2
BGEU.L,2024-01-04,0.4
BGEU.L,2025-01-09,0.6
BGFD.L,1982-10-29,0.08
BGFD.L,1983-10-31,0.02
BGFD.L,1984-10-31,0.08
BGFD.L,1985-10-31,0.120000005
BGFD.L,1986-10-31,0.08
BGFD.L,1987-10-26,0.10300001
BGFD.L,1987-10-30,0.0406
BGFD.L,1991-11-20,0.04
BGFD.L,2018-11-29,0.6
BGFD.L,2019-11-14,3.5
BGFD.L,2020-11-12,4.5
BGFD.L,2021-11-11,6.0
BGFD.L,2022-11-10,9.0
BGFD.L,2023-11-16,10.0
BGFD.L,2024-11-14,10.0
BGFD.L,2025-11-13,10.0
BGS.L,1986-03-10,0.089999996
BGS.L,1986-03-31,0.089999996
BGS.L,1987-03-23,0.041
BGS.L,1988-03-21,0.02
BGS.L,2024-04-18,0.8
BGS.L,2025-04-17,0.6
BGUK.L,1994-12-19,1.5
BGUK.L,1995-07-03,1.5
BGUK.L,1995-12-18,1.5
BGUK.L,1996-07-01,3.2
BGUK.L,1996-12-23,1.5
BGUK.L,1997-06-30,1.8
BGUK.L,1998-01-05,1.65
BGUK.L,1998-07-06,1.95
BGUK.L,1999-01-04,0.9
BGUK.L,1999-06-28,2.1
BGUK.L,1999-12-20,1.9
BGUK.L,2000-07-03,2.1
BGUK.L,2001-01-02,1.9
BGUK.L,2001-07-04,1.1
BGUK.L,2001-12-19,1.5
BGUK.L,2002-06-19,2.0
BGUK.L,2002-12-18,1.5
BGUK.L,2003-07-09,1.5
BGUK.L,2003-12-24,1.5
BGUK.L,2004-06-30,1.5
BGUK.L,2004-12-29,1.5
BGUK.L,2005-06-29,1.65
BGUK.L,2005-12-28,1.5
BGUK.L,2006-07-05,1.85
BGUK.L,2007-01-03,1.5
BGUK.L,2007-07-04,2.0
BGUK.L,2008-01-09,1.65
BGUK.L,2008-07-16,2.2
BGUK.L,2008-12-10,1.65
BGUK.L,2008-12-17,1.65
BGUK.L,2009-07-15,2.2
BGUK.L,2009-12-23,1.25
BGUK.L,2010-07-14,1.5
BGUK.L,2011-01-05,1.25
BGUK.L,2011-07-06,1.75
BGUK.L,2011-12-28,1.5
BGUK.L,2012-07-04,2.0
BGUK.L,2012-12-24,1.75
BGUK.L,2013-07-10,2.25
BGUK.L,2013-12-31,2.25
BGUK.L,2014-07-09,3.25
BGUK.L,2015-01-08,2.5
BGUK.L,2015-07-09,3.5
BGUK.L,2016-01-07,2.6000001
BGUK.L,2016-07-14,2.6000001
BGUK.L,2017-01-05,2.7
BGUK.L,2017-07-13,2.7
BGUK.L,2018-01-04,3.0
BGUK.L,2018-07-05,3.0
BGUK.L,2019-01-03,1.5
BGUK.L,2019-07-11,2.95
BGUK.L,2020-07-09,3.1
BGUK.L,2021-07-15,2.42
BGUK.L,2022-08-18,3.9099998
BGUK.L,2023-08-17,3.6
BGUK.L,2024-08-15,5.6000004
BGUK.L,2025-08-14,5.7
BHP.L,1998-03-09,2.0014
BHP.L,1998-09-14,3.9371
BHP.L,1999-03-08,1.9732001
BHP.L,1999-09-13,4.172
BHP.L,2000-03-06,2.1893
BHP.L,2000-09-04,4.7545
BHP.L,2001-02-21,2.6028
BHP.L,2001-11-14,4.1908
BHP.L,2002-06-05,4.0028
BHP.L,2003-06-11,4.54
BHP.L,2003-11-12,4.7200003
BHP.L,2004-04-14,4.63
BHP.L,2004-09-01,5.1600003
BHP.L,2005-03-02,7.16
BHP.L,2005-09-07,8.05
BHP.L,2006-03-01,10.059999
BHP.L,2006-09-06,9.76
BHP.L,2007-02-28,10.21
BHP.L,2007-09-12,13.59
BHP.L,2008-02-27,14.679999
BHP.L,2008-09-03,21.901999
BHP.L,2009-02-25,28.797998
BHP.L,2009-09-02,25.094
BHP.L,2010-03-03,27.93
BHP.L,2010-09-08,29.164001
BHP.L,2011-03-09,28.720001
BHP.L,2011-09-07,34.472
BHP.L,2012-02-29,34.588
BHP.L,2012-09-05,35.7043
BHP.L,2013-03-06,37.997
BHP.L,2013-09-04,37.823997
BHP.L,2014-03-05,35.2271
BHP.L,2014-09-03,38.0029
BHP.L,2015-03-12,42.0197
BHP.L,2015-09-10,40.2545
BHP.L,2016-03-10,11.115
BHP.L,2016-09-01,10.5605
BHP.L,2017-03-09,32.9435
BHP.L,2017-09-07,32.59
BHP.L,2018-03-08,39.7916
BHP.L,2018-09-06,48.7182
BHP.L,2019-01-10,76.29396
BHP.L,2019-03-07,42.2525
BHP.L,2019-09-05,63.030304
BHP.L,2020-03-05,49.6297
BHP.L,2020-09-03,42.1085
BHP.L,2021-03-04,72.987404
BHP.L,2021-09-02,144.3782
BHP.L,2022-02-24,112.3806
BHP.L,2022-09-01,151.46269
BHP.L,2023-03-09,74.3709
BHP.L,2023-09-07,64.0743
BHP.L,2024-03-07,56.2984
BHP.L,2024-09-12,56.5792
BHP.L,2025-03-06,38.7837
BHP.L,2025-09-04,44.6961
BILN.L,1996-06-10,3.5
BILN.L,1996-09-09,2.0
BILN.L,1997-06-16,4.0
BILN.L,1997-09-22,2.5
BILN.L,1998-06-15,4.5
BILN.L,1998-09-21,2.5
BILN.L,1999-06-14,4.5
BILN.L,2001-12-27,5.0
BILN.L,2006-05-31,11.0
BILN.L,2006-08-30,7.0
BILN.L,2007-06-06,6.0
BILN.L,2007-08-29,3.5
BILN.L,2008-06-04,7.5000005
BILN.L,2008-09-24,3.7500002
BILN.L,2009-06-03,7.75
BILN.L,2009-09-30,3.25
BILN.L,2010-06-02,6.7500005
BILN.L,2010-09-29,2.75
BILN.L,2015-06-04,3.0
BILN.L,2016-06-02,6.0
BILN.L,2017-06-08,10.0
BILN.L,2018-06-07,11.5
BILN.L,2019-06-06,13.0
BILN.L,2021-06-03,4.25
BILN.L,2022-06-01,3.0
BILN.L,2023-06-08,15.5
BILN.L,2024-06-06,33.0
BILN.L,2025-06-05,25.0
BIOG.L,1998-07-13,0.6
BIOG.L,1999-08-02,0.4
BIOG.L,2001-07-04,0.2
BIPS.L,1991-11-25,2.0
BIPS.L,1992-02-24,1.25
BIPS.L,1992-06-01,2.0
BIPS.L,1992-08-24,2.875
BIPS.L,1992-11-30,1.3000001
BIPS.L,1993-02-15,1.7
BIPS.L,1993-05-24,2.0
BIPS.L,1993-07-05,2.0
BIPS.L,1993-11-29,2.0
BIPS.L,1994-02-28,2.4
BIPS.L,1994-03-14,0.68
BIPS.L,1994-05-16,2.0
BIPS.L,1994-08-22,2.0
BIPS.L,1994-11-28,2.0
BIPS.L,1995-02-27,3.0
BIPS.L,1995-03-06,2.25
BIPS.L,1995-04-03,0.49
BIPS.L,1995-08-29,2.25
BIPS.L,1995-12-04,2.25
BIPS.L,1996-02-16,2.75
BIPS.L,1996-04-01,0.49
BIPS.L,1996-06-03,2.375
BIPS.L,1996-08-27,2.375
BIPS.L,1996-12-02,2.375
BIPS.L,1997-03-17,2.875
BIPS.L,1997-03-24,0.59000003
BIPS.L,1997-05-19,2.5
BIPS.L,1997-09-01,2.5
BIPS.L,1997-10-06,2.5
BIPS.L,1997-10-27,4.25
BIPS.L,1998-03-23,1.75
BIPS.L,1998-06-01,2.75
BIPS.L,1998-09-01,2.75
BIPS.L,1998-11-30,2.75
BIPS.L,1999-02-15,4.0
BIPS.L,1999-06-07,3.0
BIPS.L,1999-09-06,3.0
BIPS.L,1999-12-06,3.0
BIPS.L,2000-03-20,4.0
BIPS.L,2000-06-06,3.0
BIPS.L,2000-09-04,3.0
BIPS.L,2000-12-11,3.0
BIPS.L,2001-03-14,4.0
BIPS.L,2001-06-13,3.0
BIPS.L,2001-08-22,3.0
BIPS.L,2001-12-05,3.0
BIPS.L,2002-03-06,4.0
BIPS.L,2002-06-12,3.0
BIPS.L,2002-08-28,3.0
BIPS.L,2002-12-11,3.0
BIPS.L,2003-03-14,4.0
BIPS.L,2003-06-18,3.0
BIPS.L,2003-09-26,3.0
BIPS.L,2003-12-10,3.0
BIPS.L,2004-03-31,3.0
BIPS.L,2004-06-16,3.0
BIPS.L,2004-08-25,3.0
BIPS.L,2004-12-15,3.0
BIPS.L,2005-03-24,3.0
BIPS.L,2005-03-25,3.0
BIPS.L,2005-06-01,3.0
BIPS.L,2005-08-31,3.0
BIPS.L,2005-11-18,4.0
BIPS.L,2006-02-08,2.0
BIPS.L,2006-04-12,3.0
BIPS.L,2006-04-19,5.4
BIPS.L,2006-07-26,3.0
BIPS.L,2006-10-25,3.0
BIPS.L,2007-02-07,3.0
BIPS.L,2007-05-02,3.0
BIPS.L,2007-08-01,3.0
BIPS.L,2007-10-31,3.0
BIPS.L,2008-02-06,3.0
BIPS.L,2008-04-30,3.0
BIPS.L,2008-07-30,3.0
BIPS.L,2008-10-29,3.0
BIPS.L,2009-01-28,3.0
BIPS.L,2009-04-29,3.0
BIPS.L,2009-07-29,3.0
BIPS.L,2009-10-21,4.0
BIPS.L,2010-01-27,2.0
BIPS.L,2010-04-28,1.0
BIPS.L,2010-07-28,3.0
BIPS.L,2010-10-27,3.0
BIPS.L,2011-01-26,3.0
BIPS.L,2011-04-20,2.5
BIPS.L,2011-04-27,2.5
BIPS.L,2011-07-27,2.5
BIPS.L,2011-10-26,2.5
BIPS.L,2012-01-25,2.5
BIPS.L,2012-03-07,2.4
BIPS.L,2012-07-25,2.6000001
BIPS.L,2012-10-24,2.5
BIPS.L,2013-02-06,2.5
BIPS.L,2013-04-24,2.5
BIPS.L,2013-07-24,2.5
BIPS.L,2013-10-23,2.5
BIPS.L,2014-01-22,2.5
BIPS.L,2014-04-23,2.5
BIPS.L,2014-07-23,2.5
BIPS.L,2014-10-23,2.5
BIPS.L,2015-01-22,2.5
BIPS.L,2015-04-23,2.5
BIPS.L,2015-07-23,2.5
BIPS.L,2015-10-22,2.5
BIPS.L,2016-01-21,2.5
BIPS.L,2016-04-21,2.5
BIPS.L,2016-07-21,2.5
BIPS.L,2016-10-20,2.5
BIPS.L,2017-01-26,2.5
BIPS.L,2017-04-20,2.5
BIPS.L,2017-07-20,2.5
BIPS.L,2017-10-19,2.5
BIPS.L,2018-01-25,2.5
BIPS.L,2018-04-19,2.5
BIPS.L,2018-07-19,2.5
BIPS.L,2018-10-18,2.5
BIPS.L,2019-01-24,2.5
BIPS.L,2019-04-18,2.5
BIPS.L,2019-07-18,2.5
BIPS.L,2019-10-17,2.5
BIPS.L,2020-01-23,2.5
BIPS.L,2020-04-23,2.5
BIPS.L,2020-07-16,2.5
BIPS.L,2020-10-01,2.5
BIPS.L,2021-01-21,2.5
BIPS.L,2021-04-22,2.5
BIPS.L,2021-07-15,2.75
BIPS.L,2021-10-14,2.75
BIPS.L,2022-01-20,2.75
BIPS.L,2022-04-21,2.75
BIPS.L,2022-07-14,2.75
BIPS.L,2022-10-13,2.875
BIPS.L,2023-01-19,2.875
BIPS.L,2023-04-20,2.875
BIPS.L,2023-07-13,2.875
BIPS.L,2023-10-12,2.875
BIPS.L,2024-01-18,2.875
BIPS.L,2024-04-18,2.875
BIPS.L,2024-07-11,2.875
BIPS.L,2024-10-17,2.875
BIPS.L,2025-01-16,3.0625
BIPS.L,2025-04-17,3.0625
BIPS.L,2025-07-17,3.0625
BIPS.L,2025-10-16,3.0625
BIRG.L,2001-11-21,2.196062
BIRG.L,2002-06-19,4.051356
BIRG.L,2002-12-04,2.498967
BIRG.L,2003-06-18,4.505714
BIRG.L,2003-12-03,2.801872
BIRG.L,2004-06-16,5.035798
BIRG.L,2004-12-01,3.142641
BIRG.L,2005-06-15,5.490156
BIRG.L,2005-12-14,3.445546
BIRG.L,2006-06-28,6.493529
BIRG.L,2006-11-22,3.97563
BIRG.L,2007-06-06,7.459039
BIRG.L,2007-11-21,4.58144
BIRG.L,2008-05-28,7.459039
BIRG.L,2018-04-19,0.115
BIRG.L,2019-05-09,0.16
BIRG.L,2022-05-12,0.05
BIRG.L,2023-05-11,0.21
BIRG.L,2024-05-09,0.6
BIRG.L,2024-10-10,0.35
BIRG.L,2025-04-30,0.28
BIRG.L,2025-10-02,0.25
BKG.L,1993-01-04,1.5325999
BKG.L,1993-07-19,4.2110996
BKG.L,1994-01-04,1.8393
BKG.L,1994-07-04,4.9372
BKG.L,1994-12-19,2.033
BKG.L,1995-07-10,5.4696
BKG.L,1996-01-08,2.2266002
BKG.L,1996-07-22,6.1553
BKG.L,1997-01-06,2.4819999
BKG.L,1997-07-28,6.9495997
BKG.L,1998-01-05,2.7464
BKG.L,1998-07-27,7.8764997
BKG.L,1999-01-04,2.9019
BKG.L,1999-07-26,8.705601
BKG.L,2000-01-10,3.2127998
BKG.L,2000-07-24,10.1565
BKG.L,2001-01-08,3.731
BKG.L,2001-08-01,11.7111
BKG.L,2002-01-16,4.1455
BKG.L,2002-07-31,12.9547
BKG.L,2003-01-15,4.9746
BKG.L,2003-08-06,14.9238
BKG.L,2004-01-14,6.0109997
BKG.L,2004-08-10,17.1002
BKG.L,2013-03-20,15.5457
BKG.L,2013-08-28,61.1462
BKG.L,2013-12-18,93.2739
BKG.L,2014-08-20,93.2739
BKG.L,2014-12-18,93.2739
BKG.L,2015-08-13,93.2739
BKG.L,2015-12-17,103.637695
BKG.L,2016-08-11,103.637695
BKG.L,2017-03-02,88.3408
BKG.L,2017-08-24,53.6429
BKG.L,2018-03-01,58.8144
BKG.L,2018-08-23,34.5113
BKG.L,2018-12-20,7.3789997
BKG.L,2019-08-22,20.8104
BKG.L,2020-03-19,102.93289
BKG.L,2020-08-20,110.892296
BKG.L,2021-03-04,9.4621
BKG.L,2022-08-18,22.023
BKG.L,2023-03-02,71.965996
BKG.L,2023-08-17,61.457096
BKG.L,2024-03-07,34.2004
BKG.L,2024-06-27,34.2004
BKG.L,2024-09-09,180.32959
BKG.L,2025-03-06,33.0
BKS.L,2018-09-27,0.3
BKS.L,2019-03-07,0.2
BKS.L,2019-09-26,0.15
BKS.L,2020-03-12,0.2
BKS.L,2020-10-01,0.15
BKS.L,2021-03-18,0.2
BLND.L,1993-01-04,1.7763
BLND.L,1993-06-07,3.8904998
BLND.L,1994-01-04,2.0195
BLND.L,1994-07-04,4.1873
BLND.L,1994-12-28,2.1761
BLND.L,1995-06-19,4.5302
BLND.L,1996-01-08,2.2982
BLND.L,1996-07-22,4.77
BLND.L,1997-01-13,2.4139
BLND.L,1997-07-21,5.0377
BLND.L,1998-01-19,2.5437
BLND.L,1998-06-15,5.5762997
BLND.L,1999-02-22,2.6763
BLND.L,1999-07-12,5.858
BLND.L,2000-01-10,2.8170998
BLND.L,2000-07-10,6.2143
BLND.L,2001-01-08,2.9828
BLND.L,2001-07-11,6.5457
BLND.L,2002-01-23,3.1486
BLND.L,2002-07-24,7.1257005
BLND.L,2003-01-22,3.3971
BLND.L,2003-07-23,7.7056994
BLND.L,2004-01-21,4.0784
BLND.L,2004-07-21,9.2708
BLND.L,2005-01-19,4.419
BLND.L,2005-07-20,10.0349
BLND.L,2006-01-18,4.7873
BLND.L,2006-07-17,10.8635
BLND.L,2007-01-17,5.1555
BLND.L,2007-04-18,5.9841
BLND.L,2007-07-18,7.5952
BLND.L,2007-10-17,8.6575
BLND.L,2008-01-16,7.25
BLND.L,2008-04-16,7.25
BLND.L,2008-07-16,7.25
BLND.L,2008-10-15,7.7678003
BLND.L,2009-01-14,7.7678003
BLND.L,2009-02-25,7.7678003
BLND.L,2009-07-08,6.5
BLND.L,2009-10-14,6.5
BLND.L,2010-01-13,6.5
BLND.L,2010-04-07,6.5
BLND.L,2010-07-07,6.5
BLND.L,2010-10-06,6.5
BLND.L,2011-01-12,6.5
BLND.L,2011-03-30,6.5
BLND.L,2011-07-06,6.5
BLND.L,2011-10-05,6.5
BLND.L,2012-01-11,6.5
BLND.L,2012-03-28,6.5
BLND.L,2012-07-04,6.6
BLND.L,2012-10-03,6.6
BLND.L,2013-01-09,6.6
BLND.L,2013-03-27,6.6
BLND.L,2013-07-03,6.6
BLND.L,2013-10-02,6.7500005
BLND.L,2014-01-08,6.7500005
BLND.L,2014-03-19,6.7500005
BLND.L,2014-07-02,6.7500005
BLND.L,2014-10-01,6.92
BLND.L,2015-01-08,6.92
BLND.L,2015-03-26,6.92
BLND.L,2015-07-02,6.92
BLND.L,2015-10-01,7.09
BLND.L,2016-01-07,7.09
BLND.L,2016-03-31,7.09
BLND.L,2016-06-30,7.09
BLND.L,2016-10-06,7.2999997
BLND.L,2017-01-05,7.2999997
BLND.L,2017-03-30,7.2999997
BLND.L,2017-06-29,7.2999997
BLND.L,2017-10-05,7.52
BLND.L,2018-01-04,7.52
BLND.L,2018-03-29,7.52
BLND.L,2018-06-28,7.52
BLND.L,2018-10-04,7.75
BLND.L,2019-01-03,7.75
BLND.L,2019-03-28,7.75
BLND.L,2019-06-27,7.75
BLND.L,2019-10-03,7.9825
BLND.L,2020-01-02,7.9825
BLND.L,2021-01-07,8.4
BLND.L,2021-06-24,6.64
BLND.L,2021-11-25,10.320001
BLND.L,2022-06-23,11.599999
BLND.L,2022-11-24,11.599999
BLND.L,2023-06-22,11.04
BLND.L,2023-11-23,12.16
BLND.L,2024-06-20,10.639999
BLND.L,2024-12-05,12.24
BLND.L,2025-06-19,10.559999
BLND.L,2025-12-04,12.32
BMD.L,2001-08-29,1.0
BMD.L,2002-02-27,1.3000001
BMD.L,2002-08-21,1.4000001
BMD.L,2003-02-19,1.4000001
BMD.L,2003-08-27,0.9
BMD.L,2004-02-18,1.3000001
BMD.L,2004-07-14,0.3
BMD.L,2005-02-16,0.9
BMD.L,2005-08-31,0.5
BMD.L,2006-02-15,1.5
BMD.L,2006-08-23,0.8
BMD.L,2007-02-21,1.25
BMD.L,2007-08-22,0.9
BMD.L,2007-12-05,1.4000001
BMD.L,2008-08-20,1.4000001
BMD.L,2009-02-18,1.0
BMD.L,2009-08-19,0.5
BMD.L,2009-12-09,0.70000005
BMD.L,2010-08-18,1.1
BMD.L,2011-03-09,0.9
BMD.L,2011-09-14,0.65000004
BMD.L,2011-11-23,4.5
BMD.L,2012-09-05,3.0
BMD.L,2013-02-27,4.5
BMD.L,2013-09-04,3.0
BMD.L,2013-12-04,4.5
BMD.L,2014-02-19,8.0
BMD.L,2014-09-03,3.0
BMD.L,2014-12-04,4.5
BMD.L,2015-09-03,3.0
BMD.L,2015-12-03,4.5
BMD.L,2016-05-19,7.0
BMD.L,2016-09-01,10.0
BMD.L,2017-03-09,3.0
BMD.L,2018-01-04,4.5
BMD.L,2018-08-23,3.0
BMD.L,2019-02-07,4.5
BMD.L,2019-08-29,3.0
BMD.L,2020-02-06,3.5
BMD.L,2020-08-13,3.0
BMD.L,2021-02-04,3.5
BMD.L,2021-08-12,3.0
BMD.L,2022-02-03,3.5
BMD.L,2022-08-11,3.0
BMD.L,2023-02-02,3.0
BMD.L,2023-08-10,2.25
BMD.L,2024-02-08,2.25
BMD.L,2024-08-08,1.75
BMD.L,2025-02-13,2.25
BMD.L,2025-08-07,1.75
BME.L,2014-12-04,0.9
BME.L,2015-06-25,2.5
BME.L,2015-12-03,1.6
BME.L,2016-06-09,10.0
BME.L,2016-06-23,3.2
BME.L,2016-11-24,1.9
BME.L,2017-06-22,3.9
BME.L,2017-11-23,2.4
BME.L,2018-06-28,4.8
BME.L,2018-11-22,2.7
BME.L,2019-06-20,4.9
BME.L,2019-11-21,2.7
BME.L,2020-03-19,15.000001
BME.L,2020-08-20,5.4
BME.L,2020-11-19,29.300001
BME.L,2021-01-14,20.0
BME.L,2021-07-01,13.0
BME.L,2021-11-18,5.0
BME.L,2021-12-16,25.0
BME.L,2022-06-30,11.5
BME.L,2022-11-17,5.0
BME.L,2023-01-12,20.0
BME.L,2023-06-29,9.6
BME.L,2023-11-16,5.1
BME.L,2024-01-18,20.0
BME.L,2024-06-27,9.6
BME.L,2024-11-21,5.2999997
BME.L,2025-01-16,15.000001
BME.L,2025-06-26,9.700001
BME.L,2025-11-20,3.5
BMS.L,1998-04-27,3.0
BMS.L,1998-10-26,5.0
BMS.L,1999-04-26,10.0
BMS.L,1999-10-18,5.0
BMS.L,2000-04-25,10.0
BMS.L,2000-10-09,5.0
BMS.L,2001-05-02,10.0
BMS.L,2001-10-17,5.0
BMS.L,2002-07-03,7.0
BMS.L,2002-12-04,5.0
BMS.L,2003-07-02,7.0
BMS.L,2003-12-03,5.0
BMS.L,2004-06-30,8.0
BMS.L,2004-12-01,6.0
BMS.L,2005-06-29,10.0
BMS.L,2005-11-16,6.5
BMS.L,2006-06-28,11.5
BMS.L,2006-11-15,6.7500005
BMS.L,2007-07-04,12.25
BMS.L,2007-11-07,8.0
BMS.L,2008-06-25,15.000001
BMS.L,2008-11-12,8.5
BMS.L,2009-07-01,15.5
BMS.L,2009-11-04,8.75
BMS.L,2010-06-30,16.25
BMS.L,2010-11-17,9.0
BMS.L,2011-06-29,17.0
BMS.L,2011-11-23,9.0
BMS.L,2012-06-20,17.0
BMS.L,2012-11-14,9.0
BMS.L,2013-06-26,17.0
BMS.L,2013-11-13,9.0
BMS.L,2014-07-16,18.888899
BMS.L,2014-11-13,10.0
BMS.L,2015-07-02,18.888899
BMS.L,2015-11-19,10.0
BMS.L,2016-06-30,17.0
BMS.L,2016-11-17,9.0
BMS.L,2017-06-29,5.0
BMS.L,2017-11-02,5.0
BMS.L,2018-06-21,10.0
BMS.L,2018-11-01,5.0
BMS.L,2019-06-20,10.0
BMS.L,2019-10-31,5.0
BMS.L,2021-07-22,5.0
BMS.L,2021-11-11,2.0
BMS.L,2022-09-08,7.0
BMS.L,2022-11-24,4.0
BMS.L,2024-01-04,8.0
BMS.L,2024-02-22,4.0
BMS.L,2024-08-01,9.0
BMS.L,2024-11-21,4.5
BMS.L,2025-07-31,2.5
BMS.L,2025-11-27,2.5
BMY.L,1995-04-24,0.6291
BMY.L,1995-11-06,0.1621
BMY.L,1996-04-29,0.6482
BMY.L,1996-11-04,0.1668
BMY.L,1997-05-06,0.6673
BMY.L,1997-10-13,0.1668
BMY.L,1998-05-11,0.6911
BMY.L,1998-11-02,0.1907
BMY.L,1999-05-10,0.7027
BMY.L,1999-11-01,0.1938
BMY.L,2000-05-15,0.72690004
BMY.L,2000-10-30,0.2423
BMY.L,2001-05-16,0.9692
BMY.L,2001-10-31,0.36339998
BMY.L,2002-05-15,1.163
BMY.L,2002-10-30,0.3998
BMY.L,2003-05-21,1.3375
BMY.L,2003-11-05,0.4555
BMY.L,2004-05-26,1.6283
BMY.L,2004-11-03,0.504
BMY.L,2005-05-25,2.4036
BMY.L,2005-11-02,0.5815
BMY.L,2006-05-24,2.9076002
BMY.L,2006-11-01,0.6397
BMY.L,2007-05-23,2.9076002
BMY.L,2007-10-31,0.6784
BMY.L,2008-05-21,3.1984
BMY.L,2008-10-22,0.72690004
BMY.L,2009-05-20,3.3631
BMY.L,2009-10-21,0.756
BMY.L,2010-05-19,3.5376
BMY.L,2010-10-20,0.7851
BMY.L,2011-04-27,3.7896
BMY.L,2011-08-24,0.2714
BMY.L,2011-11-02,0.8626
BMY.L,2012-08-29,4.1772
BMY.L,2012-10-31,0.911
BMY.L,2013-08-28,4.4195
BMY.L,2013-10-30,0.9498
BMY.L,2014-08-27,4.6909
BMY.L,2014-11-06,0.9886
BMY.L,2015-08-27,4.9235
BMY.L,2015-11-05,1.0273999
BMY.L,2016-08-25,5.1755
BMY.L,2016-11-03,1.0661
BMY.L,2017-08-24,5.4275
BMY.L,2017-11-02,1.1146
BMY.L,2018-07-26,6.1641
BMY.L,2018-11-01,1.1726999
BMY.L,2019-07-25,6.5421
BMY.L,2019-11-07,1.2406
BMY.L,2020-11-05,1.28
BMY.L,2021-07-29,17.36
BMY.L,2021-11-04,1.3399999
BMY.L,2022-07-28,9.4
BMY.L,2022-11-03,1.4100001
BMY.L,2023-07-27,10.34
BMY.L,2023-11-02,3.7
BMY.L,2024-07-25,10.99
BMY.L,2024-10-31,3.8899999
BMY.L,2025-07-24,11.54
BMY.L,2025-10-30,4.08
BNC.L,2010-08-02,11.390845
BNC.L,2010-10-12,10.023493
BNC.L,2011-01-17,9.855002
BNC.L,2011-04-27,19.269135
BNC.L,2011-07-27,9.226655
BNC.L,2011-10-12,10.61308
BNC.L,2012-01-11,10.023493
BNC.L,2012-04-10,18.530745
BNC.L,2012-07-10,12.803109
BNC.L,2012-10-12,12.634618
BNC.L,2013-01-10,12.803109
BNC.L,2013-04-09,12.634618
BNC.L,2013-07-15,12.634618
BNC.L,2013-10-16,12.88731
BNC.L,2014-01-15,12.803109
BNC.L,2014-04-09,9.91477
BNC.L,2014-07-15,12.803109
BNC.L,2014-10-20,12.71882
BNC.L,2015-01-09,9.345399
BNC.L,2015-04-14,12.71882
BNC.L,2015-08-03,4.211569
BNC.L,2015-10-20,4.211569
BNC.L,2016-02-01,4.211569
BNC.L,2016-04-29,4.211569
BNC.L,2016-07-28,4.632664
BNC.L,2016-10-18,3.7903855
BNC.L,2017-01-30,4.632664
BNC.L,2017-04-27,4.632664
BNC.L,2017-08-02,5.0538473
BNC.L,2017-10-18,3.3692021
BNC.L,2018-01-30,5.0538473
BNC.L,2018-04-27,5.0538473
BNC.L,2018-07-30,5.4750304
BNC.L,2018-10-18,2.948107
BNC.L,2019-01-30,5.4750304
BNC.L,2019-04-29,5.4750304
BNC.L,2019-10-30,8.42305
BNC.L,2021-04-30,2.4170575
BNC.L,2021-10-29,4.2628107
BNC.L,2022-04-28,4.5264893
BNC.L,2022-10-31,5.1241617
BNC.L,2023-04-27,5.2296333
BNC.L,2023-10-31,7.119333
BNC.L,2024-04-29,8.349834
BNC.L,2024-10-30,8.7893
BNC.L,2025-04-29,9.66823
BNC.L,2025-10-30,10.107695
BNKR.L,1972-11-30,0.0075999997
BNKR.L,1973-06-29,0.012
BNKR.L,1973-11-30,0.0088
BNKR.L,1974-06-28,0.0345
BNKR.L,1974-10-31,0.021
BNKR.L,1975-06-30,0.026800001
BNKR.L,1975-10-31,0.021
BNKR.L,1976-06-30,0.029
BNKR.L,1976-10-29,0.0125
BNKR.L,1977-01-28,0.0125
BNKR.L,1977-04-29,0.0125
BNKR.L,1977-07-29,0.02
BNKR.L,1977-10-31,0.0125
BNKR.L,1978-01-31,0.0125
BNKR.L,1978-04-28,0.0125
BNKR.L,1978-07-31,0.0263
BNKR.L,1978-10-31,0.0125
BNKR.L,1979-01-31,0.0125
BNKR.L,1979-04-30,0.0125
BNKR.L,1979-07-31,0.0344
BNKR.L,1979-10-31,0.013800001
BNKR.L,1980-01-31,0.013800001
BNKR.L,1980-04-30,0.013800001
BNKR.L,1980-07-31,0.0435
BNKR.L,1980-10-31,0.015000001
BNKR.L,1981-01-30,0.015000001
BNKR.L,1981-04-30,0.015000001
BNKR.L,1981-07-31,0.0495
BNKR.L,1981-10-30,0.0163
BNKR.L,1982-01-29,0.0163
BNKR.L,1982-04-30,0.0163
BNKR.L,1982-07-30,0.0495
BNKR.L,1982-10-29,0.0187
BNKR.L,1983-01-31,0.0312
BNKR.L,1983-04-29,0.02
BNKR.L,1983-07-29,0.02
BNKR.L,1983-10-31,0.02
BNKR.L,1984-01-31,0.044
BNKR.L,1984-04-30,0.02
BNKR.L,1984-07-31,0.02
BNKR.L,1984-10-31,0.02
BNKR.L,1985-01-31,0.053999998
BNKR.L,1985-04-30,0.025
BNKR.L,1985-07-31,0.025
BNKR.L,1985-10-31,0.025
BNKR.L,1986-01-31,0.055
BNKR.L,1986-04-30,0.030000001
BNKR.L,1986-07-31,0.030000001
BNKR.L,1986-10-31,0.030000001
BNKR.L,1987-01-30,0.053000003
BNKR.L,1987-04-30,0.036000002
BNKR.L,1987-07-31,0.036000002
BNKR.L,1987-10-30,0.036000002
BNKR.L,1988-01-29,0.052
BNKR.L,1988-04-25,0.042
BNKR.L,1988-07-18,0.042
BNKR.L,1988-10-17,0.042
BNKR.L,1989-01-16,0.066
BNKR.L,1989-04-17,0.055
BNKR.L,1989-07-17,0.055
BNKR.L,1989-10-16,0.055
BNKR.L,1990-01-15,0.066
BNKR.L,1990-04-09,0.066
BNKR.L,1990-07-23,0.066
BNKR.L,1990-10-22,0.066
BNKR.L,1990-12-31,0.08
BNKR.L,1991-04-15,0.08
BNKR.L,1991-07-15,0.08
BNKR.L,1991-10-14,0.08
BNKR.L,1992-01-13,0.08
BNKR.L,1992-04-06,0.085999995
BNKR.L,1992-07-13,0.085999995
BNKR.L,1992-10-19,0.085999995
BNKR.L,1993-01-18,0.085999995
BNKR.L,1993-04-19,0.089999996
BNKR.L,1993-07-19,0.089999996
BNKR.L,1993-10-18,0.089999996
BNKR.L,1994-01-17,0.098000005
BNKR.L,1994-04-11,0.097
BNKR.L,1994-07-18,0.097
BNKR.L,1994-10-17,0.097
BNKR.L,1994-12-28,0.099
BNKR.L,1995-04-03,0.10300001
BNKR.L,1995-07-17,0.10300001
BNKR.L,1995-10-16,0.10300001
BNKR.L,1996-01-08,0.113
BNKR.L,1996-04-29,0.113
BNKR.L,1996-07-15,0.113
BNKR.L,1996-10-14,0.113
BNKR.L,1997-01-20,0.127
BNKR.L,1997-04-21,0.125
BNKR.L,1997-07-21,0.125
BNKR.L,1997-10-20,0.125
BNKR.L,1998-01-26,0.15
BNKR.L,1998-04-27,0.141
BNKR.L,1998-07-27,0.141
BNKR.L,1998-10-26,0.141
BNKR.L,1999-01-25,0.044
BNKR.L,1999-04-26,0.149
BNKR.L,1999-07-26,0.149
BNKR.L,1999-10-25,0.149
BNKR.L,2000-01-24,0.153
BNKR.L,2000-04-25,0.155
BNKR.L,2000-07-24,0.155
BNKR.L,2000-10-23,0.155
BNKR.L,2001-01-22,0.17
BNKR.L,2001-04-25,0.164
BNKR.L,2001-07-25,0.164
BNKR.L,2001-10-24,0.164
BNKR.L,2002-01-30,0.166
BNKR.L,2002-05-08,0.168
BNKR.L,2002-07-31,0.168
BNKR.L,2002-10-30,0.168
BNKR.L,2003-01-22,0.174
BNKR.L,2003-05-07,0.174
BNKR.L,2003-07-30,0.174
BNKR.L,2003-10-29,0.174
BNKR.L,2004-01-28,0.183
BNKR.L,2004-04-28,0.183
BNKR.L,2004-07-27,0.183
BNKR.L,2004-10-27,0.183
BNKR.L,2005-01-26,0.198
BNKR.L,2005-04-27,0.194
BNKR.L,2005-07-27,0.194
BNKR.L,2005-10-26,0.194
BNKR.L,2006-01-25,0.24300002
BNKR.L,2006-04-26,0.22199999
BNKR.L,2006-07-26,0.22199999
BNKR.L,2006-10-25,0.252
BNKR.L,2007-01-24,0.252
BNKR.L,2007-04-25,0.252
BNKR.L,2007-07-25,0.252
BNKR.L,2007-10-24,0.26
BNKR.L,2008-01-23,0.26
BNKR.L,2008-04-30,0.26
BNKR.L,2008-07-23,0.26
BNKR.L,2008-10-22,0.29299998
BNKR.L,2009-02-04,0.29299998
BNKR.L,2009-04-29,0.275
BNKR.L,2009-07-22,0.275
BNKR.L,2009-10-28,0.3
BNKR.L,2010-02-03,0.3
BNKR.L,2010-04-28,0.3
BNKR.L,2010-07-28,0.3
BNKR.L,2010-10-27,0.3
BNKR.L,2011-02-02,0.31
BNKR.L,2011-05-04,0.3175
BNKR.L,2011-07-27,0.3175
BNKR.L,2011-10-26,0.3175
BNKR.L,2012-02-01,0.3175
BNKR.L,2012-05-02,0.32999998
BNKR.L,2012-07-25,0.32999998
BNKR.L,2012-10-24,0.32999998
BNKR.L,2013-01-30,0.343
BNKR.L,2013-05-01,0.3465
BNKR.L,2013-07-24,0.3465
BNKR.L,2013-10-23,0.35999998
BNKR.L,2014-01-29,0.35999998
BNKR.L,2014-04-30,0.35999998
BNKR.L,2014-07-23,0.37
BNKR.L,2014-10-23,0.37
BNKR.L,2015-01-29,0.38
BNKR.L,2015-04-30,0.39
BNKR.L,2015-07-23,0.39
BNKR.L,2015-10-22,0.4
BNKR.L,2016-01-28,0.4
BNKR.L,2016-04-14,0.4
BNKR.L,2016-07-28,0.4
BNKR.L,2016-10-27,0.44
BNKR.L,2017-01-26,0.46
BNKR.L,2017-04-20,0.44
BNKR.L,2017-07-27,0.47
BNKR.L,2017-10-26,0.47
BNKR.L,2018-01-25,0.48000002
BNKR.L,2018-04-26,0.48600003
BNKR.L,2018-07-26,0.48600003
BNKR.L,2018-10-25,0.5
BNKR.L,2019-01-24,0.5
BNKR.L,2019-04-25,0.51
BNKR.L,2019-07-25,0.51
BNKR.L,2019-10-24,0.535
BNKR.L,2020-01-23,0.535
BNKR.L,2020-04-23,0.535
BNKR.L,2020-07-23,0.535
BNKR.L,2020-10-22,0.542
BNKR.L,2021-01-28,0.542
BNKR.L,2021-04-29,0.538
BNKR.L,2021-07-29,0.538
BNKR.L,2021-10-28,0.55
BNKR.L,2022-01-27,0.55
BNKR.L,2022-04-28,0.55
BNKR.L,2022-07-28,0.538
BNKR.L,2022-10-27,0.6
BNKR.L,2023-01-26,0.6
BNKR.L,2023-04-27,0.62
BNKR.L,2023-07-27,0.62
BNKR.L,2023-10-26,0.65999997
BNKR.L,2024-01-25,0.65999997
BNKR.L,2024-04-25,0.672
BNKR.L,2024-07-25,0.672
BNKR.L,2024-10-24,0.672
BNKR.L,2025-01-23,0.672
BNKR.L,2025-04-24,0.686
BNKR.L,2025-07-24,0.686
BNKR.L,2025-10-23,0.686
BNZL.L,1993-03-29,2.8286002
BNZL.L,1993-10-04,2.3143
BNZL.L,1994-03-28,2.9571002
BNZL.L,1994-10-03,2.3143
BNZL.L,1995-03-27,4.1143
BNZL.L,1995-09-25,2.5714002
BNZL.L,1996-03-25,4.8856997
BNZL.L,1996-10-21,2.8286002
BNZL.L,1997-03-24,5.2714
BNZL.L,1997-11-24,2.9571002
BNZL.L,1998-05-26,5.7857
BNZL.L,1998-11-30,3.2143002
BNZL.L,1999-05-17,6.2357
BNZL.L,1999-11-29,3.5356998
BNZL.L,2000-05-15,7.1356997
BNZL.L,2000-11-20,3.9214
BNZL.L,2001-05-16,8.1643
BNZL.L,2001-11-21,4.3714004
BNZL.L,2002-05-08,8.9357
BNZL.L,2002-11-20,4.6929
BNZL.L,2003-05-07,9.7071
BNZL.L,2003-11-19,4.95
BNZL.L,2004-05-05,10.6071005
BNZL.L,2004-11-17,5.3357
BNZL.L,2005-05-04,11.764299
BNZL.L,2005-11-16,4.9
BNZL.L,2006-05-03,10.8
BNZL.L,2006-11-15,5.2999997
BNZL.L,2007-05-02,11.7
BNZL.L,2007-11-14,5.7999997
BNZL.L,2008-05-07,12.9
BNZL.L,2008-11-12,6.45
BNZL.L,2009-05-06,14.15
BNZL.L,2009-11-11,6.65
BNZL.L,2010-05-05,14.900001
BNZL.L,2010-11-10,7.1500006
BNZL.L,2011-05-11,16.2
BNZL.L,2011-11-09,8.05
BNZL.L,2012-05-09,18.3
BNZL.L,2012-11-07,9.7778
BNZL.L,2013-05-08,19.400002
BNZL.L,2013-11-06,10.0
BNZL.L,2014-05-07,22.400002
BNZL.L,2014-11-06,11.0
BNZL.L,2015-05-21,24.5
BNZL.L,2015-11-19,11.75
BNZL.L,2016-05-19,26.249998
BNZL.L,2016-11-17,13.0
BNZL.L,2017-05-25,29.0
BNZL.L,2017-11-16,14.0
BNZL.L,2018-05-24,32.0
BNZL.L,2018-11-15,15.2
BNZL.L,2019-05-23,35.0
BNZL.L,2019-11-14,15.5
BNZL.L,2020-10-15,35.8
BNZL.L,2020-12-03,15.800001
BNZL.L,2021-05-20,38.3
BNZL.L,2021-11-18,16.2
BNZL.L,2022-05-19,40.8
BNZL.L,2022-11-17,17.3
BNZL.L,2023-05-18,45.4
BNZL.L,2023-11-16,18.199999
BNZL.L,2024-05-16,50.1
BNZL.L,2024-11-14,20.1
BNZL.L,2025-05-22,53.8
BNZL.L,2025-11-13,20.2
BOOT.L,1993-05-10,0.86
BOOT.L,1993-11-01,0.34
BOOT.L,1994-04-25,0.96000004
BOOT.L,1994-10-24,0.37
BOOT.L,1995-05-01,1.05
BOOT.L,1995-10-23,0.39
BOOT.L,1996-04-29,1.11
BOOT.L,1996-10-21,0.42
BOOT.L,1997-04-28,1.1800001
BOOT.L,1997-10-20,0.46
BOOT.L,1998-04-27,1.24
BOOT.L,1998-10-19,0.5
BOOT.L,1999-05-04,1.3199999
BOOT.L,1999-10-18,0.54
BOOT.L,2000-04-25,1.46
BOOT.L,2000-10-09,0.6
BOOT.L,2001-04-25,1.6
BOOT.L,2001-10-03,0.65999997
BOOT.L,2002-05-22,1.76
BOOT.L,2002-10-02,0.71999997
BOOT.L,2003-05-21,1.96
BOOT.L,2003-10-01,0.8
BOOT.L,2004-05-19,2.16
BOOT.L,2004-09-29,0.88
BOOT.L,2005-05-11,2.4
BOOT.L,2005-10-12,0.98
BOOT.L,2006-05-10,2.8200002
BOOT.L,2006-10-11,1.08
BOOT.L,2007-05-09,3.32
BOOT.L,2007-10-10,1.25
BOOT.L,2008-05-07,3.7500002
BOOT.L,2008-10-01,1.25
BOOT.L,2009-05-13,3.7500002
BOOT.L,2009-09-30,1.25
BOOT.L,2010-03-03,1.25
BOOT.L,2010-10-06,1.35
BOOT.L,2011-04-27,2.15
BOOT.L,2011-10-05,1.65
BOOT.L,2012-05-02,2.6000001
BOOT.L,2012-10-03,1.8
BOOT.L,2013-05-01,2.8999999
BOOT.L,2013-09-25,1.95
BOOT.L,2014-04-30,3.15
BOOT.L,2014-09-24,2.1
BOOT.L,2015-04-30,3.5
BOOT.L,2015-09-24,2.3
BOOT.L,2016-04-28,3.8
BOOT.L,2016-09-22,2.5
BOOT.L,2017-04-27,4.5
BOOT.L,2017-09-21,2.8000002
BOOT.L,2018-04-26,5.2000003
BOOT.L,2018-09-20,3.2
BOOT.L,2019-04-25,5.7999997
BOOT.L,2019-09-19,3.7
BOOT.L,2020-06-11,1.3000001
BOOT.L,2020-09-17,2.2
BOOT.L,2021-04-29,3.3
BOOT.L,2021-09-23,2.42
BOOT.L,2022-05-05,3.6299999
BOOT.L,2022-09-29,2.6599998
BOOT.L,2023-05-04,4.0
BOOT.L,2023-09-28,2.93
BOOT.L,2024-05-02,4.4
BOOT.L,2024-09-19,3.08
BOOT.L,2025-05-01,4.62
BOOT.L,2025-10-02,3.24
BOWL.L,2017-02-23,0.19
BOWL.L,2017-06-15,1.8
BOWL.L,2018-02-01,7.28
BOWL.L,2018-06-14,2.0300002
BOWL.L,2019-01-31,8.56
BOWL.L,2019-06-13,2.27
BOWL.L,2020-01-30,9.660001
BOWL.L,2022-06-09,3.0
BOWL.L,2023-02-02,11.53
BOWL.L,2023-06-08,3.2699997
BOWL.L,2024-02-01,11.27
BOWL.L,2024-06-13,3.98
BOWL.L,2025-01-30,8.08
BOWL.L,2025-06-26,4.1
BOY.L,1993-05-24,1.7126
BOY.L,1993-11-15,1.096
BOY.L,1994-05-16,1.7811
BOY.L,1994-11-14,1.1783
BOY.L,1995-05-15,1.9728999
BOY.L,1995-11-20,1.3153
BOY.L,1996-05-28,2.2469
BOY.L,1996-11-25,1.5345
BOY.L,1997-06-02,2.797
BOY.L,1997-12-01,2.0395
BOY.L,1998-05-26,4.1722
BOY.L,1998-11-30,2.728
BOY.L,1999-06-01,4.9745
BOY.L,1999-11-29,3.1291
BOY.L,2000-06-05,5.6967
BOY.L,2000-11-27,3.4501002
BOY.L,2001-06-06,6.1781
BOY.L,2001-11-28,3.6106002
BOY.L,2002-06-05,6.1781
BOY.L,2002-11-27,3.6106002
BOY.L,2003-06-04,6.1781
BOY.L,2003-12-03,3.6106002
BOY.L,2004-03-24,6.65
BOY.L,2004-12-01,3.8864002
BOY.L,2005-06-08,6.65
BOY.L,2005-11-30,4.0591
BOY.L,2006-06-07,6.9955
BOY.L,2006-11-29,4.3182
BOY.L,2007-06-06,7.7727
BOY.L,2007-11-28,4.75
BOY.L,2008-06-04,9.0682
BOY.L,2008-11-26,5.0955
BOY.L,2009-04-01,5.35
BOY.L,2009-12-02,2.95
BOY.L,2010-04-07,5.35
BOY.L,2010-10-06,2.95
BOY.L,2011-04-06,5.75
BOY.L,2011-10-05,3.6
BOY.L,2012-04-04,7.2999997
BOY.L,2012-10-03,4.0
BOY.L,2013-04-10,8.299999
BOY.L,2013-10-02,4.4
BOY.L,2014-04-09,19.1
BOY.L,2014-10-01,4.6
BOY.L,2015-03-26,29.800001
BOY.L,2015-10-01,4.8
BOY.L,2016-04-21,20.3
BOY.L,2016-10-06,5.0
BOY.L,2017-04-20,10.8
BOY.L,2017-10-05,5.2999997
BOY.L,2018-04-19,37.1
BOY.L,2018-10-04,5.7
BOY.L,2019-04-18,33.3
BOY.L,2019-10-10,6.0
BOY.L,2020-08-27,13.3
BOY.L,2021-01-07,6.0
BOY.L,2021-04-22,13.400001
BOY.L,2021-10-07,6.2
BOY.L,2022-04-21,13.799999
BOY.L,2022-10-06,6.4
BOY.L,2023-04-20,14.900001
BOY.L,2023-10-05,6.7000003
BOY.L,2024-04-25,16.0
BOY.L,2024-10-03,6.8999996
BOY.L,2025-04-24,16.1
BOY.L,2025-10-02,6.8999996
BP-A.L,2000-01-17,4.0
BP-A.L,2000-07-03,4.0
BP-A.L,2001-01-02,4.0
BP-A.L,2001-07-04,4.0
BP-A.L,2002-01-09,4.0
BP-A.L,2002-07-03,4.0
BP-A.L,2003-01-08,4.0
BP-A.L,2003-07-02,4.0
BP-A.L,2004-01-14,4.0
BP-A.L,2004-07-14,4.0
BP-A.L,2005-01-05,4.0
BP-A.L,2005-07-06,4.0
BP-A.L,2006-01-04,4.0
BP-A.L,2006-07-05,4.0
BP-A.L,2007-01-03,4.0
BP-A.L,2007-07-11,4.0
BP-A.L,2008-01-02,4.0
BP-A.L,2008-07-02,4.0
BP-A.L,2009-01-07,4.0
BP-A.L,2009-07-01,4.0
BP-A.L,2010-01-06,4.0
BP-A.L,2010-06-30,4.0
BP-A.L,2011-01-05,4.0
BP-A.L,2011-07-06,4.0
BP-A.L,2012-01-04,4.0
BP-A.L,2012-07-04,4.0
BP-A.L,2013-01-02,4.4444
BP-A.L,2013-07-03,4.4444
BP-A.L,2013-12-31,4.4444
BP-A.L,2014-07-02,4.0
BP-A.L,2015-01-02,4.0
BP-A.L,2015-07-02,4.0
BP-A.L,2015-12-30,4.0
BP-A.L,2016-06-30,4.0
BP-A.L,2017-01-05,4.0
BP-A.L,2017-07-06,4.0
BP-A.L,2018-01-04,4.0
BP-A.L,2018-07-05,4.0
BP-A.L,2019-01-03,4.0
BP-A.L,2019-07-04,4.0
BP-A.L,2020-01-02,4.0
BP-A.L,2020-07-02,4.0
BP-A.L,2020-12-31,4.0
BP-A.L,2021-07-01,4.0
BP-A.L,2021-12-30,4.0
BP-A.L,2022-06-30,4.0
BP-A.L,2022-12-29,4.0
BP-A.L,2023-06-29,4.0
BP-A.L,2023-12-28,4.0
BP-A.L,2024-06-27,4.0
BP-A.L,2024-12-24,4.0
BP-A.L,2025-06-26,4.0
BP-B.L,2000-01-17,4.5
BP-B.L,2000-07-03,4.5
BP-B.L,2001-01-02,4.5
BP-B.L,2001-07-04,4.5
BP-B.L,2002-01-09,4.5
BP-B.L,2002-07-03,4.5
BP-B.L,2003-01-08,4.5
BP-B.L,2003-07-02,4.5
BP-B.L,2004-01-14,4.5
BP-B.L,2004-07-14,4.5
BP-B.L,2005-01-05,4.5
BP-B.L,2005-07-06,4.5
BP-B.L,2006-01-04,4.5
BP-B.L,2006-07-05,4.5
BP-B.L,2007-01-03,4.5
BP-B.L,2007-07-11,4.5
BP-B.L,2008-01-02,4.5
BP-B.L,2008-07-02,4.5
BP-B.L,2009-01-07,4.5
BP-B.L,2009-07-01,4.5
BP-B.L,2010-01-06,4.5
BP-B.L,2010-06-30,4.5
BP-B.L,2011-01-05,4.5
BP-B.L,2011-07-06,4.5
BP-B.L,2012-01-04,4.5
BP-B.L,2012-07-04,5.0
BP-B.L,2013-01-02,5.0
BP-B.L,2013-07-03,5.0
BP-B.L,2013-12-31,5.0
BP-B.L,2014-07-02,4.5
BP-B.L,2015-01-02,4.5
BP-B.L,2015-07-02,4.5
BP-B.L,2015-12-30,4.5
BP-B.L,2016-06-30,4.5
BP-B.L,2017-01-05,4.5
BP-B.L,2017-07-06,4.5
BP-B.L,2018-01-04,4.5
BP-B.L,2018-07-05,4.5
BP-B.L,2019-01-03,4.0
BP-B.L,2019-07-04,4.0
BP-B.L,2020-01-02,4.5
BP-B.L,2020-07-02,4.5
BP-B.L,2020-12-31,4.5
BP-B.L,2021-07-01,4.5
BP-B.L,2021-12-30,4.5
BP-B.L,2022-06-30,4.5
BP-B.L,2022-12-29,4.5
BP-B.L,2023-06-29,4.5
BP-B.L,2023-12-28,4.5
BP-B.L,2024-06-27,4.5
BP-B.L,2024-12-24,4.5
BP-B.L,2025-06-26,4.5
BP.L,1993-02-15,1.05
BP.L,1993-05-10,1.05
BP.L,1993-08-16,1.05
BP.L,1993-11-15,1.05
BP.L,1994-02-14,1.05
BP.L,1994-05-16,1.25
BP.L,1994-08-08,1.25
BP.L,1994-11-07,1.25
BP.L,1995-02-20,1.5
BP.L,1995-05-15,1.5
BP.L,1995-08-14,2.0
BP.L,1995-11-13,2.0
BP.L,1996-02-19,2.125
BP.L,1996-05-13,2.125
BP.L,1996-08-12,2.5
BP.L,1996-11-11,2.5
BP.L,1997-02-17,2.625
BP.L,1997-05-12,2.625
BP.L,1997-08-11,2.75
BP.L,1997-11-10,2.75
BP.L,1998-02-16,2.875
BP.L,1998-05-11,2.625
BP.L,1998-08-10,3.0
BP.L,1998-11-09,3.0
BP.L,1999-03-01,3.06
BP.L,1999-05-17,3.095
BP.L,1999-08-16,3.1
BP.L,1999-11-17,3.03
BP.L,2000-02-23,3.1
BP.L,2000-05-15,3.22
BP.L,2000-08-14,3.3500001
BP.L,2000-11-13,3.6
BP.L,2001-02-21,3.6200001
BP.L,2001-05-16,3.6699998
BP.L,2001-08-15,3.9099998
BP.L,2001-11-14,3.81
BP.L,2002-02-20,4.0600004
BP.L,2002-05-15,4.05
BP.L,2002-08-14,3.88
BP.L,2002-11-13,3.9
BP.L,2003-02-26,3.82
BP.L,2003-05-14,3.9500003
BP.L,2003-08-13,4.04
BP.L,2003-11-12,3.8600001
BP.L,2004-02-18,3.6699998
BP.L,2004-05-12,3.81
BP.L,2004-08-11,3.8600001
BP.L,2004-11-10,3.9099998
BP.L,2005-02-16,4.52
BP.L,2005-05-11,4.4500003
BP.L,2005-08-10,5.12
BP.L,2005-11-09,5.06
BP.L,2006-02-22,5.29
BP.L,2006-05-10,5.25
BP.L,2006-08-09,5.3199997
BP.L,2006-11-08,5.2400002
BP.L,2007-02-21,5.26
BP.L,2007-05-09,5.151
BP.L,2007-08-08,5.278
BP.L,2007-11-07,5.308
BP.L,2008-02-20,6.813
BP.L,2008-05-14,6.83
BP.L,2008-08-13,7.04
BP.L,2008-11-12,8.705
BP.L,2009-02-18,9.82
BP.L,2009-05-13,9.584
BP.L,2009-08-12,8.51
BP.L,2009-11-11,8.512
BP.L,2010-02-17,8.68
BP.L,2011-02-09,4.337
BP.L,2011-05-11,4.281
BP.L,2011-08-03,4.316
BP.L,2011-11-02,4.4690003
BP.L,2012-02-15,5.096
BP.L,2012-05-09,5.149
BP.L,2012-08-08,5.017
BP.L,2012-11-07,5.589
BP.L,2013-02-13,6.0013
BP.L,2013-05-08,5.8342
BP.L,2013-08-07,5.763
BP.L,2013-11-06,5.8008
BP.L,2014-02-12,5.7065
BP.L,2014-05-07,5.8071
BP.L,2014-08-06,5.9593
BP.L,2014-11-06,6.3768997
BP.L,2015-02-12,6.6699
BP.L,2015-05-07,6.5295005
BP.L,2015-08-06,6.5488005
BP.L,2015-11-05,6.6342006
BP.L,2016-02-11,7.0125
BP.L,2016-05-05,6.9167004
BP.L,2016-08-04,7.5578
BP.L,2016-11-10,7.9313
BP.L,2017-02-16,8.1587
BP.L,2017-05-11,7.7563004
BP.L,2017-08-10,7.6213
BP.L,2017-11-09,7.4435005
BP.L,2018-02-15,7.1691
BP.L,2018-05-10,7.4435005
BP.L,2018-08-09,7.9296002
BP.L,2018-11-08,8.0251
BP.L,2019-02-14,7.7381997
BP.L,2019-05-09,8.0655
BP.L,2019-08-08,8.3475
BP.L,2019-11-07,7.825
BP.L,2020-02-13,8.1558
BP.L,2020-05-07,8.3421
BP.L,2020-08-13,4.0433
BP.L,2020-11-05,3.9169
BP.L,2021-02-18,3.7684002
BP.L,2021-05-06,3.7117999
BP.L,2021-08-12,3.9529
BP.L,2021-11-11,4.1045
BP.L,2022-02-17,4.1595
BP.L,2022-05-12,4.3556
BP.L,2022-08-11,5.1684
BP.L,2022-11-10,4.9402
BP.L,2023-02-16,5.5507
BP.L,2023-05-11,5.3089
BP.L,2023-08-10,5.732
BP.L,2023-11-09,5.7367
BP.L,2024-02-15,5.6922
BP.L,2024-05-16,5.6825
BP.L,2024-08-08,6.0498
BP.L,2024-11-07,6.2959
BP.L,2025-02-20,6.1761
BP.L,2025-05-15,5.8993
BP.L,2025-08-14,6.1942
BP.L,2025-11-13,6.224109
BPCP.L,2021-11-18,0.9719544
BPCP.L,2022-03-03,0.98070663
BPCP.L,2022-05-05,1.0472091
BPCP.L,2022-08-25,1.1094477
BPCP.L,2022-10-20,5.5575
BPCP.L,2023-03-30,2.0214825
BPCP.L,2023-04-27,1.0494534
BPCP.L,2023-08-17,1.0267124
BPCP.L,2023-12-07,2.228321
BPCP.L,2024-02-15,1.7630278
BPCP.L,2024-03-28,1.0368111
BPCP.L,2024-07-04,1.025665
BPCP.L,2025-01-30,1.7404364
BPCP.L,2025-04-03,1.0095818
BPCP.L,2025-09-25,2.4161
BPCR.L,2017-09-28,0.01
BPCR.L,2017-12-14,0.01
BPCR.L,2018-03-07,0.011
BPCR.L,2018-03-08,0.021
BPCR.L,2018-05-31,0.0134
BPCR.L,2018-08-30,0.0175
BPCR.L,2018-11-01,0.0175
BPCR.L,2019-02-28,0.019274
BPCR.L,2019-05-23,0.0175
BPCR.L,2019-08-15,0.0175
BPCR.L,2019-11-14,0.0175
BPCR.L,2020-02-27,0.0303
BPCR.L,2020-05-21,0.0175
BPCR.L,2020-08-20,0.0175
BPCR.L,2020-11-19,0.0176
BPCR.L,2021-03-18,0.020401
BPCR.L,2021-06-03,0.0175
BPCR.L,2021-08-19,0.0175
BPCR.L,2021-11-18,0.0175
BPCR.L,2022-03-03,0.0175
BPCR.L,2022-05-05,0.0175
BPCR.L,2022-08-25,0.0175
BPCR.L,2022-10-20,0.0625
BPCR.L,2023-03-30,0.033291
BPCR.L,2023-04-27,0.0175
BPCR.L,2023-08-17,0.0175
BPCR.L,2023-12-07,0.0375
BPCR.L,2024-02-15,0.029579
BPCR.L,2024-03-28,0.0175
BPCR.L,2024-07-04,0.0175
BPCR.L,2024-09-26,0.037892
BPCR.L,2025-01-30,0.028923
BPCR.L,2025-04-03,0.0175
BPCR.L,2025-06-26,0.0175
BPCR.L,2025-09-25,0.0325
BPT.L,2022-04-21,3.64
BPT.L,2022-08-18,4.0
BPT.L,2023-04-27,4.0
BPT.L,2023-08-17,4.4
BPT.L,2024-04-18,4.4
BPT.L,2024-09-19,4.6
BPT.L,2025-04-24,4.6
BPT.L,2025-09-18,4.7
BRAI.L,2013-02-20,1.0
BRAI.L,2013-05-22,1.0
BRAI.L,2013-08-14,1.0
BRAI.L,2013-10-09,1.0
BRAI.L,2014-02-19,1.0
BRAI.L,2014-05-21,1.0
BRAI.L,2014-08-13,1.0
BRAI.L,2014-11-13,1.0
BRAI.L,2015-02-19,1.0
BRAI.L,2015-05-21,1.1
BRAI.L,2015-08-13,1.1
BRAI.L,2015-11-19,1.1
BRAI.L,2016-03-03,1.1
BRAI.L,2016-05-19,1.2
BRAI.L,2016-08-18,1.2
BRAI.L,2016-11-24,1.2
BRAI.L,2017-03-02,1.2
BRAI.L,2017-05-18,1.25
BRAI.L,2017-08-17,1.25
BRAI.L,2017-11-23,1.25
BRAI.L,2018-03-15,2.0
BRAI.L,2018-05-24,2.0
BRAI.L,2018-08-23,2.0
BRAI.L,2018-11-29,2.0
BRAI.L,2019-03-14,2.0
BRAI.L,2019-05-23,2.0
BRAI.L,2019-08-22,2.0
BRAI.L,2019-11-28,2.0
BRAI.L,2020-04-02,2.0
BRAI.L,2020-05-21,2.0
BRAI.L,2020-08-20,2.0
BRAI.L,2020-11-26,2.0
BRAI.L,2021-04-01,2.0
BRAI.L,2021-05-20,2.0
BRAI.L,2021-08-19,2.0
BRAI.L,2021-11-25,2.0
BRAI.L,2022-03-31,2.0
BRAI.L,2022-05-19,2.0
BRAI.L,2022-08-18,2.0
BRAI.L,2022-11-24,2.0
BRAI.L,2023-03-30,2.0
BRAI.L,2023-05-18,2.0
BRAI.L,2023-08-17,2.0
BRAI.L,2023-11-23,2.0
BRAI.L,2024-03-28,2.0
BRAI.L,2024-06-06,2.0
BRAI.L,2024-08-15,2.0
BRAI.L,2024-11-21,2.0
BRAI.L,2025-04-10,2.0
BRAI.L,2025-06-05,3.03
BRAI.L,2025-08-14,3.23
BRAI.L,2025-11-13,3.44
BRBY.L,2003-01-22,1.0
BRBY.L,2003-07-23,2.0
BRBY.L,2004-01-21,1.5
BRBY.L,2004-07-21,3.0
BRBY.L,2005-01-19,2.0
BRBY.L,2005-07-20,4.5
BRBY.L,2006-01-04,2.5
BRBY.L,2006-07-05,5.5
BRBY.L,2007-01-03,2.8799999
BRBY.L,2007-07-04,7.625
BRBY.L,2008-01-02,3.3500001
BRBY.L,2008-07-02,8.65
BRBY.L,2008-12-31,3.3500001
BRBY.L,2009-07-01,8.65
BRBY.L,2010-01-06,3.5
BRBY.L,2010-07-07,10.5
BRBY.L,2010-12-29,5.0
BRBY.L,2011-07-06,15.000001
BRBY.L,2011-12-28,7.0
BRBY.L,2012-07-04,18.0
BRBY.L,2012-12-19,8.0
BRBY.L,2013-07-03,21.0
BRBY.L,2013-12-23,8.8
BRBY.L,2014-07-02,23.199999
BRBY.L,2014-12-29,9.700001
BRBY.L,2015-07-02,25.5
BRBY.L,2015-12-24,10.2
BRBY.L,2016-07-07,26.800001
BRBY.L,2016-12-22,10.5
BRBY.L,2017-07-06,28.400002
BRBY.L,2017-12-21,11.0
BRBY.L,2018-06-28,30.300001
BRBY.L,2018-12-20,11.0
BRBY.L,2019-06-27,31.5
BRBY.L,2019-12-19,11.3
BRBY.L,2021-07-01,42.5
BRBY.L,2021-12-16,11.599999
BRBY.L,2022-06-30,35.4
BRBY.L,2022-12-15,16.5
BRBY.L,2023-06-29,44.5
BRBY.L,2023-12-14,18.3
BRBY.L,2024-06-27,42.699997
BRCK.L,2019-12-05,0.87
BRCK.L,2020-09-24,1.085
BRCK.L,2021-01-28,0.86780006
BRCK.L,2021-08-26,1.085
BRCK.L,2022-01-27,0.96000004
BRCK.L,2022-08-25,2.04
BRCK.L,2023-01-26,1.01
BRCK.L,2023-08-24,2.15
BRCK.L,2024-01-25,1.07
BRCK.L,2024-08-29,2.28
BRCK.L,2025-01-23,1.12
BRCK.L,2025-09-04,2.39
BREE.L,2021-08-12,2.5
BREE.L,2022-04-21,5.5
BREE.L,2022-08-25,3.5
BREE.L,2023-04-06,7.0
BREE.L,2023-10-12,4.0
BREE.L,2024-04-04,9.5
BREE.L,2024-09-26,4.5
BREE.L,2025-04-03,10.0
BREE.L,2025-10-02,4.75
BRFI.L,2012-01-25,1.8915
BRFI.L,2012-05-23,0.77459997
BRFI.L,2013-01-30,1.6459999
BRFI.L,2013-06-05,3.4497998
BRFI.L,2014-06-04,1.3269
BRFI.L,2015-01-29,2.6234999
BRFI.L,2015-06-04,1.5069001
BRFI.L,2016-01-28,2.8327
BRFI.L,2016-06-02,1.83
BRFI.L,2017-01-26,3.2148998
BRFI.L,2017-06-08,2.1081
BRFI.L,2018-01-04,2.9629
BRFI.L,2018-05-31,2.2441
BRFI.L,2019-01-03,4.039578
BRFI.L,2019-06-06,2.3825
BRFI.L,2020-01-02,3.6164
BRFI.L,2020-06-04,2.1739001
BRFI.L,2020-12-31,3.1122
BRFI.L,2021-06-10,1.9483
BRFI.L,2022-01-06,3.1782002
BRFI.L,2022-06-01,2.204
BRFI.L,2023-01-05,3.4377
BRFI.L,2023-06-15,2.4412
BRFI.L,2024-01-04,3.8614001
BRFI.L,2024-06-13,2.7521
BRFI.L,2025-01-09,4.8117
BRFI.L,2025-06-05,2.7016
BRGE.L,2005-10-26,1.6
BRGE.L,2006-10-25,2.0
BRGE.L,2007-10-24,2.4
BRGE.L,2008-10-29,3.0
BRGE.L,2009-10-28,3.15
BRGE.L,2010-10-27,3.3
BRGE.L,2011-10-26,6.0
BRGE.L,2012-10-24,4.2
BRGE.L,2013-10-30,5.5
BRGE.L,2014-04-30,1.5
BRGE.L,2014-10-30,3.2
BRGE.L,2015-04-30,1.65
BRGE.L,2015-11-05,3.3500001
BRGE.L,2016-04-28,1.65
BRGE.L,2016-11-03,3.6499999
BRGE.L,2017-05-04,1.75
BRGE.L,2017-11-02,3.7
BRGE.L,2018-05-03,1.75
BRGE.L,2018-11-01,4.0
BRGE.L,2019-05-09,1.75
BRGE.L,2019-10-31,4.1
BRGE.L,2020-05-14,1.75
BRGE.L,2020-10-29,4.4
BRGE.L,2021-05-06,1.75
BRGE.L,2021-11-18,4.5499997
BRGE.L,2022-05-19,1.75
BRGE.L,2022-11-17,4.8500004
BRGE.L,2023-05-18,1.75
BRGE.L,2023-11-16,5.0
BRGE.L,2024-05-23,1.75
BRGE.L,2024-11-21,5.25
BRGE.L,2025-05-22,1.75
BRGE.L,2025-11-20,5.4
BRIG.L,2002-08-07,1.1
BRIG.L,2003-01-29,2.18
BRIG.L,2003-07-30,1.22
BRIG.L,2004-02-04,1.85
BRIG.L,2004-08-04,1.55
BRIG.L,2005-02-02,2.0
BRIG.L,2005-08-03,1.6
BRIG.L,2006-02-01,2.4
BRIG.L,2006-08-02,1.75
BRIG.L,2007-01-31,2.85
BRIG.L,2007-05-16,3.0
BRIG.L,2008-01-30,2.0
BRIG.L,2008-07-30,1.8
BRIG.L,2009-01-28,3.5500002
BRIG.L,2009-07-29,1.8
BRIG.L,2010-01-27,3.3
BRIG.L,2010-07-28,1.8
BRIG.L,2011-01-26,3.3
BRIG.L,2011-07-27,1.8
BRIG.L,2012-01-25,3.3
BRIG.L,2012-07-25,1.8
BRIG.L,2013-02-13,3.4499998
BRIG.L,2013-07-24,2.0
BRIG.L,2014-02-12,3.5
BRIG.L,2014-07-02,2.2
BRIG.L,2015-02-12,3.5
BRIG.L,2015-07-02,2.4
BRIG.L,2016-02-11,3.6
BRIG.L,2016-07-14,2.4
BRIG.L,2017-02-16,3.9
BRIG.L,2017-07-13,2.5
BRIG.L,2018-02-01,4.1
BRIG.L,2018-07-26,2.5
BRIG.L,2019-02-07,4.4
BRIG.L,2019-07-25,2.6000001
BRIG.L,2020-02-06,4.6
BRIG.L,2020-07-23,2.6000001
BRIG.L,2021-02-11,4.6
BRIG.L,2021-07-22,2.6000001
BRIG.L,2022-02-03,4.6
BRIG.L,2022-07-21,2.6000001
BRIG.L,2023-02-09,4.7
BRIG.L,2023-07-20,2.6000001
BRIG.L,2024-02-08,4.8
BRIG.L,2024-07-25,2.7
BRIG.L,2025-02-06,4.9
BRIG.L,2025-07-24,2.7
BRK.L,2005-09-28,1.0
BRK.L,2006-09-20,1.5
BRK.L,2007-09-26,2.25
BRK.L,2008-09-24,3.5
BRK.L,2009-09-23,5.5
BRK.L,2010-03-24,3.0
BRK.L,2010-09-22,6.0
BRK.L,2011-03-23,5.0
BRK.L,2011-09-21,10.0
BRK.L,2012-03-21,6.0
BRK.L,2012-09-19,12.5
BRK.L,2013-03-20,6.5
BRK.L,2013-09-18,16.0
BRK.L,2014-03-19,7.0
BRK.L,2014-09-24,19.0
BRK.L,2015-03-19,10.0
BRK.L,2015-09-24,20.5
BRK.L,2016-03-24,12.0
BRK.L,2016-09-29,23.0
BRK.L,2017-03-23,15.000001
BRK.L,2017-09-28,26.0
BRK.L,2018-03-22,17.0
BRK.L,2018-09-27,30.000002
BRK.L,2019-03-21,19.0
BRK.L,2019-09-26,32.0
BRK.L,2020-03-26,21.0
BRK.L,2020-09-24,32.0
BRK.L,2021-03-18,23.0
BRK.L,2021-09-23,40.0
BRK.L,2022-03-17,26.0
BRK.L,2022-09-22,45.0
BRK.L,2023-03-09,28.0
BRK.L,2023-09-21,47.0
BRK.L,2024-03-14,29.0
BRK.L,2024-09-19,49.0
BRK.L,2025-03-13,30.000002
BRK.L,2025-09-18,51.0
BRLA.L,1992-04-06,0.2856
BRLA.L,2004-03-10,0.31
BRLA.L,2004-10-06,1.04
BRLA.L,2005-03-23,1.55
BRLA.L,2005-10-05,1.39
BRLA.L,2006-04-12,6.5
BRLA.L,2006-04-13,3.765
BRLA.L,2006-08-16,1.3109001
BRLA.L,2007-02-28,3.311
BRLA.L,2007-08-15,1.25
BRLA.L,2008-02-27,7.08
BRLA.L,2008-08-13,1.2559999
BRLA.L,2009-02-25,6.515
BRLA.L,2009-08-12,1.5189999
BRLA.L,2010-03-03,7.7310004
BRLA.L,2010-08-11,3.342
BRLA.L,2011-03-02,12.135
BRLA.L,2011-08-17,3.1139998
BRLA.L,2012-03-14,15.6
BRLA.L,2012-08-22,3.145
BRLA.L,2013-03-20,16.316
BRLA.L,2013-09-04,9.4177
BRLA.L,2014-03-26,8.9445
BRLA.L,2014-09-03,9.1779995
BRLA.L,2015-03-26,10.19
BRLA.L,2015-09-03,9.6681
BRLA.L,2016-03-24,4.1809
BRLA.L,2016-09-22,4.9188
BRLA.L,2017-03-23,7.0205
BRLA.L,2017-10-05,4.5572
BRLA.L,2018-04-26,5.2568
BRLA.L,2018-07-12,5.8684
BRLA.L,2018-10-11,6.0773
BRLA.L,2019-01-10,6.229
BRLA.L,2019-04-11,6.6091003
BRLA.L,2019-07-11,7.5136995
BRLA.L,2019-10-10,6.2424
BRLA.L,2020-01-09,7.0048
BRLA.L,2020-04-09,3.7229002
BRLA.L,2020-07-09,4.3252
BRLA.L,2020-10-08,4.1906
BRLA.L,2021-01-14,5.4523
BRLA.L,2021-04-15,5.0139
BRLA.L,2021-07-08,5.6755
BRLA.L,2021-10-14,4.7633
BRLA.L,2022-01-13,4.6158
BRLA.L,2022-04-14,6.1053
BRLA.L,2022-07-14,4.7665997
BRLA.L,2022-10-13,5.3756
BRLA.L,2023-01-12,15.6019
BRLA.L,2023-04-13,4.645515
BRLA.L,2023-07-13,5.8814
BRLA.L,2023-10-12,5.7376003
BRLA.L,2024-01-11,6.333
BRLA.L,2024-04-11,5.9637
BRLA.L,2024-07-11,4.7502
BRLA.L,2024-10-10,4.8279
BRLA.L,2025-01-09,4.0045
BRLA.L,2025-04-10,4.1712003
BRLA.L,2025-07-10,4.9995003
BRLA.L,2025-10-09,5.2748
BRSC.L,1975-10-13,0.1667
BRSC.L,1976-04-20,0.2917
BRSC.L,1976-10-12,0.20830001
BRSC.L,1977-04-25,0.3542
BRSC.L,1977-10-17,0.25
BRSC.L,1978-04-24,0.425
BRSC.L,1978-10-16,0.0783
BRSC.L,1979-04-23,0.12799999
BRSC.L,1979-10-08,0.0938
BRSC.L,1980-04-28,0.1718
BRSC.L,1980-10-13,0.1095
BRSC.L,1981-04-10,0.19049999
BRSC.L,1981-10-12,0.1095
BRSC.L,1982-04-19,0.20930001
BRSC.L,1982-10-04,0.1095
BRSC.L,1983-04-25,0.225
BRSC.L,1983-10-17,0.1188
BRSC.L,1984-06-04,0.2375
BRSC.L,1984-10-15,0.1188
BRSC.L,1985-06-03,0.2688
BRSC.L,1985-10-14,0.125
BRSC.L,1986-06-02,0.303
BRSC.L,1986-10-13,0.1345
BRSC.L,1987-06-01,0.33130002
BRSC.L,1987-10-26,0.15630001
BRSC.L,1988-05-24,1.4000001
BRSC.L,1988-10-17,0.675
BRSC.L,1989-05-22,1.575
BRSC.L,1989-10-16,0.75
BRSC.L,1990-05-29,1.8750001
BRSC.L,1990-10-22,0.875
BRSC.L,1991-05-20,2.1875
BRSC.L,1991-10-14,0.9
BRSC.L,1992-05-11,2.35
BRSC.L,1992-10-19,0.94
BRSC.L,1993-05-10,2.51
BRSC.L,1993-10-18,0.94
BRSC.L,1994-04-25,2.63
BRSC.L,1994-10-17,0.94
BRSC.L,1995-05-15,2.74
BRSC.L,1995-11-13,1.68
BRSC.L,1996-06-03,2.77
BRSC.L,1996-10-21,0.94
BRSC.L,1997-06-02,2.86
BRSC.L,1997-10-20,0.94
BRSC.L,1998-06-01,2.92
BRSC.L,1998-10-19,0.99
BRSC.L,1999-05-24,3.01
BRSC.L,1999-10-25,1.68
BRSC.L,2000-05-15,2.52
BRSC.L,2000-10-23,1.71
BRSC.L,2001-05-16,2.6200001
BRSC.L,2001-10-17,1.71
BRSC.L,2002-05-22,2.6200001
BRSC.L,2002-10-16,1.71
BRSC.L,2003-05-14,2.6200001
BRSC.L,2003-10-15,1.71
BRSC.L,2004-05-12,2.71
BRSC.L,2004-10-20,1.75
BRSC.L,2005-04-27,2.77
BRSC.L,2005-10-19,1.79
BRSC.L,2006-05-03,2.83
BRSC.L,2006-10-18,1.83
BRSC.L,2007-05-02,2.93
BRSC.L,2007-10-17,1.89
BRSC.L,2008-05-07,4.2599998
BRSC.L,2008-10-15,1.95
BRSC.L,2009-06-03,3.8
BRSC.L,2009-10-14,2.0
BRSC.L,2010-05-12,4.1
BRSC.L,2010-10-20,2.2
BRSC.L,2011-05-11,4.8
BRSC.L,2011-10-26,2.42
BRSC.L,2012-05-30,5.98
BRSC.L,2012-11-07,3.5
BRSC.L,2013-05-29,6.5
BRSC.L,2013-10-30,4.6
BRSC.L,2014-05-14,7.4
BRSC.L,2014-11-06,5.5
BRSC.L,2015-05-21,9.0
BRSC.L,2015-11-05,7.0
BRSC.L,2016-05-19,10.5
BRSC.L,2016-11-03,8.0
BRSC.L,2017-05-18,13.0
BRSC.L,2017-11-09,10.0
BRSC.L,2018-05-17,16.0
BRSC.L,2018-11-08,12.0
BRSC.L,2019-05-16,19.2
BRSC.L,2019-11-14,12.8
BRSC.L,2020-06-11,19.699999
BRSC.L,2020-11-12,12.8
BRSC.L,2021-05-20,20.5
BRSC.L,2021-11-11,13.0
BRSC.L,2022-05-12,22.0
BRSC.L,2022-11-10,14.5
BRSC.L,2023-05-18,25.5
BRSC.L,2023-11-02,15.000001
BRSC.L,2024-05-23,27.000002
BRSC.L,2024-10-31,15.5
BRSC.L,2025-05-15,28.5
BRSC.L,2025-11-06,16.0
BRWM.L,1995-04-03,0.77
BRWM.L,1996-04-15,1.0
BRWM.L,1997-04-07,1.15
BRWM.L,1998-03-02,0.85
BRWM.L,1999-03-01,2.35
BRWM.L,2000-02-28,1.2
BRWM.L,2001-02-14,1.3000001
BRWM.L,2002-02-13,3.15
BRWM.L,2003-02-12,1.6
BRWM.L,2004-02-25,1.7
BRWM.L,2005-02-23,2.5
BRWM.L,2006-02-22,2.8000002
BRWM.L,2007-02-21,4.5
BRWM.L,2008-02-20,5.5
BRWM.L,2009-02-18,5.5
BRWM.L,2010-03-17,4.75
BRWM.L,2011-03-30,6.0
BRWM.L,2012-03-07,14.0
BRWM.L,2012-08-22,7.0
BRWM.L,2013-03-06,14.0
BRWM.L,2013-08-28,7.0
BRWM.L,2014-03-05,14.0
BRWM.L,2014-08-27,7.0
BRWM.L,2015-03-26,14.0
BRWM.L,2015-08-27,7.0
BRWM.L,2016-03-24,14.0
BRWM.L,2016-08-25,4.0
BRWM.L,2017-03-16,9.0
BRWM.L,2017-06-01,3.0
BRWM.L,2017-08-17,3.0
BRWM.L,2017-11-23,3.0
BRWM.L,2018-03-22,6.6
BRWM.L,2018-05-31,3.0
BRWM.L,2018-08-23,3.0
BRWM.L,2018-11-22,3.0
BRWM.L,2019-03-21,9.0
BRWM.L,2019-05-30,4.0
BRWM.L,2019-08-29,4.0
BRWM.L,2019-11-21,4.0
BRWM.L,2020-03-19,10.0
BRWM.L,2020-05-28,4.0
BRWM.L,2020-08-27,4.0
BRWM.L,2020-11-19,4.0
BRWM.L,2021-03-18,8.299999
BRWM.L,2021-05-27,4.5
BRWM.L,2021-08-26,5.5
BRWM.L,2021-11-25,5.5
BRWM.L,2022-03-17,27.000002
BRWM.L,2022-05-26,5.5
BRWM.L,2022-09-01,5.5
BRWM.L,2022-11-24,5.5
BRWM.L,2023-03-09,23.5
BRWM.L,2023-05-04,5.5
BRWM.L,2023-09-07,5.5
BRWM.L,2023-11-23,5.5
BRWM.L,2024-03-21,17.0
BRWM.L,2024-05-30,5.5
BRWM.L,2024-09-05,5.5
BRWM.L,2024-11-28,5.5
BRWM.L,2025-03-20,6.5
BRWM.L,2025-05-29,5.5
BRWM.L,2025-09-11,5.5
BRWM.L,2025-11-27,5.5
BSC.L,2005-03-30,5.0
BSC.L,2006-01-11,2.0
BSC.L,2007-04-11,2.0
BSC.L,2007-10-31,1.5
BSC.L,2008-04-09,1.5
BSC.L,2008-08-27,2.0
BSC.L,2009-04-01,2.0
BSC.L,2009-09-02,2.0
BSC.L,2009-09-30,2.0
BSC.L,2010-04-28,2.0
BSC.L,2010-09-01,0.056
BSC.L,2011-05-11,2.0
BSC.L,2011-08-10,2.0
BSC.L,2012-04-18,2.0
BSC.L,2012-09-26,2.5
BSC.L,2013-05-01,2.5
BSC.L,2013-08-28,2.0
BSC.L,2014-05-28,2.5
BSC.L,2014-09-03,2.0
BSC.L,2015-05-07,2.5
BSC.L,2015-08-27,2.0
BSC.L,2016-04-07,2.5
BSC.L,2016-08-25,2.0
BSC.L,2017-03-30,1.5
BSC.L,2017-08-31,1.5
BSC.L,2018-03-29,1.5
BSC.L,2018-08-30,1.5
BSC.L,2019-01-17,5.0
BSC.L,2019-04-04,1.5
BSC.L,2019-08-22,1.5
BSC.L,2020-04-09,2.0
BSC.L,2020-08-20,1.5
BSC.L,2021-02-04,1.5
BSC.L,2021-09-23,1.5
BSC.L,2021-10-14,5.0
BSC.L,2022-03-31,1.5
BSC.L,2022-09-01,1.5
BSC.L,2022-11-17,2.25
BSC.L,2023-05-11,1.5
BSC.L,2023-10-05,1.5
BSC.L,2024-05-30,1.5
BSC.L,2024-10-03,1.5
BSC.L,2024-12-24,1.0
BSC.L,2025-05-22,1.5
BSC.L,2025-09-25,1.5
BSIF.L,2014-02-26,1.995
BSIF.L,2014-09-17,1.995
BSIF.L,2014-11-13,3.2419
BSIF.L,2015-05-07,0.9975
BSIF.L,2015-08-06,1.4962
BSIF.L,2015-10-08,1.4962
BSIF.L,2015-11-12,3.2419
BSIF.L,2016-05-05,0.9975
BSIF.L,2016-08-18,1.4962
BSIF.L,2016-10-13,1.4962
BSIF.L,2016-10-14,3.25
BSIF.L,2017-05-18,0.9975
BSIF.L,2017-08-17,1.4962
BSIF.L,2017-09-28,1.4962
BSIF.L,2018-01-18,1.7954999
BSIF.L,2018-04-26,1.7954999
BSIF.L,2018-08-09,1.7954999
BSIF.L,2018-10-04,2.0249
BSIF.L,2019-01-31,1.8952001
BSIF.L,2019-05-09,1.8952001
BSIF.L,2019-08-01,1.8952001
BSIF.L,2019-10-03,2.6035
BSIF.L,2020-02-06,1.9451
BSIF.L,2020-05-07,1.9451
BSIF.L,2020-08-06,1.9451
BSIF.L,2020-10-01,2.0449
BSIF.L,2021-02-04,1.995
BSIF.L,2021-05-13,1.995
BSIF.L,2021-07-15,2.0
BSIF.L,2021-10-14,2.0
BSIF.L,2022-02-10,2.0300002
BSIF.L,2022-05-12,2.0300002
BSIF.L,2022-08-11,2.05
BSIF.L,2022-10-13,2.09
BSIF.L,2023-02-02,2.1
BSIF.L,2023-05-18,2.1
BSIF.L,2023-08-17,2.1
BSIF.L,2023-10-05,2.3
BSIF.L,2024-02-08,2.2
BSIF.L,2024-05-23,2.2
BSIF.L,2024-08-29,2.2
BSIF.L,2024-10-10,2.2
BSIF.L,2025-02-06,2.2
BSIF.L,2025-05-22,2.2
BSIF.L,2025-08-28,2.2
BSIF.L,2025-10-30,2.3
BSV.L,1996-12-09,0.85
BSV.L,1997-06-16,1.55
BSV.L,1997-12-08,1.25
BSV.L,1998-06-15,1.75
BSV.L,1998-11-23,1.75
BSV.L,1999-03-15,3.0
BSV.L,1999-12-06,1.55
BSV.L,2000-06-19,1.6
BSV.L,2000-12-04,1.2
BSV.L,2001-06-19,1.1
BSV.L,2001-06-27,1.1
BSV.L,2001-12-12,1.1
BSV.L,2002-06-19,0.9
BSV.L,2002-12-18,0.25
BSV.L,2003-06-18,0.6
BSV.L,2004-06-16,4.8
BSV.L,2004-11-10,1.5
BSV.L,2005-02-09,1.1
BSV.L,2005-06-15,2.2
BSV.L,2005-11-09,1.5
BSV.L,2006-05-31,3.0
BSV.L,2006-10-11,1.5
BSV.L,2007-06-20,3.0
BSV.L,2007-10-24,2.0
BSV.L,2008-07-09,3.0
BSV.L,2008-11-26,5.0
BSV.L,2009-07-08,3.0
BSV.L,2009-12-02,2.0
BSV.L,2010-09-01,4.25
BSV.L,2010-12-08,2.0
BSV.L,2011-07-20,21.0
BSV.L,2011-12-21,2.0
BSV.L,2012-07-11,3.0
BSV.L,2012-12-12,2.0
BSV.L,2013-07-10,4.5
BSV.L,2014-02-19,2.0
BSV.L,2014-07-02,3.5
BSV.L,2014-12-04,2.0
BSV.L,2015-02-05,2.5
BSV.L,2015-07-02,3.5
BSV.L,2015-08-06,3.5
BSV.L,2015-12-10,2.0
BSV.L,2016-02-11,1.0
BSV.L,2016-06-29,3.5
BSV.L,2016-06-30,3.5
BSV.L,2016-12-15,16.5
BSV.L,2017-05-04,5.75
BSV.L,2018-04-19,4.0
BSV.L,2019-01-17,7.0
BSV.L,2019-05-09,4.0
BSV.L,2020-02-20,2.0
BSV.L,2020-07-02,2.0
BSV.L,2020-08-20,2.0
BSV.L,2021-06-24,2.0
BSV.L,2021-10-14,5.0
BSV.L,2021-11-25,2.0
BSV.L,2022-06-09,2.0
BSV.L,2022-09-01,2.0
BSV.L,2022-11-17,4.5
BSV.L,2023-06-29,2.0
BSV.L,2023-11-09,2.0
BSV.L,2024-06-27,2.0
BSV.L,2024-11-21,2.0
BSV.L,2024-12-24,1.25
BSV.L,2025-06-26,2.0
BSV.L,2025-11-20,2.0
BT-A.L,1993-01-22,4.7421002
BT-A.L,1993-08-16,7.2867
BT-A.L,1993-12-13,5.1277
BT-A.L,1994-07-25,7.7492995
BT-A.L,1994-12-19,5.4361
BT-A.L,1995-08-07,8.212
BT-A.L,1995-12-27,5.7445
BT-A.L,1996-08-05,8.6746
BT-A.L,1996-12-30,6.0915003
BT-A.L,1997-08-11,36.2022
BT-A.L,1997-12-29,5.8217
BT-A.L,1998-08-03,8.8289
BT-A.L,1998-12-29,6.2457
BT-A.L,1999-08-16,9.4843
BT-A.L,1999-12-29,6.7084
BT-A.L,2000-08-14,10.1783
BT-A.L,2000-12-27,6.7084
BT-A.L,2002-08-07,2.0
BT-A.L,2002-12-27,2.25
BT-A.L,2003-08-06,4.25
BT-A.L,2003-12-24,3.2
BT-A.L,2004-08-04,5.2999997
BT-A.L,2004-12-29,3.9
BT-A.L,2005-08-03,6.5
BT-A.L,2005-12-28,4.3
BT-A.L,2006-08-16,7.6
BT-A.L,2006-12-27,5.1
BT-A.L,2007-08-22,10.0
BT-A.L,2007-12-24,5.4
BT-A.L,2008-08-20,10.400001
BT-A.L,2008-12-24,5.4
BT-A.L,2009-08-12,1.1
BT-A.L,2009-12-23,2.3
BT-A.L,2010-08-11,4.6
BT-A.L,2010-12-29,2.4
BT-A.L,2011-08-10,5.0
BT-A.L,2011-12-28,2.6000001
BT-A.L,2012-08-08,5.7
BT-A.L,2012-12-24,3.0
BT-A.L,2013-08-07,6.5
BT-A.L,2013-12-23,3.4
BT-A.L,2014-08-13,7.5000005
BT-A.L,2014-12-29,3.9
BT-A.L,2015-08-13,8.5
BT-A.L,2015-12-24,4.4
BT-A.L,2016-08-11,9.6
BT-A.L,2016-12-29,4.8500004
BT-A.L,2017-08-10,10.55
BT-A.L,2017-12-28,4.8500004
BT-A.L,2018-08-09,10.55
BT-A.L,2018-12-27,4.62
BT-A.L,2019-08-08,10.78
BT-A.L,2019-12-24,4.62
BT-A.L,2021-12-30,2.31
BT-A.L,2022-08-04,5.39
BT-A.L,2022-12-29,2.31
BT-A.L,2023-08-03,5.39
BT-A.L,2023-12-28,2.31
BT-A.L,2024-08-08,5.69
BT-A.L,2024-12-24,2.4
BT-A.L,2025-08-07,5.7599998
BTRW.L,1993-03-29,0.6214
BTRW.L,1993-10-04,1.8641001
BTRW.L,1994-03-28,1.2428
BTRW.L,1994-10-03,2.4855
BTRW.L,1995-04-03,1.5534999
BTRW.L,1995-10-02,3.1069
BTRW.L,1996-04-09,1.7088
BTRW.L,1996-10-07,3.6066
BTRW.L,1997-04-07,1.9672
BTRW.L,1997-10-06,3.9345
BTRW.L,1998-04-06,2.164
BTRW.L,1998-10-05,4.3935003
BTRW.L,1999-04-06,2.3344002
BTRW.L,1999-10-04,4.7476
BTRW.L,2000-04-03,2.5246
BTRW.L,2000-10-02,5.2655997
BTRW.L,2001-04-04,2.7279
BTRW.L,2001-10-03,5.8427
BTRW.L,2002-04-10,2.9443
BTRW.L,2002-10-02,6.4852996
BTRW.L,2003-04-09,3.2394
BTRW.L,2003-10-01,8.0788
BTRW.L,2004-04-28,4.5246
BTRW.L,2004-10-20,9.6263
BTRW.L,2005-04-27,5.8951
BTRW.L,2005-10-19,11.7968
BTRW.L,2006-05-03,6.7804003
BTRW.L,2006-11-01,13.5673
BTRW.L,2007-02-28,7.4624004
BTRW.L,2007-10-31,17.7051
BTRW.L,2008-04-23,8.9108
BTRW.L,2013-10-23,2.5
BTRW.L,2014-04-16,3.2
BTRW.L,2014-10-30,7.8889
BTRW.L,2015-04-23,5.3333
BTRW.L,2015-10-29,21.444399
BTRW.L,2016-04-28,6.0
BTRW.L,2016-10-27,24.699999
BTRW.L,2017-04-20,7.2999997
BTRW.L,2017-10-26,34.4
BTRW.L,2018-04-19,8.6
BTRW.L,2018-10-11,35.2
BTRW.L,2019-04-11,9.6
BTRW.L,2019-10-10,36.8
BTRW.L,2021-04-15,7.5000005
BTRW.L,2021-09-30,21.9
BTRW.L,2022-04-07,11.200001
BTRW.L,2022-09-29,25.7
BTRW.L,2023-04-06,10.2
BTRW.L,2023-09-28,23.5
BTRW.L,2024-04-11,4.4
BTRW.L,2024-09-26,11.8
BTRW.L,2025-04-03,5.5
BTRW.L,2025-10-09,12.1
BUR.L,2011-04-06,2.22
BUR.L,2012-04-18,2.7376068
BUR.L,2013-05-22,3.558889
BUR.L,2014-05-21,3.9119353
BUR.L,2014-11-13,1.3014852
BUR.L,2015-05-14,3.3920002
BUR.L,2015-10-01,1.7427933
BUR.L,2016-05-26,3.9203
BUR.L,2016-10-06,2.2012
BUR.L,2017-05-25,5.0303
BUR.L,2017-10-19,2.3249002
BUR.L,2018-05-31,5.9591
BUR.L,2018-11-08,2.8237
BUR.L,2019-05-23,6.95
BUR.L,2019-11-14,3.2251
BUR.L,2021-05-27,8.8177
BUR.L,2021-11-11,4.6663003
BUR.L,2022-05-26,4.9544
BUR.L,2022-11-03,5.5422997
BUR.L,2023-05-25,5.0002003
BUR.L,2023-11-09,5.0181003
BUR.L,2024-05-23,4.9038997
BUR.L,2024-10-31,4.8454003
BUR.L,2025-05-22,4.6255
BUR.L,2025-10-30,4.7860003
BUT.L,1975-07-11,0.2844
BUT.L,1976-01-23,0.3656
BUT.L,1976-07-12,0.32500002
BUT.L,1977-01-31,0.41200003
BUT.L,1977-06-27,0.4
BUT.L,1978-02-13,0.487
BUT.L,1978-06-26,0.463
BUT.L,1979-01-15,0.538
BUT.L,1979-07-02,0.538
BUT.L,1980-01-28,0.68700004
BUT.L,1980-06-30,0.61300004
BUT.L,1981-02-09,0.76199996
BUT.L,1981-06-29,0.65000004
BUT.L,1982-02-15,0.85
BUT.L,1982-07-05,0.72499996
BUT.L,1983-01-31,0.95
BUT.L,1983-07-04,0.85
BUT.L,1984-01-30,0.975
BUT.L,1984-07-02,0.9
BUT.L,1985-02-11,1.1
BUT.L,1985-07-01,1.0
BUT.L,1986-02-10,1.2
BUT.L,1986-06-30,1.1
BUT.L,1987-02-23,1.35
BUT.L,1987-06-29,1.25
BUT.L,1988-02-24,1.5
BUT.L,1988-07-18,1.4000001
BUT.L,1989-02-27,1.7
BUT.L,1989-07-31,1.7
BUT.L,1990-02-26,2.05
BUT.L,1990-08-06,2.0
BUT.L,1991-02-25,2.3
BUT.L,1991-07-29,2.2
BUT.L,1992-02-24,2.55
BUT.L,1992-07-27,2.35
BUT.L,1993-02-15,2.6499999
BUT.L,1993-08-02,2.4
BUT.L,1994-02-14,2.85
BUT.L,1994-07-25,2.5
BUT.L,1995-02-20,3.0
BUT.L,1995-08-07,2.7
BUT.L,1996-02-26,3.2
BUT.L,1996-07-29,2.8999999
BUT.L,1996-10-14,5.2000003
BUT.L,1997-06-02,2.6000001
BUT.L,1998-03-02,3.9
BUT.L,1998-08-03,3.0
BUT.L,1999-03-01,3.7
BUT.L,1999-08-02,3.1
BUT.L,2000-02-21,3.8
BUT.L,2000-08-07,3.1
BUT.L,2001-02-28,4.0
BUT.L,2001-08-01,3.2
BUT.L,2002-03-06,4.1
BUT.L,2002-07-31,3.3
BUT.L,2003-02-12,4.2
BUT.L,2003-07-30,3.4
BUT.L,2004-02-25,4.4
BUT.L,2004-07-28,3.5
BUT.L,2005-02-23,4.6
BUT.L,2005-07-27,3.6
BUT.L,2006-02-22,5.2000003
BUT.L,2006-07-26,4.0
BUT.L,2007-02-21,5.7
BUT.L,2007-07-25,4.4
BUT.L,2008-02-20,6.3
BUT.L,2008-07-23,4.8
BUT.L,2009-02-25,6.8999996
BUT.L,2009-07-29,4.8
BUT.L,2010-02-24,7.2
BUT.L,2010-07-28,4.8
BUT.L,2010-08-04,4.8
BUT.L,2011-02-23,7.4
BUT.L,2011-08-03,4.8
BUT.L,2012-02-22,8.0
BUT.L,2012-08-01,5.0
BUT.L,2013-02-20,8.299999
BUT.L,2013-07-31,6.0
BUT.L,2014-03-05,8.5
BUT.L,2014-05-28,3.0
BUT.L,2014-08-20,3.1
BUT.L,2014-11-20,3.2
BUT.L,2015-03-05,5.7
BUT.L,2015-06-11,3.2
BUT.L,2015-08-20,3.2
BUT.L,2015-11-12,3.2
BUT.L,2016-02-25,5.7
BUT.L,2016-06-09,3.3
BUT.L,2016-08-18,3.3
BUT.L,2016-11-10,3.3
BUT.L,2017-02-23,5.9
BUT.L,2017-06-08,3.5
BUT.L,2017-08-17,3.5
BUT.L,2017-11-02,3.5
BUT.L,2018-02-22,6.0
BUT.L,2018-06-21,4.05
BUT.L,2018-08-09,4.05
BUT.L,2018-11-08,4.05
BUT.L,2019-02-28,6.0
BUT.L,2019-06-20,4.66
BUT.L,2019-08-08,4.66
BUT.L,2019-10-31,4.66
BUT.L,2020-02-27,6.0
BUT.L,2020-06-18,4.67
BUT.L,2020-08-06,4.67
BUT.L,2020-10-29,4.67
BUT.L,2021-02-25,6.05
BUT.L,2021-06-17,4.7
BUT.L,2021-08-05,4.7
BUT.L,2021-10-28,4.7
BUT.L,2022-02-24,6.05
BUT.L,2022-06-16,5.15
BUT.L,2022-08-04,5.15
BUT.L,2022-10-27,5.15
BUT.L,2023-02-23,6.05
BUT.L,2023-06-15,5.55
BUT.L,2023-08-03,5.55
BUT.L,2023-10-26,5.55
BUT.L,2024-02-29,6.05
BUT.L,2024-06-13,5.9
BUT.L,2024-08-01,5.9
BUT.L,2024-10-24,5.9
BUT.L,2025-02-20,6.05
BUT.L,2025-06-12,6.25
BUT.L,2025-07-31,6.25
BUT.L,2025-10-30,6.25
BVA.L,2008-07-10,0.131676
BVA.L,2008-10-10,0.131676
BVA.L,2009-01-12,0.131676
BVA.L,2009-07-10,0.070963
BVA.L,2009-10-12,0.070963
BVA.L,2009-12-24,0.070963
BVA.L,2010-04-07,0.116829
BVA.L,2010-07-07,0.070098
BVA.L,2010-10-06,0.070098
BVA.L,2011-01-05,0.0729
BVA.L,2011-04-01,0.1215
BVA.L,2011-07-08,0.081
BVA.L,2011-09-30,0.081
BVA.L,2012-01-05,0.1
BVA.L,2012-04-11,0.118
BVA.L,2012-07-05,0.1
BVA.L,2012-10-01,0.07821
BVA.L,2013-01-10,0.079
BVA.L,2013-04-03,0.121
BVA.L,2013-07-10,0.079
BVA.L,2013-09-30,0.099
BVA.L,2014-07-10,0.08
BVA.L,2015-07-16,0.08
BVA.L,2015-10-05,0.08
BVA.L,2016-01-12,0.08
BVA.L,2016-04-05,0.13
BVA.L,2016-07-06,0.08
BVA.L,2016-10-03,0.08
BVA.L,2017-01-10,0.08
BVA.L,2017-04-03,0.131
BVA.L,2017-10-06,0.09
BVA.L,2018-04-06,0.15
BVA.L,2018-10-08,0.1
BVA.L,2019-04-08,0.16
BVA.L,2019-10-11,0.1
BVA.L,2020-04-07,0.16
BVA.L,2021-04-27,0.059
BVA.L,2021-10-08,0.08
BVA.L,2022-04-06,0.23
BVA.L,2022-10-07,0.12
BVA.L,2023-04-03,0.31
BVA.L,2023-10-09,0.16
BVA.L,2024-04-08,0.39
BVA.L,2024-10-08,0.29
BVA.L,2025-04-08,0.41
BVA.L,2025-11-05,0.32
BVC.L,2000-05-08,0.05
BVC.L,2008-06-25,0.5
BVC.L,2009-06-24,0.69
BVC.L,2010-06-30,1.35
BVC.L,2011-06-22,0.8
BVC.L,2021-12-09,0.74
BVT.L,1998-11-23,1.0
BVT.L,1999-05-24,1.0
BVT.L,1999-11-22,1.3000001
BVT.L,2000-06-05,1.9
BVT.L,2000-11-20,1.7
BVT.L,2001-06-06,2.2
BVT.L,2001-11-14,1.3000001
BVT.L,2002-06-05,1.5
BVT.L,2002-11-13,1.0
BVT.L,2003-03-19,1.1
BVT.L,2003-11-12,1.2
BVT.L,2004-03-03,0.6
BVT.L,2004-03-10,7.2999997
BVT.L,2004-11-24,2.3
BVT.L,2005-05-25,2.7
BVT.L,2005-11-23,1.4000001
BVT.L,2006-02-15,1.1
BVT.L,2006-11-15,0.70000005
BVT.L,2007-08-22,2.1
BVT.L,2008-05-21,1.8
BVT.L,2008-09-03,1.0
BVT.L,2009-05-27,0.5
BVT.L,2009-11-25,0.2
BVT.L,2010-05-19,0.5
BVT.L,2010-12-22,3.0
BVT.L,2011-06-01,0.75
BVT.L,2011-09-14,4.5
BVT.L,2012-05-30,2.5
BVT.L,2013-01-02,5.0
BVT.L,2013-05-29,3.0
BVT.L,2013-09-04,6.5
BVT.L,2014-02-19,8.0
BVT.L,2014-09-03,4.5
BVT.L,2015-05-28,2.5
BVT.L,2015-09-03,4.0
BVT.L,2015-12-03,3.5
BVT.L,2016-05-19,6.5
BVT.L,2016-09-01,8.5
BVT.L,2017-03-09,3.0
BVT.L,2018-02-01,3.5
BVT.L,2018-08-23,3.0
BVT.L,2019-02-07,4.5
BVT.L,2019-08-29,3.0
BVT.L,2020-02-06,3.5
BVT.L,2020-08-13,3.0
BVT.L,2021-02-04,3.5
BVT.L,2021-08-12,3.0
BVT.L,2022-02-03,3.5
BVT.L,2022-08-11,3.0
BVT.L,2023-02-02,2.75
BVT.L,2023-08-10,1.75
BVT.L,2024-02-08,2.5
BVT.L,2024-08-08,1.75
BVT.L,2025-02-13,2.0
BVT.L,2025-08-07,1.75
BVXP.L,2014-10-16,14.4
BVXP.L,2015-04-09,11.0
BVXP.L,2015-10-15,21.6
BVXP.L,2016-04-07,16.5
BVXP.L,2016-10-27,46.0
BVXP.L,2017-04-06,20.0
BVXP.L,2017-10-26,71.0
BVXP.L,2018-04-05,25.0
BVXP.L,2018-10-25,91.0
BVXP.L,2019-04-11,30.000002
BVXP.L,2019-10-31,90.0
BVXP.L,2020-04-09,36.0
BVXP.L,2020-10-29,104.99999
BVXP.L,2021-04-08,43.0
BVXP.L,2021-10-28,100.0
BVXP.L,2022-04-07,52.0
BVXP.L,2022-11-03,100.0
BVXP.L,2023-04-06,62.0
BVXP.L,2023-11-09,90.0
BVXP.L,2024-04-11,68.0
BVXP.L,2024-11-07,87.0
BVXP.L,2025-04-10,70.0
BVXP.L,2025-11-06,80.0
BWRA.L,2001-02-23,4.375
BWRA.L,2003-02-26,4.8611
BWRA.L,2003-08-27,4.8611
BWRA.L,2004-02-25,4.8611
BWRA.L,2004-09-01,4.8611
BWRA.L,2005-02-23,4.8611
BWRA.L,2005-08-31,4.8611
BWRA.L,2006-03-01,4.8611
BWRA.L,2006-08-30,4.8611
BWRA.L,2007-02-28,4.8611
BWRA.L,2007-08-29,4.8611
BWRA.L,2008-02-27,4.8611
BWRA.L,2008-08-27,4.8611
BWRA.L,2009-02-25,4.8611
BWRA.L,2009-09-02,4.8611
BWRA.L,2010-02-24,4.8611
BWRA.L,2010-09-01,4.8611
BWRA.L,2011-08-31,4.8611
BWRA.L,2012-02-29,4.8611
BWRA.L,2012-08-29,4.8611
BWRA.L,2013-08-28,4.8611
BWRA.L,2014-02-26,4.375
BWRA.L,2014-08-27,4.375
BWRA.L,2015-02-26,4.375
BWRA.L,2015-08-27,4.375
BWRA.L,2016-02-25,4.375
BWRA.L,2016-08-25,4.375
BWRA.L,2017-02-23,4.375
BWRA.L,2017-08-24,4.375
BWRA.L,2018-02-22,4.375
BWRA.L,2018-08-23,4.375
BWRA.L,2019-02-21,4.375
BWRA.L,2019-08-22,4.375
BWRA.L,2020-02-27,4.375
BWRA.L,2020-09-03,4.375
BWRA.L,2021-03-04,4.375
BWRA.L,2021-09-02,4.375
BWRA.L,2022-03-03,4.375
BWRA.L,2022-09-08,4.375
BWRA.L,2023-03-02,4.375
BWRA.L,2023-09-07,4.375
BWRA.L,2024-02-29,4.375
BWRA.L,2024-09-05,4.375
BWRA.L,2025-03-06,4.375
BWRA.L,2025-09-04,4.375
BWY.L,1992-11-16,3.5935
BWY.L,1993-05-10,2.0
BWY.L,1993-11-29,4.0
BWY.L,1994-05-16,2.2
BWY.L,1994-12-12,4.8
BWY.L,1995-05-22,2.45
BWY.L,1995-12-27,5.25
BWY.L,1996-06-03,2.55
BWY.L,1996-12-23,5.65
BWY.L,1997-06-02,2.7
BWY.L,1997-12-08,6.5
BWY.L,1998-06-01,3.0
BWY.L,1998-12-14,7.2
BWY.L,1999-06-01,3.3
BWY.L,1999-12-13,7.95
BWY.L,2000-06-05,3.6
BWY.L,2000-12-11,8.8
BWY.L,2001-06-06,4.1
BWY.L,2001-12-12,10.1
BWY.L,2002-06-05,4.5499997
BWY.L,2002-12-11,11.200001
BWY.L,2003-06-04,6.2
BWY.L,2003-12-10,13.799999
BWY.L,2004-06-02,9.3
BWY.L,2004-12-15,15.700001
BWY.L,2005-06-08,13.0
BWY.L,2005-12-14,18.25
BWY.L,2006-06-07,14.300001
BWY.L,2006-12-13,20.2
BWY.L,2007-06-06,16.45
BWY.L,2007-12-05,29.6389
BWY.L,2008-05-21,20.111101
BWY.L,2008-12-10,6.6667
BWY.L,2009-05-20,3.3332999
BWY.L,2009-12-09,6.0
BWY.L,2010-05-19,3.3
BWY.L,2010-12-08,6.7000003
BWY.L,2011-05-18,3.7
BWY.L,2011-12-14,8.8
BWY.L,2012-05-23,6.0
BWY.L,2012-12-12,14.0
BWY.L,2013-05-22,9.0
BWY.L,2013-12-11,21.0
BWY.L,2014-05-28,16.0
BWY.L,2014-12-11,36.0
BWY.L,2015-05-28,25.0
BWY.L,2015-12-03,52.0
BWY.L,2016-05-19,34.0
BWY.L,2016-12-01,74.0
BWY.L,2017-05-18,37.5
BWY.L,2017-11-30,84.5
BWY.L,2018-05-24,48.0
BWY.L,2018-11-29,95.0
BWY.L,2019-05-23,50.4
BWY.L,2019-11-28,100.0
BWY.L,2020-11-26,50.0
BWY.L,2021-05-20,35.0
BWY.L,2021-12-02,82.5
BWY.L,2022-05-19,45.0
BWY.L,2022-12-01,95.0
BWY.L,2023-05-25,45.0
BWY.L,2023-11-30,95.0
BWY.L,2024-05-23,16.0
BWY.L,2024-11-28,38.0
BWY.L,2025-05-22,21.0
BWY.L,2025-12-04,49.0
BYG.L,2003-06-04,1.0
BYG.L,2004-06-02,1.05
BYG.L,2004-11-17,0.5
BYG.L,2005-06-01,1.5
BYG.L,2005-11-23,2.0
BYG.L,2006-06-07,3.0
BYG.L,2006-11-29,3.5
BYG.L,2007-06-13,5.5
BYG.L,2007-12-05,4.0
BYG.L,2008-06-11,5.5
BYG.L,2010-06-09,4.0
BYG.L,2010-12-08,4.0
BYG.L,2011-06-08,5.0
BYG.L,2011-12-07,4.5
BYG.L,2012-06-06,5.5
BYG.L,2012-12-05,5.0
BYG.L,2013-06-12,6.0
BYG.L,2013-12-11,8.0
BYG.L,2014-06-11,8.4
BYG.L,2014-12-11,10.400001
BYG.L,2015-06-11,11.3
BYG.L,2015-12-10,12.1
BYG.L,2016-06-16,12.8
BYG.L,2016-12-08,13.500001
BYG.L,2017-06-22,14.1
BYG.L,2017-12-07,15.299999
BYG.L,2018-06-21,15.5
BYG.L,2018-12-06,16.699999
BYG.L,2019-06-20,16.5
BYG.L,2019-12-05,17.1
BYG.L,2020-06-18,16.699999
BYG.L,2020-12-03,17.0
BYG.L,2021-07-08,17.0
BYG.L,2021-12-02,20.6
BYG.L,2022-07-07,21.4
BYG.L,2023-01-05,22.300001
BYG.L,2023-07-06,22.9
BYG.L,2024-01-04,22.6
BYG.L,2024-07-04,22.6
BYG.L,2025-01-02,22.6
BYG.L,2025-07-03,23.800001
BYIT.L,2021-11-18,2.0
BYIT.L,2022-07-28,10.400001
BYIT.L,2022-11-17,2.4
BYIT.L,2023-07-20,12.6
BYIT.L,2023-11-16,2.7
BYIT.L,2024-07-18,14.7
BYIT.L,2024-11-07,3.1
BYIT.L,2025-07-10,16.9
BYIT.L,2025-11-06,3.2
CAM.L,1993-10-04,13.0
CAM.L,1994-06-20,18.0
CAM.L,1994-10-10,14.0
CAM.L,1995-06-12,22.5
CAM.L,1995-10-16,17.5
CAM.L,1996-06-17,23.5
CAM.L,1996-10-14,18.0
CAM.L,1997-06-23,24.5
CAM.L,1997-10-06,18.0
CAM.L,1998-06-15,26.0
CAM.L,1998-10-05,19.0
CAM.L,1999-06-07,28.0
CAM.L,1999-10-18,19.0
CAM.L,2000-06-05,61.0
CAM.L,2000-10-09,20.0
CAM.L,2001-06-06,64.0
CAM.L,2001-10-10,20.0
CAM.L,2002-06-12,65.0
CAM.L,2002-10-09,20.0
CAM.L,2003-06-04,66.0
CAM.L,2003-10-15,20.0
CAM.L,2004-06-09,67.0
CAM.L,2004-10-13,20.0
CAM.L,2005-06-08,68.0
CAM.L,2005-10-12,20.0
CAM.L,2006-06-07,69.0
CAM.L,2006-10-11,20.0
CAM.L,2007-06-13,70.0
CAM.L,2007-10-17,20.0
CAM.L,2008-06-11,72.0
CAM.L,2008-10-15,20.0
CAM.L,2009-06-10,80.0
CAM.L,2009-10-14,22.2222
CAM.L,2010-06-09,82.2222
CAM.L,2010-10-13,33.333298
CAM.L,2011-06-08,88.8889
CAM.L,2011-10-05,33.333298
CAM.L,2012-06-13,93.3333
CAM.L,2012-09-05,35.555603
CAM.L,2013-06-12,97.7778
CAM.L,2013-09-04,37.777798
CAM.L,2014-06-11,91.0
CAM.L,2014-09-03,34.0
CAM.L,2015-06-11,92.0
CAM.L,2015-09-10,34.0
CAM.L,2016-06-09,95.0
CAM.L,2016-09-08,35.0
CAM.L,2017-06-08,95.0
CAM.L,2017-09-07,37.0
CAM.L,2018-06-14,98.0
CAM.L,2018-09-06,40.0
CAM.L,2019-06-13,102.0
CAM.L,2019-08-29,42.0
CAM.L,2020-10-08,102.0
CAM.L,2021-06-10,144.0
CAM.L,2021-09-09,44.0
CAM.L,2022-07-07,102.0
CAM.L,2022-09-08,44.0
CAM.L,2023-06-15,102.0
CAM.L,2023-09-14,44.0
CAM.L,2025-07-03,260.0
CAML.L,2013-01-16,7.0
CAML.L,2013-04-24,3.7
CAML.L,2013-10-23,4.0
CAML.L,2014-05-28,5.0
CAML.L,2014-10-09,5.0
CAML.L,2015-05-28,7.5000005
CAML.L,2015-10-08,4.5
CAML.L,2016-05-19,8.0
CAML.L,2016-10-06,5.5
CAML.L,2017-05-11,10.0
CAML.L,2017-10-05,6.5
CAML.L,2018-04-26,10.0
CAML.L,2018-10-04,6.5
CAML.L,2019-04-25,8.0
CAML.L,2019-10-03,6.5
CAML.L,2020-11-19,6.0
CAML.L,2021-04-29,8.0
CAML.L,2021-09-30,8.0
CAML.L,2022-05-05,12.0
CAML.L,2022-09-29,10.0
CAML.L,2023-04-27,10.0
CAML.L,2023-09-28,9.0
CAML.L,2024-04-25,9.0
CAML.L,2024-09-26,9.0
CAML.L,2025-04-24,9.0
CAML.L,2025-09-25,4.5
CAN.L,2025-06-19,1.75788
CAPD.L,2015-04-30,1.421333
CAPD.L,2015-09-03,0.822877
CAPD.L,2016-04-28,1.870175
CAPD.L,2016-09-08,1.122105
CAPD.L,2017-04-27,0.74807
CAPD.L,2017-09-07,0.374035
CAPD.L,2018-04-26,0.89768404
CAPD.L,2018-09-06,0.44884202
CAPD.L,2019-04-11,1.122105
CAPD.L,2019-09-05,0.52364904
CAPD.L,2020-04-09,0.52364904
CAPD.L,2020-09-03,0.67326295
CAPD.L,2021-04-08,0.972491
CAPD.L,2021-09-02,0.89768404
CAPD.L,2022-04-07,1.7953681
CAPD.L,2022-09-01,0.972491
CAPD.L,2023-04-13,1.944982
CAPD.L,2023-08-31,0.972491
CAPD.L,2024-04-18,1.944982
CAPD.L,2024-08-29,0.972491
CAPD.L,2025-04-17,0.972491
CAPD.L,2025-08-28,0.972491
CAR.L,1993-01-18,1.8
CAR.L,1993-07-19,3.4
CAR.L,1994-01-31,1.9
CAR.L,1994-07-18,7.2
CAR.L,1995-01-23,3.2
CAR.L,1995-07-31,6.8
CAR.L,1996-01-29,3.44
CAR.L,1996-08-05,7.31
CAR.L,1997-01-27,3.44
CAR.L,1997-08-04,7.31
CAR.L,1998-02-02,3.44
CAR.L,1998-08-03,7.56
CAR.L,1999-03-01,3.44
CAR.L,1999-08-02,7.56
CAR.L,2000-02-28,3.44
CAR.L,2000-08-07,7.56
CAR.L,2001-02-28,3.44
CAR.L,2001-08-08,7.56
CAR.L,2003-08-06,1.2
CAR.L,2004-03-03,0.4
CAR.L,2004-08-04,0.8
CAR.L,2005-03-02,0.4
CAR.L,2005-08-03,0.8
CAR.L,2006-03-01,0.44439998
CAR.L,2006-08-09,0.8889
CAR.L,2007-02-28,0.44439998
CAR.L,2007-08-08,1.3333
CAR.L,2008-02-27,0.6667
CAR.L,2008-08-06,1.4444
CAR.L,2009-03-04,0.7222
CAR.L,2009-08-05,1.5
CAR.L,2010-03-03,0.7222
CAR.L,2010-08-04,1.5
CAR.L,2011-03-02,0.7778
CAR.L,2011-08-17,1.5
CAR.L,2012-02-29,0.75
CAR.L,2012-08-15,1.65
CAR.L,2013-02-27,0.8
CAR.L,2013-08-28,1.75
CAR.L,2014-02-26,0.85
CAR.L,2014-08-27,1.8
CAR.L,2015-03-05,0.85
CAR.L,2015-08-27,1.9
CAR.L,2016-03-03,0.9
CAR.L,2016-08-25,1.95
CARD.L,2015-04-30,6.8
CARD.L,2015-10-15,17.5
CARD.L,2016-05-05,6.0
CARD.L,2016-10-20,17.800001
CARD.L,2017-05-04,6.3
CARD.L,2017-11-09,17.9
CARD.L,2018-05-03,6.4
CARD.L,2018-11-08,7.9000006
CARD.L,2019-05-09,6.4
CARD.L,2019-11-07,7.9000006
CARD.L,2024-05-30,4.5
CARD.L,2024-10-31,1.2
CARD.L,2025-05-29,3.6
CARD.L,2025-11-06,1.3000001
CAU.L,2004-11-03,1.0
CAU.L,2005-03-23,0.5
CAU.L,2005-11-16,1.2
CAU.L,2006-03-22,0.6
CAU.L,2006-11-01,2.4
CAU.L,2007-03-21,1.0
CAU.L,2007-11-07,2.5
CAU.L,2008-03-05,1.2
CAU.L,2008-10-22,3.0
CAU.L,2009-03-11,0.5
CAU.L,2009-12-09,1.0
CAU.L,2010-03-03,0.6
CAU.L,2010-11-10,1.1
CAU.L,2011-03-09,0.70000005
CAU.L,2011-11-09,1.3000001
CAU.L,2012-03-07,0.75
CAU.L,2012-11-07,1.5
CAU.L,2013-03-06,0.825
CAU.L,2013-11-06,1.575
CAU.L,2014-03-12,0.85
CAU.L,2014-09-10,1.7
CAU.L,2015-05-07,1.3000001
CAU.L,2015-09-10,1.5
CAU.L,2016-05-05,1.5
CAU.L,2016-09-15,1.5
CAU.L,2017-05-11,1.5
CAU.L,2017-09-14,1.5
CAU.L,2018-05-10,1.5
CAU.L,2018-09-13,1.5
CAU.L,2019-05-09,1.5
CAU.L,2019-10-10,3.5
CAU.L,2021-05-13,0.5
CAU.L,2021-10-07,0.5
CAU.L,2022-05-12,0.5
CAU.L,2022-10-06,0.5
CAU.L,2023-01-26,3.0
CAU.L,2023-03-16,2.0
CAU.L,2023-05-11,0.6
CAU.L,2023-10-05,0.6
CAU.L,2024-05-09,1.2
CAU.L,2024-10-10,0.6
CAU.L,2025-05-08,1.2
CAU.L,2025-10-09,0.6
CAV.L,2019-01-31,0.148
CAV.L,2019-07-18,0.355
CAV.L,2019-12-19,0.42
CAV.L,2020-12-03,0.5
CAV.L,2021-07-29,1.0
CAV.L,2022-01-06,0.6
CAV.L,2022-09-22,1.15
CAV.L,2024-09-19,0.25
CAV.L,2024-11-21,0.3
CAV.L,2025-09-18,0.5
CAV.L,2025-11-20,0.3
CBG.L,1993-03-15,1.5796
CBG.L,1993-10-04,3.8502998
CBG.L,1994-03-14,1.2341
CBG.L,1994-10-03,4.9363
CBG.L,1995-03-13,2.863
CBG.L,1995-10-09,5.7999997
CBG.L,1996-03-11,3.2
CBG.L,1996-09-30,6.8
CBG.L,1997-03-10,3.8
CBG.L,1997-10-06,8.2
CBG.L,1998-03-16,4.8
CBG.L,1998-10-05,9.6
CBG.L,1999-03-15,5.2999997
CBG.L,1999-10-04,10.7
CBG.L,2000-03-13,8.0
CBG.L,2000-10-09,17.0
CBG.L,2001-03-14,9.0
CBG.L,2001-10-03,17.0
CBG.L,2002-03-13,9.0
CBG.L,2002-10-02,17.0
CBG.L,2003-03-12,9.0
CBG.L,2003-10-08,17.0
CBG.L,2004-03-10,9.0
CBG.L,2004-10-06,18.0
CBG.L,2005-03-16,9.5
CBG.L,2005-10-05,19.0
CBG.L,2006-03-15,10.5
CBG.L,2006-10-04,22.0
CBG.L,2007-03-14,12.0
CBG.L,2007-10-03,50.0
CBG.L,2008-03-12,13.500001
CBG.L,2008-10-08,25.5
CBG.L,2009-03-18,13.500001
CBG.L,2009-10-07,25.5
CBG.L,2010-03-24,13.500001
CBG.L,2010-10-06,25.5
CBG.L,2011-03-23,13.500001
CBG.L,2011-10-12,26.499998
CBG.L,2012-03-21,14.0
CBG.L,2012-10-17,27.5
CBG.L,2013-03-20,15.000001
CBG.L,2013-10-16,29.499998
CBG.L,2014-03-19,16.5
CBG.L,2014-10-16,32.5
CBG.L,2015-03-19,18.0
CBG.L,2015-10-15,35.5
CBG.L,2016-03-17,19.0
CBG.L,2016-10-13,38.0
CBG.L,2017-03-23,20.0
CBG.L,2017-10-12,40.0
CBG.L,2018-03-22,21.0
CBG.L,2018-10-11,42.0
CBG.L,2019-03-21,22.0
CBG.L,2019-10-10,44.0
CBG.L,2020-10-15,40.0
CBG.L,2021-03-25,18.0
CBG.L,2021-10-14,42.0
CBG.L,2022-03-24,22.0
CBG.L,2022-10-13,44.0
CBG.L,2023-03-23,22.5
CBG.L,2023-10-19,45.0
CBOX.L,2018-12-06,1.2
CBOX.L,2019-07-04,2.4
CBOX.L,2019-12-05,1.6
CBOX.L,2020-10-08,3.2
CBOX.L,2020-12-03,1.85
CBOX.L,2021-07-15,3.7
CBOX.L,2021-11-18,2.5
CBOX.L,2022-08-25,5.1
CBOX.L,2022-11-17,2.625
CBOX.L,2023-07-27,5.5
CBOX.L,2023-11-23,2.8999999
CBOX.L,2024-07-11,6.1
CBOX.L,2024-11-21,3.4
CBOX.L,2025-08-07,6.8
CBOX.L,2025-12-04,3.6
CCC.L,1999-04-26,3.7778
CCC.L,2000-05-02,4.3822002
CCC.L,2001-05-02,4.3822002
CCC.L,2002-05-01,4.3822002
CCC.L,2003-04-30,8.7644005
CCC.L,2003-09-10,3.0222
CCC.L,2004-05-05,7.5556
CCC.L,2004-09-15,3.4756
CCC.L,2005-05-04,7.8578005
CCC.L,2005-09-21,3.7778
CCC.L,2006-05-03,7.5556
CCC.L,2006-09-20,3.1481001
CCC.L,2007-05-02,6.2963
CCC.L,2007-09-19,3.1481001
CCC.L,2008-05-14,6.9259005
CCC.L,2008-09-17,3.4
CCC.L,2009-05-13,6.9259005
CCC.L,2009-09-09,3.7778
CCC.L,2010-03-17,10.0741
CCC.L,2010-09-15,4.4074
CCC.L,2011-05-11,12.2148
CCC.L,2011-09-14,5.6667
CCC.L,2012-05-16,13.222199
CCC.L,2012-09-19,6.2963
CCC.L,2013-05-15,13.222199
CCC.L,2013-09-18,5.8933
CCC.L,2014-05-21,13.940001
CCC.L,2014-09-17,6.6867003
CCC.L,2015-05-21,13.099999
CCC.L,2015-09-17,6.4
CCC.L,2016-03-23,15.000001
CCC.L,2016-09-15,7.2
CCC.L,2017-05-11,15.000001
CCC.L,2017-09-14,7.4
CCC.L,2018-05-31,18.7
CCC.L,2018-09-13,8.7
CCC.L,2019-05-30,21.6
CCC.L,2019-09-12,10.1
CCC.L,2020-09-24,12.3
CCC.L,2021-06-03,38.4
CCC.L,2021-09-23,16.9
CCC.L,2022-06-09,49.399998
CCC.L,2022-09-29,22.1
CCC.L,2023-06-15,45.8
CCC.L,2023-09-28,22.6
CCC.L,2024-06-06,47.4
CCC.L,2024-09-26,23.3
CCC.L,2025-06-05,47.4
CCC.L,2025-09-25,23.6
CCEP.L,2019-05-23,54.496758
CCEP.L,2019-11-18,54.496758
CCEP.L,2020-11-16,74.7133
CCEP.L,2021-11-18,123.0572
CCEP.L,2022-05-12,49.222878
CCEP.L,2022-11-17,98.445755
CCEP.L,2023-05-11,58.89166
CCEP.L,2023-11-16,102.84065
CCEP.L,2024-05-09,65.04452
CCEP.L,2024-11-14,108.11454
CCEP.L,2025-05-15,69.43942
CCEP.L,2025-11-13,109.8725
CCH.L,2013-06-26,29.884642
CCH.L,2014-07-09,31.115185
CCH.L,2015-07-02,31.642561
CCH.L,2016-06-30,35.1584
CCH.L,2017-06-29,38.67424
CCH.L,2018-06-28,47.463844
CCH.L,2019-07-04,225.89272
CCH.L,2020-07-02,54.49552
CCH.L,2021-07-08,56.25344
CCH.L,2022-07-07,62.40616
CCH.L,2023-05-25,68.558876
CCH.L,2024-05-30,81.74328
CCH.L,2025-05-29,90.532875
CCJI.L,2016-06-30,1.0
CCJI.L,2017-02-16,2.0
CCJI.L,2017-07-06,1.15
CCJI.L,2018-01-18,2.3
CCJI.L,2018-07-05,1.25
CCJI.L,2019-01-31,2.5
CCJI.L,2019-07-04,1.4000001
CCJI.L,2020-02-06,3.1
CCJI.L,2020-07-02,1.4000001
CCJI.L,2021-02-04,3.2
CCJI.L,2021-07-08,1.4000001
CCJI.L,2022-02-17,3.3500001
CCJI.L,2022-07-07,1.4000001
CCJI.L,2023-02-02,3.5
CCJI.L,2023-07-06,1.55
CCJI.L,2024-02-01,3.7500002
CCJI.L,2024-07-04,1.6
CCJI.L,2025-01-30,3.85
CCJI.L,2025-07-03,1.65
CCL.L,2001-04-04,93.3056
CCL.L,2001-05-16,23.3822
CCL.L,2001-08-15,23.491999
CCL.L,2001-11-14,22.606499
CCL.L,2002-04-03,22.8296
CCL.L,2002-05-15,23.3822
CCL.L,2002-08-14,21.498001
CCL.L,2002-11-13,21.8309
CCL.L,2003-02-19,20.612501
CCL.L,2003-05-21,6.4300003
CCL.L,2003-08-20,7.25
CCL.L,2003-11-19,6.7000003
CCL.L,2004-02-18,6.79
CCL.L,2004-05-19,6.96
CCL.L,2004-08-18,6.9399996
CCL.L,2004-11-17,7.8
CCL.L,2005-02-16,7.8599997
CCL.L,2005-05-18,11.02
CCL.L,2005-08-17,11.05
CCL.L,2005-11-16,14.46
CCL.L,2006-02-15,14.24
CCL.L,2006-05-17,13.410001
CCL.L,2006-08-16,13.13
CCL.L,2006-11-15,13.969999
CCL.L,2007-02-14,14.01
CCL.L,2007-05-16,17.69
CCL.L,2007-08-22,17.39
CCL.L,2007-11-21,19.381
CCL.L,2008-02-20,20.172
CCL.L,2008-05-21,20.381
CCL.L,2008-08-20,22.448
CCL.L,2008-11-19,26.585001
CCL.L,2010-02-17,6.7222
CCL.L,2010-05-19,6.8949995
CCL.L,2010-11-17,6.4094
CCL.L,2011-02-16,15.358999
CCL.L,2011-05-18,15.228001
CCL.L,2011-08-24,15.428
CCL.L,2011-11-23,15.913001
CCL.L,2012-02-22,15.676901
CCL.L,2012-05-23,16.317501
CCL.L,2012-08-22,15.749
CCL.L,2012-11-21,15.5763
CCL.L,2012-12-05,31.152702
CCL.L,2013-02-20,16.6467
CCL.L,2013-05-22,16.39
CCL.L,2013-08-21,16.051
CCL.L,2013-11-20,15.2616
CCL.L,2014-02-19,14.9557
CCL.L,2014-05-21,14.9218
CCL.L,2014-08-20,15.118501
CCL.L,2014-11-20,15.9155
CCL.L,2015-02-19,16.229599
CCL.L,2015-05-21,16.440899
CCL.L,2015-08-20,19.5402
CCL.L,2015-11-19,19.8965
CCL.L,2016-02-18,21.4715
CCL.L,2016-05-26,24.2282
CCL.L,2016-08-25,26.4231
CCL.L,2016-11-24,27.7272
CCL.L,2017-02-23,28.4137
CCL.L,2017-05-25,31.1236
CCL.L,2017-08-24,30.853998
CCL.L,2017-11-23,33.325897
CCL.L,2018-02-22,32.7344
CCL.L,2018-05-24,37.527702
CCL.L,2018-08-23,38.992397
CCL.L,2018-11-22,39.300503
CCL.L,2019-02-21,37.8143
CCL.L,2019-05-23,39.5304
CCL.L,2019-08-22,41.560997
CCL.L,2019-11-21,38.7087
CCL.L,2020-02-20,39.1053
CCR.L,2004-10-20,4.5233855
CCR.L,2005-05-18,6.168189
CCR.L,2005-10-19,5.3457875
CCR.L,2006-05-17,6.990679
CCR.L,2006-10-18,9.869173
CCR.L,2007-05-16,12.336467
CCR.L,2007-10-17,9.869173
CCR.L,2008-05-21,12.336467
CCR.L,2008-10-15,4.9345865
CCR.L,2009-05-20,2.4672933
CCR.L,2009-10-14,2.4672933
CCR.L,2010-06-02,2.4672933
CCR.L,2010-10-20,2.7140312
CCR.L,2011-05-25,2.7140312
CCR.L,2011-10-26,3.0183446
CCR.L,2012-05-23,2.9607694
CCR.L,2012-10-31,3.289695
CCR.L,2013-05-22,3.9065843
CCR.L,2013-11-06,3.536433
CCR.L,2014-05-28,4.687848
CCR.L,2014-11-06,3.7008958
CCR.L,2015-05-21,5.7569885
CCR.L,2015-11-05,3.8900588
CCR.L,2016-05-19,7.336042
CCR.L,2016-11-03,4.0792217
CCR.L,2017-05-25,7.706193
CCR.L,2017-11-02,4.2848225
CCR.L,2018-05-24,7.706193
CCR.L,2018-11-01,4.3835354
CCR.L,2019-05-30,8.207845
CCR.L,2019-10-31,4.5233855
CCR.L,2023-06-08,3.331448
CCR.L,2023-11-09,1.6613289
CCR.L,2024-07-18,3.4896698
CCR.L,2024-11-14,1.75802
CCR.L,2025-06-12,3.6303113
CCR.L,2025-11-13,1.8283409
CCT.L,1996-01-02,1.6339
CCT.L,1996-07-01,0.9444
CCT.L,1996-12-30,2.3611
CCT.L,1997-06-30,1.1333
CCT.L,1998-01-05,3.1167002
CCT.L,1998-06-08,1.3694
CCT.L,1999-01-04,3.7305999
CCT.L,1999-07-05,1.6528
CCT.L,2000-01-04,4.4861
CCT.L,2003-06-18,1.0
CCT.L,2004-01-07,2.0
CCT.L,2004-07-07,1.1
CCT.L,2005-01-05,0.70000005
CCT.L,2005-07-06,1.1
CCT.L,2006-01-04,0.9
CCT.L,2006-07-05,1.65
CCT.L,2007-01-03,1.65
CCT.L,2007-05-02,2.0
CCT.L,2008-01-02,2.4
CCT.L,2008-07-02,2.2
CCT.L,2010-01-06,1.0
CCT.L,2010-03-10,2.0
CCT.L,2011-01-05,2.0
CCT.L,2011-07-06,3.0
CCT.L,2012-01-04,3.0
CCT.L,2012-07-04,3.3
CCT.L,2013-01-16,3.3
CCT.L,2013-07-03,3.3
CCT.L,2014-01-08,3.3
CCT.L,2014-05-14,3.3
CCT.L,2015-01-08,3.9500003
CCT.L,2015-06-04,5.0
CCT.L,2016-01-07,6.0
CCT.L,2016-07-07,7.0
CCT.L,2017-01-05,8.0
CCT.L,2017-07-06,9.0
CCT.L,2018-01-11,10.0
CCT.L,2018-07-05,11.0
CCT.L,2019-01-03,12.0
CCT.L,2019-07-11,13.0
CCT.L,2020-01-16,13.0
CCT.L,2020-07-16,2.0
CCT.L,2021-01-14,3.0
CCT.L,2021-07-15,6.0
CCT.L,2022-01-13,9.0
CCT.L,2022-07-14,7.0
CCT.L,2023-01-12,10.0
CCT.L,2023-07-13,8.0
CCT.L,2024-01-11,11.0
CCT.L,2024-07-11,8.0
CCT.L,2025-01-16,11.0
CCT.L,2025-07-10,3.0
CDFF.L,1993-02-01,1.55
CDFF.L,1993-08-02,0.85
CDFF.L,1994-01-31,1.65
CDFF.L,1994-08-08,0.85
CDFF.L,1995-02-06,1.75
CDFF.L,1995-08-07,0.85
CDFF.L,1996-02-19,1.9
CDFF.L,1996-08-05,0.9
CDFF.L,1997-01-20,1.95
CDFF.L,1997-07-14,1.0
CDFF.L,1998-02-02,2.1
CDFF.L,1998-06-29,1.1
CDFF.L,1999-03-01,2.4
CDFF.L,1999-06-28,1.25
CDFF.L,2000-01-17,2.85
CDFF.L,2000-06-26,1.4000001
CDFF.L,2001-01-15,3.4
CDFF.L,2001-06-13,1.6
CDFF.L,2002-01-16,4.0
CDFF.L,2002-06-12,1.8
CDFF.L,2003-01-15,4.5
CDFF.L,2003-06-11,2.0
CDFF.L,2004-01-14,5.1
CDFF.L,2004-06-09,2.2
CDFF.L,2005-01-19,5.7999997
CDFF.L,2005-06-08,2.5
CDFF.L,2006-01-18,6.5
CDFF.L,2006-06-07,2.75
CDFF.L,2007-01-17,7.2999997
CDFF.L,2007-06-06,3.0
CDFF.L,2008-01-16,8.25
CDFF.L,2008-06-04,3.3
CDFF.L,2009-01-21,9.0
CDFF.L,2009-06-03,3.3
CDFF.L,2010-01-20,9.0
CDFF.L,2010-06-02,3.3
CDFF.L,2011-01-19,9.0
CDFF.L,2011-06-01,3.3
CDFF.L,2012-01-18,9.0
CDFF.L,2012-06-06,3.3
CDFF.L,2013-01-16,9.0
CDFF.L,2013-06-05,3.3
CDFF.L,2014-01-22,9.25
CDFF.L,2014-06-04,3.4
CDFF.L,2015-01-29,9.55
CDFF.L,2015-06-04,3.5
CDFF.L,2016-01-28,10.0
CDFF.L,2016-06-02,3.6
CDFF.L,2017-01-26,10.400001
CDFF.L,2017-06-01,4.0
CDFF.L,2018-01-25,11.5
CDFF.L,2018-05-31,4.4
CDFF.L,2019-01-24,12.2
CDFF.L,2019-05-30,4.6
CDFF.L,2020-01-23,12.5
CDFF.L,2020-05-28,4.8
CDFF.L,2021-01-14,12.8
CDFF.L,2021-05-27,5.0
CDFF.L,2022-01-20,13.500001
CDFF.L,2022-05-26,5.5
CDFF.L,2023-01-19,15.000001
CDFF.L,2023-05-25,6.0
CDFF.L,2024-01-18,16.0
CDFF.L,2024-05-23,6.5
CDFF.L,2025-01-16,17.0
CDFF.L,2025-05-22,7.5000005
CER.L,2016-06-02,1.3000001
CER.L,2017-01-05,2.6000001
CER.L,2017-06-01,1.4000001
CER.L,2018-01-04,2.8000002
CER.L,2018-05-24,1.5
CER.L,2019-01-03,3.0
CER.L,2019-05-30,1.6
CER.L,2020-01-02,3.3
CER.L,2020-05-28,1.75
CER.L,2020-12-31,3.7500002
CER.L,2021-05-27,2.1
CER.L,2021-12-30,5.0
CER.L,2022-05-26,2.6000001
CER.L,2022-12-29,6.5
CER.L,2023-06-01,3.3
CER.L,2023-12-28,8.0
CER.L,2024-05-30,4.0
CER.L,2025-01-16,9.2
CER.L,2025-05-29,4.8
CFYN.L,1992-12-14,5.0
CFYN.L,1993-06-21,6.5
CFYN.L,1993-12-13,5.0
CFYN.L,1994-06-20,6.5
CFYN.L,1994-12-12,5.0
CFYN.L,1995-06-19,6.5
CFYN.L,1995-12-18,5.0
CFYN.L,1996-06-24,6.5
CFYN.L,1996-12-16,5.0
CFYN.L,1997-06-23,7.5000005
CFYN.L,1997-12-15,5.5
CFYN.L,1998-06-22,8.5
CFYN.L,1998-12-14,5.5
CFYN.L,1999-06-21,9.0
CFYN.L,1999-12-13,5.5
CFYN.L,2000-06-26,9.5
CFYN.L,2000-12-11,5.5
CFYN.L,2001-07-04,9.5
CFYN.L,2001-12-12,6.0
CFYN.L,2002-07-03,12.0
CFYN.L,2002-12-11,7.0
CFYN.L,2003-06-25,14.0
CFYN.L,2003-12-10,7.5000005
CFYN.L,2004-06-23,15.000001
CFYN.L,2004-12-08,8.0
CFYN.L,2005-06-22,16.0
CFYN.L,2005-12-07,8.0
CFYN.L,2006-06-21,16.0
CFYN.L,2006-12-06,8.0
CFYN.L,2007-06-20,17.0
CFYN.L,2007-12-05,8.0
CFYN.L,2008-06-11,17.0
CFYN.L,2008-12-10,2.0
CFYN.L,2009-06-24,2.0
CFYN.L,2009-12-09,5.0
CFYN.L,2010-06-23,5.0
CFYN.L,2010-12-15,5.0
CFYN.L,2011-06-22,7.0
CFYN.L,2011-12-14,5.0
CFYN.L,2012-06-27,7.0
CFYN.L,2012-12-12,5.0
CFYN.L,2013-06-26,7.0
CFYN.L,2013-12-11,6.0
CFYN.L,2014-06-25,12.0
CFYN.L,2014-12-11,6.7500005
CFYN.L,2015-06-25,13.500001
CFYN.L,2015-12-10,7.25
CFYN.L,2016-06-30,14.5
CFYN.L,2016-12-15,7.5000005
CFYN.L,2017-07-06,15.000001
CFYN.L,2017-12-07,7.5000005
CFYN.L,2018-07-05,15.000001
CFYN.L,2018-12-06,7.5000005
CFYN.L,2019-07-04,15.000001
CFYN.L,2019-12-05,7.5000005
CFYN.L,2021-12-09,7.5000005
CFYN.L,2022-07-07,15.000001
CFYN.L,2022-12-08,7.5000005
CFYN.L,2023-07-13,15.000001
CFYN.L,2023-12-14,5.0
CFYN.L,2024-07-11,5.0
CFYN.L,2024-12-12,5.0
CFYN.L,2025-07-10,5.0
CFYN.L,2025-12-11,5.0
CGI.L,2004-02-25,3.2555997
CGI.L,2004-05-28,3.2555997
CGI.L,2004-08-27,3.2555997
CGI.L,2004-11-26,3.2555997
CGI.L,2005-02-25,6.5111994
CGI.L,2005-05-27,3.2555997
CGI.L,2005-08-26,3.2555997
CGI.L,2005-08-29,3.2555997
CGI.L,2005-11-28,3.2555997
CGI.L,2006-02-24,6.5111994
CGI.L,2006-05-26,6.5111994
CGI.L,2006-08-29,3.2555997
CGI.L,2006-11-28,3.2555997
CGI.L,2007-02-26,3.2555997
CGI.L,2007-05-29,3.2555997
CGI.L,2007-08-29,3.2555997
CGI.L,2007-11-28,3.2555997
CGI.L,2008-02-27,3.2555997
CGI.L,2008-05-28,3.2555997
CGI.L,2008-08-27,3.2555997
CGI.L,2008-11-26,3.17
CGI.L,2009-03-09,3.3799999
CGI.L,2009-06-08,3.3270001
CGI.L,2009-09-08,3.1369998
CGI.L,2009-12-08,3.495
CGI.L,2010-03-08,3.5440001
CGI.L,2010-06-08,3.897
CGI.L,2010-09-08,3.774
CGI.L,2010-12-08,3.2555997
CGI.L,2010-12-20,41.2376
CGI.L,2011-03-08,3.2555997
CGI.L,2011-06-08,3.2555997
CGI.L,2011-12-08,3.2555997
CGI.L,2011-12-20,60.7712
CGI.L,2012-03-08,3.2555997
CGI.L,2012-06-08,3.2555997
CGI.L,2012-09-10,3.2555997
CGI.L,2012-12-10,3.2555997
CGI.L,2012-12-20,28.215199
CGI.L,2013-02-26,3.2555997
CGI.L,2013-05-29,3.2555997
CGI.L,2013-08-28,3.2555997
CGI.L,2013-11-27,4.3408
CGI.L,2013-12-19,27.13
CGI.L,2014-02-26,6.5111995
CGI.L,2014-05-28,6.5111995
CGI.L,2014-08-27,6.5111995
CGI.L,2014-11-27,6.5111995
CGI.L,2014-12-19,15.1928
CGI.L,2015-02-25,7.5964
CGI.L,2015-05-27,7.5964
CGI.L,2015-08-27,7.5964
CGI.L,2015-11-27,7.5964
CGI.L,2015-12-22,10.851999
CGI.L,2016-02-26,8.6816
CGI.L,2016-05-27,8.6816
CGI.L,2016-08-30,8.6816
CGI.L,2016-11-29,8.6816
CGI.L,2017-02-27,9.7668
CGI.L,2017-05-30,9.7668
CGI.L,2017-08-30,9.7668
CGI.L,2017-11-29,9.7668
CGI.L,2017-12-20,2.1704
CGI.L,2018-02-27,10.3094
CGI.L,2018-05-30,10.3094
CGI.L,2018-08-30,10.3094
CGI.L,2018-11-29,10.3094
CGI.L,2019-02-27,10.851999
CGI.L,2019-05-30,10.851999
CGI.L,2019-08-29,10.851999
CGI.L,2019-11-28,10.851999
CGI.L,2020-02-27,11.394599
CGI.L,2020-05-28,11.394599
CGI.L,2020-08-28,11.394599
CGI.L,2020-11-27,11.394599
CGI.L,2021-02-25,11.9372
CGI.L,2021-05-28,11.9372
CGI.L,2021-08-27,11.9372
CGI.L,2021-11-29,11.9372
CGI.L,2022-02-25,12.479799
CGI.L,2022-05-30,12.479799
CGI.L,2022-08-30,12.479799
CGI.L,2022-11-29,12.479799
CGI.L,2023-02-27,13.022399
CGI.L,2023-05-30,13.022399
CGI.L,2023-08-30,13.022399
CGI.L,2023-11-29,13.022399
CGI.L,2024-02-28,13.565
CGI.L,2024-05-30,13.565
CGI.L,2024-08-29,13.565
CGI.L,2024-11-28,13.565
CGI.L,2025-02-28,14.6502
CGI.L,2025-05-30,14.6502
CGI.L,2025-08-29,14.6502
CGI.L,2025-11-27,14.6502
CGS.L,1992-11-30,0.65000004
CGS.L,1993-06-07,1.525
CGS.L,1993-12-13,0.775
CGS.L,1994-06-06,1.8249999
CGS.L,1994-12-12,1.0
CGS.L,1995-06-05,2.38
CGS.L,1995-12-27,1.22
CGS.L,1996-06-24,3.09
CGS.L,1996-12-09,1.43
CGS.L,1997-06-30,3.5500002
CGS.L,1997-12-22,1.68
CGS.L,1998-06-29,4.17
CGS.L,1998-12-21,2.02
CGS.L,1999-06-28,4.8
CGS.L,1999-12-13,2.12
CGS.L,2000-07-17,5.04
CGS.L,2000-12-11,2.18
CGS.L,2001-07-18,5.3199997
CGS.L,2001-12-12,2.26
CGS.L,2002-07-17,5.59
CGS.L,2002-12-11,2.32
CGS.L,2003-07-16,5.87
CGS.L,2003-12-10,2.38
CGS.L,2004-07-21,6.05
CGS.L,2004-12-08,2.44
CGS.L,2005-07-20,6.3500004
CGS.L,2005-12-07,2.53
CGS.L,2006-07-19,6.6699996
CGS.L,2006-12-13,2.5800002
CGS.L,2007-07-25,6.9399996
CGS.L,2007-12-12,2.71
CGS.L,2008-07-23,7.29
CGS.L,2008-12-10,2.71
CGS.L,2009-07-22,7.29
CGS.L,2009-12-09,2.71
CGS.L,2010-07-21,7.29
CGS.L,2010-12-08,2.71
CGS.L,2011-07-20,8.04
CGS.L,2011-12-07,2.91
CGS.L,2012-07-18,8.84
CGS.L,2012-11-28,2.98
CGS.L,2013-07-10,9.36
CGS.L,2013-11-27,3.13
CGS.L,2014-07-09,9.83
CGS.L,2014-11-27,3.22
CGS.L,2015-07-09,10.08
CGS.L,2015-11-26,3.3799999
CGS.L,2016-06-23,30.000002
CGS.L,2016-07-14,10.33
CGS.L,2016-11-24,3.3799999
CGS.L,2017-07-13,10.59
CGS.L,2017-11-23,3.3799999
CGS.L,2018-07-12,11.12
CGS.L,2018-11-22,3.3799999
CGS.L,2019-06-20,15.000001
CGS.L,2019-07-18,11.4
CGS.L,2019-11-21,3.48
CGS.L,2020-07-16,11.4
CGS.L,2020-11-26,3.5700002
CGS.L,2021-07-22,11.69
CGS.L,2021-11-25,3.66
CGS.L,2022-06-23,15.000001
CGS.L,2022-07-21,12.57
CGS.L,2022-11-24,3.8400002
CGS.L,2023-06-22,15.000001
CGS.L,2023-07-20,13.51
CGS.L,2023-11-23,4.13
CGS.L,2024-06-20,7.0
CGS.L,2024-07-18,14.190001
CGS.L,2024-11-21,4.21
CGS.L,2025-07-17,14.190001
CGS.L,2025-11-27,4.21
CGT.L,1981-06-18,0.25
CGT.L,1982-06-18,0.25
CGT.L,1983-06-17,0.25
CGT.L,1984-06-15,0.17500001
CGT.L,1984-06-18,0.35000002
CGT.L,1985-06-03,0.2
CGT.L,1986-06-16,0.23
CGT.L,1987-06-15,0.25
CGT.L,1988-06-20,0.275
CGT.L,1989-06-19,0.3
CGT.L,1990-06-11,0.32500002
CGT.L,1991-06-17,0.35000002
CGT.L,1992-06-29,1.2
CGT.L,1993-06-21,0.43
CGT.L,1994-06-20,0.45
CGT.L,1995-06-12,0.5
CGT.L,1996-06-24,0.55
CGT.L,1997-06-30,0.65000004
CGT.L,1997-11-24,2.8000002
CGT.L,1998-05-22,0.75
CGT.L,1998-06-22,2.0
CGT.L,1999-07-19,5.0
CGT.L,2000-06-12,7.0
CGT.L,2001-06-20,8.0
CGT.L,2002-06-19,9.0
CGT.L,2003-07-09,16.0
CGT.L,2004-06-16,12.5
CGT.L,2005-06-15,11.0
CGT.L,2006-06-28,13.500001
CGT.L,2007-07-18,14.0
CGT.L,2008-06-11,16.5
CGT.L,2009-06-03,20.0
CGT.L,2010-06-02,22.5
CGT.L,2011-06-01,18.5
CGT.L,2011-06-03,3.0
CGT.L,2012-06-06,18.5
CGT.L,2013-06-05,16.0
CGT.L,2014-06-04,16.0
CGT.L,2015-06-04,20.0
CGT.L,2016-06-09,20.0
CGT.L,2017-06-08,20.0
CGT.L,2018-06-14,27.000002
CGT.L,2019-06-13,35.0
CGT.L,2020-06-04,42.0
CGT.L,2021-06-10,45.0
CGT.L,2022-06-09,46.0
CGT.L,2023-06-01,60.000004
CGT.L,2024-02-01,11.0
CGT.L,2024-06-06,78.0
CGT.L,2025-06-05,102.0
CHG.L,1993-01-04,0.949
CHG.L,1993-06-21,0.52430004
CHG.L,1994-01-04,1.0486001
CHG.L,1994-06-20,0.56630003
CHG.L,1994-12-28,1.1492
CHG.L,1995-06-19,0.6272
CHG.L,1996-01-08,1.2824
CHG.L,1996-06-24,0.6587
CHG.L,1997-01-06,1.3472
CHG.L,1997-06-23,0.3504
CHG.L,1998-02-16,0.1752
CHG.L,1998-06-22,0.3504
CHG.L,1999-03-15,0.5256
CHG.L,1999-08-02,0.3504
CHG.L,2000-03-13,0.6132
CHG.L,2000-08-07,0.4029
CHG.L,2001-03-14,0.7008
CHG.L,2001-08-08,0.4292
CHG.L,2002-03-13,0.7446
CHG.L,2002-08-21,0.4292
CHG.L,2003-05-14,0.7446
CHG.L,2003-09-10,0.44669998
CHG.L,2004-05-12,0.8497
CHG.L,2004-09-08,0.49049997
CHG.L,2005-05-11,1.0862
CHG.L,2005-09-07,0.5606
CHG.L,2006-02-22,1.2789
CHG.L,2006-07-26,0.8409
CHG.L,2007-03-28,1.9621
CHG.L,2007-07-04,1.2614
CHG.L,2008-03-26,3.1184
CHG.L,2008-08-06,1.7519001
CHG.L,2009-03-25,4.3797
CHG.L,2009-07-15,2.4526
CHG.L,2010-03-17,6.3068004
CHG.L,2010-07-14,2.9782002
CHG.L,2011-03-23,7.3578997
CHG.L,2011-07-13,3.5038002
CHG.L,2012-03-21,9.4602
CHG.L,2012-07-11,4.6425
CHG.L,2013-04-17,3.679
CHG.L,2013-07-24,2.9782002
CHG.L,2014-04-16,3.3286002
CHG.L,2014-07-23,2.1023
CHG.L,2015-04-16,1.4891001
CHG.L,2015-09-03,2.1023
CHG.L,2017-04-27,1.3000001
CHG.L,2017-08-31,1.0
CHG.L,2018-04-05,2.0
CHG.L,2018-08-30,1.1
CHG.L,2019-04-04,2.2
CHG.L,2019-08-29,1.2
CHG.L,2020-04-02,2.4
CHG.L,2020-08-20,1.3000001
CHG.L,2021-04-01,2.6000001
CHG.L,2021-08-19,1.6
CHG.L,2022-03-10,3.2
CHG.L,2022-08-18,1.9
CHG.L,2023-03-23,3.8
CHG.L,2023-08-17,2.3
CHG.L,2024-03-21,4.6
CHG.L,2024-08-15,2.6000001
CHG.L,2025-03-20,5.2000003
CHG.L,2025-08-14,2.7
CHI.L,2007-07-04,1.3249999
CHI.L,2007-10-03,1.3249999
CHI.L,2008-01-09,1.3249999
CHI.L,2008-04-02,1.375
CHI.L,2008-07-09,1.3249999
CHI.L,2008-10-01,1.3249999
CHI.L,2009-01-07,1.3249999
CHI.L,2009-04-01,1.375
CHI.L,2009-07-08,1.3249999
CHI.L,2009-10-07,1.3249999
CHI.L,2010-01-06,1.3249999
CHI.L,2010-04-07,1.375
CHI.L,2010-07-14,1.06
CHI.L,2010-10-13,1.06
CHI.L,2011-01-05,1.06
CHI.L,2011-04-06,1.1
CHI.L,2011-07-06,1.06
CHI.L,2011-10-05,1.06
CHI.L,2012-01-04,1.06
CHI.L,2012-04-04,1.1
CHI.L,2012-04-05,1.1
CHI.L,2012-07-04,1.06
CHI.L,2012-10-03,1.06
CHI.L,2013-01-02,1.06
CHI.L,2013-01-04,1.06
CHI.L,2013-04-03,1.1
CHI.L,2013-07-03,1.083
CHI.L,2013-10-02,1.0825
CHI.L,2014-01-08,1.083
CHI.L,2014-04-02,1.1225
CHI.L,2014-07-09,1.11
CHI.L,2014-10-01,1.11
CHI.L,2015-01-08,1.11
CHI.L,2015-04-02,2.3
CHI.L,2015-07-09,1.14
CHI.L,2015-10-01,1.14
CHI.L,2016-01-07,1.14
CHI.L,2016-04-07,1.1800001
CHI.L,2016-07-07,1.17
CHI.L,2016-10-06,1.17
CHI.L,2017-01-05,1.17
CHI.L,2017-04-06,1.21
CHI.L,2017-07-06,1.21
CHI.L,2017-10-05,1.21
CHI.L,2018-01-04,1.21
CHI.L,2018-04-05,1.25
CHI.L,2018-07-05,1.25
CHI.L,2018-10-04,1.25
CHI.L,2019-01-03,1.25
CHI.L,2019-04-04,1.2900001
CHI.L,2019-07-04,1.2900001
CHI.L,2019-10-03,1.2900001
CHI.L,2020-01-02,1.2900001
CHI.L,2020-04-02,1.3399999
CHI.L,2020-07-02,1.2900001
CHI.L,2020-10-01,1.2900001
CHI.L,2021-01-07,1.2900001
CHI.L,2021-04-01,1.43
CHI.L,2021-07-01,1.2900001
CHI.L,2021-10-07,1.2900001
CHI.L,2022-01-06,1.3199999
CHI.L,2022-04-07,1.55
CHI.L,2022-07-07,1.3199999
CHI.L,2022-10-06,1.3199999
CHI.L,2023-01-05,1.3199999
CHI.L,2023-04-06,1.55
CHI.L,2023-07-06,1.3199999
CHI.L,2023-10-05,1.3199999
CHI.L,2024-01-04,1.3199999
CHI.L,2024-04-04,1.66
CHI.L,2024-07-04,1.35
CHI.L,2024-10-03,1.35
CHI.L,2025-01-02,1.35
CHI.L,2025-04-03,1.74
CHI.L,2025-07-03,1.37
CHI.L,2025-10-02,1.37
CHIB.L,2015-04-02,1.15
CHIB.L,2015-07-09,1.14
CHIB.L,2015-10-01,1.14
CHIB.L,2016-01-07,1.14
CHIB.L,2016-04-07,1.1800001
CHIB.L,2016-07-07,1.17
CHIB.L,2016-10-06,1.17
CHIB.L,2017-01-05,1.17
CHIB.L,2017-04-06,1.21
CHIB.L,2017-07-06,1.21
CHIB.L,2017-10-05,1.21
CHIB.L,2018-01-04,1.21
CHIB.L,2018-04-05,1.25
CHIB.L,2018-07-05,1.25
CHIB.L,2018-10-04,1.25
CHIB.L,2019-04-04,1.2900001
CHIB.L,2019-07-04,1.2900001
CHIB.L,2019-10-03,1.2900001
CHIB.L,2020-01-02,1.2900001
CHIB.L,2020-04-02,1.3399999
CHIB.L,2020-07-02,1.2900001
CHIB.L,2020-10-01,1.2900001
CHIB.L,2021-01-07,1.2900001
CHIB.L,2021-04-01,1.43
CHIB.L,2021-07-01,1.2900001
CHIB.L,2021-10-07,1.2900001
CHIB.L,2022-01-06,1.3199999
CHIB.L,2022-04-07,1.55
CHIB.L,2022-07-07,1.3199999
CHIB.L,2022-10-06,1.3199999
CHIB.L,2023-01-05,1.3199999
CHIB.L,2023-04-06,1.55
CHIB.L,2023-07-06,1.3199999
CHIB.L,2023-10-05,1.3199999
CHIB.L,2024-01-04,1.3199999
CHIB.L,2024-04-04,1.66
CHIB.L,2024-07-04,1.35
CHIB.L,2024-10-03,1.35
CHIB.L,2025-01-02,1.35
CHIB.L,2025-04-03,1.74
CHIB.L,2025-07-03,1.37
CHIB.L,2025-10-02,1.37
CHRT.L,2006-08-02,0.4
CHRT.L,2007-02-07,0.4
CHRT.L,2007-08-08,0.9
CHRT.L,2008-02-06,0.45
CHRT.L,2008-08-06,1.0
CHRT.L,2009-02-25,0.55
CHRT.L,2009-08-05,1.2
CHRT.L,2010-02-03,0.65000004
CHRT.L,2010-08-04,1.4000001
CHRT.L,2011-02-02,0.8
CHRT.L,2011-08-03,1.6
CHRT.L,2012-02-08,1.0
CHRT.L,2012-08-22,1.9
CHRT.L,2013-02-06,1.2
CHRT.L,2013-08-28,2.3
CHRT.L,2014-02-05,1.4000001
CHRT.L,2014-08-27,2.8000002
CHRT.L,2015-02-05,1.6
CHRT.L,2015-08-27,3.4
CHRT.L,2016-02-04,1.9
CHRT.L,2016-08-25,4.1
CHRT.L,2017-02-02,2.2
CHRT.L,2017-08-17,4.9
CHRT.L,2018-02-01,2.55
CHRT.L,2018-08-23,5.65
CHRT.L,2019-01-31,2.85
CHRT.L,2019-08-22,6.25
CHRT.L,2020-01-30,3.2
CHRT.L,2020-08-13,6.8999996
CHRT.L,2020-12-17,3.5
CHRT.L,2021-08-19,7.6
CHRT.L,2022-01-06,3.85
CHRT.L,2022-08-25,8.349999
CHRT.L,2023-01-05,4.25
CHRT.L,2023-08-24,9.15
CHRT.L,2024-01-04,4.7
CHRT.L,2024-08-22,10.1
CHRT.L,2025-01-09,5.25
CHRT.L,2025-08-21,11.05
CIC.L,2010-12-08,1.0
CIC.L,2011-12-07,1.1
CIC.L,2012-12-05,1.25
CIC.L,2014-01-08,1.5
CIC.L,2015-01-08,1.75
CIC.L,2016-01-07,1.75
CKI.L,2024-09-12,6.9192004
CKI.L,2025-05-23,17.874601
CKI.L,2025-09-10,7.0153003
CKN.L,1993-06-07,1.0
CKN.L,1993-10-18,0.75
CKN.L,1994-06-06,1.0
CKN.L,1994-10-10,0.75
CKN.L,1995-05-22,1.25
CKN.L,1995-10-23,1.25
CKN.L,1996-06-03,1.75
CKN.L,1996-10-21,1.5
CKN.L,1997-06-02,2.5
CKN.L,1997-10-13,1.5
CKN.L,1998-06-01,2.5
CKN.L,1998-09-21,1.5
CKN.L,1999-06-07,2.5
CKN.L,1999-09-20,1.5
CKN.L,2000-06-05,2.5
CKN.L,2000-09-11,2.5
CKN.L,2001-06-06,7.5000005
CKN.L,2001-09-12,6.0
CKN.L,2002-05-22,9.0
CKN.L,2002-09-11,6.0
CKN.L,2003-06-04,9.0
CKN.L,2003-09-10,7.0
CKN.L,2004-06-02,10.5
CKN.L,2004-09-08,9.0
CKN.L,2005-06-01,16.0
CKN.L,2005-09-07,10.0
CKN.L,2006-05-31,22.0
CKN.L,2006-09-06,12.0
CKN.L,2007-05-30,24.0
CKN.L,2007-09-12,14.0
CKN.L,2008-05-21,26.0
CKN.L,2008-09-17,16.0
CKN.L,2009-05-27,26.0
CKN.L,2009-09-16,16.0
CKN.L,2010-05-26,27.000002
CKN.L,2010-09-15,17.0
CKN.L,2011-05-25,30.000002
CKN.L,2011-09-14,18.0
CKN.L,2012-05-23,32.0
CKN.L,2012-09-12,18.0
CKN.L,2013-05-22,33.0
CKN.L,2013-09-11,19.0
CKN.L,2014-05-21,37.0
CKN.L,2014-09-10,21.0
CKN.L,2015-05-21,39.0
CKN.L,2015-09-10,22.0
CKN.L,2016-05-19,40.0
CKN.L,2016-09-08,22.0
CKN.L,2017-05-18,43.0
CKN.L,2017-09-07,23.0
CKN.L,2018-05-17,50.0
CKN.L,2018-09-06,24.0
CKN.L,2019-05-16,51.0
CKN.L,2019-09-05,25.0
CKN.L,2020-09-03,52.999996
CKN.L,2020-11-26,25.0
CKN.L,2021-05-13,54.000004
CKN.L,2021-09-02,27.000002
CKN.L,2022-05-12,57.0
CKN.L,2022-09-01,29.0
CKN.L,2023-05-11,64.0
CKN.L,2023-08-31,30.000002
CKN.L,2024-05-09,72.0
CKN.L,2024-08-29,32.0
CKN.L,2025-05-08,77.0
CKN.L,2025-08-28,33.0
CLBS.L,1998-04-20,0.154
CLBS.L,1998-09-28,0.266
CLBS.L,1999-04-06,0.53400004
CLBS.L,1999-10-11,0.32
CLBS.L,2000-04-17,0.64
CLBS.L,2000-10-09,0.35000002
CLBS.L,2001-05-02,0.70000005
CLBS.L,2001-10-10,0.08
CLBS.L,2002-05-01,0.16
CLBS.L,2004-10-06,0.1
CLBS.L,2005-05-11,0.2
CLBS.L,2005-09-14,0.13
CLBS.L,2006-04-26,0.27
CLBS.L,2006-10-04,0.17
CLBS.L,2007-04-25,0.32999998
CLBS.L,2007-10-03,0.32999998
CLBS.L,2008-04-23,0.66999996
CLBS.L,2008-10-08,0.32999998
CLBS.L,2009-04-22,0.66999996
CLBS.L,2009-09-23,0.32999998
CLBS.L,2010-04-28,0.77
CLBS.L,2010-09-29,0.35999998
CLBS.L,2011-04-27,0.78999996
CLBS.L,2011-09-28,0.4
CLBS.L,2012-05-09,0.9
CLBS.L,2012-09-26,0.44
CLBS.L,2013-05-08,1.0
CLBS.L,2013-10-09,0.48000002
CLBS.L,2014-05-07,1.12
CLBS.L,2015-07-16,0.56
CLBS.L,2015-12-03,0.5
CLBS.L,2016-07-14,1.5
CLBS.L,2016-12-08,0.55
CLBS.L,2017-07-13,1.7
CLBS.L,2017-12-07,0.625
CLBS.L,2018-08-09,1.8750001
CLBS.L,2018-12-06,0.70000005
CLBS.L,2019-08-08,2.3
CLBS.L,2019-12-05,0.77
CLBS.L,2020-07-23,1.9
CLBS.L,2020-12-10,0.81
CLBS.L,2021-08-12,2.0
CLBS.L,2021-12-09,0.85
CLBS.L,2022-07-14,2.07
CLBS.L,2022-10-06,12.5
CLBS.L,2022-12-08,0.88
CLBS.L,2023-07-20,2.15
CLBS.L,2023-12-07,0.92
CLBS.L,2024-07-18,2.23
CLBS.L,2024-12-12,0.95
CLBS.L,2025-07-24,2.32
CLBS.L,2025-12-11,0.98
CLDN.L,1977-11-28,0.012399999
CLDN.L,1978-06-26,0.0155
CLDN.L,1978-07-17,0.0851
CLDN.L,1978-11-27,0.0139
CLDN.L,1979-01-10,0.075
CLDN.L,1979-06-18,0.0183
CLDN.L,1979-07-16,0.0013
CLDN.L,1979-11-19,0.0182
CLDN.L,1980-06-16,0.0231
CLDN.L,1980-11-24,0.0182
CLDN.L,1981-06-29,0.026500002
CLDN.L,1981-11-23,0.0198
CLDN.L,1982-06-21,0.028099999
CLDN.L,1982-11-15,0.026
CLDN.L,1983-06-20,0.036000002
CLDN.L,1983-11-14,0.030000001
CLDN.L,1984-06-18,0.04
CLDN.L,1984-11-12,0.17
CLDN.L,1985-06-17,0.23
CLDN.L,1985-11-11,0.2
CLDN.L,1986-06-16,0.3
CLDN.L,1986-11-10,0.22
CLDN.L,1987-06-15,0.32999998
CLDN.L,1987-11-23,0.25
CLDN.L,1988-07-11,0.45
CLDN.L,1989-07-10,0.65000004
CLDN.L,1989-12-20,0.4
CLDN.L,1990-07-09,0.8
CLDN.L,1990-12-10,0.45
CLDN.L,1991-07-01,0.9
CLDN.L,1991-12-09,0.48000002
CLDN.L,1992-06-29,0.96000004
CLDN.L,1992-11-30,0.5
CLDN.L,1993-07-05,1.0
CLDN.L,1993-11-29,0.54
CLDN.L,1994-07-04,1.08
CLDN.L,1994-12-05,0.57
CLDN.L,1995-07-03,1.13
CLDN.L,1995-12-11,0.59000003
CLDN.L,1996-07-01,1.21
CLDN.L,1996-12-09,0.62
CLDN.L,1997-04-14,1.28
CLDN.L,1997-12-08,0.65000004
CLDN.L,1998-06-29,1.4000001
CLDN.L,1998-12-07,0.70000005
CLDN.L,1999-06-28,1.5
CLDN.L,1999-12-06,0.75
CLDN.L,2000-06-26,1.55
CLDN.L,2000-06-27,1.55
CLDN.L,2000-12-04,0.78
CLDN.L,2001-07-04,1.62
CLDN.L,2001-12-05,0.78
CLDN.L,2002-07-03,1.72
CLDN.L,2002-12-04,0.8
CLDN.L,2003-07-02,1.8
CLDN.L,2003-12-03,0.84
CLDN.L,2004-06-23,1.86
CLDN.L,2004-12-08,0.87
CLDN.L,2005-06-29,1.95
CLDN.L,2005-12-07,0.91
CLDN.L,2006-06-28,2.05
CLDN.L,2006-12-06,0.95
CLDN.L,2007-06-27,2.16
CLDN.L,2007-12-05,0.99
CLDN.L,2008-06-25,2.26
CLDN.L,2008-12-10,1.03
CLDN.L,2009-07-08,2.35
CLDN.L,2009-12-02,1.06
CLDN.L,2010-02-24,2.47
CLDN.L,2010-12-01,1.11
CLDN.L,2011-07-06,2.6000001
CLDN.L,2011-12-07,1.17
CLDN.L,2012-07-04,3.12
CLDN.L,2012-12-12,1.2900001
CLDN.L,2013-07-10,3.4299998
CLDN.L,2013-12-11,1.3399999
CLDN.L,2014-07-09,3.5700002
CLDN.L,2014-12-11,1.38
CLDN.L,2015-07-09,3.68
CLDN.L,2015-12-03,1.43
CLDN.L,2016-03-03,3.83
CLDN.L,2016-12-01,1.49
CLDN.L,2017-07-06,13.99
CLDN.L,2017-11-30,1.55
CLDN.L,2018-06-28,4.1499996
CLDN.L,2018-11-29,1.61
CLDN.L,2019-06-27,4.32
CLDN.L,2019-12-05,1.66
CLDN.L,2020-06-25,4.4500003
CLDN.L,2020-12-03,1.7
CLDN.L,2021-07-01,4.5899997
CLDN.L,2021-12-02,1.75
CLDN.L,2022-06-30,22.23
CLDN.L,2022-12-01,1.82
CLDN.L,2023-06-29,4.92
CLDN.L,2023-11-30,1.8929999
CLDN.L,2024-06-27,5.147
CLDN.L,2024-12-05,1.969
CLDN.L,2025-06-26,5.391
CLDN.L,2025-12-04,3.68
CLI.L,1994-10-03,0.04
CLI.L,1995-04-10,0.29500002
CLI.L,1995-10-16,0.21
CLI.L,1996-04-15,0.315
CLI.L,1996-10-07,0.22
CLI.L,1997-04-14,0.32999998
CLI.L,1997-10-06,0.23
CLI.L,1998-04-14,0.345
CLI.L,1998-10-05,0.24000001
CLI.L,2017-03-16,4.0
CLI.L,2017-08-24,2.05
CLI.L,2018-03-29,4.3
CLI.L,2018-08-23,2.2
CLI.L,2019-04-04,4.7
CLI.L,2019-08-22,2.35
CLI.L,2020-04-02,5.05
CLI.L,2020-08-20,2.35
CLI.L,2021-03-25,5.2000003
CLI.L,2021-08-19,2.35
CLI.L,2022-03-24,5.35
CLI.L,2022-09-08,2.6000001
CLI.L,2023-03-23,5.35
CLI.L,2023-09-07,2.6000001
CLI.L,2024-03-21,5.35
CLI.L,2024-09-05,2.6000001
CLI.L,2025-04-10,2.6799998
CLI.L,2025-09-04,1.3000001
CLIG.L,2007-02-07,3.0
CLIG.L,2007-10-31,7.0
CLIG.L,2008-02-13,6.0
CLIG.L,2008-10-29,13.500001
CLIG.L,2009-02-11,5.0
CLIG.L,2009-10-28,10.0
CLIG.L,2010-02-10,7.0
CLIG.L,2010-10-27,15.000001
CLIG.L,2011-02-09,8.0
CLIG.L,2011-10-05,16.0
CLIG.L,2012-02-08,8.0
CLIG.L,2012-10-03,16.0
CLIG.L,2012-12-12,8.0
CLIG.L,2013-10-09,16.0
CLIG.L,2014-02-05,8.0
CLIG.L,2014-10-09,16.0
CLIG.L,2015-02-19,8.0
CLIG.L,2015-10-08,16.0
CLIG.L,2016-02-25,8.0
CLIG.L,2016-10-13,16.0
CLIG.L,2017-03-02,8.0
CLIG.L,2017-10-12,17.0
CLIG.L,2018-03-01,9.0
CLIG.L,2018-10-11,18.0
CLIG.L,2019-03-07,22.5
CLIG.L,2019-10-10,18.0
CLIG.L,2020-03-05,10.0
CLIG.L,2020-10-08,20.0
CLIG.L,2021-03-04,11.0
CLIG.L,2021-10-07,22.0
CLIG.L,2022-02-24,24.5
CLIG.L,2022-09-29,22.0
CLIG.L,2023-03-02,11.0
CLIG.L,2023-09-28,22.0
CLIG.L,2024-02-29,11.0
CLIG.L,2024-10-03,22.0
CLIG.L,2025-03-06,11.0
CLIG.L,2025-09-25,22.0
CLX.L,2021-12-02,0.28
CLX.L,2022-07-28,0.56
CLX.L,2022-12-01,0.31
CLX.L,2023-07-27,0.62
CLX.L,2023-11-30,0.31
CLX.L,2024-07-25,0.62
CLX.L,2024-11-28,0.31
CLX.L,2025-07-24,0.62
CLX.L,2025-11-27,0.31
CMCL.L,2013-04-17,13.5625
CMCL.L,2014-01-20,4.0687504
CMCL.L,2014-04-17,4.0687504
CMCL.L,2014-07-16,4.0687504
CMCL.L,2014-10-16,4.0687504
CMCL.L,2015-01-15,4.0687504
CMCL.L,2015-04-16,4.0687504
CMCL.L,2015-07-16,4.0687504
CMCL.L,2015-10-15,4.0687504
CMCL.L,2016-01-14,4.207106
CMCL.L,2016-04-14,4.207106
CMCL.L,2016-07-14,5.142019
CMCL.L,2016-10-13,5.142019
CMCL.L,2017-01-12,5.142019
CMCL.L,2017-04-13,5.142019
CMCL.L,2017-07-13,5.142019
CMCL.L,2017-10-12,5.142019
CMCL.L,2018-01-11,5.142019
CMCL.L,2018-04-12,5.142019
CMCL.L,2018-07-12,5.142019
CMCL.L,2018-10-11,5.142019
CMCL.L,2019-01-10,5.142019
CMCL.L,2019-04-11,5.142019
CMCL.L,2019-07-11,5.142019
CMCL.L,2019-10-10,5.142019
CMCL.L,2020-01-16,5.609475
CMCL.L,2020-05-14,5.609475
CMCL.L,2020-07-16,6.357405
CMCL.L,2020-10-15,7.4793
CMCL.L,2021-01-14,8.22723
CMCL.L,2021-04-15,8.97516
CMCL.L,2021-07-15,9.723089
CMCL.L,2021-10-14,10.47102
CMCL.L,2022-01-13,10.47102
CMCL.L,2022-04-14,10.47102
CMCL.L,2022-07-14,10.47102
CMCL.L,2022-10-13,10.47102
CMCL.L,2023-01-12,10.47102
CMCL.L,2023-04-13,10.47102
CMCL.L,2023-07-13,10.47102
CMCL.L,2023-10-12,10.47102
CMCL.L,2024-01-11,10.47102
CMCL.L,2024-04-11,10.47102
CMCL.L,2024-07-11,10.47102
CMCL.L,2024-11-21,10.47102
CMCL.L,2025-04-03,10.47102
CMCL.L,2025-05-22,10.47102
CMCL.L,2025-08-22,10.47102
CMCL.L,2025-11-20,10.47102
CMCX.L,2016-09-08,5.3599997
CMCX.L,2016-12-01,2.98
CMCX.L,2017-08-03,5.9500003
CMCX.L,2017-11-30,2.98
CMCX.L,2018-08-02,5.9500003
CMCX.L,2018-11-29,1.35
CMCX.L,2019-08-01,0.68
CMCX.L,2019-11-28,2.85
CMCX.L,2020-08-06,12.179999
CMCX.L,2020-11-26,9.2
CMCX.L,2021-08-05,21.43
CMCX.L,2021-11-25,3.5
CMCX.L,2022-07-14,8.88
CMCX.L,2022-12-01,3.5
CMCX.L,2023-07-13,3.9
CMCX.L,2023-12-07,1.0
CMCX.L,2024-07-11,7.2999997
CMCX.L,2024-12-05,3.1
CMCX.L,2025-07-10,8.299999
CMCX.L,2025-11-27,5.5
CMPI.L,2008-09-24,1.5
CMPI.L,2008-12-24,1.0
CMPI.L,2009-03-25,1.0
CMPI.L,2009-06-24,1.4000001
CMPI.L,2009-09-23,1.0
CMPI.L,2009-12-23,1.0
CMPI.L,2010-03-24,1.0
CMPI.L,2010-06-23,1.4000001
CMPI.L,2010-09-22,1.0
CMPI.L,2010-12-22,1.0
CMPI.L,2011-03-23,1.0
CMPI.L,2011-06-22,1.4000001
CMPI.L,2011-09-21,1.0
CMPI.L,2011-12-21,1.0
CMPI.L,2012-02-22,1.3000001
CMPI.L,2012-06-20,1.2
CMPI.L,2012-09-19,1.1
CMPI.L,2012-12-19,1.1
CMPI.L,2013-03-20,1.1
CMPI.L,2013-06-19,1.3000001
CMPI.L,2013-09-18,1.1
CMPI.L,2013-12-18,1.1
CMPI.L,2014-03-19,1.1
CMPI.L,2014-06-18,1.5
CMPI.L,2014-09-17,1.15
CMPI.L,2014-12-18,1.15
CMPI.L,2015-01-29,1.15
CMPI.L,2015-06-18,1.55
CMPI.L,2015-09-17,1.2
CMPI.L,2015-11-19,1.2
CMPI.L,2016-03-17,1.2
CMPI.L,2016-06-16,1.6
CMPI.L,2016-09-15,1.25
CMPI.L,2016-12-15,1.25
CMPI.L,2017-03-16,1.25
CMPI.L,2017-06-15,1.7
CMPI.L,2017-09-14,1.3000001
CMPI.L,2017-12-14,1.3000001
CMPI.L,2018-03-15,1.3000001
CMPI.L,2018-06-28,2.6000001
CMPI.L,2018-09-13,1.35
CMPI.L,2018-12-13,1.35
CMPI.L,2019-03-21,1.35
CMPI.L,2019-06-20,1.9
CMPI.L,2019-09-19,1.4000001
CMPI.L,2019-12-19,1.4000001
CMPI.L,2020-03-19,1.4000001
CMPI.L,2020-06-18,1.9
CMPI.L,2020-09-17,1.4000001
CMPI.L,2020-12-17,1.4000001
CMPI.L,2021-03-18,1.4000001
CMPI.L,2021-06-17,2.0
CMPI.L,2021-09-16,1.55
CMPI.L,2021-12-16,1.55
CMPI.L,2022-03-17,1.55
CMPI.L,2022-06-16,2.0
CMPI.L,2022-09-15,1.67
CMPI.L,2022-12-15,1.67
CMPI.L,2023-03-16,1.67
CMPI.L,2023-06-15,2.19
CMPI.L,2023-09-14,1.8
CMPI.L,2023-12-14,1.8
CMPI.L,2024-03-14,1.8
CMPI.L,2024-06-13,2.0
CMPI.L,2024-09-12,1.85
CMPI.L,2024-12-12,1.85
CMPI.L,2025-03-13,1.85
CMPI.L,2025-06-12,2.05
CMPI.L,2025-09-11,1.9
CMPI.L,2025-12-11,1.9
CNA.L,1999-05-11,11.87
CNA.L,1999-09-20,0.9892
CNA.L,2000-04-25,1.4836999
CNA.L,2000-09-25,1.0881001
CNA.L,2001-05-02,1.6816
CNA.L,2001-10-10,1.1869999
CNA.L,2002-05-01,1.8794
CNA.L,2002-10-09,1.3848001
CNA.L,2003-04-30,2.5718
CNA.L,2003-09-24,1.6816
CNA.L,2004-04-28,3.6599
CNA.L,2004-10-20,2.4729002
CNA.L,2004-10-25,22.2562
CNA.L,2005-04-27,5.4305
CNA.L,2005-10-12,2.7598
CNA.L,2006-04-26,6.5877995
CNA.L,2006-09-27,2.8043
CNA.L,2007-04-25,7.122
CNA.L,2007-09-26,2.9823
CNA.L,2008-04-23,8.5909
CNA.L,2008-09-24,3.472
CNA.L,2009-04-22,8.7300005
CNA.L,2009-09-23,3.66
CNA.L,2010-04-28,9.139999
CNA.L,2010-09-29,3.8400002
CNA.L,2011-04-27,10.46
CNA.L,2011-09-28,4.29
CNA.L,2012-04-25,11.110001
CNA.L,2012-09-26,4.62
CNA.L,2013-04-24,11.78
CNA.L,2013-09-25,4.92
CNA.L,2014-04-23,12.08
CNA.L,2014-09-24,5.1
CNA.L,2015-04-30,8.4
CNA.L,2015-10-01,3.5700002
CNA.L,2016-05-12,8.429999
CNA.L,2016-10-13,3.6
CNA.L,2017-05-11,8.4
CNA.L,2017-10-12,3.6
CNA.L,2018-05-10,8.4
CNA.L,2018-10-11,3.6
CNA.L,2019-05-09,8.4
CNA.L,2019-10-10,1.5
CNA.L,2022-10-06,1.0
CNA.L,2023-06-08,2.0
CNA.L,2023-10-05,1.3299999
CNA.L,2024-05-30,2.6699998
CNA.L,2024-10-03,1.5
CNA.L,2025-05-01,3.0
CNA.L,2025-09-18,1.83
CNC.L,1997-03-17,0.1
CNC.L,1997-11-10,0.1
CNC.L,1998-03-23,0.1
CNC.L,2001-04-18,0.5
CNC.L,2003-03-12,0.35000002
CNC.L,2003-09-24,0.25
CNC.L,2004-04-14,0.25
CNC.L,2004-09-29,0.25
CNC.L,2005-05-04,0.25
CNC.L,2005-09-14,0.25
CNC.L,2006-05-03,0.5
CNC.L,2006-09-20,0.35000002
CNC.L,2007-05-02,0.65000004
CNC.L,2007-10-03,0.4
CNC.L,2008-05-28,0.8
CNC.L,2008-09-17,0.45
CNC.L,2009-05-27,0.85
CNC.L,2009-09-09,0.5
CNC.L,2010-03-10,0.9
CNC.L,2010-09-08,0.55
CNC.L,2011-03-23,0.95
CNC.L,2011-09-07,0.6
CNC.L,2012-03-14,1.0
CNC.L,2012-09-12,0.65000004
CNC.L,2013-03-25,1.05
CNC.L,2013-09-11,0.65000004
CNC.L,2014-03-26,1.1
CNC.L,2014-09-10,0.65000004
CNC.L,2015-03-19,1.15
CNC.L,2015-09-10,0.70000005
CNC.L,2016-03-29,1.2
CNC.L,2016-09-15,0.8
CNC.L,2017-03-16,1.3000001
CNC.L,2017-09-28,0.9
CNC.L,2018-03-15,1.3000001
CNC.L,2018-09-27,0.95
CNC.L,2019-03-21,1.35
CNC.L,2019-09-26,1.05
CNC.L,2020-03-19,1.4499999
CNC.L,2020-09-17,1.1
CNC.L,2021-03-18,1.4499999
CNC.L,2021-09-16,1.15
CNC.L,2022-07-07,1.4000001
CNC.L,2024-06-27,1.0
CNC.L,2025-06-19,1.1
CNE.L,2021-01-11,129.7361
CNE.L,2023-05-16,466.239
CNE.L,2023-10-06,71.3548
CNE.L,2024-05-24,54.7903
COA.L,1992-10-05,48.3403
COA.L,1993-04-19,8.3345
COA.L,1995-12-18,10.8668995
COA.L,1996-12-02,11.9536
COA.L,1997-12-08,13.148899
COA.L,1999-01-11,7.5130997
COA.L,2003-03-26,0.75130004
COA.L,2004-03-10,0.8264
COA.L,2005-03-09,0.9091
COA.L,2006-03-22,0.9091
COA.L,2007-03-07,0.9091
COA.L,2008-03-05,0.9091
COA.L,2009-03-11,0.9091
COA.L,2010-03-10,0.9091
COA.L,2011-09-07,1.15
COA.L,2017-05-04,0.6283536
COA.L,2017-10-26,0.3291376
COA.L,2018-05-03,0.74804
COA.L,2018-10-25,0.37402
COA.L,2019-05-02,0.8677264
COA.L,2019-10-24,0.411422
COA.L,2021-04-29,0.97245204
COA.L,2021-10-21,0.4563044
COA.L,2022-04-28,1.1220601
COA.L,2022-10-20,0.52362806
COA.L,2023-04-27,1.2941092
COA.L,2023-10-19,0.60591245
COA.L,2024-05-02,1.4885997
COA.L,2024-10-17,0.6956772
COA.L,2025-05-01,1.6382077
COA.L,2025-10-16,0.74804
COD.L,2002-06-24,0.051174004
COD.L,2010-06-09,1.0
COD.L,2011-06-13,1.15
COD.L,2012-06-11,1.24
COD.L,2013-06-12,1.24
COD.L,2014-06-11,1.24
COD.L,2015-06-10,0.62
COD.L,2016-06-06,1.24
COD.L,2017-06-12,1.26
COD.L,2018-06-11,1.3
COD.L,2019-06-10,1.33
COD.L,2021-06-07,1.33
COD.L,2022-06-06,1.63
COD.L,2023-06-12,2.0
COD.L,2024-06-10,2.1
COD.L,2025-06-09,2.2
COST.L,2008-04-23,4.7059
COST.L,2008-09-24,2.3529
COST.L,2009-04-22,4.7059
COST.L,2009-09-23,2.5882
COST.L,2010-04-21,5.1765
COST.L,2010-09-22,2.8235
COST.L,2011-04-13,5.8824
COST.L,2011-09-21,3.0588
COST.L,2012-04-18,6.3529
COST.L,2012-09-19,3.2940998
COST.L,2013-04-17,6.8235
COST.L,2013-09-18,3.5294
COST.L,2014-03-12,7.2941
COST.L,2014-09-17,3.0588
COST.L,2015-04-16,5.8824
COST.L,2015-09-17,3.5294
COST.L,2016-04-14,6.8235
COST.L,2016-09-15,4.0471
COST.L,2017-04-06,7.9058995
COST.L,2017-09-14,4.4705997
COST.L,2018-04-12,8.7059
COST.L,2018-09-13,4.8471
COST.L,2019-04-11,9.4118
COST.L,2019-09-12,3.5765
COST.L,2023-09-21,0.4
COST.L,2024-04-18,0.8
COST.L,2024-09-12,0.4
COST.L,2025-04-17,2.0
COST.L,2025-09-11,1.0
CPG.L,2001-08-15,2.0995
CPG.L,2002-02-27,4.199
CPG.L,2002-08-21,2.3205001
CPG.L,2003-03-05,5.525
CPG.L,2003-08-20,2.9835
CPG.L,2004-07-14,3.4255002
CPG.L,2005-02-16,6.8510003
CPG.L,2005-07-13,3.6465
CPG.L,2006-02-08,7.1825
CPG.L,2006-07-12,3.757
CPG.L,2007-02-07,7.4034996
CPG.L,2007-06-27,3.978
CPG.L,2008-01-30,7.956
CPG.L,2008-06-25,4.42
CPG.L,2009-01-28,8.84
CPG.L,2009-07-01,4.862
CPG.L,2010-01-27,9.724
CPG.L,2010-06-30,5.525
CPG.L,2011-01-26,13.8125
CPG.L,2011-06-29,7.1825
CPG.L,2012-01-25,14.144
CPG.L,2012-06-27,7.956
CPG.L,2013-01-23,15.580501
CPG.L,2013-06-26,8.84
CPG.L,2014-01-22,17.68
CPG.L,2014-05-21,9.724
CPG.L,2015-01-22,18.408
CPG.L,2015-06-25,10.192
CPG.L,2016-01-21,20.384
CPG.L,2016-06-23,11.024
CPG.L,2017-01-19,21.944
CPG.L,2017-05-18,11.648
CPG.L,2017-06-27,61.0
CPG.L,2018-01-18,22.300001
CPG.L,2018-06-21,12.3
CPG.L,2019-01-17,25.400002
CPG.L,2019-06-20,13.099999
CPG.L,2020-01-16,26.9
CPG.L,2022-01-20,14.0
CPG.L,2022-06-09,9.4
CPG.L,2023-01-19,22.1
CPG.L,2023-06-08,15.000001
CPG.L,2024-01-18,28.099998
CPG.L,2024-06-13,16.2
CPG.L,2025-01-16,31.420002
CPG.L,2025-06-19,16.699999
CPI.L,1993-03-15,1.4703
CPI.L,1993-08-16,0.89269996
CPI.L,1994-03-28,1.7852999
CPI.L,1994-08-15,1.1552
CPI.L,1995-03-06,2.3104
CPI.L,1995-09-04,1.3652999
CPI.L,1996-03-25,2.7305
CPI.L,1996-09-02,1.6803
CPI.L,1997-03-17,3.3606
CPI.L,1997-09-08,2.2054
CPI.L,1998-03-16,4.4108
CPI.L,1998-09-07,2.8355
CPI.L,1999-03-22,5.9861
CPI.L,1999-09-06,3.7807
CPI.L,2000-03-20,8.1915
CPI.L,2000-09-04,5.1985
CPI.L,2001-03-28,10.3969
CPI.L,2001-09-12,7.0888
CPI.L,2002-03-27,14.1776
CPI.L,2002-09-11,9.4517
CPI.L,2003-04-09,18.9035
CPI.L,2003-09-10,12.2873
CPI.L,2004-03-31,25.5197
CPI.L,2004-09-08,16.5406
CPI.L,2005-04-06,34.026302
CPI.L,2005-09-07,19.8487
CPI.L,2006-04-05,46.3136
CPI.L,2006-08-30,25.5197
CPI.L,2007-03-28,59.546
CPI.L,2007-09-12,274.1007
CPI.L,2008-03-26,73.1748
CPI.L,2008-08-27,43.9049
CPI.L,2009-04-08,87.8098
CPI.L,2009-09-02,51.2224
CPI.L,2010-04-14,102.4448
CPI.L,2010-09-01,60.369198
CPI.L,2011-04-13,122.5679
CPI.L,2011-08-31,65.8574
CPI.L,2012-04-18,129.8853
CPI.L,2012-09-12,72.2602
CPI.L,2013-04-17,142.6909
CPI.L,2013-08-21,79.5776
CPI.L,2014-04-16,162.814
CPI.L,2014-08-27,87.8098
CPI.L,2015-04-16,179.2783
CPI.L,2015-10-22,96.042
CPI.L,2016-04-21,193.9133
CPI.L,2016-10-20,101.5301
CPI.L,2017-05-25,188.4252
CPI.L,2017-10-19,101.5301
CPP.L,2010-09-15,242.0
CPP.L,2011-04-13,512.0
CPP.L,2011-09-14,242.0
CPP.L,2021-04-08,25.0
CPP.L,2021-09-02,5.0
CPP.L,2022-04-14,7.5000005
CRDA.L,1993-04-19,5.3049
CRDA.L,1993-09-20,3.1299
CRDA.L,1994-04-11,5.7823
CRDA.L,1994-09-12,3.289
CRDA.L,1995-04-10,6.1537004
CRDA.L,1995-09-11,3.4481997
CRDA.L,1996-04-22,6.4719996
CRDA.L,1996-09-09,3.6604
CRDA.L,1997-04-07,6.9494
CRDA.L,1997-09-15,3.7664998
CRDA.L,1998-05-11,7.2145996
CRDA.L,1998-09-21,3.7664998
CRDA.L,1999-03-22,7.2145996
CRDA.L,1999-11-29,3.8725998
CRDA.L,2000-06-05,7.4799004
CRDA.L,2000-12-04,3.9787
CRDA.L,2001-06-06,7.6921
CRDA.L,2001-12-05,4.0848002
CRDA.L,2002-06-05,7.9043
CRDA.L,2002-12-04,4.1484
CRDA.L,2003-06-04,8.0528
CRDA.L,2003-12-03,4.2651
CRDA.L,2004-06-02,8.307401
CRDA.L,2004-12-01,4.35
CRDA.L,2005-06-01,8.9122
CRDA.L,2005-09-06,4.6152
CRDA.L,2006-05-03,9.5487995
CRDA.L,2006-09-06,4.9335
CRDA.L,2007-05-02,10.2384
CRDA.L,2007-09-05,5.2518
CRDA.L,2008-04-30,11.4585
CRDA.L,2008-09-03,6.5780997
CRDA.L,2009-04-29,14.376201
CRDA.L,2009-09-02,6.8963
CRDA.L,2010-04-28,15.914599
CRDA.L,2010-09-01,10.344501
CRDA.L,2011-04-27,26.789701
CRDA.L,2011-08-31,26.2592
CRDA.L,2012-05-02,32.094498
CRDA.L,2012-08-29,28.3811
CRDA.L,2013-05-01,34.746998
CRDA.L,2013-09-04,30.7683
CRDA.L,2014-04-30,37.6647
CRDA.L,2014-08-27,31.298801
CRDA.L,2015-04-30,38.195198
CRDA.L,2015-08-27,32.8903
CRDA.L,2016-05-05,146.4147
CRDA.L,2016-09-08,33.548798
CRDA.L,2017-05-04,42.2561
CRDA.L,2017-08-31,35.8537
CRDA.L,2018-04-19,47.121998
CRDA.L,2018-08-23,38.9268
CRDA.L,2019-04-11,50.1951
CRDA.L,2019-04-29,115.0
CRDA.L,2019-08-22,39.5
CRDA.L,2020-04-16,50.5
CRDA.L,2020-08-20,39.5
CRDA.L,2021-05-06,51.5
CRDA.L,2021-09-09,43.5
CRDA.L,2022-05-05,56.5
CRDA.L,2022-09-08,47.0
CRDA.L,2023-04-27,61.0
CRDA.L,2023-08-31,47.0
CRDA.L,2024-04-18,62.0
CRDA.L,2024-09-05,47.0
CRDA.L,2025-04-10,63.0
CRDA.L,2025-08-28,48.0
CRE.L,2021-08-19,13.46364
CRE.L,2022-03-24,13.46364
CRE.L,2022-08-18,13.46364
CRE.L,2023-03-23,14.7300005
CRE.L,2023-08-17,13.46364
CRE.L,2024-03-21,13.46364
CRE.L,2024-08-15,14.0
CRE.L,2025-03-20,14.0
CRE.L,2025-08-14,13.0
CREI.L,2014-08-06,1.25
CREI.L,2014-12-04,1.25
CREI.L,2015-02-05,1.25
CREI.L,2015-05-07,1.5
CREI.L,2015-08-06,1.5
CREI.L,2015-11-26,1.5
CREI.L,2016-02-04,1.5875001
CREI.L,2016-05-05,1.6625
CREI.L,2016-08-04,1.5875001
CREI.L,2016-10-13,1.5875001
CREI.L,2017-01-19,1.5875001
CREI.L,2017-04-27,1.5875001
CREI.L,2017-07-27,1.6125
CREI.L,2017-10-26,1.6125
CREI.L,2018-01-25,1.6125
CREI.L,2018-04-26,1.6125
CREI.L,2018-07-26,1.6374999
CREI.L,2018-10-25,1.6374999
CREI.L,2019-01-24,1.6374999
CREI.L,2019-04-25,1.6374999
CREI.L,2019-07-25,1.6625
CREI.L,2019-10-24,1.6625
CREI.L,2020-01-30,1.6625
CREI.L,2020-04-23,1.6625
CREI.L,2020-08-06,0.95
CREI.L,2020-11-05,1.05
CREI.L,2021-02-11,1.25
CREI.L,2021-05-13,1.25
CREI.L,2021-05-20,0.5
CREI.L,2021-08-05,1.25
CREI.L,2021-11-11,1.25
CREI.L,2022-02-10,1.375
CREI.L,2022-05-12,1.375
CREI.L,2022-07-21,1.375
CREI.L,2022-10-13,1.375
CREI.L,2023-02-09,1.375
CREI.L,2023-05-11,1.375
CREI.L,2023-07-20,1.375
CREI.L,2023-10-26,1.375
CREI.L,2024-01-18,1.375
CREI.L,2024-05-09,1.6750001
CREI.L,2024-07-11,1.5
CREI.L,2024-10-17,1.5
CREI.L,2025-02-06,1.5
CREI.L,2025-04-24,1.5
CREI.L,2025-07-31,1.5
CREI.L,2025-11-06,1.5
CRH.L,1994-03-28,3.7356
CRH.L,1994-09-12,1.9484
CRH.L,1995-03-27,4.369
CRH.L,1995-09-11,2.2354999
CRH.L,1996-03-11,5.1763
CRH.L,1996-09-16,2.5004
CRH.L,1997-03-10,5.5646
CRH.L,1997-09-08,2.487
CRH.L,1998-03-09,5.6658
CRH.L,1998-09-07,2.6513999
CRH.L,1999-02-01,6.7341
CRH.L,1999-09-06,3.0523
CRH.L,2000-03-06,6.9342003
CRH.L,2000-09-11,3.3544
CRH.L,2001-03-14,9.0773
CRH.L,2001-09-12,3.6447
CRH.L,2002-03-13,8.9176
CRH.L,2002-09-11,4.3184
CRH.L,2003-03-12,10.5072
CRH.L,2003-09-10,5.1186
CRH.L,2004-03-10,12.6063
CRH.L,2004-09-08,5.7716002
CRH.L,2005-03-09,14.8202
CRH.L,2005-09-07,6.8094997
CRH.L,2006-03-15,17.0709
CRH.L,2006-09-06,8.374001
CRH.L,2007-03-14,23.1942
CRH.L,2007-09-05,12.0968
CRH.L,2008-03-12,31.5817
CRH.L,2008-09-03,14.5511
CRH.L,2009-03-11,42.629078
CRH.L,2009-09-02,10.0
CRH.L,2010-03-10,39.063
CRH.L,2010-09-01,13.00846
CRH.L,2011-03-09,38.6738
CRH.L,2011-08-24,16.260574
CRH.L,2012-03-07,38.6738
CRH.L,2012-08-22,16.260574
CRH.L,2013-03-06,38.6738
CRH.L,2013-08-28,16.260574
CRH.L,2014-03-05,38.6738
CRH.L,2014-08-27,16.260574
CRH.L,2015-03-05,38.6738
CRH.L,2015-09-10,16.260574
CRH.L,2016-03-10,38.6738
CRH.L,2016-09-08,16.52426
CRH.L,2017-03-09,40.60749
CRH.L,2017-09-07,16.87584
CRH.L,2018-03-08,42.89276
CRH.L,2018-09-06,17.227419
CRH.L,2019-03-14,46.05698
CRH.L,2019-09-05,17.579
CRH.L,2020-03-12,55.373848
CRH.L,2020-09-03,16.45556
CRH.L,2021-03-18,69.56214
CRH.L,2021-09-09,17.20354
CRH.L,2022-03-10,73.30204
CRH.L,2022-09-08,17.951519
CRH.L,2023-03-16,77.04194
CRH.L,2023-10-19,18.6995
CRH.L,2023-12-14,80.781845
CRH.L,2024-03-14,26.1793
CRH.L,2024-05-23,26.1793
CRH.L,2024-08-22,26.1793
CRH.L,2024-11-22,26.1793
CRH.L,2025-03-13,27.67526
CRH.L,2025-05-22,27.67526
CRH.L,2025-08-22,27.67526
CRH.L,2025-11-20,27.67526
CRL.L,1993-01-04,0.43629998
CRL.L,1993-07-19,1.0805
CRL.L,1993-12-13,0.4571
CRL.L,1994-07-25,1.1428001
CRL.L,1994-12-12,0.4571
CRL.L,1995-09-04,1.1428001
CRL.L,1995-12-18,0.4571
CRL.L,1996-09-09,0.2078
CRL.L,2017-07-20,0.23
CRL.L,2017-11-30,0.15
CRL.L,2018-09-06,0.23
CRL.L,2018-11-29,0.15
CRL.L,2019-08-22,0.4
CRL.L,2019-11-28,0.15
CRL.L,2020-10-08,0.5
CRL.L,2020-12-17,0.15
CRL.L,2021-09-02,0.5
CRL.L,2022-01-13,0.15
CRL.L,2024-08-08,0.45
CRL.L,2025-07-24,0.5
CRN.L,2019-09-19,2.197375
CRN.L,2021-09-16,2.338007
CRN.L,2022-04-21,2.46106
CRN.L,2022-09-15,2.6368499
CRN.L,2023-04-20,2.724745
CRN.L,2023-09-14,2.724745
CRN.L,2024-04-25,2.8126402
CRN.L,2024-09-12,3.34001
CRN.L,2025-04-24,3.86738
CRN.L,2025-09-18,3.6036952
CRST.L,2014-03-12,6.5
CRST.L,2014-09-24,4.1
CRST.L,2015-03-12,10.2
CRST.L,2015-09-24,6.4
CRST.L,2016-03-10,13.3
CRST.L,2016-09-22,9.099999
CRST.L,2017-03-16,18.5
CRST.L,2017-09-21,11.200001
CRST.L,2018-03-15,21.8
CRST.L,2018-09-20,11.200001
CRST.L,2019-03-21,21.8
CRST.L,2019-09-19,11.200001
CRST.L,2021-09-23,4.1
CRST.L,2022-03-17,9.5
CRST.L,2022-09-22,5.5
CRST.L,2023-03-16,11.5
CRST.L,2023-09-21,5.5
CRST.L,2024-03-21,11.5
CRST.L,2024-09-19,1.0
CRST.L,2025-03-27,1.2
CRST.L,2025-09-18,1.3000001
CRTX.L,2023-06-01,288.0
CRU.L,1995-08-14,1.3487
CRU.L,1996-01-29,0.7493
CRU.L,1996-08-19,1.4985
CRU.L,1997-02-10,0.7493
CRU.L,1997-08-26,1.5
CRU.L,1998-02-09,0.75
CRU.L,1998-08-17,1.5
CRU.L,1999-02-01,0.88
CRU.L,1999-08-23,2.0
CRU.L,2000-01-31,1.0
CRU.L,2000-08-21,2.3
CRU.L,2001-02-07,1.05
CRU.L,2001-08-29,2.3
CRU.L,2002-02-06,1.05
CRU.L,2002-08-21,2.3
CRU.L,2003-02-05,1.05
CRU.L,2003-08-27,2.3
CRU.L,2004-02-04,1.05
CRU.L,2004-09-01,2.3
CRU.L,2005-02-02,0.70000005
CRU.L,2012-07-25,0.5
CRU.L,2013-07-17,0.5
CRU.L,2014-07-23,0.5
CRU.L,2015-03-19,0.2
CRU.L,2015-08-06,0.5
CRU.L,2016-01-21,0.3
CRU.L,2016-09-08,0.70000005
CRU.L,2017-01-19,0.32999998
CRU.L,2017-09-21,0.37
CRU.L,2018-11-08,0.25
CRU.L,2019-02-14,0.25
CRU.L,2021-05-13,0.5
CRU.L,2021-11-11,0.5
CRU.L,2022-05-12,0.4
CRU.L,2022-11-03,0.2
CRU.L,2022-11-10,0.5
CRU.L,2023-11-02,0.6
CRU.L,2024-07-25,0.25
CRU.L,2024-12-12,0.25
CRW.L,2008-11-05,3.1
CRW.L,2009-05-06,1.8
CRW.L,2009-11-04,2.8999999
CRW.L,2010-03-03,4.7
CRW.L,2010-11-10,3.3
CRW.L,2011-03-23,4.0
CRW.L,2011-11-09,4.8
CRW.L,2012-03-07,4.8
CRW.L,2012-11-07,5.7
CRW.L,2013-03-13,5.2000003
CRW.L,2013-11-13,6.3
CRW.L,2014-03-26,5.7
CRW.L,2014-11-13,6.8
CRW.L,2015-03-26,6.3
CRW.L,2015-11-19,7.7
CRW.L,2016-03-17,7.5000005
CRW.L,2016-11-10,9.0
CRW.L,2017-03-30,8.7
CRW.L,2017-11-09,11.3
CRW.L,2018-03-29,10.0
CRW.L,2018-11-08,14.0
CRW.L,2019-03-14,11.0
CRW.L,2019-11-28,15.000001
CRW.L,2020-03-19,11.5
CRW.L,2020-11-19,15.000001
CRW.L,2021-03-18,12.0
CRW.L,2021-11-25,15.5
CRW.L,2022-03-24,12.5
CRW.L,2022-11-24,15.5
CRW.L,2023-03-23,12.5
CRW.L,2023-11-23,16.0
CRW.L,2024-03-21,13.0
CRW.L,2024-11-28,16.0
CRW.L,2025-03-20,13.500001
CRW.L,2025-11-27,18.5
CRWC.L,2025-04-10,1.08
CRWC.L,2025-11-06,1.0
CRWN.L,1998-11-09,1.0
CRWN.L,1999-03-22,2.25
CRWN.L,1999-11-08,1.0
CRWN.L,2000-01-04,1.06
CRWN.L,2000-06-12,2.1
CRWN.L,2000-11-06,1.0
CRWN.L,2001-06-13,2.0
CRWN.L,2001-12-05,0.5
CRWN.L,2002-01-02,1.3000001
CRWN.L,2002-02-06,1.1800001
CRWN.L,2002-06-26,2.0
CRWN.L,2002-08-07,0.87
CRWN.L,2002-11-13,0.5
CRWN.L,2003-06-18,5.3599997
CRWN.L,2004-06-16,1.8
CRWN.L,2004-08-18,0.2
CRWN.L,2006-12-20,0.8
CRWN.L,2007-11-28,0.8
CRWN.L,2008-03-26,0.25
CRWN.L,2008-07-09,0.9
CRWN.L,2009-03-18,0.25
CRWN.L,2009-10-07,0.25
CRWN.L,2010-03-10,0.25
CRWN.L,2010-10-27,1.25
CRWN.L,2011-03-09,1.25
CRWN.L,2011-11-02,1.25
CRWN.L,2012-03-07,1.25
CRWN.L,2012-10-31,1.25
CRWN.L,2013-03-06,1.25
CRWN.L,2013-10-30,1.25
CRWN.L,2014-03-05,1.25
CRWN.L,2014-11-06,1.25
CRWN.L,2015-03-05,1.25
CRWN.L,2015-11-05,1.25
CRWN.L,2016-03-03,1.25
CRWN.L,2016-11-03,1.0
CRWN.L,2017-03-09,1.0
CRWN.L,2017-11-02,1.0
CRWN.L,2018-03-08,1.0
CRWN.L,2018-11-01,1.0
CRWN.L,2019-02-28,1.0
CRWN.L,2019-10-31,1.0
CRWN.L,2020-03-05,1.0
CRWN.L,2020-10-08,2.0
CRWN.L,2020-11-05,0.83
CRWN.L,2021-03-04,0.78
CRWN.L,2021-11-04,2.3700001
CRWN.L,2022-03-10,0.84
CRWN.L,2022-11-03,0.84
CRWN.L,2023-03-09,0.78999996
CRWN.L,2023-11-02,0.83
CRWN.L,2024-03-07,0.78
CRWN.L,2024-11-07,0.81
CRWN.L,2025-04-10,0.78
CRWN.L,2025-11-06,0.76
CSC.L,2008-07-09,2.0
CSC.L,2009-02-11,4.0
CSC.L,2009-07-08,2.2
CSC.L,2010-02-17,4.4
CSC.L,2010-07-07,2.4
CSC.L,2011-02-16,4.8
CSC.L,2011-07-06,2.4
CSC.L,2012-02-15,4.8
CSC.L,2012-07-04,2.5
CSC.L,2013-02-13,5.0
CSC.L,2013-07-10,2.6000001
CSC.L,2014-02-12,5.2000003
CSC.L,2014-07-09,2.8000002
CSC.L,2015-02-19,5.6000004
CSC.L,2015-07-09,2.8000002
CSC.L,2016-02-18,5.6000004
CSN.L,2004-08-25,4.1211
CSN.L,2005-03-30,6.1599
CSN.L,2005-10-12,4.2511997
CSN.L,2006-04-12,6.5503
CSN.L,2006-09-13,4.3813
CSN.L,2007-04-04,6.9841
CSN.L,2007-09-12,4.5549
CSN.L,2008-04-09,8.5458
CSN.L,2008-09-10,4.7718
CSN.L,2009-04-08,8.719299
CSN.L,2009-09-09,4.9019003
CSN.L,2010-04-14,8.9362
CSN.L,2010-09-08,5.032
CSN.L,2011-04-06,9.1965
CSN.L,2011-09-07,5.1622
CSN.L,2012-04-11,9.4567995
CSN.L,2012-09-12,5.2923
CSN.L,2013-04-10,9.7604
CSN.L,2013-09-11,5.4225
CSN.L,2014-04-09,10.0901
CSN.L,2014-09-10,5.5699
CSN.L,2015-04-09,10.3938
CSN.L,2015-09-10,5.7348003
CSN.L,2016-04-07,10.6974
CSN.L,2016-09-08,5.8996
CSN.L,2017-04-13,11.0212
CSN.L,2017-09-07,6.0794
CSN.L,2018-04-12,11.3512
CSN.L,2018-09-06,6.2618003
CSN.L,2019-04-11,11.689899
CSN.L,2019-09-05,6.4529
CSN.L,2020-04-23,12.0460005
CSN.L,2020-10-08,6.644
CSN.L,2021-04-08,12.4108
CSN.L,2021-09-09,6.8437004
CSN.L,2022-04-07,12.766799
CSN.L,2022-09-08,7.0522003
CSN.L,2023-04-06,13.166399
CSN.L,2023-09-28,7.2605996
CSN.L,2024-04-11,13.5572
CSN.L,2024-09-19,7.4776998
CSN.L,2025-04-03,13.9654
CSN.L,2025-09-04,7.7
CTEC.L,2017-09-07,1.0606
CTEC.L,2018-04-05,3.0935001
CTEC.L,2018-09-06,1.3087
CTEC.L,2019-04-04,3.0972
CTEC.L,2019-09-05,1.4038999
CTEC.L,2020-04-02,3.0948
CTEC.L,2020-09-03,1.3057
CTEC.L,2021-04-01,2.845
CTEC.L,2021-09-02,1.229
CTEC.L,2022-03-31,3.161
CTEC.L,2022-08-25,1.4096
CTEC.L,2023-04-06,3.657
CTEC.L,2023-08-17,1.38
CTEC.L,2024-04-25,3.5174
CTEC.L,2024-08-22,1.422
CTEC.L,2025-04-17,3.639
CTEC.L,2025-08-21,1.3989999
CTPE.L,2001-11-21,0.9
CTPE.L,2002-04-17,0.3
CTPE.L,2002-10-16,19.0
CTPE.L,2002-11-20,0.95
CTPE.L,2003-04-23,0.31
CTPE.L,2003-09-24,12.700001
CTPE.L,2003-11-19,2.48
CTPE.L,2004-04-14,1.0
CTPE.L,2004-05-19,22.0
CTPE.L,2004-07-07,3.0
CTPE.L,2004-07-28,5.0
CTPE.L,2004-09-22,4.5
CTPE.L,2004-11-10,1.15
CTPE.L,2005-02-16,7.0
CTPE.L,2005-04-13,0.3
CTPE.L,2005-08-03,7.5000005
CTPE.L,2005-10-26,1.2
CTPE.L,2006-03-15,7.5000005
CTPE.L,2006-09-27,15.5
CTPE.L,2006-12-27,2.1
CTPE.L,2007-05-23,0.4
CTPE.L,2007-09-26,0.3
CTPE.L,2008-06-04,0.3
CTPE.L,2008-09-10,0.5
CTPE.L,2010-04-14,0.8
CTPE.L,2011-05-18,0.95
CTPE.L,2012-05-16,0.8
CTPE.L,2012-10-03,4.96
CTPE.L,2013-05-01,5.07
CTPE.L,2013-10-02,5.2200003
CTPE.L,2014-04-30,5.3599997
CTPE.L,2014-10-09,5.39
CTPE.L,2015-04-30,5.45
CTPE.L,2015-10-08,5.58
CTPE.L,2016-05-05,5.83
CTPE.L,2016-10-13,6.12
CTPE.L,2017-05-04,6.48
CTPE.L,2017-10-12,6.92
CTPE.L,2018-01-04,3.5500002
CTPE.L,2018-01-05,3.5500002
CTPE.L,2018-04-05,3.5700002
CTPE.L,2018-07-05,3.5700002
CTPE.L,2018-10-04,3.5700002
CTPE.L,2019-01-10,3.58
CTPE.L,2019-04-04,3.6499999
CTPE.L,2019-07-04,3.7300003
CTPE.L,2019-10-03,3.81
CTPE.L,2020-01-09,3.87
CTPE.L,2020-04-09,3.92
CTPE.L,2020-07-09,3.99
CTPE.L,2020-10-01,3.99
CTPE.L,2021-01-07,3.99
CTPE.L,2021-04-08,4.16
CTPE.L,2021-07-08,4.35
CTPE.L,2021-10-07,4.77
CTPE.L,2022-01-06,5.27
CTPE.L,2022-04-07,5.65
CTPE.L,2022-07-07,6.05
CTPE.L,2022-10-06,6.3100004
CTPE.L,2023-01-05,6.6200004
CTPE.L,2023-04-06,6.79
CTPE.L,2023-07-06,6.95
CTPE.L,2023-10-05,7.01
CTPE.L,2024-01-04,7.01
CTPE.L,2024-04-11,7.01
CTPE.L,2024-07-04,7.01
CTPE.L,2024-10-03,7.01
CTPE.L,2025-01-02,7.01
CTPE.L,2025-04-10,7.01
CTPE.L,2025-07-03,7.01
CTPE.L,2025-10-02,7.01
CTUK.L,1993-06-07,0.9
CTUK.L,1993-11-15,2.5
CTUK.L,1994-04-11,1.0
CTUK.L,1994-10-17,2.5
CTUK.L,1995-04-11,1.5
CTUK.L,1995-06-12,1.5
CTUK.L,1995-12-04,2.35
CTUK.L,1996-06-10,1.65
CTUK.L,1996-12-02,2.5
CTUK.L,1997-05-27,1.75
CTUK.L,1997-12-01,2.75
CTUK.L,1998-05-18,1.8
CTUK.L,1998-12-07,2.85
CTUK.L,1999-05-17,1.85
CTUK.L,1999-12-06,2.95
CTUK.L,2000-05-08,1.9
CTUK.L,2000-12-11,3.05
CTUK.L,2001-05-09,1.95
CTUK.L,2001-12-05,3.15
CTUK.L,2002-05-08,2.0
CTUK.L,2002-12-11,3.25
CTUK.L,2003-05-07,2.05
CTUK.L,2003-12-31,3.3
CTUK.L,2004-03-17,2.73
CTUK.L,2005-01-05,2.73
CTUK.L,2005-04-20,2.73
CTUK.L,2005-09-07,1.4000001
CTUK.L,2006-01-04,1.67
CTUK.L,2006-03-01,1.4000001
CTUK.L,2006-06-07,1.5
CTUK.L,2006-08-30,1.5
CTUK.L,2007-01-03,2.1
CTUK.L,2007-02-28,1.6
CTUK.L,2007-06-06,1.6
CTUK.L,2007-08-29,1.8
CTUK.L,2008-01-02,2.4
CTUK.L,2008-02-06,1.8
CTUK.L,2008-05-21,1.8
CTUK.L,2008-08-27,1.9
CTUK.L,2008-12-03,2.8999999
CTUK.L,2009-03-04,2.3
CTUK.L,2009-05-27,1.9
CTUK.L,2009-08-26,1.9
CTUK.L,2009-12-09,2.55
CTUK.L,2010-02-24,1.95
CTUK.L,2010-06-02,1.95
CTUK.L,2010-08-25,1.95
CTUK.L,2010-12-08,2.6000001
CTUK.L,2011-02-23,2.0
CTUK.L,2011-06-08,2.0
CTUK.L,2011-08-24,2.0
CTUK.L,2011-11-30,2.6499999
CTUK.L,2012-02-22,2.05
CTUK.L,2012-05-30,2.05
CTUK.L,2012-08-22,2.05
CTUK.L,2012-12-05,2.85
CTUK.L,2013-02-27,2.15
CTUK.L,2013-06-05,2.15
CTUK.L,2013-08-21,2.15
CTUK.L,2013-12-04,3.0
CTUK.L,2014-02-26,2.25
CTUK.L,2014-06-04,2.25
CTUK.L,2014-09-03,2.25
CTUK.L,2014-12-11,3.1
CTUK.L,2015-02-26,2.3
CTUK.L,2015-06-04,2.3
CTUK.L,2015-09-03,2.3
CTUK.L,2015-12-10,3.2
CTUK.L,2016-02-25,2.35
CTUK.L,2016-06-02,2.35
CTUK.L,2016-09-01,2.35
CTUK.L,2016-12-08,3.25
CTUK.L,2017-03-02,2.4
CTUK.L,2017-06-01,2.4
CTUK.L,2017-08-31,2.4
CTUK.L,2017-12-14,3.4499998
CTUK.L,2018-03-08,2.45
CTUK.L,2018-06-07,2.45
CTUK.L,2018-08-30,2.45
CTUK.L,2018-12-13,3.6
CTUK.L,2019-03-07,2.55
CTUK.L,2019-06-06,2.55
CTUK.L,2019-08-29,2.55
CTUK.L,2019-12-12,3.7500002
CTUK.L,2020-03-05,2.6499999
CTUK.L,2020-06-11,2.55
CTUK.L,2020-09-03,2.55
CTUK.L,2020-12-03,3.7500002
CTUK.L,2021-03-11,2.6499999
CTUK.L,2021-06-10,2.6000001
CTUK.L,2021-09-02,2.6000001
CTUK.L,2021-12-02,3.7500002
CTUK.L,2022-03-10,2.6499999
CTUK.L,2022-06-09,2.6499999
CTUK.L,2022-09-01,2.6499999
CTUK.L,2022-12-08,3.85
CTUK.L,2023-03-09,2.75
CTUK.L,2023-06-08,2.75
CTUK.L,2023-09-07,2.75
CTUK.L,2023-12-07,3.9
CTUK.L,2024-03-07,2.85
CTUK.L,2024-06-13,2.85
CTUK.L,2024-09-05,2.85
CTUK.L,2024-12-05,3.9500003
CTUK.L,2025-03-13,2.95
CTUK.L,2025-06-12,2.95
CTUK.L,2025-09-11,2.95
CTUK.L,2025-12-11,4.1499996
CTY.L,1977-10-17,0.15
CTY.L,1978-01-16,0.15
CTY.L,1978-04-17,0.15
CTY.L,1978-08-07,0.24000001
CTY.L,1978-10-16,0.17199999
CTY.L,1979-01-15,0.17199999
CTY.L,1979-04-09,0.17199999
CTY.L,1979-08-13,0.298
CTY.L,1979-11-05,0.22
CTY.L,1980-02-11,0.22
CTY.L,1980-04-14,0.22
CTY.L,1980-08-11,0.39
CTY.L,1980-10-13,0.275
CTY.L,1981-01-26,0.275
CTY.L,1981-04-10,0.275
CTY.L,1981-08-10,0.275
CTY.L,1981-10-12,0.275
CTY.L,1982-01-11,0.275
CTY.L,1982-05-17,0.275
CTY.L,1982-10-04,0.312
CTY.L,1983-01-17,0.312
CTY.L,1983-04-11,0.312
CTY.L,1983-08-15,0.312
CTY.L,1983-11-14,0.337
CTY.L,1984-01-16,0.337
CTY.L,1984-04-09,0.337
CTY.L,1984-08-13,0.438
CTY.L,1984-10-15,0.387
CTY.L,1985-01-14,0.387
CTY.L,1985-04-15,0.387
CTY.L,1985-08-12,0.563
CTY.L,1985-11-11,0.487
CTY.L,1986-01-13,0.487
CTY.L,1986-04-14,0.487
CTY.L,1986-08-11,0.587
CTY.L,1986-10-13,0.55
CTY.L,1987-01-12,0.55
CTY.L,1987-05-01,0.55
CTY.L,1987-08-10,0.66999996
CTY.L,1987-10-26,0.64
CTY.L,1988-01-11,0.64
CTY.L,1988-04-11,0.64
CTY.L,1988-08-15,0.73
CTY.L,1988-10-17,0.77
CTY.L,1989-01-16,0.77
CTY.L,1989-04-17,0.77
CTY.L,1989-08-14,1.09
CTY.L,1989-10-16,1.03
CTY.L,1990-01-29,1.03
CTY.L,1990-04-09,1.03
CTY.L,1990-08-20,1.03
CTY.L,1990-10-08,1.14
CTY.L,1991-01-14,1.14
CTY.L,1991-04-15,1.14
CTY.L,1991-08-12,1.14
CTY.L,1991-10-14,1.19
CTY.L,1992-01-27,1.19
CTY.L,1992-04-06,1.19
CTY.L,1992-08-10,1.19
CTY.L,1992-10-19,1.19
CTY.L,1993-01-18,1.19
CTY.L,1993-04-19,1.19
CTY.L,1993-08-16,1.23
CTY.L,1993-10-18,1.23
CTY.L,1994-01-17,1.23
CTY.L,1994-04-11,1.23
CTY.L,1994-07-18,1.3100001
CTY.L,1994-10-24,1.3100001
CTY.L,1995-01-16,1.3100001
CTY.L,1995-04-18,1.3100001
CTY.L,1995-07-17,1.42
CTY.L,1995-10-23,1.42
CTY.L,1996-01-22,1.42
CTY.L,1996-04-29,1.42
CTY.L,1996-07-22,1.54
CTY.L,1996-10-21,1.54
CTY.L,1997-01-20,1.54
CTY.L,1997-04-21,1.54
CTY.L,1997-04-25,1.54
CTY.L,1997-07-21,1.66
CTY.L,1997-10-27,1.66
CTY.L,1998-01-26,1.66
CTY.L,1998-04-20,1.66
CTY.L,1998-07-20,1.72
CTY.L,1998-10-26,1.72
CTY.L,1999-02-08,1.72
CTY.L,1999-04-19,1.72
CTY.L,1999-07-19,1.78
CTY.L,1999-10-25,1.78
CTY.L,2000-02-07,1.78
CTY.L,2000-04-17,1.78
CTY.L,2000-07-17,1.84
CTY.L,2000-10-23,1.84
CTY.L,2001-01-15,1.84
CTY.L,2001-04-25,1.84
CTY.L,2001-07-18,1.98
CTY.L,2001-10-24,1.98
CTY.L,2002-01-16,1.98
CTY.L,2002-04-24,1.98
CTY.L,2002-07-17,2.0
CTY.L,2002-11-13,2.0
CTY.L,2003-01-15,2.0
CTY.L,2003-03-05,2.0
CTY.L,2003-07-16,2.07
CTY.L,2003-11-12,2.07
CTY.L,2004-02-04,2.07
CTY.L,2004-04-28,2.07
CTY.L,2004-07-28,2.12
CTY.L,2004-11-03,2.12
CTY.L,2005-01-26,2.12
CTY.L,2005-04-27,2.12
CTY.L,2005-07-27,2.26
CTY.L,2005-10-26,2.28
CTY.L,2006-01-25,2.28
CTY.L,2006-04-26,2.4
CTY.L,2006-07-26,2.4
CTY.L,2006-10-25,2.53
CTY.L,2007-01-24,2.53
CTY.L,2007-04-25,2.6200001
CTY.L,2007-07-25,2.6200001
CTY.L,2007-10-24,2.84
CTY.L,2008-01-23,2.84
CTY.L,2008-04-23,2.96
CTY.L,2008-07-23,2.96
CTY.L,2008-10-22,3.08
CTY.L,2009-01-21,3.08
CTY.L,2009-04-22,3.08
CTY.L,2009-07-22,3.08
CTY.L,2009-10-21,3.08
CTY.L,2010-01-20,3.08
CTY.L,2010-04-28,3.25
CTY.L,2010-07-28,3.25
CTY.L,2010-10-20,3.25
CTY.L,2011-01-19,3.25
CTY.L,2011-05-04,3.3500001
CTY.L,2011-07-27,3.7222002
CTY.L,2011-10-26,3.7222002
CTY.L,2012-01-25,3.7222002
CTY.L,2012-05-02,3.9111
CTY.L,2012-08-08,3.9111
CTY.L,2012-10-24,3.52
CTY.L,2013-01-23,3.9111
CTY.L,2013-05-01,4.0333
CTY.L,2013-07-31,4.0333
CTY.L,2013-10-23,4.0333
CTY.L,2014-01-22,4.0333
CTY.L,2014-04-30,3.7500002
CTY.L,2014-07-30,3.7500002
CTY.L,2014-10-23,3.7500002
CTY.L,2015-01-22,3.7500002
CTY.L,2015-04-30,3.9
CTY.L,2015-07-30,3.9
CTY.L,2015-10-22,3.9
CTY.L,2016-01-28,3.9
CTY.L,2016-04-28,4.05
CTY.L,2016-07-28,4.05
CTY.L,2016-10-20,4.05
CTY.L,2017-01-26,4.05
CTY.L,2017-04-27,4.3
CTY.L,2017-07-27,4.3
CTY.L,2017-10-19,4.3
CTY.L,2018-01-25,4.3
CTY.L,2018-04-26,4.5499997
CTY.L,2018-07-26,4.5499997
CTY.L,2018-10-18,4.5499997
CTY.L,2019-01-24,4.5499997
CTY.L,2019-04-25,4.75
CTY.L,2019-07-25,4.75
CTY.L,2019-10-24,4.75
CTY.L,2020-01-23,4.75
CTY.L,2020-04-23,4.75
CTY.L,2020-07-30,4.75
CTY.L,2020-10-29,4.75
CTY.L,2021-01-28,4.75
CTY.L,2021-04-29,4.8
CTY.L,2021-08-05,4.8
CTY.L,2021-10-28,4.8
CTY.L,2022-01-27,4.8
CTY.L,2022-04-28,5.0
CTY.L,2022-08-04,5.0
CTY.L,2022-10-27,5.0
CTY.L,2023-01-26,5.0
CTY.L,2023-04-27,5.05
CTY.L,2023-07-27,5.05
CTY.L,2023-10-26,5.05
CTY.L,2024-01-25,5.05
CTY.L,2024-04-25,5.25
CTY.L,2024-07-25,5.25
CTY.L,2024-10-24,5.25
CTY.L,2025-01-23,5.25
CTY.L,2025-04-24,5.4
CTY.L,2025-07-24,5.4
CTY.L,2025-10-23,5.4
CURY.L,2011-07-06,5.0
CURY.L,2011-11-16,1.75
CURY.L,2012-07-04,3.25
CURY.L,2012-11-21,1.75
CURY.L,2013-07-10,3.25
CURY.L,2013-11-20,2.0
CURY.L,2014-07-09,4.0
CURY.L,2015-01-02,2.5
CURY.L,2015-08-27,6.0
CURY.L,2015-12-31,3.25
CURY.L,2016-08-25,6.5
CURY.L,2016-12-29,3.5
CURY.L,2017-08-24,7.75
CURY.L,2017-12-28,3.5
CURY.L,2018-08-23,7.75
CURY.L,2018-12-27,2.25
CURY.L,2019-09-05,4.5
CURY.L,2019-12-24,2.25
CURY.L,2021-08-19,3.0
CURY.L,2021-12-30,1.0
CURY.L,2022-08-04,2.15
CURY.L,2022-12-29,1.0
CURY.L,2025-08-28,1.5
CVCE.L,2014-01-29,0.01
CVCE.L,2014-06-25,0.025
CVCE.L,2015-02-05,0.025
CVCE.L,2015-07-09,0.025
CVCE.L,2016-02-04,0.025
CVCE.L,2016-07-14,0.025
CVCE.L,2016-11-03,0.0125
CVCE.L,2017-02-02,0.0125
CVCE.L,2017-05-04,0.0125
CVCE.L,2017-08-10,0.01375
CVCE.L,2017-11-02,0.01375
CVCE.L,2018-02-01,0.01375
CVCE.L,2018-05-03,0.01375
CVCE.L,2018-08-09,0.01375
CVCE.L,2018-11-01,0.01375
CVCE.L,2019-02-07,0.01375
CVCE.L,2019-05-02,0.01375
CVCE.L,2019-08-01,0.01375
CVCE.L,2019-11-07,0.01375
CVCE.L,2020-02-06,0.01375
CVCE.L,2020-05-14,0.01375
CVCE.L,2020-08-06,0.01
CVCE.L,2020-11-12,0.01125
CVCE.L,2021-02-04,0.01125
CVCE.L,2021-05-06,0.01125
CVCE.L,2021-08-05,0.0125
CVCE.L,2021-11-11,0.0125
CVCE.L,2022-02-03,0.0125
CVCE.L,2022-05-26,0.0125
CVCE.L,2022-08-04,0.0125
CVCE.L,2022-11-03,0.015
CVCE.L,2023-02-09,0.0175
CVCE.L,2023-05-11,0.0175
CVCE.L,2023-08-10,0.0175
CVCE.L,2023-11-09,0.0175
CVCE.L,2024-02-08,0.0225
CVCE.L,2024-05-09,0.018125
CVCE.L,2024-08-08,0.018125
CVCE.L,2024-11-07,0.018125
CVCE.L,2025-02-06,0.020486
CVCE.L,2025-05-08,0.018125
CVCE.L,2025-08-07,0.018125
CVCE.L,2025-11-06,0.018125
CVCG.L,2014-01-29,0.01
CVCG.L,2014-06-25,2.5
CVCG.L,2015-02-05,2.5
CVCG.L,2015-07-09,2.5
CVCG.L,2016-02-04,2.5
CVCG.L,2016-07-14,2.5
CVCG.L,2016-11-03,1.25
CVCG.L,2017-02-02,1.25
CVCG.L,2017-05-04,1.25
CVCG.L,2017-08-10,1.375
CVCG.L,2017-11-02,1.375
CVCG.L,2018-02-01,1.375
CVCG.L,2018-05-03,1.375
CVCG.L,2018-08-09,1.375
CVCG.L,2018-11-01,1.375
CVCG.L,2019-02-07,1.375
CVCG.L,2019-05-02,1.375
CVCG.L,2019-08-01,1.375
CVCG.L,2019-11-07,1.375
CVCG.L,2020-02-06,1.375
CVCG.L,2020-05-14,1.375
CVCG.L,2020-08-06,1.0
CVCG.L,2020-11-12,1.125
CVCG.L,2021-02-04,1.125
CVCG.L,2021-05-06,1.125
CVCG.L,2021-08-05,1.25
CVCG.L,2021-11-11,1.25
CVCG.L,2022-02-03,1.25
CVCG.L,2022-05-26,1.25
CVCG.L,2022-08-04,1.25
CVCG.L,2022-11-03,1.5
CVCG.L,2023-02-09,2.5
CVCG.L,2023-05-11,1.8750001
CVCG.L,2023-08-10,1.8750001
CVCG.L,2023-11-09,1.8750001
CVCG.L,2024-02-08,4.125
CVCG.L,2024-05-09,2.0625
CVCG.L,2024-08-08,2.0625
CVCG.L,2024-11-07,2.0625
CVCG.L,2025-02-06,3.3038
CVCG.L,2025-05-08,2.3125
CVCG.L,2025-08-07,2.3125
CVCG.L,2025-11-06,2.3125
CVSG.L,2011-12-14,1.0
CVSG.L,2012-12-05,1.5
CVSG.L,2013-12-04,2.0
CVSG.L,2014-12-04,2.5
CVSG.L,2015-11-26,3.0
CVSG.L,2016-11-24,3.5
CVSG.L,2017-11-23,4.5
CVSG.L,2018-11-22,5.0
CVSG.L,2019-11-21,5.5
CVSG.L,2021-11-18,6.5
CVSG.L,2022-11-17,7.0
CVSG.L,2023-11-02,7.5000005
CVSG.L,2024-10-31,8.0
CVSG.L,2025-11-06,8.5
CWK.L,1993-01-04,1.1598
CWK.L,1993-07-05,2.7061
CWK.L,1994-01-04,1.1886
CWK.L,1994-07-04,2.8973
CWK.L,1994-12-19,1.2134
CWK.L,1995-07-10,3.0706
CWK.L,1996-01-02,1.2876999
CWK.L,1996-07-08,3.2687001
CWK.L,1996-12-30,1.4858
CWK.L,1997-07-14,3.5659
CWK.L,1997-12-08,1.6096
CWK.L,1998-08-10,4.0859
CWK.L,1998-12-07,1.7828999
CWK.L,1999-07-26,4.9031
CWK.L,1999-12-06,2.0
CWK.L,2000-07-24,5.5
CWK.L,2000-12-04,2.25
CWK.L,2001-07-25,6.0
CWK.L,2001-12-05,2.75
CWK.L,2002-07-31,16.0
CWK.L,2002-12-04,4.0
CWK.L,2003-07-30,8.0
CWK.L,2003-12-03,4.4
CWK.L,2004-07-28,8.8
CWK.L,2004-11-24,4.7
CWK.L,2005-07-27,9.8
CWK.L,2005-11-30,5.4
CWK.L,2006-07-26,11.1
CWK.L,2006-11-29,5.9
CWK.L,2007-07-04,12.2
CWK.L,2007-11-28,6.5
CWK.L,2008-07-02,13.400001
CWK.L,2008-11-26,7.0
CWK.L,2009-07-01,14.7
CWK.L,2009-11-25,8.0
CWK.L,2010-06-30,17.0
CWK.L,2010-11-24,8.8
CWK.L,2011-06-29,18.7
CWK.L,2011-11-23,9.0
CWK.L,2012-07-04,19.5
CWK.L,2012-12-05,9.4
CWK.L,2013-07-03,20.6
CWK.L,2013-12-04,10.0
CWK.L,2014-07-02,22.0
CWK.L,2014-12-04,10.599999
CWK.L,2015-07-02,23.4
CWK.L,2015-12-10,11.599999
CWK.L,2016-06-30,25.9
CWK.L,2016-12-08,13.099999
CWK.L,2017-06-29,31.0
CWK.L,2017-12-07,15.099999
CWK.L,2018-07-19,38.600002
CWK.L,2018-12-06,15.9
CWK.L,2019-07-18,40.0
CWK.L,2019-12-12,16.699999
CWK.L,2020-07-23,43.7
CWK.L,2020-12-17,18.7
CWK.L,2021-07-22,51.300003
CWK.L,2021-12-16,20.0
CWK.L,2022-07-21,55.6
CWK.L,2022-12-15,20.6
CWK.L,2023-07-20,58.8
CWK.L,2023-12-14,22.7
CWK.L,2024-07-18,67.299995
CWK.L,2024-12-12,25.0
CWK.L,2025-07-17,76.0
CWK.L,2025-12-11,27.000002
CYN.L,1995-10-02,1.0
CYN.L,2001-09-05,0.5
CYN.L,2004-01-28,0.5
CYN.L,2004-03-17,0.5
CYN.L,2004-07-28,0.5
CYN.L,2004-10-27,0.5
CYN.L,2005-02-02,0.5
CYN.L,2005-04-27,0.5
CYN.L,2005-07-27,0.5
CYN.L,2005-11-09,0.5
CYN.L,2006-01-25,0.5
CYN.L,2006-04-26,0.5
CYN.L,2006-07-26,0.65000004
CYN.L,2006-10-25,0.5
CYN.L,2007-01-31,0.5
CYN.L,2007-04-25,0.5
CYN.L,2007-07-25,0.85
CYN.L,2007-10-31,0.55
CYN.L,2008-01-30,0.55
CYN.L,2008-04-30,0.55
CYN.L,2008-07-30,1.0
CYN.L,2008-10-29,0.55
CYN.L,2009-01-28,0.55
CYN.L,2009-04-29,0.55
CYN.L,2009-08-05,1.42
CYN.L,2009-10-28,0.62
CYN.L,2010-01-27,0.62
CYN.L,2010-04-28,0.62
CYN.L,2010-08-04,1.85
CYN.L,2010-10-27,0.69
CYN.L,2011-01-26,0.69
CYN.L,2011-04-27,0.69
CYN.L,2011-08-03,2.15
CYN.L,2011-10-26,0.77
CYN.L,2012-01-25,0.77
CYN.L,2012-04-25,0.77
CYN.L,2012-08-08,2.52
CYN.L,2012-10-31,0.86
CYN.L,2013-01-30,0.86
CYN.L,2013-04-24,0.86
CYN.L,2013-08-07,2.92
CYN.L,2013-10-30,0.86
CYN.L,2014-01-29,0.86
CYN.L,2014-04-30,0.86
CYN.L,2014-07-30,3.02
CYN.L,2014-10-30,0.86
CYN.L,2015-01-29,0.86
CYN.L,2015-04-30,0.86
CYN.L,2015-07-30,3.02
CYN.L,2015-10-29,0.86
CYN.L,2016-01-28,0.86
CYN.L,2016-04-28,0.86
CYN.L,2016-07-28,3.02
CYN.L,2016-10-27,0.86
CYN.L,2017-01-26,0.86
CYN.L,2017-04-27,0.86
CYN.L,2017-07-27,3.02
CYN.L,2017-10-26,0.86
CYN.L,2018-01-25,0.86
CYN.L,2018-04-26,0.86
CYN.L,2018-06-07,0.4
CYN.L,2018-07-26,2.6200001
CYN.L,2018-10-25,1.26
CYN.L,2019-01-24,1.26
CYN.L,2019-04-25,1.26
CYN.L,2019-07-25,1.82
CYN.L,2019-10-24,1.26
CYN.L,2020-01-23,1.26
CYN.L,2020-04-23,1.26
CYN.L,2020-07-23,1.82
CYN.L,2020-10-22,1.26
CYN.L,2021-01-21,1.26
CYN.L,2021-04-29,1.26
CYN.L,2021-07-29,1.82
CYN.L,2021-10-28,1.26
CYN.L,2022-01-27,1.26
CYN.L,2022-04-28,1.26
CYN.L,2022-07-28,1.82
CYN.L,2022-10-27,1.26
CYN.L,2023-01-26,1.26
CYN.L,2023-04-27,1.26
CYN.L,2023-07-27,1.82
CYN.L,2023-09-21,3.0
CYN.L,2023-10-26,1.26
CYN.L,2024-01-25,1.26
CYN.L,2024-04-25,1.26
CYN.L,2024-08-01,2.8200002
CYN.L,2024-10-24,1.26
CYN.L,2025-01-30,1.26
CYN.L,2025-05-01,1.26
CYN.L,2025-07-31,4.25
CYN.L,2025-10-30,6.02
DATA.L,2016-05-12,0.35000002
DATA.L,2016-08-11,0.35000002
DATA.L,2017-04-13,0.56
DATA.L,2017-08-31,0.42
DATA.L,2018-03-15,0.70000005
DATA.L,2018-08-30,0.49
DATA.L,2019-03-21,1.05
DATA.L,2019-08-29,0.70000005
DATA.L,2020-03-26,1.4000001
DATA.L,2020-08-27,0.756
DATA.L,2021-03-25,1.6240001
DATA.L,2021-09-02,0.854
DATA.L,2022-03-31,1.8479999
DATA.L,2022-09-08,1.0780001
DATA.L,2023-03-30,2.562
DATA.L,2023-09-07,1.4000001
DATA.L,2024-03-21,3.2
DATA.L,2024-09-05,1.5
DATA.L,2025-03-20,1.0
DATA.L,2025-09-04,0.3
DCC.L,2000-05-22,9.800627
DCC.L,2000-11-27,6.803305
DCC.L,2001-05-23,11.760752
DCC.L,2001-11-21,8.163966
DCC.L,2002-05-22,13.371043
DCC.L,2002-11-20,8.980538
DCC.L,2003-05-28,15.784722
DCC.L,2003-11-19,10.328014
DCC.L,2004-05-26,18.150936
DCC.L,2004-11-17,11.87502
DCC.L,2005-05-25,20.875774
DCC.L,2005-11-16,13.6593485
DCC.L,2006-05-24,24.004942
DCC.L,2006-11-22,15.707373
DCC.L,2007-05-23,27.60876
DCC.L,2007-11-21,18.06304
DCC.L,2008-05-28,31.748756
DCC.L,2008-11-19,19.873737
DCC.L,2009-05-27,34.921875
DCC.L,2009-11-18,20.866983
DCC.L,2010-05-26,38.411427
DCC.L,2010-11-17,22.950167
DCC.L,2011-05-18,42.252567
DCC.L,2011-11-16,24.101631
DCC.L,2012-05-23,44.36212
DCC.L,2012-11-14,25.91233
DCC.L,2013-05-22,49.398674
DCC.L,2013-11-13,26.12
DCC.L,2014-05-28,50.730003
DCC.L,2014-11-13,28.73
DCC.L,2015-05-28,55.809998
DCC.L,2015-11-19,33.04
DCC.L,2016-05-26,64.18
DCC.L,2016-11-24,37.17
DCC.L,2017-05-25,74.63
DCC.L,2017-11-23,40.89
DCC.L,2018-05-24,82.090004
DCC.L,2018-11-22,44.980003
DCC.L,2019-05-23,93.37
DCC.L,2019-11-21,49.48
DCC.L,2020-05-28,95.79
DCC.L,2020-11-19,51.95
DCC.L,2021-05-27,107.850006
DCC.L,2021-11-18,55.85
DCC.L,2022-05-26,119.93001
DCC.L,2022-11-17,60.039997
DCC.L,2023-05-25,127.170006
DCC.L,2023-11-23,63.04
DCC.L,2024-05-23,133.53
DCC.L,2024-11-21,66.189995
DCC.L,2025-05-22,140.20999
DCC.L,2025-11-20,69.5
DEC.L,2017-07-06,31.0
DEC.L,2017-11-16,29.772787
DEC.L,2018-05-10,51.61614
DEC.L,2018-07-12,25.80807
DEC.L,2018-11-29,41.89136
DEC.L,2019-03-07,49.37196
DEC.L,2019-04-11,50.86808
DEC.L,2019-09-05,54.8
DEC.L,2019-11-28,52.999996
DEC.L,2020-03-05,52.364197
DEC.L,2020-05-28,55.199997
DEC.L,2020-09-03,53.8
DEC.L,2020-11-26,55.6
DEC.L,2021-03-04,57.0
DEC.L,2021-05-27,56.199997
DEC.L,2021-09-02,57.6
DEC.L,2021-11-25,59.8
DEC.L,2022-03-03,65.0
DEC.L,2022-05-26,68.6
DEC.L,2022-09-01,73.2
DEC.L,2022-11-24,68.9775
DEC.L,2023-03-02,72.2
DEC.L,2023-05-25,68.6
DEC.L,2023-08-31,70.4
DEC.L,2023-11-30,68.4
DEC.L,2024-02-29,68.44
DEC.L,2024-05-23,22.833
DEC.L,2024-08-29,22.112999
DEC.L,2024-11-28,22.786001
DEC.L,2025-02-27,22.241
DEC.L,2025-05-29,21.693739
DEC.L,2025-08-28,21.321001
DEC.L,2025-11-28,21.693739
DFS.L,2015-12-10,9.3
DFS.L,2016-06-02,3.5
DFS.L,2016-12-08,7.5000005
DFS.L,2017-06-01,13.2
DFS.L,2017-12-07,7.5000005
DFS.L,2018-05-31,3.7
DFS.L,2018-12-06,7.5000005
DFS.L,2019-05-30,3.7
DFS.L,2019-12-05,7.5000005
DFS.L,2021-11-25,7.5000005
DFS.L,2022-04-07,13.7
DFS.L,2022-12-01,3.7
DFS.L,2023-04-13,1.5
DFS.L,2023-11-30,3.0
DFS.L,2024-04-18,1.1
DGE.L,1998-02-02,362.82
DGE.L,1998-03-30,12.5
DGE.L,1998-10-05,10.8
DGE.L,1999-03-22,7.8
DGE.L,1999-10-04,11.7
DGE.L,2000-03-06,8.4
DGE.L,2000-10-09,12.6
DGE.L,2001-03-07,8.900001
DGE.L,2001-09-19,13.400001
DGE.L,2002-03-06,9.3
DGE.L,2002-09-18,14.5
DGE.L,2003-03-05,9.9
DGE.L,2003-09-17,15.700001
DGE.L,2004-03-03,10.599999
DGE.L,2004-09-15,17.0
DGE.L,2005-03-02,11.35
DGE.L,2005-09-14,18.199999
DGE.L,2006-03-08,11.95
DGE.L,2006-09-13,19.15
DGE.L,2007-03-07,12.549999
DGE.L,2007-09-12,20.15
DGE.L,2008-03-05,13.2
DGE.L,2008-09-10,21.15
DGE.L,2009-03-04,13.9
DGE.L,2009-09-09,22.2
DGE.L,2010-03-03,14.599999
DGE.L,2010-09-08,23.5
DGE.L,2011-03-02,15.5
DGE.L,2011-09-07,24.9
DGE.L,2012-02-29,16.599998
DGE.L,2012-09-05,26.9
DGE.L,2013-02-27,18.099998
DGE.L,2013-08-14,29.300001
DGE.L,2014-02-26,19.699999
DGE.L,2014-08-13,32.0
DGE.L,2015-02-26,21.5
DGE.L,2015-08-13,34.9
DGE.L,2016-02-25,22.6
DGE.L,2016-08-11,36.6
DGE.L,2017-02-23,23.7
DGE.L,2017-08-10,38.5
DGE.L,2018-02-22,24.9
DGE.L,2018-08-09,40.4
DGE.L,2019-02-28,26.1
DGE.L,2019-08-08,42.469997
DGE.L,2020-02-27,27.41
DGE.L,2020-08-13,42.469997
DGE.L,2021-02-25,27.96
DGE.L,2021-08-26,44.59
DGE.L,2022-02-24,29.359999
DGE.L,2022-08-25,46.82
DGE.L,2023-03-02,30.829998
DGE.L,2023-08-24,49.17
DGE.L,2024-02-29,32.05
DGE.L,2024-08-29,47.23
DGE.L,2025-02-27,31.48
DGE.L,2025-10-16,47.91
DGI9.L,2021-09-16,1.5
DGI9.L,2021-12-09,1.5
DGI9.L,2022-03-17,1.5
DGI9.L,2022-06-01,1.5
DGI9.L,2022-09-15,1.5
DGI9.L,2022-12-08,1.5
DGI9.L,2023-03-16,1.5
DGI9.L,2023-06-15,1.5
DIA.L,1994-09-26,2.835
DIA.L,1995-03-20,6.237
DIA.L,1995-09-25,3.78
DIA.L,1996-03-18,7.56
DIA.L,1996-09-23,4.158
DIA.L,1997-03-24,8.316
DIA.L,1997-09-22,4.536
DIA.L,1998-03-30,9.261
DIA.L,1998-09-28,4.914
DIA.L,1999-03-29,10.205999
DIA.L,1999-09-27,5.292
DIA.L,2000-03-20,11.151
DIA.L,2000-09-25,5.67
DIA.L,2001-03-21,12.285
DIA.L,2001-09-19,5.8589997
DIA.L,2002-03-27,13.041
DIA.L,2002-09-25,5.8589997
DIA.L,2003-03-26,13.041
DIA.L,2003-09-17,3.1
DIA.L,2004-03-24,6.8999996
DIA.L,2004-09-15,3.4
DIA.L,2005-03-23,7.6
DIA.L,2005-09-21,3.4
DIA.L,2006-03-22,3.0
DIA.L,2006-09-27,1.75
DIA.L,2007-03-14,3.5
DIA.L,2007-09-19,1.9
DIA.L,2008-03-12,3.8
DIA.L,2008-08-06,2.1
DIA.L,2009-03-11,3.9
DIA.L,2009-08-05,2.3
DIA.L,2010-03-10,4.3
DIA.L,2010-08-04,2.8000002
DIA.L,2011-04-06,5.2000003
DIA.L,2011-08-10,3.3
DIA.L,2012-04-04,6.7000003
DIA.L,2012-08-08,4.0
DIA.L,2013-04-10,9.5
DIA.L,2013-08-07,4.9
DIA.L,2014-04-30,9.5
DIA.L,2014-09-03,5.2000003
DIA.L,2015-04-30,9.8
DIG.L,1973-03-12,0.056
DIG.L,1973-08-13,0.028
DIG.L,1974-03-11,0.056
DIG.L,1974-08-19,0.028
DIG.L,1975-03-10,0.060000002
DIG.L,1975-08-22,0.028
DIG.L,1976-03-08,0.063999996
DIG.L,1976-08-23,0.028
DIG.L,1977-03-14,0.074
DIG.L,1977-08-22,0.04
DIG.L,1978-03-13,0.074
DIG.L,1978-08-21,0.04
DIG.L,1979-03-12,0.085999995
DIG.L,1979-08-28,0.048
DIG.L,1980-03-10,0.120000005
DIG.L,1980-09-01,0.052
DIG.L,1981-03-16,0.13
DIG.L,1981-08-28,0.052
DIG.L,1982-03-15,0.142
DIG.L,1982-09-06,0.056
DIG.L,1983-03-21,0.15
DIG.L,1983-09-05,0.056
DIG.L,1984-03-26,0.15
DIG.L,1984-09-03,0.08
DIG.L,1985-03-11,0.19
DIG.L,1985-09-02,0.16
DIG.L,1986-03-10,0.24000001
DIG.L,1986-09-01,0.17999999
DIG.L,1987-03-09,0.3
DIG.L,1987-09-14,0.2
DIG.L,1988-09-05,1.2
DIG.L,1989-03-13,2.16
DIG.L,1989-09-04,1.4000001
DIG.L,1990-03-12,2.8000002
DIG.L,1990-09-10,0.32
DIG.L,1991-03-11,0.64
DIG.L,1991-09-02,0.336
DIG.L,1992-03-09,0.68
DIG.L,1992-08-24,0.336
DIG.L,1993-03-15,0.68
DIG.L,1993-09-06,0.35000002
DIG.L,1994-03-14,3.4699998
DIG.L,1994-09-05,1.78
DIG.L,1995-03-20,3.54
DIG.L,1995-09-04,1.82
DIG.L,1996-04-01,3.68
DIG.L,1996-09-02,1.91
DIG.L,1997-03-24,3.87
DIG.L,1997-09-01,1.95
DIG.L,1998-03-30,4.05
DIG.L,1998-09-07,2.0
DIG.L,1999-03-15,0.45
DIG.L,1999-03-29,3.7300003
DIG.L,1999-09-06,2.05
DIG.L,2000-03-27,4.3
DIG.L,2000-09-04,2.1
DIG.L,2001-03-28,4.4500003
DIG.L,2001-09-12,2.15
DIG.L,2002-04-03,4.6
DIG.L,2002-09-11,2.2
DIG.L,2003-04-02,4.8
DIG.L,2003-09-17,2.25
DIG.L,2004-03-17,5.0
DIG.L,2004-09-15,2.5
DIG.L,2005-03-23,5.05
DIG.L,2005-09-14,2.8000002
DIG.L,2006-04-05,5.4
DIG.L,2006-09-20,3.1
DIG.L,2007-04-04,5.9
DIG.L,2007-09-26,3.5
DIG.L,2008-04-23,6.5
DIG.L,2008-09-24,3.7500002
DIG.L,2009-04-22,6.5
DIG.L,2009-09-30,3.7500002
DIG.L,2010-04-21,6.5
DIG.L,2010-09-29,3.7500002
DIG.L,2011-04-20,6.5
DIG.L,2011-09-28,3.7500002
DIG.L,2012-04-18,6.8999996
DIG.L,2012-08-08,2.5
DIG.L,2012-11-07,2.5
DIG.L,2013-02-06,2.5
DIG.L,2013-05-01,3.25
DIG.L,2013-08-07,2.575
DIG.L,2013-11-06,2.575
DIG.L,2014-02-05,2.575
DIG.L,2014-05-07,3.3750002
DIG.L,2014-08-06,2.575
DIG.L,2014-11-06,2.575
DIG.L,2015-02-05,2.575
DIG.L,2015-05-07,3.525
DIG.L,2015-08-06,2.575
DIG.L,2015-11-05,2.575
DIG.L,2016-02-04,2.575
DIG.L,2016-05-05,3.675
DIG.L,2016-08-04,2.575
DIG.L,2016-11-03,2.575
DIG.L,2017-02-02,2.575
DIG.L,2017-05-04,3.975
DIG.L,2017-08-03,2.575
DIG.L,2017-11-02,2.575
DIG.L,2018-02-01,2.575
DIG.L,2018-05-03,4.375
DIG.L,2018-08-02,3.0
DIG.L,2018-11-01,3.0
DIG.L,2019-01-31,3.0
DIG.L,2019-05-02,3.4499998
DIG.L,2019-08-01,3.0
DIG.L,2019-11-07,3.0
DIG.L,2020-02-06,3.0
DIG.L,2020-05-07,3.7
DIG.L,2020-08-06,3.0
DIG.L,2020-11-05,3.0
DIG.L,2021-02-04,3.0
DIG.L,2021-05-06,3.8
DIG.L,2021-08-05,3.0
DIG.L,2021-11-04,3.0
DIG.L,2022-02-03,3.0
DIG.L,2022-05-05,3.9
DIG.L,2022-08-04,3.0
DIG.L,2022-11-03,3.0
DIG.L,2023-02-02,3.0
DIG.L,2023-05-04,4.1
DIG.L,2023-08-03,3.2
DIG.L,2023-11-02,3.2
DIG.L,2024-02-01,3.2
DIG.L,2024-05-02,4.1499996
DIG.L,2024-08-01,3.2
DIG.L,2024-10-31,3.2
DIG.L,2025-02-06,3.2
DIG.L,2025-05-01,4.6
DIG.L,2025-08-07,3.2
DIG.L,2025-11-06,4.25
DIVI.L,2011-09-28,0.2891
DIVI.L,2011-12-28,0.4818
DIVI.L,2012-03-28,0.4433
DIVI.L,2012-06-27,0.8962
DIVI.L,2012-09-26,0.2891
DIVI.L,2012-12-24,1.0
DIVI.L,2013-03-20,0.46
DIVI.L,2013-06-26,0.84
DIVI.L,2013-09-25,0.3
DIVI.L,2013-12-23,0.5
DIVI.L,2014-03-26,0.5
DIVI.L,2014-06-25,0.95
DIVI.L,2014-09-24,0.4
DIVI.L,2014-12-29,0.5
DIVI.L,2015-03-26,0.5
DIVI.L,2015-06-25,1.0
DIVI.L,2015-09-24,0.5
DIVI.L,2015-12-24,0.65000004
DIVI.L,2016-03-24,0.65000004
DIVI.L,2016-06-23,0.75
DIVI.L,2016-09-29,0.75
DIVI.L,2016-12-29,0.70000005
DIVI.L,2017-03-30,0.70000005
DIVI.L,2017-06-29,0.8
DIVI.L,2017-09-28,1.2
DIVI.L,2017-12-28,0.75
DIVI.L,2018-03-22,0.8
DIVI.L,2018-06-28,0.85
DIVI.L,2018-09-27,1.23
DIVI.L,2018-12-27,0.8
DIVI.L,2019-03-28,0.85
DIVI.L,2019-06-27,0.9
DIVI.L,2019-09-26,1.26
DIVI.L,2019-12-24,0.85
DIVI.L,2020-03-26,0.9
DIVI.L,2020-06-25,0.9
DIVI.L,2020-09-24,1.05
DIVI.L,2020-12-24,1.7
DIVI.L,2021-03-25,0.9
DIVI.L,2021-06-24,0.9
DIVI.L,2021-09-23,1.1
DIVI.L,2021-12-23,0.9
DIVI.L,2022-03-24,0.9
DIVI.L,2022-06-23,0.9
DIVI.L,2022-09-29,1.2
DIVI.L,2022-12-22,0.95
DIVI.L,2023-03-23,0.95
DIVI.L,2023-06-22,0.95
DIVI.L,2023-09-28,1.2
DIVI.L,2023-12-21,1.0
DIVI.L,2024-03-21,1.0
DIVI.L,2024-06-20,1.05
DIVI.L,2024-09-26,1.2
DIVI.L,2024-12-19,1.0
DIVI.L,2025-03-20,1.05
DIVI.L,2025-06-19,1.1
DIVI.L,2025-09-25,1.35
DKL.L,2017-07-13,0.17
DLN.L,1993-04-19,2.6132
DLN.L,1993-10-18,1.4374
DLN.L,1994-04-11,2.8513
DLN.L,1994-10-31,1.55
DLN.L,1995-03-27,3.3551
DLN.L,1995-10-23,1.7031001
DLN.L,1996-04-29,3.7114003
DLN.L,1996-10-21,1.8704001
DLN.L,1997-03-24,4.1347003
DLN.L,1997-10-13,2.0181
DLN.L,1998-05-05,4.65
DLN.L,1998-10-19,2.2
DLN.L,1999-05-24,5.0
DLN.L,1999-10-18,2.35
DLN.L,2000-05-15,5.35
DLN.L,2000-10-16,2.5
DLN.L,2001-05-16,6.0
DLN.L,2001-10-17,2.75
DLN.L,2002-05-15,6.6
DLN.L,2002-10-16,3.05
DLN.L,2003-05-14,7.35
DLN.L,2003-10-15,3.3
DLN.L,2004-05-12,8.1
DLN.L,2004-10-13,3.6
DLN.L,2005-05-11,8.900001
DLN.L,2005-10-12,3.9299998
DLN.L,2006-05-10,9.7300005
DLN.L,2006-10-11,4.22
DLN.L,2007-01-24,10.525
DLN.L,2007-10-03,7.5000005
DLN.L,2008-05-21,15.000001
DLN.L,2008-10-01,8.150001
DLN.L,2009-05-20,16.35
DLN.L,2009-09-30,8.150001
DLN.L,2010-05-19,18.85
DLN.L,2010-09-29,8.75
DLN.L,2011-05-18,20.25
DLN.L,2011-09-28,9.45
DLN.L,2012-05-16,21.9
DLN.L,2012-09-26,9.95
DLN.L,2013-05-08,23.75
DLN.L,2013-09-18,10.75
DLN.L,2014-05-07,25.75
DLN.L,2014-09-17,11.65
DLN.L,2015-05-07,28.0
DLN.L,2015-09-17,12.6
DLN.L,2016-05-05,30.8
DLN.L,2016-09-15,13.860001
DLN.L,2017-05-04,90.5
DLN.L,2017-09-14,17.33
DLN.L,2018-05-03,117.4
DLN.L,2018-09-13,19.1
DLN.L,2019-05-02,46.75
DLN.L,2019-09-12,21.0
DLN.L,2020-04-30,51.45
DLN.L,2020-09-10,22.0
DLN.L,2021-04-29,52.45
DLN.L,2021-09-09,23.0
DLN.L,2022-04-28,53.500004
DLN.L,2022-09-08,24.0
DLN.L,2023-04-27,54.5
DLN.L,2023-09-07,24.5
DLN.L,2024-04-25,55.0
DLN.L,2024-09-05,25.0
DLN.L,2025-04-24,55.5
DLN.L,2025-09-04,25.5
DNE.L,1987-07-13,0.125
DNE.L,1987-12-21,0.5
DNE.L,1988-07-18,1.5
DNE.L,1988-12-28,0.5
DNE.L,1989-07-17,2.5
DNE.L,1989-12-27,1.0
DNE.L,1990-07-23,3.0
DNE.L,1990-12-31,1.5
DNE.L,1991-07-15,3.0
DNE.L,1991-12-30,1.5
DNE.L,1992-07-27,2.5
DNE.L,1993-01-04,1.5
DNE.L,1993-07-19,2.5
DNE.L,1994-01-04,1.5
DNE.L,1994-07-04,2.7
DNE.L,1994-12-19,1.5
DNE.L,1995-07-24,2.8999999
DNE.L,1995-12-18,1.6
DNE.L,1996-07-29,5.6000004
DNE.L,1996-12-23,2.0
DNE.L,1997-05-19,7.1000004
DNE.L,1998-01-12,2.25
DNE.L,1998-06-22,7.75
DNE.L,1999-01-04,2.5
DNE.L,1999-07-26,8.5
DNE.L,1999-12-29,2.6000001
DNE.L,2000-07-24,9.0
DNE.L,2000-12-27,2.85
DNE.L,2001-07-25,10.0
DNE.L,2002-01-02,2.85
DNE.L,2002-07-24,10.0
DNE.L,2003-01-02,2.85
DNE.L,2003-07-30,10.0
DNE.L,2003-12-31,1.9
DNE.L,2004-01-02,190.0
DNE.L,2004-07-07,6.6699996
DNE.L,2005-01-05,1.9
DNE.L,2005-08-03,7.1000004
DNE.L,2005-12-21,2.0
DNE.L,2006-12-27,2.1
DNE.L,2007-08-29,8.6
DNE.L,2007-12-24,1.5
DNE.L,2008-04-16,6.0
DNE.L,2008-09-03,2.4
DNE.L,2009-08-12,0.5
DNE.L,2010-03-03,2.0
DNE.L,2011-04-13,3.8
DNE.L,2012-05-02,5.0
DNE.L,2013-05-01,6.5
DNE.L,2014-04-30,16.5
DNE.L,2015-04-30,4.7
DNE.L,2016-04-28,16.0
DNE.L,2017-04-27,17.5
DNE.L,2017-11-30,13.500001
DNE.L,2018-04-26,5.5
DNE.L,2019-04-25,2.0
DNE.L,2020-04-23,5.0
DNE.L,2021-04-22,2.0
DNE.L,2021-10-14,16.0
DNE.L,2022-02-24,12.6
DNE.L,2022-04-07,1.9
DNE.L,2022-11-03,34.0
DNE.L,2023-04-20,25.0
DNE.L,2023-12-21,10.0
DNE.L,2024-09-05,23.0
DNLM.L,2007-04-04,0.8
DNLM.L,2007-11-14,3.0
DNLM.L,2008-04-02,2.0
DNLM.L,2008-11-19,3.5
DNLM.L,2009-04-08,2.0
DNLM.L,2009-11-25,4.0
DNLM.L,2010-03-10,3.0
DNLM.L,2010-11-24,5.0
DNLM.L,2011-03-09,3.5
DNLM.L,2011-11-23,8.0
DNLM.L,2012-03-21,4.0
DNLM.L,2012-11-28,10.0
DNLM.L,2013-03-20,4.5
DNLM.L,2013-09-18,25.0
DNLM.L,2013-11-27,11.5
DNLM.L,2014-03-19,5.0
DNLM.L,2014-11-27,15.000001
DNLM.L,2015-03-12,5.5
DNLM.L,2015-10-15,16.0
DNLM.L,2016-03-03,37.5
DNLM.L,2016-11-03,19.1
DNLM.L,2017-03-23,6.5
DNLM.L,2017-11-02,19.5
DNLM.L,2018-03-22,7.0
DNLM.L,2018-11-15,19.5
DNLM.L,2019-03-14,7.5000005
DNLM.L,2019-09-19,32.0
DNLM.L,2019-10-31,20.5
DNLM.L,2021-03-18,12.0
DNLM.L,2021-09-16,65.0
DNLM.L,2021-10-28,23.0
DNLM.L,2022-02-24,37.0
DNLM.L,2022-03-17,14.0
DNLM.L,2022-11-10,26.0
DNLM.L,2023-03-16,55.0
DNLM.L,2023-10-26,27.000002
DNLM.L,2024-03-14,51.0
DNLM.L,2024-10-31,27.5
DNLM.L,2025-03-13,51.5
DNLM.L,2025-10-30,28.0
DOCS.L,2022-01-13,1.22
DOCS.L,2022-06-09,4.28
DOCS.L,2023-01-05,1.56
DOCS.L,2023-06-08,4.28
DOCS.L,2024-01-04,1.56
DOCS.L,2024-08-29,0.99
DOCS.L,2025-03-06,0.85
DOCS.L,2025-08-28,1.7
DOM.L,2000-04-03,0.0302
DOM.L,2000-07-31,0.0385
DOM.L,2001-04-18,0.044800002
DOM.L,2001-08-15,0.0594
DOM.L,2002-04-10,0.0792
DOM.L,2002-07-31,0.081300005
DOM.L,2003-04-09,0.1271
DOM.L,2003-08-06,0.1375
DOM.L,2004-04-07,0.2271
DOM.L,2004-08-04,0.2292
DOM.L,2005-04-13,0.3177
DOM.L,2005-08-03,0.3229
DOM.L,2006-04-05,0.4323
DOM.L,2006-08-02,0.4323
DOM.L,2007-04-04,0.58849996
DOM.L,2007-08-01,0.6333
DOM.L,2008-04-09,0.83330005
DOM.L,2008-07-30,0.9
DOM.L,2009-04-01,1.0667
DOM.L,2009-07-29,1.1667
DOM.L,2010-02-24,1.4167
DOM.L,2010-07-21,1.5
DOM.L,2011-02-23,1.9
DOM.L,2011-08-03,1.8332999
DOM.L,2012-02-22,2.2667
DOM.L,2012-08-01,2.2
DOM.L,2013-03-13,2.6333
DOM.L,2013-08-07,2.3667
DOM.L,2014-03-12,2.9333
DOM.L,2014-08-06,2.6032999
DOM.L,2015-03-05,3.23
DOM.L,2015-08-06,3.0
DOM.L,2016-03-10,3.9167001
DOM.L,2016-08-04,3.5
DOM.L,2017-03-16,4.5
DOM.L,2017-08-03,3.7500002
DOM.L,2018-03-15,5.25
DOM.L,2018-08-16,4.05
DOM.L,2019-03-21,5.45
DOM.L,2019-09-05,4.2
DOM.L,2020-08-20,5.56
DOM.L,2021-04-08,9.099999
DOM.L,2021-08-12,3.0
DOM.L,2022-04-07,6.8
DOM.L,2022-08-11,3.2
DOM.L,2023-04-06,6.8
DOM.L,2023-08-10,3.3
DOM.L,2024-04-04,7.2
DOM.L,2024-08-15,3.5
DOM.L,2025-04-03,7.5000005
DOM.L,2025-08-14,3.6
DOTD.L,2014-01-08,0.1
DOTD.L,2015-01-08,0.2
DOTD.L,2016-01-07,0.35999998
DOTD.L,2017-01-12,0.84
DOTD.L,2018-01-11,0.55
DOTD.L,2019-01-10,0.64
DOTD.L,2020-01-09,0.66999996
DOTD.L,2021-01-07,0.83
DOTD.L,2022-01-13,0.86
DOTD.L,2023-01-12,0.98
DOTD.L,2024-01-11,1.0
DOTD.L,2025-01-09,1.1
DPLM.L,1992-11-30,2.8000002
DPLM.L,1993-05-24,1.4000001
DPLM.L,1993-11-29,3.4
DPLM.L,1994-06-06,1.6
DPLM.L,1994-11-28,3.8
DPLM.L,1995-05-22,1.8
DPLM.L,1995-12-04,4.0
DPLM.L,1996-05-28,1.8
DPLM.L,1996-11-25,4.0
DPLM.L,1997-05-19,1.8
DPLM.L,1997-12-01,4.0
DPLM.L,1998-05-26,1.8
DPLM.L,1998-12-14,4.0
DPLM.L,1999-06-07,1.8
DPLM.L,1999-12-20,1.8
DPLM.L,2000-05-30,0.5
DPLM.L,2000-12-18,1.4000001
DPLM.L,2001-05-30,1.0
DPLM.L,2001-12-19,1.6
DPLM.L,2002-05-29,1.0
DPLM.L,2002-12-04,1.8
DPLM.L,2003-05-21,1.0
DPLM.L,2003-12-03,2.0
DPLM.L,2004-05-19,1.2
DPLM.L,2004-12-01,2.2
DPLM.L,2005-05-18,1.4000001
DPLM.L,2005-11-30,2.6000001
DPLM.L,2006-05-17,1.6
DPLM.L,2006-11-29,3.0
DPLM.L,2007-05-23,1.8
DPLM.L,2007-12-05,3.6
DPLM.L,2008-05-21,2.5
DPLM.L,2008-11-26,5.5556
DPLM.L,2009-05-20,2.7778
DPLM.L,2009-11-25,5.8889003
DPLM.L,2010-05-19,3.1111
DPLM.L,2010-12-01,6.8889
DPLM.L,2011-05-25,3.8888998
DPLM.L,2011-12-07,9.4444
DPLM.L,2012-05-23,4.2
DPLM.L,2012-11-28,11.333301
DPLM.L,2013-05-22,5.5556
DPLM.L,2013-11-27,11.8889
DPLM.L,2014-05-21,5.4
DPLM.L,2014-11-27,11.599999
DPLM.L,2015-05-21,5.7999997
DPLM.L,2015-11-26,12.4
DPLM.L,2016-05-26,6.2
DPLM.L,2016-12-01,13.799999
DPLM.L,2017-05-25,7.0
DPLM.L,2017-11-30,16.0
DPLM.L,2018-05-24,7.7
DPLM.L,2018-11-29,17.800001
DPLM.L,2019-05-23,8.5
DPLM.L,2019-11-28,20.5
DPLM.L,2020-11-26,30.000002
DPLM.L,2021-05-27,12.5
DPLM.L,2022-01-20,30.1
DPLM.L,2022-05-26,15.000001
DPLM.L,2023-01-19,38.800003
DPLM.L,2023-05-25,16.5
DPLM.L,2024-01-18,40.0
DPLM.L,2024-05-23,17.3
DPLM.L,2025-01-16,42.0
DPLM.L,2025-05-29,18.199999
DRX.L,2006-10-04,97.0345
DRX.L,2006-10-09,84.0657
DRX.L,2007-04-25,9.5266
DRX.L,2007-04-30,65.798996
DRX.L,2007-10-03,4.7
DRX.L,2008-04-16,17.7
DRX.L,2008-09-17,14.7
DRX.L,2009-05-06,38.3
DRX.L,2009-09-16,4.1
DRX.L,2010-04-28,9.6
DRX.L,2010-09-29,14.1
DRX.L,2011-04-27,17.9
DRX.L,2011-09-28,16.0
DRX.L,2012-04-25,11.8
DRX.L,2012-09-26,14.4
DRX.L,2013-04-24,10.9
DRX.L,2013-09-25,8.7
DRX.L,2014-04-23,8.900001
DRX.L,2014-09-24,4.7
DRX.L,2015-04-23,7.2
DRX.L,2015-09-24,5.1
DRX.L,2016-04-21,0.6
DRX.L,2016-09-22,2.1
DRX.L,2017-04-20,0.4
DRX.L,2017-09-21,4.9
DRX.L,2018-04-19,7.4
DRX.L,2018-09-20,5.6000004
DRX.L,2019-04-18,8.5
DRX.L,2019-09-19,6.4
DRX.L,2020-04-23,9.5
DRX.L,2020-08-20,6.8
DRX.L,2021-04-22,10.3
DRX.L,2021-08-26,7.5000005
DRX.L,2022-04-28,11.3
DRX.L,2022-08-25,8.4
DRX.L,2023-04-20,12.6
DRX.L,2023-08-24,9.2
DRX.L,2024-04-18,13.9
DRX.L,2024-09-19,10.400001
DRX.L,2025-04-24,15.6
DRX.L,2025-09-25,11.599999
DSCV.L,1992-12-14,1.4831
DSCV.L,1993-06-21,2.9663
DSCV.L,1993-12-13,1.5891001
DSCV.L,1994-06-20,3.2706
DSCV.L,1994-12-12,1.7734001
DSCV.L,1995-06-19,3.6339998
DSCV.L,1995-12-11,1.9987
DSCV.L,1996-06-17,4.1064
DSCV.L,1996-12-09,2.2967
DSCV.L,1997-05-27,4.6514997
DSCV.L,1997-12-08,2.6165
DSCV.L,1998-06-15,5.3057
DSCV.L,1998-12-14,2.9799
DSCV.L,1999-06-14,5.9598
DSCV.L,1999-12-13,3.3433
DSCV.L,2000-06-12,6.6866
DSCV.L,2000-12-11,3.9974
DSCV.L,2001-06-13,7.9948
DSCV.L,2001-12-12,4.4335
DSCV.L,2002-06-19,8.867
DSCV.L,2002-12-11,4.8696
DSCV.L,2003-06-11,9.7392
DSCV.L,2003-12-10,5.0875998
DSCV.L,2004-06-16,10.1753
DSCV.L,2004-12-15,5.233
DSCV.L,2005-06-15,10.466
DSCV.L,2005-12-14,5.233
DSCV.L,2006-06-28,10.466
DSCV.L,2006-12-13,5.233
DSCV.L,2007-06-13,10.684
DSCV.L,2007-12-05,5.233
DSCV.L,2008-06-11,10.684
DSCV.L,2008-12-03,2.5437999
DSCV.L,2009-06-17,2.5437999
DSCV.L,2009-12-23,1.6935
DSCV.L,2010-06-16,3.3941998
DSCV.L,2010-12-29,1.6935
DSCV.L,2011-06-15,3.7358
DSCV.L,2011-12-28,1.8169999
DSCV.L,2012-06-13,3.9974
DSCV.L,2012-12-24,1.8169999
DSCV.L,2013-06-12,4.3608
DSCV.L,2013-12-23,1.8169999
DSCV.L,2014-06-11,4.9786
DSCV.L,2014-12-29,2.2
DSCV.L,2015-06-11,5.4
DSCV.L,2015-12-24,2.33
DSCV.L,2016-06-09,5.72
DSCV.L,2016-12-22,2.45
DSCV.L,2017-06-15,6.05
DSCV.L,2017-12-21,2.6499999
DSCV.L,2018-06-14,6.3500004
DSCV.L,2018-12-20,2.8000002
DSCV.L,2019-06-13,6.7500005
DSCV.L,2019-12-12,2.97
DSCV.L,2020-12-17,3.15
DSCV.L,2021-06-10,7.0
DSCV.L,2021-12-16,3.3500001
DSCV.L,2022-06-23,7.4500003
DSCV.L,2022-12-15,3.5500002
DSCV.L,2023-06-22,7.9000006
DSCV.L,2023-12-14,3.7500002
DSCV.L,2024-06-27,8.25
DSCV.L,2024-12-12,3.9
DSCV.L,2025-06-26,8.6
DSCV.L,2025-12-11,4.05
DSG.L,2006-10-04,0.83330005
DSG.L,2007-09-26,0.83330005
DSG.L,2008-04-23,2.0
DSG.L,2008-09-10,1.1667
DSG.L,2009-05-06,2.3333
DSG.L,2009-10-07,1.1667
DSG.L,2010-03-03,2.3333
DSG.L,2010-10-06,1.1667
DSG.L,2011-05-18,2.3333
DSG.L,2011-10-05,1.1669999
DSG.L,2012-05-30,2.333
DSG.L,2012-10-10,1.2
DSG.L,2013-05-29,2.5
DSG.L,2013-10-02,1.25
DSG.L,2014-05-14,2.6000001
DSG.L,2014-10-09,1.3000001
DSG.L,2015-05-28,2.7
DSG.L,2015-10-15,1.35
DSG.L,2016-05-26,2.75
DSG.L,2016-10-13,1.375
DSG.L,2017-06-01,2.8000002
DSG.L,2018-06-14,0.5
DSW.L,2022-09-15,4.22
DSW.L,2022-12-15,1.76
DSW.L,2023-09-14,2.0
DSW.L,2023-12-14,1.25
DSW.L,2024-09-12,0.75
DSW.L,2024-12-12,1.0
DSW.L,2025-09-11,2.0
DSW.L,2025-12-11,1.2
DUKE.L,2017-06-29,0.4802
DUKE.L,2017-09-28,0.4802
DUKE.L,2017-12-28,0.4802
DUKE.L,2018-03-29,0.57629997
DUKE.L,2018-06-28,0.67230004
DUKE.L,2018-09-27,0.67230004
DUKE.L,2018-12-27,0.67230004
DUKE.L,2019-04-04,0.67230004
DUKE.L,2019-06-27,0.67230004
DUKE.L,2019-09-26,0.7204
DUKE.L,2019-12-24,0.7208
DUKE.L,2020-03-26,0.7208
DUKE.L,2020-12-24,0.5
DUKE.L,2021-03-25,0.55
DUKE.L,2021-06-24,0.55
DUKE.L,2021-09-23,0.55
DUKE.L,2021-12-23,0.6
DUKE.L,2022-03-24,0.70000005
DUKE.L,2022-06-30,0.70000005
DUKE.L,2022-09-29,0.70000005
DUKE.L,2022-12-22,0.70000005
DUKE.L,2023-03-30,0.70000005
DUKE.L,2023-06-22,0.70000005
DUKE.L,2023-09-28,0.70000005
DUKE.L,2023-12-28,0.70000005
DUKE.L,2024-03-28,0.70000005
DUKE.L,2024-06-27,0.70000005
DUKE.L,2024-09-26,0.70000005
DUKE.L,2024-12-24,0.70000005
DUKE.L,2025-03-27,0.70000005
DUKE.L,2025-06-26,0.70000005
DUKE.L,2025-09-25,0.70000005
DVNO.L,2017-06-08,1.0
DVNO.L,2017-09-07,1.0
DVNO.L,2017-12-07,1.5
DVNO.L,2018-03-01,1.75
DVNO.L,2018-06-14,1.75
DVNO.L,2018-09-13,1.75
DVNO.L,2018-12-20,1.75
DVNO.L,2019-02-28,1.5
DVNO.L,2019-06-13,1.5
DVNO.L,2019-09-12,1.5
DVNO.L,2019-12-12,1.5
DVNO.L,2020-03-05,1.5
DVNO.L,2021-03-11,1.5
DVNO.L,2021-06-10,1.0
DVNO.L,2021-09-09,1.0
DVNO.L,2021-11-18,1.0
DVNO.L,2022-03-03,1.0
DVNO.L,2022-06-09,1.0
DVNO.L,2022-09-08,1.0
DVNO.L,2022-11-24,1.0
DVNO.L,2023-03-16,1.0
DVNO.L,2023-06-08,1.0
DVNO.L,2023-09-07,1.0
DVNO.L,2023-12-07,1.0
DVNO.L,2024-03-07,1.0
DVNO.L,2024-06-13,1.0
DVNO.L,2024-09-12,1.0
DVNO.L,2024-12-05,1.0
DVNO.L,2025-03-20,1.0
DVNO.L,2025-06-12,1.0
DVNO.L,2025-09-11,1.0
DWL.L,2023-09-21,1.4000001
DWL.L,2024-04-18,2.8000002
DWL.L,2024-08-29,1.4000001
DWL.L,2025-04-17,2.8000002
ECEL.L,2015-09-10,2.7
ECEL.L,2016-04-28,5.2000003
ECEL.L,2016-09-08,2.8000002
ECEL.L,2017-04-27,5.7
ECEL.L,2017-09-07,3.0
ECEL.L,2018-04-26,6.0
ECEL.L,2018-09-06,3.1
ECEL.L,2019-04-25,6.2
ECEL.L,2019-09-05,3.2
ECEL.L,2021-09-16,3.2
ECEL.L,2022-04-21,6.4
ECEL.L,2022-09-15,3.5
ECEL.L,2023-04-20,7.2
ECEL.L,2023-09-14,2.0
ECEL.L,2024-04-25,3.5
ECEL.L,2024-09-12,2.2
ECEL.L,2025-04-24,3.85
ECEL.L,2025-09-11,2.3
ECOR.L,1999-06-28,0.1
ECOR.L,2000-07-03,0.05
ECOR.L,2002-12-04,1.1
ECOR.L,2003-07-09,0.65000004
ECOR.L,2003-12-03,1.3000001
ECOR.L,2004-06-23,1.3000001
ECOR.L,2004-12-01,1.6
ECOR.L,2005-06-22,2.0
ECOR.L,2005-11-30,2.25
ECOR.L,2006-06-21,3.25
ECOR.L,2006-12-06,2.6000001
ECOR.L,2007-06-20,3.7500002
ECOR.L,2007-12-05,3.0
ECOR.L,2008-06-18,4.35
ECOR.L,2008-11-05,3.4499998
ECOR.L,2009-05-06,4.35
ECOR.L,2009-11-11,3.7
ECOR.L,2010-05-05,4.65
ECOR.L,2010-11-10,3.9500003
ECOR.L,2011-05-04,5.1
ECOR.L,2011-11-09,4.25
ECOR.L,2012-05-02,5.5
ECOR.L,2012-11-28,4.4500003
ECOR.L,2013-06-05,6.3889
ECOR.L,2013-11-27,4.4500003
ECOR.L,2014-06-18,5.75
ECOR.L,2014-11-27,4.4500003
ECOR.L,2015-06-25,4.0
ECOR.L,2015-11-26,4.0
ECOR.L,2016-06-23,3.0
ECOR.L,2016-12-29,3.0
ECOR.L,2017-06-29,3.0
ECOR.L,2017-10-05,3.0
ECOR.L,2018-01-04,1.5
ECOR.L,2018-05-17,2.5
ECOR.L,2018-07-05,1.625
ECOR.L,2018-10-04,1.625
ECOR.L,2019-01-03,1.625
ECOR.L,2019-05-16,3.125
ECOR.L,2019-07-04,1.625
ECOR.L,2019-10-03,1.625
ECOR.L,2020-01-02,1.625
ECOR.L,2020-06-04,4.125
ECOR.L,2020-07-02,1.75
ECOR.L,2020-10-01,1.75
ECOR.L,2021-01-07,1.75
ECOR.L,2021-07-08,3.7500002
ECOR.L,2021-10-07,1.75
ECOR.L,2021-11-25,1.75
ECOR.L,2022-01-06,1.75
ECOR.L,2022-05-19,1.75
ECOR.L,2022-06-16,1.75
ECOR.L,2022-10-06,1.75
ECOR.L,2023-01-12,1.75
ECOR.L,2023-05-11,1.75
ECOR.L,2023-06-15,1.6664001
ECOR.L,2023-09-28,1.7387
ECOR.L,2024-01-11,1.6654
ECOR.L,2024-05-09,1.6963999
ECOR.L,2025-01-02,1.3704
ECOR.L,2025-06-26,0.80859995
EDIN.L,1972-09-18,0.279
EDIN.L,1973-02-26,0.324
EDIN.L,1973-09-17,0.341
EDIN.L,1974-02-25,0.379
EDIN.L,1974-09-16,0.333
EDIN.L,1975-02-24,0.40199998
EDIN.L,1975-09-08,0.341
EDIN.L,1976-02-23,0.40899998
EDIN.L,1976-09-20,0.37100002
EDIN.L,1977-02-14,0.47
EDIN.L,1977-10-17,0.485
EDIN.L,1978-03-13,0.538
EDIN.L,1978-10-16,0.515
EDIN.L,1979-05-08,0.667
EDIN.L,1979-10-22,0.667
EDIN.L,1980-05-12,0.84800005
EDIN.L,1980-10-27,0.764
EDIN.L,1981-05-01,1.018
EDIN.L,1981-10-26,0.86399996
EDIN.L,1982-05-17,1.118
EDIN.L,1982-10-18,0.882
EDIN.L,1983-05-09,1.3000001
EDIN.L,1983-10-17,1.0
EDIN.L,1984-05-14,1.5
EDIN.L,1984-10-29,1.1
EDIN.L,1985-05-13,1.75
EDIN.L,1985-10-28,1.3000001
EDIN.L,1986-05-12,2.0
EDIN.L,1986-10-27,1.48
EDIN.L,1987-05-11,2.27
EDIN.L,1987-10-26,1.65
EDIN.L,1988-05-23,2.5
EDIN.L,1988-10-31,2.15
EDIN.L,1989-05-22,3.9500003
EDIN.L,1989-10-30,2.5
EDIN.L,1990-05-29,4.5
EDIN.L,1990-10-22,2.75
EDIN.L,1991-05-20,4.95
EDIN.L,1991-10-28,2.85
EDIN.L,1992-05-11,5.2000003
EDIN.L,1992-11-02,2.85
EDIN.L,1993-05-24,5.55
EDIN.L,1993-11-01,2.95
EDIN.L,1994-05-16,5.7999997
EDIN.L,1994-10-31,3.05
EDIN.L,1995-05-22,6.3
EDIN.L,1995-10-30,3.25
EDIN.L,1996-06-03,6.7500005
EDIN.L,1996-11-04,3.4499998
EDIN.L,1997-06-02,7.2999997
EDIN.L,1997-11-03,3.6499999
EDIN.L,1998-06-01,7.75
EDIN.L,1998-11-09,3.8
EDIN.L,1999-06-01,8.05
EDIN.L,1999-11-08,3.9
EDIN.L,2000-06-05,8.25
EDIN.L,2000-10-30,4.0
EDIN.L,2001-06-06,8.45
EDIN.L,2001-10-31,4.1
EDIN.L,2002-06-05,8.65
EDIN.L,2002-10-30,4.2
EDIN.L,2003-06-04,8.95
EDIN.L,2003-11-05,4.2
EDIN.L,2004-06-02,8.95
EDIN.L,2004-11-10,4.2
EDIN.L,2005-06-01,8.95
EDIN.L,2005-11-09,4.4
EDIN.L,2006-06-14,10.849999
EDIN.L,2006-11-08,4.4
EDIN.L,2007-01-31,4.4
EDIN.L,2007-05-02,4.4
EDIN.L,2007-06-06,5.65
EDIN.L,2007-11-07,4.75
EDIN.L,2008-01-30,4.75
EDIN.L,2008-05-07,4.75
EDIN.L,2008-06-04,5.65
EDIN.L,2008-11-12,4.75
EDIN.L,2009-02-04,4.75
EDIN.L,2009-05-06,4.75
EDIN.L,2009-06-17,6.15
EDIN.L,2009-11-18,4.75
EDIN.L,2010-02-03,4.75
EDIN.L,2010-03-10,4.75
EDIN.L,2010-06-16,6.3500004
EDIN.L,2010-11-17,5.68
EDIN.L,2011-02-02,4.75
EDIN.L,2011-05-04,6.01
EDIN.L,2011-06-15,6.5499997
EDIN.L,2011-11-16,5.0
EDIN.L,2012-02-01,5.0
EDIN.L,2012-05-02,5.0
EDIN.L,2012-06-13,7.0
EDIN.L,2012-11-14,5.0
EDIN.L,2013-02-06,5.0
EDIN.L,2013-05-01,5.0
EDIN.L,2013-06-12,7.8
EDIN.L,2013-11-20,5.0
EDIN.L,2014-02-05,5.0
EDIN.L,2014-05-07,5.0
EDIN.L,2014-06-11,8.5
EDIN.L,2014-11-20,5.0
EDIN.L,2015-02-05,5.1
EDIN.L,2015-05-07,5.15
EDIN.L,2015-06-11,8.6
EDIN.L,2015-11-19,5.2000003
EDIN.L,2016-02-04,5.2000003
EDIN.L,2016-05-05,5.2000003
EDIN.L,2016-06-09,8.75
EDIN.L,2016-11-17,5.4
EDIN.L,2017-02-02,5.4
EDIN.L,2017-05-04,5.4
EDIN.L,2017-06-22,9.15
EDIN.L,2017-11-16,5.7999997
EDIN.L,2018-02-01,5.7999997
EDIN.L,2018-05-03,5.7999997
EDIN.L,2018-06-21,9.2
EDIN.L,2018-11-15,6.25
EDIN.L,2019-02-07,6.25
EDIN.L,2019-05-02,6.25
EDIN.L,2019-06-20,9.25
EDIN.L,2019-11-14,6.4
EDIN.L,2020-02-06,6.4
EDIN.L,2020-05-07,6.4
EDIN.L,2020-06-25,9.45
EDIN.L,2020-11-12,6.0
EDIN.L,2021-02-04,6.0
EDIN.L,2021-05-06,6.0
EDIN.L,2021-06-24,10.65
EDIN.L,2021-11-04,6.0
EDIN.L,2022-02-03,6.0
EDIN.L,2022-05-05,6.4
EDIN.L,2022-06-09,6.4
EDIN.L,2022-11-03,6.4
EDIN.L,2023-02-02,6.4
EDIN.L,2023-05-04,6.7000003
EDIN.L,2023-06-08,6.7000003
EDIN.L,2023-11-02,6.7000003
EDIN.L,2024-02-01,6.7000003
EDIN.L,2024-05-02,6.8999996
EDIN.L,2024-06-06,6.8999996
EDIN.L,2024-10-31,6.8999996
EDIN.L,2025-01-30,6.8999996
EDIN.L,2025-05-01,7.5000005
EDIN.L,2025-06-05,7.5000005
EDIN.L,2025-10-30,7.6
EDV.L,2021-01-21,27.67933
EDV.L,2021-09-09,20.946522
EDV.L,2022-02-10,20.946522
EDV.L,2022-09-01,29.923601
EDV.L,2023-02-23,30.67169
EDV.L,2023-08-31,29.923601
EDV.L,2024-02-22,30.67169
EDV.L,2024-09-12,30.67169
EDV.L,2025-03-13,42.641132
EDV.L,2025-09-25,46.38158
EGL.L,2016-11-24,1.6
EGL.L,2017-02-02,1.6
EGL.L,2017-05-04,1.6
EGL.L,2017-08-03,1.6
EGL.L,2017-11-02,1.6
EGL.L,2018-02-01,1.6
EGL.L,2018-05-03,1.6
EGL.L,2018-08-02,1.6
EGL.L,2018-11-01,1.6
EGL.L,2019-01-31,1.6
EGL.L,2019-05-02,1.6
EGL.L,2019-08-01,1.6
EGL.L,2019-10-31,1.6
EGL.L,2020-01-30,1.65
EGL.L,2020-04-30,1.65
EGL.L,2020-07-30,1.65
EGL.L,2020-10-29,1.65
EGL.L,2021-01-28,1.65
EGL.L,2021-04-29,1.65
EGL.L,2021-07-29,1.65
EGL.L,2021-10-28,1.65
EGL.L,2022-02-03,1.85
EGL.L,2022-04-28,1.85
EGL.L,2022-07-28,1.85
EGL.L,2022-10-27,1.85
EGL.L,2023-01-26,1.95
EGL.L,2023-04-27,1.95
EGL.L,2023-07-27,1.95
EGL.L,2023-10-26,1.95
EGL.L,2024-02-01,2.05
EGL.L,2024-05-02,2.05
EGL.L,2024-08-01,2.05
EGL.L,2024-10-31,2.05
EGL.L,2025-01-30,2.125
EGL.L,2025-05-01,2.125
EGL.L,2025-07-31,2.125
EGL.L,2025-10-30,2.125
EGY.L,2022-02-17,2.4311624
EGY.L,2022-05-24,2.4311624
EGY.L,2022-08-23,2.4311624
EGY.L,2022-11-21,2.4311624
EGY.L,2023-03-23,4.6753125
EGY.L,2023-05-23,4.6753125
EGY.L,2023-08-24,4.6753125
EGY.L,2023-11-23,4.6753125
EGY.L,2024-03-07,4.6753125
EGY.L,2024-05-16,4.6753125
EGY.L,2024-08-22,4.6753125
EGY.L,2024-11-21,4.6753125
EGY.L,2025-02-27,4.6753125
EGY.L,2025-05-22,4.6753125
EGY.L,2025-08-21,4.6753125
EGY.L,2025-11-21,4.6753125
EKF.L,2020-11-05,1.0
EKF.L,2021-11-04,1.1
EKF.L,2022-11-03,1.2
EKF.L,2023-11-02,1.2
ELIX.L,2021-07-15,2.2
ELIX.L,2022-07-14,4.1
ELIX.L,2023-07-20,10.8
ELIX.L,2024-01-18,5.2999997
ELIX.L,2024-07-25,9.5
ELIX.L,2025-01-23,6.3
ELIX.L,2025-07-24,11.5
ELLA.L,2003-05-28,4.7917
ELLA.L,2003-11-26,4.7917
ELLA.L,2004-05-26,4.7917
ELLA.L,2004-11-24,4.7917
ELLA.L,2005-05-25,4.7917
ELLA.L,2005-11-23,4.7917
ELLA.L,2006-05-24,4.7917
ELLA.L,2006-11-22,4.7917
ELLA.L,2007-05-23,4.7917
ELLA.L,2007-11-21,4.7917
ELLA.L,2008-05-28,4.7917
ELLA.L,2008-11-26,4.7917
ELLA.L,2009-05-27,4.7917
ELLA.L,2009-11-25,4.7917
ELLA.L,2010-05-26,4.7917
ELLA.L,2010-11-24,4.3125
ELLA.L,2011-05-25,4.7917
ELLA.L,2011-11-23,4.7917
ELLA.L,2012-05-23,4.7917
ELLA.L,2012-11-21,4.7917
ELLA.L,2013-05-29,4.7917
ELLA.L,2013-11-20,4.7917
ELLA.L,2014-05-28,4.3125
ELLA.L,2014-11-27,4.3125
ELLA.L,2015-05-28,4.3125
ELLA.L,2015-11-26,4.3125
ELLA.L,2016-05-26,4.3125
ELLA.L,2016-11-24,4.3125
ELLA.L,2017-05-25,4.3125
ELLA.L,2017-11-23,4.3125
ELLA.L,2018-05-24,4.3125
ELLA.L,2018-11-22,4.3125
ELLA.L,2019-05-23,4.3125
ELLA.L,2019-11-21,4.3125
ELLA.L,2020-05-21,4.3125
ELLA.L,2020-11-19,4.3125
ELLA.L,2021-05-20,4.3125
ELLA.L,2021-11-25,4.3125
ELLA.L,2022-05-26,4.3125
ELLA.L,2022-12-01,4.3125
ELLA.L,2023-05-25,4.3125
ELLA.L,2023-11-30,4.3125
ELLA.L,2024-05-30,4.3125
ELLA.L,2024-12-05,4.3125
ELLA.L,2025-05-29,4.3125
ELLA.L,2025-12-04,4.3125
ELM.L,1993-04-19,8.2364
ELM.L,1993-10-04,5.4909
ELM.L,1994-04-11,8.2364
ELM.L,1994-10-03,5.4909
ELM.L,1995-04-10,8.2364
ELM.L,1995-10-02,5.4909
ELM.L,1996-04-09,8.2364
ELM.L,1996-10-14,5.4909
ELM.L,1997-05-12,8.2364
ELM.L,1997-10-20,5.4909
ELM.L,1998-10-12,1.8303
ELM.L,1999-03-15,2.7455
ELM.L,1999-10-11,1.8303
ELM.L,2006-04-05,1.0067
ELM.L,2006-10-04,1.0982001
ELM.L,2007-04-04,1.0982001
ELM.L,2007-09-05,1.1897
ELM.L,2008-04-30,1.2811999
ELM.L,2008-09-10,1.3727
ELM.L,2009-04-22,1.2811999
ELM.L,2009-09-09,1.3727
ELM.L,2010-04-28,1.2811999
ELM.L,2010-09-08,1.3727
ELM.L,2011-05-04,1.4642
ELM.L,2011-09-07,1.3123
ELM.L,2012-05-02,2.7124999
ELM.L,2012-09-05,1.4313
ELM.L,2013-05-01,6.0607
ELM.L,2013-09-04,1.5274
ELM.L,2014-04-30,6.2346
ELM.L,2014-09-10,1.4533
ELM.L,2015-04-23,7.5333
ELM.L,2015-09-10,1.5813
ELM.L,2016-04-28,9.0174
ELM.L,2016-09-08,1.8794
ELM.L,2017-04-27,10.321401
ELM.L,2017-09-07,1.8750999
ELM.L,2018-05-03,3.9775
ELM.L,2018-08-30,2.0544
ELM.L,2019-05-02,4.2611
ELM.L,2019-09-05,2.232
ELM.L,2024-05-02,1.65
ELM.L,2024-08-15,0.86
ELM.L,2025-05-01,2.28
ELM.L,2025-08-14,0.97
EMG.L,1994-12-28,0.6095
EMG.L,1995-08-21,0.6095
EMG.L,1995-12-18,0.6095
EMG.L,1996-07-29,1.3143001
EMG.L,1996-12-02,0.6476
EMG.L,1997-07-14,1.3905
EMG.L,1997-12-01,0.7048
EMG.L,1998-07-13,1.5238
EMG.L,1998-11-23,0.7619
EMG.L,1999-07-05,1.6571
EMG.L,1999-11-15,0.81900007
EMG.L,2000-07-03,1.7714
EMG.L,2000-11-13,0.8762
EMG.L,2001-06-27,2.0762
EMG.L,2001-11-14,1.0475999
EMG.L,2002-06-26,2.4952
EMG.L,2002-11-13,1.7333001
EMG.L,2003-06-25,2.6857
EMG.L,2003-11-12,2.1714
EMG.L,2004-06-23,3.5429
EMG.L,2004-11-10,2.4838
EMG.L,2005-06-29,4.3733
EMG.L,2005-11-23,3.4419
EMG.L,2006-07-05,5.9848
EMG.L,2006-11-15,4.3886
EMG.L,2007-07-04,7.3371
EMG.L,2007-11-28,9.179999
EMG.L,2008-07-16,12.549999
EMG.L,2008-11-26,11.89
EMG.L,2009-07-01,15.469999
EMG.L,2009-11-25,11.89
EMG.L,2010-06-30,17.2
EMG.L,2010-11-24,5.91
EMG.L,2011-06-29,7.6800003
EMG.L,2011-11-23,5.9500003
EMG.L,2012-04-25,4.38
EMG.L,2012-08-15,6.12
EMG.L,2013-04-24,8.26
EMG.L,2013-08-14,1.72
EMG.L,2014-04-23,3.19
EMG.L,2014-08-13,2.3700001
EMG.L,2015-04-23,3.9500003
EMG.L,2015-08-13,3.4699998
EMG.L,2016-04-21,3.4
EMG.L,2016-08-11,3.4299998
EMG.L,2017-04-20,3.6200001
EMG.L,2017-08-17,3.79
EMG.L,2018-04-26,4.18
EMG.L,2018-08-09,4.88
EMG.L,2019-04-04,4.0600004
EMG.L,2019-08-08,3.87
EMG.L,2020-04-02,4.1
EMG.L,2020-08-06,3.7
EMG.L,2021-04-08,4.1
EMG.L,2021-08-05,4.0600004
EMG.L,2022-04-07,6.7400002
EMG.L,2022-08-11,4.7
EMG.L,2023-04-06,8.070001
EMG.L,2023-08-10,4.42
EMG.L,2024-04-11,8.54
EMG.L,2024-08-08,4.2599998
EMG.L,2025-04-10,8.690001
EMG.L,2025-08-07,4.23
EMR.L,2005-04-22,0.4
EMR.L,2006-07-19,0.45
EMR.L,2007-07-18,0.5
EMR.L,2008-07-16,0.55
EMR.L,2009-07-15,0.35000002
EMR.L,2010-07-14,0.35000002
EMR.L,2011-07-13,0.35000002
EMR.L,2012-06-13,0.35000002
EMR.L,2013-05-22,0.35000002
EMR.L,2014-05-21,0.35000002
EMR.L,2015-05-21,0.70000005
EMR.L,2016-05-05,1.0
EMR.L,2017-05-04,1.15
EMR.L,2018-05-03,1.3199999
EMR.L,2019-05-09,2.0
EMR.L,2021-05-13,1.0
EMR.L,2022-05-12,1.2
EMR.L,2023-05-25,1.4000001
EMR.L,2024-05-23,1.0
ENOG.L,2022-09-15,22.441202
ENOG.L,2022-12-08,22.441202
ENOG.L,2023-03-09,22.441202
ENOG.L,2023-06-08,22.441202
ENOG.L,2023-09-14,22.441202
ENOG.L,2023-12-07,22.441202
ENOG.L,2024-03-07,22.441202
ENOG.L,2024-06-06,22.441202
ENOG.L,2024-09-19,22.441202
ENOG.L,2024-12-05,22.441202
ENOG.L,2025-03-06,22.441202
ENOG.L,2025-06-05,22.441202
ENOG.L,2025-09-18,22.441202
ENOG.L,2025-12-04,22.441202
ENQ.L,2025-05-01,0.616
ENRG.L,2021-11-11,1.2354
ENRG.L,2022-05-12,1.2354
ENRG.L,2022-08-18,1.25
ENRG.L,2022-11-17,1.25
ENRG.L,2023-03-02,1.38
ENRG.L,2023-06-01,1.38
ENRG.L,2023-08-10,1.38
ENRG.L,2023-11-09,1.38
ENRG.L,2024-02-29,1.42
ENRG.L,2024-06-06,1.42
ENRG.L,2024-08-15,1.42
ENRG.L,2024-12-05,1.42
ENRG.L,2025-03-06,1.4499999
ENRG.L,2025-06-05,1.4499999
ENRG.L,2025-08-14,1.4499999
ENRG.L,2025-12-04,1.4499999
ENT.L,2006-10-04,13.0
ENT.L,2007-04-25,13.0
ENT.L,2007-10-03,13.9
ENT.L,2008-05-07,15.9
ENT.L,2008-10-08,15.83
ENT.L,2009-04-29,17.7
ENT.L,2009-10-07,18.26
ENT.L,2010-06-02,41.96
ENT.L,2010-10-06,8.77
ENT.L,2011-04-13,8.84
ENT.L,2011-10-05,8.66
ENT.L,2012-05-09,8.783999
ENT.L,2012-10-03,12.09
ENT.L,2013-02-20,5.895
ENT.L,2013-07-10,9.0658
ENT.L,2013-10-09,8.8161
ENT.L,2014-01-22,9.5
ENT.L,2014-04-23,13.124999
ENT.L,2014-07-23,9.87
ENT.L,2014-10-09,11.75
ENT.L,2015-01-22,9.766999
ENT.L,2015-04-09,11.389999
ENT.L,2015-07-23,9.7575
ENT.L,2015-10-15,9.7575
ENT.L,2017-01-05,12.5
ENT.L,2017-03-30,13.056999
ENT.L,2017-09-21,14.62
ENT.L,2018-03-22,15.381975
ENT.L,2018-09-20,16.0
ENT.L,2019-03-14,16.0
ENT.L,2019-08-22,17.6
ENT.L,2022-08-18,8.5
ENT.L,2023-03-16,8.5
ENT.L,2023-08-17,8.900001
ENT.L,2024-03-14,8.900001
ENT.L,2024-08-15,9.3
ENT.L,2025-03-13,9.3
ENT.L,2025-08-21,9.8
ENW.L,2023-06-01,15.000001
EOT.L,2009-08-26,0.85
EOT.L,2010-09-08,2.1
EOT.L,2010-09-09,2.1
EOT.L,2011-08-31,5.2999997
EOT.L,2012-09-05,1.85
EOT.L,2013-08-21,3.5
EOT.L,2014-09-10,3.5
EOT.L,2015-11-12,3.8
EOT.L,2016-11-10,5.5
EOT.L,2017-11-16,6.5
EOT.L,2018-11-15,6.5
EOT.L,2019-11-21,5.5
EOT.L,2020-10-22,3.5
EOT.L,2021-10-21,2.0
EOT.L,2022-11-03,2.5
EOT.L,2023-11-02,3.5
EOT.L,2024-11-07,2.0
EOT.L,2025-10-02,2.0
ESCT.L,1994-09-12,0.1063
ESCT.L,1995-09-25,0.1063
ESCT.L,1996-09-23,0.1125
ESCT.L,1997-10-13,0.1125
ESCT.L,1998-09-28,0.0313
ESCT.L,1999-09-27,0.1125
ESCT.L,2000-09-25,0.125
ESCT.L,2001-09-26,0.1813
ESCT.L,2002-10-02,0.1813
ESCT.L,2003-10-01,0.2625
ESCT.L,2004-09-29,0.36249998
ESCT.L,2005-09-21,0.5
ESCT.L,2006-09-20,0.32500002
ESCT.L,2007-09-26,0.35000002
ESCT.L,2008-10-08,0.625
ESCT.L,2009-10-07,0.6875
ESCT.L,2010-10-06,0.5313
ESCT.L,2011-10-12,0.5313
ESCT.L,2012-10-03,0.75
ESCT.L,2013-10-16,1.0
ESCT.L,2014-10-16,1.15
ESCT.L,2015-10-22,1.1875
ESCT.L,2016-11-03,1.4375
ESCT.L,2017-11-01,0.375
ESCT.L,2017-11-02,1.8125
ESCT.L,2018-03-15,0.625
ESCT.L,2018-10-25,1.75
ESCT.L,2019-03-14,0.93750006
ESCT.L,2019-10-23,1.8125
ESCT.L,2020-03-26,0.975
ESCT.L,2020-10-22,1.7750001
ESCT.L,2021-03-25,1.025
ESCT.L,2021-10-21,2.1
ESCT.L,2022-03-31,1.25
ESCT.L,2022-10-20,3.1
ESCT.L,2023-03-30,1.4499999
ESCT.L,2023-11-02,3.25
ESCT.L,2024-04-04,1.4499999
ESCT.L,2024-10-31,3.3500001
ESCT.L,2025-04-03,1.4499999
ESCT.L,2025-09-18,3.4499998
ESNT.L,2005-09-28,2.1299999
ESNT.L,2006-03-08,4.27
ESNT.L,2006-09-27,2.3
ESNT.L,2007-04-04,4.6
ESNT.L,2007-09-26,2.52
ESNT.L,2008-04-09,5.08
ESNT.L,2008-09-24,2.7
ESNT.L,2009-04-08,5.08
ESNT.L,2009-09-30,2.7
ESNT.L,2010-04-14,5.08
ESNT.L,2010-09-29,3.0
ESNT.L,2011-04-13,6.0
ESNT.L,2011-09-28,3.3
ESNT.L,2012-04-11,7.2
ESNT.L,2012-09-26,3.9
ESNT.L,2013-04-10,8.6
ESNT.L,2013-09-25,4.8
ESNT.L,2014-04-09,10.599999
ESNT.L,2014-09-24,5.7
ESNT.L,2015-03-26,12.6
ESNT.L,2015-09-24,6.3
ESNT.L,2016-03-17,14.4
ESNT.L,2016-09-29,6.3
ESNT.L,2017-03-16,14.4
ESNT.L,2017-09-28,6.3
ESNT.L,2018-03-15,14.4
ESNT.L,2018-09-27,6.3
ESNT.L,2019-04-25,14.4
ESNT.L,2019-09-26,6.3
ESNT.L,2021-04-22,3.3
ESNT.L,2021-09-23,2.0
ESNT.L,2022-04-21,4.0
ESNT.L,2022-09-22,2.3
ESNT.L,2023-03-20,29.800001
ESNT.L,2023-05-18,1.0
ESNT.L,2023-09-21,1.2
ESNT.L,2024-05-16,2.4
ESNT.L,2024-09-19,1.25
ESNT.L,2025-05-15,1.55
ESNT.L,2025-09-18,0.8
ESO.L,2004-11-24,8.349999
ESO.L,2005-06-15,24.95
ESO.L,2005-11-30,4.4
ESO.L,2006-06-07,23.5
ESO.L,2006-12-06,12.75
ESO.L,2007-12-12,9.95
ESP.L,2014-11-06,1.4945
ESP.L,2015-03-05,0.49820003
ESP.L,2015-06-04,0.99630004
ESP.L,2015-07-16,0.99630004
ESP.L,2015-10-15,1.4945
ESP.L,2016-03-10,1.5
ESP.L,2016-06-09,1.5
ESP.L,2016-08-04,1.5
ESP.L,2016-10-27,1.5
ESP.L,2017-01-19,1.55
ESP.L,2017-05-18,1.525
ESP.L,2017-07-20,1.525
ESP.L,2017-11-30,1.25
ESP.L,2018-03-08,1.25
ESP.L,2018-05-31,1.25
ESP.L,2018-08-30,1.25
ESP.L,2018-11-22,1.25
ESP.L,2019-02-28,1.25
ESP.L,2019-06-06,1.25
ESP.L,2019-09-05,1.25
ESP.L,2019-12-05,1.25
ESP.L,2020-02-27,1.25
ESP.L,2021-11-11,2.5
ESP.L,2022-03-03,0.625
ESP.L,2022-06-01,0.625
ESP.L,2022-08-18,0.625
ESP.L,2022-11-10,0.625
ESP.L,2023-03-30,0.875
ESP.L,2023-06-08,0.8125
ESP.L,2023-09-07,0.8125
ESP.L,2023-11-16,0.93750006
ESP.L,2024-04-04,0.93750006
ESP.L,2024-06-13,0.875
ESP.L,2024-09-05,0.875
ESP.L,2024-11-21,0.875
ESP.L,2025-03-27,1.075
ESP.L,2025-06-12,0.925
ESP.L,2025-09-04,0.925
ESP.L,2025-11-20,0.925
EVOK.L,2006-10-11,4.6
EVOK.L,2007-05-09,4.52
EVOK.L,2007-10-10,0.9
EVOK.L,2008-05-07,2.49
EVOK.L,2008-10-08,1.26
EVOK.L,2009-05-06,1.99
EVOK.L,2009-09-09,2.1880002
EVOK.L,2010-05-12,1.8549999
EVOK.L,2012-09-12,1.5526999
EVOK.L,2013-05-15,1.49614
EVOK.L,2013-09-04,1.8467
EVOK.L,2014-04-02,5.2364902
EVOK.L,2014-09-03,2.6182451
EVOK.L,2015-04-16,8.602805
EVOK.L,2015-09-03,2.2914
EVOK.L,2016-04-14,8.97684
EVOK.L,2016-09-08,2.842666
EVOK.L,2017-04-06,11.669892
EVOK.L,2017-09-14,2.99228
EVOK.L,2018-03-29,8.602805
EVOK.L,2018-10-04,3.1418939
EVOK.L,2019-03-28,6.1967998
EVOK.L,2019-09-19,2.4538
EVOK.L,2020-04-23,2.24421
EVOK.L,2020-10-08,2.0945961
EVOK.L,2021-03-25,8.97684
EVOK.L,2021-09-16,3.3663151
EVPL.L,2025-06-05,2.7
EVPL.L,2025-09-11,1.0
EVR.L,2012-06-06,10.8273
EVR.L,2012-09-05,6.7947
EVR.L,2014-06-04,3.5256
EVR.L,2017-08-17,23.059
EVR.L,2018-03-08,21.49
EVR.L,2018-06-07,9.72
EVR.L,2018-08-16,30.968002
EVR.L,2018-11-22,19.55
EVR.L,2019-03-07,30.56
EVR.L,2019-08-15,28.85
EVR.L,2020-03-05,30.689999
EVR.L,2020-08-20,15.22
EVR.L,2021-03-11,21.59
EVR.L,2021-05-27,14.110001
EVR.L,2021-08-12,39.96
EVR.L,2021-12-23,14.839999
EWG.L,2025-06-26,3.0
EWI.L,1972-11-27,0.0428
EWI.L,1973-06-04,0.028
EWI.L,1973-11-26,0.056
EWI.L,1974-05-13,0.028
EWI.L,1974-11-25,0.060000002
EWI.L,1975-05-19,0.028
EWI.L,1975-12-01,0.063999996
EWI.L,1976-05-17,0.028
EWI.L,1976-11-29,0.07
EWI.L,1977-05-23,0.04
EWI.L,1977-11-28,0.074
EWI.L,1978-05-30,0.04
EWI.L,1978-11-27,0.082
EWI.L,1979-05-21,0.04
EWI.L,1979-12-10,0.120000005
EWI.L,1980-06-02,0.048
EWI.L,1980-11-24,0.13599999
EWI.L,1981-06-01,0.052
EWI.L,1981-11-23,0.148
EWI.L,1982-06-07,0.056
EWI.L,1982-11-29,0.16
EWI.L,1983-06-06,0.056
EWI.L,1983-11-28,0.16
EWI.L,1984-06-04,0.056
EWI.L,1984-11-26,0.184
EWI.L,1985-06-03,0.056
EWI.L,1985-11-25,0.16
EWI.L,1986-06-02,0.056
EWI.L,1986-12-08,0.16
EWI.L,1987-06-01,0.056
EWI.L,1987-12-07,0.16
EWI.L,1988-06-06,0.07
EWI.L,1989-06-05,0.1
EWI.L,1990-05-29,0.120000005
EWI.L,1991-06-03,0.120000005
EWI.L,1992-06-01,0.120000005
EWI.L,1993-05-24,0.120000005
EWI.L,1994-06-06,0.120000005
EWI.L,1995-06-06,0.120000005
EWI.L,1996-06-03,0.096
EWI.L,1996-12-23,0.364
EWI.L,1997-06-02,0.096
EWI.L,1998-01-05,0.31399998
EWI.L,1998-06-22,0.1
EWI.L,1998-07-06,0.28
EWI.L,1999-01-04,0.05
EWI.L,1999-06-14,0.1
EWI.L,1999-12-29,0.34
EWI.L,2000-06-12,0.1
EWI.L,2001-01-02,0.34
EWI.L,2001-06-13,0.1
EWI.L,2002-01-09,0.42
EWI.L,2002-06-12,0.1
EWI.L,2003-01-02,0.34
EWI.L,2003-06-18,0.1
EWI.L,2004-01-07,0.34
EWI.L,2004-06-23,0.1
EWI.L,2005-01-12,0.34
EWI.L,2005-06-22,0.1
EWI.L,2006-01-11,0.3
EWI.L,2006-06-21,0.1
EWI.L,2007-01-10,0.3
EWI.L,2007-06-20,0.1
EWI.L,2008-01-16,0.3
EWI.L,2008-06-25,0.1
EWI.L,2009-01-07,0.44
EWI.L,2009-06-24,0.24000001
EWI.L,2010-01-13,0.5
EWI.L,2010-06-23,0.1
EWI.L,2011-01-12,0.3
EWI.L,2011-06-22,0.1
EWI.L,2012-01-11,0.3
EWI.L,2012-06-20,0.1
EWI.L,2013-01-09,0.3
EWI.L,2013-06-19,0.1
EWI.L,2014-01-08,0.3
EWI.L,2014-06-18,0.1
EWI.L,2015-01-08,0.3
EXPN.L,2007-01-03,2.94
EXPN.L,2007-06-27,5.72
EXPN.L,2008-01-02,3.3300002
EXPN.L,2008-12-31,4.448
EXPN.L,2009-06-24,8.1
EXPN.L,2009-12-30,4.38
EXPN.L,2010-06-23,10.521
EXPN.L,2010-12-29,5.823
EXPN.L,2011-06-22,11.861
EXPN.L,2011-12-28,5.291
EXPN.L,2012-06-20,13.929001
EXPN.L,2013-01-02,6.6689997
EXPN.L,2013-06-19,15.7304
EXPN.L,2013-12-31,7.0054
EXPN.L,2014-06-25,15.156799
EXPN.L,2015-01-02,8.1013
EXPN.L,2015-06-25,17.3044
EXPN.L,2015-12-31,8.6017
EXPN.L,2016-06-23,20.731201
EXPN.L,2016-12-29,10.552799
EXPN.L,2017-06-22,21.9408
EXPN.L,2018-01-04,9.8626
EXPN.L,2018-06-21,23.6697
EXPN.L,2019-01-03,10.9183
EXPN.L,2019-06-27,25.983398
EXPN.L,2020-01-02,11.1022005
EXPN.L,2020-06-25,26.064
EXPN.L,2021-01-07,10.6753
EXPN.L,2021-06-24,23.577
EXPN.L,2022-01-06,11.692901
EXPN.L,2022-06-23,29.7505
EXPN.L,2023-01-05,13.909901
EXPN.L,2023-06-22,29.688799
EXPN.L,2024-01-04,14.1032
EXPN.L,2024-06-20,32.0345
EXPN.L,2025-01-09,15.780701
EXPN.L,2025-06-19,31.530602
EZJ.L,2012-02-29,49.527298
EZJ.L,2013-02-27,21.5
EZJ.L,2014-02-26,77.600006
EZJ.L,2015-02-26,45.4
EZJ.L,2016-02-25,55.199997
EZJ.L,2017-02-23,53.8
EZJ.L,2018-03-01,40.9
EZJ.L,2019-02-28,58.600002
EZJ.L,2020-02-27,43.9
EZJ.L,2024-02-22,4.5
EZJ.L,2025-02-20,12.1
FAN.L,2015-04-02,1.05
FAN.L,2015-11-26,2.25
FAN.L,2016-03-31,1.2
FAN.L,2016-11-17,2.6000001
FAN.L,2017-03-30,1.35
FAN.L,2017-11-23,2.8000002
FAN.L,2018-03-29,1.46
FAN.L,2018-11-22,2.98
FAN.L,2019-03-28,1.6
FAN.L,2019-11-21,3.3
FAN.L,2021-03-25,1.9
FAN.L,2021-11-18,4.4
FAN.L,2022-03-24,2.3
FAN.L,2022-11-24,5.0
FAN.L,2023-03-23,2.5
FAN.L,2023-11-23,5.5
FAN.L,2024-03-28,2.8000002
FAN.L,2024-11-21,6.2
FAN.L,2025-03-27,3.4
FAN.L,2025-11-20,7.4
FAS.L,1999-10-04,0.42
FAS.L,2008-10-08,0.81
FAS.L,2009-10-14,1.0
FAS.L,2011-10-05,1.0
FAS.L,2012-10-03,1.0
FAS.L,2013-10-09,1.1
FAS.L,2014-11-20,1.1
FAS.L,2015-10-29,2.0
FAS.L,2016-11-03,4.5
FAS.L,2017-10-19,5.0
FAS.L,2018-10-11,5.5
FAS.L,2019-10-24,8.8
FAS.L,2020-10-22,8.5
FAS.L,2021-10-28,8.8
FAS.L,2022-10-27,14.0
FAS.L,2023-11-02,14.5
FAS.L,2024-11-07,14.5
FAS.L,2025-11-13,20.5
FCIT.L,1972-07-28,0.0427
FCIT.L,1973-02-26,0.038000003
FCIT.L,1973-07-30,0.024500001
FCIT.L,1974-02-25,0.0455
FCIT.L,1974-08-19,0.025
FCIT.L,1975-02-24,0.0505
FCIT.L,1975-08-22,0.025
FCIT.L,1976-02-23,0.055499997
FCIT.L,1976-08-23,0.026500002
FCIT.L,1977-02-28,0.063999996
FCIT.L,1977-08-22,0.031
FCIT.L,1978-02-27,0.086500004
FCIT.L,1978-08-21,0.039
FCIT.L,1979-02-26,0.1025
FCIT.L,1979-08-13,0.0625
FCIT.L,1980-02-25,0.121999994
FCIT.L,1980-08-11,0.078
FCIT.L,1981-03-02,0.1525
FCIT.L,1981-08-10,0.078
FCIT.L,1982-03-01,0.176
FCIT.L,1982-08-16,0.0935
FCIT.L,1983-03-07,0.18599999
FCIT.L,1983-08-15,0.0935
FCIT.L,1984-02-27,0.20300001
FCIT.L,1984-08-13,0.1095
FCIT.L,1985-03-11,0.20949998
FCIT.L,1985-09-02,0.120000005
FCIT.L,1986-03-10,0.2475
FCIT.L,1986-09-01,0.1325
FCIT.L,1987-03-09,0.29
FCIT.L,1987-08-24,0.15
FCIT.L,1988-03-11,0.68
FCIT.L,1988-08-15,0.17999999
FCIT.L,1989-02-27,0.385
FCIT.L,1989-08-14,0.2
FCIT.L,1990-03-12,0.45
FCIT.L,1990-08-20,0.25
FCIT.L,1991-03-11,0.475
FCIT.L,1991-09-02,0.2675
FCIT.L,1992-03-09,0.53
FCIT.L,1992-08-24,0.2801
FCIT.L,1993-03-15,0.5575
FCIT.L,1993-08-16,0.2875
FCIT.L,1994-03-14,1.1850001
FCIT.L,1994-08-22,0.6
FCIT.L,1995-03-20,1.28
FCIT.L,1995-08-21,0.63
FCIT.L,1996-04-01,1.4399999
FCIT.L,1996-08-27,0.70000005
FCIT.L,1997-04-01,1.5799999
FCIT.L,1997-08-26,0.8
FCIT.L,1998-03-30,1.71
FCIT.L,1998-08-24,0.86
FCIT.L,1999-03-08,1.91
FCIT.L,1999-08-23,0.9
FCIT.L,2000-03-06,2.0
FCIT.L,2000-08-21,0.95
FCIT.L,2001-03-21,2.15
FCIT.L,2001-08-29,1.0
FCIT.L,2002-03-13,2.3
FCIT.L,2002-08-14,1.05
FCIT.L,2003-03-12,2.45
FCIT.L,2003-08-13,1.8
FCIT.L,2004-03-10,1.9
FCIT.L,2004-08-11,1.9
FCIT.L,2005-03-02,2.3
FCIT.L,2005-08-03,2.2
FCIT.L,2006-04-05,2.55
FCIT.L,2006-08-02,2.45
FCIT.L,2007-03-14,2.85
FCIT.L,2007-08-08,2.7
FCIT.L,2008-03-19,3.15
FCIT.L,2008-08-06,3.0
FCIT.L,2009-03-18,3.4499998
FCIT.L,2009-08-05,3.0
FCIT.L,2010-03-17,3.6499999
FCIT.L,2010-08-11,3.0
FCIT.L,2011-04-13,3.7500002
FCIT.L,2011-08-10,3.0
FCIT.L,2012-04-11,4.1
FCIT.L,2012-08-08,4.0
FCIT.L,2013-01-09,2.0
FCIT.L,2013-04-03,2.5
FCIT.L,2013-07-10,2.1
FCIT.L,2013-10-02,2.1
FCIT.L,2013-12-31,2.1
FCIT.L,2014-03-26,2.7
FCIT.L,2014-07-02,2.2
FCIT.L,2014-10-01,2.2
FCIT.L,2015-01-02,2.2
FCIT.L,2015-03-26,2.7
FCIT.L,2015-07-02,2.3
FCIT.L,2015-10-01,2.3
FCIT.L,2016-01-07,2.3
FCIT.L,2016-03-31,2.7
FCIT.L,2016-06-30,2.35
FCIT.L,2016-09-29,2.35
FCIT.L,2017-01-05,2.45
FCIT.L,2017-03-30,2.7
FCIT.L,2017-07-06,2.5
FCIT.L,2017-09-28,2.5
FCIT.L,2018-01-04,2.7
FCIT.L,2018-03-29,2.7
FCIT.L,2018-07-05,2.7
FCIT.L,2018-10-04,2.7
FCIT.L,2019-01-03,2.8000002
FCIT.L,2019-04-04,2.8000002
FCIT.L,2019-07-04,2.8999999
FCIT.L,2019-10-03,2.8999999
FCIT.L,2020-01-02,2.8999999
FCIT.L,2020-04-16,2.8999999
FCIT.L,2020-07-16,2.8999999
FCIT.L,2020-10-08,2.8999999
FCIT.L,2021-01-07,2.8999999
FCIT.L,2021-04-15,3.4
FCIT.L,2021-07-15,3.0
FCIT.L,2021-10-07,3.0
FCIT.L,2022-01-06,3.0
FCIT.L,2022-04-07,3.8
FCIT.L,2022-06-30,3.2
FCIT.L,2022-10-06,3.2
FCIT.L,2023-01-05,3.2
FCIT.L,2023-04-06,7.8
FCIT.L,2023-06-29,3.4
FCIT.L,2023-10-05,3.4
FCIT.L,2024-01-04,3.4
FCIT.L,2024-04-11,4.5
FCIT.L,2024-06-27,3.6
FCIT.L,2024-10-03,3.6
FCIT.L,2025-01-02,3.6
FCIT.L,2025-04-10,4.8
FCIT.L,2025-07-03,3.8
FCIT.L,2025-10-02,3.8
FCSS.L,2011-07-20,0.25
FCSS.L,2012-07-18,0.75
FCSS.L,2013-07-17,1.0
FCSS.L,2014-07-09,1.15
FCSS.L,2015-06-18,1.3000001
FCSS.L,2016-06-23,1.8
FCSS.L,2017-06-29,2.5
FCSS.L,2018-06-21,3.5
FCSS.L,2019-06-27,3.85
FCSS.L,2020-06-18,4.25
FCSS.L,2021-06-17,4.68
FCSS.L,2022-06-16,5.5
FCSS.L,2023-06-15,6.25
FCSS.L,2024-06-20,6.4
FCSS.L,2025-06-19,9.0
FDM.L,2015-05-14,7.5000005
FDM.L,2015-08-20,8.0
FDM.L,2016-05-12,13.500001
FDM.L,2016-08-25,9.3
FDM.L,2017-05-25,10.3
FDM.L,2017-08-24,12.0
FDM.L,2018-05-24,14.0
FDM.L,2018-08-23,14.5
FDM.L,2019-05-23,15.5
FDM.L,2019-08-22,16.0
FDM.L,2020-08-06,18.5
FDM.L,2021-02-04,13.0
FDM.L,2021-05-13,15.000001
FDM.L,2021-08-05,15.000001
FDM.L,2022-05-19,18.0
FDM.L,2022-08-25,17.0
FDM.L,2023-06-08,19.0
FDM.L,2023-09-21,17.0
FDM.L,2024-06-06,19.0
FDM.L,2024-10-10,10.0
FDM.L,2025-06-05,12.5
FDM.L,2025-10-23,6.0
FEML.L,1990-09-20,3.74
FEML.L,1991-08-16,1.2
FEML.L,1992-09-04,3.01
FEML.L,1993-08-19,8.190001
FEML.L,2017-11-09,10.589601
FEML.L,2018-11-22,14.7561
FEML.L,2019-11-14,14.7774
FEML.L,2020-11-12,12.9465
FEML.L,2021-11-11,13.443799
FEML.L,2022-11-17,13.58
FEML.L,2023-11-16,15.27
FEML.L,2024-11-14,15.74
FEML.L,2025-11-13,19.8
FERG.L,1993-03-29,8.4727
FERG.L,1993-12-13,23.27
FERG.L,1994-06-06,11.2651
FERG.L,1994-11-14,28.64
FERG.L,1995-05-30,14.081299
FERG.L,1995-12-11,32.6973
FERG.L,1996-06-03,14.7973
FERG.L,1996-10-28,34.606598
FERG.L,1997-06-09,15.752
FERG.L,1997-12-01,38.664
FERG.L,1998-06-08,16.706701
FERG.L,1998-11-30,42.96
FERG.L,1999-06-28,17.9
FERG.L,2000-01-04,47.7333
FERG.L,2000-07-10,19.7139
FERG.L,2001-01-08,53.6045
FERG.L,2001-07-11,21.7187
FERG.L,2002-01-09,58.950596
FERG.L,2002-07-10,23.8667
FERG.L,2003-01-02,66.3493
FERG.L,2003-07-02,26.730701
FERG.L,2003-10-01,74.464
FERG.L,2004-03-31,37.232
FERG.L,2004-10-06,76.37331
FERG.L,2005-03-30,42.005302
FERG.L,2005-10-05,84.010605
FERG.L,2006-03-29,47.0173
FERG.L,2006-10-04,93.318596
FERG.L,2007-03-28,51.7906
FERG.L,2007-10-03,102.8653
FERG.L,2008-03-26,53.7
FERG.L,2011-04-06,17.1048
FERG.L,2011-10-12,34.2096
FERG.L,2012-04-04,22.8064
FERG.L,2012-10-08,45.6128
FERG.L,2012-12-10,133.0704
FERG.L,2013-04-03,23.9963
FERG.L,2013-10-09,47.9926
FERG.L,2013-11-27,119.98151
FERG.L,2013-12-02,116.1112
FERG.L,2014-04-02,29.0278
FERG.L,2014-10-16,58.0556
FERG.L,2015-04-02,31.9306
FERG.L,2015-10-22,63.861103
FERG.L,2016-03-31,35.1289
FERG.L,2016-10-27,70.426704
FERG.L,2017-04-06,38.7072
FERG.L,2017-10-26,77.4039
FERG.L,2018-04-05,42.2856
FERG.L,2018-06-11,300.83002
FERG.L,2018-10-25,102.46001
FERG.L,2019-04-04,48.11
FERG.L,2019-10-24,112.46001
FERG.L,2020-11-12,154.84001
FERG.L,2021-03-25,182.09999
FERG.L,2021-10-28,123.78
FERG.L,2022-03-24,64.46
FERG.L,2022-10-27,160.0
FERG.L,2022-12-15,61.0
FERG.L,2023-03-16,58.999996
FERG.L,2023-06-15,57.0
FERG.L,2023-10-05,61.0
FERG.L,2023-12-14,62.0
FERG.L,2024-03-14,63.0
FERG.L,2024-06-13,61.0
FERG.L,2024-09-26,60.000004
FERG.L,2024-12-19,67.888
FERG.L,2025-03-20,63.5091
FERG.L,2025-06-19,61.9218
FERG.L,2025-09-25,61.78
FEV.L,1993-03-01,0.030000001
FEV.L,1993-11-29,0.030000001
FEV.L,1995-03-20,0.030000001
FEV.L,1996-03-11,0.060000002
FEV.L,1997-04-07,0.060000002
FEV.L,1998-04-06,0.060000002
FEV.L,1999-04-19,0.060000002
FEV.L,2000-03-27,0.060000002
FEV.L,2001-04-25,0.060000002
FEV.L,2002-04-10,0.2
FEV.L,2003-03-05,0.120000005
FEV.L,2004-01-28,0.15
FEV.L,2005-03-16,0.17500001
FEV.L,2006-03-22,0.25
FEV.L,2007-03-21,0.525
FEV.L,2008-03-05,1.375
FEV.L,2009-03-18,3.6499999
FEV.L,2010-03-03,2.25
FEV.L,2011-03-16,1.575
FEV.L,2012-03-14,2.6499999
FEV.L,2013-03-13,2.775
FEV.L,2014-03-19,2.9750001
FEV.L,2015-03-26,3.64
FEV.L,2016-03-24,3.3300002
FEV.L,2017-03-23,4.17
FEV.L,2018-03-22,4.35
FEV.L,2019-03-28,6.2799997
FEV.L,2019-09-26,2.5900002
FEV.L,2020-03-26,3.88
FEV.L,2020-09-24,2.6000001
FEV.L,2021-03-25,3.9
FEV.L,2021-09-23,2.6499999
FEV.L,2022-03-31,4.18
FEV.L,2022-09-22,3.08
FEV.L,2023-03-30,4.62
FEV.L,2023-09-21,3.26
FEV.L,2024-03-28,4.99
FEV.L,2024-09-19,3.6
FEV.L,2025-03-27,5.5
FEV.L,2025-09-11,3.9
FEVR.L,2015-04-23,0.3
FEVR.L,2015-08-13,0.78
FEVR.L,2016-04-07,2.3
FEVR.L,2016-08-11,1.54
FEVR.L,2017-04-20,4.71
FEVR.L,2017-08-10,3.01
FEVR.L,2018-04-19,7.64
FEVR.L,2018-08-09,4.22
FEVR.L,2019-04-25,10.28
FEVR.L,2019-08-08,5.2000003
FEVR.L,2020-05-14,9.88
FEVR.L,2020-09-24,5.41
FEVR.L,2021-04-08,10.27
FEVR.L,2021-09-30,5.52
FEVR.L,2022-04-07,53.37
FEVR.L,2022-09-29,5.63
FEVR.L,2023-04-20,10.679999
FEVR.L,2023-09-28,5.74
FEVR.L,2024-05-16,10.9
FEVR.L,2024-09-26,5.85
FEVR.L,2025-05-15,11.12
FEVR.L,2025-09-25,5.9700003
FGEN.L,2014-11-27,3.0
FGEN.L,2015-05-14,3.0
FGEN.L,2015-11-26,3.0270002
FGEN.L,2016-02-25,1.5135001
FGEN.L,2016-05-19,1.5135001
FGEN.L,2016-08-25,1.54
FGEN.L,2016-12-01,1.53
FGEN.L,2017-01-26,1.535
FGEN.L,2017-06-08,1.535
FGEN.L,2017-08-24,1.5775001
FGEN.L,2017-11-30,1.5775001
FGEN.L,2018-02-01,1.5775001
FGEN.L,2018-06-07,1.5775001
FGEN.L,2018-08-23,1.6274999
FGEN.L,2018-11-29,1.6274999
FGEN.L,2019-03-14,1.6274999
FGEN.L,2019-06-06,1.6274999
FGEN.L,2019-08-22,1.6650001
FGEN.L,2019-11-28,1.6650001
FGEN.L,2020-02-13,1.6650001
FGEN.L,2020-06-04,1.6650001
FGEN.L,2020-09-03,1.6899999
FGEN.L,2020-12-03,1.6899999
FGEN.L,2021-03-04,1.6899999
FGEN.L,2021-06-03,1.6899999
FGEN.L,2021-09-02,1.7
FGEN.L,2021-12-02,1.7
FGEN.L,2022-03-03,1.7
FGEN.L,2022-06-01,1.7
FGEN.L,2022-09-01,1.78
FGEN.L,2022-12-08,1.79
FGEN.L,2023-02-02,1.78
FGEN.L,2023-06-01,1.79
FGEN.L,2023-08-31,1.89
FGEN.L,2023-12-07,1.89
FGEN.L,2024-02-29,1.9
FGEN.L,2024-06-06,1.89
FGEN.L,2024-09-05,1.95
FGEN.L,2024-12-05,1.95
FGEN.L,2025-03-06,1.95
FGEN.L,2025-06-05,1.95
FGEN.L,2025-09-04,1.99
FGEN.L,2025-12-04,1.99
FGP.L,1996-01-15,1.2167001
FGP.L,1996-07-15,2.6804
FGP.L,1997-01-06,1.4189999
FGP.L,1997-07-14,2.9169002
FGP.L,1998-01-05,1.7342999
FGP.L,1998-07-13,3.4687002
FGP.L,1999-01-04,1.9708
FGP.L,1999-07-12,3.9417
FGP.L,2000-01-04,2.2013
FGP.L,2000-07-24,4.7288
FGP.L,2001-01-15,2.4459
FGP.L,2001-07-25,5.218
FGP.L,2002-01-16,2.6905
FGP.L,2002-07-24,5.7072
FGP.L,2003-01-15,2.8943
FGP.L,2004-01-14,3.0574
FGP.L,2004-07-21,6.4409003
FGP.L,2005-01-12,3.3672001
FGP.L,2005-07-20,7.085
FGP.L,2006-01-11,3.7096999
FGP.L,2006-07-19,7.7862
FGP.L,2007-01-10,4.0765
FGP.L,2007-07-18,8.5607
FGP.L,2008-01-09,4.4842
FGP.L,2008-07-16,9.4168
FGP.L,2009-01-07,4.9326
FGP.L,2009-07-15,10.3544
FGP.L,2010-01-06,5.4218
FGP.L,2010-07-14,11.4143
FGP.L,2011-01-05,5.805
FGP.L,2011-07-13,12.2296
FGP.L,2012-01-04,6.2125998
FGP.L,2012-07-11,13.085701
FGP.L,2013-01-09,6.2125998
FGP.L,2022-07-14,1.1
FGP.L,2022-11-17,0.9
FGP.L,2023-07-13,2.8999999
FGP.L,2023-11-30,1.5
FGP.L,2024-07-18,4.0
FGP.L,2024-11-28,1.7
FGP.L,2025-07-03,4.8
FGP.L,2025-11-27,2.2
FGT.L,1978-11-27,0.055400003
FGT.L,1979-03-12,0.0341
FGT.L,1979-12-10,0.0511
FGT.L,1980-04-14,0.0341
FGT.L,1980-12-08,0.055400003
FGT.L,1981-04-10,0.0341
FGT.L,1981-12-07,0.063899994
FGT.L,1982-04-19,0.0341
FGT.L,1982-11-15,0.0725
FGT.L,1983-04-25,0.0341
FGT.L,1983-11-28,0.081
FGT.L,1984-04-30,0.0341
FGT.L,1984-11-12,0.0894
FGT.L,1985-04-29,0.0511
FGT.L,1985-11-25,0.14479999
FGT.L,1986-04-28,0.0596
FGT.L,1986-11-24,0.1619
FGT.L,1987-05-11,0.0596
FGT.L,1987-11-23,0.17040001
FGT.L,1988-04-25,0.0646
FGT.L,1988-12-12,0.1846
FGT.L,1989-05-08,0.0646
FGT.L,1989-11-27,0.15689999
FGT.L,1990-04-30,0.0646
FGT.L,1990-12-10,0.1846
FGT.L,1991-05-20,0.0831
FGT.L,1991-10-14,0.1846
FGT.L,1992-05-11,0.9
FGT.L,1992-11-16,2.0
FGT.L,1993-05-10,0.9
FGT.L,1993-11-15,2.0
FGT.L,1994-05-16,0.9
FGT.L,1994-11-28,2.0
FGT.L,1995-06-12,1.0
FGT.L,1995-11-27,2.1
FGT.L,1996-06-10,1.1
FGT.L,1996-11-25,2.2
FGT.L,1997-06-16,1.1
FGT.L,1997-11-24,2.4
FGT.L,1998-06-01,1.2
FGT.L,1998-11-23,2.55
FGT.L,1999-03-01,1.2
FGT.L,1999-11-29,2.8000002
FGT.L,2000-06-12,1.8
FGT.L,2000-11-27,2.45
FGT.L,2001-05-30,1.2
FGT.L,2001-12-05,2.0
FGT.L,2002-05-22,1.2
FGT.L,2002-12-04,2.55
FGT.L,2003-06-25,1.8
FGT.L,2003-12-24,3.2
FGT.L,2004-06-30,1.8
FGT.L,2004-12-15,4.1
FGT.L,2005-03-23,4.0
FGT.L,2005-09-28,4.0
FGT.L,2006-03-15,4.2
FGT.L,2006-07-12,4.6
FGT.L,2006-09-20,4.2
FGT.L,2007-05-23,4.2
FGT.L,2007-09-26,4.8
FGT.L,2008-04-02,4.4
FGT.L,2008-10-01,5.1
FGT.L,2009-04-01,4.4
FGT.L,2009-09-30,5.1
FGT.L,2010-03-03,4.4
FGT.L,2010-09-29,4.4
FGT.L,2011-03-30,4.4
FGT.L,2011-09-28,4.8
FGT.L,2012-03-28,4.6
FGT.L,2012-10-03,5.2000003
FGT.L,2013-04-03,4.8
FGT.L,2013-10-09,5.7
FGT.L,2014-04-02,5.1
FGT.L,2014-10-09,6.2
FGT.L,2015-04-02,5.5
FGT.L,2015-10-08,6.6
FGT.L,2016-04-07,6.1
FGT.L,2016-10-13,7.0
FGT.L,2017-04-06,6.8
FGT.L,2017-10-12,7.4
FGT.L,2018-04-05,7.2
FGT.L,2018-10-04,8.1
FGT.L,2019-04-04,8.0
FGT.L,2019-10-03,8.6
FGT.L,2020-04-02,8.0
FGT.L,2020-10-08,8.6
FGT.L,2021-04-01,8.0
FGT.L,2021-10-07,9.099999
FGT.L,2022-03-31,8.299999
FGT.L,2022-09-29,9.8
FGT.L,2023-04-06,8.5
FGT.L,2023-10-05,10.5
FGT.L,2024-04-04,8.8
FGT.L,2024-10-03,10.8
FGT.L,2025-04-03,8.8
FGT.L,2025-10-09,11.4
FLK.L,1993-01-18,0.5
FLK.L,1993-07-05,0.5
FLK.L,1994-01-17,0.5
FLK.L,1994-07-04,1.0
FLK.L,1995-01-16,0.5
FLK.L,1995-07-10,0.5
FLK.L,1996-03-11,0.5
FLK.L,1996-07-08,1.0
FLK.L,1997-01-27,0.5
FLK.L,1997-07-21,1.25
FLK.L,1998-02-02,0.75
FLK.L,1998-07-20,1.85
FLK.L,1999-02-01,1.0
FLK.L,1999-07-19,2.2
FLK.L,1999-12-13,1.5
FLK.L,2000-07-03,2.5
FLK.L,2001-02-07,1.5
FLK.L,2001-07-18,2.5
FLK.L,2002-02-06,0.25
FLK.L,2002-08-21,0.75
FLK.L,2003-02-05,0.25
FLK.L,2003-09-03,0.75
FLK.L,2004-02-04,0.3
FLK.L,2004-09-01,2.0
FLK.L,2005-02-02,0.5
FLK.L,2005-08-31,3.0
FLK.L,2006-02-01,0.63
FLK.L,2006-08-30,2.5
FLK.L,2007-01-31,1.0
FLK.L,2007-08-29,3.7500002
FLK.L,2008-01-02,1.25
FLK.L,2008-08-27,1.75
FLK.L,2009-08-26,1.0
FLK.L,2010-02-24,1.0
FLK.L,2011-01-26,0.75
FLK.L,2011-08-31,0.75
FLK.L,2012-01-25,0.75
FLK.L,2012-08-29,0.75
FLK.L,2013-01-23,0.75
FLK.L,2013-08-28,0.75
FLK.L,2014-01-22,0.75
FLK.L,2014-08-27,2.25
FLK.L,2015-01-22,1.5
FLK.L,2015-08-27,0.75
FLK.L,2015-09-10,8.0
FLK.L,2016-01-21,1.0
FLK.L,2016-09-08,1.0
FLK.L,2017-01-19,1.0
FLK.L,2017-09-07,3.0
FLK.L,2018-01-18,1.0
FLK.L,2018-09-06,0.75
FLK.L,2019-01-17,1.0
FLK.L,2019-09-05,0.75
FLK.L,2020-01-16,1.0
FLK.L,2020-10-01,0.5
FLK.L,2022-09-29,0.5
FLK.L,2023-09-28,0.75
FLK.L,2024-09-26,2.25
FLK.L,2025-09-25,2.25
FLO.L,2014-09-24,1.67
FLO.L,2015-06-04,3.3300002
FLO.L,2015-10-01,1.75
FLO.L,2016-06-02,3.5
FLO.L,2016-09-29,1.84
FLO.L,2017-06-01,3.6699998
FLO.L,2017-09-28,1.9300001
FLO.L,2018-06-07,3.85
FLO.L,2018-09-27,2.0300002
FLO.L,2019-06-06,4.04
FLO.L,2019-10-03,2.1299999
FLO.L,2022-06-30,2.0
FLO.L,2023-06-22,2.1
FLO.L,2024-06-20,2.2
FLTR.L,2001-02-28,1.1238254
FLTR.L,2001-08-01,1.6329134
FLTR.L,2002-02-27,3.2657385
FLTR.L,2002-07-31,3.2657385
FLTR.L,2003-03-05,6.531477
FLTR.L,2003-09-10,4.130186
FLTR.L,2004-03-03,8.250879
FLTR.L,2004-09-08,5.955238
FLTR.L,2005-03-02,12.025706
FLTR.L,2005-09-07,7.4440036
FLTR.L,2006-03-08,12.333075
FLTR.L,2006-09-13,9.057668
FLTR.L,2007-03-14,21.871
FLTR.L,2007-09-12,15.368265
FLTR.L,2008-03-12,33.61808
FLTR.L,2008-09-03,17.865625
FLTR.L,2009-03-11,34.002357
FLTR.L,2009-09-02,18.730072
FLTR.L,2010-03-10,37.364166
FLTR.L,2010-09-01,24.012915
FLTR.L,2011-03-16,48.025917
FLTR.L,2011-09-07,28.815496
FLTR.L,2012-03-14,67.236244
FLTR.L,2012-09-05,37.460144
FLTR.L,2013-03-13,77.80193
FLTR.L,2013-09-04,43.22333
FLTR.L,2014-03-12,86.44658
FLTR.L,2014-09-03,48.025917
FLTR.L,2015-03-12,97.97278
FLTR.L,2015-09-03,51.86798
FLTR.L,2016-01-29,103.73588
FLTR.L,2016-02-02,15.560404
FLTR.L,2016-09-08,39.3408
FLTR.L,2017-04-06,111.1379
FLTR.L,2017-08-24,63.9289
FLTR.L,2018-04-12,132.7753
FLTR.L,2018-08-23,65.8959
FLTR.L,2019-04-11,130.8083
FLTR.L,2019-09-05,65.8959
FNTL.L,2018-09-20,0.98
FNTL.L,2019-03-14,2.05
FNTL.L,2019-09-19,1.4100001
FNTL.L,2020-03-19,2.85
FNTL.L,2021-04-08,2.85
FNTL.L,2021-09-30,1.0
FNTL.L,2022-04-28,2.0
FNTL.L,2022-09-29,1.0
FNTL.L,2023-05-18,2.25
FNTL.L,2023-09-28,1.1
FNTL.L,2024-05-23,2.35
FNTL.L,2024-09-26,1.2
FNTL.L,2025-05-22,2.45
FNTL.L,2025-09-25,1.3000001
FNX.L,2021-03-04,1.7
FNX.L,2021-11-18,3.5300002
FNX.L,2022-03-24,2.0
FNX.L,2022-11-24,4.5
FNX.L,2023-03-23,2.3600001
FNX.L,2023-11-16,4.89
FNX.L,2024-03-21,2.6000001
FNX.L,2024-11-21,5.7
FNX.L,2025-01-30,3.0
FNX.L,2025-03-27,2.8999999
FNX.L,2025-11-20,5.9
FORT.L,2016-09-29,2.0
FORT.L,2017-06-15,3.8
FORT.L,2017-09-21,3.1
FORT.L,2018-06-14,6.4
FORT.L,2018-09-20,3.3
FORT.L,2019-06-13,7.2
FORT.L,2019-09-19,4.0
FORT.L,2021-06-17,2.8000002
FORT.L,2021-09-23,3.2
FORT.L,2022-06-16,6.7000003
FORT.L,2022-09-22,4.6
FORT.L,2023-06-15,10.1
FORT.L,2023-09-21,2.4
FORT.L,2024-06-13,2.0
FORT.L,2024-09-19,1.0
FORT.L,2025-06-12,2.0
FORT.L,2025-09-18,1.9
FOUR.L,1993-05-10,10.5761
FOUR.L,1993-10-04,6.1043
FOUR.L,1994-04-11,11.1151
FOUR.L,1994-09-26,7.0122004
FOUR.L,1995-04-10,12.383201
FOUR.L,1995-10-02,7.4598
FOUR.L,1996-04-09,13.8752
FOUR.L,1996-10-21,8.230801
FOUR.L,1997-04-14,15.000001
FOUR.L,1997-10-20,8.8462
FOUR.L,1998-04-06,16.153801
FOUR.L,1998-10-26,9.4615
FOUR.L,1999-04-12,17.4615
FOUR.L,1999-05-17,200.0
FOUR.L,1999-10-18,6.45
FOUR.L,2000-04-17,12.2
FOUR.L,2000-10-16,6.45
FOUR.L,2001-04-25,12.2
FOUR.L,2001-10-17,1.0
FOUR.L,2002-05-01,1.25
FOUR.L,2002-10-16,1.0
FOUR.L,2003-04-30,1.25
FOUR.L,2003-10-15,1.0
FOUR.L,2004-04-28,3.0
FOUR.L,2004-10-13,1.75
FOUR.L,2005-03-09,3.5
FOUR.L,2005-08-17,2.5
FOUR.L,2006-03-22,4.5
FOUR.L,2006-08-09,3.25
FOUR.L,2007-03-21,6.25
FOUR.L,2007-08-08,4.0
FOUR.L,2008-03-26,8.0
FOUR.L,2008-08-13,4.25
FOUR.L,2009-03-25,8.0
FOUR.L,2009-08-12,4.25
FOUR.L,2010-03-24,8.5
FOUR.L,2010-08-11,4.7
FOUR.L,2011-03-30,9.0
FOUR.L,2011-08-10,5.0
FOUR.L,2012-04-04,9.6
FOUR.L,2012-08-08,5.25
FOUR.L,2013-04-03,10.2
FOUR.L,2013-08-07,5.6000004
FOUR.L,2014-04-09,11.4
FOUR.L,2014-08-13,6.2
FOUR.L,2015-04-09,14.25
FOUR.L,2015-08-13,7.75
FOUR.L,2016-04-07,18.82
FOUR.L,2016-08-18,12.3
FOUR.L,2017-04-06,29.519999
FOUR.L,2017-08-17,13.799999
FOUR.L,2018-03-29,71.95
FOUR.L,2018-08-09,15.85
FOUR.L,2019-04-04,37.3
FOUR.L,2019-08-08,20.52
FOUR.L,2021-08-26,10.83
FOUR.L,2022-04-28,22.99
FOUR.L,2022-08-18,33.01
FOUR.L,2023-05-04,264.61002
FOUR.L,2023-08-17,50.800003
FOUR.L,2024-05-02,116.99999
FOUR.L,2024-08-15,62.699997
FOUR.L,2025-05-01,317.0
FOUR.L,2025-08-14,60.100002
FOXT.L,2014-04-30,5.44
FOXT.L,2014-09-03,4.54
FOXT.L,2015-04-30,5.1600003
FOXT.L,2015-09-03,4.77
FOXT.L,2016-04-28,6.23
FOXT.L,2016-09-01,1.67
FOXT.L,2017-04-27,0.32999998
FOXT.L,2017-08-31,0.43
FOXT.L,2018-04-26,0.27
FOXT.L,2021-08-26,0.17999999
FOXT.L,2022-05-12,0.27
FOXT.L,2022-08-25,0.2
FOXT.L,2023-04-13,0.70000005
FOXT.L,2023-08-03,0.2
FOXT.L,2024-04-11,0.70000005
FOXT.L,2024-08-08,0.22
FOXT.L,2025-04-10,0.95
FOXT.L,2025-08-07,0.24000001
FRAN.L,2017-04-06,0.17
FRAN.L,2017-09-21,0.17
FRAN.L,2018-04-26,0.32999998
FRAN.L,2018-08-23,0.21
FRAN.L,2019-05-02,0.46
FRAN.L,2019-09-05,0.3
FRAN.L,2020-05-07,0.65000004
FRAN.L,2020-10-01,0.3
FRAN.L,2021-05-13,0.8
FRAN.L,2021-09-02,0.6
FRAN.L,2022-05-12,0.9
FRAN.L,2022-09-08,0.9
FRAN.L,2023-04-13,1.1
FRAN.L,2023-09-14,1.0
FRAN.L,2024-06-27,1.2
FRAN.L,2024-10-03,1.1
FRAN.L,2025-05-08,1.3000001
FRAN.L,2025-09-11,1.15
FRAS.L,2007-06-27,1.03
FRAS.L,2008-03-26,2.06
FRAS.L,2008-10-01,2.44
FRAS.L,2009-04-01,1.22
FRES.L,2008-08-27,2.964
FRES.L,2009-05-06,5.112
FRES.L,2009-08-26,3.2189999
FRES.L,2010-05-12,11.13
FRES.L,2010-08-18,5.9319997
FRES.L,2011-04-27,21.685999
FRES.L,2011-08-17,12.732
FRES.L,2011-12-14,26.663
FRES.L,2012-04-25,24.661
FRES.L,2012-08-15,9.819
FRES.L,2013-04-17,27.8106
FRES.L,2013-08-14,3.127
FRES.L,2013-10-30,14.062301
FRES.L,2014-04-30,4.0019
FRES.L,2014-08-13,2.9898999
FRES.L,2015-04-30,1.9746
FRES.L,2015-08-13,1.3462
FRES.L,2016-04-21,2.3103
FRES.L,2016-08-11,6.6796
FRES.L,2017-04-27,16.6409
FRES.L,2017-08-10,8.162
FRES.L,2018-04-26,21.6309
FRES.L,2018-08-09,8.3742
FRES.L,2019-04-25,12.9214
FRES.L,2019-08-08,2.1518
FRES.L,2020-04-23,9.5853
FRES.L,2020-08-06,1.7569
FRES.L,2021-04-22,16.595701
FRES.L,2021-08-12,7.1442
FRES.L,2022-04-28,19.1786
FRES.L,2022-08-11,2.8143
FRES.L,2023-04-27,10.6758
FRES.L,2023-08-10,1.1058
FRES.L,2024-04-18,3.4059
FRES.L,2024-08-08,5.0063
FRES.L,2025-04-17,51.125698
FRES.L,2025-08-14,15.3881
FRGT.L,1990-03-12,1.702
FRGT.L,1990-09-10,0.312
FRGT.L,1991-03-11,0.667
FRGT.L,1991-09-16,0.334
FRGT.L,1992-03-23,0.696
FRGT.L,1992-09-07,0.363
FRGT.L,1993-03-29,1.02
FRGT.L,1993-09-06,0.52
FRGT.L,1994-03-28,1.06
FRGT.L,1994-08-30,0.52
FRGT.L,1995-03-27,1.06
FRGT.L,1995-08-29,0.55
FRGT.L,1996-04-09,1.19
FRGT.L,1996-09-09,0.6
FRGT.L,1997-04-07,1.3399999
FRGT.L,1997-09-15,0.65000004
FRGT.L,1998-04-06,1.49
FRGT.L,1998-09-07,0.68
FRGT.L,1999-03-01,1.52
FRGT.L,1999-09-13,0.5
FRGT.L,2000-03-20,0.92
FRGT.L,2000-09-11,0.5
FRGT.L,2001-03-28,0.97
FRGT.L,2001-10-03,0.5
FRGT.L,2002-03-27,1.0
FRGT.L,2002-10-02,0.5
FRGT.L,2003-04-23,1.05
FRGT.L,2003-10-15,0.5
FRGT.L,2004-05-19,1.37
FRGT.L,2004-10-06,1.21
FRGT.L,2005-05-18,2.39
FRGT.L,2005-10-05,0.5
FRGT.L,2006-05-03,1.7
FRGT.L,2006-10-04,0.5
FRGT.L,2007-05-16,1.9
FRGT.L,2007-10-03,0.5
FRGT.L,2008-05-21,2.1
FRGT.L,2008-10-01,1.0
FRGT.L,2009-05-20,2.5
FRGT.L,2009-10-07,1.0
FRGT.L,2010-06-02,2.5
FRGT.L,2010-10-06,1.0
FRGT.L,2011-06-01,2.5
FRGT.L,2011-10-05,1.0
FRGT.L,2012-05-30,2.7
FRGT.L,2012-10-03,1.2
FRGT.L,2013-05-29,2.7
FRGT.L,2013-07-03,0.9
FRGT.L,2013-10-02,0.9
FRGT.L,2014-01-15,0.9
FRGT.L,2014-04-02,1.3000001
FRGT.L,2014-07-02,0.9
FRGT.L,2014-10-01,0.9
FRGT.L,2015-01-15,0.9
FRGT.L,2015-04-09,1.4000001
FRGT.L,2015-07-02,0.9
FRGT.L,2015-10-01,0.9
FRGT.L,2016-01-07,0.9
FRGT.L,2016-04-07,1.4499999
FRGT.L,2016-04-08,1.4499999
FRGT.L,2016-06-30,0.9
FRGT.L,2016-09-22,0.9
FRGT.L,2017-01-05,0.9
FRGT.L,2017-04-06,1.5
FRGT.L,2017-06-29,0.9
FRGT.L,2017-09-21,0.9
FRGT.L,2018-01-04,0.9
FRGT.L,2018-04-05,1.5
FRGT.L,2018-06-28,0.9
FRGT.L,2018-10-04,0.9
FRGT.L,2019-01-03,0.9
FRGT.L,2019-04-11,1.5
FRGT.L,2019-07-04,0.9
FRGT.L,2019-10-03,0.9
FRGT.L,2020-01-09,0.9
FRGT.L,2020-04-09,1.5
FRGT.L,2020-07-02,0.9
FRGT.L,2020-10-01,0.9
FRGT.L,2021-01-07,0.9
FRGT.L,2021-04-08,1.5
FRGT.L,2021-07-08,0.9
FRGT.L,2021-10-07,0.9
FRGT.L,2022-01-06,0.9
FRGT.L,2022-04-07,1.5
FRGT.L,2022-07-07,0.9
FRGT.L,2022-10-06,0.9
FRGT.L,2023-01-05,0.9
FRGT.L,2023-04-06,1.5
FRGT.L,2023-07-06,0.9
FRGT.L,2023-10-05,0.9
FRGT.L,2024-01-04,0.9
FRGT.L,2024-04-04,1.5
FRGT.L,2024-07-04,0.9
FRGT.L,2024-10-03,0.9
FRGT.L,2025-01-09,0.9
FRGT.L,2025-04-03,1.5
FRGT.L,2025-07-03,0.9
FRGT.L,2025-10-02,0.9
FRP.L,2020-10-22,0.65999997
FRP.L,2021-02-18,1.6
FRP.L,2021-05-13,0.8
FRP.L,2021-09-30,1.7
FRP.L,2021-11-25,0.8
FRP.L,2022-02-24,0.8
FRP.L,2022-05-19,0.8
FRP.L,2022-09-22,1.9
FRP.L,2022-11-24,0.85
FRP.L,2023-02-23,0.85
FRP.L,2023-05-18,0.85
FRP.L,2023-09-28,2.05
FRP.L,2023-11-23,0.9
FRP.L,2024-02-22,0.9
FRP.L,2024-05-16,0.9
FRP.L,2024-09-26,2.3
FRP.L,2024-11-21,0.95
FRP.L,2025-02-20,0.95
FRP.L,2025-05-15,0.95
FRP.L,2025-09-25,2.55
FRP.L,2025-11-20,1.0
FSFL.L,2014-08-27,3.0
FSFL.L,2015-03-12,3.0
FSFL.L,2015-06-18,1.52
FSFL.L,2015-09-17,1.52
FSFL.L,2015-12-17,1.53
FSFL.L,2016-03-10,1.53
FSFL.L,2016-06-09,1.54
FSFL.L,2016-09-15,1.54
FSFL.L,2016-12-15,1.54
FSFL.L,2017-04-06,1.55
FSFL.L,2017-08-10,1.5799999
FSFL.L,2017-11-09,1.5799999
FSFL.L,2018-02-08,1.5799999
FSFL.L,2018-05-10,1.5799999
FSFL.L,2018-08-09,1.64
FSFL.L,2018-11-08,1.64
FSFL.L,2019-02-07,1.65
FSFL.L,2019-05-09,1.65
FSFL.L,2019-07-25,1.6899999
FSFL.L,2019-10-24,1.6899999
FSFL.L,2020-01-30,1.6899999
FSFL.L,2020-04-30,1.6899999
FSFL.L,2020-07-30,1.72
FSFL.L,2020-10-29,1.73
FSFL.L,2021-02-04,1.73
FSFL.L,2021-04-29,1.73
FSFL.L,2021-07-29,1.7449999
FSFL.L,2021-10-28,1.7449999
FSFL.L,2022-01-27,1.7449999
FSFL.L,2022-04-21,1.7449999
FSFL.L,2022-07-21,1.78
FSFL.L,2022-10-27,1.78
FSFL.L,2023-01-26,1.78
FSFL.L,2023-04-20,1.78
FSFL.L,2023-07-20,1.88
FSFL.L,2023-10-19,1.895
FSFL.L,2024-01-25,1.88
FSFL.L,2024-04-25,1.895
FSFL.L,2024-07-25,2.0
FSFL.L,2024-10-24,2.0
FSFL.L,2025-01-23,2.0
FSFL.L,2025-04-24,2.0
FSFL.L,2025-07-24,2.025
FSFL.L,2025-10-30,2.025
FSG.L,2021-09-09,1.7
FSG.L,2022-03-10,4.0
FSG.L,2022-08-18,9.8
FSG.L,2023-01-12,4.6
FSG.L,2023-09-28,15.5
FSG.L,2024-01-11,6.7000003
FSG.L,2024-09-19,15.5
FSG.L,2025-01-16,7.4
FSG.L,2025-09-18,16.8
FSJ.L,1993-03-29,0.4569
FSJ.L,1995-03-27,0.9138
FSJ.L,1995-10-02,0.4569
FSJ.L,1996-03-25,1.3707
FSJ.L,1996-10-14,0.9138
FSJ.L,1997-04-01,1.75
FSJ.L,1997-10-13,1.2
FSJ.L,1998-03-30,2.0
FSJ.L,1998-10-12,1.4000001
FSJ.L,1999-03-29,2.35
FSJ.L,1999-10-11,1.54
FSJ.L,2000-04-17,2.8100002
FSJ.L,2000-10-09,1.7
FSJ.L,2001-04-11,2.95
FSJ.L,2001-10-17,1.96
FSJ.L,2002-04-17,3.25
FSJ.L,2002-10-02,2.2
FSJ.L,2003-04-16,3.74
FSJ.L,2003-10-01,2.47
FSJ.L,2004-04-14,4.3
FSJ.L,2004-09-29,2.77
FSJ.L,2005-04-13,4.95
FSJ.L,2005-10-05,3.1
FSJ.L,2006-04-19,5.69
FSJ.L,2006-10-04,3.4699998
FSJ.L,2007-04-04,6.5399995
FSJ.L,2007-10-03,3.8899999
FSJ.L,2008-04-09,7.52
FSJ.L,2008-10-08,4.36
FSJ.L,2009-04-15,8.65
FSJ.L,2009-10-07,4.8
FSJ.L,2010-04-14,8.8
FSJ.L,2010-10-06,5.04
FSJ.L,2011-04-13,9.700001
FSJ.L,2011-10-05,5.3399997
FSJ.L,2012-04-11,10.74
FSJ.L,2012-10-03,5.87
FSJ.L,2013-04-10,11.83
FSJ.L,2013-10-02,6.46
FSJ.L,2014-04-09,13.54
FSJ.L,2014-10-01,7.1000004
FSJ.L,2015-04-09,14.900001
FSJ.L,2015-10-01,7.8
FSJ.L,2016-04-07,16.0
FSJ.L,2016-10-06,8.55
FSJ.L,2017-04-06,17.6
FSJ.L,2017-10-05,9.4
FSJ.L,2018-04-05,19.300001
FSJ.L,2018-10-04,10.3
FSJ.L,2019-04-04,21.3
FSJ.L,2019-10-03,11.3
FSJ.L,2020-10-01,8.0
FSTA.L,1992-12-14,0.96000004
FSTA.L,1993-07-19,2.0
FSTA.L,1994-01-04,1.008
FSTA.L,1994-07-18,2.1
FSTA.L,1994-12-19,1.06
FSTA.L,1995-07-17,2.292
FSTA.L,1995-12-27,1.1680001
FSTA.L,1996-07-15,2.52
FSTA.L,1996-12-30,1.24
FSTA.L,1997-06-23,2.772
FSTA.L,1997-12-15,1.4399999
FSTA.L,1998-06-22,3.1
FSTA.L,1998-12-14,1.528
FSTA.L,1999-06-21,3.44
FSTA.L,1999-12-13,1.62
FSTA.L,2000-06-19,3.7439997
FSTA.L,2000-12-11,1.752
FSTA.L,2001-06-20,4.0
FSTA.L,2001-12-12,1.788
FSTA.L,2002-06-26,4.28
FSTA.L,2002-12-11,1.9
FSTA.L,2003-06-18,4.5480003
FSTA.L,2003-12-10,2.04
FSTA.L,2004-06-09,4.8840003
FSTA.L,2004-12-08,2.144
FSTA.L,2005-06-29,5.2400002
FSTA.L,2005-12-07,2.252
FSTA.L,2006-06-28,5.6480002
FSTA.L,2006-12-06,2.588
FSTA.L,2007-06-27,6.5
FSTA.L,2007-12-12,2.8000002
FSTA.L,2008-06-25,6.8999996
FSTA.L,2008-12-10,2.85
FSTA.L,2009-06-24,7.0
FSTA.L,2009-12-09,4.5
FSTA.L,2010-02-10,5.35
FSTA.L,2010-06-30,1.15
FSTA.L,2010-12-15,4.75
FSTA.L,2011-06-29,7.05
FSTA.L,2011-12-07,5.05
FSTA.L,2012-06-20,7.6
FSTA.L,2012-12-05,5.35
FSTA.L,2013-06-26,8.349999
FSTA.L,2013-12-04,5.7999997
FSTA.L,2014-06-25,9.3
FSTA.L,2014-12-04,6.4
FSTA.L,2015-06-25,10.2
FSTA.L,2015-12-03,6.8999996
FSTA.L,2016-06-23,11.0
FSTA.L,2016-12-01,7.25
FSTA.L,2017-06-22,11.55
FSTA.L,2017-12-07,7.5499997
FSTA.L,2018-06-21,12.0
FSTA.L,2018-12-06,7.8
FSTA.L,2019-06-13,8.0
FSTA.L,2019-08-01,4.35
FSTA.L,2019-10-02,125.0
FSTA.L,2019-12-19,7.8
FSTA.L,2021-12-16,3.9
FSTA.L,2022-07-07,7.4100003
FSTA.L,2022-12-15,4.68
FSTA.L,2023-06-22,10.0
FSTA.L,2023-12-14,6.6299996
FSTA.L,2024-07-04,11.12
FSTA.L,2024-12-12,7.4100003
FSTA.L,2025-07-03,12.349999
FSTA.L,2025-12-11,7.8500004
FSV.L,1995-10-30,0.3
FSV.L,1997-11-10,0.264
FSV.L,1998-11-09,0.35999998
FSV.L,1999-03-01,0.2
FSV.L,1999-11-15,0.46
FSV.L,2000-11-13,0.46
FSV.L,2001-11-14,0.5
FSV.L,2002-11-06,0.28
FSV.L,2003-11-05,0.2
FSV.L,2004-11-03,0.28
FSV.L,2005-11-16,0.55
FSV.L,2006-11-15,0.75
FSV.L,2007-11-14,1.5
FSV.L,2008-11-12,3.4
FSV.L,2009-11-11,1.8
FSV.L,2010-11-17,2.1
FSV.L,2011-11-16,2.25
FSV.L,2012-11-14,2.6000001
FSV.L,2013-11-13,3.25
FSV.L,2014-11-13,3.3
FSV.L,2015-04-30,1.0
FSV.L,2015-11-19,2.35
FSV.L,2016-05-12,1.0
FSV.L,2016-11-17,2.7
FSV.L,2017-05-18,1.8
FSV.L,2017-12-07,2.8000002
FSV.L,2018-05-10,1.85
FSV.L,2018-12-06,3.15
FSV.L,2019-05-16,2.1
FSV.L,2019-12-05,5.15
FSV.L,2020-05-14,2.1
FSV.L,2020-12-03,3.7
FSV.L,2021-05-13,2.17
FSV.L,2021-12-02,4.5
FSV.L,2022-05-12,2.3
FSV.L,2022-12-01,5.45
FSV.L,2023-05-11,2.53
FSV.L,2023-11-30,6.2700005
FSV.L,2024-05-09,3.24
FSV.L,2024-11-28,6.3
FSV.L,2025-05-08,3.36
FSV.L,2025-11-27,6.84
FTC.L,1995-08-14,87.2181
FTC.L,1996-02-05,87.2181
FTC.L,1996-08-12,29.072699
FTC.L,1997-02-24,29.072699
FTC.L,1997-08-18,116.290794
FTC.L,1998-02-23,75.589005
FTC.L,1998-08-24,156.9926
FTC.L,1999-03-01,104.661705
FTC.L,1999-08-23,209.3235
FTC.L,2000-02-28,108.4337
FTC.L,2000-08-21,216.8675
FTC.L,2001-02-28,108.4337
FTC.L,2001-08-15,216.8675
FTC.L,2002-02-27,108.4337
FTC.L,2002-08-14,216.8675
FTC.L,2003-02-26,108.4337
FTC.L,2003-08-13,216.8675
FTC.L,2004-02-25,108.4337
FTC.L,2004-08-11,216.8675
FTC.L,2005-02-23,108.4337
FTC.L,2005-09-21,216.8675
FTC.L,2006-02-22,108.4337
FTC.L,2006-09-27,216.8675
FTC.L,2008-05-21,120.00001
FTC.L,2008-10-29,40.0
FTC.L,2009-10-28,1.0
FTC.L,2010-10-06,1.0
FTF.L,1998-11-09,4.2
FTF.L,1999-03-08,4.8
FTF.L,1999-11-15,3.0
FTF.L,2000-06-12,3.9
FTF.L,2000-10-30,41.7
FTF.L,2005-12-14,5.0
FTF.L,2006-12-06,2.5
FTF.L,2007-12-19,5.0
FTF.L,2008-12-10,5.0
FTF.L,2009-12-09,5.0
FTF.L,2011-01-26,5.0
FTF.L,2012-02-08,5.0
FTF.L,2013-04-10,4.0
FTF.L,2015-12-03,4.0
FTF.L,2017-06-29,4.0
FTF.L,2018-10-04,4.0
FTF.L,2019-07-25,4.0
FTF.L,2020-08-13,2.8000002
FTF.L,2021-06-03,4.2
FTF.L,2022-06-16,3.5
FTF.L,2022-12-15,3.8
FTF.L,2023-06-15,3.3
FTF.L,2024-01-04,5.0
FTF.L,2024-06-27,3.3
FTF.L,2024-10-31,7.1000004
FTF.L,2025-05-01,3.1
FTF.L,2025-07-03,2.8000002
FTV.L,1999-01-11,2.8999999
FTV.L,1999-07-19,1.0
FTV.L,2000-03-10,100.0
FTV.L,2001-07-04,2.0
FTV.L,2002-01-02,2.5
FTV.L,2002-05-15,1.0
FTV.L,2003-01-15,0.75
FTV.L,2003-04-09,0.5
FTV.L,2003-09-03,0.75
FTV.L,2004-04-28,0.5
FTV.L,2004-06-09,52.0
FTV.L,2005-03-16,0.5
FTV.L,2006-04-12,0.5
FTV.L,2007-01-08,2.0
FTV.L,2008-02-27,5.0
FTV.L,2009-05-13,1.0
FTV.L,2011-06-01,5.0
FTV.L,2012-03-07,7.5000005
FTV.L,2013-05-29,5.0
FTV.L,2014-02-26,10.0
FTV.L,2015-02-26,6.0
FTV.L,2016-03-17,7.0
FTV.L,2017-03-16,5.0
FTV.L,2017-09-14,4.0
FTV.L,2018-04-19,5.0
FTV.L,2019-04-11,5.0
FTV.L,2020-06-04,3.3
FTV.L,2021-06-10,3.7
FTV.L,2022-06-09,4.5
FTV.L,2022-10-06,4.0
FTV.L,2023-06-15,4.4
FTV.L,2023-08-03,4.0
FTV.L,2024-06-13,11.4
FTV.L,2025-04-17,6.4
FTV.L,2025-06-12,4.1
FUTR.L,2004-04-21,15.950399
FUTR.L,2004-12-29,19.1405
FUTR.L,2005-06-22,6.3801994
FUTR.L,2005-12-28,16.5884
FUTR.L,2006-06-14,6.3801994
FUTR.L,2006-12-27,6.3801994
FUTR.L,2007-06-20,6.3801994
FUTR.L,2008-01-02,7.6562004
FUTR.L,2008-06-04,6.3801994
FUTR.L,2009-01-07,7.6562004
FUTR.L,2009-05-27,5.1040998
FUTR.L,2010-03-10,6.3801994
FUTR.L,2010-08-18,6.3801994
FUTR.L,2011-02-16,7.6562004
FUTR.L,2011-08-17,6.3801994
FUTR.L,2014-02-12,2.5521002
FUTR.L,2019-01-17,0.5
FUTR.L,2020-01-16,1.0
FUTR.L,2021-01-14,1.6
FUTR.L,2022-01-13,2.8000002
FUTR.L,2023-01-19,3.4
FUTR.L,2024-01-18,3.4
FUTR.L,2025-01-16,3.4
FVA.L,1993-01-04,0.29
FVA.L,1993-06-21,0.1
FVA.L,1994-01-04,0.32999998
FVA.L,1994-06-06,0.120000005
FVA.L,1994-12-19,0.5
FVA.L,1995-05-15,0.2
FVA.L,1996-01-08,0.65000004
FVA.L,1996-05-13,0.25
FVA.L,1997-01-06,0.8
FVA.L,1997-05-12,0.3
FVA.L,1997-12-22,0.85
FVA.L,1998-05-11,0.3
FVA.L,1998-12-21,0.2
FVA.L,1999-05-10,0.3
FVA.L,1999-12-20,0.5
FVA.L,2000-05-15,0.3
FVA.L,2000-12-27,0.6
FVA.L,2001-05-16,0.3
FVA.L,2001-12-19,0.5
FVA.L,2002-05-08,0.3
FVA.L,2002-12-18,0.65000004
FVA.L,2003-04-23,0.4
FVA.L,2003-12-17,0.75
FVA.L,2004-04-28,0.45
FVA.L,2004-12-15,0.9
FVA.L,2005-04-27,0.5
FVA.L,2005-12-14,1.1
FVA.L,2006-05-03,0.55
FVA.L,2006-12-13,1.25
FVA.L,2007-05-02,0.55
FVA.L,2007-12-12,1.35
FVA.L,2008-04-16,0.6
FVA.L,2008-12-17,1.7
FVA.L,2009-04-15,0.6
FVA.L,2009-12-16,1.7
FVA.L,2010-04-21,0.6
FVA.L,2010-09-08,0.6
FVA.L,2010-12-22,1.2
FVA.L,2011-04-20,0.65000004
FVA.L,2011-09-14,0.65000004
FVA.L,2011-12-21,1.3000001
FVA.L,2012-05-02,0.72499996
FVA.L,2012-09-12,0.72499996
FVA.L,2012-12-19,1.4499999
FVA.L,2013-04-24,0.775
FVA.L,2013-09-18,0.775
FVA.L,2013-12-18,1.65
FVA.L,2014-04-23,0.85
FVA.L,2014-09-17,0.85
FVA.L,2014-12-18,1.7
FVA.L,2015-04-23,0.925
FVA.L,2015-09-17,0.925
FVA.L,2015-12-17,1.85
FVA.L,2016-04-21,0.95
FVA.L,2016-09-15,18.49
FVA.L,2016-12-15,1.9
FVA.L,2017-04-20,0.95
FVA.L,2017-09-14,0.95
FVA.L,2017-12-14,2.1
FVA.L,2018-04-26,1.075
FVA.L,2018-08-23,1.075
FVA.L,2018-11-29,2.35
FVA.L,2019-04-25,1.125
FVA.L,2019-08-29,1.125
FVA.L,2019-11-28,2.5
FVA.L,2020-08-27,2.25
FVA.L,2020-12-03,2.5
FVA.L,2021-04-29,1.175
FVA.L,2021-08-26,1.175
FVA.L,2021-12-16,2.6499999
FVA.L,2022-04-28,1.175
FVA.L,2022-08-25,1.175
FVA.L,2023-04-13,2.85
FVA.L,2023-05-11,1.175
FVA.L,2023-08-24,1.175
FVA.L,2024-01-25,2.85
FVA.L,2024-05-02,2.35
FVA.L,2025-01-23,2.85
FVA.L,2025-05-15,1.2
FVEN.L,1996-12-09,2.5245
FVEN.L,1997-06-30,2.5245
FVEN.L,1997-12-08,2.5245
FVEN.L,1998-06-08,2.5245
FVEN.L,1998-12-14,2.5245
FVEN.L,1999-03-22,2.5245
FVEN.L,1999-12-06,2.244
FVEN.L,2000-07-17,2.244
FVEN.L,2000-12-27,1.0519
FVEN.L,2001-04-11,1.4025
FVEN.L,2002-05-29,0.49089998
FVEN.L,2007-02-28,2.805
FVEN.L,2011-02-23,3.5063
FVEN.L,2011-08-31,3.5063
FVEN.L,2012-02-29,3.5063
FVEN.L,2012-08-29,3.5063
FVEN.L,2013-02-27,3.5063
FVEN.L,2013-09-04,3.5063
FVEN.L,2014-02-19,2.0
FVEN.L,2014-08-27,2.0
FVEN.L,2015-01-29,2.0
FVEN.L,2015-07-16,3.0
FVEN.L,2016-02-04,3.0
FVEN.L,2016-07-21,3.0
FVEN.L,2017-02-02,3.0
FVEN.L,2017-07-20,4.5
FVEN.L,2018-02-01,3.0
FVEN.L,2018-08-02,3.0
FVEN.L,2019-01-31,3.0
FVEN.L,2019-08-08,2.0
FVEN.L,2020-02-06,2.0
FVEN.L,2020-08-27,2.0
FVEN.L,2021-02-04,1.25
FVEN.L,2021-07-29,1.25
FVEN.L,2022-02-03,1.25
FVEN.L,2022-07-28,1.75
FVEN.L,2022-12-15,1.5
FVEN.L,2023-08-10,1.0
FVEN.L,2023-12-28,1.0
FVEN.L,2024-07-04,1.1
FVEN.L,2025-02-27,2.0
FVEN.L,2025-10-02,1.8
FXPO.L,2008-04-16,1.594
FXPO.L,2008-09-03,1.6070001
FXPO.L,2009-04-15,2.263
FXPO.L,2009-11-11,2.005
FXPO.L,2010-04-28,2.041
FXPO.L,2010-08-11,2.221768
FXPO.L,2011-04-27,2.108
FXPO.L,2011-08-10,2.055
FXPO.L,2012-05-02,1.89
FXPO.L,2012-08-29,2.104
FXPO.L,2013-03-20,4.0592
FXPO.L,2013-05-01,2.0296
FXPO.L,2013-08-14,1.264
FXPO.L,2014-03-19,4.937262
FXPO.L,2014-04-30,2.468631
FXPO.L,2014-08-13,2.468631
FXPO.L,2015-03-19,4.937262
FXPO.L,2015-04-30,2.468631
FXPO.L,2015-08-13,2.116
FXPO.L,2017-03-30,2.468631
FXPO.L,2017-05-04,2.468631
FXPO.L,2017-08-10,2.468631
FXPO.L,2017-12-14,2.468631
FXPO.L,2018-03-29,4.724
FXPO.L,2018-05-31,2.362
FXPO.L,2018-08-23,2.519
FXPO.L,2018-12-13,5.179
FXPO.L,2019-05-02,4.937262
FXPO.L,2019-06-13,4.937262
FXPO.L,2019-08-15,4.937262
FXPO.L,2020-01-09,4.937262
FXPO.L,2020-04-30,2.468631
FXPO.L,2020-06-04,2.468631
FXPO.L,2020-06-18,4.937262
FXPO.L,2020-08-13,4.937262
FXPO.L,2020-09-24,4.937262
FXPO.L,2021-01-14,9.874524
FXPO.L,2021-03-25,29.623571
FXPO.L,2021-06-17,9.874524
FXPO.L,2021-08-12,29.623571
FXPO.L,2022-01-06,4.937262
FXPO.L,2022-06-09,9.874524
FXPO.L,2022-06-16,4.937262
GABI.L,2016-04-28,1.3199999
GABI.L,2016-07-28,1.5
GABI.L,2016-10-27,1.5
GABI.L,2017-01-26,1.5
GABI.L,2017-05-04,1.5
GABI.L,2017-08-03,1.5
GABI.L,2017-10-26,1.525
GABI.L,2018-01-25,1.525
GABI.L,2018-05-03,1.525
GABI.L,2018-08-02,1.7750001
GABI.L,2018-11-01,1.525
GABI.L,2019-01-31,1.525
GABI.L,2019-05-02,1.55
GABI.L,2019-08-01,1.55
GABI.L,2019-10-31,1.8
GABI.L,2020-01-30,1.55
GABI.L,2020-05-07,1.55
GABI.L,2020-07-30,1.55
GABI.L,2020-10-29,1.55
GABI.L,2020-12-03,0.25
GABI.L,2021-02-04,1.575
GABI.L,2021-05-13,1.575
GABI.L,2021-07-29,1.575
GABI.L,2021-11-11,1.575
GABI.L,2022-02-03,1.575
GABI.L,2022-05-12,1.5813
GABI.L,2022-08-04,1.5813
GABI.L,2022-11-10,1.5813
GABI.L,2023-02-02,1.5813
GABI.L,2023-05-11,1.5813
GABI.L,2023-07-27,1.5813
GABI.L,2023-11-16,1.5813
GABI.L,2024-02-15,1.5813
GABI.L,2024-05-02,1.5813
GABI.L,2024-08-08,1.5813
GABI.L,2024-11-14,1.5813
GABI.L,2025-02-20,1.5813
GABI.L,2025-05-15,1.5813
GABI.L,2025-07-31,1.5813
GABI.L,2025-12-04,1.5813
GAMA.L,2015-06-04,3.9500003
GAMA.L,2015-09-24,2.2
GAMA.L,2016-06-02,4.4
GAMA.L,2016-09-22,2.5
GAMA.L,2017-06-01,5.0
GAMA.L,2017-09-21,2.8000002
GAMA.L,2018-05-31,5.6000004
GAMA.L,2018-09-20,3.1
GAMA.L,2019-05-30,6.2
GAMA.L,2019-09-26,3.5
GAMA.L,2020-05-28,7.0
GAMA.L,2020-09-24,3.9
GAMA.L,2021-06-03,7.8
GAMA.L,2021-09-23,4.4
GAMA.L,2022-06-01,8.8
GAMA.L,2022-09-22,5.0
GAMA.L,2023-06-01,10.0
GAMA.L,2023-09-21,5.7
GAMA.L,2024-05-30,11.4
GAMA.L,2024-09-19,6.5
GAMA.L,2025-05-29,13.0
GAMA.L,2025-09-18,7.4
GATC.L,2007-06-06,4.4
GATC.L,2007-11-07,9.3
GATC.L,2008-06-04,5.0
GATC.L,2008-11-05,10.599999
GATC.L,2009-06-03,5.0
GATC.L,2009-11-04,10.599999
GATC.L,2010-06-02,5.0
GATC.L,2010-11-03,10.599999
GATC.L,2011-06-01,5.0
GATC.L,2011-11-02,10.599999
GATC.L,2012-05-30,5.0
GATC.L,2012-11-07,10.599999
GATC.L,2013-05-29,5.15
GATC.L,2013-11-06,12.85
GATC.L,2014-05-28,5.41
GATC.L,2014-11-06,14.589999
GATC.L,2015-05-28,5.68
GATC.L,2015-11-12,16.32
GATC.L,2016-05-26,6.0
GATC.L,2016-11-17,17.0
GATC.L,2017-05-25,6.0
GATC.L,2017-12-21,17.0
GATC.L,2018-05-24,3.0
GATC.L,2021-11-11,1.5
GATC.L,2023-11-02,5.0
GATC.L,2024-10-31,2.5
GATC.L,2025-04-10,1.0
GATC.L,2025-10-30,2.0
GAW.L,1995-03-13,1.5
GAW.L,1995-09-25,3.7
GAW.L,1996-03-25,2.0
GAW.L,1996-09-23,4.8
GAW.L,1997-03-24,2.6000001
GAW.L,1997-09-29,5.7999997
GAW.L,1998-03-30,3.3
GAW.L,1998-09-04,5.7
GAW.L,1999-03-29,3.56
GAW.L,1999-10-04,6.14
GAW.L,2000-03-27,3.7700002
GAW.L,2000-10-09,6.14
GAW.L,2001-03-28,3.7700002
GAW.L,2001-10-10,6.77
GAW.L,2002-03-27,4.1499996
GAW.L,2002-10-09,8.85
GAW.L,2003-03-26,4.5
GAW.L,2003-10-08,12.5
GAW.L,2004-03-24,4.73
GAW.L,2004-10-06,14.030001
GAW.L,2005-03-23,4.95
GAW.L,2005-10-05,14.030001
GAW.L,2006-03-15,4.95
GAW.L,2006-10-04,14.030001
GAW.L,2007-03-14,4.95
GAW.L,2010-09-29,25.0
GAW.L,2011-04-20,20.0
GAW.L,2011-09-21,18.0
GAW.L,2012-01-18,29.0
GAW.L,2012-05-23,16.0
GAW.L,2012-11-28,18.0
GAW.L,2013-03-06,24.0
GAW.L,2013-05-29,16.0
GAW.L,2014-06-11,20.0
GAW.L,2014-10-30,16.0
GAW.L,2015-02-19,16.0
GAW.L,2015-08-06,20.0
GAW.L,2016-04-28,20.0
GAW.L,2016-10-27,25.0
GAW.L,2017-01-26,30.000002
GAW.L,2017-04-27,25.0
GAW.L,2017-06-22,20.0
GAW.L,2017-09-21,35.0
GAW.L,2017-12-21,30.000002
GAW.L,2018-02-15,35.0
GAW.L,2018-06-21,30.000002
GAW.L,2018-09-27,35.0
GAW.L,2018-12-20,30.000002
GAW.L,2019-01-24,25.0
GAW.L,2019-04-25,35.0
GAW.L,2019-08-08,30.000002
GAW.L,2019-09-26,35.0
GAW.L,2019-11-28,35.0
GAW.L,2020-01-23,45.0
GAW.L,2020-08-13,30.000002
GAW.L,2020-09-17,50.0
GAW.L,2020-12-17,60.000004
GAW.L,2021-03-25,45.0
GAW.L,2021-05-27,50.0
GAW.L,2021-08-05,40.0
GAW.L,2021-09-30,25.0
GAW.L,2021-11-25,35.0
GAW.L,2022-01-20,65.0
GAW.L,2022-03-31,70.0
GAW.L,2022-08-04,90.0
GAW.L,2022-09-29,30.000002
GAW.L,2022-10-20,45.0
GAW.L,2023-01-19,130.0
GAW.L,2023-04-06,120.00001
GAW.L,2023-08-03,145.0
GAW.L,2023-09-28,50.0
GAW.L,2024-01-18,120.00001
GAW.L,2024-04-04,104.99999
GAW.L,2024-08-08,100.0
GAW.L,2024-10-24,85.0
GAW.L,2025-01-09,80.0
GAW.L,2025-01-23,155.0
GAW.L,2025-03-27,100.0
GAW.L,2025-07-10,85.0
GAW.L,2025-08-28,55.0
GAW.L,2025-10-16,85.0
GBG.L,2003-07-09,0.5
GBG.L,2004-06-30,0.5
GBG.L,2005-06-29,0.5
GBG.L,2006-07-05,0.75
GBG.L,2007-07-04,0.75
GBG.L,2008-07-09,1.0
GBG.L,2009-07-15,1.15
GBG.L,2010-07-14,1.2
GBG.L,2011-07-13,1.275
GBG.L,2012-07-11,1.375
GBG.L,2013-07-19,1.5
GBG.L,2014-07-23,1.65
GBG.L,2015-07-23,1.85
GBG.L,2016-07-21,2.08
GBG.L,2017-07-20,2.35
GBG.L,2018-07-19,2.6499999
GBG.L,2019-07-18,2.99
GBG.L,2020-12-17,3.0
GBG.L,2021-06-24,3.4
GBG.L,2022-06-23,3.81
GBG.L,2023-06-22,4.0
GBG.L,2024-06-20,4.2
GBG.L,2025-06-19,4.4
GCP.L,2010-12-01,2.1149
GCP.L,2011-06-01,2.2624002
GCP.L,2011-09-22,3.4428
GCP.L,2011-11-23,2.6559
GCP.L,2012-05-23,3.7
GCP.L,2012-11-28,3.8
GCP.L,2013-05-29,3.8
GCP.L,2013-11-27,3.8
GCP.L,2014-01-22,1.9
GCP.L,2014-04-23,1.9
GCP.L,2014-07-23,1.9
GCP.L,2014-10-23,1.9
GCP.L,2015-01-22,1.9
GCP.L,2015-04-16,1.9
GCP.L,2015-07-23,1.9
GCP.L,2015-10-22,1.9
GCP.L,2016-01-21,1.9
GCP.L,2016-04-21,1.9
GCP.L,2016-07-21,1.9
GCP.L,2016-10-20,1.9
GCP.L,2017-01-26,1.9
GCP.L,2017-04-27,1.9
GCP.L,2017-08-10,1.9
GCP.L,2017-10-26,1.9
GCP.L,2018-01-25,1.9
GCP.L,2018-05-03,1.9
GCP.L,2018-07-26,1.9
GCP.L,2018-11-01,1.9
GCP.L,2019-01-31,1.9
GCP.L,2019-05-02,1.9
GCP.L,2019-07-25,1.9
GCP.L,2019-10-24,1.9
GCP.L,2020-02-06,1.9
GCP.L,2020-05-07,1.9
GCP.L,2020-07-30,1.9
GCP.L,2020-11-05,1.9
GCP.L,2021-02-04,1.75
GCP.L,2021-05-06,1.75
GCP.L,2021-08-05,1.75
GCP.L,2021-11-04,1.75
GCP.L,2022-02-03,1.75
GCP.L,2022-05-05,1.75
GCP.L,2022-08-04,1.75
GCP.L,2022-11-03,1.75
GCP.L,2023-02-09,1.75
GCP.L,2023-05-11,1.75
GCP.L,2023-08-10,1.75
GCP.L,2023-11-09,1.75
GCP.L,2024-02-08,1.75
GCP.L,2024-05-02,1.75
GCP.L,2024-08-08,1.75
GCP.L,2024-10-31,1.75
GCP.L,2025-02-06,1.75
GCP.L,2025-05-08,1.75
GCP.L,2025-08-07,1.75
GCP.L,2025-11-13,1.75
GDWN.L,1993-10-04,0.65999997
GDWN.L,1994-10-03,0.65999997
GDWN.L,1995-10-02,0.65999997
GDWN.L,1996-10-07,17.94
GDWN.L,1997-10-06,2.94
GDWN.L,1998-10-05,2.94
GDWN.L,1999-10-04,2.94
GDWN.L,2000-10-09,1.47
GDWN.L,2001-10-03,4.17
GDWN.L,2002-10-09,5.55
GDWN.L,2003-10-01,10.42
GDWN.L,2004-10-06,11.81
GDWN.L,2005-10-05,13.889999
GDWN.L,2006-10-04,15.28
GDWN.L,2007-10-10,18.4
GDWN.L,2008-10-08,23.004
GDWN.L,2009-09-16,55.557
GDWN.L,2010-09-15,27.777
GDWN.L,2011-09-14,29.166
GDWN.L,2012-09-12,32.082
GDWN.L,2013-09-11,52.944
GDWN.L,2014-09-10,42.348
GDWN.L,2015-09-10,42.348
GDWN.L,2016-09-08,42.348
GDWN.L,2017-09-07,42.348
GDWN.L,2018-09-06,83.473
GDWN.L,2019-09-05,96.21001
GDWN.L,2020-09-10,81.71
GDWN.L,2021-09-16,102.240005
GDWN.L,2022-09-15,53.899998
GDWN.L,2023-03-23,53.899998
GDWN.L,2023-09-14,57.5
GDWN.L,2024-03-21,57.5
GDWN.L,2024-09-12,66.5
GDWN.L,2025-03-20,66.5
GDWN.L,2025-09-11,140.0
GDWN.L,2025-11-06,532.0
GEM.L,2022-04-21,1.2949001
GEM.L,2022-10-20,1.1188
GEM.L,2023-04-27,2.2898
GEM.L,2024-06-06,0.671
GEMD.L,2015-05-07,3.7403
GEMD.L,2016-05-12,6.35851
GEMD.L,2021-05-13,1.87015
GEMD.L,2022-05-19,2.019762
GEN.L,2014-08-27,1.5
GEN.L,2015-05-07,3.0
GEN.L,2015-08-27,2.3
GEN.L,2016-04-28,5.5
GEN.L,2016-08-25,3.1
GEN.L,2017-04-27,7.0
GEN.L,2017-08-24,3.6
GEN.L,2018-04-19,7.5000005
GEN.L,2018-08-30,3.7
GEN.L,2019-04-18,7.9000006
GEN.L,2019-08-29,4.0
GEN.L,2021-04-22,4.8
GEN.L,2021-09-02,4.0
GEN.L,2022-04-21,8.2
GEN.L,2022-09-01,4.1
GEN.L,2023-04-20,8.2
GEN.L,2023-08-31,4.1
GEN.L,2024-05-02,8.299999
GEN.L,2024-08-29,4.1
GEN.L,2025-05-01,8.4
GEN.L,2025-08-28,4.2
GENL.L,2019-05-23,7.8589997
GENL.L,2019-12-12,3.753
GENL.L,2020-05-28,8.124
GENL.L,2020-11-12,3.7925
GENL.L,2021-05-13,7.096
GENL.L,2021-11-11,4.4700003
GENL.L,2022-04-14,9.226
GENL.L,2022-09-15,5.2638
GENL.L,2023-04-20,9.6588
GFM.L,2008-05-07,1.494
GFRD.L,1993-03-15,3.2793
GFRD.L,1993-10-18,3.2793
GFRD.L,1994-03-14,3.2793
GFRD.L,1994-10-17,3.2793
GFRD.L,1995-03-13,3.2793
GFRD.L,1995-10-16,3.2793
GFRD.L,1996-03-18,3.2793
GFRD.L,1996-10-14,3.2793
GFRD.L,1997-03-17,3.2793
GFRD.L,1997-10-13,3.6072001
GFRD.L,1998-03-16,3.2926998
GFRD.L,1998-10-19,3.9513
GFRD.L,1999-03-08,3.2926998
GFRD.L,1999-09-13,4.6098003
GFRD.L,2000-03-06,3.2926998
GFRD.L,2000-08-29,5.2684
GFRD.L,2001-03-21,3.2926998
GFRD.L,2001-10-03,5.9269
GFRD.L,2002-03-13,3.2926998
GFRD.L,2002-10-09,6.5855
GFRD.L,2003-03-19,3.2926998
GFRD.L,2003-10-08,6.5855
GFRD.L,2004-03-24,3.622
GFRD.L,2004-10-06,7.5733
GFRD.L,2005-03-16,3.9513
GFRD.L,2005-10-05,9.878201
GFRD.L,2006-03-15,4.6098003
GFRD.L,2006-10-04,11.8539
GFRD.L,2007-02-28,5.2684
GFRD.L,2007-10-17,14.488
GFRD.L,2008-03-12,5.9269
GFRD.L,2008-10-15,13.829499
GFRD.L,2009-03-11,2.9635
GFRD.L,2009-09-16,6.9147
GFRD.L,2010-03-03,2.9689999
GFRD.L,2010-10-06,8.2773
GFRD.L,2011-03-16,4.0487
GFRD.L,2011-10-05,10.346701
GFRD.L,2012-03-21,8.9971
GFRD.L,2012-10-03,18.8939
GFRD.L,2013-03-20,10.7965
GFRD.L,2013-10-16,22.4928
GFRD.L,2014-03-19,13.4957
GFRD.L,2014-10-16,34.189
GFRD.L,2015-03-19,19.7936
GFRD.L,2015-10-22,41.3867
GFRD.L,2016-03-24,23.3925
GFRD.L,2016-10-27,50.3838
GFRD.L,2017-03-23,28.7907
GFRD.L,2017-10-26,57.5815
GFRD.L,2018-03-15,25.1919
GFRD.L,2018-11-08,49.0
GFRD.L,2019-03-14,23.0
GFRD.L,2019-11-07,35.0
GFRD.L,2021-03-11,1.2
GFRD.L,2021-11-11,3.5
GFRD.L,2022-03-10,2.2
GFRD.L,2022-11-10,5.7999997
GFRD.L,2023-03-16,3.0
GFRD.L,2023-10-05,12.0
GFRD.L,2023-11-09,7.5000005
GFRD.L,2024-03-14,4.0
GFRD.L,2024-11-07,11.5
GFRD.L,2025-03-13,5.5
GFRD.L,2025-11-06,13.500001
GFTU.L,2010-03-10,2.19755
GFTU.L,2010-09-08,1.977795
GFTU.L,2011-03-09,3.95559
GFTU.L,2011-09-07,2.417305
GFTU.L,2012-03-14,4.175345
GFTU.L,2012-09-05,2.63706
GFTU.L,2013-03-13,4.83461
GFTU.L,2013-09-04,3.07657
GFTU.L,2014-03-12,5.5
GFTU.L,2014-09-03,3.7500002
GFTU.L,2015-03-19,7.0
GFTU.L,2015-09-10,4.5
GFTU.L,2016-03-17,8.0
GFTU.L,2016-09-08,4.75
GFTU.L,2017-03-16,9.0
GFTU.L,2017-09-07,5.25
GFTU.L,2018-03-08,10.25
GFTU.L,2018-08-30,6.0
GFTU.L,2019-03-07,12.0
GFTU.L,2019-09-26,6.5
GFTU.L,2021-01-28,12.5
GFTU.L,2021-04-08,14.5
GFTU.L,2021-09-02,8.5
GFTU.L,2022-04-07,22.0
GFTU.L,2022-09-08,9.25
GFTU.L,2023-04-13,23.75
GFTU.L,2023-09-21,10.0
GFTU.L,2024-04-11,26.0
GFTU.L,2024-09-12,10.5
GFTU.L,2025-04-17,26.499998
GFTU.L,2025-09-11,10.75
GHH.L,1998-06-15,0.5
GHH.L,1999-02-01,1.2
GHH.L,1999-06-21,0.6
GHH.L,2000-01-31,1.3000001
GHH.L,2000-06-26,0.75
GHH.L,2000-12-27,1.55
GHH.L,2001-06-20,0.9
GHH.L,2002-01-02,1.9
GHH.L,2002-06-26,1.0
GHH.L,2002-12-27,2.0
GHH.L,2003-06-25,1.1
GHH.L,2003-12-10,2.0
GHH.L,2004-06-30,1.2
GHH.L,2004-12-22,2.4
GHH.L,2005-06-15,1.3000001
GHH.L,2005-12-14,2.6000001
GHH.L,2006-06-14,1.4000001
GHH.L,2006-12-06,2.8000002
GHH.L,2007-06-13,1.5
GHH.L,2007-12-05,3.0
GHH.L,2008-06-25,1.5
GHH.L,2008-12-03,3.0
GHH.L,2011-01-12,2.0
GHH.L,2011-06-15,2.0
GHH.L,2012-01-25,3.0
GHH.L,2012-06-20,2.0
GHH.L,2013-01-23,3.2
GHH.L,2013-06-19,2.3
GHH.L,2014-02-05,4.0
GHH.L,2014-06-25,2.6000001
GHH.L,2014-12-18,4.6
GHH.L,2015-06-25,3.0
GHH.L,2015-12-17,5.2000003
GHH.L,2016-06-23,3.3
GHH.L,2016-12-15,5.7
GHH.L,2017-06-22,3.7
GHH.L,2018-01-25,6.5
GHH.L,2018-06-21,4.2
GHH.L,2019-01-24,7.1000004
GHH.L,2019-06-20,4.3
GHH.L,2020-01-23,7.2
GHH.L,2021-06-24,4.5
GHH.L,2022-01-20,7.7
GHH.L,2022-06-23,4.7
GHH.L,2023-01-19,7.9000006
GHH.L,2023-06-22,4.8
GHH.L,2024-01-18,8.2
GHH.L,2024-06-20,4.9
GHH.L,2025-01-23,8.299999
GHH.L,2025-06-19,4.9
GHV1.L,2002-01-16,1.2
GHV1.L,2003-01-15,1.75
GHV1.L,2004-01-07,1.25
GHV1.L,2005-01-05,1.25
GHV1.L,2006-01-11,0.75
GHV1.L,2007-01-10,0.75
GHV1.L,2007-01-16,1.0
GHV1.L,2007-09-26,2.0
GHV1.L,2008-01-16,1.0
GHV1.L,2009-01-14,1.0
GHV1.L,2010-02-17,0.5
GHV1.L,2011-01-26,2.0
GHV1.L,2011-03-02,2.0
GHV1.L,2011-12-28,40.0
GHV1.L,2012-01-18,2.0
GHV1.L,2013-01-16,6.0
GHV1.L,2013-06-05,6.0
GHV1.L,2014-02-19,4.0
GHV1.L,2014-06-11,6.0
GHV1.L,2014-09-24,8.0
GHV1.L,2015-02-26,4.0
GHV1.L,2015-06-04,6.0
GHV1.L,2016-01-14,6.0
GHV1.L,2016-06-09,6.0
GHV1.L,2017-01-12,4.0
GHV1.L,2017-05-25,3.0
GHV1.L,2017-08-10,15.000001
GHV1.L,2018-01-11,3.0
GHV1.L,2018-05-24,2.5
GHV1.L,2019-01-10,3.5
GHV1.L,2019-06-13,1.5
GHV1.L,2019-09-26,4.5
GHV1.L,2020-06-18,3.0
GHV1.L,2020-09-03,11.0
GHV1.L,2021-06-24,5.0
GHV1.L,2021-12-09,4.0
GHV1.L,2022-06-01,4.0
GHV1.L,2022-09-22,4.0
GHV1.L,2023-04-20,4.0
GHV1.L,2023-10-05,7.0
GHV1.L,2024-05-16,3.0
GHV1.L,2024-09-19,3.0
GHV1.L,2025-03-13,2.5
GHV1.L,2025-10-02,2.5
GHV2.L,2005-08-31,0.3
GHV2.L,2006-04-12,0.70000005
GHV2.L,2006-08-16,0.8
GHV2.L,2007-04-18,1.4000001
GHV2.L,2007-08-22,1.0
GHV2.L,2008-04-23,1.4000001
GHV2.L,2008-08-13,1.0
GHV2.L,2009-04-15,1.0
GHV2.L,2010-03-24,0.5
GHV2.L,2011-05-11,0.5
GHV2.L,2011-08-24,0.5
GHV2.L,2012-05-09,6.25
GHV2.L,2012-08-29,5.0
GHV2.L,2013-04-17,2.0
GHV2.L,2013-08-21,2.0
GHV2.L,2014-04-16,1.5
GHV2.L,2014-04-17,1.75
GHV2.L,2014-08-20,2.0
GHV2.L,2015-04-02,7.0
GHV2.L,2015-08-20,3.0
GHV2.L,2016-04-28,7.0
GHV2.L,2016-08-25,8.5
GHV2.L,2017-03-02,6.0
GHV2.L,2017-08-17,9.0
GHV2.L,2017-11-23,4.0
GHV2.L,2018-04-26,3.0
GHV2.L,2018-08-23,2.0
GHV2.L,2019-04-25,5.0
GHV2.L,2019-08-22,4.0
GHV2.L,2019-11-14,2.0
GHV2.L,2019-12-24,4.0
GHV2.L,2020-04-09,6.0
GHV2.L,2020-11-26,5.0
GHV2.L,2021-05-20,5.0
GHV2.L,2021-12-09,4.0
GHV2.L,2022-06-09,4.0
GHV2.L,2022-09-15,4.0
GHV2.L,2023-04-20,5.0
GHV2.L,2023-09-28,4.5
GHV2.L,2024-05-02,4.0
GHV2.L,2025-03-13,2.0
GHV2.L,2025-09-18,2.0
GKP.L,2019-06-27,11.36
GKP.L,2019-09-19,11.612901
GKP.L,2021-06-24,8.373
GKP.L,2021-07-29,8.377
GKP.L,2021-09-23,17.093
GKP.L,2022-02-10,17.204
GKP.L,2022-04-28,23.778
GKP.L,2022-06-30,9.573999
GKP.L,2022-07-14,19.54
GKP.L,2022-09-22,10.727
GKP.L,2023-02-16,9.577
GKP.L,2024-07-04,5.333
GKP.L,2024-10-17,7.113
GKP.L,2025-04-03,8.993
GKP.L,2025-09-11,8.443
GLB.L,2000-04-17,0.0325
GLB.L,2000-09-18,0.0178
GLB.L,2001-04-25,0.0254
GLB.L,2001-09-12,0.0187
GLB.L,2002-04-24,0.0266
GLB.L,2002-09-04,0.0196
GLB.L,2003-04-23,0.028
GLB.L,2003-09-03,0.0206
GLB.L,2004-04-21,0.0294
GLB.L,2004-09-08,0.0216
GLB.L,2005-04-20,0.0309
GLB.L,2005-09-07,0.0227
GLB.L,2006-04-19,0.0324
GLB.L,2006-09-13,0.0238
GLB.L,2007-04-25,0.0341
GLB.L,2007-09-12,0.025
GLB.L,2008-04-23,0.0358
GLB.L,2008-09-10,0.0275
GLB.L,2009-04-22,0.0376
GLB.L,2009-09-09,0.0289
GLB.L,2010-04-28,0.0395
GLB.L,2010-09-08,0.0303
GLB.L,2011-04-06,0.0449
GLB.L,2011-08-31,0.0333
GLB.L,2012-03-28,0.0494
GLB.L,2012-09-05,0.02928
GLB.L,2013-04-17,0.0543
GLB.L,2013-08-28,0.0403
GLB.L,2014-04-02,0.0597
GLB.L,2014-08-27,0.0443
GLB.L,2015-04-02,0.0657
GLB.L,2015-09-03,0.0488
GLB.L,2016-03-17,0.0722
GLB.L,2016-08-25,0.0537
GLB.L,2017-03-16,0.0794
GLB.L,2017-08-24,0.0591
GLB.L,2018-03-15,0.1609
GLB.L,2018-08-23,0.0971
GLB.L,2019-03-14,0.1449
GLB.L,2019-08-22,0.1068
GLB.L,2020-03-12,0.1594
GLB.L,2020-08-20,0.1068
GLB.L,2021-03-25,0.1594
GLB.L,2021-08-19,0.1175
GLB.L,2022-03-24,0.1753
GLB.L,2022-08-25,0.1293
GLB.L,2023-03-23,0.1928
GLB.L,2023-08-24,0.1422
GLB.L,2024-03-21,0.2121
GLB.L,2024-08-22,0.1564
GLB.L,2025-03-20,0.2333
GLB.L,2025-08-21,0.172
GLE.L,1993-05-10,0.66999996
GLE.L,1993-11-29,1.88
GLE.L,1994-04-25,0.66999996
GLE.L,1994-11-14,2.162
GLE.L,1995-05-01,0.71
GLE.L,1995-11-27,2.29
GLE.L,1996-05-13,0.75
GLE.L,1996-11-25,2.4620001
GLE.L,1997-05-19,0.806
GLE.L,1997-12-01,2.834
GLE.L,1998-05-18,0.88799995
GLE.L,1998-12-07,3.12
GLE.L,1999-05-24,0.934
GLE.L,1999-12-06,3.48
GLE.L,2000-05-30,1.03
GLE.L,2000-12-04,4.27
GLE.L,2001-05-30,1.2
GLE.L,2001-12-05,5.0
GLE.L,2002-05-29,1.3000001
GLE.L,2002-12-04,5.2000003
GLE.L,2003-05-28,1.35
GLE.L,2003-12-17,5.65
GLE.L,2004-06-02,1.4039999
GLE.L,2004-12-08,6.2
GLE.L,2005-06-01,1.5
GLE.L,2005-12-07,6.5
GLE.L,2006-05-31,1.6
GLE.L,2006-12-06,6.8999996
GLE.L,2007-04-11,1.9
GLE.L,2007-11-14,7.2999997
GLE.L,2008-03-12,2.0
GLE.L,2010-03-03,15.000001
GLE.L,2011-11-16,5.0
GLE.L,2013-03-06,0.5
GLE.L,2013-11-20,2.0
GLE.L,2014-03-05,1.1
GLE.L,2014-11-20,4.9
GLE.L,2015-03-05,2.7
GLE.L,2015-11-19,7.2999997
GLE.L,2016-03-03,4.5
GLE.L,2016-11-17,10.0
GLE.L,2017-03-09,6.5
GLE.L,2017-11-16,17.5
GLE.L,2018-03-08,9.0
GLE.L,2018-11-15,23.0
GLE.L,2019-03-07,11.5
GLE.L,2019-11-14,23.0
GLE.L,2021-03-04,5.0
GLE.L,2021-10-28,10.0
GLE.L,2022-03-03,6.0
GLE.L,2022-10-27,12.0
GLE.L,2023-03-02,5.0
GLE.L,2023-10-26,9.0
GLE.L,2024-02-29,4.0
GLE.L,2024-10-24,7.0
GLE.L,2025-03-06,4.0
GLE.L,2025-10-23,7.0
GLEN.L,2011-09-07,3.7404501
GLEN.L,2012-05-16,7.4809003
GLEN.L,2012-08-29,4.039686
GLEN.L,2013-05-22,7.742732
GLEN.L,2013-08-28,4.039686
GLEN.L,2014-05-14,8.3038
GLEN.L,2014-09-03,4.48854
GLEN.L,2015-04-23,8.97708
GLEN.L,2015-09-10,4.48854
GLEN.L,2017-05-11,2.6183152
GLEN.L,2017-09-07,2.6183152
GLEN.L,2018-04-26,7.3535004
GLEN.L,2018-09-06,7.6787004
GLEN.L,2019-04-25,7.4809003
GLEN.L,2019-09-05,8.1004
GLEN.L,2021-04-22,4.3023
GLEN.L,2021-09-02,7.4809003
GLEN.L,2022-04-21,10.4502
GLEN.L,2022-09-01,20.8895
GLEN.L,2023-05-04,17.6409
GLEN.L,2023-08-31,24.043999
GLEN.L,2024-05-02,5.1946
GLEN.L,2024-08-29,4.94
GLEN.L,2025-05-01,3.7566
GLEN.L,2025-08-28,3.7241
GMS.L,2014-09-24,0.2714
GMS.L,2015-04-16,0.7016
GMS.L,2015-09-03,0.2714
GMS.L,2016-04-14,0.79420006
GMS.L,2016-09-08,0.2714
GMS.L,2017-04-13,0.79420006
GNC.L,2000-06-05,1.7449999
GNC.L,2000-12-11,3.2085001
GNC.L,2001-06-13,1.7743001
GNC.L,2001-12-05,3.331
GNC.L,2002-06-05,1.7481999
GNC.L,2002-12-04,3.3766003
GNC.L,2003-06-04,2.2556
GNC.L,2003-12-03,3.4131002
GNC.L,2004-06-02,2.197
GNC.L,2004-12-01,3.3544
GNC.L,2005-06-01,2.2797
GNC.L,2005-11-30,3.3688002
GNC.L,2006-06-14,2.2921
GNC.L,2006-12-13,3.3512
GNC.L,2007-06-06,2.2347999
GNC.L,2007-12-05,3.7308998
GNC.L,2008-06-04,2.7324
GNC.L,2008-12-03,4.700754
GNC.L,2009-06-03,1.7176442
GNC.L,2009-12-02,2.576554
GNC.L,2010-06-02,1.3741153
GNC.L,2010-12-01,2.576554
GNC.L,2011-06-01,1.7176442
GNC.L,2011-12-14,1.6999
GNC.L,2012-06-06,1.5940511
GNC.L,2012-12-05,1.8073063
GNC.L,2013-06-05,1.5625
GNC.L,2013-12-04,2.3848999
GNC.L,2014-06-04,1.8092
GNC.L,2014-12-04,2.6728
GNC.L,2015-06-04,1.9736999
GNC.L,2015-12-03,3.0839
GNC.L,2016-06-02,2.0971
GNC.L,2016-12-01,3.3718002
GNC.L,2017-06-01,2.1
GNC.L,2017-12-07,3.3700001
GNC.L,2018-08-30,2.2
GNC.L,2019-01-10,3.3700001
GNC.L,2019-05-30,2.45
GNC.L,2020-01-02,3.7500002
GNC.L,2025-01-09,2.0
GNS.L,2001-08-08,4.5
GNS.L,2002-08-07,4.75
GNS.L,2003-07-30,5.5
GNS.L,2004-07-21,6.5
GNS.L,2005-08-03,7.5000005
GNS.L,2006-11-01,8.25
GNS.L,2007-12-05,9.099999
GNS.L,2008-12-10,10.0
GNS.L,2009-12-09,11.0
GNS.L,2010-12-08,12.1
GNS.L,2011-11-09,13.3
GNS.L,2012-03-14,4.5
GNS.L,2012-11-07,10.1
GNS.L,2013-03-13,5.0
GNS.L,2013-11-20,11.1
GNS.L,2014-03-05,5.5
GNS.L,2014-11-20,12.2
GNS.L,2015-03-05,6.1
GNS.L,2015-11-19,13.400001
GNS.L,2016-03-03,6.7000003
GNS.L,2016-11-17,14.7
GNS.L,2017-03-02,7.4
GNS.L,2017-11-16,16.2
GNS.L,2018-03-08,8.1
GNS.L,2018-11-15,17.9
GNS.L,2019-03-07,8.900001
GNS.L,2019-11-07,18.8
GNS.L,2020-03-05,9.4
GNS.L,2020-11-19,19.699999
GNS.L,2021-03-04,10.3
GNS.L,2021-11-18,21.699999
GNS.L,2022-03-03,10.3
GNS.L,2022-11-17,21.699999
GNS.L,2023-03-02,10.3
GNS.L,2023-11-09,21.699999
GNS.L,2024-02-29,10.3
GNS.L,2024-11-07,21.699999
GNS.L,2025-03-06,10.3
GNS.L,2025-11-06,21.699999
GOT.L,2005-04-06,0.4
GOT.L,2006-04-05,0.8
GOT.L,2007-04-11,1.8
GOT.L,2008-04-09,2.3
GOT.L,2009-04-15,3.1
GOT.L,2010-03-10,2.4
GOT.L,2011-03-02,2.8000002
GOT.L,2012-05-02,4.2
GOT.L,2013-05-08,3.9
GOT.L,2014-05-07,2.7
GOT.L,2015-05-07,3.3
GOT.L,2016-03-10,3.1
GOT.L,2017-05-04,5.2999997
GOT.L,2018-05-03,5.2999997
GOT.L,2019-05-02,6.5
GOT.L,2020-05-07,7.5000005
GOT.L,2021-05-06,6.0
GOT.L,2022-05-05,5.0
GOT.L,2023-05-11,5.0
GOT.L,2024-05-02,5.0
GOT.L,2025-05-01,10.0
GPE.L,1992-11-30,5.14
GPE.L,1993-06-21,9.9776
GPE.L,1993-11-15,4.206
GPE.L,1994-06-20,8.2562
GPE.L,1994-11-21,4.5176
GPE.L,1995-06-19,9.113
GPE.L,1995-11-20,4.5176
GPE.L,1996-06-17,9.502501
GPE.L,1996-11-25,4.5176
GPE.L,1997-06-16,9.6202
GPE.L,1997-11-24,4.5735
GPE.L,1998-06-15,9.6202
GPE.L,1998-11-23,4.7311997
GPE.L,1999-06-14,9.8568
GPE.L,1999-11-22,4.9363
GPE.L,2000-06-12,10.0460005
GPE.L,2000-11-27,3.0753
GPE.L,2001-06-13,6.1506
GPE.L,2001-11-28,3.151
GPE.L,2002-06-12,6.3115
GPE.L,2002-11-27,3.2361999
GPE.L,2003-06-11,6.4629
GPE.L,2003-11-26,3.3119001
GPE.L,2004-06-02,6.6237
GPE.L,2004-12-01,2.7101002
GPE.L,2005-06-01,5.4277
GPE.L,2005-11-30,2.7782001
GPE.L,2006-05-31,5.5488
GPE.L,2006-11-22,2.8387
GPE.L,2007-05-30,5.7153
GPE.L,2007-11-21,2.9523
GPE.L,2008-06-11,6.0559998
GPE.L,2008-11-19,3.0279999
GPE.L,2009-05-27,6.0559998
GPE.L,2009-11-18,3.0417001
GPE.L,2010-03-10,5.0695
GPE.L,2010-11-17,3.1431
GPE.L,2011-06-01,5.1709
GPE.L,2011-11-16,3.2445
GPE.L,2012-05-30,5.2723002
GPE.L,2012-11-21,3.3459
GPE.L,2013-05-29,5.3737
GPE.L,2013-11-20,3.4472997
GPE.L,2014-05-28,5.4751
GPE.L,2014-11-20,3.5487
GPE.L,2015-05-28,5.5765
GPE.L,2015-11-19,3.6501002
GPE.L,2016-06-02,5.6779003
GPE.L,2016-11-24,3.7515
GPE.L,2017-05-18,30.9673
GPE.L,2017-06-01,6.1646
GPE.L,2017-11-23,3.8529
GPE.L,2018-05-31,6.0616
GPE.L,2018-11-22,3.5705
GPE.L,2019-05-30,6.5598
GPE.L,2019-11-21,3.9027002
GPE.L,2020-05-28,6.5598
GPE.L,2020-11-19,3.9027002
GPE.L,2021-05-27,6.5598
GPE.L,2021-12-02,3.9027002
GPE.L,2022-05-26,6.5598
GPE.L,2022-11-24,3.9027002
GPE.L,2023-06-01,6.5598
GPE.L,2023-11-23,3.9027002
GPE.L,2024-05-30,7.9000006
GPE.L,2024-11-21,2.8999999
GPE.L,2025-05-29,5.0
GPE.L,2025-11-27,2.8999999
GRG.L,1993-04-29,1.0
GRG.L,1993-08-16,0.6
GRG.L,1994-03-28,1.2
GRG.L,1994-08-15,0.70000005
GRG.L,1995-03-27,1.6
GRG.L,1995-08-29,0.8
GRG.L,1996-04-09,1.8
GRG.L,1996-08-27,0.9
GRG.L,1997-04-14,2.3
GRG.L,1997-09-01,1.1
GRG.L,1998-04-14,2.6000001
GRG.L,1998-09-01,1.25
GRG.L,1999-04-12,2.85
GRG.L,1999-09-06,1.35
GRG.L,2000-04-10,3.15
GRG.L,2000-09-04,1.6
GRG.L,2001-04-18,3.9
GRG.L,2001-09-05,2.1
GRG.L,2002-04-17,4.4
GRG.L,2002-09-04,2.35
GRG.L,2003-04-16,4.9
GRG.L,2003-09-03,2.55
GRG.L,2004-04-21,5.45
GRG.L,2004-09-01,3.0
GRG.L,2005-04-27,6.6
GRG.L,2005-08-31,3.6
GRG.L,2006-04-26,7.0
GRG.L,2006-09-06,3.8
GRG.L,2007-04-25,7.8
GRG.L,2007-09-05,4.6
GRG.L,2008-04-23,9.4
GRG.L,2008-09-03,4.9
GRG.L,2009-04-22,10.0
GRG.L,2009-09-02,5.2000003
GRG.L,2010-04-21,11.4
GRG.L,2010-09-01,5.5
GRG.L,2011-04-20,12.700001
GRG.L,2011-09-07,5.7999997
GRG.L,2012-04-25,13.500001
GRG.L,2012-09-05,6.0
GRG.L,2013-04-24,13.500001
GRG.L,2013-09-04,6.0
GRG.L,2014-04-09,13.500001
GRG.L,2014-09-03,6.0
GRG.L,2015-04-09,16.0
GRG.L,2015-06-18,20.0
GRG.L,2015-09-03,7.4
GRG.L,2016-04-21,21.199999
GRG.L,2016-09-08,9.5
GRG.L,2017-04-27,21.5
GRG.L,2017-09-07,10.3
GRG.L,2018-04-19,22.0
GRG.L,2018-09-06,10.7
GRG.L,2019-04-25,25.0
GRG.L,2019-09-05,46.9
GRG.L,2021-09-09,15.000001
GRG.L,2022-03-24,40.0
GRG.L,2022-05-12,42.0
GRG.L,2022-09-08,15.000001
GRG.L,2023-04-27,44.0
GRG.L,2023-09-07,16.0
GRG.L,2024-04-25,86.0
GRG.L,2024-09-05,19.0
GRG.L,2025-05-01,50.0
GRG.L,2025-09-11,19.0
GRI.L,1993-02-01,0.41840002
GRI.L,1993-07-05,0.124
GRI.L,1994-01-17,0.41840002
GRI.L,1994-07-04,0.1395
GRI.L,1994-12-28,0.47
GRI.L,1995-06-19,0.1549
GRI.L,1996-01-29,0.5165
GRI.L,1996-07-01,0.1673
GRI.L,1997-02-03,0.5557
GRI.L,1997-06-23,0.1673
GRI.L,1998-02-02,0.6074
GRI.L,1998-06-29,0.1808
GRI.L,1999-02-01,0.6559
GRI.L,1999-06-28,0.2066
GRI.L,2000-01-31,0.7561
GRI.L,2000-07-03,0.2376
GRI.L,2001-02-07,0.8698
GRI.L,2001-06-27,0.2737
GRI.L,2002-02-13,0.9999
GRI.L,2002-07-03,0.3151
GRI.L,2003-02-05,1.1497
GRI.L,2003-07-02,0.3626
GRI.L,2004-02-11,1.3222
GRI.L,2004-06-23,0.4173
GRI.L,2005-02-09,1.9833001
GRI.L,2005-06-29,0.87799996
GRI.L,2006-02-15,1.7612001
GRI.L,2006-06-21,0.96580005
GRI.L,2007-02-14,1.9368
GRI.L,2007-06-13,1.064
GRI.L,2008-01-16,2.128
GRI.L,2008-06-04,1.1724
GRI.L,2009-01-07,2.0195
GRI.L,2009-11-18,2.0195
GRI.L,2010-06-02,0.4528
GRI.L,2010-12-08,1.0866001
GRI.L,2011-12-07,1.1772001
GRI.L,2012-06-06,0.49800003
GRI.L,2012-12-05,1.2405
GRI.L,2013-06-05,0.5252
GRI.L,2013-12-18,1.322
GRI.L,2014-06-04,0.5524
GRI.L,2014-12-29,1.7114
GRI.L,2015-06-04,0.5795
GRI.L,2015-12-24,1.9106001
GRI.L,2016-06-02,1.313
GRI.L,2016-12-29,2.7618
GRI.L,2017-06-01,1.4488001
GRI.L,2017-12-28,2.9519
GRI.L,2018-05-24,1.5756
GRI.L,2018-12-13,3.52
GRI.L,2019-05-30,1.73
GRI.L,2019-12-24,3.46
GRI.L,2020-05-28,1.83
GRI.L,2020-12-24,3.64
GRI.L,2021-05-27,1.83
GRI.L,2021-12-30,3.32
GRI.L,2022-05-26,2.08
GRI.L,2022-12-29,3.8899999
GRI.L,2023-05-25,2.28
GRI.L,2023-12-28,4.37
GRI.L,2024-05-23,2.54
GRI.L,2025-01-16,5.0099998
GRI.L,2025-05-22,2.85
GRP.L,2018-03-08,0.0261
GRP.L,2018-05-03,0.015
GRP.L,2018-07-09,0.015
GRP.L,2018-07-19,0.015
GRP.L,2018-11-01,0.015
GRP.L,2019-02-07,0.015
GRP.L,2019-05-02,0.015075
GRP.L,2019-08-01,0.015075
GRP.L,2019-11-07,0.015075
GRP.L,2020-02-06,0.015075
GRP.L,2020-05-07,0.01515
GRP.L,2020-08-06,0.01515
GRP.L,2020-11-05,0.01515
GRP.L,2021-02-04,0.01515
GRP.L,2021-05-13,0.01515
GRP.L,2021-07-29,0.01515
GRP.L,2021-11-04,0.01515
GRP.L,2022-02-03,0.01515
GRP.L,2022-05-12,0.01545
GRP.L,2022-08-04,0.01545
GRP.L,2022-11-10,0.01545
GRP.L,2023-02-02,0.01545
GRP.L,2023-05-11,0.01605
GRP.L,2023-08-10,0.01605
GRP.L,2023-11-09,0.01605
GRP.L,2024-02-08,0.01605
GRP.L,2024-05-02,0.01685
GRP.L,2024-08-01,0.01685
GRP.L,2024-11-07,0.01685
GRP.L,2025-02-06,0.01685
GRP.L,2025-05-15,0.017025
GRP.L,2025-08-14,0.017025
GRP.L,2025-11-20,0.017025
GSCT.L,1972-11-13,0.0076999995
GSCT.L,1973-06-18,0.013099999
GSCT.L,1973-11-12,0.0088
GSCT.L,1974-06-10,0.013800001
GSCT.L,1974-11-11,0.0094
GSCT.L,1975-06-16,0.014800001
GSCT.L,1975-11-17,0.0094
GSCT.L,1976-06-14,0.0157
GSCT.L,1976-11-15,0.0104
GSCT.L,1977-06-27,0.020399999
GSCT.L,1977-11-28,0.011899999
GSCT.L,1978-06-26,0.0256
GSCT.L,1978-12-11,0.013099999
GSCT.L,1979-06-18,0.0337
GSCT.L,1979-12-10,0.019000001
GSCT.L,1980-06-30,0.0387
GSCT.L,1980-12-24,0.025
GSCT.L,1981-06-29,0.0425
GSCT.L,1981-12-23,0.025
GSCT.L,1982-06-21,0.049200002
GSCT.L,1982-12-31,0.025
GSCT.L,1983-07-04,0.053000003
GSCT.L,1983-12-30,0.025
GSCT.L,1984-07-02,0.055
GSCT.L,1984-12-24,0.0275
GSCT.L,1985-06-17,0.0575
GSCT.L,1985-12-23,0.029
GSCT.L,1986-06-16,0.0625
GSCT.L,1986-12-22,0.0315
GSCT.L,1987-06-15,0.07
GSCT.L,1987-12-21,0.033999998
GSCT.L,1988-06-20,0.08
GSCT.L,1988-12-28,0.04
GSCT.L,1989-06-19,0.089999996
GSCT.L,1989-12-27,0.044999998
GSCT.L,1990-06-25,0.105
GSCT.L,1990-12-31,0.060000002
GSCT.L,1991-07-01,0.105
GSCT.L,1991-12-30,0.065
GSCT.L,1992-06-29,0.11
GSCT.L,1993-01-04,0.067999996
GSCT.L,1993-06-21,0.116
GSCT.L,1994-01-04,0.07
GSCT.L,1994-06-20,0.127
GSCT.L,1994-12-28,0.074
GSCT.L,1995-06-19,0.137
GSCT.L,1995-12-27,0.08
GSCT.L,1995-12-28,0.08
GSCT.L,1996-06-19,0.153
GSCT.L,1996-06-24,0.153
GSCT.L,1996-12-23,0.088
GSCT.L,1997-05-19,0.17199999
GSCT.L,1997-12-22,0.1
GSCT.L,1998-06-22,0.2
GSCT.L,1999-01-04,0.112
GSCT.L,1999-06-28,0.224
GSCT.L,1999-12-29,0.125
GSCT.L,2000-06-26,0.25
GSCT.L,2000-12-27,0.131
GSCT.L,2001-06-27,0.264
GSCT.L,2001-12-27,0.134
GSCT.L,2002-06-26,0.268
GSCT.L,2002-12-27,0.137
GSCT.L,2003-06-25,0.278
GSCT.L,2003-12-24,0.141
GSCT.L,2004-07-07,0.283
GSCT.L,2004-12-29,0.14400001
GSCT.L,2005-06-29,0.296
GSCT.L,2005-12-28,0.149
GSCT.L,2006-07-05,0.404
GSCT.L,2006-12-27,0.153
GSCT.L,2007-07-04,0.316
GSCT.L,2008-01-02,0.158
GSCT.L,2008-07-02,0.32500002
GSCT.L,2008-12-24,0.16
GSCT.L,2008-12-29,0.16
GSCT.L,2009-07-01,0.329
GSCT.L,2009-12-23,0.16
GSCT.L,2010-06-23,0.34
GSCT.L,2010-12-29,0.16
GSCT.L,2011-06-29,0.35000002
GSCT.L,2011-12-28,0.163
GSCT.L,2012-07-04,0.4
GSCT.L,2012-12-24,0.4
GSCT.L,2013-07-17,0.45
GSCT.L,2013-12-30,0.25
GSCT.L,2013-12-31,0.25
GSCT.L,2014-07-16,0.55
GSCT.L,2015-01-02,0.265
GSCT.L,2015-07-16,0.70000005
GSCT.L,2016-01-07,0.29
GSCT.L,2016-07-14,0.78
GSCT.L,2017-01-05,0.4
GSCT.L,2017-07-13,0.825
GSCT.L,2018-01-04,0.44
GSCT.L,2018-07-12,1.0
GSCT.L,2019-01-03,0.5
GSCT.L,2019-07-11,1.15
GSCT.L,2020-01-02,0.55
GSCT.L,2020-07-09,1.15
GSCT.L,2021-01-07,0.55
GSCT.L,2021-07-15,1.2
GSCT.L,2022-01-06,0.57
GSCT.L,2022-06-30,1.27
GSCT.L,2022-12-29,0.63
GSCT.L,2023-07-06,1.67
GSCT.L,2023-12-28,0.68
GSCT.L,2024-07-11,2.1299999
GSCT.L,2024-12-24,0.70000005
GSCT.L,2025-07-10,2.3
GSF.L,2018-11-15,2.0
GSF.L,2019-03-07,1.0
GSF.L,2019-06-13,1.0
GSF.L,2019-09-19,2.0
GSF.L,2019-12-19,2.0
GSF.L,2020-03-12,2.0
GSF.L,2020-07-09,1.0
GSF.L,2020-10-08,2.0
GSF.L,2020-12-31,2.0
GSF.L,2021-03-18,2.0
GSF.L,2021-07-22,1.0
GSF.L,2021-09-16,2.0
GSF.L,2021-12-30,2.0
GSF.L,2022-03-17,2.0
GSF.L,2022-08-04,1.0
GSF.L,2022-09-29,2.0
GSF.L,2022-12-29,2.0
GSF.L,2023-03-16,2.0
GSF.L,2023-06-29,1.5
GSF.L,2023-09-28,2.0
GSF.L,2023-12-28,2.0
GSF.L,2024-03-21,2.0
GSF.L,2024-06-27,1.5
GSF.L,2024-09-26,1.0
GSF.L,2024-12-24,1.0
GSF.L,2025-03-20,1.0
GSF.L,2025-07-17,1.0
GSF.L,2025-10-09,1.5
GSK.L,1993-03-01,8.75
GSK.L,1993-09-20,18.75
GSK.L,1994-02-28,11.25
GSK.L,1994-09-19,22.5
GSK.L,1995-02-13,12.5
GSK.L,1995-09-18,25.0
GSK.L,1996-03-18,18.75
GSK.L,1996-08-12,18.75
GSK.L,1997-03-17,23.75
GSK.L,1997-08-11,18.75
GSK.L,1998-03-02,25.0
GSK.L,1998-08-10,18.75
GSK.L,1999-03-01,26.249998
GSK.L,1999-08-09,18.75
GSK.L,2000-02-28,27.5
GSK.L,2000-08-07,18.75
GSK.L,2000-12-18,28.75
GSK.L,2001-05-02,11.25
GSK.L,2001-08-01,11.25
GSK.L,2001-10-31,11.25
GSK.L,2002-02-20,15.000001
GSK.L,2002-05-01,11.25
GSK.L,2002-07-31,11.25
GSK.L,2002-10-30,11.25
GSK.L,2003-02-19,16.25
GSK.L,2003-05-07,11.25
GSK.L,2003-07-30,11.25
GSK.L,2003-10-29,11.25
GSK.L,2004-02-18,17.5
GSK.L,2004-05-12,12.5
GSK.L,2004-08-04,12.5
GSK.L,2004-11-03,12.5
GSK.L,2005-02-16,15.000001
GSK.L,2005-05-12,12.5
GSK.L,2005-08-03,12.5
GSK.L,2005-11-02,12.5
GSK.L,2006-02-15,17.5
GSK.L,2006-05-10,13.75
GSK.L,2006-08-02,13.75
GSK.L,2006-11-01,15.000001
GSK.L,2007-02-14,17.5
GSK.L,2007-05-02,15.000001
GSK.L,2007-08-01,15.000001
GSK.L,2007-10-31,16.25
GSK.L,2008-02-13,20.0
GSK.L,2008-04-30,16.25
GSK.L,2008-07-30,16.25
GSK.L,2008-10-29,17.5
GSK.L,2009-02-11,21.25
GSK.L,2009-04-29,17.5
GSK.L,2009-07-29,17.5
GSK.L,2009-11-04,18.75
GSK.L,2010-02-10,22.5
GSK.L,2010-05-05,18.75
GSK.L,2010-07-28,18.75
GSK.L,2010-10-27,20.0
GSK.L,2011-02-09,23.75
GSK.L,2011-05-04,20.0
GSK.L,2011-08-03,20.0
GSK.L,2011-11-02,21.25
GSK.L,2012-02-15,32.5
GSK.L,2012-05-09,21.25
GSK.L,2012-08-08,21.25
GSK.L,2012-11-14,22.5
GSK.L,2013-02-20,27.5
GSK.L,2013-05-08,22.5
GSK.L,2013-08-07,22.5
GSK.L,2013-11-13,23.75
GSK.L,2014-02-19,28.75
GSK.L,2014-05-14,23.75
GSK.L,2014-08-06,23.75
GSK.L,2014-11-06,23.75
GSK.L,2015-02-19,28.75
GSK.L,2015-05-14,23.75
GSK.L,2015-08-13,23.75
GSK.L,2015-11-12,23.75
GSK.L,2016-02-18,53.750004
GSK.L,2016-05-12,23.75
GSK.L,2016-08-11,23.75
GSK.L,2016-11-03,23.75
GSK.L,2017-02-23,28.75
GSK.L,2017-05-11,23.75
GSK.L,2017-08-10,23.75
GSK.L,2017-11-09,23.75
GSK.L,2018-02-22,28.75
GSK.L,2018-05-10,23.75
GSK.L,2018-08-09,23.75
GSK.L,2018-11-15,23.75
GSK.L,2019-02-21,28.75
GSK.L,2019-05-16,23.75
GSK.L,2019-08-08,23.75
GSK.L,2019-11-14,23.75
GSK.L,2020-02-20,28.75
GSK.L,2020-05-14,23.75
GSK.L,2020-08-13,23.75
GSK.L,2020-11-12,23.75
GSK.L,2021-02-18,28.75
GSK.L,2021-05-20,23.75
GSK.L,2021-08-19,23.75
GSK.L,2021-11-18,23.75
GSK.L,2022-02-24,28.75
GSK.L,2022-05-19,17.5
GSK.L,2022-08-18,16.25
GSK.L,2022-11-17,13.75
GSK.L,2023-02-23,13.75
GSK.L,2023-05-18,14.0
GSK.L,2023-08-17,14.0
GSK.L,2023-11-16,14.0
GSK.L,2024-02-22,16.0
GSK.L,2024-05-16,15.000001
GSK.L,2024-08-15,15.000001
GSK.L,2024-11-14,15.000001
GSK.L,2025-02-20,16.0
GSK.L,2025-05-15,16.0
GSK.L,2025-08-14,16.0
GSK.L,2025-11-13,16.0
GTCO.L,2025-10-06,0.000689874
GTLY.L,2015-12-24,1.895
GTLY.L,2016-09-01,3.7640002
GTLY.L,2017-02-09,2.2
GTLY.L,2017-09-07,4.4
GTLY.L,2018-02-15,2.2
GTLY.L,2018-09-13,4.8
GTLY.L,2019-02-14,2.6000001
GTLY.L,2019-09-19,5.4
GTLY.L,2021-06-03,2.5
GTLY.L,2021-08-26,5.0
GTLY.L,2022-02-17,3.0
GTLY.L,2022-09-22,5.5
GTLY.L,2023-02-23,3.3
GTLY.L,2023-09-28,6.2
GTLY.L,2024-02-22,3.3
GTLY.L,2024-10-10,6.2
GTLY.L,2025-02-20,3.3
GTLY.L,2025-10-09,6.2
GV1O.L,2012-02-29,3.5
GV1O.L,2013-02-27,5.0
GV1O.L,2014-02-12,7.2999997
GV1O.L,2014-02-13,7.2999997
GV1O.L,2014-03-05,5.0
GV1O.L,2015-08-27,5.0
GV1O.L,2016-08-18,5.0
GV1O.L,2017-08-17,5.0
GV1O.L,2018-11-22,5.4965
GV1O.L,2019-11-28,5.3133
GV1O.L,2020-12-10,5.3133
GV1O.L,2023-07-06,18.5
GV1O.L,2023-11-30,7.5000005
GV2O.L,2012-02-29,3.5
GV2O.L,2013-02-27,5.0
GV2O.L,2013-02-28,5.0
GV2O.L,2014-02-12,7.2999997
GV2O.L,2014-03-05,5.0
GV2O.L,2015-08-27,5.0
GV2O.L,2016-08-18,5.0
GV2O.L,2017-08-17,5.0
GV2O.L,2018-11-22,5.4958
GV2O.L,2019-11-28,5.3133
GV2O.L,2020-12-10,5.3133
GV2O.L,2023-01-05,2.0
GV2O.L,2023-07-06,16.5
GV2O.L,2023-11-30,7.5000005
GWI.L,2017-06-29,0.22
GWI.L,2018-01-11,0.22
GWI.L,2018-07-19,0.27
GWI.L,2019-01-24,0.27
GWI.L,2019-08-01,0.3
GWI.L,2020-01-23,0.3
GWI.L,2020-09-10,0.19
GWI.L,2021-03-04,0.15
GWI.L,2021-09-09,0.15
GWI.L,2022-03-17,0.13
GWI.L,2022-09-08,0.14
GWI.L,2023-03-16,0.15
GWI.L,2023-09-07,0.14
GWI.L,2024-03-21,0.11
GWI.L,2024-09-12,0.1
GWI.L,2025-03-20,0.09
GWI.L,2025-09-04,0.05
GYM.L,2016-09-08,0.25
GYM.L,2017-05-25,0.75
GYM.L,2017-09-07,0.3
GYM.L,2018-05-24,0.9
GYM.L,2018-09-06,0.35000002
GYM.L,2019-05-23,0.95
GYM.L,2019-09-05,0.45
HAN.L,1978-11-27,0.0946
HAN.L,1979-03-26,0.04
HAN.L,1979-11-19,0.15
HAN.L,1980-02-25,0.04
HAN.L,1980-08-11,0.168
HAN.L,1981-03-02,0.214
HAN.L,1981-09-28,0.22
HAN.L,1982-03-01,0.1
HAN.L,1982-10-18,0.176
HAN.L,1983-02-21,0.08
HAN.L,1983-10-03,0.22799999
HAN.L,1984-03-12,0.08
HAN.L,1984-12-10,0.22799999
HAN.L,1985-02-11,0.14
HAN.L,1985-07-15,0.42
HAN.L,1985-12-09,0.28
HAN.L,1986-09-01,0.62
HAN.L,1987-01-12,0.28
HAN.L,1987-07-27,0.71999997
HAN.L,1987-12-21,0.28
HAN.L,1988-07-18,0.64
HAN.L,1988-12-12,0.28
HAN.L,1989-06-05,0.54
HAN.L,1989-11-27,0.24000001
HAN.L,1990-12-10,0.24000001
HAN.L,1991-08-12,0.32999998
HAN.L,1991-12-09,0.2
HAN.L,1992-06-29,0.4
HAN.L,1992-11-02,0.24000001
HAN.L,1993-05-24,0.4
HAN.L,1993-11-15,0.24000001
HAN.L,1994-06-06,0.4
HAN.L,1994-11-14,0.24000001
HAN.L,1995-06-05,0.4
HAN.L,1995-11-20,0.32
HAN.L,1996-06-10,0.44
HAN.L,1996-11-18,0.34
HAN.L,1997-06-09,0.44
HAN.L,1997-11-24,0.34
HAN.L,1998-07-06,0.46
HAN.L,1998-11-30,0.34
HAN.L,1999-06-21,0.5
HAN.L,1999-12-06,0.35999998
HAN.L,2000-06-19,0.64
HAN.L,2000-12-04,0.35999998
HAN.L,2001-06-13,0.64
HAN.L,2001-12-05,0.35999998
HAN.L,2002-06-26,0.64
HAN.L,2002-12-11,0.35999998
HAN.L,2003-06-25,0.44
HAN.L,2003-12-03,0.35999998
HAN.L,2004-06-23,0.84
HAN.L,2004-12-01,0.70000005
HAN.L,2005-06-15,1.15
HAN.L,2005-11-30,0.70000005
HAN.L,2006-06-21,1.25
HAN.L,2006-11-29,0.70000005
HAN.L,2007-06-20,1.8
HAN.L,2007-12-05,0.70000005
HAN.L,2008-06-25,1.9
HAN.L,2008-12-03,0.70000005
HAN.L,2009-06-24,2.8999999
HAN.L,2009-12-02,0.70000005
HAN.L,2010-03-10,4.3
HAN.L,2010-12-01,0.70000005
HAN.L,2011-11-16,0.70000005
HAN.L,2012-06-20,2.1
HAN.L,2012-11-28,0.70000005
HAN.L,2013-06-19,2.3
HAN.L,2013-11-27,1.0
HAN.L,2014-06-18,2.2
HAN.L,2014-10-30,1.6
HAN.L,2015-05-07,1.6
HAN.L,2015-10-29,1.6
HAN.L,2016-04-28,1.6
HAN.L,2016-10-27,1.6
HAN.L,2017-04-27,1.6
HAN.L,2017-10-26,1.6
HAN.L,2018-04-19,1.6
HAN.L,2018-10-25,1.6
HAN.L,2019-04-18,1.6
HAN.L,2019-10-24,1.6
HAN.L,2020-01-23,0.8
HAN.L,2020-04-30,0.8
HAN.L,2020-07-30,0.8
HAN.L,2020-10-22,0.8
HAN.L,2021-01-21,0.8
HAN.L,2021-04-15,0.8
HAN.L,2021-08-05,0.8
HAN.L,2021-10-21,0.8
HAN.L,2022-01-20,0.8
HAN.L,2022-04-21,0.8
HAN.L,2022-07-21,0.8
HAN.L,2022-10-20,0.8
HAN.L,2023-01-19,0.8
HAN.L,2023-04-20,0.8
HAN.L,2023-07-20,0.8
HAN.L,2023-10-19,0.8
HAN.L,2024-01-18,0.8
HAN.L,2024-04-25,0.8
HAN.L,2024-07-25,0.8
HAN.L,2024-10-24,0.8
HAN.L,2025-01-23,0.8
HAN.L,2025-04-24,0.8
HANA.L,2010-12-01,0.70000005
HANA.L,2011-11-16,0.70000005
HANA.L,2012-06-20,2.1
HANA.L,2012-11-28,0.70000005
HANA.L,2013-06-19,2.3
HANA.L,2013-11-27,1.1111
HANA.L,2014-06-18,2.2
HANA.L,2014-10-30,1.6
HANA.L,2015-05-07,1.6
HANA.L,2015-10-29,1.6
HANA.L,2016-04-28,1.6
HANA.L,2016-10-27,1.6
HANA.L,2017-04-27,1.6
HANA.L,2017-10-26,1.6
HANA.L,2018-04-19,1.6
HANA.L,2018-10-25,1.6
HANA.L,2019-04-18,1.6
HANA.L,2019-10-24,1.6
HANA.L,2020-01-23,0.8
HANA.L,2020-04-30,0.8
HANA.L,2020-07-30,0.8
HANA.L,2020-10-22,0.8
HANA.L,2021-01-21,0.8
HANA.L,2021-04-15,0.8
HANA.L,2021-08-05,0.8
HANA.L,2021-10-21,0.8
HANA.L,2022-01-20,0.8
HANA.L,2022-04-21,0.8
HANA.L,2022-07-21,0.8
HANA.L,2022-10-20,0.8
HANA.L,2023-01-19,0.8
HANA.L,2023-04-20,0.8
HANA.L,2023-07-20,0.8
HANA.L,2023-10-19,0.8
HANA.L,2024-01-18,0.8
HANA.L,2024-04-25,0.8
HANA.L,2024-07-25,0.8
HANA.L,2024-10-24,0.8
HANA.L,2025-01-23,0.8
HANA.L,2025-04-24,0.8
HAS.L,1993-04-19,0.425
HAS.L,1993-10-04,0.9
HAS.L,1994-04-25,0.4875
HAS.L,1994-10-17,1.0374999
HAS.L,1995-04-18,0.5625
HAS.L,1995-10-30,1.1875
HAS.L,1996-04-22,0.65000004
HAS.L,1996-10-21,1.375
HAS.L,1997-04-28,0.75
HAS.L,1997-10-27,1.575
HAS.L,1998-04-27,0.86249995
HAS.L,1998-10-26,1.8125
HAS.L,1999-04-26,1.0
HAS.L,1999-10-25,2.0749998
HAS.L,2000-04-25,1.15
HAS.L,2000-10-23,2.39
HAS.L,2001-04-25,1.3199999
HAS.L,2001-10-24,2.75
HAS.L,2002-04-24,1.52
HAS.L,2002-10-23,3.1599998
HAS.L,2003-04-23,1.75
HAS.L,2003-10-22,3.6299999
HAS.L,2004-04-21,1.0
HAS.L,2004-10-20,2.0
HAS.L,2005-04-20,1.13
HAS.L,2005-10-05,2.27
HAS.L,2006-04-19,1.4499999
HAS.L,2006-10-18,2.8999999
HAS.L,2007-04-18,1.6
HAS.L,2007-10-17,3.4
HAS.L,2008-03-19,1.85
HAS.L,2008-10-22,3.9500003
HAS.L,2009-03-18,1.85
HAS.L,2009-10-21,3.9500003
HAS.L,2010-03-03,1.85
HAS.L,2010-10-20,3.9500003
HAS.L,2011-03-09,1.85
HAS.L,2011-10-12,3.9500003
HAS.L,2012-02-29,0.83
HAS.L,2012-10-10,1.67
HAS.L,2013-03-06,0.83
HAS.L,2013-10-09,1.67
HAS.L,2014-03-05,0.83
HAS.L,2014-10-09,1.8
HAS.L,2015-03-05,0.87
HAS.L,2015-10-08,1.89
HAS.L,2016-03-03,0.91
HAS.L,2016-10-13,1.99
HAS.L,2017-03-02,0.96000004
HAS.L,2017-10-05,6.5099998
HAS.L,2018-03-01,1.06
HAS.L,2018-10-04,7.75
HAS.L,2019-03-07,1.11
HAS.L,2019-10-03,8.29
HAS.L,2021-09-30,10.15
HAS.L,2022-03-03,0.95
HAS.L,2022-09-29,9.24
HAS.L,2023-03-02,0.95
HAS.L,2023-10-05,4.29
HAS.L,2024-02-29,0.95
HAS.L,2024-10-17,2.05
HAS.L,2025-02-27,0.95
HAS.L,2025-10-16,0.29
HBR.L,2022-04-07,8.4505
HBR.L,2022-09-08,9.4999
HBR.L,2023-04-13,9.6579
HBR.L,2023-09-07,9.6208
HBR.L,2024-04-11,10.443399
HBR.L,2024-08-15,10.0791
HBR.L,2025-04-10,10.0787
HBR.L,2025-08-14,9.7314
HEAD.L,1993-04-19,1.6338
HEAD.L,1993-09-20,0.81289995
HEAD.L,1994-04-11,2.2473
HEAD.L,1994-10-03,0.97230005
HEAD.L,1995-05-15,2.9169002
HEAD.L,1995-10-23,1.1667
HEAD.L,1996-05-28,3.5735998
HEAD.L,1996-11-11,1.4394
HEAD.L,1997-06-02,4.3181
HEAD.L,1997-11-24,1.75
HEAD.L,1998-06-15,5.2999997
HEAD.L,1998-11-30,2.1
HEAD.L,1999-06-14,6.4
HEAD.L,1999-12-06,2.45
HEAD.L,2000-06-12,7.5499997
HEAD.L,2000-12-04,2.8000002
HEAD.L,2001-06-13,7.5499997
HEAD.L,2001-12-12,2.95
HEAD.L,2002-06-12,8.45
HEAD.L,2002-12-11,3.25
HEAD.L,2003-06-11,9.3
HEAD.L,2003-12-10,3.56
HEAD.L,2004-06-09,10.25
HEAD.L,2004-12-08,4.0
HEAD.L,2005-06-08,12.25
HEAD.L,2005-11-30,4.4
HEAD.L,2006-06-06,13.6
HEAD.L,2006-11-29,4.8500004
HEAD.L,2007-06-06,15.299999
HEAD.L,2007-12-05,5.35
HEAD.L,2008-06-04,17.75
HEAD.L,2008-12-03,5.6000004
HEAD.L,2009-06-03,14.1
HEAD.L,2009-12-02,3.7
HEAD.L,2010-06-02,7.2999997
HEAD.L,2010-12-01,3.83
HEAD.L,2011-06-01,8.57
HEAD.L,2011-11-30,4.3
HEAD.L,2012-05-30,9.849999
HEAD.L,2012-12-05,4.65
HEAD.L,2013-06-05,10.2
HEAD.L,2013-12-04,4.65
HEAD.L,2014-06-04,10.65
HEAD.L,2014-12-04,5.2000003
HEAD.L,2015-06-04,12.3
HEAD.L,2015-12-03,6.0
HEAD.L,2016-04-07,6.0
HEAD.L,2016-06-02,14.7
HEAD.L,2016-12-01,6.7000003
HEAD.L,2017-03-30,8.0
HEAD.L,2017-06-01,15.85
HEAD.L,2017-11-30,7.5499997
HEAD.L,2018-05-31,17.25
HEAD.L,2018-11-29,7.5499997
HEAD.L,2019-06-06,17.45
HEAD.L,2019-11-28,7.5499997
HEAD.L,2021-05-06,2.0
HEAD.L,2021-10-28,5.7999997
HEAD.L,2022-05-05,26.300001
HEAD.L,2022-10-27,6.2
HEAD.L,2023-05-11,11.200001
HEAD.L,2023-10-26,4.0
HEAD.L,2024-05-09,6.0
HERC.L,2022-04-28,1.7
HERC.L,2022-07-21,0.6
HERC.L,2023-02-23,1.12
HERC.L,2023-07-20,0.6
HERC.L,2024-02-22,1.12
HERC.L,2024-07-18,0.6
HERC.L,2025-02-20,1.12
HERC.L,2025-07-17,0.6
HFD.L,2004-12-01,3.7
HFD.L,2005-06-15,8.299999
HFD.L,2005-11-30,4.0
HFD.L,2006-06-14,8.75
HFD.L,2006-11-29,4.35
HFD.L,2007-06-27,9.5
HFD.L,2007-11-28,4.75
HFD.L,2008-06-11,10.35
HFD.L,2008-11-26,5.0
HFD.L,2009-06-17,10.9
HFD.L,2009-12-16,6.0
HFD.L,2010-06-30,14.0
HFD.L,2010-12-15,8.0
HFD.L,2011-06-29,14.0
HFD.L,2011-12-21,8.0
HFD.L,2012-07-04,14.0
HFD.L,2012-12-19,8.0
HFD.L,2013-07-03,9.099999
HFD.L,2013-12-18,5.2000003
HFD.L,2014-07-02,9.099999
HFD.L,2014-12-18,5.5
HFD.L,2015-08-06,11.0
HFD.L,2015-12-17,5.66
HFD.L,2016-08-04,11.3
HFD.L,2016-12-15,5.83
HFD.L,2017-01-26,10.0
HFD.L,2017-08-03,11.68
HFD.L,2017-12-07,6.0
HFD.L,2018-07-26,12.030001
HFD.L,2018-12-13,6.18
HFD.L,2019-07-25,12.389999
HFD.L,2019-12-05,6.18
HFD.L,2021-08-12,5.0
HFD.L,2021-12-09,3.0
HFD.L,2022-08-11,6.0
HFD.L,2022-12-15,3.0
HFD.L,2023-08-10,7.0
HFD.L,2023-12-14,3.0
HFD.L,2024-08-08,5.0
HFD.L,2024-12-12,3.0
HFD.L,2025-08-07,5.7999997
HFD.L,2025-12-11,3.0
HFEL.L,1988-05-23,0.5
HFEL.L,1988-11-14,1.125
HFEL.L,1989-05-22,1.0
HFEL.L,1989-07-03,2.0
HFEL.L,1989-11-13,0.8
HFEL.L,1990-02-12,1.0
HFEL.L,1990-05-14,1.0
HFEL.L,1990-08-20,1.0
HFEL.L,1990-11-19,1.0
HFEL.L,1991-02-11,1.0
HFEL.L,1991-05-20,1.0
HFEL.L,1991-08-12,1.1
HFEL.L,1991-11-25,1.1
HFEL.L,1992-02-24,1.1
HFEL.L,1992-05-11,1.1
HFEL.L,1992-08-24,1.1
HFEL.L,1992-11-16,1.2
HFEL.L,1993-02-15,1.2
HFEL.L,1993-05-24,1.2
HFEL.L,1993-08-16,1.3000001
HFEL.L,1993-11-15,1.3000001
HFEL.L,1994-02-14,1.3000001
HFEL.L,1994-05-16,1.4000001
HFEL.L,1994-08-15,1.4000001
HFEL.L,1994-11-14,1.4000001
HFEL.L,1995-02-13,1.5
HFEL.L,1995-05-15,3.0
HFEL.L,1995-08-21,1.5
HFEL.L,1995-11-20,1.6
HFEL.L,1996-02-26,1.6
HFEL.L,1996-05-28,1.6
HFEL.L,1996-08-19,1.6
HFEL.L,1996-11-25,1.7
HFEL.L,1997-02-24,1.7
HFEL.L,1997-05-27,1.7
HFEL.L,1997-08-26,1.7
HFEL.L,1998-02-23,1.7
HFEL.L,1998-05-26,1.7
HFEL.L,1998-08-24,1.7
HFEL.L,1998-11-23,1.7
HFEL.L,1999-02-22,1.7
HFEL.L,1999-06-01,1.7
HFEL.L,1999-08-23,1.7
HFEL.L,1999-11-15,2.7
HFEL.L,2000-03-06,1.8
HFEL.L,2000-05-30,1.8
HFEL.L,2000-09-04,1.8
HFEL.L,2000-11-27,1.9
HFEL.L,2001-02-21,1.9
HFEL.L,2001-05-30,1.9
HFEL.L,2001-09-05,2.0
HFEL.L,2001-12-05,2.0
HFEL.L,2002-02-27,2.0
HFEL.L,2002-06-12,2.0
HFEL.L,2002-09-11,2.0
HFEL.L,2002-11-27,2.0
HFEL.L,2003-03-05,2.0
HFEL.L,2003-05-28,2.0
HFEL.L,2003-09-10,2.05
HFEL.L,2003-11-26,2.05
HFEL.L,2004-02-25,2.05
HFEL.L,2004-05-26,2.1
HFEL.L,2004-08-25,2.1
HFEL.L,2004-12-01,2.1
HFEL.L,2005-02-23,2.1
HFEL.L,2005-05-25,2.1
HFEL.L,2005-08-24,2.2
HFEL.L,2005-11-23,2.2
HFEL.L,2006-02-22,2.2
HFEL.L,2006-05-24,2.2
HFEL.L,2006-08-23,2.3
HFEL.L,2006-12-06,2.3
HFEL.L,2007-05-09,2.75
HFEL.L,2007-08-08,2.75
HFEL.L,2007-11-07,2.75
HFEL.L,2008-02-06,3.0
HFEL.L,2008-05-07,3.0
HFEL.L,2008-08-06,3.0
HFEL.L,2008-11-05,3.0
HFEL.L,2009-02-04,3.0
HFEL.L,2009-05-06,3.0
HFEL.L,2009-08-05,3.2
HFEL.L,2009-11-04,3.2
HFEL.L,2010-02-03,3.2
HFEL.L,2010-05-05,3.2
HFEL.L,2010-08-04,3.6
HFEL.L,2010-11-03,3.6
HFEL.L,2011-02-02,3.6
HFEL.L,2011-05-04,3.6
HFEL.L,2011-08-03,3.9
HFEL.L,2011-11-02,3.9
HFEL.L,2012-02-01,3.9
HFEL.L,2012-05-02,3.9
HFEL.L,2012-08-01,4.1
HFEL.L,2012-11-07,4.1
HFEL.L,2013-02-06,4.1
HFEL.L,2013-05-08,4.1
HFEL.L,2013-08-07,4.4
HFEL.L,2013-11-06,4.4
HFEL.L,2014-02-05,4.4
HFEL.L,2014-05-07,4.4
HFEL.L,2014-08-06,4.7
HFEL.L,2014-11-06,4.7
HFEL.L,2015-02-12,4.7
HFEL.L,2015-05-07,4.7
HFEL.L,2015-08-06,4.9
HFEL.L,2015-11-05,4.9
HFEL.L,2016-02-04,4.9
HFEL.L,2016-05-05,4.9
HFEL.L,2016-08-04,5.1
HFEL.L,2016-11-03,5.1
HFEL.L,2017-02-02,5.1
HFEL.L,2017-05-04,5.1
HFEL.L,2017-08-03,5.2999997
HFEL.L,2017-11-02,5.2999997
HFEL.L,2018-02-01,5.2999997
HFEL.L,2018-05-03,5.2999997
HFEL.L,2018-08-02,5.5
HFEL.L,2018-11-01,5.5
HFEL.L,2019-01-31,5.5
HFEL.L,2019-05-02,5.5
HFEL.L,2019-08-01,5.7
HFEL.L,2019-10-31,5.7
HFEL.L,2020-01-30,5.7
HFEL.L,2020-04-30,5.7
HFEL.L,2020-07-30,5.7999997
HFEL.L,2020-10-29,5.7999997
HFEL.L,2021-01-28,5.7999997
HFEL.L,2021-04-29,5.7999997
HFEL.L,2021-07-29,5.9
HFEL.L,2021-10-28,5.9
HFEL.L,2022-01-27,5.9
HFEL.L,2022-04-28,5.9
HFEL.L,2022-07-28,6.0
HFEL.L,2022-10-27,6.0
HFEL.L,2023-01-26,6.0
HFEL.L,2023-04-27,6.0
HFEL.L,2023-07-27,6.1
HFEL.L,2023-10-26,6.1
HFEL.L,2024-01-25,6.1
HFEL.L,2024-04-25,6.1
HFEL.L,2024-07-25,6.2
HFEL.L,2024-10-24,6.2
HFEL.L,2025-01-30,6.2
HFEL.L,2025-05-01,6.2
HFEL.L,2025-07-24,6.25
HFEL.L,2025-10-30,6.25
HFG.L,2007-10-30,2.2
HFG.L,2008-06-11,5.2000003
HFG.L,2008-11-05,2.4
HFG.L,2009-06-03,5.74
HFG.L,2009-11-04,2.6000001
HFG.L,2010-03-10,5.54
HFG.L,2010-06-02,1.22
HFG.L,2010-11-03,2.8000002
HFG.L,2011-06-01,7.4
HFG.L,2011-11-02,3.1
HFG.L,2012-05-30,8.0
HFG.L,2012-10-31,3.4
HFG.L,2013-05-29,8.6
HFG.L,2013-10-30,3.6499999
HFG.L,2014-05-28,9.099999
HFG.L,2014-10-30,3.8
HFG.L,2015-05-28,9.5
HFG.L,2015-10-29,4.1
HFG.L,2016-03-03,9.2
HFG.L,2016-06-02,1.3000001
HFG.L,2016-11-03,4.6
HFG.L,2017-06-01,12.5
HFG.L,2017-11-02,5.0
HFG.L,2018-05-31,14.0
HFG.L,2018-11-01,5.6000004
HFG.L,2019-05-30,15.800001
HFG.L,2019-10-31,6.0
HFG.L,2020-05-28,15.4
HFG.L,2020-10-29,7.0
HFG.L,2021-06-03,19.0
HFG.L,2021-11-04,8.2
HFG.L,2022-06-01,21.5
HFG.L,2022-11-03,7.1000004
HFG.L,2023-06-01,22.6
HFG.L,2023-11-02,9.0
HFG.L,2024-05-30,23.0
HFG.L,2024-10-31,9.6
HFG.L,2025-05-29,24.9
HFG.L,2025-10-30,10.1
HGT.L,1991-01-28,0.089999996
HGT.L,1992-03-23,0.095
HGT.L,1993-03-15,0.1
HGT.L,1994-02-28,0.11
HGT.L,1995-04-10,0.120000005
HGT.L,1996-04-01,0.45
HGT.L,1997-03-17,0.45
HGT.L,1998-04-06,0.495
HGT.L,1999-04-06,0.495
HGT.L,2000-04-03,0.8
HGT.L,2001-03-07,1.4499999
HGT.L,2002-03-06,0.8
HGT.L,2003-03-26,0.8
HGT.L,2004-03-17,1.2
HGT.L,2005-03-16,0.8
HGT.L,2006-03-22,1.0
HGT.L,2007-03-21,1.4000001
HGT.L,2008-03-26,2.5
HGT.L,2009-04-01,2.5
HGT.L,2010-02-24,2.5
HGT.L,2011-04-06,2.8000002
HGT.L,2012-04-04,1.0
HGT.L,2012-04-05,1.0
HGT.L,2013-04-03,2.3
HGT.L,2014-04-02,2.8999999
HGT.L,2014-09-03,1.9
HGT.L,2015-04-02,3.2
HGT.L,2016-04-07,4.0
HGT.L,2017-04-06,4.6
HGT.L,2017-09-21,1.6
HGT.L,2018-03-29,3.0
HGT.L,2018-09-20,1.6
HGT.L,2019-03-21,3.0
HGT.L,2019-09-19,1.8
HGT.L,2020-03-19,3.0
HGT.L,2020-09-24,2.0
HGT.L,2021-04-29,3.0
HGT.L,2021-09-16,2.0
HGT.L,2022-03-17,5.0
HGT.L,2022-09-22,2.5
HGT.L,2023-03-23,4.5
HGT.L,2023-09-28,2.0
HGT.L,2024-03-21,4.5
HGT.L,2024-09-26,2.0
HGT.L,2025-03-20,3.5
HGT.L,2025-09-25,2.0
HHI.L,2000-09-11,1.8
HHI.L,2000-12-11,2.48
HHI.L,2001-03-21,2.48
HHI.L,2001-06-13,2.48
HHI.L,2001-09-26,2.48
HHI.L,2001-12-19,2.48
HHI.L,2002-03-20,2.48
HHI.L,2002-06-19,2.48
HHI.L,2002-09-25,2.48
HHI.L,2002-12-18,2.48
HHI.L,2003-03-19,2.48
HHI.L,2003-06-18,2.48
HHI.L,2003-09-24,2.48
HHI.L,2003-12-31,2.475
HHI.L,2004-01-02,2.47
HHI.L,2004-04-07,2.48
HHI.L,2004-07-07,2.48
HHI.L,2004-10-06,2.47
HHI.L,2005-01-05,2.47
HHI.L,2005-03-30,2.47
HHI.L,2005-06-22,2.48
HHI.L,2005-09-21,2.48
HHI.L,2006-01-04,1.94
HHI.L,2006-03-29,1.94
HHI.L,2006-06-21,1.94
HHI.L,2006-09-20,1.94
HHI.L,2007-01-03,2.015
HHI.L,2007-03-28,2.015
HHI.L,2007-06-20,2.015
HHI.L,2007-09-19,2.015
HHI.L,2007-09-21,2.015
HHI.L,2008-01-02,2.0749998
HHI.L,2008-04-02,2.0749998
HHI.L,2008-06-25,2.0749998
HHI.L,2008-09-17,2.0749998
HHI.L,2009-01-07,2.0749998
HHI.L,2009-04-01,2.0749998
HHI.L,2009-06-24,2.0749998
HHI.L,2009-09-16,2.0749998
HHI.L,2010-01-06,2.0749998
HHI.L,2010-04-07,2.0749998
HHI.L,2010-06-30,2.0749998
HHI.L,2010-09-22,2.0749998
HHI.L,2010-12-15,2.0749998
HHI.L,2011-04-06,2.0749998
HHI.L,2011-06-29,2.0749998
HHI.L,2011-09-28,2.0749998
HHI.L,2011-12-14,2.0749998
HHI.L,2012-04-11,2.0749998
HHI.L,2012-06-27,2.0749998
HHI.L,2012-09-26,2.0749998
HHI.L,2012-12-19,2.0749998
HHI.L,2013-04-10,2.0749998
HHI.L,2013-06-26,2.0749998
HHI.L,2013-09-25,2.125
HHI.L,2013-12-18,2.125
HHI.L,2014-04-09,2.125
HHI.L,2014-06-25,2.125
HHI.L,2014-09-24,2.175
HHI.L,2014-12-29,2.175
HHI.L,2015-04-09,2.175
HHI.L,2015-06-25,2.175
HHI.L,2015-09-24,2.2749999
HHI.L,2015-12-17,2.2749999
HHI.L,2016-04-07,2.2749999
HHI.L,2016-06-23,2.2749999
HHI.L,2016-09-22,2.2749999
HHI.L,2016-12-15,2.325
HHI.L,2017-04-06,2.325
HHI.L,2017-06-22,2.325
HHI.L,2017-09-21,2.375
HHI.L,2017-12-14,2.375
HHI.L,2018-04-05,2.375
HHI.L,2018-06-21,2.375
HHI.L,2018-09-20,2.4250002
HHI.L,2018-12-13,2.4250002
HHI.L,2019-04-04,2.4250002
HHI.L,2019-06-20,2.4250002
HHI.L,2019-09-19,2.475
HHI.L,2019-12-12,2.475
HHI.L,2020-04-02,2.475
HHI.L,2020-06-18,2.475
HHI.L,2020-09-17,2.475
HHI.L,2020-12-10,2.475
HHI.L,2021-04-01,2.475
HHI.L,2021-06-17,2.475
HHI.L,2021-09-16,2.475
HHI.L,2021-12-16,2.525
HHI.L,2022-04-07,2.525
HHI.L,2022-06-16,2.525
HHI.L,2022-09-15,2.525
HHI.L,2022-12-08,2.575
HHI.L,2023-04-06,2.575
HHI.L,2023-06-15,2.575
HHI.L,2023-09-14,2.575
HHI.L,2023-12-07,2.625
HHI.L,2024-04-04,2.625
HHI.L,2024-06-13,2.625
HHI.L,2024-09-12,2.675
HHI.L,2024-12-12,2.675
HHI.L,2025-04-03,2.675
HHI.L,2025-06-12,2.675
HHI.L,2025-09-11,2.775
HHI.L,2025-12-11,2.775
HHV.L,2006-06-14,5.0
HHV.L,2007-06-06,5.0
HHV.L,2008-06-04,4.0
HHV.L,2009-01-07,1.0
HHV.L,2009-06-10,2.0
HHV.L,2010-06-09,2.0
HHV.L,2011-01-12,2.0
HHV.L,2011-06-15,2.0
HHV.L,2011-12-28,2.0
HHV.L,2012-05-30,1.5
HHV.L,2013-01-02,1.75
HHV.L,2013-06-05,1.5
HHV.L,2013-12-31,2.25
HHV.L,2014-06-04,1.75
HHV.L,2014-12-29,2.5
HHV.L,2015-06-11,1.75
HHV.L,2015-12-17,2.25
HHV.L,2016-06-09,1.75
HHV.L,2016-12-15,2.25
HHV.L,2017-06-08,1.75
HHV.L,2017-12-28,2.25
HHV.L,2018-07-05,1.75
HHV.L,2018-09-27,1.0
HHV.L,2019-01-17,2.6499999
HHV.L,2019-07-04,1.5
HHV.L,2019-11-07,1.75
HHV.L,2020-01-09,2.25
HHV.L,2020-07-02,1.0
HHV.L,2021-01-07,2.6499999
HHV.L,2021-07-01,1.75
HHV.L,2021-09-30,2.5
HHV.L,2022-01-06,3.15
HHV.L,2022-06-30,1.0
HHV.L,2023-01-05,4.0
HHV.L,2023-06-29,1.0
HHV.L,2024-01-04,1.5
HHV.L,2024-06-27,2.5
HHV.L,2025-01-02,2.75
HHV.L,2025-06-26,1.25
HICL.L,2006-11-29,2.7675
HICL.L,2007-06-06,3.099
HICL.L,2007-11-28,2.9309
HICL.L,2008-04-30,3.075
HICL.L,2008-11-19,3.0029001
HICL.L,2009-05-27,3.1471
HICL.L,2009-11-18,3.075
HICL.L,2010-05-26,3.2192
HICL.L,2010-11-17,3.0753
HICL.L,2011-05-25,3.3469
HICL.L,2011-11-16,3.2735999
HICL.L,2012-04-18,3.5
HICL.L,2012-04-19,3.5
HICL.L,2012-11-21,3.425
HICL.L,2013-02-27,3.5750003
HICL.L,2013-11-20,3.5
HICL.L,2014-05-21,3.6
HICL.L,2014-08-20,1.8100001
HICL.L,2014-11-27,1.8100001
HICL.L,2015-02-26,1.8100001
HICL.L,2015-05-28,1.87
HICL.L,2015-08-27,1.86
HICL.L,2015-11-26,1.86
HICL.L,2016-02-25,1.86
HICL.L,2016-05-26,1.87
HICL.L,2016-08-25,1.91
HICL.L,2016-11-24,1.91
HICL.L,2017-03-02,1.91
HICL.L,2017-05-25,1.9200001
HICL.L,2017-08-24,1.96
HICL.L,2017-11-23,1.96
HICL.L,2018-03-01,1.96
HICL.L,2018-05-24,1.97
HICL.L,2018-08-23,2.01
HICL.L,2018-11-22,2.01
HICL.L,2019-02-21,2.01
HICL.L,2019-06-06,2.02
HICL.L,2019-09-05,2.06
HICL.L,2019-11-28,2.06
HICL.L,2020-03-05,2.06
HICL.L,2020-06-04,2.07
HICL.L,2020-08-06,2.06
HICL.L,2020-11-26,2.06
HICL.L,2021-03-04,2.06
HICL.L,2021-05-27,2.07
HICL.L,2021-08-26,2.06
HICL.L,2021-11-25,2.06
HICL.L,2022-03-03,2.06
HICL.L,2022-05-26,2.06
HICL.L,2022-08-25,2.06
HICL.L,2022-11-24,2.06
HICL.L,2023-03-02,2.06
HICL.L,2023-05-25,2.07
HICL.L,2023-08-24,2.06
HICL.L,2023-11-23,2.06
HICL.L,2024-02-29,2.06
HICL.L,2024-05-23,2.07
HICL.L,2024-07-25,2.06
HICL.L,2024-11-21,2.06
HICL.L,2025-03-06,2.06
HICL.L,2025-05-22,2.07
HICL.L,2025-07-31,2.08
HICL.L,2025-11-27,2.09
HIK.L,2006-04-26,0.5
HIK.L,2006-09-27,1.6
HIK.L,2007-05-16,2.1
HIK.L,2007-09-26,1.7
HIK.L,2008-04-30,2.0
HIK.L,2008-09-17,1.9
HIK.L,2009-04-29,2.8000002
HIK.L,2009-09-16,2.75
HIK.L,2010-04-14,4.4
HIK.L,2010-09-08,3.6
HIK.L,2011-04-13,4.6
HIK.L,2011-09-07,3.5549998
HIK.L,2012-04-18,4.6
HIK.L,2012-08-29,3.694
HIK.L,2013-04-17,6.7000003
HIK.L,2013-09-04,6.258
HIK.L,2014-04-23,10.2
HIK.L,2014-08-27,6.6
HIK.L,2015-04-16,13.311
HIK.L,2015-08-27,7.1364
HIK.L,2016-04-07,14.4728
HIK.L,2016-09-01,8.4498005
HIK.L,2017-04-06,16.457981
HIK.L,2017-08-24,8.5
HIK.L,2018-04-05,16.0
HIK.L,2018-08-23,9.4
HIK.L,2019-04-04,20.0
HIK.L,2019-08-22,14.0
HIK.L,2020-03-19,24.2169
HIK.L,2020-08-20,12.0
HIK.L,2021-03-18,24.703901
HIK.L,2021-08-19,13.0
HIK.L,2022-03-17,26.0
HIK.L,2022-08-18,16.0
HIK.L,2023-03-23,29.5244
HIK.L,2023-08-10,19.8824
HIK.L,2024-03-21,37.1432
HIK.L,2024-08-15,24.2645
HIK.L,2025-03-20,37.2093
HIK.L,2025-08-14,26.931242
HILS.L,1993-02-15,2.8328
HILS.L,1993-08-02,1.6271001
HILS.L,1994-02-14,3.1766002
HILS.L,1994-08-01,1.7898
HILS.L,1995-01-30,3.4943
HILS.L,1995-07-31,1.9687
HILS.L,1996-01-29,3.8437002
HILS.L,1996-06-25,2.1
HILS.L,1997-01-27,4.1
HILS.L,1997-07-28,2.1
HILS.L,1998-01-26,2.1
HILS.L,1998-07-27,2.1
HILS.L,1999-01-25,2.1
HILS.L,1999-07-26,2.1
HILS.L,2000-02-07,2.1
HILS.L,2000-07-24,2.1
HILS.L,2001-02-07,2.1
HILS.L,2001-07-11,2.1
HILS.L,2002-02-06,2.1
HILS.L,2002-05-08,1.25
HILS.L,2002-12-04,2.1
HILS.L,2003-06-04,2.4
HILS.L,2003-12-03,2.15
HILS.L,2004-06-09,2.45
HILS.L,2004-12-22,2.25
HILS.L,2005-06-08,2.75
HILS.L,2005-12-07,2.6000001
HILS.L,2006-06-07,3.4
HILS.L,2006-12-13,3.0
HILS.L,2007-06-06,4.2
HILS.L,2007-12-12,3.6
HILS.L,2008-06-04,5.1
HILS.L,2008-11-26,4.3
HILS.L,2009-06-03,5.7
HILS.L,2009-11-25,4.7
HILS.L,2010-06-02,6.8
HILS.L,2010-11-24,5.2000003
HILS.L,2011-06-01,7.5000005
HILS.L,2011-11-23,5.4
HILS.L,2012-05-30,7.8
HILS.L,2012-11-21,5.7999997
HILS.L,2013-05-29,9.2
HILS.L,2013-11-20,6.0
HILS.L,2014-05-28,10.0
HILS.L,2014-11-20,6.4
HILS.L,2015-05-28,11.599999
HILS.L,2015-11-19,7.1000004
HILS.L,2016-05-26,13.6
HILS.L,2016-11-24,8.5
HILS.L,2017-05-25,17.9
HILS.L,2017-11-30,9.4
HILS.L,2018-05-24,20.6
HILS.L,2018-11-29,10.0
HILS.L,2019-05-23,21.8
HILS.L,2019-11-28,10.599999
HILS.L,2020-12-03,9.2
HILS.L,2021-06-03,17.5
HILS.L,2021-12-02,12.0
HILS.L,2022-06-01,19.0
HILS.L,2022-12-01,13.0
HILS.L,2023-06-01,22.0
HILS.L,2023-11-30,15.000001
HILS.L,2024-05-30,28.0
HILS.L,2024-11-28,16.5
HILS.L,2025-05-29,32.5
HILS.L,2025-11-27,18.0
HLCL.L,1993-03-29,0.768
HLCL.L,1993-10-04,0.8
HLCL.L,1994-04-25,1.056
HLCL.L,1994-10-10,0.88
HLCL.L,1995-05-01,1.2
HLCL.L,1995-10-09,0.928
HLCL.L,1996-05-07,1.408
HLCL.L,1996-10-07,1.008
HLCL.L,1997-07-21,2.192
HLCL.L,1997-12-08,1.12
HLCL.L,1998-06-15,1.76
HLCL.L,1998-11-30,1.28
HLCL.L,1999-03-01,32.0
HLCL.L,1999-06-21,1.9200001
HLCL.L,1999-12-06,1.408
HLCL.L,2000-06-19,2.16
HLCL.L,2000-11-27,1.6
HLCL.L,2001-06-13,2.4
HLCL.L,2001-11-21,1.76
HLCL.L,2002-03-27,32.0
HLCL.L,2002-06-12,2.6399999
HLCL.L,2002-11-27,1.9200001
HLCL.L,2003-06-11,2.8799999
HLCL.L,2003-12-03,2.112
HLCL.L,2004-06-16,3.2
HLCL.L,2004-11-24,2.112
HLCL.L,2005-06-08,2.2
HLCL.L,2005-11-30,1.4499999
HLCL.L,2006-06-21,2.45
HLCL.L,2006-12-06,1.6
HLCL.L,2007-06-27,2.75
HLCL.L,2007-12-05,1.75
HLCL.L,2008-06-25,2.75
HLCL.L,2008-12-03,1.75
HLCL.L,2009-07-01,2.75
HLCL.L,2009-12-02,1.75
HLCL.L,2010-03-10,2.75
HLCL.L,2010-06-23,0.25
HLCL.L,2010-12-01,1.75
HLCL.L,2011-06-29,3.15
HLCL.L,2011-11-30,1.75
HLCL.L,2012-06-27,3.4
HLCL.L,2012-11-28,1.85
HLCL.L,2013-07-03,3.7
HLCL.L,2013-12-04,2.0
HLCL.L,2014-07-02,4.75
HLCL.L,2014-12-11,2.1
HLCL.L,2015-07-02,5.15
HLCL.L,2015-12-03,2.3
HLCL.L,2016-06-30,5.87
HLCL.L,2016-12-01,2.4
HLCL.L,2017-06-22,6.2
HLCL.L,2017-11-23,2.5
HLCL.L,2018-06-14,7.0
HLCL.L,2018-11-29,2.6000001
HLCL.L,2019-06-13,7.5000005
HLCL.L,2019-11-28,2.7
HLCL.L,2020-06-25,6.0
HLCL.L,2020-12-03,2.7
HLCL.L,2021-06-24,7.4
HLCL.L,2021-12-02,2.8999999
HLCL.L,2022-06-23,8.25
HLCL.L,2022-12-01,3.05
HLCL.L,2023-06-22,8.7
HLCL.L,2023-11-30,3.05
HLCL.L,2024-06-27,1.78
HLCL.L,2024-12-05,1.5
HLCL.L,2025-06-26,3.5
HLCL.L,2025-12-04,1.5
HLMA.L,1993-01-04,0.43879998
HLMA.L,1993-07-05,0.675
HLMA.L,1994-01-04,0.5231
HLMA.L,1994-07-04,0.81
HLMA.L,1994-12-19,0.63
HLMA.L,1995-07-10,0.9731
HLMA.L,1996-01-02,0.7575
HLMA.L,1996-07-08,1.17
HLMA.L,1996-12-30,0.90749997
HLMA.L,1997-07-14,1.4025
HLMA.L,1998-01-05,1.09
HLMA.L,1998-07-13,1.68
HLMA.L,1999-01-11,1.3100001
HLMA.L,1999-07-19,2.02
HLMA.L,1999-12-29,1.5699999
HLMA.L,2000-07-17,2.42
HLMA.L,2000-12-27,1.8100001
HLMA.L,2001-07-18,2.79
HLMA.L,2002-01-02,2.08
HLMA.L,2002-07-17,3.21
HLMA.L,2003-01-02,2.29
HLMA.L,2003-07-16,3.5300002
HLMA.L,2004-01-07,2.44
HLMA.L,2004-07-21,3.7500002
HLMA.L,2005-01-05,2.5800002
HLMA.L,2005-07-20,3.92
HLMA.L,2006-01-04,2.71
HLMA.L,2006-07-19,4.12
HLMA.L,2007-01-03,2.85
HLMA.L,2007-07-18,4.33
HLMA.L,2008-01-02,3.0
HLMA.L,2008-07-16,4.5499997
HLMA.L,2008-12-31,3.15
HLMA.L,2009-07-15,4.78
HLMA.L,2010-01-06,3.3100002
HLMA.L,2010-07-21,5.19
HLMA.L,2011-01-05,3.54
HLMA.L,2011-07-20,5.56
HLMA.L,2012-01-04,3.79
HLMA.L,2012-07-18,5.9500003
HLMA.L,2013-01-02,4.0600004
HLMA.L,2013-07-17,6.37
HLMA.L,2013-12-31,4.35
HLMA.L,2014-07-16,6.82
HLMA.L,2014-12-29,4.65
HLMA.L,2015-07-16,7.31
HLMA.L,2015-12-31,4.98
HLMA.L,2016-07-14,7.83
HLMA.L,2016-12-29,5.33
HLMA.L,2017-07-13,8.38
HLMA.L,2017-12-28,5.71
HLMA.L,2018-07-12,8.97
HLMA.L,2018-12-27,6.1099997
HLMA.L,2019-07-11,9.6
HLMA.L,2019-12-24,6.5399995
HLMA.L,2020-08-27,9.96
HLMA.L,2020-12-24,6.87
HLMA.L,2021-07-08,10.78
HLMA.L,2021-12-23,7.35
HLMA.L,2022-07-14,11.53
HLMA.L,2022-12-22,7.8599997
HLMA.L,2023-07-13,12.34
HLMA.L,2023-12-21,8.41
HLMA.L,2024-07-11,13.2
HLMA.L,2024-12-19,9.0
HLMA.L,2025-07-10,14.120001
HLN.L,2023-03-16,2.4
HLN.L,2023-08-24,1.8
HLN.L,2024-03-14,4.2
HLN.L,2024-08-15,2.0
HLN.L,2025-04-24,4.6
HLN.L,2025-08-14,2.2
HMSO.L,1993-05-10,17.797
HMSO.L,1993-10-04,10.3792
HMSO.L,1994-04-11,19.2756
HMSO.L,1994-10-03,10.3792
HMSO.L,1995-04-03,19.2756
HMSO.L,1995-09-18,10.4809
HMSO.L,1996-03-25,21.411
HMSO.L,1996-09-16,11.0798
HMSO.L,1997-03-24,22.673
HMSO.L,1997-09-15,11.5858
HMSO.L,1998-03-23,25.0989
HMSO.L,1998-09-14,12.7974
HMSO.L,1999-03-15,26.896101
HMSO.L,1999-09-06,12.9833
HMSO.L,2000-03-13,28.2286
HMSO.L,2000-09-25,13.634001
HMSO.L,2001-03-14,29.746899
HMSO.L,2001-09-26,14.191701
HMSO.L,2002-03-13,31.792
HMSO.L,2002-09-25,14.904401
HMSO.L,2003-03-05,34.054
HMSO.L,2003-09-24,15.865
HMSO.L,2004-04-14,36.285
HMSO.L,2004-09-22,16.8876
HMSO.L,2005-04-13,38.640003
HMSO.L,2005-09-21,17.9721
HMSO.L,2006-04-12,43.101997
HMSO.L,2006-09-20,19.7693
HMSO.L,2007-04-11,47.4091
HMSO.L,2007-09-19,37.1836
HMSO.L,2008-04-09,47.4091
HMSO.L,2008-08-13,39.0428
HMSO.L,2009-02-18,47.4091
HMSO.L,2009-08-19,31.7332
HMSO.L,2010-03-03,38.8104
HMSO.L,2010-08-18,32.6464
HMSO.L,2011-03-09,40.1802
HMSO.L,2011-08-17,33.3313
HMSO.L,2012-03-14,42.4632
HMSO.L,2012-08-15,35.1577
HMSO.L,2013-04-03,45.6593
HMSO.L,2013-08-21,37.897198
HMSO.L,2014-03-12,49.312
HMSO.L,2014-08-20,40.1802
HMSO.L,2015-03-12,52.9648
HMSO.L,2015-08-20,43.3763
HMSO.L,2016-03-17,58.443897
HMSO.L,2016-08-25,46.1159
HMSO.L,2017-03-16,63.4664
HMSO.L,2017-08-31,48.855503
HMSO.L,2018-03-15,67.5758
HMSO.L,2018-08-30,50.6818
HMSO.L,2019-03-21,67.5758
HMSO.L,2019-08-29,50.6818
HMSO.L,2020-11-19,2.0
HMSO.L,2021-04-01,2.0
HMSO.L,2021-10-28,2.0
HMSO.L,2022-03-31,2.0
HMSO.L,2022-10-06,2.0
HMSO.L,2023-08-24,7.2
HMSO.L,2024-04-04,7.8
HMSO.L,2024-08-22,7.56
HMSO.L,2025-04-24,8.070001
HMSO.L,2025-09-04,7.9400005
HOC.L,2007-06-13,0.3317
HOC.L,2007-09-26,0.87479997
HOC.L,2008-04-16,3.2152998
HOC.L,2008-09-03,0.9942
HOC.L,2009-04-29,1.1995
HOC.L,2009-09-02,1.0862
HOC.L,2010-04-28,1.1552
HOC.L,2010-09-01,1.1481
HOC.L,2011-05-11,1.6257999
HOC.L,2011-08-31,1.6310999
HOC.L,2012-05-02,1.6381999
HOC.L,2012-08-29,1.6761999
HOC.L,2013-05-08,1.7134
HOC.L,2016-09-01,1.0509
HOC.L,2017-04-20,1.082
HOC.L,2017-08-31,1.061
HOC.L,2018-05-10,1.4508
HOC.L,2018-08-30,1.5186
HOC.L,2019-05-16,1.5227001
HOC.L,2019-08-29,1.6365999
HOC.L,2020-12-03,2.983
HOC.L,2021-05-06,1.681
HOC.L,2021-09-09,1.413
HOC.L,2022-05-05,1.8759999
HOC.L,2022-09-01,1.6750001
HOC.L,2025-05-08,1.457
HOC.L,2025-09-04,0.74200004
HOME.L,2021-02-25,0.83
HOME.L,2021-06-03,0.83
HOME.L,2021-09-23,0.84
HOME.L,2022-02-03,1.37
HOME.L,2022-05-12,1.37
HOME.L,2022-08-11,1.38
HOME.L,2022-12-21,1.38
HRI.L,1995-03-27,0.5
HRI.L,1996-03-25,0.65000004
HRI.L,1997-03-17,0.81
HRI.L,1998-03-23,0.85
HRI.L,1999-03-22,0.9
HRI.L,2000-03-20,0.85
HRI.L,2001-03-21,0.85
HRI.L,2002-03-20,0.85
HRI.L,2003-03-26,0.85
HRI.L,2004-03-24,0.3
HRI.L,2005-03-23,0.3
HRI.L,2006-03-29,0.6
HRI.L,2007-04-11,1.2
HRI.L,2008-04-09,0.5
HRI.L,2009-04-08,5.0
HRI.L,2010-04-01,0.3
HRI.L,2010-04-07,0.3
HRI.L,2012-04-04,1.0
HRI.L,2013-04-10,1.0
HSBA.L,1993-03-29,4.1248
HSBA.L,1993-09-20,2.0333
HSBA.L,1994-03-14,4.7929
HSBA.L,1994-09-05,2.3237998
HSBA.L,1995-03-27,5.5190997
HSBA.L,1995-09-04,2.6869001
HSBA.L,1996-03-25,6.6084
HSBA.L,1996-08-19,4.3572
HSBA.L,1997-03-17,7.5524
HSBA.L,1997-08-18,5.8096
HSBA.L,1998-03-09,8.7144
HSBA.L,1998-08-17,6.4486
HSBA.L,1999-03-08,10.007
HSBA.L,1999-08-16,7.3201
HSBA.L,2000-03-13,11.1456995
HSBA.L,2000-08-14,8.7144
HSBA.L,2001-03-14,15.407001
HSBA.L,2001-08-22,11.3287
HSBA.L,2002-03-20,17.428701
HSBA.L,2002-08-21,11.3287
HSBA.L,2003-03-19,17.428701
HSBA.L,2003-08-20,12.6707
HSBA.L,2003-11-26,5.856
HSBA.L,2004-03-17,11.720799
HSBA.L,2004-05-19,5.856
HSBA.L,2004-08-18,5.856
HSBA.L,2004-11-24,6.0302997
HSBA.L,2005-03-16,12.2872
HSBA.L,2005-05-18,6.6665
HSBA.L,2005-08-17,6.8756
HSBA.L,2005-11-23,6.9017997
HSBA.L,2006-03-22,14.709801
HSBA.L,2006-05-17,7.1805997
HSBA.L,2006-08-16,6.8669
HSBA.L,2006-11-22,6.7622995
HSBA.L,2007-03-21,15.7381
HSBA.L,2007-05-16,7.4072003
HSBA.L,2007-08-15,7.3113003
HSBA.L,2007-11-21,7.5118
HSBA.L,2008-03-19,17.0889
HSBA.L,2008-05-21,7.8603
HSBA.L,2008-08-20,8.7144
HSBA.L,2008-11-19,10.7727
HSBA.L,2009-03-18,5.9876
HSBA.L,2009-05-20,4.839
HSBA.L,2009-08-19,5.039
HSBA.L,2009-11-18,4.946
HSBA.L,2010-03-17,6.475
HSBA.L,2010-05-19,5.3190002
HSBA.L,2010-08-18,5.0542
HSBA.L,2010-11-17,5.119
HSBA.L,2011-03-16,7.2464
HSBA.L,2011-05-18,5.6345
HSBA.L,2011-08-17,5.81
HSBA.L,2011-11-23,5.828
HSBA.L,2012-03-14,8.698999
HSBA.L,2012-05-16,5.633
HSBA.L,2012-08-15,5.5537996
HSBA.L,2012-10-24,5.604
HSBA.L,2013-03-20,11.585
HSBA.L,2013-05-22,6.5800004
HSBA.L,2013-08-21,6.2033
HSBA.L,2013-10-23,6.102
HSBA.L,2014-03-12,11.291901
HSBA.L,2014-05-21,5.8768
HSBA.L,2014-08-20,6.1622
HSBA.L,2014-10-23,6.3633003
HSBA.L,2015-03-05,13.400001
HSBA.L,2015-05-21,6.3708997
HSBA.L,2015-08-13,6.4436
HSBA.L,2015-10-22,6.6014996
HSBA.L,2016-03-03,14.7908
HSBA.L,2016-05-19,7.5421
HSBA.L,2016-08-11,7.6633
HSBA.L,2016-10-20,8.0417
HSBA.L,2017-02-23,16.675701
HSBA.L,2017-05-18,7.8636
HSBA.L,2017-08-03,7.5769997
HSBA.L,2017-10-12,7.6405005
HSBA.L,2018-02-22,14.762001
HSBA.L,2018-05-17,7.5502
HSBA.L,2018-08-16,7.632
HSBA.L,2018-10-11,7.7799997
HSBA.L,2019-02-21,15.9271
HSBA.L,2019-05-16,7.8368
HSBA.L,2019-08-15,8.0335
HSBA.L,2019-10-10,7.7998
HSBA.L,2021-03-11,10.7923
HSBA.L,2021-08-19,5.1203003
HSBA.L,2022-03-10,13.8188
HSBA.L,2022-08-18,7.8821
HSBA.L,2023-03-02,18.5392
HSBA.L,2023-05-11,7.9378
HSBA.L,2023-08-10,7.9779997
HSBA.L,2023-11-09,7.9529004
HSBA.L,2024-03-07,24.8286
HSBA.L,2024-05-09,24.3432
HSBA.L,2024-08-15,7.5817
HSBA.L,2024-11-07,7.8285003
HSBA.L,2025-03-06,27.319801
HSBA.L,2025-05-08,7.3666997
HSBA.L,2025-08-14,7.3562
HSBA.L,2025-11-06,7.5079
HSD.L,2007-04-04,4.0
HSD.L,2007-10-24,11.0
HSD.L,2008-03-05,5.0
HSD.L,2008-10-29,7.0
HSD.L,2009-03-04,5.25
HSD.L,2009-09-30,7.35
HSD.L,2010-03-03,5.5
HSD.L,2010-09-29,7.7
HSD.L,2011-03-02,5.75
HSD.L,2011-09-28,8.0
HSD.L,2012-02-29,5.9
HSD.L,2012-09-26,8.0
HSD.L,2013-03-06,3.25
HSD.L,2013-10-02,4.75
HSD.L,2014-03-05,3.4
HSD.L,2014-10-01,5.0
HSD.L,2015-03-05,3.5
HSD.L,2015-10-01,5.25
HSD.L,2016-03-03,3.6
HSD.L,2016-09-29,5.2999997
HSD.L,2017-03-02,3.6
HSD.L,2017-10-05,5.2999997
HSD.L,2018-03-01,1.8
HSD.L,2018-10-04,2.6499999
HSD.L,2019-03-14,1.8
HSD.L,2019-10-03,2.6499999
HSD.L,2020-03-12,1.8
HSD.L,2020-10-01,2.6499999
HSD.L,2021-03-11,1.8
HSD.L,2021-09-30,2.6499999
HSD.L,2022-03-10,1.8
HSD.L,2022-09-29,2.6499999
HSD.L,2023-03-16,1.8
HSD.L,2023-10-05,2.6499999
HSD.L,2024-03-14,1.8
HSD.L,2024-10-03,2.6499999
HSD.L,2025-03-13,1.8
HSD.L,2025-10-02,2.6499999
HSL.L,1972-12-29,0.17300001
HSL.L,1973-07-02,0.252
HSL.L,1973-12-28,0.198
HSL.L,1974-07-08,0.27699998
HSL.L,1974-12-24,0.2
HSL.L,1975-06-30,0.29200003
HSL.L,1975-12-29,0.2
HSL.L,1976-06-28,0.367
HSL.L,1977-01-04,0.217
HSL.L,1977-07-25,0.45
HSL.L,1978-01-03,0.25
HSL.L,1978-07-24,0.558
HSL.L,1979-01-02,0.3
HSL.L,1979-08-13,0.70000005
HSL.L,1979-12-28,0.45
HSL.L,1980-07-28,0.925
HSL.L,1980-12-24,0.55
HSL.L,1981-07-24,0.925
HSL.L,1981-12-23,0.55
HSL.L,1982-07-19,0.95
HSL.L,1982-12-31,0.55
HSL.L,1983-08-01,1.05
HSL.L,1983-12-30,0.6
HSL.L,1984-07-30,1.1
HSL.L,1984-12-24,0.6
HSL.L,1985-08-12,1.3000001
HSL.L,1986-01-13,0.9
HSL.L,1986-08-11,1.2
HSL.L,1987-01-12,0.95
HSL.L,1987-08-10,1.25
HSL.L,1988-01-11,1.0
HSL.L,1988-08-15,1.3000001
HSL.L,1988-12-28,1.2
HSL.L,1989-08-14,1.8
HSL.L,1990-02-12,1.5
HSL.L,1990-08-06,1.9
HSL.L,1991-02-11,1.5
HSL.L,1991-08-12,2.2
HSL.L,1992-02-10,1.5
HSL.L,1992-08-10,2.2
HSL.L,1993-02-01,1.5
HSL.L,1993-08-02,2.3
HSL.L,1994-02-14,1.5
HSL.L,1994-08-08,2.3
HSL.L,1995-02-06,1.5
HSL.L,1995-08-07,2.4
HSL.L,1996-02-12,1.5
HSL.L,1996-09-02,2.45
HSL.L,1997-02-10,1.5
HSL.L,1997-09-01,2.45
HSL.L,1998-02-23,1.5
HSL.L,1998-09-07,2.45
HSL.L,1999-02-22,1.5
HSL.L,1999-09-06,2.45
HSL.L,2000-09-04,0.5
HSL.L,2001-09-05,0.5
HSL.L,2002-09-04,0.5
HSL.L,2003-09-03,0.5
HSL.L,2004-09-01,1.0
HSL.L,2005-08-31,1.15
HSL.L,2006-08-30,1.35
HSL.L,2007-08-29,1.7
HSL.L,2008-08-27,3.8
HSL.L,2009-09-09,5.6000004
HSL.L,2010-09-15,3.6
HSL.L,2011-09-14,4.2
HSL.L,2012-09-19,5.5
HSL.L,2013-09-18,6.5
HSL.L,2014-02-12,3.0
HSL.L,2014-09-17,8.0
HSL.L,2015-02-12,3.5
HSL.L,2015-09-17,10.0
HSL.L,2016-02-11,4.0
HSL.L,2016-09-01,11.0
HSL.L,2017-02-16,5.0
HSL.L,2017-09-07,13.0
HSL.L,2018-02-15,6.0
HSL.L,2018-08-30,15.000001
HSL.L,2019-02-14,6.5
HSL.L,2019-08-08,16.5
HSL.L,2020-02-13,7.0
HSL.L,2020-08-27,16.5
HSL.L,2021-02-11,7.0
HSL.L,2021-08-26,16.75
HSL.L,2022-02-10,7.0
HSL.L,2022-08-25,17.0
HSL.L,2023-02-09,7.0
HSL.L,2023-08-24,19.0
HSL.L,2024-02-08,7.5000005
HSL.L,2024-08-29,19.5
HSL.L,2025-02-06,7.5000005
HSL.L,2025-08-28,20.5
HSP.L,2006-09-13,5.0
HSP.L,2007-03-07,3.0
HSP.L,2007-09-12,6.0
HSP.L,2008-02-20,3.3
HSP.L,2008-09-24,7.0
HSP.L,2009-02-25,3.8
HSP.L,2009-10-14,8.0
HSP.L,2010-02-24,4.4
HSP.L,2010-10-13,9.099999
HSP.L,2011-03-02,5.1
HSP.L,2011-10-12,10.400001
HSP.L,2012-02-29,6.0
HSP.L,2012-11-07,11.8
HSP.L,2013-03-06,6.8999996
HSP.L,2013-11-06,13.6
HSP.L,2014-02-19,8.8
HSP.L,2014-10-23,16.699999
HSP.L,2015-02-26,10.0
HSP.L,2015-09-24,20.0
HSP.L,2016-02-25,1.7
HSP.L,2016-09-22,0.6
HSP.L,2017-02-23,2.7
HSP.L,2017-09-21,4.5
HSP.L,2018-02-22,2.7
HSP.L,2018-09-20,4.5
HSP.L,2019-02-28,2.7
HSP.L,2019-09-19,4.5
HSP.L,2020-09-17,4.5
HSP.L,2021-02-25,2.7
HSP.L,2021-09-16,16.5
HSP.L,2022-02-24,2.8000002
HSP.L,2022-09-22,17.6
HSP.L,2023-03-23,3.0
HSP.L,2023-09-21,18.0
HSP.L,2024-03-21,18.0
HSP.L,2024-09-26,18.0
HSP.L,2025-03-20,18.5
HSP.L,2025-09-25,18.5
HSW.L,2016-04-28,2.3831244
HSW.L,2016-09-01,4.1596785
HSW.L,2017-04-27,18.11185
HSW.L,2017-08-31,4.4196744
HSW.L,2018-05-10,10.399152
HSW.L,2018-08-30,4.1596785
HSW.L,2019-05-09,7.799364
HSW.L,2019-08-29,3.6396856
HSW.L,2025-08-28,0.72074723
HSX.L,2007-05-02,10.0424
HSX.L,2007-08-29,5.7385
HSX.L,2008-05-14,11.477
HSX.L,2008-08-27,6.0971
HSX.L,2009-05-13,12.1943
HSX.L,2009-09-02,7.1731
HSX.L,2010-03-03,16.7373
HSX.L,2010-09-01,7.9701
HSX.L,2011-05-11,18.331299
HSX.L,2011-08-10,7.3166
HSX.L,2012-05-09,17.072
HSX.L,2012-08-08,8.607699
HSX.L,2013-03-26,17.2155
HSX.L,2013-08-07,8.9377
HSX.L,2014-03-19,15.9091
HSX.L,2014-08-06,8.522699
HSX.L,2015-03-26,15.000001
HSX.L,2015-08-06,8.888901
HSX.L,2016-03-10,16.0
HSX.L,2016-08-04,8.5
HSX.L,2017-05-11,19.0
HSX.L,2017-08-10,9.5
HSX.L,2018-05-10,19.5
HSX.L,2018-08-09,10.320001
HSX.L,2019-05-09,22.59
HSX.L,2019-08-08,11.280001
HSX.L,2021-08-12,8.33
HSX.L,2022-05-05,18.3
HSX.L,2022-08-11,10.37
HSX.L,2023-05-04,19.390001
HSX.L,2023-08-17,9.99
HSX.L,2024-05-02,19.63
HSX.L,2024-08-15,10.05
HSX.L,2025-04-24,22.23
HSX.L,2025-08-14,10.7
HTG.L,1993-04-19,5.4561
HTG.L,1993-10-18,3.7403
HTG.L,1994-04-25,5.6105
HTG.L,1994-10-31,3.7403
HTG.L,1995-04-24,5.6105
HTG.L,1995-10-16,3.7403
HTG.L,1996-04-09,5.6105
HTG.L,1997-04-07,5.6105
HTG.L,1997-09-22,2.8053
HTG.L,1997-12-15,2.8053
HTG.L,1998-03-30,3.039
HTG.L,1998-09-21,2.8053
HTG.L,1999-03-29,0.4675
HTG.L,1999-09-20,2.8053
HTG.L,2000-03-27,5.8443
HTG.L,2000-09-18,2.8053
HTG.L,2001-03-28,5.8443
HTG.L,2001-09-12,11.221
HTG.L,2002-03-27,3.7403
HTG.L,2002-09-18,0.9351
HTG.L,2003-06-04,1.8702
HTG.L,2003-11-05,1.1689
HTG.L,2004-06-09,2.1039
HTG.L,2004-11-03,1.4026
HTG.L,2005-06-08,2.8053
HTG.L,2005-11-02,2.0
HTG.L,2006-06-07,4.0
HTG.L,2006-11-01,2.3
HTG.L,2007-06-13,5.2000003
HTG.L,2007-10-31,2.55
HTG.L,2008-05-28,5.7
HTG.L,2008-10-29,2.8999999
HTG.L,2009-05-27,7.0
HTG.L,2009-10-28,3.5
HTG.L,2010-03-03,7.0
HTG.L,2010-10-27,3.7
HTG.L,2011-06-08,8.299999
HTG.L,2011-10-26,4.0
HTG.L,2012-06-06,11.0
HTG.L,2012-10-24,4.5
HTG.L,2013-06-12,14.0
HTG.L,2013-11-06,4.75
HTG.L,2014-04-30,12.865201
HTG.L,2014-11-06,5.1059
HTG.L,2015-04-30,14.8943
HTG.L,2015-10-08,2.613
HTG.L,2016-06-09,2.7503002
HTG.L,2018-10-04,3.0654001
HTG.L,2019-04-18,3.861
HTG.L,2019-10-03,4.0766
HTG.L,2020-04-16,2.406
HTG.L,2020-10-01,1.5506
HTG.L,2021-04-22,2.876
HTG.L,2021-10-07,2.9306
HTG.L,2022-04-21,3.1771
HTG.L,2022-10-06,4.0308
HTG.L,2023-04-20,3.6077998
HTG.L,2023-10-05,4.081
HTG.L,2024-04-11,4.0212
HTG.L,2024-10-03,4.2004
HTG.L,2025-04-10,4.5030003
HTG.L,2025-10-02,4.6425
HUW.L,2014-06-04,4.4716997
HUW.L,2015-06-04,5.068
HUW.L,2016-06-09,4.9686
HUW.L,2017-06-08,5.4655
HUW.L,2018-06-07,1.4906
HUW.L,2019-07-18,3.0
HUW.L,2021-06-24,3.0
HUW.L,2022-06-23,3.0
HUW.L,2023-06-08,3.0
HUW.L,2024-06-06,6.0
HUW.L,2025-06-12,10.0
HVO.L,2023-05-04,0.45
HVO.L,2024-04-18,0.2
HVO.L,2025-05-15,0.2
HWDN.L,1993-02-01,1.25
HWDN.L,1993-09-06,2.5
HWDN.L,1994-01-31,1.3299999
HWDN.L,1994-09-05,2.6699998
HWDN.L,1995-01-09,1.5
HWDN.L,1995-09-04,2.75
HWDN.L,1996-01-08,1.5
HWDN.L,1996-09-09,2.8999999
HWDN.L,1997-01-06,1.7
HWDN.L,1997-09-15,3.1
HWDN.L,1998-01-05,1.8
HWDN.L,1998-09-14,3.1
HWDN.L,1998-12-29,0.70000005
HWDN.L,1999-12-29,0.70000005
HWDN.L,2000-05-22,0.70000005
HWDN.L,2000-09-11,0.9
HWDN.L,2001-05-30,1.0
HWDN.L,2001-10-03,1.2
HWDN.L,2002-05-29,1.3000001
HWDN.L,2002-10-02,1.5
HWDN.L,2003-05-28,1.6
HWDN.L,2003-10-01,1.8
HWDN.L,2004-05-26,2.0
HWDN.L,2004-09-29,2.0
HWDN.L,2005-05-25,2.0
HWDN.L,2005-09-28,2.0
HWDN.L,2008-05-28,0.5
HWDN.L,2012-05-23,0.5
HWDN.L,2012-10-31,0.3
HWDN.L,2013-05-22,2.7
HWDN.L,2013-10-23,1.0
HWDN.L,2014-05-21,4.5
HWDN.L,2014-10-23,1.9
HWDN.L,2015-05-21,6.5
HWDN.L,2015-10-22,2.8000002
HWDN.L,2016-05-19,7.1000004
HWDN.L,2016-10-20,3.3
HWDN.L,2017-05-18,7.4
HWDN.L,2017-10-19,3.6
HWDN.L,2018-05-24,7.5000005
HWDN.L,2018-10-25,3.7
HWDN.L,2019-05-23,7.9000006
HWDN.L,2019-10-24,3.9
HWDN.L,2021-05-20,18.199999
HWDN.L,2021-10-14,4.3
HWDN.L,2022-04-07,15.2
HWDN.L,2022-10-13,4.7
HWDN.L,2023-04-06,15.9
HWDN.L,2023-10-12,4.8
HWDN.L,2024-04-11,16.2
HWDN.L,2024-10-17,4.9
HWDN.L,2025-04-10,16.300001
HWDN.L,2025-10-16,5.0
HWG.L,1993-09-20,27.2701
HWG.L,1994-04-25,38.1781
HWG.L,1994-09-19,28.3609
HWG.L,1995-03-13,39.8143
HWG.L,1995-09-18,29.9971
HWG.L,1996-04-09,57.2672
HWG.L,1996-09-23,43.632202
HWG.L,1997-04-21,65.448204
HWG.L,1997-09-22,54.5402
HWG.L,1998-04-20,54.5402
HWG.L,1998-10-26,16.362099
HWG.L,1999-04-19,21.816101
HWG.L,1999-09-20,16.362099
HWG.L,2000-04-17,24.5431
HWG.L,2000-09-18,27.2701
HWG.L,2001-04-18,27.2701
HWG.L,2001-09-19,27.2701
HWG.L,2002-04-17,27.2701
HWG.L,2002-10-23,27.2701
HWG.L,2003-05-21,27.2701
HWG.L,2003-10-22,27.2701
HWG.L,2004-05-19,27.2701
HWG.L,2004-10-20,27.2701
HWG.L,2005-05-18,5.454
HWG.L,2016-08-18,0.051
HWG.L,2016-11-03,0.23
HWG.L,2017-05-04,0.523
HWG.L,2017-09-14,0.253
HWG.L,2018-05-03,0.575
HWG.L,2018-09-20,0.278
HWG.L,2019-05-02,0.63299996
HWG.L,2019-09-19,0.30400002
HWG.L,2020-10-15,0.334
HWG.L,2021-05-06,1.466
HWG.L,2021-09-23,0.367
HWG.L,2022-05-05,0.84499997
HWG.L,2022-09-22,0.404
HWG.L,2023-05-04,0.929
HWG.L,2023-09-21,0.44399998
HWG.L,2024-04-25,1.022
HWG.L,2024-09-19,0.489
HWG.L,2025-04-24,1.125
HWG.L,2025-09-25,0.538
HYG.L,2003-04-02,0.75
HYG.L,2004-03-31,0.5
HYG.L,2010-02-03,10.0
HYG.L,2010-06-02,5.0
HYG.L,2011-05-25,5.0
HYG.L,2013-09-25,3.0
HYG.L,2019-01-10,10.0
HYG.L,2019-05-23,18.0
HYG.L,2020-08-13,8.0
HYG.L,2020-10-15,5.0
HYG.L,2021-06-10,4.0
HYG.L,2022-12-15,2.0
HYG.L,2023-05-04,2.0
HYG.L,2025-05-22,3.0
HYG.L,2025-10-23,5.0
IAD.L,1996-06-17,0.6
IAD.L,1997-06-30,0.65000004
IAD.L,1998-06-29,0.95600003
IAD.L,1999-06-28,0.94
IAD.L,2000-06-19,0.65000004
IAD.L,2001-06-27,0.3
IAD.L,2002-07-03,0.4
IAD.L,2003-07-02,0.4
IAD.L,2004-06-30,0.5
IAD.L,2005-06-28,0.9
IAD.L,2006-07-05,1.2
IAD.L,2007-07-04,1.3000001
IAD.L,2008-07-09,1.5
IAD.L,2009-07-15,1.5
IAD.L,2010-07-14,2.25
IAD.L,2011-07-13,2.8999999
IAD.L,2012-07-04,3.2
IAD.L,2013-07-17,3.2
IAD.L,2014-07-16,3.4499998
IAD.L,2015-07-16,3.6499999
IAD.L,2016-07-14,3.6499999
IAD.L,2017-07-13,4.3
IAD.L,2018-07-12,5.5
IAD.L,2018-12-27,2.8000002
IAD.L,2019-08-08,2.8999999
IAD.L,2019-10-24,3.4
IAD.L,2020-03-19,3.6
IAD.L,2020-11-05,6.7000003
IAD.L,2021-04-01,8.4
IAD.L,2021-11-04,7.7
IAD.L,2022-04-07,7.6
IAD.L,2022-11-03,7.2
IAD.L,2023-04-06,7.6
IAD.L,2023-11-02,7.2
IAD.L,2024-04-04,6.8999996
IAD.L,2024-11-07,7.8
IAD.L,2025-01-16,3.9
IAD.L,2025-04-10,3.9
IAD.L,2025-07-10,3.9500003
IAD.L,2025-10-02,3.9500003
IAG.L,2015-12-07,8.7896
IAG.L,2016-06-29,8.7896
IAG.L,2016-12-01,9.66856
IAG.L,2017-06-29,10.987
IAG.L,2017-11-30,10.987
IAG.L,2018-06-28,12.74492
IAG.L,2018-11-29,12.74492
IAG.L,2019-07-04,45.266438
IAG.L,2019-11-28,12.74492
IAG.L,2024-09-05,2.63688
IAG.L,2025-06-26,5.27376
IAG.L,2025-11-27,4.219008
IBAI.L,1994-02-28,1.3027999
IBAI.L,1994-09-19,0.7334
IBAI.L,1995-02-27,1.5441
IBAI.L,1995-10-02,1.0422
IBAI.L,1996-03-11,2.6622999
IBAI.L,1996-09-30,1.36
IBAI.L,1997-03-03,2.72
IBAI.L,1997-09-22,2.45
IBAI.L,1998-03-30,4.9
IBAI.L,1998-09-21,2.45
IBAI.L,1999-03-29,4.9
IBAI.L,1999-09-13,2.45
IBAI.L,2000-04-10,4.9
IBAI.L,2000-09-18,2.45
IBAI.L,2001-02-28,4.9
IBAI.L,2001-09-12,2.45
IBAI.L,2002-03-06,4.9
IBAI.L,2002-08-14,2.45
IBAI.L,2003-03-19,5.05
IBAI.L,2003-09-17,2.53
IBAI.L,2004-03-17,5.2200003
IBAI.L,2004-08-11,2.75
IBAI.L,2005-03-23,5.65
IBAI.L,2005-08-10,2.85
IBAI.L,2006-03-29,6.0
IBAI.L,2006-08-09,3.0
IBAI.L,2007-03-28,6.3
IBAI.L,2007-08-15,3.3
IBAI.L,2008-04-02,3.0
IBAI.L,2010-08-18,1.6
IBAI.L,2011-04-06,0.8
IBST.L,2016-05-05,4.4
IBST.L,2016-08-18,2.4
IBST.L,2017-05-11,5.2999997
IBST.L,2017-08-17,2.6000001
IBST.L,2018-05-10,6.5
IBST.L,2018-08-16,9.5
IBST.L,2019-05-09,6.5
IBST.L,2019-08-15,8.2
IBST.L,2021-04-15,1.6
IBST.L,2021-08-12,2.5
IBST.L,2022-04-14,5.0
IBST.L,2022-08-18,3.3
IBST.L,2023-04-20,5.5
IBST.L,2023-08-24,3.4
IBST.L,2024-05-09,3.6
IBST.L,2024-08-22,1.5
IBST.L,2025-05-08,2.5
IBST.L,2025-08-21,1.5
IBT.L,1995-11-13,1.0
IBT.L,2017-01-05,11.5
IBT.L,2017-08-03,11.5
IBT.L,2018-01-04,13.500001
IBT.L,2018-08-02,13.500001
IBT.L,2018-12-20,14.0
IBT.L,2019-07-18,14.0
IBT.L,2019-12-19,12.4
IBT.L,2020-07-16,12.4
IBT.L,2020-12-24,14.200001
IBT.L,2021-07-15,14.200001
IBT.L,2021-12-30,15.700001
IBT.L,2022-08-04,15.700001
IBT.L,2022-12-29,14.0
IBT.L,2023-07-27,14.200001
IBT.L,2023-12-21,13.9
IBT.L,2024-07-25,14.5
IBT.L,2024-12-19,15.559999
IBT.L,2025-07-24,16.17
ICG.L,1994-10-03,1.8610001
ICG.L,1995-04-03,3.8460002
ICG.L,1995-10-09,2.1339
ICG.L,1996-04-22,4.516
ICG.L,1996-10-14,2.3821
ICG.L,1997-04-14,5.2604003
ICG.L,1997-10-06,2.6798
ICG.L,1998-04-20,5.9551
ICG.L,1998-10-05,3.0272
ICG.L,1999-04-26,6.7988
ICG.L,1999-09-27,3.3746
ICG.L,2000-04-03,7.842
ICG.L,2000-10-02,3.921
ICG.L,2001-05-02,8.8096
ICG.L,2001-10-10,4.3793
ICG.L,2002-05-01,9.8789
ICG.L,2002-10-09,4.8376
ICG.L,2003-05-07,10.9483
ICG.L,2003-10-08,5.4098
ICG.L,2004-05-05,12.3652
ICG.L,2004-10-13,6.0796
ICG.L,2005-05-04,14.5292
ICG.L,2005-10-19,7.2131
ICG.L,2006-07-05,21.6392
ICG.L,2006-12-06,8.5011
ICG.L,2007-07-04,21.3816
ICG.L,2007-12-05,10.046801
ICG.L,2008-06-04,24.729
ICG.L,2008-12-03,11.1416
ICG.L,2009-07-15,11.1416
ICG.L,2009-12-02,7.875
ICG.L,2010-07-14,14.4375
ICG.L,2010-12-01,7.875
ICG.L,2011-07-13,15.75
ICG.L,2011-11-30,7.875
ICG.L,2012-05-30,17.0625
ICG.L,2012-11-28,8.2687
ICG.L,2013-06-12,17.9812
ICG.L,2013-12-04,8.6625
ICG.L,2014-06-11,18.9
ICG.L,2014-12-04,9.0562
ICG.L,2015-06-11,19.818699
ICG.L,2015-07-23,91.799995
ICG.L,2015-12-03,8.1
ICG.L,2016-06-16,17.775002
ICG.L,2016-08-01,63.4
ICG.L,2016-12-01,7.5000005
ICG.L,2017-06-15,19.5
ICG.L,2017-12-07,9.0
ICG.L,2018-06-14,21.0
ICG.L,2018-12-06,10.0
ICG.L,2019-06-13,35.0
ICG.L,2019-12-05,15.000001
ICG.L,2020-06-18,35.8
ICG.L,2020-12-10,17.0
ICG.L,2021-06-17,39.0
ICG.L,2021-12-09,18.7
ICG.L,2022-06-16,57.300003
ICG.L,2022-12-08,25.3
ICG.L,2023-06-15,52.2
ICG.L,2023-12-07,25.8
ICG.L,2024-06-13,53.2
ICG.L,2024-12-05,26.300001
ICG.L,2025-06-12,56.699997
ICG.L,2025-12-04,27.7
ICGC.L,2010-05-12,8.7894
ICGC.L,2011-05-11,8.7894
ICGC.L,2011-09-14,2.900502
ICGC.L,2012-06-06,5.888898
ICGC.L,2012-09-19,2.900502
ICGC.L,2013-06-05,5.888898
ICGC.L,2013-09-18,2.900502
ICGC.L,2014-06-04,5.888898
ICGC.L,2014-09-17,3.0455272
ICGC.L,2015-06-04,6.1833425
ICGC.L,2015-09-17,3.1975837
ICGC.L,2016-05-26,6.49273
ICGC.L,2016-09-22,3.3575506
ICGC.L,2017-05-25,6.8205743
ICGC.L,2017-09-21,3.5245495
ICGC.L,2018-05-17,7.163361
ICGC.L,2018-09-20,3.7003374
ICGC.L,2019-05-16,7.5237265
ICGC.L,2019-09-19,3.8849146
ICGC.L,2022-06-09,7.91046
ICGC.L,2022-09-15,4.0782814
ICGC.L,2023-05-18,8.305983
ICGC.L,2023-09-14,4.280438
ICGC.L,2024-05-16,8.727874
ICGC.L,2024-09-12,4.4913836
ICGC.L,2025-05-15,9.167344
ICGC.L,2025-09-11,4.7199078
ICGT.L,1982-11-15,0.13
ICGT.L,1983-02-21,0.079
ICGT.L,1983-11-28,0.089999996
ICGT.L,1985-03-11,0.1
ICGT.L,1986-02-24,0.105
ICGT.L,1987-03-09,0.120000005
ICGT.L,1989-02-27,0.14
ICGT.L,1990-02-26,0.16
ICGT.L,1991-02-25,0.2
ICGT.L,1992-03-09,0.6
ICGT.L,1993-03-01,0.44
ICGT.L,1994-02-28,0.6
ICGT.L,1995-03-06,0.8
ICGT.L,1996-03-04,1.2
ICGT.L,1997-03-24,2.4
ICGT.L,1998-03-16,3.9
ICGT.L,1999-03-15,4.3
ICGT.L,2000-03-13,4.3
ICGT.L,2001-03-28,4.3
ICGT.L,2002-03-13,4.3
ICGT.L,2003-05-14,4.3
ICGT.L,2004-04-14,4.3
ICGT.L,2004-12-08,2.8000002
ICGT.L,2005-04-20,4.3
ICGT.L,2005-11-30,4.5
ICGT.L,2006-05-10,4.3
ICGT.L,2007-04-18,6.5
ICGT.L,2008-04-09,8.0
ICGT.L,2009-05-06,4.5
ICGT.L,2010-05-05,2.25
ICGT.L,2011-06-01,2.25
ICGT.L,2012-05-30,5.0
ICGT.L,2013-05-29,5.0
ICGT.L,2014-05-28,15.5
ICGT.L,2014-06-11,15.5
ICGT.L,2015-05-28,15.5
ICGT.L,2015-10-08,5.0
ICGT.L,2016-06-02,6.0
ICGT.L,2016-10-06,10.0
ICGT.L,2017-06-01,10.0
ICGT.L,2017-10-19,10.0
ICGT.L,2018-02-08,5.0
ICGT.L,2018-06-21,6.0
ICGT.L,2018-08-16,5.0
ICGT.L,2018-11-15,5.0
ICGT.L,2019-02-07,5.0
ICGT.L,2019-07-04,7.0
ICGT.L,2019-08-15,5.0
ICGT.L,2019-11-14,5.0
ICGT.L,2020-02-13,5.0
ICGT.L,2020-07-02,8.0
ICGT.L,2020-08-13,5.0
ICGT.L,2020-11-12,5.0
ICGT.L,2021-02-11,5.0
ICGT.L,2021-07-01,9.0
ICGT.L,2021-08-12,6.0
ICGT.L,2021-11-11,6.0
ICGT.L,2022-02-10,6.0
ICGT.L,2022-07-06,9.0
ICGT.L,2022-07-07,16.0
ICGT.L,2022-11-17,7.0
ICGT.L,2023-02-16,7.0
ICGT.L,2023-07-06,9.0
ICGT.L,2023-08-17,8.0
ICGT.L,2023-11-16,8.0
ICGT.L,2024-02-15,8.0
ICGT.L,2024-07-04,9.0
ICGT.L,2024-08-15,8.5
ICGT.L,2024-11-14,8.5
ICGT.L,2025-02-13,8.5
ICGT.L,2025-07-03,10.5
ICGT.L,2025-08-14,9.0
ICGT.L,2025-11-13,9.0
IDHC.L,2016-04-07,0.015
IDHC.L,2017-05-11,0.035
IDHC.L,2018-05-17,0.04
IDHC.L,2019-05-16,0.044
IDHC.L,2020-09-10,0.04675
IDHC.L,2021-07-08,0.049
IDHC.L,2022-06-16,0.116
IDHC.L,2025-09-11,0.017
IDOX.L,2007-02-21,0.05
IDOX.L,2008-02-27,0.1
IDOX.L,2009-03-04,0.115
IDOX.L,2009-07-15,0.08
IDOX.L,2010-03-10,0.120000005
IDOX.L,2010-07-14,0.1
IDOX.L,2011-04-06,0.35000002
IDOX.L,2011-08-03,0.24000001
IDOX.L,2012-04-11,0.35999998
IDOX.L,2012-08-08,0.275
IDOX.L,2013-04-17,0.4
IDOX.L,2013-08-07,0.3
IDOX.L,2014-04-09,0.4
IDOX.L,2014-10-01,0.32500002
IDOX.L,2015-04-09,0.425
IDOX.L,2015-10-01,0.32500002
IDOX.L,2016-04-07,0.525
IDOX.L,2016-10-06,0.35000002
IDOX.L,2017-03-30,0.65000004
IDOX.L,2017-10-05,0.385
IDOX.L,2018-03-29,0.65500003
IDOX.L,2021-03-25,0.3
IDOX.L,2022-03-24,0.4
IDOX.L,2023-03-30,0.5
IDOX.L,2024-03-28,0.6
IDOX.L,2025-04-03,0.70000005
IEM.L,2007-04-11,0.2
IEM.L,2008-04-16,0.3
IEM.L,2009-04-15,0.85
IEM.L,2010-04-14,0.75
IEM.L,2011-04-13,0.75
IEM.L,2012-04-25,0.9
IEM.L,2013-04-24,0.9
IEM.L,2014-04-23,1.2
IEM.L,2015-04-23,1.4000001
IEM.L,2016-04-21,1.4499999
IEM.L,2017-04-27,1.95
IEM.L,2018-04-26,2.5
IEM.L,2019-04-25,3.0
IEM.L,2020-04-02,3.0
IEM.L,2020-08-06,1.3000001
IEM.L,2021-02-18,1.0
IEM.L,2021-08-05,1.3000001
IEM.L,2022-01-06,1.5
IEM.L,2022-08-04,1.5
IEM.L,2023-02-09,2.5
IEM.L,2023-08-10,1.7
IEM.L,2024-02-15,2.8999999
IEM.L,2024-08-15,1.8
IEM.L,2025-02-06,3.2
IEM.L,2025-08-14,1.9
IGET.L,2007-05-23,0.8
IGET.L,2007-10-24,0.9
IGET.L,2008-04-23,1.25
IGET.L,2008-10-22,1.2
IGET.L,2009-04-22,1.05
IGET.L,2009-10-21,0.45
IGET.L,2010-04-21,0.9
IGET.L,2010-10-27,0.45
IGET.L,2011-04-20,1.25
IGET.L,2011-04-21,1.25
IGET.L,2011-10-19,1.0
IGET.L,2012-01-25,0.45
IGET.L,2012-04-25,1.05
IGET.L,2012-07-25,1.0
IGET.L,2012-10-24,0.65000004
IGET.L,2013-01-23,0.35000002
IGET.L,2013-04-24,1.4000001
IGET.L,2013-07-24,0.8
IGET.L,2013-10-23,0.75
IGET.L,2014-01-22,0.35000002
IGET.L,2014-04-23,1.65
IGET.L,2014-07-23,1.4499999
IGET.L,2014-10-23,0.95
IGET.L,2015-01-22,0.4
IGET.L,2015-04-23,1.8
IGET.L,2015-07-23,1.4000001
IGET.L,2015-10-22,1.4000001
IGET.L,2016-01-21,1.4000001
IGET.L,2016-04-21,1.8
IGET.L,2016-07-21,1.4000001
IGET.L,2016-10-20,1.4000001
IGET.L,2017-01-26,1.4000001
IGET.L,2017-04-20,2.2
IGET.L,2017-07-20,1.4499999
IGET.L,2017-10-26,1.4499999
IGET.L,2018-01-25,1.4499999
IGET.L,2018-04-26,2.35
IGET.L,2018-07-26,1.5
IGET.L,2018-10-18,1.5
IGET.L,2019-01-17,1.5
IGET.L,2019-04-25,2.4
IGET.L,2019-07-25,1.55
IGET.L,2019-10-24,1.55
IGET.L,2020-01-23,1.55
IGET.L,2020-04-23,2.4
IGET.L,2020-07-23,1.55
IGET.L,2020-10-22,1.55
IGET.L,2021-01-21,1.55
IGET.L,2021-04-22,2.45
IGET.L,2021-07-22,1.55
IGET.L,2021-10-21,1.55
IGET.L,2022-01-20,1.55
IGET.L,2022-04-21,2.5
IGET.L,2022-07-21,1.55
IGET.L,2022-10-20,1.55
IGET.L,2023-01-19,1.55
IGET.L,2023-04-20,2.55
IGET.L,2023-07-20,1.6
IGET.L,2023-10-19,1.6
IGET.L,2024-01-18,1.6
IGET.L,2024-04-25,2.55
IGET.L,2024-07-18,3.13
IGET.L,2024-10-31,3.13
IGET.L,2025-01-16,3.13
IGET.L,2025-04-24,3.13
IGET.L,2025-07-24,3.3750002
IGET.L,2025-10-30,3.3750002
IGG.L,2006-02-01,1.5
IGG.L,2006-09-06,4.0
IGG.L,2007-01-31,2.0
IGG.L,2007-09-05,6.5
IGG.L,2008-01-23,3.0
IGG.L,2008-09-10,9.0
IGG.L,2009-01-28,4.0
IGG.L,2009-09-09,11.0
IGG.L,2010-01-27,5.0
IGG.L,2010-09-08,13.500001
IGG.L,2011-01-26,5.25
IGG.L,2011-09-07,14.749999
IGG.L,2012-01-25,5.75
IGG.L,2012-09-19,16.75
IGG.L,2013-01-23,5.75
IGG.L,2013-09-18,17.5
IGG.L,2014-01-22,5.75
IGG.L,2014-10-23,22.400002
IGG.L,2015-01-29,8.45
IGG.L,2015-10-01,19.699999
IGG.L,2016-01-28,8.45
IGG.L,2016-09-29,22.949999
IGG.L,2017-02-02,9.42
IGG.L,2017-09-28,22.88
IGG.L,2018-02-01,9.690001
IGG.L,2018-09-27,33.51
IGG.L,2019-01-31,12.96
IGG.L,2019-09-26,30.24
IGG.L,2020-01-30,12.96
IGG.L,2020-09-24,30.24
IGG.L,2021-01-28,12.96
IGG.L,2021-09-23,30.24
IGG.L,2022-02-03,12.96
IGG.L,2022-09-22,31.240002
IGG.L,2023-02-02,13.259999
IGG.L,2023-09-21,31.94
IGG.L,2024-02-01,13.56
IGG.L,2024-09-19,32.64
IGG.L,2025-01-30,13.860001
IGG.L,2025-09-18,33.34
IGR.L,1996-02-05,0.5556
IGR.L,1996-07-22,1.1111
IGR.L,1997-02-10,0.7222
IGR.L,1997-07-14,1.5
IGR.L,1998-02-02,0.86669993
IGR.L,1998-08-10,2.0
IGR.L,1999-02-08,1.0
IGR.L,1999-08-16,2.3333
IGR.L,2000-02-07,1.1
IGR.L,2000-08-14,2.8999999
IGR.L,2001-01-02,1.2
IGR.L,2001-02-14,1.2
IGR.L,2001-08-29,3.3
IGR.L,2002-09-04,3.3
IGR.L,2003-01-02,1.3000001
IGR.L,2003-09-03,4.4500003
IGR.L,2003-12-17,1.5
IGR.L,2004-08-25,5.0
IGR.L,2004-12-15,1.75
IGR.L,2005-08-31,5.75
IGR.L,2005-12-14,2.0
IGR.L,2006-08-30,7.0
IGR.L,2006-12-20,2.25
IGR.L,2007-09-05,7.75
IGR.L,2007-12-19,2.0
IGR.L,2015-07-09,1.0
IGR.L,2015-12-10,0.75
IGR.L,2016-07-07,1.75
IGR.L,2016-12-08,1.75
IGR.L,2017-07-06,2.75
IGR.L,2017-12-07,2.0
IGR.L,2018-07-05,4.0
IGR.L,2018-12-06,2.5
IGR.L,2019-08-01,6.0
IGR.L,2019-12-05,3.0
IGR.L,2020-10-01,5.75
IGR.L,2020-12-03,3.0
IGR.L,2021-09-09,5.75
IGR.L,2021-12-09,1.25
IHC.L,2020-11-26,0.2
IHC.L,2021-07-01,0.4
IHC.L,2021-11-25,0.205
IHC.L,2022-06-30,0.41
IHC.L,2022-11-24,0.205
IHC.L,2023-06-29,0.41
IHC.L,2023-11-23,0.205
IHG.L,2004-03-24,30.0953
IHG.L,2004-09-22,13.6942
IHG.L,2004-12-08,242.2646
IHG.L,2004-12-13,204.7301
IHG.L,2005-03-30,28.4347
IHG.L,2005-09-21,9.592
IHG.L,2006-03-29,22.3118
IHG.L,2006-06-07,250.94919
IHG.L,2006-06-12,215.2983
IHG.L,2006-08-30,9.3053
IHG.L,2007-03-21,24.2667
IHG.L,2007-05-30,372.32
IHG.L,2007-06-04,306.2658
IHG.L,2007-08-29,8.7286005
IHG.L,2008-03-26,22.8168
IHG.L,2008-08-27,9.8005
IHG.L,2009-03-25,30.932798
IHG.L,2009-08-26,11.1786995
IHG.L,2010-03-24,28.6359
IHG.L,2010-08-25,12.2506
IHG.L,2011-03-23,33.6892
IHG.L,2011-08-24,15.007
IHG.L,2012-03-21,37.8238
IHG.L,2012-08-22,20.6729
IHG.L,2012-10-09,154.9296
IHG.L,2013-03-20,39.5899
IHG.L,2013-08-21,146.0683
IHG.L,2014-03-19,40.161602
IHG.L,2014-07-01,230.74529
IHG.L,2014-08-20,19.5256
IHG.L,2015-04-02,44.5923
IHG.L,2015-08-27,23.351599
IHG.L,2016-03-31,53.1677
IHG.L,2016-05-05,578.1166
IHG.L,2016-09-01,24.8468
IHG.L,2017-05-04,54.311104
IHG.L,2017-05-08,164.6316
IHG.L,2017-08-31,25.684198
IHG.L,2018-03-29,52.8421
IHG.L,2018-08-30,29.157902
IHG.L,2019-01-14,203.80002
IHG.L,2019-03-28,60.399998
IHG.L,2019-08-29,32.0
IHG.L,2022-03-31,67.5
IHG.L,2022-09-01,37.8
IHG.L,2023-03-30,76.08
IHG.L,2023-08-31,38.7
IHG.L,2024-04-04,83.9
IHG.L,2024-08-29,40.8
IHG.L,2025-04-03,86.0
IHG.L,2025-08-21,43.3
IHP.L,2018-12-20,6.4
IHP.L,2019-05-30,2.6000001
IHP.L,2020-01-02,5.2000003
IHP.L,2020-06-04,2.7
IHP.L,2020-12-24,5.6000004
IHP.L,2021-05-27,3.0
IHP.L,2021-12-23,7.0
IHP.L,2022-06-09,3.2
IHP.L,2022-12-22,7.0
IHP.L,2023-06-08,3.2
IHP.L,2023-12-21,7.0
IHP.L,2024-06-06,3.2
IHP.L,2025-01-02,7.2
IHP.L,2025-06-05,3.3
III.L,1994-12-19,2.5758
III.L,1995-06-19,4.0476003
III.L,1995-12-11,2.8517
III.L,1996-06-17,4.5996
III.L,1996-12-09,3.2196999
III.L,1997-06-16,5.2434998
III.L,1997-12-08,3.5877001
III.L,1998-06-15,5.8875
III.L,1998-12-07,3.9556
III.L,1999-06-07,6.4393997
III.L,1999-12-06,4.2316003
III.L,2000-06-05,6.9914
III.L,2000-12-04,4.5076003
III.L,2001-06-13,7.4513
III.L,2001-11-28,4.5076003
III.L,2002-06-19,7.4513
III.L,2002-12-04,4.5076003
III.L,2003-06-18,7.9112997
III.L,2003-12-03,4.6916
III.L,2004-06-16,8.1873
III.L,2004-12-01,4.8756
III.L,2005-06-15,8.5552
III.L,2005-07-11,35.2382
III.L,2005-11-30,4.7619
III.L,2006-06-21,8.398299
III.L,2006-11-29,4.2491
III.L,2007-06-20,7.5457997
III.L,2007-11-28,3.7986
III.L,2008-06-18,6.7876005
III.L,2008-12-03,3.9230998
III.L,2009-12-09,1.0
III.L,2010-06-15,2.0
III.L,2010-06-16,2.0
III.L,2010-12-08,1.2
III.L,2011-06-15,2.4
III.L,2011-12-07,2.7
III.L,2012-06-20,5.4
III.L,2012-12-12,2.7
III.L,2013-06-19,5.4
III.L,2013-12-11,6.7000003
III.L,2014-06-18,13.3
III.L,2014-12-11,6.0
III.L,2015-06-18,14.0
III.L,2015-12-10,6.0
III.L,2016-06-16,16.0
III.L,2016-12-08,8.0
III.L,2017-06-15,18.5
III.L,2017-12-14,8.0
III.L,2018-06-14,22.0
III.L,2018-12-13,15.000001
III.L,2019-06-13,20.0
III.L,2019-12-12,17.5
III.L,2020-06-11,17.5
III.L,2020-12-03,17.5
III.L,2021-06-17,21.0
III.L,2021-12-02,19.25
III.L,2022-06-16,27.25
III.L,2022-12-01,23.25
III.L,2023-06-22,29.750002
III.L,2023-11-30,26.499998
III.L,2024-06-20,34.5
III.L,2024-11-28,30.5
III.L,2025-06-19,42.5
III.L,2025-11-27,36.5
IMB.L,1997-06-02,5.2062
IMB.L,1997-12-08,10.2678
IMB.L,1998-06-01,5.4954
IMB.L,1998-12-07,11.4247
IMB.L,1999-05-24,6.3631
IMB.L,1999-12-06,13.5216
IMB.L,2000-07-10,7.3031
IMB.L,2001-01-22,15.6186
IMB.L,2001-07-11,7.8093
IMB.L,2002-01-23,17.1371
IMB.L,2002-07-10,8.6694
IMB.L,2003-01-22,19.9397
IMB.L,2003-07-09,10.4033
IMB.L,2004-01-21,26.008299
IMB.L,2004-07-07,13.004101
IMB.L,2005-01-19,30.342999
IMB.L,2005-07-06,14.3045
IMB.L,2006-01-18,34.2442
IMB.L,2006-07-05,16.0384
IMB.L,2007-01-17,37.711998
IMB.L,2007-07-11,18.205801
IMB.L,2008-01-16,42.0467
IMB.L,2008-06-04,24.0
IMB.L,2009-01-21,42.2
IMB.L,2009-06-17,23.333302
IMB.L,2010-01-20,57.777798
IMB.L,2010-07-21,27.000002
IMB.L,2011-01-19,66.6667
IMB.L,2011-07-20,31.2222
IMB.L,2012-01-18,74.444405
IMB.L,2012-07-18,35.2222
IMB.L,2013-01-16,82.1111
IMB.L,2013-07-17,39.1111
IMB.L,2014-01-15,90.2222
IMB.L,2014-07-16,38.800003
IMB.L,2015-01-15,89.3
IMB.L,2015-05-28,21.4
IMB.L,2015-08-27,21.4
IMB.L,2015-11-19,49.1
IMB.L,2016-02-04,49.1
IMB.L,2016-05-19,23.5
IMB.L,2016-08-18,23.5
IMB.L,2016-11-17,54.100002
IMB.L,2017-02-16,54.100002
IMB.L,2017-05-18,25.85
IMB.L,2017-08-17,25.85
IMB.L,2017-11-16,59.51
IMB.L,2018-02-22,59.51
IMB.L,2018-05-24,28.435001
IMB.L,2018-08-23,28.435001
IMB.L,2018-11-22,65.46
IMB.L,2019-02-21,65.46
IMB.L,2019-05-23,31.279999
IMB.L,2019-08-22,31.279999
IMB.L,2019-11-21,72.0
IMB.L,2020-02-20,72.01
IMB.L,2020-05-28,20.85
IMB.L,2020-08-20,20.85
IMB.L,2020-11-26,48.0
IMB.L,2021-02-18,48.010002
IMB.L,2021-05-27,21.06
IMB.L,2021-08-19,21.06
IMB.L,2021-11-25,48.48
IMB.L,2022-02-17,48.48
IMB.L,2022-05-26,21.269999
IMB.L,2022-08-18,21.269999
IMB.L,2022-11-24,49.309998
IMB.L,2023-02-16,49.32
IMB.L,2023-05-25,21.59
IMB.L,2023-08-17,21.59
IMB.L,2023-11-23,51.82
IMB.L,2024-02-15,51.82
IMB.L,2024-05-23,22.45
IMB.L,2024-08-22,22.45
IMB.L,2024-11-28,54.26
IMB.L,2025-02-20,54.26
IMB.L,2025-05-22,40.079998
IMB.L,2025-08-21,40.079998
IMB.L,2025-11-27,40.079998
IMI.L,1993-03-29,6.6285996
IMI.L,1993-09-20,4.8
IMI.L,1994-03-28,6.6285996
IMI.L,1994-09-12,5.0285997
IMI.L,1995-03-27,6.9714003
IMI.L,1995-09-11,5.2571
IMI.L,1996-04-01,7.8856997
IMI.L,1996-09-09,5.7142997
IMI.L,1997-04-07,9.1429
IMI.L,1997-09-08,6.1714
IMI.L,1998-04-06,9.8286
IMI.L,1998-09-14,6.5143
IMI.L,1999-04-06,10.400001
IMI.L,1999-09-13,6.6285996
IMI.L,2000-04-10,10.6286
IMI.L,2000-09-11,6.8571
IMI.L,2001-04-04,10.8571005
IMI.L,2001-09-19,6.8571
IMI.L,2002-04-10,10.8571005
IMI.L,2002-09-18,6.8571
IMI.L,2003-04-09,10.8571005
IMI.L,2003-09-17,6.8571
IMI.L,2004-04-07,10.8571005
IMI.L,2004-09-15,7.2
IMI.L,2005-04-13,11.6571
IMI.L,2005-09-14,7.6
IMI.L,2006-04-12,12.4
IMI.L,2006-09-13,8.0
IMI.L,2007-04-11,13.371401
IMI.L,2007-09-12,8.5714
IMI.L,2008-04-09,14.5143
IMI.L,2008-09-10,9.1429
IMI.L,2009-04-08,14.5143
IMI.L,2009-09-09,9.1429
IMI.L,2010-04-14,15.0857
IMI.L,2010-09-08,10.2857
IMI.L,2011-04-13,19.4286
IMI.L,2011-09-07,12.571401
IMI.L,2012-04-11,21.7143
IMI.L,2012-09-05,13.4857
IMI.L,2013-04-10,23.6571
IMI.L,2013-09-04,14.628599
IMI.L,2014-04-09,22.5
IMI.L,2014-08-13,13.6
IMI.L,2015-04-09,24.0
IMI.L,2015-08-13,13.9
IMI.L,2016-04-07,24.5
IMI.L,2016-08-11,14.0
IMI.L,2017-04-06,24.699999
IMI.L,2017-08-10,14.200001
IMI.L,2018-04-05,25.2
IMI.L,2018-08-09,14.599999
IMI.L,2019-04-04,26.0
IMI.L,2019-08-08,14.900001
IMI.L,2020-08-06,33.7
IMI.L,2021-04-01,15.000001
IMI.L,2021-08-12,7.9000006
IMI.L,2022-04-07,15.800001
IMI.L,2022-08-11,8.299999
IMI.L,2023-04-06,17.4
IMI.L,2023-08-10,9.099999
IMI.L,2024-04-04,19.2
IMI.L,2024-08-08,10.0
IMI.L,2025-04-03,21.1
IMI.L,2025-08-14,11.0
INCH.L,1993-04-19,14.0757
INCH.L,1993-10-18,9.7771
INCH.L,1994-04-11,15.1714
INCH.L,1994-10-10,10.1143
INCH.L,1995-04-03,15.1714
INCH.L,1995-10-23,10.1143
INCH.L,1996-04-01,6.7428
INCH.L,1996-09-30,7.08
INCH.L,1997-04-07,10.62
INCH.L,1997-09-22,7.4171
INCH.L,1998-03-09,11.1257
INCH.L,1998-08-17,7.7542996
INCH.L,1999-05-17,11.1257
INCH.L,1999-06-21,168.5712
INCH.L,1999-08-16,1.9667
INCH.L,2000-05-22,3.9333
INCH.L,2000-08-14,2.0509999
INCH.L,2001-05-23,4.13
INCH.L,2001-08-15,2.4724
INCH.L,2002-05-22,5.1133
INCH.L,2002-08-14,2.8095
INCH.L,2003-05-21,5.9
INCH.L,2003-08-13,3.3714
INCH.L,2004-05-19,7.3048005
INCH.L,2004-08-11,4.2142997
INCH.L,2005-05-18,9.8333
INCH.L,2005-08-10,5.3381
INCH.L,2006-05-17,64.0572
INCH.L,2006-08-09,8.428599
INCH.L,2007-05-16,16.857199
INCH.L,2007-08-08,8.85
INCH.L,2008-05-21,17.7
INCH.L,2008-08-06,9.204
INCH.L,2011-05-18,6.6
INCH.L,2011-08-03,3.6
INCH.L,2012-05-16,7.4
INCH.L,2012-08-08,4.0
INCH.L,2013-05-22,10.5
INCH.L,2013-08-14,5.7
INCH.L,2014-05-28,11.7
INCH.L,2014-08-06,6.3
INCH.L,2015-05-28,13.799999
INCH.L,2015-08-06,6.8
INCH.L,2016-05-26,14.1
INCH.L,2016-08-04,7.0
INCH.L,2017-05-18,16.8
INCH.L,2017-08-03,7.9000006
INCH.L,2018-05-17,18.9
INCH.L,2018-08-02,8.900001
INCH.L,2019-05-16,17.9
INCH.L,2019-08-01,8.900001
INCH.L,2021-05-13,6.8999996
INCH.L,2021-08-05,6.4
INCH.L,2022-05-12,16.1
INCH.L,2022-08-04,7.5000005
INCH.L,2023-05-11,21.3
INCH.L,2023-08-03,9.6
INCH.L,2024-05-02,24.3
INCH.L,2024-08-08,11.3
INCH.L,2025-05-01,17.2
INCH.L,2025-08-07,9.5
INF.L,2004-10-06,2.5778
INF.L,2005-04-27,4.9070997
INF.L,2005-10-05,2.4858
INF.L,2006-04-26,5.5239
INF.L,2006-10-04,3.0382
INF.L,2007-04-25,8.1938
INF.L,2007-09-05,5.1557
INF.L,2008-04-16,10.403399
INF.L,2008-08-20,5.6159997
INF.L,2009-05-13,3.5905998
INF.L,2009-08-19,3.3144002
INF.L,2010-04-14,7.2272005
INF.L,2010-08-18,4.143
INF.L,2011-04-21,8.7462
INF.L,2011-08-17,4.6033
INF.L,2012-04-25,10.8638
INF.L,2012-08-15,5.5239
INF.L,2013-04-24,11.508201
INF.L,2013-08-14,5.8922
INF.L,2014-04-30,11.508201
INF.L,2014-08-13,5.8922
INF.L,2015-04-30,11.876499
INF.L,2015-08-13,6.0302997
INF.L,2016-04-28,12.474899
INF.L,2016-08-11,6.2605
INF.L,2017-04-27,13.04
INF.L,2017-08-10,6.65
INF.L,2018-04-19,13.799999
INF.L,2018-08-09,7.05
INF.L,2019-04-25,14.849999
INF.L,2019-08-08,7.5499997
INF.L,2022-08-11,3.0
INF.L,2023-06-01,6.8
INF.L,2023-08-10,5.7999997
INF.L,2024-06-06,12.2
INF.L,2024-08-08,6.4
INF.L,2025-05-29,13.6
INF.L,2025-08-07,7.0
INOV.L,2016-05-19,0.16
INPP.L,2007-09-26,3.3482
INPP.L,2008-03-12,2.6286001
INPP.L,2008-09-03,2.6985002
INPP.L,2009-03-25,2.6985002
INPP.L,2009-09-09,2.7735
INPP.L,2010-03-17,2.7735
INPP.L,2010-09-01,2.8483999
INPP.L,2011-03-16,2.8483999
INPP.L,2011-09-14,2.9234
INPP.L,2012-04-25,2.9234
INPP.L,2012-09-12,3.0
INPP.L,2013-04-24,3.0
INPP.L,2013-09-11,3.075
INPP.L,2014-04-23,3.075
INPP.L,2014-09-17,3.15
INPP.L,2015-04-23,3.15
INPP.L,2015-09-17,3.225
INPP.L,2016-04-14,3.225
INPP.L,2016-09-22,3.325
INPP.L,2017-04-20,3.325
INPP.L,2017-09-28,3.41
INPP.L,2018-04-26,3.41
INPP.L,2018-09-20,3.5
INPP.L,2019-04-11,3.5
INPP.L,2019-09-19,3.5900002
INPP.L,2020-04-23,3.5900002
INPP.L,2020-09-17,3.68
INPP.L,2021-04-08,3.68
INPP.L,2021-09-16,3.78
INPP.L,2022-04-07,3.7700002
INPP.L,2022-09-15,3.87
INPP.L,2023-04-06,3.87
INPP.L,2023-09-14,4.0600004
INPP.L,2024-04-11,4.07
INPP.L,2024-09-12,4.18
INPP.L,2025-04-24,4.19
INPP.L,2025-08-14,2.14
INPP.L,2025-11-13,2.14
INV.L,1991-07-15,0.62
INV.L,1992-02-10,0.3
INV.L,1992-07-13,0.8
INV.L,1993-02-15,0.2
INV.L,1993-07-05,0.4
INV.L,1994-02-14,0.2
INV.L,1994-08-08,0.4
INV.L,1994-12-12,0.3
INV.L,1995-07-03,0.6
INV.L,1995-12-27,0.316
INV.L,1996-07-29,0.632
INV.L,1997-01-06,0.2
INV.L,1997-07-21,0.4
INV.L,1998-01-05,0.3
INV.L,1998-07-20,0.6
INV.L,1998-12-29,0.4
INV.L,1999-07-26,0.70000005
INV.L,1999-12-29,0.5
INV.L,2000-07-17,1.2
INV.L,2000-07-25,1.2
INV.L,2000-11-27,0.8
INV.L,2001-07-11,1.2
INV.L,2001-11-28,0.8
INV.L,2002-07-10,1.4000001
INV.L,2002-11-27,0.8
INV.L,2003-07-16,1.2
INV.L,2003-11-26,0.6
INV.L,2004-08-11,0.8
INV.L,2005-01-05,0.6
INV.L,2005-08-10,0.8
INV.L,2005-11-30,0.8
INV.L,2006-06-28,1.0
INV.L,2006-12-13,0.8
INV.L,2007-07-04,1.0
INV.L,2007-12-12,0.8
INV.L,2008-08-13,1.0
INV.L,2008-12-10,0.4
INV.L,2009-07-22,0.6
INV.L,2009-12-09,0.4
INV.L,2010-07-07,0.6
INV.L,2010-12-01,0.4
INV.L,2011-06-22,0.8
INV.L,2011-11-30,0.9
INV.L,2012-06-20,0.8
INV.L,2012-11-21,0.4
INV.L,2013-10-30,1.0
INV.L,2014-01-29,1.0
INV.L,2014-04-30,1.0
INV.L,2014-07-30,1.1439999
INV.L,2014-10-30,1.1
INV.L,2015-01-29,1.1
INV.L,2015-04-30,1.1
INV.L,2015-07-30,1.42
INV.L,2015-10-29,1.0
INV.L,2016-01-28,1.0
INV.L,2016-04-28,1.0
INV.L,2016-07-28,1.14
INV.L,2016-10-27,1.0
INV.L,2017-01-26,1.0
INV.L,2017-04-27,1.0
INV.L,2017-07-27,1.14
INV.L,2017-10-26,1.0
INV.L,2018-01-25,1.0
INV.L,2018-04-26,1.0
INV.L,2018-07-26,1.14
INV.L,2018-10-25,1.0
INV.L,2019-01-10,0.75
INV.L,2019-04-18,0.75
INV.L,2019-07-25,0.75
INV.L,2019-10-24,0.75
INV.L,2020-01-16,0.75
INV.L,2020-04-23,0.2
INV.L,2020-07-30,0.2
INV.L,2020-10-29,0.2
INV.L,2021-01-21,0.2
INVP.L,2002-12-09,5.2000003
INVP.L,2003-07-16,5.6000004
INVP.L,2003-12-17,5.6000004
INVP.L,2004-07-28,6.0
INVP.L,2004-12-15,6.0
INVP.L,2005-07-27,7.4
INVP.L,2005-12-14,7.6
INVP.L,2006-07-26,10.599999
INVP.L,2006-12-13,10.0
INVP.L,2007-07-25,13.0
INVP.L,2007-12-12,11.5
INVP.L,2008-07-23,13.500001
INVP.L,2008-12-10,8.0
INVP.L,2009-07-29,5.0
INVP.L,2009-12-09,8.0
INVP.L,2010-07-28,8.0
INVP.L,2010-12-08,8.0
INVP.L,2011-07-27,9.0
INVP.L,2011-12-07,8.0
INVP.L,2012-07-25,9.0
INVP.L,2012-12-12,8.0
INVP.L,2013-07-31,10.0
INVP.L,2013-12-11,8.0
INVP.L,2014-07-30,11.0
INVP.L,2014-12-11,8.5
INVP.L,2015-07-30,11.5
INVP.L,2015-12-10,9.5
INVP.L,2016-07-28,11.5
INVP.L,2016-12-08,10.0
INVP.L,2017-07-27,13.0
INVP.L,2017-12-07,10.5
INVP.L,2018-07-26,13.500001
INVP.L,2018-12-06,11.0
INVP.L,2019-07-25,13.500001
INVP.L,2019-12-05,11.0
INVP.L,2020-12-10,5.5
INVP.L,2021-07-22,7.5000005
INVP.L,2021-12-09,11.0
INVP.L,2022-07-21,14.0
INVP.L,2022-12-08,13.500001
INVP.L,2023-08-17,17.5
INVP.L,2023-12-07,15.5
INVP.L,2024-08-22,19.0
INVP.L,2024-12-12,16.5
INVP.L,2025-08-14,20.0
INVP.L,2025-12-11,17.5
IOM.L,2005-06-22,1.25
IOM.L,2006-08-23,3.0
IOM.L,2009-06-10,0.3
IOM.L,2010-03-03,0.4
IOM.L,2011-06-08,0.65000004
IOM.L,2012-08-15,0.9
IOM.L,2013-08-14,1.4000001
IOM.L,2014-08-13,1.75
IOM.L,2015-08-13,2.5
IOM.L,2016-08-11,3.15
IOM.L,2017-08-10,6.0
IOM.L,2017-12-21,2.25
IOM.L,2018-08-16,4.93
IOM.L,2018-12-20,2.45
IOM.L,2019-08-15,5.0099998
IOM.L,2019-12-19,2.6000001
IOM.L,2020-08-13,3.9299998
IOM.L,2021-01-07,2.6000001
IOM.L,2021-08-12,4.5
IOM.L,2022-01-06,2.42
IOM.L,2022-08-11,3.6
IOM.L,2023-01-05,1.94
IOM.L,2023-08-17,3.5
IOM.L,2024-01-04,1.94
IOM.L,2024-08-15,3.0
IOM.L,2025-01-09,1.3000001
IPC.L,2022-02-17,34.597775
IPC.L,2022-05-26,34.597775
IPC.L,2022-08-12,34.597775
IPC.L,2022-11-14,34.597775
IPC.L,2023-02-16,34.597775
IPC.L,2023-05-25,34.597775
IPC.L,2023-08-14,34.597775
IPC.L,2023-11-14,34.597775
IPC.L,2024-02-21,34.597775
IPC.L,2024-05-23,34.597775
IPC.L,2024-08-15,34.597775
IPC.L,2024-11-15,34.597775
IPC.L,2025-02-24,34.597775
IPC.L,2025-05-23,34.597775
IPC.L,2025-08-15,34.597775
IPC.L,2025-11-13,34.597775
IPF.L,2008-04-09,2.85
IPF.L,2008-09-03,2.3
IPF.L,2009-04-15,3.4
IPF.L,2009-09-02,2.3
IPF.L,2010-04-14,3.4
IPF.L,2010-09-08,2.53
IPF.L,2011-04-13,3.74
IPF.L,2011-09-07,3.0
IPF.L,2012-04-18,4.1
IPF.L,2012-09-05,3.23
IPF.L,2013-03-20,4.5
IPF.L,2013-09-04,3.8
IPF.L,2014-04-09,5.5
IPF.L,2014-09-03,4.2
IPF.L,2015-04-09,7.8
IPF.L,2015-09-03,4.6
IPF.L,2016-04-07,7.8
IPF.L,2016-09-01,4.6
IPF.L,2017-04-13,7.8
IPF.L,2017-09-07,4.6
IPF.L,2018-04-12,7.8
IPF.L,2018-09-06,4.6
IPF.L,2019-04-11,7.8
IPF.L,2019-09-05,4.6
IPF.L,2021-09-02,2.2
IPF.L,2022-04-07,5.7999997
IPF.L,2022-09-01,2.7
IPF.L,2023-04-06,6.5
IPF.L,2023-08-31,3.1
IPF.L,2024-04-11,7.2
IPF.L,2024-08-29,3.4
IPF.L,2025-04-10,8.0
IPF.L,2025-08-28,3.8
IPO.L,2021-05-13,1.0
IPO.L,2021-08-12,0.48000002
IPO.L,2022-05-26,0.71999997
IPO.L,2022-08-11,0.5
IPO.L,2023-05-25,0.76
IPO.L,2023-08-10,0.51
IPX.L,2009-02-11,0.35000002
IPX.L,2010-01-20,0.4
IPX.L,2011-02-09,0.6
IPX.L,2012-01-04,0.70000005
IPX.L,2013-01-23,0.75
IPX.L,2014-01-22,0.9
IPX.L,2014-05-21,0.3
IPX.L,2015-01-22,1.1
IPX.L,2015-05-28,0.4
IPX.L,2016-02-11,1.7
IPX.L,2016-05-26,0.5
IPX.L,2017-02-16,1.6
IPX.L,2017-05-25,0.70000005
IPX.L,2018-02-08,2.2
IPX.L,2018-06-14,3.7
IPX.L,2019-02-07,3.0
IPX.L,2019-06-13,1.5
IPX.L,2020-02-20,4.0
IPX.L,2020-06-11,1.8
IPX.L,2021-02-18,6.8
IPX.L,2021-06-10,3.6
IPX.L,2022-02-10,17.0
IPX.L,2022-06-16,4.7
IPX.L,2023-02-09,22.9
IPX.L,2023-06-15,4.7
IPX.L,2024-02-08,22.9
IPX.L,2024-06-13,4.7
IPX.L,2025-02-20,22.9
IPX.L,2025-06-12,4.0
ITH.L,2023-02-23,10.9776
ITH.L,2023-08-31,10.4667
ITH.L,2024-03-28,10.4814005
ITH.L,2024-09-05,7.5428
ITH.L,2024-11-28,9.5242
ITH.L,2025-04-03,9.4232
ITH.L,2025-09-04,7.4610004
ITH.L,2025-11-27,6.0136786
ITRK.L,2003-06-04,5.2000003
ITRK.L,2003-11-05,2.8999999
ITRK.L,2004-06-02,5.9
ITRK.L,2004-11-03,3.4
ITRK.L,2005-06-01,7.0
ITRK.L,2005-11-02,3.9
ITRK.L,2006-05-31,8.1
ITRK.L,2006-11-01,4.6
ITRK.L,2007-05-30,10.2
ITRK.L,2007-10-31,5.7999997
ITRK.L,2008-06-04,12.2
ITRK.L,2008-11-05,7.1000004
ITRK.L,2009-06-03,13.7
ITRK.L,2009-11-04,8.2
ITRK.L,2010-06-02,17.3
ITRK.L,2010-11-03,9.3
ITRK.L,2011-06-01,18.8
ITRK.L,2011-11-02,10.7
ITRK.L,2012-06-06,23.0
ITRK.L,2012-10-31,13.0
ITRK.L,2013-05-22,28.0
ITRK.L,2013-10-02,15.000001
ITRK.L,2014-05-21,31.0
ITRK.L,2014-10-01,16.0
ITRK.L,2015-05-21,33.1
ITRK.L,2015-10-01,17.0
ITRK.L,2016-05-19,35.3
ITRK.L,2016-09-29,19.400002
ITRK.L,2017-05-18,43.0
ITRK.L,2017-09-28,23.5
ITRK.L,2018-05-17,47.8
ITRK.L,2018-10-04,31.900002
ITRK.L,2019-05-16,67.2
ITRK.L,2019-09-26,34.2
ITRK.L,2020-05-21,71.6
ITRK.L,2020-09-17,34.2
ITRK.L,2021-05-27,71.6
ITRK.L,2021-09-16,34.2
ITRK.L,2022-05-26,71.6
ITRK.L,2022-09-15,34.2
ITRK.L,2023-05-25,71.6
ITRK.L,2023-09-14,37.7
ITRK.L,2024-05-30,74.0
ITRK.L,2024-09-12,53.899998
ITRK.L,2025-05-29,102.600006
ITRK.L,2025-09-11,57.300003
ITV.L,2004-04-21,0.5
ITV.L,2004-11-10,1.1
ITV.L,2005-04-20,1.3000001
ITV.L,2005-11-09,1.3199999
ITV.L,2006-04-19,1.8
ITV.L,2006-11-08,1.35
ITV.L,2007-04-18,1.8
ITV.L,2007-11-07,1.35
ITV.L,2008-04-16,1.8
ITV.L,2008-11-05,0.675
ITV.L,2011-11-02,0.4
ITV.L,2012-05-02,1.2
ITV.L,2012-10-31,0.8
ITV.L,2013-05-01,5.7999997
ITV.L,2013-10-30,1.1
ITV.L,2014-04-30,6.4
ITV.L,2014-10-30,1.4000001
ITV.L,2015-04-30,9.55
ITV.L,2015-10-29,1.9
ITV.L,2016-04-28,14.1
ITV.L,2016-10-27,2.4
ITV.L,2017-04-27,9.8
ITV.L,2017-10-26,2.52
ITV.L,2018-04-12,5.2799997
ITV.L,2018-10-25,2.6000001
ITV.L,2019-04-11,5.4
ITV.L,2019-10-24,2.6000001
ITV.L,2022-04-14,3.3
ITV.L,2022-10-20,1.7
ITV.L,2023-04-13,3.3
ITV.L,2023-10-19,1.7
ITV.L,2024-04-11,3.3
ITV.L,2024-10-17,1.7
ITV.L,2025-04-10,3.3
ITV.L,2025-10-16,1.7
IWG.L,2007-04-25,0.6
IWG.L,2008-04-30,1.0
IWG.L,2008-09-10,0.6
IWG.L,2009-04-29,1.2
IWG.L,2009-09-09,0.8
IWG.L,2010-04-28,1.6
IWG.L,2010-09-08,0.85
IWG.L,2011-04-20,1.75
IWG.L,2011-09-07,0.9
IWG.L,2012-04-25,2.0
IWG.L,2012-09-05,1.0
IWG.L,2013-05-01,2.2
IWG.L,2013-09-04,1.1
IWG.L,2014-04-30,2.5
IWG.L,2014-09-03,1.25
IWG.L,2015-04-30,2.75
IWG.L,2015-09-03,1.4000001
IWG.L,2016-04-28,3.1
IWG.L,2016-09-08,1.55
IWG.L,2017-04-27,3.5500002
IWG.L,2017-09-07,1.75
IWG.L,2018-04-26,3.9500003
IWG.L,2018-09-06,1.95
IWG.L,2019-04-25,4.35
IWG.L,2019-09-05,2.15
IWG.L,2024-05-02,1.0
IWG.L,2024-09-05,0.32999998
IWG.L,2025-05-01,0.68
IWG.L,2025-09-18,0.32999998
JAGI.L,1998-12-29,0.70000005
JAGI.L,2000-01-04,0.5
JAGI.L,2003-01-15,0.5
JAGI.L,2004-01-14,1.05
JAGI.L,2004-02-16,1.05
JAGI.L,2005-01-12,1.05
JAGI.L,2006-01-11,1.75
JAGI.L,2007-01-10,1.25
JAGI.L,2008-01-09,1.3000001
JAGI.L,2009-01-07,1.7
JAGI.L,2010-01-06,1.5
JAGI.L,2011-01-05,1.7
JAGI.L,2012-01-04,2.2
JAGI.L,2013-01-02,2.4
JAGI.L,2013-08-14,0.5
JAGI.L,2013-12-31,2.6000001
JAGI.L,2015-01-08,2.2
JAGI.L,2016-01-07,2.5
JAGI.L,2017-01-11,3.0
JAGI.L,2017-01-12,3.0
JAGI.L,2017-04-13,3.4
JAGI.L,2017-07-13,3.6
JAGI.L,2017-10-12,3.8
JAGI.L,2018-01-11,4.0
JAGI.L,2018-04-12,3.9
JAGI.L,2018-07-12,3.9
JAGI.L,2018-10-11,3.9
JAGI.L,2019-01-10,3.7
JAGI.L,2019-04-11,4.0
JAGI.L,2019-07-11,4.0
JAGI.L,2019-10-10,4.0
JAGI.L,2020-01-09,4.1
JAGI.L,2020-04-09,3.5
JAGI.L,2020-07-09,4.0
JAGI.L,2020-10-08,4.2
JAGI.L,2021-01-14,4.8
JAGI.L,2021-04-15,4.9
JAGI.L,2021-07-08,5.0
JAGI.L,2021-10-14,4.6
JAGI.L,2022-01-13,4.5
JAGI.L,2022-04-14,4.2
JAGI.L,2022-07-14,4.1
JAGI.L,2022-10-13,3.7
JAGI.L,2023-01-12,4.0
JAGI.L,2023-04-13,4.0
JAGI.L,2023-07-13,3.9
JAGI.L,2023-10-12,3.8
JAGI.L,2024-01-11,3.7
JAGI.L,2024-04-11,3.9
JAGI.L,2024-07-11,4.2
JAGI.L,2024-10-10,4.2
JAGI.L,2025-01-09,4.1
JAGI.L,2025-04-10,6.1
JAGI.L,2025-07-10,6.3
JAGI.L,2025-10-09,7.1000004
JAM.L,1973-02-12,0.0219
JAM.L,1973-06-18,0.0175
JAM.L,1974-02-11,0.0263
JAM.L,1974-06-10,0.0175
JAM.L,1975-02-24,0.030700002
JAM.L,1975-06-16,0.0175
JAM.L,1976-02-23,0.033800002
JAM.L,1976-06-14,0.0175
JAM.L,1977-02-28,0.0406
JAM.L,1977-06-13,0.021300001
JAM.L,1978-02-27,0.044999998
JAM.L,1978-06-26,0.0275
JAM.L,1979-02-26,0.0513
JAM.L,1979-06-18,0.0313
JAM.L,1979-09-24,0.0125
JAM.L,1980-02-25,0.07
JAM.L,1980-06-16,0.0375
JAM.L,1981-02-09,0.081300005
JAM.L,1981-06-15,0.0375
JAM.L,1982-02-15,0.081300005
JAM.L,1982-06-21,0.0375
JAM.L,1983-02-21,0.0938
JAM.L,1983-06-06,0.025
JAM.L,1984-02-27,0.028199999
JAM.L,1984-06-18,0.025
JAM.L,1985-02-11,0.0406
JAM.L,1985-06-17,0.025
JAM.L,1986-02-10,0.0469
JAM.L,1986-06-16,0.025
JAM.L,1987-02-23,0.0532
JAM.L,1987-06-15,0.1
JAM.L,1988-02-22,0.2126
JAM.L,1988-06-20,0.066
JAM.L,1989-02-13,0.174
JAM.L,1989-07-17,0.1
JAM.L,1990-02-12,0.19940001
JAM.L,1990-07-09,0.1
JAM.L,1991-02-11,0.25
JAM.L,1991-07-15,0.1
JAM.L,1992-02-24,0.15
JAM.L,1992-07-27,0.07
JAM.L,1993-02-15,0.07
JAM.L,1993-07-19,0.17
JAM.L,1994-02-28,0.13
JAM.L,1994-07-25,0.08
JAM.L,1995-02-06,0.26
JAM.L,1995-07-31,0.08
JAM.L,1996-03-18,0.42
JAM.L,1997-03-24,0.56
JAM.L,1998-03-02,0.536
JAM.L,1999-03-22,0.58
JAM.L,2000-04-03,0.46
JAM.L,2001-04-04,1.14
JAM.L,2002-04-03,1.04
JAM.L,2003-04-02,0.96000004
JAM.L,2004-03-31,1.36
JAM.L,2005-04-06,1.5
JAM.L,2006-04-05,1.6
JAM.L,2007-04-04,2.2
JAM.L,2008-04-09,2.2
JAM.L,2009-04-01,2.2
JAM.L,2010-04-07,2.2
JAM.L,2011-04-06,2.2
JAM.L,2012-04-04,2.2
JAM.L,2012-09-05,1.0
JAM.L,2013-04-10,1.5
JAM.L,2013-09-04,1.0
JAM.L,2014-04-09,1.7
JAM.L,2014-09-03,1.0
JAM.L,2015-04-16,2.25
JAM.L,2015-09-03,1.5
JAM.L,2016-04-14,2.5
JAM.L,2016-09-08,2.25
JAM.L,2017-04-13,2.75
JAM.L,2017-08-31,2.25
JAM.L,2018-04-12,3.25
JAM.L,2018-08-30,2.5
JAM.L,2019-04-11,4.0
JAM.L,2019-08-29,2.5
JAM.L,2020-04-23,4.0
JAM.L,2020-08-27,2.5
JAM.L,2021-04-22,4.25
JAM.L,2021-09-02,2.5
JAM.L,2022-04-21,4.5
JAM.L,2022-09-01,2.5
JAM.L,2023-04-20,4.75
JAM.L,2023-08-31,2.5
JAM.L,2024-04-18,5.25
JAM.L,2024-08-29,2.75
JAM.L,2025-04-17,8.25
JAM.L,2025-08-28,2.75
JARA.L,2020-01-30,0.75
JARA.L,2020-04-30,0.75
JARA.L,2020-08-06,0.75
JARA.L,2020-10-29,0.75
JARA.L,2021-01-28,1.0
JARA.L,2021-05-06,1.0
JARA.L,2021-08-05,1.0
JARA.L,2021-10-28,1.0
JARA.L,2022-02-03,1.0
JARA.L,2022-05-05,1.0
JARA.L,2022-08-04,1.0
JARA.L,2022-10-27,1.0
JARA.L,2023-02-02,1.05
JARA.L,2023-05-04,1.05
JARA.L,2023-08-03,1.05
JARA.L,2023-10-26,1.05
JARA.L,2024-02-01,1.05
JARA.L,2024-05-09,1.05
JARA.L,2024-08-01,1.05
JARA.L,2024-10-24,1.05
JARE.L,2020-04-30,0.009763697
JARE.L,2020-08-06,0.009418079
JARE.L,2020-10-29,0.009415805
JARE.L,2021-01-28,0.01287994
JARE.L,2021-05-06,0.01317667
JARE.L,2021-08-05,0.0133528905
JARE.L,2021-10-28,0.013468853
JARE.L,2022-02-03,0.01364962
JARE.L,2022-05-05,0.01345521
JARE.L,2022-08-04,0.013589365
JARE.L,2022-10-27,0.013105046
JARE.L,2023-02-02,0.013458622
JARE.L,2023-05-04,0.0135473
JARE.L,2023-08-03,0.013865631
JARE.L,2023-10-26,0.01369737
JARE.L,2024-02-01,0.013989554
JARE.L,2024-05-09,0.013877001
JARE.L,2024-08-01,0.0141635
JARE.L,2024-10-24,0.014328349
JARU.L,2020-04-30,0.012462904
JARU.L,2020-08-06,0.013179424
JARU.L,2020-10-29,0.013016336
JARU.L,2021-01-28,0.018319387
JARU.L,2021-05-06,0.018594766
JARU.L,2021-08-05,0.01858407
JARU.L,2021-10-28,0.018354142
JARU.L,2022-02-03,0.018130898
JARU.L,2022-05-05,0.016711228
JARU.L,2022-08-04,0.0161979
JARU.L,2022-10-27,0.015512125
JARU.L,2023-02-02,0.017278025
JARU.L,2023-05-04,0.017610887
JARU.L,2023-08-03,0.01783012
JARU.L,2023-10-26,0.017050771
JARU.L,2024-02-01,0.017846161
JARU.L,2024-05-09,0.017536025
JARU.L,2024-08-01,0.018023955
JARU.L,2024-10-24,0.018165655
JCGI.L,1994-11-07,0.5
JCGI.L,1995-11-13,0.5
JCGI.L,1996-11-25,0.5
JCGI.L,1998-11-16,0.5
JCGI.L,1999-11-15,0.1
JCGI.L,2002-11-20,0.25
JCGI.L,2003-11-19,0.6
JCGI.L,2004-11-17,1.0
JCGI.L,2005-11-16,0.9
JCGI.L,2006-11-15,0.70000005
JCGI.L,2007-11-14,0.5
JCGI.L,2008-11-19,0.5
JCGI.L,2009-11-25,1.5
JCGI.L,2010-11-24,1.5
JCGI.L,2011-11-30,1.3000001
JCGI.L,2012-12-19,1.6
JCGI.L,2013-12-11,1.6
JCGI.L,2014-12-11,1.6
JCGI.L,2015-12-10,1.8
JCGI.L,2016-12-15,1.6
JCGI.L,2017-12-14,1.6
JCGI.L,2018-12-13,3.5
JCGI.L,2019-12-24,5.0
JCGI.L,2020-04-30,3.7
JCGI.L,2020-07-23,3.7
JCGI.L,2020-10-29,5.7
JCGI.L,2021-01-21,5.7
JCGI.L,2021-04-22,5.7
JCGI.L,2021-07-22,5.7
JCGI.L,2021-10-21,5.7
JCGI.L,2022-01-20,5.7
JCGI.L,2022-04-21,5.7
JCGI.L,2022-07-21,5.7
JCGI.L,2022-10-20,3.42
JCGI.L,2023-01-19,3.42
JCGI.L,2023-04-20,3.42
JCGI.L,2023-07-20,3.42
JCGI.L,2023-10-19,2.76
JCGI.L,2024-01-18,2.76
JCGI.L,2024-04-18,2.76
JCGI.L,2024-07-18,2.76
JCGI.L,2024-10-17,2.73
JCGI.L,2025-01-16,2.73
JCGI.L,2025-04-17,2.73
JCGI.L,2025-07-17,2.73
JCGI.L,2025-10-16,3.39
JCH.L,1973-02-12,0.23900001
JCH.L,1974-02-11,0.30650002
JCH.L,1975-02-10,0.32500002
JCH.L,1976-02-09,0.34350002
JCH.L,1977-02-14,0.4
JCH.L,1977-09-05,0.1875
JCH.L,1978-02-13,0.2875
JCH.L,1978-09-18,0.1875
JCH.L,1979-02-12,0.36249998
JCH.L,1979-09-10,0.2815
JCH.L,1980-01-28,0.4625
JCH.L,1980-09-15,0.281
JCH.L,1981-01-26,0.51850003
JCH.L,1981-09-14,0.281
JCH.L,1982-01-25,0.5375
JCH.L,1982-08-02,0.281
JCH.L,1983-01-17,0.5875
JCH.L,1983-08-01,0.281
JCH.L,1984-01-16,0.656
JCH.L,1984-07-30,0.3125
JCH.L,1985-01-28,0.775
JCH.L,1985-07-29,0.34350002
JCH.L,1985-09-27,0.34350002
JCH.L,1986-01-27,0.925
JCH.L,1986-07-28,0.425
JCH.L,1987-01-26,0.9875001
JCH.L,1987-08-24,0.425
JCH.L,1988-01-26,2.2749999
JCH.L,1988-08-15,0.425
JCH.L,1989-02-13,1.3875
JCH.L,1989-09-04,0.625
JCH.L,1990-02-12,1.5
JCH.L,1990-08-06,0.875
JCH.L,1991-02-11,1.625
JCH.L,1991-04-15,0.625
JCH.L,1991-07-15,0.625
JCH.L,1991-10-14,0.625
JCH.L,1992-02-10,0.75
JCH.L,1992-05-11,0.625
JCH.L,1992-07-13,0.625
JCH.L,1992-10-19,0.625
JCH.L,1993-02-15,0.8
JCH.L,1993-04-19,1.25
JCH.L,1993-06-07,1.25
JCH.L,1993-09-20,1.25
JCH.L,1994-02-14,1.75
JCH.L,1994-04-11,1.25
JCH.L,1994-07-04,1.25
JCH.L,1994-09-19,1.25
JCH.L,1995-01-30,1.9200001
JCH.L,1995-04-10,1.25
JCH.L,1995-07-31,1.25
JCH.L,1995-10-30,1.4499999
JCH.L,1996-01-29,2.15
JCH.L,1996-04-29,1.4499999
JCH.L,1996-07-29,1.4499999
JCH.L,1996-11-04,1.4499999
JCH.L,1997-01-27,2.2
JCH.L,1997-04-28,1.4499999
JCH.L,1997-08-04,1.4499999
JCH.L,1997-11-03,1.4499999
JCH.L,1998-02-02,2.45
JCH.L,1998-05-05,1.4499999
JCH.L,1998-08-03,1.4499999
JCH.L,1998-11-02,1.4499999
JCH.L,1999-02-01,2.6499999
JCH.L,1999-05-10,1.7
JCH.L,1999-08-02,1.7
JCH.L,1999-11-01,1.7
JCH.L,2000-01-31,2.2
JCH.L,2000-04-17,1.7
JCH.L,2000-07-31,1.7
JCH.L,2000-10-30,1.7
JCH.L,2000-11-01,1.7
JCH.L,2001-02-07,2.7
JCH.L,2001-02-26,2.7
JCH.L,2001-05-09,2.0
JCH.L,2001-08-07,2.0
JCH.L,2001-08-08,2.0
JCH.L,2001-10-31,2.0
JCH.L,2002-02-06,2.5
JCH.L,2002-05-08,2.3
JCH.L,2002-07-31,2.3
JCH.L,2002-10-30,2.3
JCH.L,2003-02-12,2.75
JCH.L,2003-05-07,2.4
JCH.L,2003-05-09,2.4
JCH.L,2003-08-06,2.4
JCH.L,2003-11-05,2.4
JCH.L,2004-02-11,3.0
JCH.L,2004-05-12,2.5
JCH.L,2004-08-04,2.5
JCH.L,2004-11-10,2.5
JCH.L,2005-02-02,3.15
JCH.L,2005-05-04,2.6000001
JCH.L,2005-08-03,2.6000001
JCH.L,2005-11-02,2.6000001
JCH.L,2006-02-01,3.7
JCH.L,2006-05-10,2.8000002
JCH.L,2006-08-02,2.8000002
JCH.L,2006-11-08,3.0
JCH.L,2007-02-07,4.9
JCH.L,2007-05-09,3.3
JCH.L,2007-08-15,3.3
JCH.L,2007-11-07,3.5
JCH.L,2008-02-06,5.2000003
JCH.L,2008-05-07,3.5
JCH.L,2008-08-13,3.5
JCH.L,2008-11-05,3.5
JCH.L,2009-02-11,9.5
JCH.L,2009-04-29,3.5
JCH.L,2009-08-12,3.5
JCH.L,2009-11-04,3.5
JCH.L,2010-02-03,6.4
JCH.L,2010-04-28,3.5
JCH.L,2010-08-11,3.5
JCH.L,2010-11-03,3.5
JCH.L,2011-02-09,7.0
JCH.L,2011-04-20,3.5
JCH.L,2011-04-21,3.5
JCH.L,2011-08-10,3.5
JCH.L,2011-11-02,3.5
JCH.L,2012-02-08,7.75
JCH.L,2012-05-02,3.5
JCH.L,2012-08-08,3.5
JCH.L,2012-10-31,3.5
JCH.L,2013-02-06,8.349999
JCH.L,2013-05-01,4.5
JCH.L,2013-08-07,4.5
JCH.L,2013-10-30,4.5
JCH.L,2014-02-05,6.0
JCH.L,2014-04-30,4.5
JCH.L,2014-08-06,4.5
JCH.L,2014-11-06,4.5
JCH.L,2015-02-05,6.5
JCH.L,2015-04-30,5.0
JCH.L,2015-08-06,5.0
JCH.L,2015-11-05,5.0
JCH.L,2016-02-04,6.5
JCH.L,2016-04-28,5.0
JCH.L,2016-08-04,5.0
JCH.L,2016-11-03,5.0
JCH.L,2017-02-09,8.0
JCH.L,2017-05-04,5.5
JCH.L,2017-08-03,5.5
JCH.L,2017-08-10,5.5
JCH.L,2017-11-02,5.5
JCH.L,2018-02-01,9.5
JCH.L,2018-04-26,6.0
JCH.L,2018-08-09,6.0
JCH.L,2018-11-01,6.0
JCH.L,2019-02-07,9.5
JCH.L,2019-05-02,6.25
JCH.L,2019-08-08,6.25
JCH.L,2019-10-31,6.25
JCH.L,2020-02-06,10.25
JCH.L,2020-04-30,6.5
JCH.L,2020-08-06,6.5
JCH.L,2020-10-29,6.5
JCH.L,2021-01-28,10.0
JCH.L,2021-04-29,7.0
JCH.L,2021-08-12,7.0
JCH.L,2021-10-28,7.0
JCH.L,2022-02-03,9.5
JCH.L,2022-05-05,7.5000005
JCH.L,2022-07-21,7.5000005
JCH.L,2022-10-27,7.5000005
JCH.L,2023-02-09,10.5
JCH.L,2023-05-11,8.0
JCH.L,2023-07-27,8.0
JCH.L,2023-10-26,8.0
JCH.L,2024-01-25,10.5
JCH.L,2024-04-25,8.25
JCH.L,2024-07-25,8.25
JCH.L,2024-11-07,8.25
JCH.L,2025-01-30,10.65
JCH.L,2025-04-24,8.4
JCH.L,2025-07-24,8.4
JCH.L,2025-10-30,8.4
JD.L,1997-06-09,0.036000002
JD.L,1998-02-02,0.02
JD.L,1998-07-20,0.036000002
JD.L,1998-12-29,0.02
JD.L,1999-08-23,0.036000002
JD.L,2000-01-10,0.02
JD.L,2000-09-04,0.04
JD.L,2001-01-08,0.023
JD.L,2001-09-05,0.046
JD.L,2002-01-16,0.026
JD.L,2002-09-18,0.052
JD.L,2003-01-22,0.0286
JD.L,2003-07-23,0.0364
JD.L,2003-12-10,0.0286
JD.L,2004-05-19,0.0364
JD.L,2004-12-08,0.022
JD.L,2005-05-18,0.044
JD.L,2005-12-07,0.023
JD.L,2006-05-10,0.046
JD.L,2006-12-06,0.024
JD.L,2007-05-09,0.048
JD.L,2007-12-05,0.025
JD.L,2008-05-07,0.060000002
JD.L,2008-12-03,0.031
JD.L,2009-05-06,0.089
JD.L,2009-12-02,0.033
JD.L,2010-05-05,0.147
JD.L,2010-12-01,0.038000003
JD.L,2011-05-04,0.192
JD.L,2011-11-30,0.041
JD.L,2012-05-02,0.21200001
JD.L,2012-11-28,0.042999998
JD.L,2013-05-08,0.22
JD.L,2013-12-04,0.0445
JD.L,2014-05-07,0.2265
JD.L,2014-12-04,0.046
JD.L,2015-06-25,0.236
JD.L,2015-12-03,0.048
JD.L,2016-06-23,0.248
JD.L,2016-12-01,0.05
JD.L,2017-06-22,0.26
JD.L,2017-11-30,0.052
JD.L,2018-06-28,0.274
JD.L,2018-11-29,0.053999998
JD.L,2019-06-27,0.28800002
JD.L,2019-11-28,0.056
JD.L,2021-06-24,0.28800002
JD.L,2022-07-07,0.35000002
JD.L,2022-12-08,0.13
JD.L,2023-07-06,0.66999996
JD.L,2023-12-07,0.3
JD.L,2024-06-13,0.6
JD.L,2024-11-07,0.32999998
JD.L,2025-06-12,0.66999996
JD.L,2025-10-30,0.32999998
JDG.L,2006-10-04,1.0
JDG.L,2007-06-06,2.0
JDG.L,2007-10-03,1.1
JDG.L,2008-06-04,2.2
JDG.L,2008-09-03,1.2
JDG.L,2009-06-03,2.4
JDG.L,2009-10-07,1.3000001
JDG.L,2010-06-02,3.7
JDG.L,2010-10-06,2.5
JDG.L,2011-06-01,5.0
JDG.L,2011-10-05,3.3
JDG.L,2012-06-06,6.7000003
JDG.L,2012-10-03,5.0
JDG.L,2013-06-05,10.0
JDG.L,2013-10-09,6.6
JDG.L,2014-06-04,13.400001
JDG.L,2014-10-09,7.2999997
JDG.L,2015-06-11,14.7
JDG.L,2015-10-08,8.1
JDG.L,2016-03-03,15.9
JDG.L,2016-06-09,1.0
JDG.L,2016-10-06,9.0
JDG.L,2017-06-08,18.5
JDG.L,2017-10-05,10.0
JDG.L,2018-06-07,22.0
JDG.L,2018-10-04,12.0
JDG.L,2019-06-06,28.0
JDG.L,2019-10-03,15.000001
JDG.L,2019-11-28,200.0
JDG.L,2020-06-04,35.0
JDG.L,2020-10-08,16.5
JDG.L,2021-06-10,38.5
JDG.L,2021-10-07,19.0
JDG.L,2022-06-09,47.0
JDG.L,2022-10-06,22.0
JDG.L,2023-06-08,58.999996
JDG.L,2023-10-05,27.000002
JDG.L,2024-06-06,68.0
JDG.L,2024-10-10,29.699999
JDG.L,2025-06-12,74.8
JDG.L,2025-10-09,32.7
JDW.L,1993-03-29,0.3457
JDW.L,1993-11-01,0.6914
JDW.L,1994-03-14,0.44
JDW.L,1994-10-31,0.88
JDW.L,1995-04-10,0.55
JDW.L,1995-10-16,1.05
JDW.L,1996-03-11,0.62
JDW.L,1996-09-16,1.1800001
JDW.L,1997-03-24,0.68
JDW.L,1997-09-15,1.3199999
JDW.L,1998-03-30,0.75
JDW.L,1998-09-21,1.4499999
JDW.L,1999-03-22,0.83
JDW.L,1999-09-20,1.6
JDW.L,2000-03-27,0.91
JDW.L,2000-09-25,1.76
JDW.L,2001-03-28,1.0
JDW.L,2001-09-26,1.9300001
JDW.L,2002-03-13,1.1
JDW.L,2002-09-25,2.12
JDW.L,2003-03-19,1.21
JDW.L,2003-10-29,2.33
JDW.L,2004-03-17,1.3299999
JDW.L,2004-10-27,2.56
JDW.L,2005-04-27,1.46
JDW.L,2005-10-26,2.8200002
JDW.L,2006-04-26,1.6
JDW.L,2006-10-25,3.1
JDW.L,2007-04-25,4.0
JDW.L,2007-10-24,8.0
JDW.L,2008-04-30,4.4
JDW.L,2008-10-22,8.4444
JDW.L,2010-03-17,20.3333
JDW.L,2011-04-20,4.4444
JDW.L,2011-10-19,8.0
JDW.L,2012-04-25,4.0
JDW.L,2012-10-24,8.0
JDW.L,2013-05-01,4.0
JDW.L,2013-10-23,8.0
JDW.L,2014-04-30,4.0
JDW.L,2014-10-23,8.0
JDW.L,2015-04-30,4.0
JDW.L,2015-10-22,8.0
JDW.L,2016-04-28,4.0
JDW.L,2016-10-20,8.0
JDW.L,2017-04-27,4.0
JDW.L,2017-10-26,8.0
JDW.L,2018-05-03,4.0
JDW.L,2018-10-25,8.0
JDW.L,2019-05-02,4.0
JDW.L,2019-10-24,8.0
JDW.L,2024-10-24,12.0
JDW.L,2025-05-01,4.0
JDW.L,2025-10-23,8.0
JEDT.L,2010-06-16,0.6
JEDT.L,2011-06-15,0.8
JEDT.L,2011-12-21,1.2
JEDT.L,2012-08-01,2.2
JEDT.L,2012-12-19,1.2
JEDT.L,2013-07-31,2.0
JEDT.L,2013-12-18,1.2
JEDT.L,2014-06-04,1.7
JEDT.L,2014-12-18,1.2
JEDT.L,2015-06-04,2.0
JEDT.L,2015-12-17,1.2
JEDT.L,2016-06-02,2.0
JEDT.L,2016-12-01,1.2
JEDT.L,2017-06-15,3.5
JEDT.L,2017-12-21,1.2
JEDT.L,2018-06-14,5.5
JEDT.L,2018-12-13,1.2
JEDT.L,2019-06-13,5.5
JEDT.L,2019-12-12,1.2
JEDT.L,2020-06-25,5.5
JEDT.L,2020-12-17,1.2
JEDT.L,2021-06-24,5.5
JEDT.L,2021-12-16,1.2
JEDT.L,2022-06-23,5.5
JEDT.L,2022-12-22,1.2
JEDT.L,2023-06-29,7.8
JEDT.L,2023-12-28,2.5
JEDT.L,2024-06-27,8.0
JEDT.L,2024-12-19,3.0
JEDT.L,2025-07-03,10.0
JEGI.L,1972-10-02,0.20300001
JEGI.L,1973-06-04,0.42
JEGI.L,1973-10-01,0.23300001
JEGI.L,1974-06-10,0.583
JEGI.L,1974-09-30,0.23300001
JEGI.L,1975-06-02,0.617
JEGI.L,1975-09-22,0.23300001
JEGI.L,1976-06-01,0.667
JEGI.L,1976-09-20,0.333
JEGI.L,1977-05-23,0.733
JEGI.L,1977-09-19,0.367
JEGI.L,1978-06-12,0.83299994
JEGI.L,1978-10-02,0.417
JEGI.L,1979-06-18,0.983
JEGI.L,1979-09-24,0.667
JEGI.L,1980-06-16,1.1669999
JEGI.L,1980-09-29,0.667
JEGI.L,1981-06-15,1.25
JEGI.L,1981-09-28,0.667
JEGI.L,1982-06-07,1.3330001
JEGI.L,1982-10-18,0.667
JEGI.L,1983-06-20,1.5830001
JEGI.L,1983-10-03,0.667
JEGI.L,1984-06-04,1.5830001
JEGI.L,1984-10-01,0.667
JEGI.L,1985-06-03,2.0
JEGI.L,1985-09-30,0.667
JEGI.L,1986-06-02,1.3330001
JEGI.L,1986-09-29,0.6
JEGI.L,1987-06-01,0.9
JEGI.L,1987-11-09,0.120000005
JEGI.L,1988-06-20,0.3
JEGI.L,1988-11-14,0.120000005
JEGI.L,1989-06-19,0.44
JEGI.L,1989-10-30,0.120000005
JEGI.L,1990-05-29,0.44
JEGI.L,1990-11-05,0.120000005
JEGI.L,1991-06-03,0.44
JEGI.L,1991-11-11,0.120000005
JEGI.L,1992-06-01,0.44
JEGI.L,1993-06-07,0.54
JEGI.L,1994-06-20,0.44
JEGI.L,1995-05-15,0.68
JEGI.L,1996-05-13,0.8
JEGI.L,1997-06-23,0.8
JEGI.L,1998-06-29,0.56
JEGI.L,1999-06-28,0.68
JEGI.L,2000-06-12,0.4
JEGI.L,2001-06-13,0.88
JEGI.L,2002-06-19,0.64
JEGI.L,2003-06-18,0.98
JEGI.L,2004-07-14,0.70000005
JEGI.L,2005-07-06,0.52
JEGI.L,2006-07-05,17.5
JEGI.L,2007-03-07,3.8
JEGI.L,2007-09-12,3.0
JEGI.L,2008-03-12,3.3300002
JEGI.L,2008-09-10,5.0
JEGI.L,2009-03-11,2.0
JEGI.L,2009-09-09,3.7500002
JEGI.L,2010-03-10,1.1
JEGI.L,2010-09-08,3.8
JEGI.L,2011-03-09,1.1
JEGI.L,2011-09-07,4.8
JEGI.L,2012-03-07,1.95
JEGI.L,2012-09-05,4.8
JEGI.L,2013-03-06,1.15
JEGI.L,2013-09-04,5.45
JEGI.L,2014-03-05,1.25
JEGI.L,2014-09-10,5.45
JEGI.L,2015-03-05,1.4499999
JEGI.L,2015-09-17,1.1
JEGI.L,2016-03-03,1.4499999
JEGI.L,2016-09-15,4.8500004
JEGI.L,2017-03-02,2.0
JEGI.L,2017-09-14,4.8500004
JEGI.L,2018-03-01,2.0
JEGI.L,2018-09-13,4.8500004
JEGI.L,2019-02-28,4.0
JEGI.L,2019-09-05,4.8500004
JEGI.L,2020-02-27,4.0
JEGI.L,2020-09-10,1.25
JEGI.L,2021-02-25,3.2
JEGI.L,2021-09-09,2.5
JEGI.L,2022-02-24,1.1
JEGI.L,2022-06-23,1.0
JEGI.L,2022-09-08,1.0
JEGI.L,2022-11-24,1.0
JEGI.L,2023-02-23,1.0
JEGI.L,2023-06-01,1.05
JEGI.L,2023-09-21,1.05
JEGI.L,2023-11-30,1.05
JEGI.L,2024-02-15,1.05
JEGI.L,2024-05-30,1.2
JEGI.L,2024-09-26,1.2
JEGI.L,2024-11-28,1.2
JEGI.L,2025-02-13,1.2
JEGI.L,2025-05-15,1.2
JEGI.L,2025-09-18,1.2
JEGI.L,2025-11-27,1.2
JEMA.L,2004-02-25,0.9
JEMA.L,2014-02-12,15.299999
JEMA.L,2015-02-05,13.0
JEMA.L,2016-02-11,17.0
JEMA.L,2016-09-29,6.0
JEMA.L,2017-02-09,8.0
JEMA.L,2017-09-28,15.000001
JEMA.L,2018-02-08,6.0
JEMA.L,2018-09-27,20.0
JEMA.L,2019-02-07,6.0
JEMA.L,2019-09-26,25.0
JEMA.L,2020-02-06,10.0
JEMA.L,2020-10-01,25.0
JEMA.L,2021-02-04,10.0
JEMA.L,2021-09-30,25.0
JEMA.L,2022-02-02,10.0
JEMA.L,2022-02-03,25.0
JEMA.L,2024-02-01,0.5
JEMA.L,2025-02-13,0.5
JEMI.L,2011-01-26,1.0
JEMI.L,2011-05-04,2.25
JEMI.L,2011-11-16,1.4499999
JEMI.L,2011-12-21,0.9
JEMI.L,2012-03-21,0.9
JEMI.L,2012-06-27,0.9
JEMI.L,2012-10-31,2.15
JEMI.L,2012-12-19,0.9
JEMI.L,2013-03-13,0.9
JEMI.L,2013-06-26,1.0
JEMI.L,2013-09-18,2.1
JEMI.L,2013-12-18,1.0
JEMI.L,2014-03-12,1.0
JEMI.L,2014-06-25,1.0
JEMI.L,2014-08-20,1.9
JEMI.L,2014-12-18,1.0
JEMI.L,2015-03-12,1.0
JEMI.L,2015-06-25,1.0
JEMI.L,2015-08-27,1.9
JEMI.L,2015-12-17,1.0
JEMI.L,2016-03-10,1.0
JEMI.L,2016-06-23,1.0
JEMI.L,2016-08-25,1.9
JEMI.L,2016-12-15,1.0
JEMI.L,2017-03-09,1.0
JEMI.L,2017-06-29,1.0
JEMI.L,2017-08-24,1.9
JEMI.L,2017-12-14,1.0
JEMI.L,2018-03-22,1.0
JEMI.L,2018-06-28,1.0
JEMI.L,2018-08-30,2.0
JEMI.L,2018-12-13,1.0
JEMI.L,2019-03-21,1.0
JEMI.L,2019-06-27,1.0
JEMI.L,2019-09-19,2.1
JEMI.L,2019-12-12,1.0
JEMI.L,2020-03-19,1.0
JEMI.L,2020-06-25,1.0
JEMI.L,2020-09-17,2.1
JEMI.L,2020-12-10,1.0
JEMI.L,2021-03-18,1.0
JEMI.L,2021-06-24,1.0
JEMI.L,2021-09-16,2.1
JEMI.L,2021-12-16,1.0
JEMI.L,2022-03-10,1.0
JEMI.L,2022-06-23,1.0
JEMI.L,2022-09-15,2.2
JEMI.L,2022-12-15,1.0
JEMI.L,2023-03-09,1.0
JEMI.L,2023-06-22,1.0
JEMI.L,2023-09-14,2.3
JEMI.L,2023-12-14,1.0
JEMI.L,2024-03-07,1.0
JEMI.L,2024-06-27,1.0
JEMI.L,2024-09-12,2.4
JEMI.L,2024-12-12,1.0
JEMI.L,2025-03-06,1.0
JEMI.L,2025-06-26,1.0
JEMI.L,2025-09-11,2.6000001
JEMI.L,2025-12-11,1.5
JET2.L,1992-11-30,0.16250001
JET2.L,1993-07-19,0.25
JET2.L,1993-12-13,0.16250001
JET2.L,1994-07-04,0.3
JET2.L,1994-12-05,0.1875
JET2.L,1995-07-24,0.3875
JET2.L,1995-12-04,0.2375
JET2.L,1996-07-22,0.5
JET2.L,1996-12-02,0.2625
JET2.L,1997-07-21,0.55
JET2.L,1997-12-01,0.2875
JET2.L,1998-07-06,0.625
JET2.L,1998-11-30,0.3175
JET2.L,1999-07-05,0.75
JET2.L,1999-11-22,0.365
JET2.L,2000-07-03,0.865
JET2.L,2000-11-27,0.45
JET2.L,2001-06-27,1.04
JET2.L,2001-11-21,0.4625
JET2.L,2002-06-26,1.0649999
JET2.L,2002-11-20,0.4625
JET2.L,2003-06-25,1.0649999
JET2.L,2003-11-26,0.4625
JET2.L,2004-06-23,1.0649999
JET2.L,2004-11-24,0.51
JET2.L,2005-06-22,1.175
JET2.L,2005-11-23,0.5625
JET2.L,2006-06-21,1.2950001
JET2.L,2006-11-29,0.65000004
JET2.L,2007-07-04,1.43
JET2.L,2007-12-12,0.65000004
JET2.L,2009-08-19,0.71
JET2.L,2009-12-09,0.35999998
JET2.L,2010-09-08,0.75
JET2.L,2011-01-05,0.4
JET2.L,2011-09-14,0.83
JET2.L,2011-12-28,0.43
JET2.L,2012-09-12,0.89
JET2.L,2012-12-24,0.54
JET2.L,2013-09-11,1.3299999
JET2.L,2013-12-31,0.6
JET2.L,2014-09-10,2.14
JET2.L,2015-01-02,0.75
JET2.L,2015-09-10,2.25
JET2.L,2015-12-31,0.9
JET2.L,2016-09-15,3.1
JET2.L,2017-01-05,1.375
JET2.L,2017-09-21,3.897
JET2.L,2017-12-28,1.5
JET2.L,2018-09-20,6.0
JET2.L,2018-12-27,2.8000002
JET2.L,2019-09-19,7.4
JET2.L,2019-12-24,3.0
JET2.L,2022-12-29,3.0
JET2.L,2023-09-21,8.0
JET2.L,2023-12-28,4.0
JET2.L,2024-09-19,10.7
JET2.L,2025-01-02,4.4
JET2.L,2025-09-18,12.1
JFJ.L,1972-09-04,0.193
JFJ.L,1973-02-12,0.11699999
JFJ.L,1973-11-26,0.097
JFJ.L,1974-02-11,0.133
JFJ.L,1974-09-30,0.28
JFJ.L,1975-02-10,0.133
JFJ.L,1975-10-06,0.3
JFJ.L,1976-02-09,0.133
JFJ.L,1976-10-04,0.333
JFJ.L,1977-02-14,0.133
JFJ.L,1977-10-03,0.4
JFJ.L,1978-02-13,0.2
JFJ.L,1978-10-02,0.413
JFJ.L,1979-02-12,0.23300001
JFJ.L,1979-10-08,0.533
JFJ.L,1980-02-11,0.23300001
JFJ.L,1980-10-13,0.667
JFJ.L,1981-02-09,0.3
JFJ.L,1981-10-12,0.627
JFJ.L,1982-02-15,0.3
JFJ.L,1982-10-04,0.627
JFJ.L,1983-02-11,0.3
JFJ.L,1983-10-03,0.167
JFJ.L,1984-02-13,0.067
JFJ.L,1984-10-01,0.333
JFJ.L,1985-02-11,0.067
JFJ.L,1985-09-30,0.467
JFJ.L,1986-04-01,0.067
JFJ.L,1986-10-27,0.467
JFJ.L,1987-10-26,0.133
JFJ.L,1988-10-31,0.47
JFJ.L,1989-10-30,0.5
JFJ.L,1990-11-05,0.5
JFJ.L,1991-11-11,0.66999996
JFJ.L,1992-11-16,0.35000002
JFJ.L,1993-11-01,0.45
JFJ.L,2007-11-28,2.8000002
JFJ.L,2008-11-19,2.8000002
JFJ.L,2009-12-02,2.8000002
JFJ.L,2010-12-01,2.8000002
JFJ.L,2011-11-30,3.3
JFJ.L,2012-11-28,3.6499999
JFJ.L,2013-11-27,2.8000002
JFJ.L,2014-11-27,2.8000002
JFJ.L,2015-11-26,2.8000002
JFJ.L,2016-11-24,3.6499999
JFJ.L,2017-11-23,5.0
JFJ.L,2018-11-22,5.0
JFJ.L,2019-12-24,5.0
JFJ.L,2020-12-24,5.1
JFJ.L,2021-12-30,5.2999997
JFJ.L,2022-12-22,6.2
JFJ.L,2023-12-21,6.5
JFJ.L,2024-12-24,6.7500005
JGGI.L,1972-12-29,0.051
JGGI.L,1973-07-16,0.0824
JGGI.L,1973-12-28,0.0666
JGGI.L,1974-07-22,0.123399995
JGGI.L,1974-12-24,0.0666
JGGI.L,1975-07-14,0.1466
JGGI.L,1975-12-12,0.0666
JGGI.L,1976-07-26,0.1616
JGGI.L,1977-01-04,0.0666
JGGI.L,1977-07-25,0.19839999
JGGI.L,1978-01-03,0.0834
JGGI.L,1978-07-24,0.2126
JGGI.L,1979-01-02,0.0934
JGGI.L,1979-07-16,0.24659999
JGGI.L,1979-12-28,0.15
JGGI.L,1980-07-14,0.2866
JGGI.L,1980-12-24,0.2
JGGI.L,1981-07-24,0.2666
JGGI.L,1981-12-23,0.2
JGGI.L,1982-07-19,0.2666
JGGI.L,1983-01-17,0.2
JGGI.L,1983-07-18,0.2666
JGGI.L,1983-12-30,0.2
JGGI.L,1984-07-16,0.2666
JGGI.L,1984-12-24,0.2
JGGI.L,1985-07-15,0.35000002
JGGI.L,1985-12-23,0.2
JGGI.L,1986-09-01,0.35000002
JGGI.L,1987-01-26,0.2
JGGI.L,1987-08-24,0.25
JGGI.L,1988-01-25,0.2
JGGI.L,1988-09-05,0.34
JGGI.L,1989-01-30,0.3
JGGI.L,1989-09-04,0.5
JGGI.L,1990-02-26,0.3
JGGI.L,1990-08-20,0.5
JGGI.L,1991-02-25,0.3
JGGI.L,1991-06-03,0.5
JGGI.L,1992-02-24,0.3
JGGI.L,1992-08-24,0.5
JGGI.L,1993-02-15,0.3
JGGI.L,1993-09-20,0.54
JGGI.L,1994-02-14,0.3
JGGI.L,1994-09-26,0.55
JGGI.L,1995-02-20,0.3
JGGI.L,1995-09-25,0.62
JGGI.L,1996-02-26,0.3
JGGI.L,1996-06-03,0.62
JGGI.L,1997-02-24,0.3
JGGI.L,1997-05-19,0.62
JGGI.L,1998-10-05,0.6
JGGI.L,1999-10-04,0.49
JGGI.L,2000-10-23,0.71999997
JGGI.L,2001-10-31,0.84
JGGI.L,2002-10-30,0.84
JGGI.L,2003-10-29,1.0
JGGI.L,2004-10-27,1.4000001
JGGI.L,2005-10-26,1.6
JGGI.L,2006-10-25,2.5
JGGI.L,2007-10-24,2.0
JGGI.L,2008-11-05,2.3
JGGI.L,2009-11-04,2.3
JGGI.L,2010-11-03,2.6000001
JGGI.L,2011-11-02,2.7
JGGI.L,2012-11-07,2.7
JGGI.L,2013-11-06,3.0
JGGI.L,2014-11-06,3.0
JGGI.L,2015-11-12,3.2
JGGI.L,2016-11-03,3.2
JGGI.L,2016-12-15,2.2
JGGI.L,2017-03-09,2.2
JGGI.L,2017-06-08,2.2
JGGI.L,2017-09-07,3.04
JGGI.L,2017-12-07,3.04
JGGI.L,2018-03-01,3.04
JGGI.L,2018-06-07,3.04
JGGI.L,2018-09-06,3.13
JGGI.L,2018-12-06,3.13
JGGI.L,2019-03-07,3.13
JGGI.L,2019-06-06,3.13
JGGI.L,2019-09-05,3.26
JGGI.L,2019-11-21,3.26
JGGI.L,2020-02-27,3.26
JGGI.L,2020-06-04,3.26
JGGI.L,2020-08-27,3.2900002
JGGI.L,2020-11-26,3.2900002
JGGI.L,2021-02-25,3.2900002
JGGI.L,2021-06-03,3.2900002
JGGI.L,2021-09-02,4.24
JGGI.L,2021-11-25,4.24
JGGI.L,2022-03-03,4.24
JGGI.L,2022-05-26,4.24
JGGI.L,2022-09-01,4.25
JGGI.L,2022-11-24,4.25
JGGI.L,2023-03-02,4.25
JGGI.L,2023-06-01,4.25
JGGI.L,2023-08-31,4.61
JGGI.L,2023-11-23,4.61
JGGI.L,2024-03-07,4.61
JGGI.L,2024-05-30,4.61
JGGI.L,2024-08-29,5.7
JGGI.L,2024-11-21,5.7
JGGI.L,2025-03-06,5.7
JGGI.L,2025-05-22,5.7
JGGI.L,2025-08-28,5.75
JGGI.L,2025-11-20,5.75
JHD.L,1993-03-29,0.15630001
JHD.L,1993-10-18,0.25
JHD.L,1994-04-11,0.1719
JHD.L,1994-10-17,0.2969
JHD.L,1995-04-18,0.1875
JHD.L,1995-10-23,0.3438
JHD.L,1996-04-15,0.20310001
JHD.L,1996-10-28,0.375
JHD.L,1997-04-14,0.2188
JHD.L,1997-10-27,0.38439998
JHD.L,1998-04-20,0.23439999
JHD.L,1998-10-26,0.4063
JHD.L,1999-04-12,0.2425
JHD.L,1999-11-01,0.445
JHD.L,2000-04-10,0.2531
JHD.L,2000-10-30,0.4813
JHD.L,2001-04-04,0.275
JHD.L,2001-10-31,0.5219
JHD.L,2002-04-10,0.2969
JHD.L,2002-10-30,0.5625
JHD.L,2003-04-16,0.3188
JHD.L,2003-10-29,0.625
JHD.L,2004-04-28,0.375
JHD.L,2004-11-03,0.73440003
JHD.L,2005-04-27,0.4375
JHD.L,2005-11-02,0.79690003
JHD.L,2006-04-26,0.5313
JHD.L,2006-11-01,1.0
JHD.L,2007-01-03,7.5000005
JHD.L,2007-04-25,0.6563
JHD.L,2007-11-07,1.4063
JHD.L,2008-04-23,0.7813
JHD.L,2008-11-05,1.8125
JHD.L,2009-04-22,0.9063
JHD.L,2009-11-04,2.125
JHD.L,2009-12-23,1.8750001
JHD.L,2010-03-03,1.0
JHD.L,2010-11-03,2.3437998
JHD.L,2011-04-20,1.125
JHD.L,2011-11-02,2.45
JHD.L,2012-04-18,1.25
JHD.L,2012-11-07,2.75
JHD.L,2013-04-10,3.5
JHD.L,2013-05-08,1.375
JHD.L,2013-11-06,3.0
JHD.L,2014-05-07,1.5
JHD.L,2014-11-06,3.5
JHD.L,2015-05-07,1.571
JHD.L,2015-11-05,3.929
JHD.L,2015-12-17,3.929
JHD.L,2016-05-05,1.75
JHD.L,2016-11-03,4.25
JHD.L,2017-05-04,1.8750001
JHD.L,2017-11-02,4.625
JHD.L,2018-05-03,1.925
JHD.L,2018-11-08,4.8250003
JHD.L,2019-05-09,2.0
JHD.L,2019-11-07,5.0
JHD.L,2020-05-07,1.0625
JHD.L,2020-08-20,1.0625
JHD.L,2020-11-19,5.0
JHD.L,2021-05-06,2.125
JHD.L,2021-11-25,5.5
JHD.L,2022-05-05,2.25
JHD.L,2022-11-17,5.5
JHD.L,2023-05-11,2.25
JHD.L,2023-11-16,5.75
JHD.L,2024-05-16,2.5
JHD.L,2024-11-14,6.0
JHD.L,2025-05-08,2.75
JHD.L,2025-11-13,6.05
JIGI.L,1994-12-12,0.45
JIGI.L,2025-11-06,11.08
JMAT.L,1992-12-14,3.5053997
JMAT.L,1993-06-21,7.7776
JMAT.L,1993-12-13,3.7245002
JMAT.L,1994-06-20,8.7635
JMAT.L,1994-12-05,4.6008
JMAT.L,1995-06-19,10.1875
JMAT.L,1995-12-11,4.8807
JMAT.L,1996-06-24,11.2034
JMAT.L,1996-12-09,5.2135
JMAT.L,1997-06-23,11.979799
JMAT.L,1997-12-08,5.7681003
JMAT.L,1998-06-22,13.9765
JMAT.L,1998-12-07,6.3226995
JMAT.L,1999-06-21,14.753
JMAT.L,1999-12-13,6.7664
JMAT.L,2000-06-19,15.751299
JMAT.L,2000-12-11,7.7647
JMAT.L,2001-06-13,18.0807
JMAT.L,2001-12-05,8.3193
JMAT.L,2002-06-12,18.9681
JMAT.L,2002-12-04,8.6521
JMAT.L,2003-06-11,19.6336
JMAT.L,2003-12-03,9.0958
JMAT.L,2004-06-09,20.188301
JMAT.L,2004-12-01,9.6504
JMAT.L,2005-06-08,21.0757
JMAT.L,2005-11-30,10.0941
JMAT.L,2006-06-07,23.2941
JMAT.L,2006-11-29,10.981501
JMAT.L,2007-06-13,26.289099
JMAT.L,2007-12-05,11.757999
JMAT.L,2008-06-11,28.840399
JMAT.L,2008-12-03,12.3126
JMAT.L,2009-06-10,28.840399
JMAT.L,2009-12-02,12.3126
JMAT.L,2010-06-09,30.947899
JMAT.L,2010-12-01,13.865601
JMAT.L,2011-06-08,37.1597
JMAT.L,2011-11-30,16.6387
JMAT.L,2012-08-01,167.6192
JMAT.L,2012-11-28,16.4118
JMAT.L,2013-06-12,43.9412
JMAT.L,2013-11-27,18.0
JMAT.L,2014-06-11,48.1765
JMAT.L,2014-11-27,19.5882
JMAT.L,2015-06-11,52.4118
JMAT.L,2016-01-07,20.6471
JMAT.L,2016-06-09,52.0
JMAT.L,2016-11-24,20.5
JMAT.L,2017-06-08,54.5
JMAT.L,2017-11-30,21.75
JMAT.L,2018-06-07,58.25
JMAT.L,2018-11-29,23.25
JMAT.L,2019-06-06,62.25
JMAT.L,2019-11-28,24.5
JMAT.L,2020-06-18,31.125
JMAT.L,2020-11-26,20.0
JMAT.L,2021-06-10,50.0
JMAT.L,2021-12-02,22.0
JMAT.L,2022-06-09,55.0
JMAT.L,2022-12-08,22.0
JMAT.L,2023-06-08,55.0
JMAT.L,2023-11-30,22.0
JMAT.L,2024-06-06,55.0
JMAT.L,2024-12-05,22.0
JMAT.L,2025-06-05,55.0
JMAT.L,2025-11-27,22.0
JMGI.L,1996-09-09,0.024
JMGI.L,1997-09-22,0.04
JMGI.L,2005-10-26,0.245
JMGI.L,2005-12-07,0.065
JMGI.L,2006-04-05,0.15
JMGI.L,2006-10-25,0.15
JMGI.L,2007-10-24,0.2
JMGI.L,2008-10-22,0.2
JMGI.L,2009-10-05,0.32
JMGI.L,2009-10-07,0.32
JMGI.L,2010-10-06,0.32
JMGI.L,2011-10-26,0.35000002
JMGI.L,2012-10-24,0.45
JMGI.L,2013-10-23,0.55
JMGI.L,2014-10-23,0.55
JMGI.L,2015-10-22,0.6
JMGI.L,2016-10-13,0.9
JMGI.L,2017-10-26,1.1
JMGI.L,2018-10-25,1.25
JMGI.L,2019-03-14,0.5
JMGI.L,2019-10-17,0.9
JMGI.L,2020-03-12,0.52
JMGI.L,2020-10-08,0.9
JMGI.L,2021-03-11,0.52
JMGI.L,2021-10-07,0.83
JMGI.L,2022-03-10,0.52
JMGI.L,2022-10-13,0.83
JMGI.L,2023-03-16,0.58
JMGI.L,2023-10-05,1.07
JMGI.L,2024-03-14,0.6
JMGI.L,2024-10-10,1.3000001
JMGI.L,2025-03-13,0.65000004
JMGI.L,2025-10-09,1.4499999
JSE.L,2020-10-15,0.42
JSE.L,2021-06-17,0.77
JSE.L,2021-09-16,0.43
JSE.L,2022-06-16,1.07
JSE.L,2022-09-29,0.4861545
JSG.L,1993-03-29,7.48
JSG.L,1993-08-16,2.8000002
JSG.L,1994-03-28,8.0
JSG.L,1994-08-22,2.8000002
JSG.L,1995-03-27,8.0
JSG.L,1995-08-29,2.8000002
JSG.L,1996-03-25,8.4
JSG.L,1996-08-27,2.8999999
JSG.L,1997-04-01,8.900001
JSG.L,1997-08-26,3.0
JSG.L,1998-03-30,9.6
JSG.L,1998-09-01,3.3
JSG.L,1999-03-22,11.0
JSG.L,1999-08-31,3.6499999
JSG.L,2000-03-27,12.25
JSG.L,2000-09-18,3.9
JSG.L,2001-04-04,13.2
JSG.L,2001-09-19,4.0
JSG.L,2002-04-03,13.6
JSG.L,2002-09-18,4.0
JSG.L,2003-04-02,13.6
JSG.L,2003-10-01,4.0
JSG.L,2004-03-31,13.6
JSG.L,2004-09-29,4.2
JSG.L,2005-04-13,14.300001
JSG.L,2005-09-28,4.4
JSG.L,2006-04-12,15.000001
JSG.L,2006-09-27,4.6
JSG.L,2007-06-06,15.000001
JSG.L,2009-10-14,0.25
JSG.L,2010-04-21,0.5
JSG.L,2010-10-13,0.27
JSG.L,2011-04-20,0.55
JSG.L,2011-10-12,0.32999998
JSG.L,2012-04-18,0.66999996
JSG.L,2012-10-10,0.35999998
JSG.L,2013-04-17,0.74
JSG.L,2013-10-09,0.4
JSG.L,2014-04-16,0.81
JSG.L,2014-10-09,0.5
JSG.L,2015-04-16,1.2
JSG.L,2015-10-08,0.65000004
JSG.L,2016-04-14,1.4499999
JSG.L,2016-10-06,0.8
JSG.L,2017-04-13,1.7
JSG.L,2017-10-05,0.9
JSG.L,2018-04-12,1.9
JSG.L,2018-10-04,1.0
JSG.L,2019-04-11,2.1
JSG.L,2019-10-03,1.15
JSG.L,2022-10-06,0.8
JSG.L,2023-04-13,1.6
JSG.L,2023-10-05,0.9
JSG.L,2024-04-11,1.9
JSG.L,2024-10-03,1.3000001
JSG.L,2025-04-10,2.7
JSG.L,2025-10-02,1.6
JTC.L,2018-09-27,1.0
JTC.L,2019-05-30,2.0
JTC.L,2019-09-26,1.7
JTC.L,2020-06-04,3.6
JTC.L,2020-09-24,2.4
JTC.L,2021-06-10,4.35
JTC.L,2021-09-30,2.6000001
JTC.L,2022-06-16,5.07
JTC.L,2022-09-22,3.1
JTC.L,2023-06-01,6.88
JTC.L,2023-09-21,3.5
JTC.L,2024-05-30,7.67
JTC.L,2024-09-26,4.3
JTC.L,2025-05-29,8.24
JTC.L,2025-09-25,5.0
JUGI.L,1991-03-11,0.25
JUGI.L,1991-09-02,0.574
JUGI.L,1992-03-09,0.25
JUGI.L,1992-09-07,0.53
JUGI.L,1993-03-01,0.25
JUGI.L,1993-09-20,0.55
JUGI.L,1994-02-28,0.25
JUGI.L,1994-09-26,0.57799995
JUGI.L,1994-09-29,0.5775
JUGI.L,1995-03-06,0.25
JUGI.L,1995-09-11,0.616
JUGI.L,1996-03-04,0.26
JUGI.L,1996-10-07,0.64
JUGI.L,1997-03-03,0.26
JUGI.L,1997-11-03,0.64
JUGI.L,1998-10-26,0.52
JUGI.L,1999-10-25,0.6
JUGI.L,2000-10-23,0.46
JUGI.L,2001-10-24,0.46
JUGI.L,2002-10-30,0.6
JUGI.L,2003-10-29,0.57
JUGI.L,2004-10-27,0.75
JUGI.L,2005-11-02,0.75
JUGI.L,2006-11-01,0.85
JUGI.L,2007-10-31,1.0
JUGI.L,2008-11-12,1.4000001
JUGI.L,2009-01-14,0.6
JUGI.L,2009-11-11,1.6
JUGI.L,2010-11-10,1.7
JUGI.L,2011-11-16,1.7
JUGI.L,2012-11-14,1.8
JUGI.L,2013-11-13,1.9
JUGI.L,2014-11-06,1.9200001
JUGI.L,2015-11-12,2.2
JUGI.L,2016-11-10,3.66
JUGI.L,2017-11-09,4.6
JUGI.L,2018-11-08,5.4
JUGI.L,2019-11-07,5.5
JUGI.L,2020-10-29,5.5
JUGI.L,2021-10-28,5.7
JUGI.L,2022-11-10,6.8999996
JUGI.L,2023-10-26,7.7
JUGI.L,2024-02-01,3.6
JUGI.L,2024-05-23,6.46
JUGI.L,2024-08-22,3.76
JUGI.L,2024-11-21,3.76
JUGI.L,2025-02-20,3.76
JUGI.L,2025-05-22,3.76
JUGI.L,2025-08-21,3.6299999
JUGI.L,2025-11-20,3.6299999
JUP.L,2011-04-13,4.7
JUP.L,2011-08-31,2.5
JUP.L,2012-03-14,5.2999997
JUP.L,2012-08-08,2.5
JUP.L,2013-03-06,6.3
JUP.L,2013-08-07,3.5
JUP.L,2014-04-09,9.099999
JUP.L,2014-08-06,3.7
JUP.L,2015-03-19,21.0
JUP.L,2015-08-06,4.0
JUP.L,2016-03-10,21.5
JUP.L,2016-08-04,4.5
JUP.L,2017-03-09,22.7
JUP.L,2017-08-03,6.8
JUP.L,2018-03-08,25.8
JUP.L,2018-08-09,7.9000006
JUP.L,2019-03-14,20.6
JUP.L,2019-08-08,7.9000006
JUP.L,2020-03-12,9.2
JUP.L,2020-08-06,7.9000006
JUP.L,2021-04-15,12.2
JUP.L,2021-08-12,7.9000006
JUP.L,2022-04-21,9.2
JUP.L,2022-08-11,7.9000006
JUP.L,2023-04-20,0.5
JUP.L,2023-08-03,6.4
JUP.L,2024-04-18,3.4
JUP.L,2024-08-08,3.2
JUP.L,2025-04-17,2.2
JUP.L,2025-08-07,2.1
JUSC.L,2013-04-10,0.91
JUSC.L,2014-04-09,0.70000005
JUSC.L,2018-04-12,2.5
JUSC.L,2019-04-11,2.5
JUSC.L,2020-06-04,2.5
JUSC.L,2021-04-15,2.5
JUSC.L,2022-04-14,2.5
JUSC.L,2023-04-20,2.5
JUSC.L,2024-04-18,3.0
JUSC.L,2025-06-12,3.1
JUST.L,2014-11-13,2.2
JUST.L,2015-04-16,1.1
JUST.L,2015-11-12,2.2
JUST.L,2016-05-05,1.1
JUST.L,2016-09-22,1.1
JUST.L,2017-05-04,2.4
JUST.L,2017-11-02,1.17
JUST.L,2018-05-03,2.55
JUST.L,2022-04-21,1.0
JUST.L,2022-08-18,0.5
JUST.L,2023-04-13,1.23
JUST.L,2023-08-24,0.58
JUST.L,2024-04-11,1.5
JUST.L,2024-08-22,0.70000005
JUST.L,2025-04-10,1.8
JUST.L,2025-08-14,0.84
KETL.L,2017-11-09,1.0
KETL.L,2018-05-03,1.9
KETL.L,2018-09-27,2.3
KETL.L,2019-05-09,4.7
KETL.L,2019-09-26,2.6000001
KETL.L,2020-05-07,5.1
KETL.L,2020-10-08,2.6000001
KETL.L,2021-05-06,5.25
KETL.L,2021-09-30,2.75
KETL.L,2022-05-12,5.6000004
KETL.L,2022-10-06,2.75
KETL.L,2023-06-29,3.25
KETL.L,2023-11-16,0.9
KEYS.L,2018-06-14,0.84
KEYS.L,2018-10-04,2.5
KEYS.L,2019-06-13,6.5
KEYS.L,2019-10-03,11.200001
KEYS.L,2020-09-24,6.6
KEYS.L,2021-06-10,10.599999
KEYS.L,2021-09-23,4.5
KEYS.L,2022-06-16,21.199999
KEYS.L,2022-09-22,5.2000003
KEYS.L,2023-06-15,10.9
KEYS.L,2023-09-21,18.3
KEYS.L,2024-06-13,12.5
KEYS.L,2024-09-19,6.2
KEYS.L,2025-06-12,29.0
KEYS.L,2025-10-02,7.5000005
KGF.L,1993-05-24,4.5091
KGF.L,1993-09-20,2.0884
KGF.L,1994-05-16,4.9837003
KGF.L,1994-09-19,2.0884
KGF.L,1995-04-10,5.1261
KGF.L,1995-09-25,2.1359
KGF.L,1996-04-09,5.5533
KGF.L,1996-09-30,2.3732
KGF.L,1997-04-01,6.6449003
KGF.L,1997-09-29,3.0851002
KGF.L,1998-04-06,7.8314996
KGF.L,1998-09-28,3.5598
KGF.L,1999-04-06,8.7808
KGF.L,1999-09-29,3.7971
KGF.L,2000-04-10,9.967401
KGF.L,2000-09-25,4.0344
KGF.L,2001-04-04,10.6793
KGF.L,2001-09-26,3.7539
KGF.L,2002-04-03,6.6104
KGF.L,2002-10-02,3.9429002
KGF.L,2003-04-02,6.9143
KGF.L,2003-09-24,3.5
KGF.L,2004-03-31,6.15
KGF.L,2004-09-22,3.85
KGF.L,2005-03-30,6.8
KGF.L,2005-09-21,3.85
KGF.L,2006-04-05,6.8
KGF.L,2006-09-20,3.85
KGF.L,2007-04-04,6.8
KGF.L,2007-10-03,3.85
KGF.L,2008-04-16,3.7778
KGF.L,2008-10-08,2.1389
KGF.L,2009-05-06,3.7778
KGF.L,2009-10-07,2.1389
KGF.L,2010-05-05,3.9722
KGF.L,2010-10-06,2.1389
KGF.L,2011-05-04,5.7167
KGF.L,2011-10-05,2.7444
KGF.L,2012-05-02,7.0778
KGF.L,2012-10-10,3.4333003
KGF.L,2013-05-08,7.0778
KGF.L,2013-10-09,3.4667
KGF.L,2014-05-14,6.78
KGF.L,2014-06-25,4.2
KGF.L,2014-10-09,3.15
KGF.L,2015-05-14,6.85
KGF.L,2015-10-08,3.1800003
KGF.L,2016-05-05,6.92
KGF.L,2016-10-06,3.25
KGF.L,2017-05-04,7.1500006
KGF.L,2017-10-05,3.3300002
KGF.L,2018-05-03,7.4900002
KGF.L,2018-10-04,3.3300002
KGF.L,2019-06-06,7.4900002
KGF.L,2019-10-03,3.3300002
KGF.L,2021-06-03,8.25
KGF.L,2021-10-07,3.8
KGF.L,2022-05-19,8.6
KGF.L,2022-10-06,3.8
KGF.L,2023-05-25,8.6
KGF.L,2023-10-12,3.8
KGF.L,2024-05-16,8.6
KGF.L,2024-10-10,3.8
KGF.L,2025-05-22,8.6
KGF.L,2025-10-09,3.8
KGH.L,2019-02-14,0.6
KGH.L,2019-08-29,1.27
KGH.L,2020-02-13,1.1
KGH.L,2022-02-17,1.46
KGH.L,2022-09-01,2.04
KGH.L,2023-02-16,1.53
KGH.L,2023-08-31,2.5
KGH.L,2024-02-15,1.61
KGH.L,2024-08-29,2.79
KGH.L,2025-02-13,1.76
KGH.L,2025-10-09,3.05
KIE.L,1997-10-20,3.0895
KIE.L,1998-03-23,1.7463001
KIE.L,1998-10-05,3.6269002
KIE.L,1999-03-29,2.0149
KIE.L,1999-10-04,4.2313
KIE.L,2000-03-27,2.2835999
KIE.L,2000-10-02,4.903
KIE.L,2001-03-28,2.6194
KIE.L,2001-10-03,5.6418
KIE.L,2002-03-27,3.0224
KIE.L,2002-10-02,6.5149
KIE.L,2003-03-26,3.4924998
KIE.L,2003-10-01,7.5224
KIE.L,2004-03-31,4.0298
KIE.L,2004-09-29,8.731299
KIE.L,2005-03-30,4.7015
KIE.L,2005-09-28,10.2089
KIE.L,2006-03-22,5.5074
KIE.L,2006-09-27,11.9552
KIE.L,2007-03-28,6.4476995
KIE.L,2007-09-26,27.134201
KIE.L,2008-03-12,12.089499
KIE.L,2008-09-24,24.850698
KIE.L,2009-03-11,12.089499
KIE.L,2009-09-23,24.850698
KIE.L,2010-03-10,12.4253
KIE.L,2010-09-22,26.5298
KIE.L,2011-03-02,13.432799
KIE.L,2011-09-21,29.5521
KIE.L,2012-02-29,14.4402
KIE.L,2012-09-19,29.888
KIE.L,2013-03-06,14.4402
KIE.L,2013-09-18,31.231201
KIE.L,2014-03-05,15.111899
KIE.L,2014-09-24,33.2462
KIE.L,2015-03-05,16.119299
KIE.L,2015-09-24,30.2584
KIE.L,2016-03-24,18.071001
KIE.L,2016-09-29,36.142002
KIE.L,2017-03-30,18.9115
KIE.L,2017-09-28,37.823
KIE.L,2018-03-22,19.331799
KIE.L,2018-09-27,38.6635
KIE.L,2019-03-28,4.191
KIE.L,2024-04-18,1.67
KIE.L,2024-10-24,3.48
KIE.L,2025-04-24,2.0
KIE.L,2025-10-30,5.2000003
KITW.L,2021-08-05,2.25
KITW.L,2022-04-07,4.5
KITW.L,2022-07-14,2.5
KITW.L,2023-04-06,6.7500005
KITW.L,2023-07-13,3.7500002
KITW.L,2024-04-04,7.4500003
KITW.L,2024-07-11,3.85
KITW.L,2025-03-13,7.4500003
KITW.L,2025-07-10,4.0
KLR.L,1994-09-26,0.5
KLR.L,1995-04-10,3.3
KLR.L,1995-09-25,1.4000001
KLR.L,1996-04-01,3.5500002
KLR.L,1996-09-09,1.95
KLR.L,1997-04-01,3.9
KLR.L,1997-09-08,2.1
KLR.L,1998-03-16,4.35
KLR.L,1998-09-07,2.35
KLR.L,1999-03-22,4.75
KLR.L,1999-09-13,2.6000001
KLR.L,2000-05-02,5.2000003
KLR.L,2000-10-02,2.85
KLR.L,2001-05-02,5.65
KLR.L,2001-10-03,3.15
KLR.L,2002-05-01,6.05
KLR.L,2002-10-02,3.3
KLR.L,2003-10-01,3.4499998
KLR.L,2004-05-26,6.95
KLR.L,2004-10-06,3.6
KLR.L,2005-05-25,7.2999997
KLR.L,2005-10-05,3.8
KLR.L,2006-05-31,8.2
KLR.L,2006-10-04,4.2
KLR.L,2007-04-30,12.0
KLR.L,2007-05-30,11.4
KLR.L,2007-10-03,6.0
KLR.L,2008-10-08,6.8999996
KLR.L,2009-04-29,13.799999
KLR.L,2009-10-07,7.25
KLR.L,2010-03-10,14.5
KLR.L,2010-10-06,7.6
KLR.L,2011-05-04,15.2
KLR.L,2011-10-05,7.6
KLR.L,2012-05-02,15.2
KLR.L,2012-10-10,7.6
KLR.L,2013-04-03,15.2
KLR.L,2013-10-09,8.0
KLR.L,2014-06-04,16.0
KLR.L,2014-08-13,8.4
KLR.L,2015-03-12,16.8
KLR.L,2015-08-13,8.8
KLR.L,2016-05-19,18.3
KLR.L,2016-09-01,9.25
KLR.L,2017-05-18,19.25
KLR.L,2017-08-10,9.700001
KLR.L,2018-05-31,24.5
KLR.L,2018-08-09,12.0
KLR.L,2019-05-30,23.9
KLR.L,2019-08-22,12.6
KLR.L,2020-07-30,23.3
KLR.L,2020-11-26,12.6
KLR.L,2021-06-03,23.3
KLR.L,2021-08-19,12.6
KLR.L,2022-06-01,23.3
KLR.L,2022-08-18,13.2
KLR.L,2023-06-01,24.5
KLR.L,2023-08-17,13.9
KLR.L,2024-05-30,31.3
KLR.L,2024-08-15,16.599998
KLR.L,2025-05-22,33.1
KLR.L,2025-08-14,18.3
KMR.L,2019-09-26,1.9898661
KMR.L,2020-04-16,4.1293464
KMR.L,2020-09-24,1.7280416
KMR.L,2021-04-15,5.7526584
KMR.L,2021-09-23,5.45343
KMR.L,2022-04-28,19.01594
KMR.L,2022-09-22,8.213809
KMR.L,2023-04-13,32.41387
KMR.L,2023-09-21,13.091225
KMR.L,2024-04-11,28.830618
KMR.L,2024-09-19,11.22105
KMR.L,2025-05-08,12.71719
KMR.L,2025-09-18,7.4807
KNOS.L,2015-12-03,1.8
KNOS.L,2016-09-29,4.2
KNOS.L,2016-12-08,1.9
KNOS.L,2017-09-21,4.4
KNOS.L,2017-12-07,2.0
KNOS.L,2018-09-20,4.6
KNOS.L,2018-12-06,2.8000002
KNOS.L,2019-09-26,6.5
KNOS.L,2019-11-28,3.5
KNOS.L,2020-08-06,6.7000003
KNOS.L,2020-11-26,6.4
KNOS.L,2021-09-30,15.099999
KNOS.L,2021-11-25,7.1000004
KNOS.L,2022-10-06,15.099999
KNOS.L,2022-11-24,7.8
KNOS.L,2023-09-28,16.1
KNOS.L,2023-11-23,8.2
KNOS.L,2024-10-03,19.1
KNOS.L,2024-11-21,9.3
KNOS.L,2025-10-02,19.1
KNOS.L,2025-11-20,9.8
KOS.L,2019-03-06,3.3812313
KOS.L,2019-06-05,3.3812313
KOS.L,2019-09-04,3.3812313
KOS.L,2019-11-29,3.3812313
KOS.L,2020-03-04,3.3812313
KYGA.L,2000-04-25,0.042
KYGA.L,2000-10-30,0.0292
KYGA.L,2001-05-02,0.0613
KYGA.L,2001-10-31,0.0325
KYGA.L,2002-05-01,0.0675
KYGA.L,2002-10-30,0.0365
KYGA.L,2003-04-30,0.0785
KYGA.L,2003-10-29,0.0405
KYGA.L,2004-04-28,0.086
KYGA.L,2004-10-27,0.045
KYGA.L,2005-04-27,0.095
KYGA.L,2005-10-19,0.05
KYGA.L,2006-04-19,0.11
KYGA.L,2006-10-18,0.055
KYGA.L,2007-04-25,0.125
KYGA.L,2007-10-17,0.061
KYGA.L,2008-04-16,0.139
KYGA.L,2008-10-15,0.069
KYGA.L,2009-04-22,0.156
KYGA.L,2009-10-21,0.077
KYGA.L,2010-04-14,0.173
KYGA.L,2010-10-13,0.088
KYGA.L,2011-04-13,0.2
KYGA.L,2011-10-12,0.098
KYGA.L,2012-04-11,0.224
KYGA.L,2012-10-17,0.108
KYGA.L,2013-04-10,0.25
KYGA.L,2013-10-16,0.12
KYGA.L,2014-04-09,0.28
KYGA.L,2014-10-16,0.135
KYGA.L,2015-04-09,0.315
KYGA.L,2015-10-15,0.15
KYGA.L,2016-04-14,0.35
KYGA.L,2016-10-13,0.168
KYGA.L,2017-04-27,0.392
KYGA.L,2017-10-12,0.188
KYGA.L,2018-04-19,0.439
KYGA.L,2018-10-18,0.21
KYGA.L,2019-04-11,0.492
KYGA.L,2019-10-17,0.235
KYGA.L,2020-04-16,0.551
KYGA.L,2020-10-15,0.259
KYGA.L,2021-04-15,0.606
KYGA.L,2021-10-14,0.285
KYGA.L,2022-04-07,0.667
KYGA.L,2022-10-13,0.314
KYGA.L,2023-04-13,0.734
KYGA.L,2023-10-12,0.346
KYGA.L,2024-04-11,0.808
KYGA.L,2024-10-10,0.381
KYGA.L,2025-04-10,0.89
KYGA.L,2025-10-09,0.42
KZG.L,2007-02-28,40.0
LABS.L,2022-09-29,1.0
LABS.L,2023-04-13,3.0
LABS.L,2023-09-28,1.0
LABS.L,2024-04-04,1.0
LABS.L,2024-10-03,1.0
LAND.L,1992-11-30,5.9718003
LAND.L,1993-05-24,15.6879
LAND.L,1993-11-29,6.2562
LAND.L,1994-06-06,16.4937
LAND.L,1994-11-28,6.4932003
LAND.L,1995-06-05,17.204601
LAND.L,1995-11-27,6.7302003
LAND.L,1996-06-03,17.9155
LAND.L,1996-11-25,6.9672003
LAND.L,1997-06-02,18.626501
LAND.L,1997-12-01,7.2040997
LAND.L,1998-06-01,19.337399
LAND.L,1998-11-30,7.4410996
LAND.L,1999-06-07,20.522299
LAND.L,1999-11-29,7.8203
LAND.L,2000-06-05,21.565
LAND.L,2000-11-27,8.1994
LAND.L,2001-05-30,22.6077
LAND.L,2001-11-21,8.5786
LAND.L,2002-06-26,23.6504
LAND.L,2002-11-27,9.0052
LAND.L,2003-06-25,24.6457
LAND.L,2003-12-03,9.3843
LAND.L,2004-06-23,25.7832
LAND.L,2004-12-08,9.8583
LAND.L,2005-06-22,31.1389
LAND.L,2005-12-07,17.204601
LAND.L,2006-06-21,27.062899
LAND.L,2006-12-06,18.0103
LAND.L,2007-06-20,32.229
LAND.L,2007-09-19,15.1666
LAND.L,2007-12-05,15.1666
LAND.L,2008-03-12,15.1666
LAND.L,2008-06-18,15.1666
LAND.L,2008-09-17,15.6406
LAND.L,2008-12-03,15.6406
LAND.L,2009-03-18,17.6
LAND.L,2009-06-17,7.4667
LAND.L,2009-09-16,7.4667
LAND.L,2009-12-09,7.4667
LAND.L,2010-02-24,7.4667
LAND.L,2010-06-23,7.4667
LAND.L,2010-09-15,7.4667
LAND.L,2010-12-01,7.4667
LAND.L,2011-03-16,14.9333
LAND.L,2011-06-22,7.6800003
LAND.L,2011-09-14,7.6800003
LAND.L,2011-11-30,7.6800003
LAND.L,2012-03-14,7.6800003
LAND.L,2012-06-20,7.8933
LAND.L,2012-09-12,7.8933
LAND.L,2012-12-05,7.8933
LAND.L,2013-03-13,7.8933
LAND.L,2013-06-19,8.1067
LAND.L,2013-09-11,8.1067
LAND.L,2013-12-04,8.1067
LAND.L,2014-03-12,8.1067
LAND.L,2014-06-18,8.4267
LAND.L,2014-09-10,8.4267
LAND.L,2014-12-04,8.4267
LAND.L,2015-03-12,8.4267
LAND.L,2015-06-18,8.6933
LAND.L,2015-09-10,8.6933
LAND.L,2015-12-03,8.6933
LAND.L,2016-03-10,8.6933
LAND.L,2016-06-23,11.253301
LAND.L,2016-09-08,9.5467005
LAND.L,2016-12-01,9.5467005
LAND.L,2017-03-09,9.5467005
LAND.L,2017-06-22,12.48
LAND.L,2017-09-07,10.5067
LAND.L,2017-11-30,9.849999
LAND.L,2018-03-08,9.849999
LAND.L,2018-06-21,14.650001
LAND.L,2018-09-06,11.3
LAND.L,2018-11-29,11.3
LAND.L,2019-03-14,11.3
LAND.L,2019-06-20,11.65
LAND.L,2019-09-05,11.599999
LAND.L,2019-11-28,11.599999
LAND.L,2020-11-26,12.0
LAND.L,2021-02-25,6.0
LAND.L,2021-06-17,9.0
LAND.L,2021-08-26,7.0
LAND.L,2021-11-25,8.5
LAND.L,2022-03-10,8.5
LAND.L,2022-06-16,13.0
LAND.L,2022-08-25,8.6
LAND.L,2022-11-24,9.0
LAND.L,2023-02-23,9.0
LAND.L,2023-06-15,12.0
LAND.L,2023-08-24,9.0
LAND.L,2023-11-23,9.2
LAND.L,2024-02-22,9.3
LAND.L,2024-06-13,12.1
LAND.L,2024-08-22,9.2
LAND.L,2024-11-28,9.4
LAND.L,2025-02-20,9.5
LAND.L,2025-06-12,12.3
LAND.L,2025-11-27,19.0
LBOW.L,2013-12-31,0.5
LBOW.L,2014-05-07,1.25
LBOW.L,2014-06-25,1.5
LBOW.L,2014-10-01,1.5
LBOW.L,2014-12-29,1.5
LBOW.L,2015-04-30,1.5
LBOW.L,2015-06-11,1.5
LBOW.L,2015-10-01,1.5
LBOW.L,2015-12-24,1.5
LBOW.L,2016-05-05,1.5
LBOW.L,2016-07-07,1.5
LBOW.L,2016-09-22,1.5
LBOW.L,2016-12-22,1.5
LBOW.L,2017-05-11,3.7500002
LBOW.L,2017-07-13,1.5
LBOW.L,2017-10-05,1.5
LBOW.L,2017-12-21,1.5
LBOW.L,2018-03-22,1.5
LBOW.L,2018-07-05,1.5
LBOW.L,2018-10-11,1.5
LBOW.L,2018-12-20,1.5
LBOW.L,2019-03-21,1.5
LBOW.L,2019-07-11,1.5
LBOW.L,2019-10-10,1.5
LBOW.L,2019-12-24,1.5
LBOW.L,2020-04-09,1.5
LBOW.L,2020-07-16,1.5
LBOW.L,2020-10-08,1.5
LBOW.L,2020-12-24,1.5
LBOW.L,2021-04-01,1.5
LBOW.L,2021-07-08,1.5
LBOW.L,2021-09-16,5.5
LBOW.L,2021-10-07,1.5
LBOW.L,2021-12-09,6.5
LBOW.L,2021-12-16,1.5
LBOW.L,2022-01-13,14.0
LBOW.L,2022-03-31,1.1
LBOW.L,2022-05-26,6.0
LBOW.L,2022-06-30,1.1
LBOW.L,2022-10-06,1.0
LBOW.L,2022-12-15,1.0
LBOW.L,2023-02-02,5.5
LBOW.L,2023-04-20,0.5
LBOW.L,2023-08-17,7.4
LBOW.L,2025-07-03,8.0
LDG.L,2017-09-07,1.2582
LDG.L,2018-05-10,3.9544
LDG.L,2018-09-06,1.3840001
LDG.L,2019-05-09,4.2778997
LEND.L,2006-07-05,1.0
LEND.L,2006-10-04,1.5
LEND.L,2007-02-07,2.0
LEND.L,2007-04-05,5.0
LEND.L,2007-08-22,2.5
LEND.L,2007-11-21,2.5
LEND.L,2008-02-13,2.5
LEND.L,2008-05-07,2.5
LEND.L,2008-08-06,2.5
LEND.L,2009-08-26,0.5
LEND.L,2009-10-14,0.5
LEND.L,2010-01-27,1.0
LEND.L,2010-04-28,1.0
LEND.L,2010-07-28,1.0
LEND.L,2010-10-27,1.0
LEND.L,2011-01-26,1.0
LEND.L,2011-05-04,1.0
LEND.L,2011-07-27,1.0
LEND.L,2011-10-26,1.0
LEND.L,2012-01-25,1.15
LEND.L,2012-04-25,1.15
LEND.L,2012-07-25,1.15
LEND.L,2012-11-14,1.25
LEND.L,2013-01-30,1.25
LEND.L,2013-04-24,1.25
LEND.L,2013-07-31,1.25
LEND.L,2013-10-16,1.25
LEND.L,2014-01-29,1.25
LEND.L,2014-04-30,1.25
LEND.L,2014-07-30,1.25
LEND.L,2014-10-30,1.25
LEND.L,2015-01-29,1.25
LEND.L,2015-04-30,1.25
LEND.L,2015-07-30,1.25
LEND.L,2015-10-29,1.25
LEND.L,2016-01-28,0.625
LEND.L,2016-04-28,0.625
LEND.L,2016-07-28,0.625
LEND.L,2016-10-27,0.625
LEND.L,2017-03-02,0.625
LGEN.L,1993-03-29,1.2900001
LGEN.L,1993-09-20,0.65000004
LGEN.L,1994-03-28,1.36
LGEN.L,1994-09-26,0.695
LGEN.L,1995-03-27,1.475
LGEN.L,1995-09-25,0.77
LGEN.L,1996-03-25,1.67
LGEN.L,1996-09-23,0.875
LGEN.L,1997-04-28,1.9075
LGEN.L,1997-11-03,1.0
LGEN.L,1998-03-23,2.175
LGEN.L,1998-08-24,1.14
LGEN.L,1999-04-12,2.48
LGEN.L,1999-09-06,1.3000001
LGEN.L,2000-04-10,2.83
LGEN.L,2000-09-11,1.48
LGEN.L,2001-04-04,3.23
LGEN.L,2001-09-12,1.63
LGEN.L,2002-04-03,3.46
LGEN.L,2002-09-11,1.67
LGEN.L,2003-04-02,3.25
LGEN.L,2003-09-10,1.5699999
LGEN.L,2004-03-31,3.3300002
LGEN.L,2004-09-08,1.61
LGEN.L,2005-03-30,3.4499998
LGEN.L,2005-09-07,1.65
LGEN.L,2006-04-19,3.6299999
LGEN.L,2006-09-06,1.74
LGEN.L,2007-04-18,3.81
LGEN.L,2007-09-05,1.87
LGEN.L,2008-04-16,4.1
LGEN.L,2008-09-03,2.01
LGEN.L,2009-04-15,2.05
LGEN.L,2009-09-02,1.11
LGEN.L,2010-04-14,2.73
LGEN.L,2010-09-01,1.3299999
LGEN.L,2011-04-20,3.42
LGEN.L,2011-09-07,1.66
LGEN.L,2012-04-18,4.7400002
LGEN.L,2012-08-29,1.96
LGEN.L,2013-04-24,5.69
LGEN.L,2013-08-28,2.4
LGEN.L,2014-04-23,6.8999996
LGEN.L,2014-08-27,2.8999999
LGEN.L,2015-04-23,8.349999
LGEN.L,2015-08-13,3.4499998
LGEN.L,2016-04-28,9.95
LGEN.L,2016-08-18,4.0
LGEN.L,2017-04-27,10.35
LGEN.L,2017-08-17,4.3
LGEN.L,2018-04-26,11.05
LGEN.L,2018-08-16,4.6
LGEN.L,2019-04-25,11.82
LGEN.L,2019-08-15,4.93
LGEN.L,2020-04-23,12.639999
LGEN.L,2020-08-13,4.93
LGEN.L,2021-04-15,12.639999
LGEN.L,2021-08-12,5.1800003
LGEN.L,2022-04-21,13.2699995
LGEN.L,2022-08-18,5.44
LGEN.L,2023-04-27,13.93
LGEN.L,2023-08-24,5.71
LGEN.L,2024-04-25,14.63
LGEN.L,2024-08-22,6.0
LGEN.L,2025-04-24,15.360001
LGEN.L,2025-08-21,6.12
LIKE.L,2022-06-01,0.2
LIKE.L,2023-06-01,0.2
LIKE.L,2023-10-12,0.1
LIKE.L,2024-05-30,0.25
LIKE.L,2024-10-10,0.125
LIKE.L,2025-06-05,0.25
LIKE.L,2025-10-09,0.1375
LINV.L,2022-08-25,4.4
LINV.L,2023-01-05,1.3000001
LINV.L,2023-09-14,3.2
LIO.L,2001-06-20,0.5
LIO.L,2001-11-07,0.5
LIO.L,2002-06-19,7.0
LIO.L,2002-11-06,1.0
LIO.L,2003-06-18,11.25
LIO.L,2003-11-05,1.5
LIO.L,2004-06-16,6.7500005
LIO.L,2004-11-10,2.0
LIO.L,2005-06-15,8.75
LIO.L,2005-11-23,2.1
LIO.L,2006-06-14,9.2
LIO.L,2006-11-08,2.2
LIO.L,2007-06-13,12.700001
LIO.L,2007-11-21,2.5
LIO.L,2008-06-11,10.0
LIO.L,2008-11-19,2.5
LIO.L,2009-06-24,5.0
LIO.L,2009-12-02,2.5
LIO.L,2013-06-26,1.0
LIO.L,2013-11-20,1.0
LIO.L,2014-07-02,2.0
LIO.L,2014-11-20,2.0
LIO.L,2015-06-25,6.0
LIO.L,2015-11-19,3.0
LIO.L,2016-06-23,9.0
LIO.L,2016-11-24,4.0
LIO.L,2017-06-22,11.0
LIO.L,2017-11-30,5.0
LIO.L,2018-07-05,16.0
LIO.L,2018-11-29,7.0
LIO.L,2019-07-04,20.0
LIO.L,2019-11-28,9.0
LIO.L,2020-07-16,24.0
LIO.L,2020-12-03,11.0
LIO.L,2021-07-01,36.0
LIO.L,2021-12-09,22.0
LIO.L,2022-06-30,50.0
LIO.L,2022-12-08,22.0
LIO.L,2023-06-29,50.0
LIO.L,2023-11-23,22.0
LIO.L,2024-07-04,50.0
LIO.L,2024-11-28,22.0
LIO.L,2025-07-03,50.0
LIO.L,2025-11-27,7.0
LIT.L,2019-05-23,0.278
LIT.L,2019-11-14,0.43469998
LIT.L,2023-09-28,2.25
LIT.L,2024-10-03,1.25
LIV.L,2006-08-02,3.9
LIV.L,2007-06-04,1.8
LIV.L,2008-07-16,1.9200001
LIV.L,2014-02-05,1.9150592
LIV.L,2015-03-19,1.9150592
LIV.L,2017-01-05,6.4184403
LIV.L,2018-01-25,3.4231682
LIV.L,2020-01-23,2.56588
LIV.L,2021-03-18,3.6505816
LIV.L,2022-01-13,10.847014
LIV.L,2023-11-30,2.24421
LIV.L,2024-10-17,3.2334998
LIV.L,2025-06-05,3.11
LLOY.L,1996-02-26,5.0671
LLOY.L,1996-08-05,2.7285001
LLOY.L,1997-02-24,5.8467
LLOY.L,1997-08-11,3.443
LLOY.L,1998-02-23,7.7306004
LLOY.L,1998-08-10,4.3525
LLOY.L,1999-02-22,10.069301
LLOY.L,1999-08-09,5.262
LLOY.L,2000-02-21,12.0182
LLOY.L,2000-08-07,6.0416
LLOY.L,2001-02-28,13.837101
LLOY.L,2001-08-08,6.6261997
LLOY.L,2002-02-27,15.266301
LLOY.L,2002-08-14,6.9510994
LLOY.L,2003-02-26,15.266301
LLOY.L,2003-08-13,6.9510994
LLOY.L,2004-03-17,15.266301
LLOY.L,2004-08-11,6.9510994
LLOY.L,2005-03-16,15.266301
LLOY.L,2005-08-10,6.9510994
LLOY.L,2006-03-08,15.266301
LLOY.L,2006-08-09,6.9510994
LLOY.L,2007-03-07,15.266301
LLOY.L,2007-08-08,7.2759004
LLOY.L,2008-03-05,16.0459
LLOY.L,2008-08-06,7.4058003
LLOY.L,2015-04-02,0.75
LLOY.L,2015-08-13,0.75
LLOY.L,2016-04-07,2.0
LLOY.L,2016-08-11,0.85
LLOY.L,2017-04-06,2.2
LLOY.L,2017-08-10,1.0
LLOY.L,2018-04-19,2.05
LLOY.L,2018-08-16,1.07
LLOY.L,2019-04-04,2.14
LLOY.L,2019-08-08,1.12
LLOY.L,2021-04-15,0.57
LLOY.L,2021-08-05,0.66999996
LLOY.L,2022-04-07,1.3299999
LLOY.L,2022-08-04,0.8
LLOY.L,2023-04-13,1.6
LLOY.L,2023-08-03,0.92
LLOY.L,2024-04-11,1.84
LLOY.L,2024-08-01,1.06
LLOY.L,2025-04-10,2.11
LLOY.L,2025-07-31,1.22
LMP.L,2008-07-02,1.6
LMP.L,2008-12-03,2.0
LMP.L,2009-06-17,2.0
LMP.L,2009-11-25,2.2
LMP.L,2010-03-03,2.2
LMP.L,2010-12-01,3.0
LMP.L,2011-06-08,3.3
LMP.L,2011-11-30,3.5
LMP.L,2012-06-13,3.5
LMP.L,2012-11-21,3.5
LMP.L,2013-06-12,3.5
LMP.L,2013-12-04,3.5
LMP.L,2014-06-11,3.5
LMP.L,2014-12-04,3.5
LMP.L,2015-06-11,5.5
LMP.L,2015-12-03,3.5
LMP.L,2016-03-17,3.7500002
LMP.L,2016-09-01,1.8
LMP.L,2016-12-08,1.8
LMP.L,2017-03-16,1.8
LMP.L,2017-06-08,2.1
LMP.L,2017-08-31,1.85
LMP.L,2017-12-07,1.85
LMP.L,2018-03-15,1.85
LMP.L,2018-06-07,2.35
LMP.L,2018-08-30,1.9
LMP.L,2018-12-06,1.9
LMP.L,2019-03-14,1.9
LMP.L,2019-06-06,2.5
LMP.L,2019-08-29,2.0
LMP.L,2019-12-05,2.0
LMP.L,2020-03-12,2.0
LMP.L,2020-06-18,2.3
LMP.L,2020-08-27,2.1
LMP.L,2020-11-26,2.1
LMP.L,2021-03-11,2.1
LMP.L,2021-06-10,2.35
LMP.L,2021-09-02,2.2
LMP.L,2021-11-25,2.2
LMP.L,2022-03-10,2.2
LMP.L,2022-06-09,2.6499999
LMP.L,2022-09-01,2.3
LMP.L,2022-12-01,2.3
LMP.L,2023-03-09,2.3
LMP.L,2023-06-01,2.6000001
LMP.L,2023-08-31,2.4
LMP.L,2023-11-30,2.4
LMP.L,2024-02-29,2.4
LMP.L,2024-06-13,3.0
LMP.L,2024-08-29,2.85
LMP.L,2024-12-05,2.85
LMP.L,2025-03-06,3.0
LMP.L,2025-05-29,3.3
LMP.L,2025-08-28,3.05
LMP.L,2025-11-27,3.05
LMS.L,2019-12-19,4.25
LMS.L,2020-08-13,0.3
LMS.L,2021-05-20,0.6
LMS.L,2021-08-12,0.3
LMS.L,2022-05-26,0.625
LMS.L,2022-08-11,0.3
LMS.L,2023-05-25,0.625
LMS.L,2023-08-10,0.3
LMS.L,2024-05-30,0.625
LMS.L,2024-08-15,0.3
LORD.L,2021-10-07,0.63
LORD.L,2022-06-01,1.26
LORD.L,2022-09-15,0.66999996
LORD.L,2023-05-25,1.3299999
LORD.L,2023-09-14,0.66999996
LORD.L,2024-05-23,1.3299999
LORD.L,2024-09-19,0.32
LORD.L,2025-05-29,0.52
LORD.L,2025-09-18,0.32
LRE.L,2009-08-26,3.08
LRE.L,2009-11-18,75.62
LRE.L,2010-03-17,6.4
LRE.L,2010-09-01,3.15
LRE.L,2010-12-08,88.563
LRE.L,2011-03-16,6.1595
LRE.L,2011-08-24,3.0639
LRE.L,2011-11-23,49.0
LRE.L,2012-03-14,6.0
LRE.L,2012-08-29,3.0
LRE.L,2012-11-28,56.0
LRE.L,2013-03-20,75.57
LRE.L,2013-08-21,3.2045
LRE.L,2013-11-27,27.54
LRE.L,2014-03-19,18.1763
LRE.L,2014-08-27,3.0135
LRE.L,2014-11-27,76.41
LRE.L,2015-03-19,40.6022
LRE.L,2015-08-27,3.2493
LRE.L,2015-11-26,61.0
LRE.L,2016-02-25,7.0
LRE.L,2016-08-04,3.7997
LRE.L,2016-11-17,60.399998
LRE.L,2017-02-23,7.9634004
LRE.L,2017-08-10,3.8565
LRE.L,2018-02-22,7.151
LRE.L,2018-08-16,3.9322999
LRE.L,2018-11-08,14.9608
LRE.L,2019-02-21,7.4804
LRE.L,2019-08-08,4.1349998
LRE.L,2020-05-07,8.1172
LRE.L,2020-08-13,3.8154
LRE.L,2021-05-06,7.1879997
LRE.L,2021-08-05,3.5944998
LRE.L,2022-05-12,8.1994
LRE.L,2022-08-04,4.12
LRE.L,2023-05-04,7.9279995
LRE.L,2023-08-17,3.9311
LRE.L,2023-11-16,40.23
LRE.L,2024-03-14,39.2
LRE.L,2024-05-09,11.970301
LRE.L,2024-08-15,5.8196
LRE.L,2024-11-14,58.0
LRE.L,2025-03-13,20.0
LRE.L,2025-05-15,12.0
LRE.L,2025-08-14,6.0
LRE.L,2025-11-13,57.0
LSEG.L,2001-12-05,1.1820999
LSEG.L,2002-07-17,2.6867
LSEG.L,2002-12-04,1.3971
LSEG.L,2003-07-23,3.224
LSEG.L,2003-12-03,1.5045
LSEG.L,2004-07-21,62.7608
LSEG.L,2004-12-08,1.8423
LSEG.L,2005-07-20,4.6057
LSEG.L,2005-12-07,3.6846
LSEG.L,2006-05-10,7.3692
LSEG.L,2006-12-06,5.5269
LSEG.L,2007-07-18,11.0538
LSEG.L,2007-12-05,7.3692
LSEG.L,2008-07-16,14.7383
LSEG.L,2008-12-03,7.7376
LSEG.L,2009-07-22,14.7383
LSEG.L,2009-12-02,7.7376
LSEG.L,2010-07-21,14.7383
LSEG.L,2010-12-01,8.1061
LSEG.L,2011-07-27,16.580599
LSEG.L,2011-12-07,8.5667
LSEG.L,2012-07-25,17.5018
LSEG.L,2012-12-05,8.9351
LSEG.L,2013-07-24,18.238699
LSEG.L,2013-12-04,9.3036
LSEG.L,2014-07-23,19.0677
LSEG.L,2014-12-04,9.700001
LSEG.L,2015-05-07,12.8
LSEG.L,2015-08-27,10.8
LSEG.L,2016-05-05,25.2
LSEG.L,2016-08-25,12.0
LSEG.L,2017-05-04,31.2
LSEG.L,2017-08-24,14.4
LSEG.L,2018-05-03,37.2
LSEG.L,2018-08-23,17.2
LSEG.L,2019-05-02,43.2
LSEG.L,2019-08-22,20.1
LSEG.L,2020-04-30,49.9
LSEG.L,2020-08-20,23.3
LSEG.L,2021-04-29,51.7
LSEG.L,2021-08-19,25.0
LSEG.L,2022-04-28,70.0
LSEG.L,2022-08-18,31.7
LSEG.L,2023-04-20,75.3
LSEG.L,2023-08-17,35.7
LSEG.L,2024-04-18,79.299995
LSEG.L,2024-08-15,41.0
LSEG.L,2025-04-17,89.0
LSEG.L,2025-08-14,47.0
LSL.L,2007-08-15,3.0
LSL.L,2008-03-19,3.8600001
LSL.L,2010-03-10,5.4
LSL.L,2010-08-11,2.5
LSL.L,2011-03-30,5.4
LSL.L,2011-08-10,2.8000002
LSL.L,2012-03-28,5.9
LSL.L,2012-08-08,3.1
LSL.L,2013-04-10,6.4
LSL.L,2013-08-07,3.3
LSL.L,2014-03-26,7.2
LSL.L,2014-08-13,20.5
LSL.L,2015-03-26,8.299999
LSL.L,2015-08-13,4.0
LSL.L,2016-03-24,8.6
LSL.L,2016-08-11,4.0
LSL.L,2017-03-30,6.3
LSL.L,2017-08-10,4.0
LSL.L,2018-03-22,7.2999997
LSL.L,2018-08-09,4.0
LSL.L,2019-03-21,6.8999996
LSL.L,2019-08-08,4.0
LSL.L,2021-08-12,4.0
LSL.L,2022-04-28,7.4
LSL.L,2022-08-11,4.0
LSL.L,2023-04-27,7.4
LSL.L,2023-10-05,4.0
LSL.L,2024-05-09,7.4
LSL.L,2024-09-26,4.0
LSL.L,2025-05-08,7.4
LSL.L,2025-10-02,4.0
LTI.L,2003-06-11,0.013
LTI.L,2004-06-09,0.0145
LTI.L,2005-06-15,0.0155
LTI.L,2006-07-05,0.0175
LTI.L,2007-07-04,0.0175
LTI.L,2008-07-16,0.021
LTI.L,2009-07-15,0.0365
LTI.L,2010-03-03,0.0365
LTI.L,2011-07-06,0.0365
LTI.L,2012-07-11,0.0415
LTI.L,2013-07-10,0.0625
LTI.L,2014-08-20,0.0676
LTI.L,2015-08-20,0.072
LTI.L,2016-08-18,0.089
LTI.L,2017-08-17,0.158
LTI.L,2018-08-16,0.218
LTI.L,2019-08-15,0.295
LTI.L,2020-08-13,0.44
LTI.L,2021-08-12,0.5
LTI.L,2022-08-11,0.53
LTI.L,2023-08-10,0.515
LTI.L,2024-08-08,0.515
LTI.L,2025-08-21,0.42
LUCE.L,2017-05-04,0.3
LUCE.L,2017-09-21,0.8
LUCE.L,2019-05-02,0.6
LUCE.L,2019-09-19,0.6
LUCE.L,2020-09-17,3.2
LUCE.L,2021-04-22,4.7
LUCE.L,2021-09-16,2.6000001
LUCE.L,2022-04-07,5.5
LUCE.L,2022-09-15,1.6
LUCE.L,2023-04-06,3.0
LUCE.L,2023-09-14,1.6
LUCE.L,2024-04-11,3.2
LUCE.L,2024-09-19,1.7
LUCE.L,2025-04-10,3.3
LUCE.L,2025-09-18,1.8
LWDB.L,1973-03-30,0.046
LWDB.L,1973-07-31,0.024600001
LWDB.L,1974-03-29,0.046
LWDB.L,1974-07-31,0.024600001
LWDB.L,1975-03-31,0.052
LWDB.L,1975-08-29,0.02
LWDB.L,1976-02-27,0.0446
LWDB.L,1976-08-31,0.02
LWDB.L,1977-02-28,0.060000002
LWDB.L,1977-08-31,0.030000001
LWDB.L,1978-03-31,0.060000002
LWDB.L,1978-08-31,0.035
LWDB.L,1979-03-30,0.07
LWDB.L,1979-08-31,0.04
LWDB.L,1980-03-31,0.089999996
LWDB.L,1980-08-29,0.05
LWDB.L,1981-03-31,0.095
LWDB.L,1981-08-31,0.060000002
LWDB.L,1982-03-31,0.1
LWDB.L,1982-08-31,0.08
LWDB.L,1983-03-31,0.1
LWDB.L,1983-08-31,0.08
LWDB.L,1984-03-30,0.11
LWDB.L,1984-08-31,0.089999996
LWDB.L,1985-03-29,0.13
LWDB.L,1985-08-30,0.11
LWDB.L,1986-03-31,0.142
LWDB.L,1986-08-29,0.11
LWDB.L,1987-03-31,0.19
LWDB.L,1987-08-31,0.13
LWDB.L,1988-02-18,1.05
LWDB.L,1988-08-15,0.15
LWDB.L,1989-04-03,0.25800002
LWDB.L,1989-08-14,0.2
LWDB.L,1990-03-26,0.34
LWDB.L,1990-08-20,0.23
LWDB.L,1991-04-02,0.41
LWDB.L,1991-08-12,0.24000001
LWDB.L,1992-03-23,0.46
LWDB.L,1992-08-24,0.25
LWDB.L,1993-03-29,0.48000002
LWDB.L,1993-08-16,0.26
LWDB.L,1994-03-28,2.55
LWDB.L,1994-08-15,1.35
LWDB.L,1995-03-27,2.75
LWDB.L,1995-08-29,1.5
LWDB.L,1996-03-25,2.95
LWDB.L,1996-08-27,1.65
LWDB.L,1997-03-24,3.3500001
LWDB.L,1997-09-01,2.2
LWDB.L,1998-03-30,3.5
LWDB.L,1998-08-24,2.35
LWDB.L,1999-03-08,3.85
LWDB.L,1999-08-09,2.5
LWDB.L,2000-03-06,4.1
LWDB.L,2000-08-07,2.6000001
LWDB.L,2001-03-07,4.2
LWDB.L,2001-08-08,2.6599998
LWDB.L,2002-03-06,4.24
LWDB.L,2002-08-07,2.6599998
LWDB.L,2003-03-12,4.24
LWDB.L,2003-08-06,2.6599998
LWDB.L,2004-03-10,4.24
LWDB.L,2004-08-04,2.8000002
LWDB.L,2005-03-16,4.75
LWDB.L,2005-08-10,3.1
LWDB.L,2006-03-15,5.9500003
LWDB.L,2006-08-09,3.4
LWDB.L,2007-03-14,7.1000004
LWDB.L,2007-08-08,4.0
LWDB.L,2008-03-12,8.0
LWDB.L,2008-08-06,4.2
LWDB.L,2009-03-11,8.0
LWDB.L,2009-08-12,4.2
LWDB.L,2010-03-03,8.0
LWDB.L,2010-08-11,4.2
LWDB.L,2011-03-16,8.5
LWDB.L,2011-08-03,4.5
LWDB.L,2012-03-28,9.0
LWDB.L,2012-08-08,4.5
LWDB.L,2013-03-20,9.75
LWDB.L,2013-08-14,4.5
LWDB.L,2014-03-19,10.5
LWDB.L,2014-08-13,4.7
LWDB.L,2015-03-19,11.0
LWDB.L,2015-08-13,5.2000003
LWDB.L,2016-03-17,11.0
LWDB.L,2016-08-11,5.2000003
LWDB.L,2017-03-16,11.5
LWDB.L,2017-08-10,5.5
LWDB.L,2018-03-15,11.8
LWDB.L,2018-08-09,6.0
LWDB.L,2019-03-14,12.9
LWDB.L,2019-08-08,6.6
LWDB.L,2020-03-12,19.400002
LWDB.L,2020-06-25,6.5
LWDB.L,2020-09-24,6.5
LWDB.L,2020-12-24,6.5
LWDB.L,2021-03-11,8.0
LWDB.L,2021-06-03,6.875
LWDB.L,2021-10-07,6.875
LWDB.L,2021-12-23,6.875
LWDB.L,2022-03-10,8.375
LWDB.L,2022-06-01,7.25
LWDB.L,2022-10-06,7.25
LWDB.L,2022-12-22,7.25
LWDB.L,2023-03-09,8.75
LWDB.L,2023-06-01,7.625
LWDB.L,2023-10-05,7.625
LWDB.L,2023-12-21,7.625
LWDB.L,2024-03-07,9.125
LWDB.L,2024-05-30,8.0
LWDB.L,2024-09-26,8.0
LWDB.L,2024-12-19,8.0
LWDB.L,2025-03-20,9.5
LWDB.L,2025-06-05,8.375
LWDB.L,2025-10-02,8.375
LWI.L,1972-11-13,0.0243
LWI.L,1973-04-30,0.015999999
LWI.L,1973-10-29,0.0297
LWI.L,1974-04-29,0.016700001
LWI.L,1974-11-11,0.0317
LWI.L,1975-05-05,0.016700001
LWI.L,1975-11-03,0.0333
LWI.L,1976-05-03,0.02
LWI.L,1976-11-15,0.0383
LWI.L,1977-04-25,0.0267
LWI.L,1977-10-31,0.0433
LWI.L,1978-05-02,0.030000001
LWI.L,1978-10-30,0.053299997
LWI.L,1979-05-08,0.04
LWI.L,1979-11-05,0.066700004
LWI.L,1980-04-28,0.053299997
LWI.L,1980-10-27,0.0717
LWI.L,1981-05-01,0.058300003
LWI.L,1981-11-09,0.0867
LWI.L,1982-04-30,0.0633
LWI.L,1982-11-01,0.096700005
LWI.L,1983-04-25,0.07
LWI.L,1983-10-31,0.1217
LWI.L,1984-05-14,0.0767
LWI.L,1984-11-12,0.14
LWI.L,1985-05-13,0.1
LWI.L,1985-11-11,0.17999999
LWI.L,1986-05-12,0.120000005
LWI.L,1986-11-10,0.24000001
LWI.L,1987-05-11,0.14
LWI.L,1987-11-09,0.24000001
LWI.L,1988-05-09,0.16
LWI.L,1988-11-14,0.37
LWI.L,1989-05-08,0.2
LWI.L,1989-10-30,0.45
LWI.L,1990-05-14,0.25
LWI.L,1990-11-05,0.525
LWI.L,1991-05-20,0.275
LWI.L,1991-11-11,0.535
LWI.L,1992-05-11,0.3
LWI.L,1992-11-02,0.55
LWI.L,1993-05-10,0.32
LWI.L,1993-11-02,0.58
LWI.L,1994-05-16,0.32999998
LWI.L,1994-11-07,0.6
LWI.L,1995-05-01,0.35000002
LWI.L,1995-11-20,0.65000004
LWI.L,1996-04-29,0.4
LWI.L,1996-11-18,0.70000005
LWI.L,1997-05-12,0.43
LWI.L,1997-11-17,0.73
LWI.L,1998-05-18,0.45
LWI.L,1998-11-23,0.75
LWI.L,1999-05-17,0.5
LWI.L,1999-11-22,0.8
LWI.L,2000-05-22,0.55
LWI.L,2000-11-27,0.85
LWI.L,2001-05-23,0.6
LWI.L,2001-11-21,0.875
LWI.L,2002-05-22,0.63
LWI.L,2002-11-27,0.92
LWI.L,2003-05-21,0.65000004
LWI.L,2003-11-26,1.05
LWI.L,2004-05-26,0.70000005
LWI.L,2004-11-17,1.1
LWI.L,2005-05-25,0.75
LWI.L,2005-11-16,1.175
LWI.L,2006-05-24,0.8
LWI.L,2006-11-15,1.275
LWI.L,2007-05-16,0.9
LWI.L,2007-11-14,1.4499999
LWI.L,2008-05-21,1.0
LWI.L,2008-11-19,1.65
LWI.L,2009-05-27,1.0
LWI.L,2009-12-02,1.65
LWI.L,2010-05-26,1.0
LWI.L,2010-12-01,1.7
LWI.L,2011-05-25,1.05
LWI.L,2011-11-30,1.75
LWI.L,2012-05-30,1.5
LWI.L,2012-10-10,0.75
LWI.L,2013-01-02,0.8
LWI.L,2013-04-03,0.8
LWI.L,2013-07-03,0.85
LWI.L,2013-10-09,0.85
LWI.L,2014-01-08,0.9
LWI.L,2014-04-02,0.9
LWI.L,2014-07-02,0.9
LWI.L,2014-10-09,0.9
LWI.L,2015-01-08,1.0
LWI.L,2015-04-02,1.0
LWI.L,2015-07-02,1.0
LWI.L,2015-10-08,1.0
LWI.L,2016-01-07,1.1
LWI.L,2016-04-07,1.1
LWI.L,2016-06-30,1.1
LWI.L,2016-10-06,1.1
LWI.L,2017-01-05,1.2
LWI.L,2017-04-06,1.2
LWI.L,2017-06-29,1.2
LWI.L,2017-10-05,1.2
LWI.L,2018-01-04,1.3000001
LWI.L,2018-04-05,1.3000001
LWI.L,2018-07-05,1.3000001
LWI.L,2018-10-04,1.4000001
LWI.L,2019-01-03,1.4000001
LWI.L,2019-04-04,1.4499999
LWI.L,2019-07-04,1.5
LWI.L,2019-10-03,1.5
LWI.L,2020-01-02,1.5
LWI.L,2020-04-02,1.5
LWI.L,2020-07-02,1.5
LWI.L,2020-10-01,1.5
LWI.L,2020-12-24,1.5
LWI.L,2021-04-01,1.5
LWI.L,2021-07-01,1.5
LWI.L,2021-09-30,1.5
LWI.L,2021-12-30,1.525
LWI.L,2022-03-31,1.525
LWI.L,2022-06-30,1.525
LWI.L,2022-09-29,1.525
LWI.L,2022-12-29,1.525
LWI.L,2023-03-30,1.525
LWI.L,2023-06-29,1.525
LWI.L,2023-09-28,1.6
LWI.L,2023-12-28,1.6
LWI.L,2024-04-11,1.6
LWI.L,2024-06-27,1.6
LWI.L,2024-09-26,1.6
LWI.L,2024-12-24,1.625
LWI.L,2025-04-03,1.625
LWI.L,2025-06-26,1.65
LWI.L,2025-09-25,1.65
MAB.L,2003-12-17,6.1458
MAB.L,2004-05-26,3.1001
MAB.L,2004-12-08,7.2336
MAB.L,2005-05-25,3.4808
MAB.L,2005-12-07,8.2126
MAB.L,2006-06-07,3.9703
MAB.L,2006-10-13,131.1706
MAB.L,2006-10-18,90.2043
MAB.L,2006-12-06,7.7576
MAB.L,2007-05-30,3.8337
MAB.L,2007-12-05,9.0204
MAB.L,2008-05-28,4.1043
MAB.L,2015-12-03,4.5102
MAB.L,2016-05-26,2.2551
MAB.L,2016-12-01,4.5102
MAB.L,2017-05-25,2.2551
MAB.L,2017-12-14,4.5102
MAB1.L,2015-05-07,2.0
MAB1.L,2015-10-01,4.9
MAB1.L,2016-05-05,9.5
MAB1.L,2016-08-11,4.25
MAB1.L,2016-10-06,7.8
MAB1.L,2017-02-09,1.1
MAB1.L,2017-05-04,10.5
MAB1.L,2017-10-05,9.5
MAB1.L,2018-04-26,11.900001
MAB1.L,2018-10-04,10.599999
MAB1.L,2019-04-25,12.700001
MAB1.L,2019-10-03,11.1
MAB1.L,2020-04-30,6.4
MAB1.L,2020-11-26,6.4
MAB1.L,2021-04-29,19.2
MAB1.L,2021-09-30,13.400001
MAB1.L,2022-04-28,14.7
MAB1.L,2022-10-06,13.400001
MAB1.L,2023-04-27,14.7
MAB1.L,2023-10-05,13.400001
MAB1.L,2024-04-25,14.7
MAB1.L,2024-10-03,13.400001
MAB1.L,2025-04-24,14.8
MAB1.L,2025-10-02,7.2
MACF.L,1993-04-19,1.2889
MACF.L,1993-09-06,0.96000004
MACF.L,1994-04-22,1.6
MACF.L,1994-09-05,1.1333
MACF.L,1995-04-18,2.0
MACF.L,1995-09-11,1.4000001
MACF.L,1996-04-29,2.5
MACF.L,1996-09-09,1.47
MACF.L,1997-05-06,2.63
MACF.L,1997-09-08,1.55
MACF.L,1998-05-05,2.95
MACF.L,1998-09-21,1.5799999
MACF.L,1999-05-04,2.95
MACF.L,1999-09-20,1.5799999
MACF.L,2000-04-10,3.0
MACF.L,2000-09-04,1.6
MACF.L,2001-04-11,3.15
MACF.L,2001-09-05,1.8
MACF.L,2002-04-10,3.2
MACF.L,2002-09-18,1.8
MACF.L,2003-04-23,3.2
MACF.L,2004-04-21,1.5
MACF.L,2005-09-14,1.5
MACF.L,2006-05-24,1.0
MACF.L,2007-05-16,1.0
MACF.L,2007-09-26,1.0
MACF.L,2008-05-21,1.0
MACF.L,2008-09-24,1.0
MACF.L,2009-05-06,1.0
MACF.L,2009-09-23,0.5
MACF.L,2010-05-12,1.0
MACF.L,2010-09-22,0.5
MACF.L,2011-05-11,1.05
MACF.L,2011-09-21,0.5
MACF.L,2012-05-09,1.05
MACF.L,2012-09-12,0.5
MACF.L,2013-05-08,1.05
MACF.L,2013-09-04,0.5
MACF.L,2014-05-07,1.1
MACF.L,2014-10-09,0.5
MACF.L,2015-05-07,1.15
MACF.L,2015-10-08,0.53
MACF.L,2016-05-12,1.2900001
MACF.L,2016-09-22,0.55
MACF.L,2017-05-11,1.4000001
MACF.L,2017-09-21,0.6
MACF.L,2018-05-17,1.5
MACF.L,2018-09-20,0.65000004
MACF.L,2019-05-16,1.65
MACF.L,2019-09-19,0.69
MACF.L,2020-09-10,0.70000005
MACF.L,2021-05-13,1.85
MACF.L,2021-09-16,0.87
MACF.L,2022-05-12,2.33
MACF.L,2022-09-15,0.9
MACF.L,2023-05-11,2.52
MACF.L,2023-09-14,0.94
MACF.L,2024-05-09,2.6499999
MACF.L,2024-09-12,0.96000004
MACF.L,2025-05-15,2.7
MACF.L,2025-09-11,0.96000004
MAI.L,2005-09-14,1.5
MAI.L,2006-03-22,2.5
MAI.L,2006-09-13,2.1
MAI.L,2007-03-21,2.8999999
MAI.L,2007-09-19,2.5
MAI.L,2008-09-24,2.5
MAI.L,2009-03-25,3.1
MAI.L,2009-09-16,3.1
MAI.L,2010-03-10,7.0
MAI.L,2010-09-15,3.9
MAI.L,2011-03-23,4.6
MAI.L,2011-09-21,4.6
MAI.L,2012-03-21,6.0
MAI.L,2012-09-19,6.3
MAI.L,2013-03-20,7.2999997
MAI.L,2013-09-25,6.7000003
MAI.L,2014-03-19,9.0
MAI.L,2014-09-17,9.3
MAI.L,2015-03-19,11.599999
MAI.L,2015-09-17,12.8
MAI.L,2016-03-03,16.5
MAI.L,2016-09-29,13.400001
MAI.L,2017-03-30,17.4
MAI.L,2017-09-21,14.7
MAI.L,2018-03-29,19.1
MAI.L,2018-09-20,15.000001
MAI.L,2019-03-28,19.5
MAI.L,2019-09-12,15.099999
MAJE.L,1985-11-25,1.0625
MAJE.L,1986-06-02,0.5
MAJE.L,1986-11-24,1.0625
MAJE.L,1987-06-01,0.5
MAJE.L,1987-11-23,1.125
MAJE.L,1988-06-06,1.0
MAJE.L,1988-11-28,2.25
MAJE.L,1989-05-22,1.0
MAJE.L,1989-11-27,2.75
MAJE.L,1990-05-29,0.625
MAJE.L,1990-11-19,1.5
MAJE.L,1991-06-03,0.625
MAJE.L,1991-11-25,1.625
MAJE.L,1992-06-01,0.625
MAJE.L,1992-11-30,1.75
MAJE.L,1993-05-24,2.0
MAJE.L,1993-11-29,3.0
MAJE.L,1994-05-16,2.0
MAJE.L,1994-11-21,3.25
MAJE.L,1995-05-16,2.0
MAJE.L,1995-05-30,2.0
MAJE.L,1995-12-04,3.7500002
MAJE.L,1996-06-10,2.5
MAJE.L,1996-12-09,4.1
MAJE.L,1997-05-27,3.0
MAJE.L,1998-01-12,3.9
MAJE.L,1998-06-15,3.1
MAJE.L,1999-01-18,4.1
MAJE.L,1999-06-14,3.1
MAJE.L,2000-01-17,4.3
MAJE.L,2000-06-19,3.1
MAJE.L,2001-01-22,4.5499997
MAJE.L,2001-06-20,3.1
MAJE.L,2002-01-16,4.8
MAJE.L,2002-06-05,3.2
MAJE.L,2003-01-15,4.95
MAJE.L,2003-06-04,3.2
MAJE.L,2004-01-14,5.25
MAJE.L,2004-06-09,3.2
MAJE.L,2005-01-05,5.55
MAJE.L,2005-06-08,3.2
MAJE.L,2006-01-04,5.85
MAJE.L,2006-06-07,3.4
MAJE.L,2007-01-03,6.1
MAJE.L,2007-06-06,3.8
MAJE.L,2008-01-02,10.7
MAJE.L,2008-06-04,4.2
MAJE.L,2009-01-07,8.55
MAJE.L,2009-06-03,4.2
MAJE.L,2010-01-06,6.3
MAJE.L,2010-02-24,5.0
MAJE.L,2010-06-02,4.2
MAJE.L,2011-01-05,6.3
MAJE.L,2011-06-08,4.2
MAJE.L,2012-01-04,6.3
MAJE.L,2012-05-30,4.2
MAJE.L,2013-01-09,6.3
MAJE.L,2013-06-05,4.2
MAJE.L,2014-01-08,6.3
MAJE.L,2014-06-11,3.0
MAJE.L,2015-01-08,4.5
MAJE.L,2015-06-11,3.0
MAJE.L,2016-01-14,5.0
MAJE.L,2016-06-16,3.0
MAJE.L,2017-01-12,5.75
MAJE.L,2017-06-01,3.5
MAJE.L,2018-01-11,6.25
MAJE.L,2018-06-07,4.0
MAJE.L,2019-01-10,7.0
MAJE.L,2019-05-30,4.4
MAJE.L,2020-01-09,7.0
MAJE.L,2020-06-04,4.4
MAJE.L,2021-01-14,7.0
MAJE.L,2021-06-03,4.4
MAJE.L,2022-01-13,7.0
MAJE.L,2022-06-01,4.4
MAJE.L,2023-01-12,6.0
MAJE.L,2023-05-18,1.8
MAJE.L,2023-08-10,1.8
MAJE.L,2023-11-16,1.8
MAJE.L,2024-02-15,1.9
MAJE.L,2024-05-16,2.0
MAJE.L,2024-08-15,2.0
MAJE.L,2024-11-14,2.1
MAJE.L,2025-02-13,2.1
MAJE.L,2025-05-15,2.0
MAJE.L,2025-08-14,2.1
MAJE.L,2025-11-13,2.2
MANO.L,2019-09-12,1.49
MANO.L,2019-12-12,0.5
MANO.L,2020-09-10,3.0
MANO.L,2020-11-26,1.17
MANO.L,2021-09-09,1.0
MANO.L,2021-12-16,0.39
MANO.L,2022-09-08,0.5
MARS.L,1992-12-14,1.5030999
MARS.L,1993-05-24,0.995
MARS.L,1993-12-13,1.6724
MARS.L,1994-06-06,1.0797
MARS.L,1994-12-12,1.863
MARS.L,1995-06-05,1.1432
MARS.L,1995-12-27,2.0958002
MARS.L,1996-06-10,1.2702
MARS.L,1996-12-16,2.3287
MARS.L,1997-06-09,1.3972
MARS.L,1997-12-15,2.5616
MARS.L,1998-05-26,1.5370001
MARS.L,1998-12-14,2.8177001
MARS.L,1999-06-01,1.6936
MARS.L,1999-12-13,3.0993
MARS.L,2000-06-05,1.7995
MARS.L,2000-12-27,3.2856
MARS.L,2001-05-30,1.9052999
MARS.L,2002-01-02,3.7048001
MARS.L,2002-01-28,17.9408
MARS.L,2002-06-05,1.7760999
MARS.L,2003-01-02,3.4536
MARS.L,2003-06-04,1.9555
MARS.L,2003-12-31,3.8035002
MARS.L,2004-06-02,2.1529
MARS.L,2004-12-29,4.1838
MARS.L,2005-06-01,2.3682
MARS.L,2005-12-28,4.6036
MARS.L,2006-06-07,2.605
MARS.L,2006-12-27,5.0647
MARS.L,2007-06-06,3.1289
MARS.L,2008-01-02,6.0784
MARS.L,2008-06-04,3.4446
MARS.L,2008-12-17,6.0784
MARS.L,2009-06-03,3.4446
MARS.L,2009-12-16,3.7
MARS.L,2010-06-02,2.1
MARS.L,2010-12-15,3.7
MARS.L,2011-06-01,2.1
MARS.L,2011-12-14,3.7
MARS.L,2012-05-30,2.2
MARS.L,2012-12-12,3.9
MARS.L,2013-05-29,2.3
MARS.L,2013-12-18,4.1
MARS.L,2014-05-28,2.4
MARS.L,2014-12-18,4.3
MARS.L,2015-05-28,2.5
MARS.L,2015-12-17,4.5
MARS.L,2016-05-26,2.6000001
MARS.L,2016-12-15,4.7
MARS.L,2017-05-25,2.7
MARS.L,2017-12-14,4.8
MARS.L,2018-05-24,2.7
MARS.L,2018-12-13,4.8
MARS.L,2019-05-23,2.7
MARS.L,2019-12-12,4.8
MAV4.L,2007-04-18,0.5
MAV4.L,2007-10-12,2.0
MAV4.L,2008-04-16,1.5
MAV4.L,2008-09-17,1.0
MAV4.L,2009-04-15,1.3000001
MAV4.L,2009-08-26,1.0
MAV4.L,2010-05-05,2.5
MAV4.L,2010-08-25,1.0
MAV4.L,2011-05-04,2.5
MAV4.L,2011-08-24,1.5
MAV4.L,2012-05-09,2.5
MAV4.L,2012-09-05,1.75
MAV4.L,2013-03-06,2.75
MAV4.L,2013-09-04,2.0
MAV4.L,2014-05-07,2.6499999
MAV4.L,2014-09-03,2.1
MAV4.L,2015-05-07,2.8999999
MAV4.L,2015-08-27,2.2
MAV4.L,2016-04-07,3.05
MAV4.L,2016-09-01,2.2
MAV4.L,2017-04-27,3.05
MAV4.L,2017-06-22,3.36
MAV4.L,2017-08-17,3.7
MAV4.L,2017-11-02,5.39
MAV4.L,2018-03-15,8.900001
MAV4.L,2018-05-24,4.8
MAV4.L,2019-09-05,2.0
MAV4.L,2020-04-23,2.0
MAV4.L,2020-09-03,1.0
MAV4.L,2021-04-22,2.0
MAV4.L,2021-09-02,2.0
MAV4.L,2022-02-10,2.0
MAV4.L,2022-04-21,1.0
MAV4.L,2022-09-08,2.0
MAV4.L,2023-04-20,1.75
MAV4.L,2023-09-14,1.75
MAV4.L,2024-04-18,1.75
MAV4.L,2024-09-19,2.0
MAV4.L,2025-04-10,1.75
MAV4.L,2025-07-24,2.75
MAV4.L,2025-12-11,1.0
MBH.L,2005-04-06,1.1
MBH.L,2006-06-07,1.1
MBH.L,2007-10-03,1.1
MBH.L,2008-10-01,1.1
MBH.L,2015-05-28,0.5
MBH.L,2016-05-26,1.0
MBH.L,2017-06-01,2.0
MBH.L,2017-12-14,0.70000005
MBH.L,2018-05-31,1.4499999
MBH.L,2018-12-13,1.06
MBH.L,2019-05-23,2.14
MBH.L,2019-12-05,1.15
MBH.L,2021-06-03,2.5
MBH.L,2021-12-02,1.15
MBH.L,2022-06-01,2.5
MBH.L,2022-12-01,1.3000001
MBH.L,2023-06-08,2.95
MBH.L,2023-11-30,1.5
MBH.L,2024-06-06,3.0
MBH.L,2024-11-28,1.6
MBH.L,2025-06-05,3.0
MBH.L,2025-11-27,1.6
MCB.L,1996-04-01,2.25
MCB.L,1996-10-07,4.4500003
MCB.L,1997-04-07,2.35
MCB.L,1997-10-20,4.65
MCB.L,1998-04-06,2.5
MCB.L,1998-10-19,5.0
MCB.L,1999-04-06,2.5
MCB.L,1999-10-18,5.0
MCB.L,2000-04-10,2.6000001
MCB.L,2000-11-13,2.0
MCB.L,2001-12-05,2.0
MCB.L,2002-06-05,0.70000005
MCB.L,2002-12-04,1.4000001
MCB.L,2003-06-04,0.8
MCB.L,2003-10-29,2.1
MCB.L,2004-04-28,1.2
MCB.L,2004-10-27,2.8000002
MCB.L,2005-04-27,1.5
MCB.L,2005-10-26,3.3
MCB.L,2006-04-26,1.6
MCB.L,2006-10-25,3.5
MCB.L,2007-04-25,1.7
MCB.L,2007-10-24,3.9
MCB.L,2008-04-23,1.7
MCB.L,2008-10-22,3.9
MCB.L,2009-04-22,1.7
MCB.L,2009-10-21,4.3
MCB.L,2010-04-28,2.0
MCB.L,2010-10-27,4.8
MCB.L,2011-04-20,2.0
MCB.L,2011-10-26,5.3333
MCB.L,2012-04-25,2.0
MCB.L,2012-10-24,3.0
MCB.L,2013-10-23,3.3
MCB.L,2014-04-23,1.7
MCB.L,2014-10-22,3.3
MCB.L,2015-04-23,1.7
MCB.L,2015-10-22,1.9
MCB.L,2016-04-21,1.2
MCB.L,2016-10-20,2.4
MCB.L,2017-04-20,1.4000001
MCB.L,2017-10-26,2.8999999
MCB.L,2018-04-26,1.5
MCB.L,2018-10-29,2.8000002
MCB.L,2020-10-22,1.1
MCB.L,2025-10-30,3.0
MCG.L,1993-09-20,1.2988
MCG.L,1994-04-11,2.5977
MCG.L,1994-09-26,1.4027001
MCG.L,1995-03-20,3.1172
MCG.L,1995-09-25,1.5586
MCG.L,1996-04-09,3.6367
MCG.L,1996-09-16,1.7664001
MCG.L,1997-04-01,4.2082
MCG.L,1997-09-22,2.0781
MCG.L,1998-03-30,4.9356
MCG.L,1998-09-21,2.4418
MCG.L,1999-03-29,5.8707
MCG.L,1999-09-20,2.9873002
MCG.L,2000-03-27,6.4681997
MCG.L,2000-09-25,3.3769999
MCG.L,2001-04-04,7.3774004
MCG.L,2001-09-19,3.7926
MCG.L,2002-04-03,7.6372
MCG.L,2002-09-25,4.2082
MCG.L,2003-04-16,8.5204
MCG.L,2003-09-24,4.416
MCG.L,2004-04-07,9.0919
MCG.L,2004-09-01,4.8576
MCG.L,2005-04-06,10.7284
MCG.L,2005-09-07,5.1953
MCG.L,2006-04-26,11.5596
MCG.L,2006-10-04,5.585
MCG.L,2007-04-25,12.4688
MCG.L,2007-09-12,6.0058002
MCG.L,2008-04-23,13.715699
MCG.L,2008-09-10,6.6085005
MCG.L,2009-06-17,5.1953
MCG.L,2011-04-20,6.0
MCG.L,2011-09-07,3.0
MCG.L,2012-04-25,6.5
MCG.L,2012-09-05,3.15
MCG.L,2013-04-24,6.6
MCG.L,2013-09-04,3.25
MCG.L,2014-04-30,6.7500005
MCG.L,2014-09-03,3.3500001
MCG.L,2015-04-30,6.95
MCG.L,2015-09-03,3.6850002
MCG.L,2016-04-28,7.645
MCG.L,2016-09-01,3.87
MCG.L,2017-04-27,8.41
MCG.L,2017-08-31,4.2599998
MCG.L,2018-04-26,9.25
MCG.L,2018-08-30,4.69
MCG.L,2019-04-18,10.17
MCG.L,2019-08-29,5.1600003
MCG.L,2023-04-13,5.0
MCG.L,2023-08-03,1.7
MCON.L,2014-08-27,0.87913
MCON.L,2015-05-28,0.87913
MCON.L,2015-08-27,0.87913
MCON.L,2016-05-26,0.87913
MCON.L,2016-09-01,0.87913
MCON.L,2017-05-25,0.87913
MCON.L,2017-08-31,0.87913
MCON.L,2018-05-24,0.92308646
MCON.L,2018-08-30,0.92308646
MCON.L,2019-05-23,0.92308646
MCON.L,2019-08-29,0.92308646
MCON.L,2020-08-13,0.92308646
MCON.L,2021-05-27,1.8461729
MCON.L,2021-08-19,0.92308646
MCON.L,2022-05-26,0.92308646
MCON.L,2022-08-18,0.92308646
MCON.L,2023-05-25,0.92308646
MCON.L,2023-11-16,0.92308646
MCON.L,2024-05-23,0.92308646
MCON.L,2024-11-14,0.92308646
MCON.L,2025-05-22,0.92308646
MCON.L,2025-11-13,0.92308646
MEGP.L,1993-02-01,0.28
MEGP.L,1993-09-20,0.64
MEGP.L,1994-01-31,0.3
MEGP.L,1994-10-03,0.65999997
MEGP.L,1995-01-30,0.3
MEGP.L,1995-09-25,0.70000005
MEGP.L,1996-02-26,0.3
MEGP.L,1996-10-07,0.70000005
MEGP.L,1997-03-10,0.3
MEGP.L,1997-11-24,0.70000005
MEGP.L,1998-03-09,0.4
MEGP.L,1998-11-23,0.9
MEGP.L,1999-03-01,0.44
MEGP.L,1999-10-25,1.06
MEGP.L,2000-03-06,0.5
MEGP.L,2000-10-23,1.2
MEGP.L,2001-03-07,0.5
MEGP.L,2001-10-10,1.4000001
MEGP.L,2002-03-06,0.3
MEGP.L,2004-10-20,1.0
MEGP.L,2005-03-02,0.8
MEGP.L,2005-10-05,1.2
MEGP.L,2006-03-01,1.0
MEGP.L,2006-10-04,1.4000001
MEGP.L,2007-02-28,1.0
MEGP.L,2007-10-03,1.4000001
MEGP.L,2010-03-24,0.25
MEGP.L,2010-09-22,1.0
MEGP.L,2011-03-23,1.0
MEGP.L,2011-09-21,1.0
MEGP.L,2012-03-28,1.25
MEGP.L,2012-09-26,1.25
MEGP.L,2013-02-13,3.0
MEGP.L,2013-03-27,1.5
MEGP.L,2013-09-25,1.5
MEGP.L,2014-03-26,1.8
MEGP.L,2014-04-09,2.0
MEGP.L,2014-09-24,1.95
MEGP.L,2015-04-02,2.34
MEGP.L,2015-10-08,2.54
MEGP.L,2016-04-07,2.575
MEGP.L,2016-10-06,6.1
MEGP.L,2017-04-06,3.09
MEGP.L,2017-10-12,3.94
MEGP.L,2018-04-05,3.7099998
MEGP.L,2018-10-18,4.73
MEGP.L,2019-04-04,3.7099998
MEGP.L,2019-10-17,4.73
MEGP.L,2022-04-14,2.8899999
MEGP.L,2022-08-11,6.5
MEGP.L,2022-10-13,2.6000001
MEGP.L,2023-04-20,3.0
MEGP.L,2023-04-27,0.6
MEGP.L,2023-11-02,2.97
MEGP.L,2024-04-25,4.42
MEGP.L,2024-11-07,3.4499998
MEGP.L,2025-04-24,4.4500003
MEGP.L,2025-11-06,3.85
MER.L,1997-04-21,0.2
MER.L,1997-09-08,0.1
MER.L,1998-04-20,0.22
MER.L,1998-10-12,0.1
MER.L,1999-04-12,0.3
MER.L,1999-10-11,0.1
MER.L,2000-04-10,0.4
MER.L,2000-10-16,0.15
MER.L,2001-04-11,0.5
MER.L,2001-10-17,0.2
MER.L,2002-06-05,0.6
MER.L,2002-10-16,0.25
MER.L,2003-06-04,0.75
MER.L,2003-10-22,0.35000002
MER.L,2004-06-02,1.0
MER.L,2004-10-20,0.5
MER.L,2005-06-08,1.4000001
MER.L,2005-10-19,0.70000005
MER.L,2006-06-14,1.9
MER.L,2006-10-18,0.9
MER.L,2007-06-13,2.4
MER.L,2007-10-17,1.1
MER.L,2008-06-11,2.8999999
MER.L,2008-10-15,1.35
MER.L,2009-06-10,3.4
MER.L,2009-10-14,1.6
MER.L,2010-06-09,4.1
MER.L,2010-10-20,1.9
MER.L,2011-06-08,4.8500004
MER.L,2011-10-12,2.15
MER.L,2012-06-13,5.35
MER.L,2012-10-17,2.3
MER.L,2013-06-12,5.7
MER.L,2013-10-16,2.5
MER.L,2014-06-11,6.3
MER.L,2014-10-16,2.85
MER.L,2015-06-11,7.1500006
MER.L,2015-10-15,3.1
MER.L,2016-06-16,7.9000006
MER.L,2016-10-13,3.3
MER.L,2017-06-15,8.4
MER.L,2017-10-19,3.4499998
MER.L,2018-06-14,8.55
MER.L,2018-10-18,3.5500002
MER.L,2019-06-13,8.85
MER.L,2019-10-03,3.6499999
MER.L,2021-10-07,2.5
MER.L,2022-05-26,5.5
MER.L,2022-10-06,3.25
MER.L,2023-07-06,7.25
MER.L,2023-10-05,3.7
MER.L,2024-06-27,9.3
MER.L,2024-09-12,4.75
MER.L,2025-06-19,11.25
MER.L,2025-09-11,5.6000004
MERC.L,2020-12-10,0.1
MERC.L,2021-09-23,0.3
MERC.L,2021-12-16,0.3
MERC.L,2022-09-22,0.5
MERC.L,2022-12-15,0.32999998
MERC.L,2023-09-28,0.53
MERC.L,2023-12-07,0.35000002
MERC.L,2024-10-03,0.55
MERC.L,2024-12-05,0.37
MERC.L,2025-10-02,0.58
MERC.L,2025-12-11,0.39
MGAM.L,1993-04-19,6.6205
MGAM.L,1993-10-18,5.5573
MGAM.L,1994-04-25,6.6205
MGAM.L,1994-10-17,5.7506
MGAM.L,1995-05-01,6.9104
MGAM.L,1995-10-23,6.0406
MGAM.L,1996-04-01,7.2970004
MGAM.L,1996-10-21,6.3787994
MGAM.L,1997-04-07,7.7319
MGAM.L,1997-10-20,6.7654
MGAM.L,1998-04-06,8.2152
MGAM.L,1998-11-02,7.152
MGAM.L,1999-05-04,8.2152
MGAM.L,1999-11-01,7.152
MGAM.L,2000-05-30,8.2152
MGAM.L,2000-10-30,7.152
MGAM.L,2001-05-23,8.2152
MGAM.L,2001-11-28,7.152
MGAM.L,2006-05-31,2.5
MGAM.L,2006-11-29,1.5
MGAM.L,2007-05-30,3.0
MGAM.L,2007-09-26,2.25
MGAM.L,2008-05-28,4.5
MGAM.L,2008-10-01,2.5
MGAM.L,2009-06-03,4.5
MGAM.L,2009-12-02,2.5
MGAM.L,2010-05-19,4.5
MGAM.L,2010-12-01,2.7
MGAM.L,2011-05-18,5.0
MGAM.L,2011-11-23,3.25
MGAM.L,2012-05-23,6.0
MGAM.L,2012-11-21,3.6
MGAM.L,2013-04-17,6.4
MGAM.L,2013-10-23,3.8
MGAM.L,2014-05-14,6.7000003
MGAM.L,2014-11-06,3.9
MGAM.L,2015-05-07,7.0
MGAM.L,2015-11-05,4.0
MGAM.L,2016-05-05,7.0
MGAM.L,2016-11-03,4.0
MGAM.L,2017-05-04,7.0
MGAM.L,2017-11-02,4.0
MGAM.L,2018-05-03,7.0
MGAM.L,2018-11-01,4.0
MGAM.L,2019-05-02,7.0
MGAM.L,2019-10-31,4.0
MGAM.L,2020-11-19,2.0
MGAM.L,2021-04-29,3.5
MGAM.L,2021-10-28,3.2
MGAM.L,2022-04-28,5.9
MGAM.L,2022-10-27,5.2999997
MGAM.L,2023-06-08,6.7000003
MGAM.L,2023-10-26,5.2999997
MGAM.L,2024-04-25,6.7000003
MGAM.L,2024-10-24,5.4
MGAM.L,2025-04-10,6.8
MGAM.L,2025-10-23,5.4
MGCI.L,2019-07-25,2.09
MGCI.L,2020-02-06,1.65
MGCI.L,2020-05-07,0.85
MGCI.L,2020-08-06,0.77
MGCI.L,2020-11-05,0.71
MGCI.L,2021-02-04,1.95
MGCI.L,2021-05-06,0.74
MGCI.L,2021-08-05,0.76
MGCI.L,2021-11-04,0.76
MGCI.L,2022-02-03,1.78
MGCI.L,2022-05-05,0.82
MGCI.L,2022-08-04,0.96000004
MGCI.L,2022-11-03,1.14
MGCI.L,2023-02-02,2.43
MGCI.L,2023-05-04,1.77
MGCI.L,2023-08-03,1.9300001
MGCI.L,2023-11-02,2.12
MGCI.L,2024-02-01,2.14
MGCI.L,2024-05-02,2.15
MGCI.L,2024-08-01,2.15
MGCI.L,2024-10-31,2.14
MGCI.L,2025-01-30,2.09
MGCI.L,2025-05-01,1.96
MGCI.L,2025-07-31,1.9200001
MGCI.L,2025-10-30,1.89
MGNS.L,1993-08-16,0.091800004
MGNS.L,1994-05-16,0.091800004
MGNS.L,1995-08-14,0.8483
MGNS.L,1996-03-28,1.8464001
MGNS.L,1996-08-19,1.3473
MGNS.L,1997-02-24,2.8444
MGNS.L,1997-08-18,1.6666999
MGNS.L,1998-03-23,3.5728998
MGNS.L,1998-09-01,2.046
MGNS.L,1999-03-22,4.4412
MGNS.L,1999-08-16,2.5
MGNS.L,2000-03-13,6.0
MGNS.L,2000-08-29,3.0
MGNS.L,2001-03-07,7.5000005
MGNS.L,2001-08-22,4.0
MGNS.L,2002-03-13,10.0
MGNS.L,2002-08-28,4.25
MGNS.L,2003-03-05,10.75
MGNS.L,2003-08-20,4.75
MGNS.L,2004-03-03,11.75
MGNS.L,2004-08-18,5.25
MGNS.L,2005-03-16,13.249999
MGNS.L,2005-08-17,7.0
MGNS.L,2006-04-05,18.0
MGNS.L,2006-08-31,8.0
MGNS.L,2007-04-04,20.0
MGNS.L,2007-08-15,10.0
MGNS.L,2008-04-09,28.0
MGNS.L,2008-08-13,12.0
MGNS.L,2009-04-15,30.000002
MGNS.L,2009-08-26,12.0
MGNS.L,2010-03-10,30.000002
MGNS.L,2010-08-18,12.0
MGNS.L,2011-04-20,30.000002
MGNS.L,2011-08-17,12.0
MGNS.L,2012-04-25,30.000002
MGNS.L,2012-09-26,12.0
MGNS.L,2013-05-01,15.000001
MGNS.L,2013-09-25,12.0
MGNS.L,2014-04-30,15.000001
MGNS.L,2014-10-01,12.0
MGNS.L,2015-04-30,15.000001
MGNS.L,2015-10-01,12.0
MGNS.L,2016-04-28,17.0
MGNS.L,2016-10-13,13.0
MGNS.L,2017-04-27,22.0
MGNS.L,2017-10-12,16.0
MGNS.L,2018-04-26,29.0
MGNS.L,2018-10-11,19.0
MGNS.L,2019-04-25,34.0
MGNS.L,2019-10-10,21.0
MGNS.L,2020-11-12,21.0
MGNS.L,2021-04-29,40.0
MGNS.L,2021-10-07,30.000002
MGNS.L,2022-04-28,62.0
MGNS.L,2022-10-06,33.0
MGNS.L,2023-04-27,68.0
MGNS.L,2023-10-05,36.0
MGNS.L,2024-04-25,78.0
MGNS.L,2024-10-03,41.5
MGNS.L,2025-04-24,90.0
MGNS.L,2025-10-02,50.0
MHA.L,2025-11-27,1.0
MHN.L,2019-05-02,0.70000005
MHN.L,2020-05-14,0.4
MHN.L,2022-06-01,0.2
MHN.L,2023-06-01,0.4
MHN.L,2024-06-06,0.9
MHN.L,2025-02-20,2.1
MIDW.L,2016-09-22,1.53
MIDW.L,2017-05-25,7.09
MIDW.L,2017-09-21,4.17
MIDW.L,2018-05-24,9.650001
MIDW.L,2018-09-20,4.6
MIDW.L,2019-05-16,10.599999
MIDW.L,2019-09-19,4.8500004
MIDW.L,2021-05-20,3.0
MIDW.L,2021-09-16,3.3
MIDW.L,2022-05-05,7.8
MIDW.L,2022-09-15,4.5
MIDW.L,2023-05-04,10.5
MIDW.L,2023-09-21,5.5
MIDW.L,2024-05-09,11.0
MIDW.L,2024-09-12,5.5
MIDW.L,2025-05-22,7.5000005
MIDW.L,2025-09-11,1.75
MIG1.L,2000-11-06,1.0
MIG1.L,2001-06-13,1.8
MIG1.L,2001-11-07,1.0
MIG1.L,2002-06-26,1.5
MIG1.L,2002-11-13,1.0
MIG1.L,2003-06-18,1.5
MIG1.L,2003-11-12,0.5
MIG1.L,2004-06-16,1.2
MIG1.L,2004-11-10,0.5
MIG1.L,2005-06-20,0.6
MIG1.L,2005-06-22,0.6
MIG1.L,2005-11-09,2.5
MIG1.L,2006-06-28,2.4
MIG1.L,2007-06-27,2.8000002
MIG1.L,2007-11-07,3.5
MIG1.L,2008-06-25,2.3
MIG1.L,2008-11-12,1.0
MIG1.L,2009-06-24,2.0
MIG1.L,2009-11-11,1.0
MIG1.L,2010-06-23,3.0
MIG1.L,2011-06-22,3.5
MIG1.L,2011-11-09,1.5
MIG1.L,2012-06-20,3.5
MIG1.L,2012-11-07,2.0
MIG1.L,2013-06-19,3.5
MIG1.L,2013-11-06,2.2
MIG1.L,2014-06-18,3.5
MIG1.L,2014-11-13,2.4
MIG1.L,2015-06-18,3.5
MIG1.L,2015-10-29,2.4
MIG1.L,2016-05-05,2.4
MIG1.L,2016-06-16,1.2
MIG1.L,2016-10-27,2.4
MIG1.L,2017-05-04,3.6
MIG1.L,2017-06-22,2.96
MIG1.L,2017-11-02,2.7
MIG1.L,2018-03-15,7.4500003
MIG1.L,2018-05-24,5.1
MIG1.L,2019-10-24,2.0
MIG1.L,2020-07-02,2.0
MIG1.L,2020-10-22,1.0
MIG1.L,2021-06-17,1.0
MIG1.L,2021-11-04,1.0
MIG1.L,2022-06-16,1.25
MIG1.L,2022-11-03,1.1
MIG1.L,2023-06-15,1.15
MIG1.L,2023-11-02,1.0
MIG1.L,2024-06-20,1.15
MIG1.L,2024-10-31,1.15
MIG1.L,2025-06-19,1.25
MIG1.L,2025-07-24,1.5
MIG1.L,2025-12-11,1.0
MIG3.L,2004-03-31,2.0
MIG3.L,2005-03-30,1.0
MIG3.L,2006-03-29,0.5
MIG3.L,2007-02-21,1.5
MIG3.L,2007-07-25,4.4500003
MIG3.L,2008-03-26,1.75
MIG3.L,2009-03-25,2.7
MIG3.L,2009-08-05,1.5
MIG3.L,2010-05-05,2.5
MIG3.L,2010-08-04,1.5
MIG3.L,2011-05-04,2.5
MIG3.L,2011-08-03,1.75
MIG3.L,2012-05-09,2.75
MIG3.L,2012-08-08,2.0
MIG3.L,2013-05-08,3.0
MIG3.L,2013-08-07,2.0
MIG3.L,2014-05-07,3.25
MIG3.L,2014-08-06,2.0
MIG3.L,2015-05-07,3.5
MIG3.L,2015-07-30,1.0
MIG3.L,2016-03-31,3.7500002
MIG3.L,2016-08-04,2.0
MIG3.L,2017-03-30,3.7500002
MIG3.L,2017-06-22,2.71
MIG3.L,2017-08-17,5.14
MIG3.L,2017-11-02,6.6699996
MIG3.L,2018-03-15,5.7
MIG3.L,2018-05-24,5.25
MIG3.L,2019-08-01,2.0
MIG3.L,2020-03-19,2.0
MIG3.L,2020-07-30,2.0
MIG3.L,2021-03-18,1.0
MIG3.L,2021-08-12,1.25
MIG3.L,2022-02-10,2.0
MIG3.L,2022-03-24,1.5
MIG3.L,2022-07-28,1.25
MIG3.L,2023-03-23,1.9
MIG3.L,2023-07-27,0.5
MIG3.L,2024-03-21,2.15
MIG3.L,2024-08-08,1.0
MIG3.L,2025-03-27,2.15
MIG3.L,2025-07-24,2.0
MIG3.L,2025-12-11,1.0
MIG5.L,2001-08-01,1.1
MIG5.L,2002-01-30,1.1
MIG5.L,2002-07-31,1.1
MIG5.L,2003-02-05,1.0
MIG5.L,2003-07-30,0.6
MIG5.L,2004-02-04,0.6
MIG5.L,2005-03-09,2.0
MIG5.L,2011-04-06,1.0
MIG5.L,2012-03-28,1.0
MIG5.L,2012-08-08,0.5
MIG5.L,2013-05-01,1.15
MIG5.L,2013-08-07,0.65000004
MIG5.L,2014-05-07,1.35
MIG5.L,2014-08-06,0.8
MIG5.L,2015-05-07,0.2
MIG5.L,2015-07-30,0.9
MIG5.L,2016-03-31,1.75
MIG5.L,2016-08-11,0.95
MIG5.L,2017-03-30,1.7
MIG5.L,2017-08-24,2.0
MIG5.L,2017-11-02,1.2
MIG5.L,2018-03-15,3.7
MIG5.L,2019-08-01,0.5
MIG5.L,2020-03-26,1.1
MIG5.L,2020-07-30,0.5
MIG5.L,2021-04-08,1.1
MIG5.L,2021-08-12,0.6
MIG5.L,2021-10-28,0.5
MIG5.L,2022-03-31,1.0
MIG5.L,2022-07-28,3.0
MIG5.L,2023-03-30,0.5
MIG5.L,2023-06-22,0.75
MIG5.L,2024-03-21,1.1
MIG5.L,2024-08-08,1.0
MIG5.L,2025-03-27,1.0
MIG5.L,2025-07-24,1.25
MIG5.L,2025-12-11,0.5
MIGO.L,2022-09-08,0.4
MIGO.L,2023-09-07,3.0
MIGO.L,2024-09-05,0.6
MIND.L,2018-12-20,0.8
MIND.L,2019-08-01,1.6
MIND.L,2019-12-19,0.9
MKS.L,1992-11-02,2.5800998
MKS.L,1993-05-24,6.9192996
MKS.L,1993-11-15,2.9319
MKS.L,1994-06-06,7.8575
MKS.L,1994-11-14,3.2837
MKS.L,1995-05-30,8.7957
MKS.L,1995-11-13,3.5183
MKS.L,1996-05-28,9.8512
MKS.L,1996-11-11,3.8701003
MKS.L,1997-05-27,11.3758
MKS.L,1997-11-10,4.2219
MKS.L,1998-05-26,12.5486
MKS.L,1998-11-09,4.3392
MKS.L,1999-05-24,12.5486
MKS.L,1999-11-08,4.3392
MKS.L,2000-05-30,6.2156
MKS.L,2000-11-13,4.3392
MKS.L,2001-05-30,6.2156
MKS.L,2001-11-14,4.3392
MKS.L,2002-05-29,5.5064
MKS.L,2002-11-13,3.7975
MKS.L,2003-05-28,6.171
MKS.L,2003-11-12,4.1773
MKS.L,2004-06-02,6.7405996
MKS.L,2004-11-17,4.3671002
MKS.L,2005-06-01,7.1203003
MKS.L,2005-11-16,4.557
MKS.L,2006-05-31,8.7343
MKS.L,2006-11-15,5.9811
MKS.L,2007-05-30,11.3925
MKS.L,2007-11-14,7.8798003
MKS.L,2008-05-28,13.481199
MKS.L,2008-11-12,7.8798003
MKS.L,2009-05-27,9.0191
MKS.L,2009-11-11,5.2216
MKS.L,2010-06-02,9.0191
MKS.L,2010-11-17,5.8862
MKS.L,2011-06-01,10.2533
MKS.L,2011-11-16,5.8862
MKS.L,2012-05-30,10.2533
MKS.L,2012-11-14,5.8862
MKS.L,2013-05-29,10.2533
MKS.L,2013-11-13,5.8862
MKS.L,2014-05-28,10.2533
MKS.L,2014-11-13,6.0759997
MKS.L,2015-05-28,11.0128
MKS.L,2015-11-12,6.4558
MKS.L,2016-06-02,15.6648
MKS.L,2016-11-17,6.4558
MKS.L,2017-06-01,11.2976
MKS.L,2017-11-16,6.4558
MKS.L,2018-05-31,11.2976
MKS.L,2018-11-15,6.4558
MKS.L,2019-05-30,7.1000004
MKS.L,2019-11-14,3.9
MKS.L,2023-11-16,1.0
MKS.L,2024-05-30,2.0
MKS.L,2024-11-28,1.0
MKS.L,2025-05-29,2.6000001
MKS.L,2025-11-27,1.2
MLHL.L,2012-11-07,0.75395024
MLHL.L,2013-11-20,0.84
MLHL.L,2014-12-29,0.9
MLHL.L,2017-01-19,0.71
MLHL.L,2018-01-11,0.81
MLVN.L,2010-06-23,15.000001
MLVN.L,2011-06-22,20.0
MLVN.L,2012-07-11,20.0
MMIT.L,2020-04-02,0.3
MMIT.L,2022-04-28,0.35000002
MMIT.L,2023-04-06,1.2
MMIT.L,2024-04-11,1.25
MMIT.L,2025-05-01,1.7
MNDI.L,2007-08-29,5.4186
MNDI.L,2008-04-23,13.6147
MNDI.L,2008-08-27,6.8189
MNDI.L,2009-04-22,4.9435
MNDI.L,2009-08-26,2.4029999
MNDI.L,2010-04-21,6.7152
MNDI.L,2010-08-25,3.1541002
MNDI.L,2011-04-13,16.08
MNDI.L,2011-08-17,8.0284
MNDI.L,2012-04-11,15.9291
MNDI.L,2012-08-22,7.7628
MNDI.L,2013-04-17,17.709599
MNDI.L,2013-08-21,8.9795
MNDI.L,2014-04-23,23.9234
MNDI.L,2014-08-20,11.553599
MNDI.L,2015-04-23,23.2213
MNDI.L,2015-08-20,11.6018
MNDI.L,2016-04-21,32.6131
MNDI.L,2016-08-18,17.6801
MNDI.L,2017-04-20,35.5871
MNDI.L,2017-08-24,18.4767
MNDI.L,2018-05-03,138.3335
MNDI.L,2018-08-23,21.1508
MNDI.L,2019-04-11,51.8317
MNDI.L,2019-08-15,27.179802
MNDI.L,2020-08-20,49.4594
MNDI.L,2021-04-08,39.1951
MNDI.L,2021-08-26,18.781599
MNDI.L,2022-04-07,41.4439
MNDI.L,2022-08-25,20.8707
MNDI.L,2023-03-30,46.8743
MNDI.L,2023-08-24,22.0027
MNDI.L,2024-01-29,136.4768
MNDI.L,2024-04-04,40.2585
MNDI.L,2024-08-22,19.6901
MNDI.L,2025-04-03,39.9299
MNDI.L,2025-08-21,20.1989
MNG.L,2020-04-16,15.77
MNG.L,2020-08-20,6.0
MNG.L,2021-03-18,12.23
MNG.L,2021-08-19,6.1
MNG.L,2022-03-17,12.2
MNG.L,2022-08-18,6.2
MNG.L,2023-03-16,13.400001
MNG.L,2023-09-28,6.5
MNG.L,2024-03-28,13.2
MNG.L,2024-09-12,6.6
MNG.L,2025-03-27,13.500001
MNG.L,2025-09-11,6.7000003
MNKS.L,1972-12-29,0.012
MNKS.L,1973-06-29,0.012399999
MNKS.L,1973-12-31,0.028
MNKS.L,1974-06-28,0.014
MNKS.L,1974-12-31,0.028800001
MNKS.L,1975-06-30,0.014
MNKS.L,1975-12-31,0.028800001
MNKS.L,1976-06-30,0.014
MNKS.L,1976-11-30,0.031999998
MNKS.L,1977-06-30,0.018000001
MNKS.L,1977-12-30,0.038000003
MNKS.L,1978-06-30,0.024
MNKS.L,1978-12-29,0.04
MNKS.L,1979-06-29,0.024
MNKS.L,1979-12-31,0.05
MNKS.L,1980-06-30,0.04
MNKS.L,1980-12-31,0.05
MNKS.L,1981-06-30,0.044
MNKS.L,1981-12-31,0.052
MNKS.L,1982-06-30,0.044
MNKS.L,1982-12-31,0.052
MNKS.L,1983-06-30,0.044
MNKS.L,1983-12-30,0.052
MNKS.L,1984-06-29,0.044
MNKS.L,1984-12-31,0.052
MNKS.L,1985-06-28,0.044
MNKS.L,1985-12-31,0.052
MNKS.L,1986-06-30,0.044
MNKS.L,1986-12-31,0.060000002
MNKS.L,1987-06-30,0.044
MNKS.L,1987-12-21,0.24000001
MNKS.L,1987-12-31,0.116
MNKS.L,1988-06-20,0.072000004
MNKS.L,1988-12-12,0.060000002
MNKS.L,1989-06-19,0.120000005
MNKS.L,1989-12-11,0.072000004
MNKS.L,1990-06-11,0.168
MNKS.L,1990-12-10,0.08
MNKS.L,1991-06-03,0.188
MNKS.L,1991-12-09,0.08
MNKS.L,1992-06-15,0.188
MNKS.L,1992-12-14,0.08
MNKS.L,1993-07-05,0.188
MNKS.L,1993-12-13,0.4
MNKS.L,1994-06-20,1.0
MNKS.L,1994-12-28,0.4
MNKS.L,1995-07-03,1.1
MNKS.L,1996-01-02,0.70000005
MNKS.L,1996-07-01,1.24
MNKS.L,1996-12-30,0.70000005
MNKS.L,1997-07-07,1.24
MNKS.L,1997-07-11,1.24
MNKS.L,1997-12-29,0.70000005
MNKS.L,1998-07-13,1.24
MNKS.L,1998-12-29,0.70000005
MNKS.L,1999-07-05,1.24
MNKS.L,2000-01-10,0.70000005
MNKS.L,2000-07-10,1.24
MNKS.L,2001-01-08,0.6
MNKS.L,2001-07-11,1.2
MNKS.L,2002-01-16,0.6
MNKS.L,2002-07-10,1.0
MNKS.L,2003-01-15,0.4
MNKS.L,2003-07-16,0.65000004
MNKS.L,2004-01-14,0.4
MNKS.L,2004-07-14,0.65000004
MNKS.L,2005-01-12,0.5
MNKS.L,2005-07-13,1.2
MNKS.L,2006-01-11,0.5
MNKS.L,2006-07-12,1.4000001
MNKS.L,2007-01-10,0.5
MNKS.L,2007-07-11,2.6499999
MNKS.L,2008-01-09,0.5
MNKS.L,2008-07-09,3.2
MNKS.L,2009-01-07,1.0
MNKS.L,2009-07-08,5.0
MNKS.L,2010-01-06,0.5
MNKS.L,2010-03-03,2.0
MNKS.L,2010-07-07,0.5
MNKS.L,2011-01-05,0.5
MNKS.L,2011-07-06,2.5
MNKS.L,2012-01-04,0.5
MNKS.L,2012-07-11,3.4499998
MNKS.L,2013-01-02,0.5
MNKS.L,2013-07-10,3.4499998
MNKS.L,2014-01-08,0.5
MNKS.L,2014-07-09,3.4499998
MNKS.L,2015-01-08,0.5
MNKS.L,2015-07-09,3.4499998
MNKS.L,2016-01-07,0.5
MNKS.L,2016-07-07,1.0
MNKS.L,2017-07-06,1.25
MNKS.L,2018-08-02,1.4000001
MNKS.L,2019-08-01,1.85
MNKS.L,2020-07-30,2.5
MNKS.L,2021-07-29,2.0
MNKS.L,2022-07-28,2.35
MNKS.L,2023-07-27,3.15
MNKS.L,2024-08-08,2.1
MNKS.L,2025-08-07,0.5
MNL.L,1998-03-16,1.3299999
MNL.L,1998-10-19,1.5
MNL.L,1999-03-01,0.5
MNL.L,1999-10-11,1.0
MNL.L,2000-03-06,0.5
MNL.L,2000-10-16,1.5
MNL.L,2001-03-21,0.6
MNL.L,2001-10-10,1.9
MNL.L,2002-03-20,2.5
MNL.L,2002-10-09,6.0
MNL.L,2003-03-19,2.5
MNL.L,2003-10-15,7.0
MNL.L,2004-03-24,2.5
MNL.L,2004-10-13,7.0
MNL.L,2005-03-23,2.5
MNL.L,2005-03-25,2.5
MNL.L,2005-10-19,7.0
MNL.L,2006-03-29,2.5
MNL.L,2006-10-25,7.0
MNL.L,2007-03-28,2.5
MNL.L,2007-10-24,7.5000005
MNL.L,2008-03-26,2.5
MNL.L,2008-10-22,7.5000005
MNL.L,2009-03-25,4.5
MNL.L,2009-10-21,6.0
MNL.L,2010-03-31,5.0
MNL.L,2010-11-10,6.5
MNL.L,2011-04-06,5.2000003
MNL.L,2011-11-09,7.2999997
MNL.L,2012-04-11,5.2000003
MNL.L,2012-11-07,7.8
MNL.L,2013-04-10,5.5
MNL.L,2013-11-13,8.25
MNL.L,2014-04-09,5.5
MNL.L,2014-08-06,5.0
MNL.L,2014-11-19,1.98
MNL.L,2014-11-20,5.55
MNL.L,2015-04-09,1.75
MNL.L,2015-11-19,1.95
MNL.L,2016-04-14,2.96
MNL.L,2016-08-11,7.5000005
MNL.L,2016-11-17,2.8999999
MNL.L,2017-04-13,3.0
MNL.L,2017-11-08,4.24
MNL.L,2017-11-09,6.0
MNL.L,2018-04-12,4.0
MNL.L,2019-01-23,8.0
MNL.L,2019-01-24,8.0
MNL.L,2019-04-04,6.0
MNL.L,2020-01-23,8.0
MNL.L,2020-04-09,7.0
MNL.L,2020-10-15,7.0
MNL.L,2021-04-15,7.0
MNL.L,2021-10-14,7.0
MNL.L,2022-04-14,14.0
MNL.L,2022-11-03,7.0
MNL.L,2023-04-13,7.0
MNL.L,2023-10-05,7.0
MNL.L,2024-04-11,7.0
MNL.L,2024-07-04,7.0
MNL.L,2024-10-03,7.0
MNL.L,2025-04-10,14.0
MNL.L,2025-10-02,14.0
MONY.L,2008-03-19,1.63
MONY.L,2008-09-17,1.3000001
MONY.L,2009-03-25,2.2
MONY.L,2009-09-16,6.23
MONY.L,2010-03-03,7.1099997
MONY.L,2010-08-18,1.3000001
MONY.L,2011-04-06,2.53
MONY.L,2011-08-17,5.43
MONY.L,2012-03-28,3.03
MONY.L,2012-08-15,1.8
MONY.L,2013-03-20,3.94
MONY.L,2013-06-12,12.92
MONY.L,2013-08-14,2.16
MONY.L,2014-03-19,5.12
MONY.L,2014-08-13,2.31
MONY.L,2015-03-26,5.69
MONY.L,2015-08-13,2.55
MONY.L,2016-03-31,6.6
MONY.L,2016-08-18,2.75
MONY.L,2017-04-06,7.1000004
MONY.L,2017-08-03,2.84
MONY.L,2018-04-05,7.6
MONY.L,2018-08-02,2.95
MONY.L,2019-04-04,8.1
MONY.L,2019-05-02,7.4600005
MONY.L,2019-08-01,3.1
MONY.L,2020-04-02,8.61
MONY.L,2020-08-06,3.1
MONY.L,2021-04-08,8.61
MONY.L,2021-07-29,3.1
MONY.L,2022-03-31,8.61
MONY.L,2022-07-28,3.1
MONY.L,2023-03-30,8.61
MONY.L,2023-08-03,3.2
MONY.L,2024-03-28,8.900001
MONY.L,2024-08-01,3.3
MONY.L,2025-04-10,9.2
MONY.L,2025-07-31,3.3300002
MOON.L,2025-02-20,1.0
MOON.L,2025-10-23,2.0
MOTR.L,2017-02-16,1.3299999
MOTR.L,2017-08-03,2.8999999
MOTR.L,2018-02-01,2.0
MOTR.L,2018-08-02,4.6
MOTR.L,2019-02-07,2.5
MOTR.L,2019-08-15,5.0
MOTR.L,2020-02-06,2.6000001
MOTR.L,2025-07-03,1.0
MOTR.L,2025-11-20,1.0
MPAC.L,1993-03-29,9.5
MPAC.L,1993-10-04,4.9
MPAC.L,1994-04-11,10.5
MPAC.L,1994-09-19,5.2999997
MPAC.L,1995-03-27,11.7
MPAC.L,1995-09-18,5.9
MPAC.L,1996-03-25,14.1
MPAC.L,1996-09-16,6.5
MPAC.L,1997-03-24,15.5
MPAC.L,1997-09-15,6.5
MPAC.L,1998-03-30,8.5
MPAC.L,1998-09-14,6.5
MPAC.L,1999-04-12,1.5
MPAC.L,1999-09-20,2.5
MPAC.L,2000-04-10,4.0
MPAC.L,2000-09-18,2.5
MPAC.L,2001-04-11,4.0
MPAC.L,2001-09-19,2.5
MPAC.L,2002-04-10,5.0
MPAC.L,2002-09-18,4.0
MPAC.L,2003-04-02,7.0
MPAC.L,2003-09-17,4.6
MPAC.L,2004-04-07,8.0
MPAC.L,2007-03-14,4.0
MPAC.L,2007-09-12,2.0
MPAC.L,2008-03-12,5.0
MPAC.L,2008-09-10,2.5
MPAC.L,2009-04-15,2.5
MPAC.L,2009-09-09,2.5
MPAC.L,2010-04-21,2.5
MPAC.L,2010-09-15,2.5
MPAC.L,2011-04-20,2.5
MPAC.L,2011-09-14,2.5
MPAC.L,2012-04-18,2.75
MPAC.L,2012-09-19,2.5
MPAC.L,2013-04-17,3.0
MPAC.L,2013-09-18,2.5
MPAC.L,2014-04-16,3.0
MPAC.L,2014-09-17,2.5
MPAC.L,2015-04-23,3.0
MPAC.L,2015-09-17,2.5
MPAC.L,2016-04-14,1.5
MPAC.L,2016-09-15,1.25
MPE.L,1993-06-07,2.0
MPE.L,1994-06-06,2.0
MPE.L,1995-06-19,3.0
MPE.L,1996-06-03,4.0
MPE.L,1997-05-19,4.0
MPE.L,1998-05-18,4.25
MPE.L,1999-05-04,4.25
MPE.L,2000-05-15,4.25
MPE.L,2001-05-09,4.25
MPE.L,2002-05-08,4.25
MPE.L,2003-05-07,4.75
MPE.L,2004-05-12,5.5
MPE.L,2005-05-18,6.0
MPE.L,2005-10-05,2.0
MPE.L,2006-05-17,4.25
MPE.L,2006-09-27,2.0
MPE.L,2007-05-09,4.5
MPE.L,2007-10-03,2.0
MPE.L,2008-05-14,5.0
MPE.L,2008-10-01,2.0
MPE.L,2009-05-20,5.0
MPE.L,2009-10-07,2.0
MPE.L,2010-05-05,5.0
MPE.L,2010-09-29,2.0
MPE.L,2011-04-27,5.5
MPE.L,2011-09-28,2.25
MPE.L,2012-04-25,5.75
MPE.L,2012-09-26,2.25
MPE.L,2013-04-24,5.75
MPE.L,2013-09-25,2.25
MPE.L,2014-04-23,6.0
MPE.L,2014-09-24,2.25
MPE.L,2015-04-23,6.5
MPE.L,2015-09-24,2.25
MPE.L,2016-04-21,6.5
MPE.L,2016-08-04,5.0
MPE.L,2016-10-20,2.25
MPE.L,2017-03-30,10.0
MPE.L,2017-04-20,12.75
MPE.L,2017-10-19,5.0
MPE.L,2018-04-19,12.75
MPE.L,2018-10-18,5.0
MPE.L,2019-04-18,12.75
MPE.L,2019-10-17,5.0
MPE.L,2020-04-23,12.75
MPE.L,2020-10-15,5.0
MPE.L,2021-04-22,17.0
MPE.L,2021-10-14,10.0
MPE.L,2022-01-27,5.0
MPE.L,2022-04-28,25.0
MPE.L,2022-10-13,12.5
MPE.L,2023-04-27,30.000002
MPE.L,2023-10-12,12.5
MPE.L,2024-04-25,32.5
MPE.L,2024-10-10,15.000001
MPE.L,2025-04-24,37.5
MPE.L,2025-10-09,18.0
MPO.L,2011-06-21,10.7577
MPO.L,2014-04-15,21.146
MRC.L,1973-03-12,0.1
MRC.L,1973-09-03,0.044
MRC.L,1974-03-11,0.11699999
MRC.L,1974-08-19,0.044
MRC.L,1975-03-10,0.11699999
MRC.L,1975-08-22,0.044
MRC.L,1976-03-22,0.11699999
MRC.L,1976-08-23,0.030000001
MRC.L,1977-03-28,0.065
MRC.L,1977-08-22,0.035
MRC.L,1978-03-13,0.089999996
MRC.L,1978-08-21,0.035
MRC.L,1979-03-12,0.135
MRC.L,1979-08-13,0.072000004
MRC.L,1980-02-25,0.17999999
MRC.L,1980-09-01,0.072000004
MRC.L,1980-12-08,0.055
MRC.L,1981-03-16,0.125
MRC.L,1981-08-28,0.072000004
MRC.L,1982-03-15,0.188
MRC.L,1982-08-16,0.072000004
MRC.L,1983-03-07,0.20300001
MRC.L,1983-08-15,0.072000004
MRC.L,1984-03-26,0.208
MRC.L,1984-09-03,0.072000004
MRC.L,1985-03-11,0.22799999
MRC.L,1985-09-02,0.125
MRC.L,1986-03-10,0.235
MRC.L,1986-09-01,0.15
MRC.L,1987-03-23,0.225
MRC.L,1987-08-24,0.15
MRC.L,1988-09-05,0.16499999
MRC.L,1989-03-13,0.305
MRC.L,1989-09-04,0.17999999
MRC.L,1990-03-26,0.39
MRC.L,1990-08-20,0.225
MRC.L,1991-03-11,0.415
MRC.L,1991-06-17,0.16
MRC.L,1991-09-16,0.16
MRC.L,1991-12-09,0.16
MRC.L,1992-03-23,0.19
MRC.L,1992-06-15,0.16749999
MRC.L,1992-09-21,0.16749999
MRC.L,1992-12-14,0.16749999
MRC.L,1993-03-15,0.16749999
MRC.L,1993-06-07,0.16749999
MRC.L,1993-09-06,0.16749999
MRC.L,1993-12-13,0.16749999
MRC.L,1994-03-14,0.168
MRC.L,1994-06-20,0.16749999
MRC.L,1994-08-15,0.168
MRC.L,1994-12-12,0.16749999
MRC.L,1995-03-20,0.188
MRC.L,1995-06-12,0.17500001
MRC.L,1995-09-11,0.17500001
MRC.L,1995-12-27,0.17500001
MRC.L,1996-03-25,0.235
MRC.L,1996-07-01,0.19
MRC.L,1996-09-23,0.19
MRC.L,1996-12-09,0.19
MRC.L,1997-04-07,0.3
MRC.L,1997-06-02,0.2
MRC.L,1997-10-06,0.2
MRC.L,1998-01-05,0.2
MRC.L,1998-04-06,0.4
MRC.L,1998-07-06,0.25
MRC.L,1998-09-28,0.25
MRC.L,1999-01-04,0.25
MRC.L,1999-04-06,0.35000002
MRC.L,1999-07-05,0.27
MRC.L,1999-10-11,0.27
MRC.L,2000-01-04,0.27
MRC.L,2000-03-27,0.42
MRC.L,2000-07-10,0.3
MRC.L,2000-09-25,0.3
MRC.L,2000-12-27,0.3
MRC.L,2001-04-04,0.58
MRC.L,2001-07-04,0.35000002
MRC.L,2001-10-01,0.35000002
MRC.L,2001-10-03,0.35000002
MRC.L,2002-01-02,0.35000002
MRC.L,2002-04-03,0.70000005
MRC.L,2002-07-03,0.4
MRC.L,2002-10-02,0.4
MRC.L,2003-01-15,0.4
MRC.L,2003-04-09,0.6
MRC.L,2003-07-02,0.425
MRC.L,2003-10-01,0.425
MRC.L,2004-01-07,0.425
MRC.L,2004-04-07,0.6
MRC.L,2004-07-07,0.425
MRC.L,2004-09-29,0.425
MRC.L,2005-01-05,0.425
MRC.L,2005-04-13,0.70000005
MRC.L,2005-07-13,0.425
MRC.L,2005-10-05,0.425
MRC.L,2006-01-11,0.425
MRC.L,2006-04-12,0.9
MRC.L,2006-07-05,0.45
MRC.L,2006-10-04,0.45
MRC.L,2007-01-10,0.45
MRC.L,2007-04-18,1.15
MRC.L,2007-07-04,0.55
MRC.L,2007-10-03,0.55
MRC.L,2008-01-02,0.55
MRC.L,2008-04-02,2.15
MRC.L,2008-07-02,0.6
MRC.L,2008-10-01,0.6
MRC.L,2008-12-31,0.6
MRC.L,2009-04-01,1.8
MRC.L,2009-07-01,0.6
MRC.L,2009-09-30,0.6
MRC.L,2009-12-30,0.6
MRC.L,2009-12-31,0.6
MRC.L,2010-04-14,1.8
MRC.L,2010-06-30,0.6
MRC.L,2010-09-29,0.6
MRC.L,2011-01-05,0.6
MRC.L,2011-04-13,1.8
MRC.L,2011-07-06,0.6
MRC.L,2011-09-28,0.6
MRC.L,2011-12-28,0.6
MRC.L,2012-04-04,1.8
MRC.L,2012-07-04,0.6
MRC.L,2012-10-03,0.6
MRC.L,2013-01-02,0.6
MRC.L,2013-03-27,1.8
MRC.L,2013-06-26,0.8
MRC.L,2013-10-04,0.8
MRC.L,2013-12-31,0.8
MRC.L,2014-04-02,1.6
MRC.L,2014-06-18,0.8
MRC.L,2014-10-01,0.8
MRC.L,2014-12-29,0.8
MRC.L,2015-04-02,1.7
MRC.L,2015-06-25,1.0
MRC.L,2015-10-01,1.0
MRC.L,2015-12-17,1.0
MRC.L,2016-04-07,1.3000001
MRC.L,2016-06-23,1.025
MRC.L,2016-10-06,1.025
MRC.L,2016-12-15,1.025
MRC.L,2017-04-06,1.525
MRC.L,2017-06-22,1.05
MRC.L,2017-09-28,1.05
MRC.L,2017-12-14,1.05
MRC.L,2018-04-12,2.15
MRC.L,2018-06-21,1.25
MRC.L,2018-09-27,1.25
MRC.L,2018-12-20,1.25
MRC.L,2019-04-04,2.55
MRC.L,2019-06-20,1.35
MRC.L,2019-09-26,1.35
MRC.L,2019-12-19,1.35
MRC.L,2020-04-09,2.55
MRC.L,2020-06-25,1.35
MRC.L,2020-09-24,1.35
MRC.L,2020-12-17,1.35
MRC.L,2021-03-25,2.6499999
MRC.L,2021-06-24,1.35
MRC.L,2021-09-23,1.35
MRC.L,2021-12-23,1.35
MRC.L,2022-03-31,2.85
MRC.L,2022-06-23,1.35
MRC.L,2022-09-29,1.35
MRC.L,2022-12-22,1.35
MRC.L,2023-04-06,3.1
MRC.L,2023-06-22,1.4499999
MRC.L,2023-09-28,1.4499999
MRC.L,2023-12-21,1.4499999
MRC.L,2024-04-11,3.3
MRC.L,2024-06-20,1.5
MRC.L,2024-09-26,1.5
MRC.L,2024-12-19,1.5
MRC.L,2025-04-10,3.4
MRC.L,2025-06-05,1.55
MRC.L,2025-09-25,1.55
MRCH.L,1972-09-18,0.27
MRCH.L,1973-03-12,0.39499998
MRCH.L,1973-08-13,0.305
MRCH.L,1974-03-25,0.48000002
MRCH.L,1974-09-16,0.35000002
MRCH.L,1975-04-07,0.55
MRCH.L,1975-09-22,0.35000002
MRCH.L,1976-03-22,0.625
MRCH.L,1976-09-20,0.4
MRCH.L,1977-03-28,0.74
MRCH.L,1977-09-19,0.5
MRCH.L,1978-04-03,0.8
MRCH.L,1978-09-18,0.625
MRCH.L,1979-04-09,0.875
MRCH.L,1979-09-24,0.75
MRCH.L,1980-03-24,1.125
MRCH.L,1980-09-15,0.875
MRCH.L,1981-03-30,1.2
MRCH.L,1981-09-28,0.875
MRCH.L,1982-03-29,1.2
MRCH.L,1982-09-20,0.875
MRCH.L,1983-04-11,1.408
MRCH.L,1983-09-19,1.0
MRCH.L,1984-04-09,1.42
MRCH.L,1984-09-03,1.3000001
MRCH.L,1985-03-25,1.7
MRCH.L,1985-09-02,1.75
MRCH.L,1986-04-01,2.0
MRCH.L,1986-09-15,2.1
MRCH.L,1987-04-06,2.4
MRCH.L,1987-09-28,2.52
MRCH.L,1988-03-21,2.8799999
MRCH.L,1988-09-19,3.0
MRCH.L,1989-04-03,3.6
MRCH.L,1989-07-03,1.7249999
MRCH.L,1989-10-02,2.025
MRCH.L,1990-01-15,2.1
MRCH.L,1990-03-26,2.145
MRCH.L,1990-07-09,2.25
MRCH.L,1990-09-24,2.25
MRCH.L,1991-01-28,2.25
MRCH.L,1991-04-02,2.25
MRCH.L,1991-05-20,2.5
MRCH.L,1991-09-30,2.5
MRCH.L,1992-01-27,2.5
MRCH.L,1992-04-06,2.5
MRCH.L,1992-07-13,2.6499999
MRCH.L,1992-10-05,2.6499999
MRCH.L,1993-01-18,2.6499999
MRCH.L,1993-03-29,2.6499999
MRCH.L,1993-07-19,2.6499999
MRCH.L,1993-10-04,2.6499999
MRCH.L,1994-01-17,2.85
MRCH.L,1994-04-11,2.85
MRCH.L,1994-07-18,2.85
MRCH.L,1994-10-03,2.85
MRCH.L,1995-01-16,2.85
MRCH.L,1995-04-03,2.95
MRCH.L,1995-07-17,3.0
MRCH.L,1995-10-09,3.0
MRCH.L,1996-01-22,3.0
MRCH.L,1996-04-09,3.25
MRCH.L,1996-07-15,3.25
MRCH.L,1996-10-07,3.25
MRCH.L,1997-01-20,3.25
MRCH.L,1997-04-14,3.9
MRCH.L,1997-06-02,2.35
MRCH.L,1997-10-13,4.65
MRCH.L,1998-01-19,3.5
MRCH.L,1998-03-24,3.7500002
MRCH.L,1998-04-20,3.7500002
MRCH.L,1998-07-20,3.7500002
MRCH.L,1998-09-28,3.7500002
MRCH.L,1999-01-18,4.34
MRCH.L,1999-04-19,3.7500002
MRCH.L,1999-07-19,3.9500003
MRCH.L,1999-10-04,3.9500003
MRCH.L,2000-01-17,4.05
MRCH.L,2000-04-10,4.05
MRCH.L,2000-07-10,4.1
MRCH.L,2000-10-02,4.1
MRCH.L,2001-01-15,4.1
MRCH.L,2001-04-18,4.1
MRCH.L,2001-07-11,4.2
MRCH.L,2001-10-10,4.2
MRCH.L,2002-01-16,4.2
MRCH.L,2002-04-10,4.2
MRCH.L,2002-07-10,4.3
MRCH.L,2002-10-09,4.3
MRCH.L,2003-01-22,4.3
MRCH.L,2003-04-16,4.3
MRCH.L,2003-04-18,4.3
MRCH.L,2003-07-23,4.3
MRCH.L,2003-10-08,4.3
MRCH.L,2004-01-21,4.5
MRCH.L,2004-03-17,4.5
MRCH.L,2004-07-21,4.5
MRCH.L,2004-10-06,4.5
MRCH.L,2005-01-19,4.5
MRCH.L,2005-04-13,4.5
MRCH.L,2005-07-20,4.6
MRCH.L,2005-10-05,4.7
MRCH.L,2006-01-25,4.8
MRCH.L,2006-04-05,4.8
MRCH.L,2006-07-19,4.9
MRCH.L,2006-10-11,4.9
MRCH.L,2007-01-24,5.1
MRCH.L,2007-04-11,5.1
MRCH.L,2007-07-18,5.4
MRCH.L,2007-10-17,5.4
MRCH.L,2008-01-23,5.4
MRCH.L,2008-04-09,5.4
MRCH.L,2008-07-16,5.5
MRCH.L,2008-10-08,5.6000004
MRCH.L,2009-01-21,5.6000004
MRCH.L,2009-04-15,6.1
MRCH.L,2009-07-15,5.6000004
MRCH.L,2009-10-07,5.6000004
MRCH.L,2010-01-20,5.6000004
MRCH.L,2010-04-14,5.7
MRCH.L,2010-07-21,5.7
MRCH.L,2010-10-06,5.7
MRCH.L,2011-01-19,5.7
MRCH.L,2011-04-13,5.7
MRCH.L,2011-07-13,5.7
MRCH.L,2011-10-05,5.7
MRCH.L,2012-01-25,5.7999997
MRCH.L,2012-04-11,5.7999997
MRCH.L,2012-07-11,5.7999997
MRCH.L,2012-10-03,5.7999997
MRCH.L,2013-01-30,5.7999997
MRCH.L,2013-04-10,5.7999997
MRCH.L,2013-07-10,5.9
MRCH.L,2013-10-09,5.9
MRCH.L,2014-01-29,5.9
MRCH.L,2014-04-23,5.9
MRCH.L,2014-07-09,5.9
MRCH.L,2014-10-09,5.9
MRCH.L,2015-01-29,6.0
MRCH.L,2015-04-23,6.0
MRCH.L,2015-07-16,6.0
MRCH.L,2015-10-08,6.0
MRCH.L,2016-01-28,6.0
MRCH.L,2016-04-21,6.0
MRCH.L,2016-07-14,6.0
MRCH.L,2016-10-06,6.0
MRCH.L,2017-01-26,6.1
MRCH.L,2017-04-20,6.1
MRCH.L,2017-07-13,6.1
MRCH.L,2017-10-05,6.2
MRCH.L,2018-01-25,6.2
MRCH.L,2018-04-19,6.3
MRCH.L,2018-07-12,6.4
MRCH.L,2018-10-04,6.5
MRCH.L,2019-01-31,6.5
MRCH.L,2019-04-11,6.6
MRCH.L,2019-07-11,6.7000003
MRCH.L,2019-10-03,6.8
MRCH.L,2020-01-30,6.8
MRCH.L,2020-04-23,6.8
MRCH.L,2020-07-09,6.8
MRCH.L,2020-10-08,6.8
MRCH.L,2021-02-04,6.8
MRCH.L,2021-04-22,6.8
MRCH.L,2021-07-15,6.8
MRCH.L,2021-10-07,6.8
MRCH.L,2022-02-03,6.85
MRCH.L,2022-04-14,6.85
MRCH.L,2022-07-14,6.85
MRCH.L,2022-10-06,6.85
MRCH.L,2023-02-02,6.8999996
MRCH.L,2023-04-20,7.0
MRCH.L,2023-07-06,7.1000004
MRCH.L,2023-10-05,7.1000004
MRCH.L,2024-02-01,7.1000004
MRCH.L,2024-04-18,7.1000004
MRCH.L,2024-07-11,7.2
MRCH.L,2024-10-10,7.2999997
MRCH.L,2025-02-06,7.2999997
MRCH.L,2025-04-17,7.2999997
MRCH.L,2025-07-10,7.2999997
MRCH.L,2025-10-09,7.2999997
MRK.L,2022-07-14,0.66999996
MRK.L,2022-12-01,0.3
MRK.L,2023-07-13,0.65999997
MRK.L,2023-11-30,0.3
MRK.L,2024-07-11,0.65999997
MRK.L,2024-11-28,0.3
MRK.L,2025-07-10,0.65999997
MRO.L,2006-04-19,23.820799
MRO.L,2006-10-18,17.8656
MRO.L,2007-04-18,29.776001
MRO.L,2007-10-17,9.9253
MRO.L,2008-03-12,16.8731
MRO.L,2008-10-15,10.9179
MRO.L,2009-04-15,16.8731
MRO.L,2009-10-14,11.5134
MRO.L,2010-03-17,19.0566
MRO.L,2010-09-08,15.8805
MRO.L,2011-04-13,27.790901
MRO.L,2011-09-07,14.3492
MRO.L,2012-04-04,26.2029
MRO.L,2012-09-19,14.256801
MRO.L,2013-04-17,27.4169
MRO.L,2013-09-18,15.0793
MRO.L,2014-04-16,23.1989
MRO.L,2014-09-17,12.9914
MRO.L,2015-04-16,22.8344
MRO.L,2015-08-06,12.063399
MRO.L,2016-04-07,1.6336
MRO.L,2016-08-04,0.8796
MRO.L,2017-04-06,6.3332996
MRO.L,2017-09-07,4.6667
MRO.L,2018-04-05,9.3333
MRO.L,2018-09-13,5.1667
MRO.L,2019-04-04,10.1667
MRO.L,2019-09-12,5.6667
MRO.L,2021-04-01,2.5
MRO.L,2021-08-31,45.0
MRO.L,2021-09-09,2.25
MRO.L,2022-04-07,3.0
MRO.L,2022-09-15,2.475
MRO.L,2023-03-09,4.5
MRO.L,2023-09-14,1.5
MRO.L,2024-03-28,3.5
MRO.L,2024-08-08,2.0
MRO.L,2025-03-27,4.0
MRO.L,2025-08-14,2.4
MRV.L,2001-05-22,1.7
MRV.L,2002-05-22,1.7
MRV.L,2003-05-21,0.8
MRV.L,2004-05-19,0.25
MRV.L,2005-06-01,0.5
MRV.L,2008-09-24,0.5
MRV.L,2011-06-22,2.0
MRV.L,2011-09-21,1.0
MRV.L,2012-06-20,3.13
MRV.L,2012-10-03,2.5
MRV.L,2013-06-19,3.5
MRV.L,2013-10-02,2.75
MRV.L,2014-07-02,4.0
MRV.L,2014-10-09,2.75
MRV.L,2015-06-18,3.5
MRV.L,2015-10-08,2.75
MRV.L,2016-06-16,3.5
MRV.L,2016-10-13,2.75
MRV.L,2017-06-15,4.25
MRV.L,2017-10-19,3.25
MRV.L,2018-06-21,5.25
MRV.L,2018-10-18,3.5
MRV.L,2019-06-20,4.0
MRV.L,2019-10-17,3.5
MRV.L,2020-06-18,4.25
MRV.L,2020-10-22,3.5
MRV.L,2021-06-17,7.0
MRV.L,2021-10-21,4.5
MRV.L,2022-06-16,4.5
MRV.L,2022-10-20,3.5
MRV.L,2023-06-15,3.5
MRV.L,2023-10-19,2.5
MRV.L,2023-12-07,2.5
MRV.L,2024-05-16,10.0
MRV.L,2024-09-26,2.5
MRV.L,2024-12-19,4.0
MRV.L,2025-05-01,10.0
MRV.L,2025-10-16,5.0
MSI.L,1993-01-04,1.0
MSI.L,1993-08-02,1.5
MSI.L,1994-01-04,1.0
MSI.L,1994-08-01,1.5
MSI.L,1995-08-07,0.5
MSI.L,1996-01-02,0.1
MSI.L,1996-08-05,0.5
MSI.L,1996-12-30,0.1
MSI.L,1997-09-01,0.5
MSI.L,1997-12-29,0.1
MSI.L,1998-08-03,0.65000004
MSI.L,1998-12-29,0.25
MSI.L,1999-08-02,0.75
MSI.L,1999-12-29,0.3
MSI.L,2000-08-07,0.9
MSI.L,2001-01-02,0.32999998
MSI.L,2001-08-08,1.0
MSI.L,2002-01-02,0.38
MSI.L,2002-08-07,1.17
MSI.L,2003-01-03,0.4
MSI.L,2003-08-06,1.2
MSI.L,2003-12-31,0.42
MSI.L,2004-08-04,1.3299999
MSI.L,2005-01-05,0.5
MSI.L,2005-08-03,1.65
MSI.L,2006-01-04,0.58
MSI.L,2006-08-02,2.2
MSI.L,2007-01-03,0.6
MSI.L,2007-08-01,3.0
MSI.L,2008-01-02,0.70000005
MSI.L,2008-07-30,3.8
MSI.L,2008-12-31,0.70000005
MSI.L,2009-07-01,3.8
MSI.L,2009-12-30,0.70000005
MSI.L,2010-03-10,3.8
MSI.L,2011-01-05,1.0
MSI.L,2011-06-29,5.5
MSI.L,2012-01-04,1.5
MSI.L,2012-07-18,6.5
MSI.L,2012-11-28,1.5
MSI.L,2013-07-03,6.5
MSI.L,2013-12-11,1.5
MSI.L,2014-06-25,6.5
MSI.L,2014-12-04,1.5
MSI.L,2015-06-25,6.5
MSI.L,2015-12-10,1.5
MSI.L,2016-06-23,6.5
MSI.L,2016-12-01,1.5
MSI.L,2017-06-22,6.5
MSI.L,2017-12-07,1.75
MSI.L,2018-06-21,6.5
MSI.L,2018-12-13,1.75
MSI.L,2019-06-20,6.5
MSI.L,2019-12-19,1.75
MSI.L,2020-07-16,1.75
MSI.L,2020-12-24,1.75
MSI.L,2021-07-15,6.5
MSI.L,2021-12-16,1.75
MSI.L,2022-07-14,7.5000005
MSI.L,2022-12-15,2.0
MSI.L,2023-07-06,13.0
MSI.L,2023-12-21,3.0
MSI.L,2024-07-11,16.5
MSI.L,2024-12-19,5.0
MSI.L,2025-07-17,18.0
MSLH.L,1992-11-16,1.3165
MSLH.L,1993-07-19,2.8962998
MSLH.L,1994-01-04,1.3165
MSLH.L,1994-07-04,3.1595
MSLH.L,1995-01-23,1.5798
MSLH.L,1995-06-19,3.6860998
MSLH.L,1996-01-29,1.5798
MSLH.L,1996-06-24,3.8968
MSLH.L,1996-12-16,1.5798
MSLH.L,1997-06-16,3.8968
MSLH.L,1998-01-05,1.5798
MSLH.L,1998-05-26,2.633
MSLH.L,1998-09-07,2.4538999
MSLH.L,1999-05-24,4.9184
MSLH.L,1999-09-20,2.812
MSLH.L,2000-05-22,5.6134996
MSLH.L,2000-09-11,3.1595
MSLH.L,2001-06-06,6.3190994
MSLH.L,2001-10-31,3.3174999
MSLH.L,2002-05-29,6.6877
MSLH.L,2002-10-30,3.4754999
MSLH.L,2003-06-04,7.0563
MSLH.L,2003-11-05,3.8440998
MSLH.L,2004-06-02,7.7409
MSLH.L,2004-11-03,3.4754999
MSLH.L,2005-06-08,7.1292
MSLH.L,2005-11-02,3.6536999
MSLH.L,2006-06-07,7.4856997
MSLH.L,2006-11-01,3.832
MSLH.L,2007-06-06,7.8867
MSLH.L,2007-10-31,4.0548
MSLH.L,2008-06-04,8.287701
MSLH.L,2008-10-29,4.0548
MSLH.L,2009-06-03,1.4499999
MSLH.L,2009-10-28,1.75
MSLH.L,2010-06-02,3.5
MSLH.L,2010-10-27,1.75
MSLH.L,2011-06-08,3.5
MSLH.L,2011-10-26,1.75
MSLH.L,2012-06-06,3.5
MSLH.L,2012-10-24,1.75
MSLH.L,2013-06-05,3.5
MSLH.L,2013-10-23,1.75
MSLH.L,2014-06-04,3.5
MSLH.L,2014-10-23,2.0
MSLH.L,2015-06-04,4.0
MSLH.L,2015-10-22,2.25
MSLH.L,2016-06-02,6.7500005
MSLH.L,2016-10-20,2.8999999
MSLH.L,2017-06-15,8.8
MSLH.L,2017-10-19,3.4
MSLH.L,2018-06-07,10.8
MSLH.L,2018-10-18,4.0
MSLH.L,2019-06-06,12.0
MSLH.L,2019-10-17,4.7
MSLH.L,2021-06-03,4.3
MSLH.L,2021-10-21,4.7
MSLH.L,2022-06-09,9.6
MSLH.L,2022-10-20,5.7
MSLH.L,2023-06-01,9.9
MSLH.L,2023-10-19,2.6000001
MSLH.L,2024-06-06,5.7
MSLH.L,2024-10-24,2.6000001
MSLH.L,2025-06-05,5.4
MSLH.L,2025-10-23,2.2
MTC.L,1993-01-04,41.0003
MTC.L,1993-07-05,8.2001
MTC.L,1994-01-04,8.2001
MTC.L,1994-07-04,9.8401
MTC.L,1994-12-19,8.8561
MTC.L,1995-07-03,11.808101
MTC.L,1995-12-11,9.8401
MTC.L,1996-06-03,13.7761
MTC.L,1996-12-16,10.8241
MTC.L,1997-06-02,15.744101
MTC.L,1997-12-01,11.808101
MTC.L,1998-06-15,17.7121
MTC.L,1999-01-04,12.1361
MTC.L,1999-06-14,17.7121
MTC.L,2001-06-27,0.984
MTC.L,2002-01-09,0.656
MTC.L,2002-06-26,0.984
MTC.L,2004-06-16,2.624
MTC.L,2005-01-05,1.7712001
MTC.L,2005-06-15,3.4768
MTC.L,2006-01-04,1.8696
MTC.L,2006-06-14,4.0344
MTC.L,2007-01-03,2.1648002
MTC.L,2007-06-06,4.3952
MTC.L,2008-01-02,2.4272
MTC.L,2008-06-04,5.4448
MTC.L,2008-12-31,3.0176
MTC.L,2009-06-03,6.4944997
MTC.L,2010-01-06,3.6079998
MTC.L,2010-06-02,7.4129
MTC.L,2011-01-05,4.1984
MTC.L,2011-06-01,7.8065
MTC.L,2012-01-04,1.312
MTE.L,1994-05-16,0.17999999
MTE.L,1994-11-21,0.1
MTE.L,1995-05-22,0.17999999
MTE.L,1995-12-04,0.1
MTE.L,1996-06-03,0.19
MTE.L,1996-12-02,0.1
MTE.L,1997-06-09,0.19
MTE.L,1997-12-08,0.1
MTE.L,1998-06-08,0.19
MTE.L,1998-11-30,0.1
MTE.L,1999-03-08,0.25
MTE.L,1999-11-29,0.1
MTE.L,2000-05-15,0.275
MTE.L,2000-11-27,0.1
MTE.L,2001-05-16,0.3
MTE.L,2001-12-05,0.1
MTE.L,2002-06-05,0.3
MTE.L,2002-12-04,0.1
MTE.L,2003-06-04,0.3
MTE.L,2003-12-10,0.1
MTE.L,2004-06-02,0.3
MTE.L,2004-12-08,0.1
MTE.L,2005-06-01,0.3
MTE.L,2005-12-07,0.17500001
MTE.L,2006-06-07,0.225
MTE.L,2006-12-06,0.17500001
MTE.L,2007-06-06,0.225
MTE.L,2007-12-12,0.17500001
MTE.L,2008-06-25,0.225
MTE.L,2008-12-10,0.28
MTE.L,2009-06-24,0.453
MTE.L,2009-12-09,0.17500001
MTE.L,2010-03-03,0.275
MTE.L,2010-12-08,0.17500001
MTE.L,2011-06-29,0.275
MTE.L,2011-06-30,0.275
MTE.L,2011-12-07,0.17500001
MTE.L,2012-06-27,0.375
MTE.L,2012-12-12,0.17500001
MTE.L,2013-06-26,0.5
MTE.L,2013-12-11,0.17500001
MTE.L,2014-06-25,0.525
MTE.L,2014-12-11,0.17500001
MTE.L,2015-06-25,0.575
MTE.L,2015-12-10,0.17500001
MTE.L,2016-06-23,0.575
MTE.L,2016-12-08,0.17500001
MTE.L,2017-06-22,0.65000004
MTE.L,2017-12-07,0.17500001
MTE.L,2018-07-12,0.675
MTE.L,2018-12-06,0.17500001
MTE.L,2019-08-15,0.72499996
MTE.L,2019-12-05,0.2
MTE.L,2020-08-13,0.72499996
MTE.L,2020-12-03,0.2
MTE.L,2021-08-12,0.72499996
MTE.L,2021-12-02,0.2
MTE.L,2022-08-11,0.72499996
MTE.L,2022-12-01,0.2
MTE.L,2023-08-17,0.77
MTE.L,2023-12-21,0.225
MTE.L,2024-08-15,0.9
MTE.L,2024-12-19,0.3
MTE.L,2025-06-26,0.96000004
MTE.L,2025-12-04,0.4
MTO.L,1993-02-15,0.0387
MTO.L,1993-08-16,0.051500004
MTO.L,1994-02-28,0.051500004
MTO.L,1994-08-22,0.0644
MTO.L,1995-01-30,0.067
MTO.L,1995-08-29,0.0876
MTO.L,1996-03-04,0.0928
MTO.L,1996-09-09,0.113400005
MTO.L,1997-03-03,0.116
MTO.L,1997-09-08,0.1417
MTO.L,1998-03-09,0.1417
MTO.L,1998-09-07,0.1804
MTO.L,1999-03-08,0.1804
MTO.L,1999-09-06,0.23189999
MTO.L,2000-03-06,0.23189999
MTO.L,2000-09-04,0.2835
MTO.L,2001-03-07,0.2835
MTO.L,2001-09-05,0.3608
MTO.L,2002-03-06,0.3608
MTO.L,2002-09-04,0.46390003
MTO.L,2003-03-05,0.4123
MTO.L,2003-09-03,0.567
MTO.L,2004-03-03,0.567
MTO.L,2004-09-01,0.7216
MTO.L,2005-03-09,0.8247
MTO.L,2005-08-31,0.92780006
MTO.L,2006-03-08,0.9793
MTO.L,2006-09-06,1.237
MTO.L,2007-03-07,1.237
MTO.L,2007-07-04,1.3916
MTO.L,2008-01-09,1.4432
MTO.L,2008-07-02,1.6494
MTO.L,2009-01-07,1.7009
MTO.L,2009-07-08,1.8555
MTO.L,2009-12-16,1.9071
MTO.L,2010-06-23,2.1132
MTO.L,2010-12-15,2.1132
MTO.L,2011-06-22,2.5256
MTO.L,2011-12-14,2.2679
MTO.L,2012-06-20,2.6801999
MTO.L,2012-12-12,2.3709
MTO.L,2013-06-26,2.9379
MTO.L,2013-12-18,2.5256
MTO.L,2014-06-25,3.1441
MTO.L,2014-12-18,2.6801999
MTO.L,2015-06-25,3.3502002
MTO.L,2015-12-17,2.7833
MTO.L,2016-06-23,3.4533002
MTO.L,2016-12-15,2.0617
MTO.L,2017-12-21,0.68549997
MTO.L,2018-06-21,1.3762
MTO.L,2018-12-20,0.68549997
MTO.L,2019-06-27,1.3762
MTO.L,2019-12-19,0.68549997
MTO.L,2021-12-16,0.4
MTO.L,2022-06-23,1.4000001
MTO.L,2022-12-15,0.70000005
MTO.L,2023-06-22,2.2
MTO.L,2023-12-14,1.0
MTO.L,2024-06-20,3.0
MTO.L,2024-12-19,1.3000001
MTO.L,2025-06-19,3.0
MTU.L,1996-05-13,0.3
MTU.L,1997-05-19,0.17999999
MTU.L,1998-05-18,0.120000005
MTU.L,1999-06-01,0.120000005
MTU.L,2000-06-05,0.060000002
MTU.L,2001-06-13,0.060000002
MTU.L,2002-06-05,0.37
MTU.L,2003-06-04,0.49800003
MTU.L,2004-05-26,0.57
MTU.L,2005-06-08,0.57
MTU.L,2006-06-07,0.46
MTU.L,2007-06-13,0.53
MTU.L,2008-06-11,0.73
MTU.L,2009-06-24,1.37
MTU.L,2009-12-02,0.6
MTU.L,2010-06-30,0.64
MTU.L,2011-06-29,1.352
MTU.L,2011-06-30,1.352
MTU.L,2012-06-27,1.352
MTU.L,2013-06-26,1.352
MTU.L,2014-07-02,1.5
MTU.L,2015-07-02,1.78
MTU.L,2016-06-30,2.0
MTU.L,2017-07-06,2.1
MTU.L,2018-06-28,2.2
MTU.L,2018-11-01,1.43
MTU.L,2019-01-31,1.17
MTU.L,2019-04-25,1.2900001
MTU.L,2019-07-25,1.3199999
MTU.L,2019-10-24,1.3100001
MTU.L,2020-02-06,1.54
MTU.L,2020-04-23,1.14
MTU.L,2020-07-23,1.26
MTU.L,2020-10-22,1.3100001
MTU.L,2021-01-28,1.46
MTU.L,2021-04-22,1.49
MTU.L,2021-07-22,1.65
MTU.L,2021-10-21,1.73
MTU.L,2022-02-10,1.7
MTU.L,2022-04-21,1.36
MTU.L,2022-07-21,1.15
MTU.L,2022-10-20,1.04
MTU.L,2023-01-19,1.1800001
MTU.L,2023-04-20,1.15
MTU.L,2023-07-20,1.13
MTU.L,2023-10-19,1.1
MTU.L,2024-01-18,1.1800001
MTU.L,2024-04-18,1.19
MTU.L,2024-07-18,1.24
MTU.L,2024-10-17,1.22
MTU.L,2025-01-16,1.78
MTU.L,2025-04-17,1.5900002
MTU.L,2025-07-17,1.74
MTU.L,2025-10-16,1.67
MTVW.L,1993-02-01,8.0
MTVW.L,1993-06-21,12.0
MTVW.L,1994-01-31,10.0
MTVW.L,1994-06-20,12.0
MTVW.L,1995-01-30,12.0
MTVW.L,1995-06-19,15.000001
MTVW.L,1996-02-05,12.0
MTVW.L,1996-06-24,15.000001
MTVW.L,1997-02-03,12.0
MTVW.L,1997-06-23,30.000002
MTVW.L,1998-02-09,12.0
MTVW.L,1998-06-22,36.0
MTVW.L,1999-02-08,12.0
MTVW.L,1999-07-12,36.0
MTVW.L,2000-02-07,24.0
MTVW.L,2000-07-10,48.0
MTVW.L,2001-02-21,30.000002
MTVW.L,2001-07-18,48.0
MTVW.L,2002-02-20,36.0
MTVW.L,2002-07-17,48.0
MTVW.L,2003-02-26,40.0
MTVW.L,2003-07-16,52.0
MTVW.L,2004-02-25,44.0
MTVW.L,2004-07-14,78.0
MTVW.L,2005-02-23,44.0
MTVW.L,2005-07-20,82.0
MTVW.L,2006-03-01,44.0
MTVW.L,2006-07-19,86.0
MTVW.L,2007-02-21,50.0
MTVW.L,2007-07-18,100.0
MTVW.L,2008-02-27,50.0
MTVW.L,2008-07-16,104.99999
MTVW.L,2009-02-25,50.0
MTVW.L,2009-07-15,104.99999
MTVW.L,2010-02-24,50.0
MTVW.L,2010-07-14,115.0
MTVW.L,2011-02-23,50.0
MTVW.L,2011-07-13,115.0
MTVW.L,2012-02-22,50.0
MTVW.L,2012-07-18,115.0
MTVW.L,2013-02-20,50.0
MTVW.L,2013-07-17,125.0
MTVW.L,2014-02-19,50.0
MTVW.L,2014-07-16,150.0
MTVW.L,2015-02-19,100.0
MTVW.L,2015-07-23,175.0
MTVW.L,2016-02-18,200.0
MTVW.L,2016-07-14,100.0
MTVW.L,2017-02-16,200.0
MTVW.L,2017-07-13,100.0
MTVW.L,2018-02-15,200.0
MTVW.L,2018-07-05,200.0
MTVW.L,2019-02-14,200.0
MTVW.L,2019-07-04,200.0
MTVW.L,2020-02-20,200.0
MTVW.L,2020-07-09,200.0
MTVW.L,2021-02-18,200.0
MTVW.L,2021-07-08,225.0
MTVW.L,2022-02-17,500.0
MTVW.L,2022-07-07,250.0
MTVW.L,2023-02-16,500.0
MTVW.L,2023-07-06,250.0
MTVW.L,2024-02-15,250.0
MTVW.L,2024-07-11,275.0
MTVW.L,2025-02-20,250.0
MTVW.L,2025-07-10,275.0
MUL.L,1996-12-16,0.6586
MUL.L,1997-08-11,0.6586
MUL.L,1998-01-26,0.6586
MUL.L,1998-10-05,0.6586
MUL.L,2006-07-19,1.0
MUL.L,2007-07-18,1.5
MUL.L,2008-07-16,2.0
MUL.L,2009-07-22,2.0
MUL.L,2010-07-21,2.2
MUL.L,2011-07-20,4.0
MUL.L,2012-08-15,5.0
MUL.L,2013-08-14,5.0
MUL.L,2014-08-13,5.0
MUL.L,2015-10-29,5.0
MUL.L,2016-10-27,5.0
MUL.L,2017-10-26,5.0
MUL.L,2018-10-25,5.0
MUL.L,2019-10-24,5.0
MUL.L,2022-10-27,3.0
MUL.L,2023-10-26,1.0
MUT.L,1972-12-11,0.169
MUT.L,1973-08-13,0.302
MUT.L,1973-12-10,0.19600001
MUT.L,1974-08-19,0.35099998
MUT.L,1974-12-09,0.22199999
MUT.L,1975-08-22,0.356
MUT.L,1975-12-12,0.22199999
MUT.L,1976-08-23,0.4
MUT.L,1976-12-13,0.22199999
MUT.L,1977-08-22,0.489
MUT.L,1977-12-12,0.26700002
MUT.L,1978-08-21,0.556
MUT.L,1978-12-11,0.311
MUT.L,1979-08-28,0.622
MUT.L,1979-12-10,0.333
MUT.L,1980-09-01,0.86700004
MUT.L,1980-12-08,0.667
MUT.L,1981-08-28,1.0
MUT.L,1981-12-07,1.0
MUT.L,1982-08-16,1.8
MUT.L,1982-12-13,1.3330001
MUT.L,1983-08-15,2.35
MUT.L,1983-12-12,1.6
MUT.L,1984-09-03,2.8000002
MUT.L,1984-12-10,1.7
MUT.L,1985-09-02,3.3
MUT.L,1985-12-09,1.8
MUT.L,1986-09-01,3.6
MUT.L,1986-12-24,2.0
MUT.L,1987-09-14,4.2
MUT.L,1987-12-07,2.5
MUT.L,1988-09-05,4.6
MUT.L,1988-12-12,3.5
MUT.L,1989-09-18,4.7
MUT.L,1989-12-11,1.88
MUT.L,1990-02-26,1.88
MUT.L,1990-06-11,1.88
MUT.L,1990-09-10,3.36
MUT.L,1990-12-10,2.1
MUT.L,1991-03-11,2.1
MUT.L,1991-06-03,2.1
MUT.L,1991-09-16,3.6
MUT.L,1991-12-09,2.1
MUT.L,1992-03-09,2.2
MUT.L,1992-06-01,2.2
MUT.L,1992-09-07,4.0
MUT.L,1992-12-14,2.25
MUT.L,1993-03-01,2.25
MUT.L,1993-06-07,2.25
MUT.L,1993-09-06,4.1499996
MUT.L,1993-12-13,2.33
MUT.L,1994-02-28,2.33
MUT.L,1994-06-06,2.34
MUT.L,1994-09-05,4.3
MUT.L,1994-12-23,2.42
MUT.L,1994-12-27,2.42
MUT.L,1995-02-27,2.42
MUT.L,1995-06-05,7.2599998
MUT.L,1995-06-28,2.42
MUT.L,1995-09-11,4.7400002
MUT.L,1995-12-18,2.7
MUT.L,1996-03-04,8.1
MUT.L,1996-06-10,2.7
MUT.L,1996-09-16,5.1
MUT.L,1997-02-27,8.55
MUT.L,1997-03-03,2.85
MUT.L,1997-09-22,5.35
MUT.L,1998-03-16,9.0
MUT.L,1998-09-21,5.6000004
MUT.L,1999-03-15,3.9
MUT.L,1999-03-19,0.75
MUT.L,1999-06-14,3.15
MUT.L,1999-09-27,5.9
MUT.L,1999-12-13,3.15
MUT.L,2000-03-13,3.15
MUT.L,2000-06-12,3.15
MUT.L,2000-10-02,6.3
MUT.L,2000-12-11,3.15
MUT.L,2001-03-14,3.15
MUT.L,2001-06-13,3.15
MUT.L,2001-10-03,6.7500005
MUT.L,2001-12-19,3.15
MUT.L,2002-03-20,3.15
MUT.L,2002-06-19,3.15
MUT.L,2002-10-02,7.5499997
MUT.L,2002-12-18,4.25
MUT.L,2002-12-20,4.25
MUT.L,2003-03-19,4.25
MUT.L,2003-06-18,4.5
MUT.L,2003-10-01,4.75
MUT.L,2003-12-17,4.5
MUT.L,2004-03-10,4.5
MUT.L,2004-06-16,4.5
MUT.L,2004-09-29,4.75
MUT.L,2004-12-15,4.5
MUT.L,2005-03-16,4.5
MUT.L,2005-06-15,4.5
MUT.L,2005-09-28,5.65
MUT.L,2005-12-14,4.7
MUT.L,2006-03-15,4.7
MUT.L,2006-06-14,4.7
MUT.L,2006-09-27,7.5000005
MUT.L,2006-12-13,5.0
MUT.L,2007-03-14,5.0
MUT.L,2007-06-13,5.0
MUT.L,2007-09-26,9.25
MUT.L,2007-12-12,5.25
MUT.L,2008-03-12,5.25
MUT.L,2008-06-11,5.25
MUT.L,2008-10-01,11.25
MUT.L,2008-12-15,5.5
MUT.L,2008-12-17,5.5
MUT.L,2009-03-09,5.5
MUT.L,2009-03-11,5.5
MUT.L,2009-06-10,5.5
MUT.L,2009-09-23,11.25
MUT.L,2009-12-16,5.5
MUT.L,2010-03-03,5.5
MUT.L,2010-06-09,5.5
MUT.L,2010-09-22,11.5
MUT.L,2010-12-15,5.5
MUT.L,2011-03-09,5.5
MUT.L,2011-06-08,5.5
MUT.L,2011-09-21,12.25
MUT.L,2011-12-14,5.5
MUT.L,2012-03-07,5.5
MUT.L,2012-06-06,5.5
MUT.L,2012-09-26,13.249999
MUT.L,2012-12-19,7.0
MUT.L,2013-03-06,7.0
MUT.L,2013-06-05,7.0
MUT.L,2013-09-25,9.75
MUT.L,2013-12-18,7.0
MUT.L,2014-03-05,7.0
MUT.L,2014-06-04,7.0
MUT.L,2014-09-24,10.25
MUT.L,2014-12-18,7.0
MUT.L,2015-03-05,7.0
MUT.L,2015-06-04,7.0
MUT.L,2015-09-24,11.0
MUT.L,2015-12-17,7.0
MUT.L,2016-03-03,7.0
MUT.L,2016-06-02,7.0
MUT.L,2016-09-29,11.25
MUT.L,2016-12-15,7.0
MUT.L,2017-03-02,7.0
MUT.L,2017-06-01,7.0
MUT.L,2017-09-28,11.75
MUT.L,2017-12-14,8.0
MUT.L,2018-03-01,8.0
MUT.L,2018-05-31,8.0
MUT.L,2018-09-27,9.25
MUT.L,2018-12-13,8.0
MUT.L,2019-02-28,8.0
MUT.L,2019-05-30,8.0
MUT.L,2019-09-26,10.0
MUT.L,2019-11-21,8.25
MUT.L,2020-02-20,8.25
MUT.L,2020-05-21,8.25
MUT.L,2020-08-20,9.5
MUT.L,2020-10-29,12.549999
MUT.L,2021-02-18,3.9500003
MUT.L,2021-05-20,8.25
MUT.L,2021-08-19,9.75
MUT.L,2021-11-25,8.25
MUT.L,2022-02-17,8.25
MUT.L,2022-05-19,8.25
MUT.L,2022-08-18,11.25
MUT.L,2022-11-17,8.25
MUT.L,2023-02-16,8.25
MUT.L,2023-05-18,8.25
MUT.L,2023-08-17,12.75
MUT.L,2023-11-16,9.5
MUT.L,2024-02-15,9.5
MUT.L,2024-05-16,9.5
MUT.L,2024-08-15,10.0
MUT.L,2024-11-14,9.5
MUT.L,2025-02-13,9.5
MUT.L,2025-05-15,9.5
MUT.L,2025-08-14,11.5
MUT.L,2025-11-13,9.5
MVCT.L,1998-11-30,0.8
MVCT.L,1999-03-22,1.6
MVCT.L,1999-10-08,1.5
MVCT.L,2000-06-05,1.0
MVCT.L,2000-10-09,10.0
MVCT.L,2001-05-16,2.0
MVCT.L,2001-09-12,1.5
MVCT.L,2002-04-03,2.0
MVCT.L,2002-09-11,1.5
MVCT.L,2003-04-09,2.0
MVCT.L,2003-10-08,1.0
MVCT.L,2004-05-12,1.0
MVCT.L,2004-10-06,1.0
MVCT.L,2005-05-18,2.0
MVCT.L,2007-04-25,3.5
MVCT.L,2008-05-07,3.5
MVCT.L,2008-09-10,1.5
MVCT.L,2009-05-13,1.0
MVCT.L,2009-09-16,0.25
MVCT.L,2010-05-26,2.0
MVCT.L,2010-09-15,2.0
MVCT.L,2011-06-01,2.0
MVCT.L,2011-11-02,2.0
MVCT.L,2012-05-23,2.0
MVCT.L,2012-11-07,2.0
MVCT.L,2013-05-22,2.0
MVCT.L,2013-11-06,2.0
MVCT.L,2014-05-28,2.0
MVCT.L,2014-08-27,15.000001
MVCT.L,2014-11-05,2.0
MVCT.L,2014-11-06,2.0
MVCT.L,2015-04-30,2.5
MVCT.L,2015-06-04,5.0
MVCT.L,2015-11-05,2.5
MVCT.L,2016-05-19,2.5
MVCT.L,2016-11-03,2.5
MVCT.L,2017-05-18,1.5
MVCT.L,2017-09-07,1.5
MVCT.L,2018-09-13,1.5
MVCT.L,2019-03-07,1.5
MVCT.L,2019-09-26,1.5
MVCT.L,2020-03-05,1.5
MVCT.L,2020-09-24,1.5
MVCT.L,2021-03-04,1.0
MVCT.L,2021-08-19,1.5
MVCT.L,2022-01-06,1.5
MVCT.L,2022-07-21,3.1
MVCT.L,2023-03-02,1.0
MVCT.L,2023-08-24,0.5
MVCT.L,2024-02-22,1.0
MVCT.L,2024-08-22,1.5
MVCT.L,2025-03-27,1.0
MVCT.L,2025-08-21,1.15
MWY.L,1982-09-20,0.16
MWY.L,1983-02-21,0.16
MWY.L,1983-09-05,0.2
MWY.L,1984-02-27,0.17999999
MWY.L,1984-09-03,0.22
MWY.L,1985-02-25,0.17999999
MWY.L,1985-09-02,0.25
MWY.L,1986-02-24,0.2
MWY.L,1986-09-01,0.28
MWY.L,1987-02-23,0.24000001
MWY.L,1987-08-24,0.34
MWY.L,1988-02-22,0.26
MWY.L,1988-09-05,0.38
MWY.L,1989-02-27,0.31
MWY.L,1989-09-04,0.53
MWY.L,1990-02-26,0.34
MWY.L,1990-08-20,0.58
MWY.L,1991-02-25,0.46
MWY.L,1991-08-12,0.68
MWY.L,1992-02-24,0.48000002
MWY.L,1992-09-07,0.71999997
MWY.L,1993-03-01,0.48000002
MWY.L,1993-09-20,0.71999997
MWY.L,1994-02-28,0.5
MWY.L,1994-09-05,0.74
MWY.L,1995-02-20,0.52
MWY.L,1995-02-28,0.5
MWY.L,1995-09-18,0.78
MWY.L,1996-03-11,0.55
MWY.L,1996-09-16,0.82
MWY.L,1997-03-10,0.6
MWY.L,1997-09-08,0.9
MWY.L,1998-03-09,0.64
MWY.L,1998-09-14,0.96000004
MWY.L,1999-03-01,0.65999997
MWY.L,1999-09-27,1.0
MWY.L,2000-03-06,0.65999997
MWY.L,2000-09-25,1.0
MWY.L,2001-03-14,0.68
MWY.L,2001-09-26,1.02
MWY.L,2002-03-13,0.71999997
MWY.L,2002-09-25,1.06
MWY.L,2003-03-12,0.74
MWY.L,2003-09-24,1.1
MWY.L,2004-03-10,0.74
MWY.L,2004-09-22,1.1
MWY.L,2005-03-09,0.74
MWY.L,2005-09-21,1.14
MWY.L,2006-03-08,0.78
MWY.L,2006-09-20,1.3199999
MWY.L,2007-03-14,0.9
MWY.L,2007-09-19,1.5
MWY.L,2008-03-12,1.1
MWY.L,2008-09-17,2.16
MWY.L,2009-03-11,1.3000001
MWY.L,2009-09-09,1.7
MWY.L,2010-03-03,1.3000001
MWY.L,2010-09-08,1.8
MWY.L,2011-02-23,1.3000001
MWY.L,2011-09-07,2.0
MWY.L,2012-02-22,1.3000001
MWY.L,2012-09-05,2.0
MWY.L,2013-02-20,1.3000001
MWY.L,2013-09-04,2.1
MWY.L,2014-02-19,1.3000001
MWY.L,2014-10-01,2.5
MWY.L,2015-02-26,1.35
MWY.L,2015-10-15,2.6499999
MWY.L,2016-03-10,1.65
MWY.L,2016-10-06,2.85
MWY.L,2017-03-09,1.7
MWY.L,2017-05-25,2.92
MWY.L,2017-10-05,0.38
MWY.L,2018-03-08,1.8
MWY.L,2018-10-04,3.7500002
MWY.L,2019-03-14,1.98
MWY.L,2019-10-03,3.85
MWY.L,2020-03-12,3.0
MWY.L,2020-10-01,3.12
MWY.L,2021-03-11,3.1
MWY.L,2021-09-30,3.3
MWY.L,2022-03-24,3.5
MWY.L,2022-09-22,6.7000003
MWY.L,2023-03-09,3.85
MWY.L,2023-09-28,5.65
MWY.L,2024-03-07,3.85
MWY.L,2024-10-10,4.1499996
MWY.L,2025-03-06,3.85
MWY.L,2025-10-09,4.5
MYI.L,1973-02-12,0.0818
MYI.L,1973-06-18,0.042600002
MYI.L,1974-02-25,0.106599994
MYI.L,1974-06-10,0.0444
MYI.L,1975-02-24,0.13340001
MYI.L,1975-06-16,0.0444
MYI.L,1976-02-23,0.1156
MYI.L,1976-06-14,0.0444
MYI.L,1977-02-28,0.1288
MYI.L,1977-06-13,0.0534
MYI.L,1978-02-27,0.1422
MYI.L,1978-06-12,0.062200002
MYI.L,1979-02-26,0.1644
MYI.L,1979-06-18,0.0666
MYI.L,1980-02-25,0.21339999
MYI.L,1980-06-16,0.0666
MYI.L,1981-03-02,0.24000001
MYI.L,1981-06-15,0.08
MYI.L,1982-02-15,0.2534
MYI.L,1982-06-21,0.08
MYI.L,1983-02-21,0.28
MYI.L,1983-06-20,0.1
MYI.L,1984-02-27,0.28
MYI.L,1984-06-18,0.14
MYI.L,1985-03-11,0.62
MYI.L,1985-06-17,0.3
MYI.L,1986-03-10,0.6
MYI.L,1986-06-16,0.3
MYI.L,1987-03-09,0.70000005
MYI.L,1987-06-15,0.35000002
MYI.L,1988-06-20,0.35000002
MYI.L,1989-03-13,1.05
MYI.L,1989-07-03,0.4
MYI.L,1989-10-02,0.4
MYI.L,1989-12-27,0.4
MYI.L,1990-03-12,0.64
MYI.L,1990-06-11,0.45599997
MYI.L,1990-10-08,0.45599997
MYI.L,1991-01-14,0.45599997
MYI.L,1991-03-11,0.672
MYI.L,1991-06-17,0.5
MYI.L,1991-09-30,0.5
MYI.L,1992-01-13,0.5
MYI.L,1992-03-09,0.68
MYI.L,1992-06-15,0.54
MYI.L,1992-10-05,0.52
MYI.L,1993-01-04,0.52
MYI.L,1993-03-15,0.70000005
MYI.L,1993-06-21,0.54
MYI.L,1993-10-04,0.54
MYI.L,1994-01-04,0.54
MYI.L,1994-03-14,0.70000005
MYI.L,1994-08-15,1.62
MYI.L,1994-11-03,0.54
MYI.L,1995-01-03,0.54
MYI.L,1995-03-13,0.78
MYI.L,1995-06-12,1.74
MYI.L,1995-10-09,0.58
MYI.L,1996-01-08,0.58
MYI.L,1996-04-09,0.78
MYI.L,1996-06-17,1.8
MYI.L,1996-10-14,0.6
MYI.L,1997-01-06,0.6
MYI.L,1997-04-14,0.84
MYI.L,1997-06-23,1.89
MYI.L,1998-04-06,0.91
MYI.L,1998-08-10,2.01
MYI.L,1999-04-06,1.09
MYI.L,1999-06-21,0.69
MYI.L,1999-10-18,0.69
MYI.L,2000-01-10,0.69
MYI.L,2000-04-17,1.03
MYI.L,2000-07-17,0.69
MYI.L,2000-10-16,0.69
MYI.L,2001-01-08,0.69
MYI.L,2001-04-25,1.11
MYI.L,2001-07-18,0.69
MYI.L,2001-10-17,0.69
MYI.L,2002-01-09,0.69
MYI.L,2002-04-24,1.19
MYI.L,2002-07-17,0.69
MYI.L,2002-10-16,0.69
MYI.L,2003-01-15,0.69
MYI.L,2003-04-23,1.19
MYI.L,2003-07-23,0.69
MYI.L,2003-10-15,0.69
MYI.L,2004-01-14,0.69
MYI.L,2004-04-21,1.19
MYI.L,2004-07-21,0.69
MYI.L,2004-10-20,0.69
MYI.L,2005-01-19,0.69
MYI.L,2005-04-20,1.19
MYI.L,2005-07-20,0.71
MYI.L,2005-10-19,0.71
MYI.L,2006-01-18,0.71
MYI.L,2006-04-19,1.3299999
MYI.L,2006-07-19,0.76
MYI.L,2006-10-18,0.76
MYI.L,2007-01-17,0.76
MYI.L,2007-04-18,1.52
MYI.L,2007-07-04,0.86
MYI.L,2007-10-03,0.86
MYI.L,2008-01-02,0.86
MYI.L,2008-04-02,1.62
MYI.L,2008-07-09,0.96000004
MYI.L,2008-10-01,0.96000004
MYI.L,2009-01-07,0.96000004
MYI.L,2009-04-01,1.76
MYI.L,2009-07-08,1.12
MYI.L,2009-10-07,1.12
MYI.L,2010-01-06,1.12
MYI.L,2010-04-07,2.04
MYI.L,2010-07-14,1.36
MYI.L,2010-10-13,1.36
MYI.L,2011-01-05,1.36
MYI.L,2011-04-06,2.8200002
MYI.L,2011-07-13,1.6
MYI.L,2011-10-12,1.6
MYI.L,2012-01-04,1.6
MYI.L,2012-04-04,2.6000001
MYI.L,2012-07-11,1.8
MYI.L,2012-10-10,1.8
MYI.L,2013-01-02,1.8
MYI.L,2013-04-03,2.7
MYI.L,2013-07-10,1.9
MYI.L,2013-10-09,1.9
MYI.L,2014-01-08,1.9
MYI.L,2014-04-02,2.8999999
MYI.L,2014-07-09,2.0
MYI.L,2014-10-09,2.0
MYI.L,2015-01-08,2.0
MYI.L,2015-04-02,3.0
MYI.L,2015-07-09,2.1
MYI.L,2015-10-08,2.1
MYI.L,2016-01-07,2.1
MYI.L,2016-04-07,3.0
MYI.L,2016-07-07,2.1
MYI.L,2016-10-06,2.1
MYI.L,2017-01-05,2.1
MYI.L,2017-04-06,3.2
MYI.L,2017-07-06,2.2
MYI.L,2017-10-05,2.2
MYI.L,2018-01-04,2.2
MYI.L,2018-04-05,3.4
MYI.L,2018-07-05,2.3
MYI.L,2018-10-04,2.3
MYI.L,2019-01-03,2.3
MYI.L,2019-04-04,3.4
MYI.L,2019-07-04,2.4
MYI.L,2019-10-03,2.4
MYI.L,2020-01-02,2.4
MYI.L,2020-04-02,3.5
MYI.L,2020-07-02,2.4
MYI.L,2020-10-01,2.4
MYI.L,2021-01-07,2.4
MYI.L,2021-04-01,3.7
MYI.L,2021-07-01,2.4
MYI.L,2021-10-07,2.4
MYI.L,2022-01-06,2.4
MYI.L,2022-04-07,3.8
MYI.L,2022-07-07,2.4
MYI.L,2022-10-06,2.4
MYI.L,2023-01-05,2.4
MYI.L,2023-04-06,4.0
MYI.L,2023-07-06,2.4
MYI.L,2023-10-05,2.4
MYI.L,2024-01-04,2.4
MYI.L,2024-04-25,4.3
MYI.L,2024-07-04,2.5
MYI.L,2024-10-03,2.5
MYI.L,2025-01-02,2.5
MYI.L,2025-04-03,4.3
MYI.L,2025-07-03,2.6000001
MYI.L,2025-10-02,2.6000001
N4P.L,1995-05-22,16.0
N4P.L,1995-11-06,16.0
N4P.L,1996-06-03,18.0
N4P.L,1996-11-04,17.2
N4P.L,1997-05-19,18.0
N91.L,2020-12-10,5.9
N91.L,2021-07-22,6.7000003
N91.L,2021-12-02,6.8999996
N91.L,2022-07-14,7.7
N91.L,2022-12-01,6.5
N91.L,2023-07-20,6.7000003
N91.L,2023-12-07,5.9
N91.L,2024-07-18,6.4
N91.L,2024-12-12,5.4
N91.L,2025-07-17,6.8
N91.L,2025-12-04,6.0
NAH.L,2014-10-01,5.0
NAH.L,2015-04-23,10.7
NAH.L,2015-10-01,6.25
NAH.L,2016-04-21,12.5
NAH.L,2016-09-29,6.3500004
NAH.L,2017-04-27,12.700001
NAH.L,2017-09-28,5.2999997
NAH.L,2018-04-26,10.599999
NAH.L,2018-09-27,3.2
NAH.L,2019-04-25,5.7
NAH.L,2019-09-26,2.6000001
NAIT.L,1972-09-04,0.0736
NAIT.L,1973-04-03,0.154
NAIT.L,1973-08-22,0.084
NAIT.L,1974-04-03,0.17
NAIT.L,1974-08-22,0.084
NAIT.L,1975-04-03,0.18599999
NAIT.L,1975-08-22,0.084
NAIT.L,1976-04-02,0.18599999
NAIT.L,1976-08-20,0.084
NAIT.L,1977-04-01,0.13599999
NAIT.L,1977-08-22,0.1
NAIT.L,1978-04-03,0.17
NAIT.L,1978-09-04,0.11
NAIT.L,1979-04-09,0.2
NAIT.L,1979-08-28,0.120000005
NAIT.L,1980-04-14,0.25
NAIT.L,1980-09-01,0.14
NAIT.L,1981-04-10,0.28
NAIT.L,1981-08-28,0.14
NAIT.L,1982-04-19,0.31
NAIT.L,1982-09-06,0.2
NAIT.L,1983-04-11,0.27
NAIT.L,1983-09-05,0.2
NAIT.L,1984-04-09,0.3
NAIT.L,1984-09-03,0.21
NAIT.L,1985-04-15,0.37
NAIT.L,1985-09-02,0.23
NAIT.L,1986-04-01,0.39
NAIT.L,1986-09-01,0.23
NAIT.L,1987-04-06,0.43
NAIT.L,1987-09-14,0.23
NAIT.L,1994-03-28,0.71999997
NAIT.L,1994-09-19,0.38
NAIT.L,1995-04-03,0.71999997
NAIT.L,1995-09-25,0.38
NAIT.L,1996-04-01,0.74
NAIT.L,1996-09-16,0.38
NAIT.L,1997-03-17,0.74
NAIT.L,1998-03-23,0.97
NAIT.L,1998-09-14,0.4
NAIT.L,1999-03-22,0.57
NAIT.L,1999-09-20,0.4
NAIT.L,2000-04-10,0.57
NAIT.L,2000-09-18,0.4
NAIT.L,2001-05-09,0.57
NAIT.L,2001-09-12,0.4
NAIT.L,2002-04-17,0.57
NAIT.L,2002-09-11,0.4
NAIT.L,2003-04-30,0.57
NAIT.L,2003-09-10,0.4
NAIT.L,2004-04-14,0.57
NAIT.L,2004-09-15,0.4
NAIT.L,2005-04-13,0.61
NAIT.L,2005-09-21,0.46
NAIT.L,2006-04-12,0.74
NAIT.L,2006-09-20,0.49
NAIT.L,2007-04-25,0.89
NAIT.L,2007-09-26,0.49
NAIT.L,2008-04-23,1.7939999
NAIT.L,2008-09-24,0.70000005
NAIT.L,2009-04-22,0.88
NAIT.L,2009-09-23,1.24
NAIT.L,2010-04-21,0.76
NAIT.L,2010-09-22,0.84
NAIT.L,2011-04-27,0.99
NAIT.L,2011-09-14,0.84
NAIT.L,2012-05-02,1.04
NAIT.L,2012-09-26,1.3000001
NAIT.L,2013-04-24,2.6000001
NAIT.L,2013-07-03,1.1
NAIT.L,2013-10-02,1.1
NAIT.L,2014-01-22,1.2
NAIT.L,2014-05-07,2.0
NAIT.L,2014-07-02,1.2
NAIT.L,2014-10-01,1.2
NAIT.L,2015-01-22,1.3000001
NAIT.L,2015-05-07,2.3
NAIT.L,2015-07-02,1.3000001
NAIT.L,2015-10-01,1.3000001
NAIT.L,2016-01-21,1.4000001
NAIT.L,2016-05-12,2.6000001
NAIT.L,2016-07-14,1.4000001
NAIT.L,2016-10-13,1.4000001
NAIT.L,2017-01-19,1.5
NAIT.L,2017-05-18,2.8999999
NAIT.L,2017-07-13,1.5
NAIT.L,2017-10-12,1.5
NAIT.L,2018-01-25,1.6
NAIT.L,2018-05-10,3.2
NAIT.L,2018-07-19,1.6
NAIT.L,2018-10-04,1.6
NAIT.L,2019-01-24,1.7
NAIT.L,2019-05-09,3.6
NAIT.L,2019-07-18,1.7
NAIT.L,2019-10-03,1.7
NAIT.L,2020-01-30,1.8
NAIT.L,2020-05-07,4.3
NAIT.L,2020-07-16,1.8
NAIT.L,2020-10-01,1.8
NAIT.L,2021-02-04,1.9
NAIT.L,2021-05-06,4.5
NAIT.L,2021-07-22,1.9
NAIT.L,2021-10-07,1.9
NAIT.L,2022-02-03,2.5
NAIT.L,2022-05-05,4.0
NAIT.L,2022-07-21,2.5
NAIT.L,2022-10-06,2.5
NAIT.L,2023-02-02,2.5
NAIT.L,2023-05-04,3.5
NAIT.L,2023-07-20,2.6000001
NAIT.L,2023-10-12,2.6000001
NAIT.L,2023-12-28,2.6000001
NAIT.L,2024-04-11,3.9
NAIT.L,2024-07-04,2.7
NAIT.L,2024-10-10,2.7
NAIT.L,2025-01-02,2.7
NAIT.L,2025-04-17,4.1
NAIT.L,2025-06-26,2.8000002
NAIT.L,2025-10-02,2.8000002
NAR.L,1993-09-06,0.3
NAR.L,1994-07-18,0.4
NAR.L,1994-12-19,0.25
NAR.L,1995-07-31,0.6
NAR.L,1996-01-08,0.3
NAR.L,1996-08-27,0.8
NAR.L,1997-01-20,1.2
NAR.L,1997-11-17,2.4
NAR.L,1998-04-06,1.2
NAR.L,1998-11-16,3.0
NAR.L,1999-04-06,1.5
NAR.L,1999-11-08,3.5
NAR.L,2000-04-10,2.0
NAR.L,2000-11-06,4.0
NAR.L,2001-04-18,2.2
NAR.L,2001-12-05,4.0
NAR.L,2002-04-17,2.2
NAR.L,2002-12-18,2.0
NAR.L,2003-04-16,1.0
NAR.L,2003-12-17,2.0
NAR.L,2004-04-07,1.1
NAR.L,2004-12-01,3.0
NAR.L,2005-04-13,2.0
NAR.L,2005-12-07,4.0
NAR.L,2006-04-12,1.1
NAR.L,2006-12-06,1.0
NAR.L,2007-04-18,1.2
NAR.L,2007-12-05,1.0
NAR.L,2008-04-16,1.2
NAR.L,2008-12-03,1.0
NAR.L,2009-04-15,0.6
NAR.L,2009-12-02,1.0
NAR.L,2010-03-03,0.6
NAR.L,2010-12-01,1.4000001
NAR.L,2011-04-13,0.6
NAR.L,2011-11-30,1.0
NAR.L,2012-04-11,0.3
NAR.L,2012-12-05,0.75
NAR.L,2013-04-10,0.3
NAR.L,2013-12-04,0.3
NAR.L,2014-04-09,0.3
NAR.L,2014-12-04,0.3
NAR.L,2015-04-16,0.3
NAR.L,2015-12-03,0.3
NAR.L,2016-04-14,0.1
NAR.L,2016-12-08,0.1
NAR.L,2017-04-13,0.1
NAR.L,2017-12-07,0.1
NAR.L,2018-04-19,0.1
NAR.L,2018-12-06,0.1
NAR.L,2019-04-11,0.1
NAR.L,2019-12-12,0.3
NAR.L,2020-04-15,0.3
NAR.L,2021-02-11,0.3
NAR.L,2021-04-29,0.3
NAR.L,2021-12-16,0.4
NAR.L,2022-04-07,0.3
NAR.L,2022-12-15,0.3
NAR.L,2023-04-06,0.3
NAR.L,2023-12-14,0.3
NAR.L,2024-04-11,0.3
NAR.L,2024-12-12,0.3
NAR.L,2025-04-10,0.3
NAS.L,1974-03-25,0.055
NAS.L,1975-04-07,0.055
NAS.L,1976-04-20,0.055
NAS.L,1977-03-28,0.054799996
NAS.L,1978-04-03,0.054799996
NAS.L,1979-03-26,0.054799996
NAS.L,1980-03-24,0.0656
NAS.L,1981-05-01,0.0656
NAS.L,1982-04-19,0.0781
NAS.L,1983-04-11,0.0781
NAS.L,1984-04-09,0.0531
NAS.L,1985-04-29,0.0531
NAS.L,1986-04-28,0.0063
NAS.L,1987-03-23,0.0313
NAS.L,1988-03-21,0.0175
NAS.L,1989-03-13,0.0175
NAS.L,1990-03-12,0.005
NAS.L,1992-05-11,0.1875
NAS.L,1993-05-21,0.15
NAS.L,2019-10-30,3.0
NAS.L,2020-11-19,3.0
NAS.L,2023-01-26,2.2
NAS.L,2024-02-29,6.85
NAS.L,2025-03-06,8.8
NAVF.L,2021-04-08,0.85
NAVF.L,2022-04-07,1.95
NAVF.L,2023-04-20,3.2
NAVF.L,2024-04-18,1.6
NAVF.L,2025-04-17,3.25
NBPE.L,2013-01-30,14.9594
NBPE.L,2013-08-07,16.6325
NBPE.L,2014-01-29,22.0
NBPE.L,2014-08-06,23.0
NBPE.L,2015-02-12,23.0
NBPE.L,2015-07-23,25.0
NBPE.L,2016-02-04,25.0
NBPE.L,2016-07-21,25.0
NBPE.L,2017-02-02,18.69925
NBPE.L,2017-07-27,18.69925
NBPE.L,2018-01-25,17.7828
NBPE.L,2018-07-26,21.971899
NBPE.L,2019-01-31,21.887701
NBPE.L,2019-07-25,23.8336
NBPE.L,2020-01-30,22.4869
NBPE.L,2020-07-23,22.0525
NBPE.L,2021-01-28,21.988
NBPE.L,2021-07-22,30.098099
NBPE.L,2022-01-20,35.15459
NBPE.L,2022-07-28,35.15459
NBPE.L,2023-01-19,35.15459
NBPE.L,2023-07-27,35.15459
NBPE.L,2024-01-18,35.15459
NBPE.L,2024-07-25,35.15459
NBPE.L,2025-01-23,35.15459
NBPE.L,2025-07-17,35.15459
NBPU.L,2019-01-31,0.28601
NBPU.L,2019-07-25,0.29776
NBPU.L,2020-01-30,0.292448
NBPU.L,2020-07-23,0.280755
NBPU.L,2021-01-28,0.301329
NBPU.L,2021-07-22,0.411885
NBPU.L,2022-01-20,0.471408
NBPU.L,2022-07-28,0.480387
NBPU.L,2023-01-19,0.48529
NBPU.L,2023-07-27,0.47
NBPU.L,2024-01-18,0.47
NBPU.L,2024-07-25,0.47
NBPU.L,2025-01-23,0.47
NBPU.L,2025-07-17,0.47
NCC.L,2005-02-02,0.124699995
NCC.L,2005-08-31,0.291
NCC.L,2006-02-01,0.1663
NCC.L,2006-08-30,0.41570002
NCC.L,2007-01-31,0.24939999
NCC.L,2007-08-29,0.5404
NCC.L,2008-01-30,0.3741
NCC.L,2008-08-27,0.7898
NCC.L,2009-01-28,0.49879998
NCC.L,2009-08-26,1.0392
NCC.L,2010-01-27,0.5819
NCC.L,2010-09-01,1.2054
NCC.L,2011-01-26,0.69
NCC.L,2011-08-31,1.4714
NCC.L,2012-01-25,0.84790003
NCC.L,2012-08-29,1.8289
NCC.L,2013-01-23,0.9776
NCC.L,2013-08-21,2.1149
NCC.L,2014-01-22,1.1372
NCC.L,2014-08-27,2.3543
NCC.L,2015-01-29,1.2969
NCC.L,2015-08-27,2.6735
NCC.L,2016-01-28,1.5
NCC.L,2016-09-01,3.15
NCC.L,2017-01-26,1.5
NCC.L,2017-08-31,3.15
NCC.L,2018-01-25,1.5
NCC.L,2018-09-06,3.15
NCC.L,2019-02-07,1.5
NCC.L,2019-09-05,3.15
NCC.L,2020-02-06,1.5
NCC.L,2020-10-08,3.15
NCC.L,2021-02-18,1.5
NCC.L,2021-10-14,3.15
NCC.L,2022-02-17,1.5
NCC.L,2022-10-13,3.15
NCC.L,2023-02-16,1.5
NCC.L,2023-11-09,3.15
NCC.L,2024-02-15,1.5
NCC.L,2024-09-05,3.15
NCC.L,2025-02-20,1.5
NCC.L,2025-07-03,1.5
NCYF.L,2005-01-26,0.70000005
NCYF.L,2005-04-27,0.70000005
NCYF.L,2005-08-10,0.70000005
NCYF.L,2005-10-26,0.70000005
NCYF.L,2006-01-25,0.70000005
NCYF.L,2006-04-26,0.70000005
NCYF.L,2006-07-26,0.70000005
NCYF.L,2006-10-25,0.70000005
NCYF.L,2007-01-31,0.70000005
NCYF.L,2007-02-14,0.70000005
NCYF.L,2007-07-25,0.85
NCYF.L,2007-10-31,0.85
NCYF.L,2008-01-30,0.85
NCYF.L,2008-04-30,0.85
NCYF.L,2008-07-30,1.02
NCYF.L,2008-10-29,0.85
NCYF.L,2009-01-28,0.85
NCYF.L,2009-04-29,0.85
NCYF.L,2009-07-29,1.1
NCYF.L,2009-10-28,0.85
NCYF.L,2010-01-27,0.85
NCYF.L,2010-04-28,0.85
NCYF.L,2010-07-28,1.2
NCYF.L,2010-10-27,0.85
NCYF.L,2011-01-26,0.85
NCYF.L,2011-04-27,0.85
NCYF.L,2011-07-27,1.188
NCYF.L,2011-10-26,0.88
NCYF.L,2012-01-25,0.792
NCYF.L,2012-04-25,0.88
NCYF.L,2012-07-25,1.37
NCYF.L,2012-10-31,0.9
NCYF.L,2013-01-30,0.9
NCYF.L,2013-04-24,0.9
NCYF.L,2013-07-31,1.4000001
NCYF.L,2013-10-30,0.92
NCYF.L,2014-01-29,0.92
NCYF.L,2014-04-30,0.92
NCYF.L,2014-07-23,1.4499999
NCYF.L,2014-10-30,0.94
NCYF.L,2015-01-29,0.96000004
NCYF.L,2015-04-30,0.96000004
NCYF.L,2015-07-30,1.4499999
NCYF.L,2015-10-29,0.97
NCYF.L,2016-01-28,0.97
NCYF.L,2016-04-28,0.97
NCYF.L,2016-07-28,1.4499999
NCYF.L,2016-10-27,0.98
NCYF.L,2017-01-26,0.98
NCYF.L,2017-04-27,0.98
NCYF.L,2017-07-27,1.4499999
NCYF.L,2017-10-26,0.99
NCYF.L,2018-01-25,0.99
NCYF.L,2018-04-26,0.99
NCYF.L,2018-07-26,1.4499999
NCYF.L,2018-10-25,1.0
NCYF.L,2019-01-24,1.0
NCYF.L,2019-04-25,1.0
NCYF.L,2019-07-25,1.4499999
NCYF.L,2019-10-24,1.0
NCYF.L,2020-01-23,1.0
NCYF.L,2020-04-23,1.0
NCYF.L,2020-07-23,1.46
NCYF.L,2020-10-22,1.0
NCYF.L,2021-01-28,1.0
NCYF.L,2021-04-29,1.0
NCYF.L,2021-07-29,1.47
NCYF.L,2021-10-28,1.0
NCYF.L,2022-01-27,1.0
NCYF.L,2022-04-28,1.0
NCYF.L,2022-07-28,1.48
NCYF.L,2022-10-27,1.0
NCYF.L,2023-01-26,1.0
NCYF.L,2023-04-27,1.0
NCYF.L,2023-07-27,1.49
NCYF.L,2023-10-26,1.0
NCYF.L,2024-01-25,1.0
NCYF.L,2024-05-02,1.0
NCYF.L,2024-08-01,1.5
NCYF.L,2024-10-24,1.0
NCYF.L,2025-01-23,1.0
NCYF.L,2025-05-01,1.0
NCYF.L,2025-07-31,1.51
NCYF.L,2025-10-23,1.0
NESF.L,2014-12-04,2.625
NESF.L,2015-07-09,2.625
NESF.L,2015-12-03,3.125
NESF.L,2016-07-07,3.125
NESF.L,2016-08-25,1.5775001
NESF.L,2016-11-17,1.5775001
NESF.L,2017-02-23,1.5775001
NESF.L,2017-05-25,1.5775001
NESF.L,2017-08-24,1.605
NESF.L,2017-11-16,1.605
NESF.L,2018-02-22,1.605
NESF.L,2018-05-24,1.605
NESF.L,2018-08-23,1.6625
NESF.L,2018-11-15,1.6625
NESF.L,2019-02-21,1.6625
NESF.L,2019-05-23,1.6625
NESF.L,2019-08-22,1.7175
NESF.L,2019-11-21,1.7175
NESF.L,2020-02-20,1.7175
NESF.L,2020-05-21,1.7175
NESF.L,2020-08-20,1.7625
NESF.L,2020-11-19,1.7625
NESF.L,2021-02-18,1.7625
NESF.L,2021-05-20,1.7625
NESF.L,2021-08-19,1.79
NESF.L,2021-11-18,1.79
NESF.L,2022-02-17,1.79
NESF.L,2022-05-19,1.79
NESF.L,2022-08-18,1.88
NESF.L,2022-11-17,1.88
NESF.L,2023-02-16,1.88
NESF.L,2023-05-18,1.88
NESF.L,2023-08-17,2.08
NESF.L,2023-11-16,2.09
NESF.L,2024-02-15,2.09
NESF.L,2024-05-23,2.09
NESF.L,2024-08-15,2.1
NESF.L,2024-11-14,2.11
NESF.L,2025-02-13,2.11
NESF.L,2025-05-22,2.11
NESF.L,2025-08-14,2.1
NESF.L,2025-11-13,2.11
NET.L,2011-12-07,0.44439998
NET.L,2012-12-12,0.5556
NET.L,2013-12-11,0.7778
NET.L,2014-12-11,0.9
NET.L,2015-12-10,3.4
NET.L,2016-07-14,0.95
NET.L,2016-12-08,2.05
NET.L,2017-07-13,1.05
NET.L,2017-12-07,1.16
NET.L,2018-12-20,0.53
NET.L,2019-12-19,0.2
NET.L,2020-12-24,0.25
NET.L,2021-12-23,0.37
NET.L,2022-12-15,0.54
NET.L,2023-12-28,0.83
NET.L,2024-12-24,0.89
NEXS.L,2017-08-17,2.1
NEXS.L,2018-02-08,4.2
NEXS.L,2018-06-14,2.2
NEXS.L,2019-02-07,4.4
NEXS.L,2019-06-13,2.2
NEXS.L,2020-02-20,4.4
NEXS.L,2021-06-10,0.6
NEXS.L,2022-01-27,1.4000001
NEXS.L,2022-06-16,1.0
NEXS.L,2023-06-01,1.0
NEXS.L,2024-04-04,2.0
NEXS.L,2024-05-23,1.0
NEXS.L,2025-03-06,2.0
NEXS.L,2025-05-22,1.0
NFG.L,2000-05-08,0.3
NFG.L,2000-10-30,0.70000005
NFG.L,2001-05-02,0.3
NFG.L,2002-10-30,0.9
NFG.L,2003-04-16,0.3
NFG.L,2003-12-17,0.70000005
NFG.L,2004-04-28,0.3
NFG.L,2004-12-22,0.8
NFG.L,2005-04-20,0.32999998
NFG.L,2005-12-21,0.9
NFG.L,2006-04-26,0.37
NFG.L,2007-01-03,1.0
NFG.L,2007-04-25,0.4
NFG.L,2008-01-02,1.1
NFG.L,2008-05-07,0.45
NFG.L,2009-01-07,1.25
NFG.L,2009-04-29,0.45
NFG.L,2010-01-06,1.25
NFG.L,2010-05-05,0.475
NFG.L,2011-01-05,1.375
NFG.L,2011-04-13,0.515
NFG.L,2012-01-04,1.535
NFG.L,2012-05-02,0.565
NFG.L,2013-01-09,1.7349999
NFG.L,2013-05-01,0.625
NFG.L,2014-01-08,1.925
NFG.L,2014-04-16,0.70000005
NFG.L,2014-11-06,2.3
NFG.L,2015-07-09,2.5
NFG.L,2015-11-12,1.2
NFG.L,2016-06-30,3.0
NFG.L,2016-10-27,1.5
NFG.L,2017-06-29,3.7500002
NFG.L,2017-10-26,1.8
NFG.L,2018-06-28,4.5
NFG.L,2018-10-25,2.16
NFG.L,2019-06-13,5.4
NFG.L,2019-10-24,2.5
NFG.L,2021-07-08,7.0
NFG.L,2021-10-28,3.6
NFG.L,2022-07-07,8.4
NFG.L,2022-10-27,4.5
NFG.L,2023-07-06,10.1
NFG.L,2023-10-19,4.75
NFG.L,2024-07-04,10.599999
NFG.L,2024-10-17,4.75
NFG.L,2025-07-03,10.599999
NFG.L,2025-10-16,4.75
NG.L,1996-06-10,7.3399
NG.L,1996-12-02,5.3024
NG.L,1997-06-09,7.9595
NG.L,1997-12-01,7.7152996
NG.L,1998-01-12,62.537598
NG.L,1998-06-08,8.3557005
NG.L,1998-11-30,5.3173003
NG.L,1999-06-01,7.9201994
NG.L,1999-12-06,5.6616
NG.L,2000-05-30,8.457
NG.L,2000-11-27,6.1275
NG.L,2001-05-30,9.1457
NG.L,2001-11-28,6.5428004
NG.L,2002-06-05,9.7028
NG.L,2002-12-04,6.9479003
NG.L,2003-05-28,10.4725
NG.L,2003-11-26,8.0114
NG.L,2004-06-02,12.0220995
NG.L,2004-12-01,8.6089
NG.L,2005-06-08,15.394799
NG.L,2005-11-30,9.065701
NG.L,2006-06-07,14.131901
NG.L,2006-11-29,9.6879
NG.L,2007-06-06,15.8206005
NG.L,2007-11-28,10.3989
NG.L,2008-06-04,18.931398
NG.L,2008-12-03,11.2344
NG.L,2009-06-03,20.442299
NG.L,2009-12-02,12.1321
NG.L,2010-06-02,24.9063
NG.L,2010-12-01,12.934401
NG.L,2011-06-01,23.5327
NG.L,2011-11-30,13.967199
NG.L,2012-05-30,25.4177
NG.L,2012-11-28,14.528701
NG.L,2013-06-05,26.4304
NG.L,2013-12-04,14.528701
NG.L,2014-06-04,27.6135
NG.L,2014-11-20,14.7493
NG.L,2015-06-04,28.2352
NG.L,2015-11-26,15.04
NG.L,2016-06-02,28.4157
NG.L,2016-11-24,15.210501
NG.L,2017-05-22,77.5503
NG.L,2017-06-01,26.746199
NG.L,2017-11-23,14.2371
NG.L,2018-05-31,27.9778
NG.L,2018-11-22,14.779399
NG.L,2019-05-30,28.7315
NG.L,2019-11-28,15.2297
NG.L,2020-07-02,29.411701
NG.L,2020-11-26,15.6249
NG.L,2021-06-03,29.5587
NG.L,2021-12-02,15.818
NG.L,2022-06-01,31.029299
NG.L,2022-11-24,16.397
NG.L,2023-06-01,34.558697
NG.L,2023-11-23,17.8308
NG.L,2024-06-06,39.12
NG.L,2024-11-21,15.84
NG.L,2025-05-29,30.880001
NG.L,2025-11-20,16.35
NICL.L,1993-03-29,3.4
NICL.L,1993-08-16,2.16
NICL.L,1994-04-11,3.6
NICL.L,1994-09-12,2.25
NICL.L,1995-03-27,3.9
NICL.L,1995-08-21,2.33
NICL.L,1996-04-09,4.3
NICL.L,1996-08-27,2.45
NICL.L,1997-04-14,4.65
NICL.L,1997-09-22,2.7
NICL.L,1998-04-06,5.2000003
NICL.L,1998-09-01,2.8000002
NICL.L,1999-04-19,5.4
NICL.L,1999-09-20,2.8999999
NICL.L,2000-04-10,5.6000004
NICL.L,2000-08-29,3.0
NICL.L,2001-04-18,5.7999997
NICL.L,2001-09-19,3.0
NICL.L,2002-03-27,5.7999997
NICL.L,2002-09-18,3.0
NICL.L,2003-04-02,5.7999997
NICL.L,2003-09-17,3.0
NICL.L,2004-04-21,5.7999997
NICL.L,2004-09-15,3.0
NICL.L,2005-04-13,5.7999997
NICL.L,2005-09-14,3.15
NICL.L,2006-04-12,6.1
NICL.L,2006-08-09,3.3
NICL.L,2007-04-18,6.5
NICL.L,2007-08-08,3.5
NICL.L,2008-04-16,6.8999996
NICL.L,2008-08-13,3.7500002
NICL.L,2009-04-22,7.4
NICL.L,2009-08-12,4.05
NICL.L,2010-03-10,8.1
NICL.L,2010-08-11,4.4500003
NICL.L,2011-04-06,9.099999
NICL.L,2011-08-10,5.0
NICL.L,2012-03-28,10.3
NICL.L,2012-08-01,5.6200004
NICL.L,2013-03-27,11.7
NICL.L,2013-07-31,6.3199997
NICL.L,2014-04-02,13.3
NICL.L,2014-07-30,7.1000004
NICL.L,2015-04-02,15.299999
NICL.L,2015-07-30,8.0
NICL.L,2016-03-31,17.6
NICL.L,2016-07-28,9.0
NICL.L,2017-04-06,20.3
NICL.L,2017-07-27,10.1
NICL.L,2018-03-22,23.4
NICL.L,2018-07-26,11.3
NICL.L,2019-03-21,26.800001
NICL.L,2019-07-25,12.4
NICL.L,2020-07-30,28.0
NICL.L,2021-03-25,8.8
NICL.L,2021-07-29,9.8
NICL.L,2022-03-24,13.3
NICL.L,2022-08-04,12.4
NICL.L,2023-03-23,15.299999
NICL.L,2023-08-03,12.6
NICL.L,2024-03-21,15.6
NICL.L,2024-08-01,69.700005
NICL.L,2025-03-20,17.1
NICL.L,2025-08-07,15.000001
NIOX.L,2023-08-17,2.5
NIOX.L,2024-05-23,1.0
NIOX.L,2025-05-15,1.25
NOG.L,2012-09-28,640.0
NOG.L,2013-07-17,340.0
NOG.L,2015-06-04,174.156
NRR.L,2010-12-15,1.0
NRR.L,2011-06-08,4.5
NRR.L,2011-12-07,6.0
NRR.L,2012-06-20,9.0
NRR.L,2013-01-02,6.0
NRR.L,2013-06-26,10.0
NRR.L,2014-01-08,6.0
NRR.L,2014-02-19,10.0
NRR.L,2014-09-24,4.25
NRR.L,2014-12-29,4.25
NRR.L,2015-01-02,4.25
NRR.L,2015-04-16,4.25
NRR.L,2015-07-02,4.5
NRR.L,2015-10-22,4.5
NRR.L,2015-12-24,4.75
NRR.L,2016-04-28,4.75
NRR.L,2016-07-21,5.0
NRR.L,2016-10-06,5.0
NRR.L,2016-12-29,5.0
NRR.L,2017-04-20,5.0
NRR.L,2017-06-15,8.25
NRR.L,2017-10-19,5.25
NRR.L,2017-12-28,5.25
NRR.L,2018-04-26,5.25
NRR.L,2018-06-21,5.4
NRR.L,2018-10-18,5.4
NRR.L,2018-12-27,5.4
NRR.L,2019-04-18,5.4
NRR.L,2019-06-20,5.4
NRR.L,2019-10-17,5.4
NRR.L,2019-12-24,5.4
NRR.L,2021-07-29,3.0
NRR.L,2021-12-09,4.1
NRR.L,2022-07-28,3.3
NRR.L,2022-12-08,3.5
NRR.L,2023-06-15,3.2
NRR.L,2023-12-07,3.4
NRR.L,2024-07-04,3.2
NRR.L,2024-12-19,3.0
NRR.L,2025-06-19,3.5
NRR.L,2025-12-11,3.1
NSI.L,2001-10-24,2.2
NSI.L,2002-07-17,1.8
NSI.L,2003-10-22,0.17
NSI.L,2004-10-13,0.25
NSI.L,2005-10-26,0.1
NSI.L,2006-10-25,0.1
NSI.L,2007-10-31,1.0
NSI.L,2008-09-17,0.73
NSI.L,2009-10-21,0.70000005
NSI.L,2015-11-05,0.3
NSI.L,2016-11-03,0.3
NSI.L,2017-11-16,0.8
NSI.L,2018-11-15,1.0
NSI.L,2019-11-07,1.4000001
NSI.L,2020-11-05,1.4000001
NSI.L,2021-11-04,1.4000001
NSI.L,2022-11-03,1.4000001
NSI.L,2023-03-30,0.9
NSI.L,2023-11-16,1.7
NSI.L,2024-03-28,1.7
NSI.L,2024-07-25,24.0
NSI.L,2024-11-14,1.7
NSI.L,2025-04-03,1.7
NSI.L,2025-11-13,1.85
NTEA.L,2003-08-27,4.4783
NTEA.L,2004-02-25,4.4783
NTEA.L,2004-08-25,4.4783
NTEA.L,2005-02-23,4.4783
NTEA.L,2005-08-31,4.4783
NTEA.L,2006-02-22,4.4783
NTEA.L,2006-08-30,4.4783
NTEA.L,2007-02-28,4.4783
NTEA.L,2007-09-05,4.4783
NTEA.L,2008-02-27,4.4783
NTEA.L,2008-09-03,4.4783
NTEA.L,2009-02-25,4.4783
NTEA.L,2009-09-02,4.4783
NTEA.L,2010-02-24,4.4783
NTEA.L,2010-09-01,4.4783
NTEA.L,2011-03-02,4.0305
NTEA.L,2011-08-31,4.4783
NTEA.L,2012-02-29,4.4783
NTEA.L,2012-09-12,4.4783
NTEA.L,2013-03-06,4.4783
NTEA.L,2013-09-04,4.4783
NTEA.L,2014-03-05,4.0305
NTEA.L,2014-09-03,4.0305
NTEA.L,2015-03-05,4.0305
NTEA.L,2015-09-03,4.0305
NTEA.L,2016-03-03,4.0305
NTEA.L,2016-09-01,4.0305
NTEA.L,2017-03-02,4.0305
NTEA.L,2017-08-31,4.0305
NTEA.L,2018-03-01,4.0305
NTEA.L,2018-08-30,4.0305
NTEA.L,2019-02-28,4.0305
NTEA.L,2019-08-29,4.0305
NTEA.L,2020-03-05,4.0305
NTEA.L,2020-08-27,4.0305
NTEA.L,2021-03-04,4.0305
NTEA.L,2021-09-02,4.0305
NTEA.L,2022-03-03,4.0305
NTEA.L,2022-09-01,4.0305
NTEA.L,2023-03-02,4.0305
NTEA.L,2023-08-31,4.0305
NTEA.L,2024-02-29,4.0305
NTEA.L,2024-08-29,4.0305
NTEA.L,2025-02-27,4.0305
NTEA.L,2025-08-28,4.0305
NTN.L,2003-01-02,1.0
NTN.L,2003-01-03,0.6
NTN.L,2004-01-28,0.5
NTN.L,2004-11-24,1.1
NTN.L,2005-06-15,0.70000005
NTN.L,2005-12-14,1.3000001
NTN.L,2006-06-21,1.0
NTN.L,2006-12-13,1.0
NTN.L,2007-06-20,1.4000001
NTN.L,2007-12-12,1.4000001
NTN.L,2008-03-05,2.0
NTN.L,2008-12-10,1.4000001
NTN.L,2009-06-17,1.1
NTN.L,2009-12-09,1.4000001
NTN.L,2010-06-16,0.1
NTN.L,2010-12-08,0.70000005
NTN.L,2011-06-22,0.70000005
NTN.L,2011-12-07,2.0
NTN.L,2012-06-20,3.0
NTN.L,2012-12-05,2.0
NTN.L,2013-07-03,3.5
NTN.L,2013-11-27,2.0
NTN.L,2014-07-02,3.5
NTN.L,2014-12-04,2.0
NTN.L,2015-06-18,13.500001
NTN.L,2016-01-07,2.0
NTN.L,2016-06-16,8.5
NTN.L,2016-06-22,3.5
NTN.L,2017-01-05,2.0
NTN.L,2017-06-22,3.5
NTN.L,2018-01-04,2.0
NTN.L,2018-06-21,3.5
NTN.L,2019-01-03,2.0
NTN.L,2019-06-20,2.0
NTN.L,2020-01-02,2.0
NTN.L,2020-08-13,2.0
NTN.L,2021-01-07,2.0
NTN.L,2021-08-12,7.0
NTN.L,2022-01-06,2.0
NTN.L,2022-07-21,3.0
NTN.L,2022-12-08,2.0
NTN.L,2023-07-20,2.5
NTN.L,2023-12-14,2.0
NTN.L,2024-07-25,2.2
NTN.L,2024-12-19,2.0
NTN.L,2025-08-07,2.5
NTV.L,2000-03-13,2.2
NTV.L,2000-11-13,1.0
NTV.L,2001-01-22,1.4000001
NTV.L,2001-11-07,1.0
NTV.L,2002-05-08,1.5
NTV.L,2002-11-06,1.0
NTV.L,2003-04-30,1.5
NTV.L,2003-11-05,1.0
NTV.L,2004-05-05,1.5
NTV.L,2004-10-06,1.0
NTV.L,2005-05-04,1.5
NTV.L,2005-11-02,1.0
NTV.L,2006-03-22,1.5
NTV.L,2006-11-01,1.0
NTV.L,2007-04-18,1.5
NTV.L,2007-11-07,1.0
NTV.L,2008-04-30,1.5
NTV.L,2008-11-05,1.0
NTV.L,2009-04-28,1.5
NTV.L,2009-04-29,1.5
NTV.L,2009-11-04,1.0
NTV.L,2010-04-28,1.0
NTV.L,2010-11-03,1.0
NTV.L,2011-06-29,1.0
NTV.L,2011-11-02,2.0
NTV.L,2012-06-27,3.5
NTV.L,2012-12-12,2.0
NTV.L,2013-07-03,3.5
NTV.L,2013-11-27,2.0
NTV.L,2014-03-05,3.5
NTV.L,2014-12-04,2.0
NTV.L,2015-06-25,13.500001
NTV.L,2016-01-07,2.0
NTV.L,2016-06-23,8.5
NTV.L,2017-01-05,2.0
NTV.L,2017-06-22,3.5
NTV.L,2018-01-04,2.0
NTV.L,2018-06-21,3.5
NTV.L,2019-01-03,2.0
NTV.L,2019-06-20,2.0
NTV.L,2020-01-02,2.0
NTV.L,2020-08-13,1.5
NTV.L,2021-01-07,2.0
NTV.L,2021-08-19,5.5
NTV.L,2022-01-06,2.0
NTV.L,2022-07-28,1.6
NTV.L,2022-12-08,2.0
NTV.L,2023-07-20,1.3000001
NTV.L,2023-12-14,1.8
NTV.L,2024-07-25,1.2
NTV.L,2024-12-19,1.7
NTV.L,2025-08-07,1.3000001
NVT.L,1996-06-17,0.75
NVT.L,1996-06-19,0.75
NVT.L,1996-11-18,2.15
NVT.L,1996-11-20,2.15
NVT.L,1997-05-19,1.2
NVT.L,1997-05-21,1.2
NVT.L,1997-11-24,1.8
NVT.L,1997-11-26,1.8
NVT.L,1998-05-18,1.2
NVT.L,1998-11-23,1.8
NVT.L,1999-03-08,0.8
NVT.L,1999-11-22,1.4000001
NVT.L,2000-05-15,1.0
NVT.L,2000-05-22,1.0
NVT.L,2000-11-20,1.3000001
NVT.L,2001-05-23,1.0
NVT.L,2001-11-14,1.0
NVT.L,2002-05-29,1.0
NVT.L,2002-11-20,1.0
NVT.L,2003-05-28,0.70000005
NVT.L,2003-12-03,1.0
NVT.L,2004-03-10,0.8
NVT.L,2004-11-24,1.2
NVT.L,2005-05-25,1.0
NVT.L,2005-11-23,1.0
NVT.L,2006-05-17,1.0
NVT.L,2006-11-22,1.5
NVT.L,2007-05-16,1.0
NVT.L,2007-11-21,1.0
NVT.L,2008-06-04,1.0
NVT.L,2008-09-17,3.0
NVT.L,2008-12-17,1.5
NVT.L,2009-06-03,1.0
NVT.L,2009-09-16,1.5
NVT.L,2010-03-03,1.0
NVT.L,2010-11-24,4.05
NVT.L,2011-06-01,0.5
NVT.L,2011-11-23,3.0
NVT.L,2012-06-06,3.0
NVT.L,2012-11-28,3.0
NVT.L,2013-06-05,3.0
NVT.L,2013-07-17,9.0
NVT.L,2013-11-27,3.0
NVT.L,2014-05-14,3.0
NVT.L,2014-11-27,3.0
NVT.L,2015-06-18,9.0
NVT.L,2015-11-26,3.0
NVT.L,2016-06-02,10.0
NVT.L,2016-11-24,3.0
NVT.L,2017-06-01,5.0
NVT.L,2017-11-23,3.0
NVT.L,2018-06-07,2.0
NVT.L,2018-11-22,2.0
NVT.L,2019-06-06,2.0
NVT.L,2019-11-21,2.0
NVT.L,2020-08-06,1.5
NVT.L,2020-12-24,2.8
NVT.L,2021-07-29,8.0
NVT.L,2021-12-16,2.0
NVT.L,2022-07-21,2.0
NVT.L,2022-12-08,2.0
NVT.L,2023-07-20,2.0
NVT.L,2023-12-14,1.6
NVT.L,2024-07-25,1.6
NVT.L,2024-12-19,1.6
NVT.L,2025-08-07,1.5
NWF.L,1996-09-02,1.6
NWF.L,1997-03-03,0.54
NWF.L,1997-08-11,1.06
NWF.L,1998-03-09,0.56
NWF.L,1998-08-24,1.1
NWF.L,1999-03-08,0.58
NWF.L,1999-08-23,1.3199999
NWF.L,2000-03-20,0.62
NWF.L,2000-08-21,1.42
NWF.L,2001-03-28,0.64
NWF.L,2001-08-22,1.5799999
NWF.L,2002-03-27,0.71999997
NWF.L,2002-08-21,1.88
NWF.L,2003-03-26,0.8
NWF.L,2003-08-20,2.16
NWF.L,2004-03-31,0.84
NWF.L,2004-08-18,2.42
NWF.L,2005-03-30,0.86
NWF.L,2005-08-17,2.48
NWF.L,2006-03-29,0.92
NWF.L,2006-08-16,2.6799998
NWF.L,2007-03-28,0.98
NWF.L,2007-08-22,2.8999999
NWF.L,2008-03-26,1.0
NWF.L,2008-08-20,2.8999999
NWF.L,2009-03-25,1.0
NWF.L,2009-08-19,3.1
NWF.L,2010-03-24,1.0
NWF.L,2010-08-18,3.3
NWF.L,2011-03-23,1.0
NWF.L,2011-08-17,3.5
NWF.L,2012-03-21,1.0
NWF.L,2012-08-22,3.5
NWF.L,2013-03-20,1.0
NWF.L,2013-08-21,3.8
NWF.L,2014-03-19,1.0
NWF.L,2014-10-30,4.1
NWF.L,2015-03-19,1.0
NWF.L,2015-10-29,4.4
NWF.L,2016-03-24,1.0
NWF.L,2016-11-03,4.7
NWF.L,2017-03-23,1.0
NWF.L,2017-11-02,5.0
NWF.L,2018-03-22,1.0
NWF.L,2018-11-01,5.2999997
NWF.L,2019-03-21,1.0
NWF.L,2019-10-31,5.6000004
NWF.L,2020-03-19,1.0
NWF.L,2020-11-05,5.9
NWF.L,2021-03-18,1.0
NWF.L,2021-11-04,6.2
NWF.L,2022-03-17,1.0
NWF.L,2022-11-03,6.5
NWF.L,2023-03-16,1.0
NWF.L,2023-11-02,6.8
NWF.L,2024-03-21,1.0
NWF.L,2024-10-31,7.1000004
NWF.L,2025-03-20,1.0
NWF.L,2025-10-30,7.4
NWG.L,1992-12-14,18.4868
NWG.L,1993-05-10,9.2434
NWG.L,1993-12-13,24.6491
NWG.L,1994-05-16,12.3246
NWG.L,1994-12-12,30.0411
NWG.L,1995-05-22,14.173201
NWG.L,1995-12-18,35.7412
NWG.L,1996-05-20,16.6382
NWG.L,1996-12-09,40.671
NWG.L,1997-05-19,19.1031
NWG.L,1997-12-08,46.8333
NWG.L,1998-05-18,21.9685
NWG.L,1998-12-14,53.8275
NWG.L,1999-05-17,25.2653
NWG.L,1999-12-13,62.5471
NWG.L,2000-08-14,29.270802
NWG.L,2001-03-14,72.4068
NWG.L,2001-08-15,33.8925
NWG.L,2002-03-13,83.190796
NWG.L,2002-08-14,39.1305
NWG.L,2003-03-12,95.5153
NWG.L,2003-08-13,44.9846
NWG.L,2004-03-10,109.996704
NWG.L,2004-08-11,51.7631
NWG.L,2005-03-09,126.943
NWG.L,2005-08-10,59.7741
NWG.L,2006-03-08,163.6085
NWG.L,2006-08-16,74.5636
NWG.L,2007-03-07,204.58769
NWG.L,2007-08-15,93.3585
NWG.L,2008-03-05,213.52301
NWG.L,2018-08-23,2.1538
NWG.L,2019-03-21,11.8462
NWG.L,2019-08-15,15.0769
NWG.L,2021-03-25,3.2308002
NWG.L,2021-08-12,3.2308002
NWG.L,2022-03-17,8.0769005
NWG.L,2022-08-25,3.7691998
NWG.L,2022-08-30,16.8
NWG.L,2023-03-16,10.0
NWG.L,2023-08-10,5.5
NWG.L,2024-03-14,11.5
NWG.L,2024-08-08,6.0
NWG.L,2025-03-13,15.5
NWG.L,2025-08-07,9.5
NXQ.L,2014-04-30,1.0
NXQ.L,2015-04-30,1.2
NXQ.L,2016-05-12,1.5
NXQ.L,2017-05-11,2.0
NXQ.L,2018-05-10,2.6000001
NXQ.L,2019-04-18,3.1
NXQ.L,2021-04-22,2.0
NXQ.L,2022-07-28,2.4
NXQ.L,2023-07-27,3.0
NXQ.L,2024-07-25,3.3
NXQ.L,2025-05-01,3.7
NXR.L,2007-12-05,5.546
NXR.L,2008-07-02,26.3435
NXR.L,2010-12-08,1.1884
NXR.L,2011-06-29,2.3769
NXR.L,2011-12-07,1.3865
NXR.L,2012-06-27,2.773
NXR.L,2012-12-05,1.5351
NXR.L,2013-06-26,3.0206
NXR.L,2013-12-04,1.6836001
NXR.L,2014-06-25,3.3672001
NXR.L,2014-12-04,1.8322
NXR.L,2015-06-25,3.7138
NXR.L,2015-12-03,2.1787999
NXR.L,2016-06-23,4.3575997
NXR.L,2016-12-15,2.3769
NXR.L,2017-06-22,4.7537
NXR.L,2017-11-30,2.6000001
NXR.L,2018-06-21,5.2000003
NXR.L,2018-11-29,2.8000002
NXR.L,2019-06-20,5.6000004
NXR.L,2019-11-28,3.1
NXR.L,2021-06-24,8.2
NXR.L,2021-11-25,3.1
NXR.L,2022-06-23,6.8999996
NXR.L,2022-11-24,3.4
NXR.L,2023-06-29,6.8
NXR.L,2023-11-30,3.4
NXR.L,2024-06-27,6.8
NXR.L,2024-11-28,3.5
NXR.L,2025-06-26,6.8999996
NXR.L,2025-11-27,3.7
NXT.L,1993-05-24,2.0
NXT.L,1993-11-15,1.5
NXT.L,1994-05-16,4.0
NXT.L,1994-11-14,2.75
NXT.L,1995-05-15,6.25
NXT.L,1995-11-27,3.7500002
NXT.L,1996-05-28,8.0
NXT.L,1996-11-25,5.0
NXT.L,1997-05-27,10.0
NXT.L,1997-12-01,6.0
NXT.L,1998-05-26,12.0
NXT.L,1998-11-30,6.5
NXT.L,1999-05-24,12.6
NXT.L,1999-12-06,7.0
NXT.L,2000-05-30,14.0
NXT.L,2000-12-04,8.0
NXT.L,2001-05-30,16.0
NXT.L,2001-11-28,9.0
NXT.L,2002-05-29,18.5
NXT.L,2002-11-06,10.0
NXT.L,2003-05-28,21.0
NXT.L,2003-11-26,11.0
NXT.L,2004-05-26,24.0
NXT.L,2004-11-24,13.0
NXT.L,2005-05-25,28.0
NXT.L,2005-11-23,14.0
NXT.L,2006-05-24,30.000002
NXT.L,2006-11-22,15.5
NXT.L,2007-05-23,33.5
NXT.L,2007-11-28,18.0
NXT.L,2008-05-28,37.0
NXT.L,2008-11-26,18.0
NXT.L,2009-05-27,37.0
NXT.L,2009-11-25,19.0
NXT.L,2010-05-26,47.0
NXT.L,2010-11-24,25.0
NXT.L,2011-05-25,52.999996
NXT.L,2011-11-23,27.5
NXT.L,2012-06-27,62.5
NXT.L,2012-11-21,31.0
NXT.L,2013-06-26,74.0
NXT.L,2013-11-20,36.0
NXT.L,2014-01-15,50.0
NXT.L,2014-04-02,50.0
NXT.L,2014-07-09,143.0
NXT.L,2014-12-04,50.0
NXT.L,2015-01-15,50.0
NXT.L,2015-04-09,60.000004
NXT.L,2015-07-09,160.0
NXT.L,2015-10-08,60.000004
NXT.L,2015-12-10,52.999996
NXT.L,2016-01-14,60.000004
NXT.L,2016-07-07,104.99999
NXT.L,2016-12-08,52.999996
NXT.L,2017-04-06,45.0
NXT.L,2017-07-06,150.0
NXT.L,2017-10-05,45.0
NXT.L,2017-12-07,52.999996
NXT.L,2018-01-04,45.0
NXT.L,2018-07-05,104.99999
NXT.L,2018-12-06,55.0
NXT.L,2019-07-04,110.0
NXT.L,2019-12-05,57.5
NXT.L,2021-08-12,110.0
NXT.L,2022-01-13,160.0
NXT.L,2022-07-07,127.0
NXT.L,2022-12-01,66.0
NXT.L,2023-07-06,140.0
NXT.L,2023-12-07,66.0
NXT.L,2024-07-04,141.0
NXT.L,2024-12-05,75.0
NXT.L,2025-07-03,158.0
NXT.L,2025-12-04,87.0
OAP3.L,2008-05-28,1.5
OAP3.L,2008-10-01,1.5
OAP3.L,2009-05-27,0.5
OAP3.L,2009-10-07,1.5
OAP3.L,2010-07-07,0.1
OAP3.L,2011-06-15,1.5
OAP3.L,2011-10-19,2.0
OAP3.L,2012-07-11,3.0
OAP3.L,2012-10-17,2.0
OAP3.L,2013-05-22,2.5
OAP3.L,2013-10-16,2.5
OAP3.L,2014-06-25,2.5
OAP3.L,2014-10-09,2.5
OAP3.L,2015-07-02,2.5
OAP3.L,2015-11-12,2.5
OAP3.L,2016-08-11,2.5
OAP3.L,2016-11-10,19.0
OAP3.L,2017-06-29,1.7
OAP3.L,2017-11-02,10.7
OAP3.L,2017-11-23,1.6
OAP3.L,2018-06-28,1.6
OAP3.L,2018-11-22,1.5
OAP3.L,2019-07-18,1.5
OAP3.L,2019-12-19,1.5
OAP3.L,2019-12-27,1.5
OAP3.L,2020-08-13,1.1
OAP3.L,2020-12-24,2.4
OAP3.L,2021-07-08,1.3000001
OAP3.L,2021-12-30,4.4
OAP3.L,2022-04-21,1.3000001
OAP3.L,2022-10-20,1.3000001
OAP3.L,2023-04-06,1.3000001
OAP3.L,2023-11-23,1.4000001
OAP3.L,2024-04-11,1.3000001
OAP3.L,2024-12-05,1.3000001
OAP3.L,2025-04-17,2.6000002
OAP3.L,2025-12-04,1.3000001
OCI.L,2016-12-29,4.5
OCI.L,2017-10-05,2.25
OCI.L,2018-04-11,2.25
OCI.L,2018-04-12,2.25
OCI.L,2018-09-27,2.25
OCI.L,2019-04-04,2.25
OCI.L,2019-09-26,2.25
OCI.L,2020-04-02,2.25
OCI.L,2020-10-01,2.25
OCI.L,2021-03-25,2.25
OCI.L,2021-09-23,2.25
OCI.L,2022-03-24,2.25
OCI.L,2022-09-22,2.25
OCI.L,2023-03-16,2.25
OCI.L,2023-09-21,2.25
OCI.L,2024-03-21,2.25
OCI.L,2024-09-19,2.25
OCI.L,2025-03-20,2.25
OCN.L,2006-10-04,1.069
OCN.L,2007-04-17,10.14
OCN.L,2007-09-05,1.9719999
OCN.L,2008-04-09,18.277
OCN.L,2008-08-27,2.201
OCN.L,2009-04-08,17.438
OCN.L,2009-08-26,2.455
OCN.L,2010-03-03,25.138899
OCN.L,2010-09-01,2.592
OCN.L,2011-05-11,23.486
OCN.L,2011-08-31,2.476
OCN.L,2012-05-02,17.9567
OCN.L,2012-09-05,2.4971
OCN.L,2013-05-01,24.4185
OCN.L,2014-05-07,35.6146
OCN.L,2015-05-07,40.7767
OCN.L,2016-05-05,43.6681
OCN.L,2017-05-11,48.875
OCN.L,2018-05-10,51.6872
OCN.L,2019-05-09,53.8544
OCN.L,2020-05-07,24.321001
OCN.L,2020-11-19,30.1318
OCN.L,2021-05-13,49.656002
OCN.L,2022-05-19,56.036697
OCN.L,2023-05-18,56.2475
OCN.L,2024-05-16,66.9081
OCN.L,2025-04-24,91.535995
OCN.L,2025-06-26,43.022
OFG.L,2025-09-04,5.6000004
OHGR.L,2025-09-04,4.13
OMG.L,2007-02-07,0.1
OMG.L,2007-12-05,0.115
OMG.L,2008-12-10,0.115
OMG.L,2009-12-16,0.15
OMG.L,2010-12-15,0.3
OMG.L,2011-12-14,0.3
OMG.L,2012-12-19,0.35000002
OMG.L,2013-12-18,0.4
OMG.L,2014-12-18,0.5
OMG.L,2015-04-23,4.5
OMG.L,2015-06-18,5.0
OMG.L,2015-12-17,4.4
OMG.L,2016-12-15,1.0
OMG.L,2017-12-14,1.2
OMG.L,2018-12-13,2.5
OMG.L,2019-12-12,1.8
OMG.L,2020-12-10,1.8
OMG.L,2021-12-09,2.0
OMG.L,2022-12-29,2.5
OMG.L,2023-12-14,2.75
OMG.L,2024-12-12,3.25
OMI.L,2008-03-19,0.97
OMIP.L,2013-06-26,0.078
OMIP.L,2013-11-13,0.077
OMIP.L,2014-06-25,0.071
OMIP.L,2014-11-13,0.071
OMIP.L,2015-08-06,0.071
OMIP.L,2015-11-12,0.071
OMIP.L,2016-07-07,0.071
OMIP.L,2020-05-14,0.055
OMIP.L,2021-04-15,0.055
OMIP.L,2022-05-05,0.055
OMIP.L,2023-04-06,0.055
OMIP.L,2024-05-09,0.055
OMU.L,2018-09-20,2.2562
OMU.L,2019-03-28,3.7300003
OMU.L,2019-09-19,2.46
OMU.L,2020-04-02,3.7099998
OMU.L,2021-04-15,1.7069999
OMU.L,2021-09-16,1.25
OMU.L,2022-04-14,2.5825999
OMU.L,2022-09-22,1.2513
OMU.L,2023-04-13,2.2733
OMU.L,2023-10-19,1.3814
OMU.L,2024-04-18,2.044
OMU.L,2024-10-17,1.468
OMU.L,2025-04-10,2.2032
OMU.L,2025-10-01,1.5534999
OOA.L,2008-12-10,0.4
OOA.L,2009-06-17,0.4
OOA.L,2010-10-20,2.5
OOA.L,2011-01-12,2.5
OOA.L,2011-07-06,2.5
OOA.L,2011-10-26,2.5
OOA.L,2012-06-27,2.5
OOA.L,2012-10-31,2.5
OOA.L,2013-06-19,2.5
OOA.L,2013-12-18,2.5
OOA.L,2014-06-25,3.0
OOA.L,2014-12-18,2.5
OOA.L,2015-07-02,6.8
OOA.L,2015-12-17,2.5
OOA.L,2016-06-23,2.5
OOA.L,2016-12-29,2.5
OOA.L,2017-07-06,3.0
OOA.L,2017-12-21,2.5
OOA.L,2018-06-21,3.0
OOA.L,2018-12-20,2.5
OOA.L,2019-07-04,3.0
OOA.L,2019-12-19,6.0
OOA.L,2020-07-09,3.0
OOA.L,2020-12-17,2.5
OOA.L,2021-07-08,6.0
OOA.L,2021-12-16,2.5
OOA.L,2022-07-28,3.0
OOA.L,2022-12-08,2.5
OOA.L,2023-07-27,2.5
OOA.L,2023-12-21,2.5
OOA.L,2024-07-25,7.4
OOA.L,2024-12-19,2.5
OOA.L,2025-07-31,2.5
OPG.L,2016-12-29,0.26
OPG.L,2017-11-09,0.71999997
ORCH.L,2016-04-21,1.4050001
ORCH.L,2016-12-15,1.4050001
ORCH.L,2017-06-22,1.0
ORCH.L,2017-12-07,2.0
ORCH.L,2018-06-14,1.0
ORCH.L,2018-12-13,2.0
ORCH.L,2019-06-13,1.0
ORCH.L,2019-12-12,2.0
ORCH.L,2020-06-11,1.0
ORCH.L,2020-12-10,2.0
ORCH.L,2021-06-10,1.0
ORCH.L,2021-12-09,2.0
ORCH.L,2022-06-09,1.0
ORCH.L,2022-12-22,2.0
ORCH.L,2023-06-08,1.0
ORCH.L,2024-01-18,2.0
ORCH.L,2025-06-12,2.0
ORCH.L,2025-12-04,1.0
ORIT.L,2020-08-13,1.0521001
ORIT.L,2020-11-12,1.0521001
ORIT.L,2021-02-18,1.0521001
ORIT.L,2021-05-20,1.2407
ORIT.L,2021-08-12,1.25
ORIT.L,2021-11-11,1.25
ORIT.L,2022-02-17,1.25
ORIT.L,2022-05-12,1.3100001
ORIT.L,2022-08-11,1.3100001
ORIT.L,2022-11-10,1.3100001
ORIT.L,2023-02-09,1.3100001
ORIT.L,2023-05-18,1.4399999
ORIT.L,2023-08-17,1.4499999
ORIT.L,2023-11-16,1.4499999
ORIT.L,2024-02-08,1.4499999
ORIT.L,2024-05-16,1.5
ORIT.L,2024-08-15,1.51
ORIT.L,2024-11-14,1.5
ORIT.L,2025-02-13,1.51
ORIT.L,2025-05-15,1.54
ORIT.L,2025-08-14,1.54
ORIT.L,2025-11-13,1.54
OSB.L,2015-05-14,3.9
OSB.L,2015-10-15,2.0
OSB.L,2016-03-24,6.7000003
OSB.L,2016-10-13,2.8999999
OSB.L,2017-03-30,7.6
OSB.L,2017-10-12,3.5
OSB.L,2018-03-22,9.3
OSB.L,2018-10-11,4.3
OSB.L,2019-03-21,10.3
OSB.L,2019-08-29,4.9
OSB.L,2021-04-15,14.5
OSB.L,2021-08-26,4.9
OSB.L,2022-03-24,21.1
OSB.L,2022-08-25,8.7
OSB.L,2023-03-23,33.5
OSB.L,2023-08-24,10.2
OSB.L,2024-04-04,21.8
OSB.L,2024-08-22,10.7
OSB.L,2025-03-27,22.9
OSB.L,2025-08-28,11.200001
OSEC.L,2006-08-16,1.4000001
OSEC.L,2007-02-28,1.0
OSEC.L,2007-07-25,1.0
OSEC.L,2008-03-19,1.0
OSEC.L,2008-03-20,1.0
OSEC.L,2008-09-10,0.5
OSEC.L,2009-04-22,0.35000002
OSEC.L,2009-11-13,1.0
OSEC.L,2010-04-14,1.0
OSEC.L,2010-09-22,1.5
OSEC.L,2011-05-11,1.65
OSEC.L,2011-09-07,1.6
OSEC.L,2012-05-09,1.6
OSEC.L,2012-08-08,1.6
OSEC.L,2013-04-24,1.7
OSEC.L,2013-09-18,1.8
OSEC.L,2014-04-23,2.0
OSEC.L,2014-09-17,2.0
OSEC.L,2015-05-07,4.0
OSEC.L,2015-09-17,2.0
OSEC.L,2016-04-28,2.0
OSEC.L,2016-09-15,2.0
OSEC.L,2017-03-23,2.0
OSEC.L,2017-09-14,2.1
OSEC.L,2018-04-19,2.1
OSEC.L,2018-09-27,2.1
OSEC.L,2019-05-02,2.1
OSEC.L,2019-10-17,6.0
OSEC.L,2020-04-30,2.1
OSEC.L,2020-10-15,2.1
OSEC.L,2021-04-29,2.1
OSEC.L,2021-10-14,3.8
OSEC.L,2022-05-05,2.1
OSEC.L,2022-10-13,2.1
OSEC.L,2023-05-04,2.3
OSEC.L,2023-10-12,1.8
OSEC.L,2024-05-30,5.4
OSEC.L,2024-10-31,1.8
OSEC.L,2025-04-24,1.8
OSEC.L,2025-11-06,1.8
OT1.L,1998-03-30,1.75
OT1.L,1999-04-01,0.5
OT1.L,1999-04-02,0.5
OT1.L,2006-03-08,10.0
OT1.L,2009-01-28,5.0
OT1.L,2010-06-16,10.0
OT1.L,2013-04-10,10.0
OT1.L,2016-06-30,1.3000001
OT1.L,2017-06-29,1.0
OT3.L,2016-01-21,7.0
OT3.L,2016-04-28,15.000001
OT3.L,2017-06-29,4.0
OT3.L,2021-09-30,6.0
OT4.L,2011-08-03,3.0
OT4.L,2012-03-21,14.0
OT4.L,2015-07-09,10.0
OT4.L,2016-01-21,10.0
OT4.L,2018-08-09,3.0
OT4.L,2019-04-11,3.0
OT4.L,2020-07-16,5.0
OTB.L,2017-01-05,2.2
OTB.L,2017-06-01,0.9
OTB.L,2018-01-11,1.9
OTB.L,2018-05-31,1.1
OTB.L,2019-01-10,2.2
OTB.L,2019-05-30,1.3000001
OTB.L,2020-01-09,2.0
OTB.L,2024-05-30,0.9
OTB.L,2025-01-30,2.1
OTB.L,2025-05-29,1.0
OTV2.L,2009-03-11,0.5
OTV2.L,2009-07-08,0.5
OTV2.L,2010-03-03,0.5
OTV2.L,2011-03-09,0.75
OTV2.L,2011-03-10,0.75
OTV2.L,2011-06-29,0.75
OTV2.L,2012-03-07,1.0
OTV2.L,2012-06-27,1.5
OTV2.L,2013-01-09,34.0
OTV2.L,2013-06-26,2.5
OTV2.L,2014-03-05,2.5
OTV2.L,2014-06-25,2.5
OTV2.L,2014-11-06,2.5
OTV2.L,2015-07-09,2.0
OTV2.L,2016-04-14,7.0
OTV2.L,2016-08-11,2.0
OTV2.L,2017-04-06,3.0
OTV2.L,2017-08-03,2.0
OTV2.L,2018-04-12,3.0
OTV2.L,2018-08-02,2.0
OTV2.L,2019-04-11,3.0
OTV2.L,2019-10-24,2.0
OTV2.L,2020-04-09,3.0
OTV2.L,2020-11-26,2.0
OTV2.L,2021-04-15,3.0
OTV2.L,2021-12-01,2.0
OTV2.L,2021-12-02,8.0
OTV2.L,2022-04-28,3.0
OTV2.L,2022-12-08,2.0
OTV2.L,2023-05-04,3.0
OTV2.L,2023-11-30,2.0
OTV2.L,2024-05-09,1.9
OTV2.L,2024-11-28,1.2
OTV2.L,2025-04-24,0.5
OXH.L,2001-05-23,1.0
OXH.L,2006-03-08,5.0
OXH.L,2016-01-21,2.5
OXH.L,2017-11-23,8.0
OXH.L,2020-02-06,0.15
OXIG.L,1993-02-15,1.4000001
OXIG.L,1993-08-16,3.1
OXIG.L,1994-02-14,1.5
OXIG.L,1994-08-15,3.4
OXIG.L,1995-02-06,1.7
OXIG.L,1995-08-21,4.0
OXIG.L,1996-02-12,1.9
OXIG.L,1996-08-19,4.6
OXIG.L,1997-02-17,2.1
OXIG.L,1997-08-26,5.4
OXIG.L,1998-02-16,2.3
OXIG.L,1998-08-24,5.7999997
OXIG.L,1999-03-01,2.4
OXIG.L,1999-08-31,6.0
OXIG.L,2000-02-21,2.4
OXIG.L,2000-09-04,6.0
OXIG.L,2001-02-21,2.4
OXIG.L,2001-09-05,6.0
OXIG.L,2002-02-20,2.4
OXIG.L,2002-09-04,6.0
OXIG.L,2003-02-19,2.4
OXIG.L,2003-09-03,6.0
OXIG.L,2004-02-25,2.4
OXIG.L,2004-09-29,6.0
OXIG.L,2005-02-23,2.4
OXIG.L,2005-09-28,6.0
OXIG.L,2006-03-08,2.4
OXIG.L,2006-09-27,6.0
OXIG.L,2007-03-07,2.4
OXIG.L,2007-09-26,6.0
OXIG.L,2008-02-27,2.4
OXIG.L,2008-09-24,6.0
OXIG.L,2009-03-04,2.4
OXIG.L,2009-09-30,6.0
OXIG.L,2010-03-03,2.4
OXIG.L,2010-09-29,6.0
OXIG.L,2011-03-02,2.52
OXIG.L,2011-09-28,6.48
OXIG.L,2012-03-07,2.772
OXIG.L,2012-09-26,7.2279997
OXIG.L,2013-03-06,3.05
OXIG.L,2013-09-25,8.150001
OXIG.L,2014-03-05,3.36
OXIG.L,2014-09-24,9.04
OXIG.L,2015-03-05,3.7
OXIG.L,2015-09-24,9.3
OXIG.L,2016-03-10,3.7
OXIG.L,2016-09-22,9.3
OXIG.L,2017-03-09,3.7
OXIG.L,2017-09-21,9.3
OXIG.L,2018-02-22,3.7
OXIG.L,2018-09-13,9.6
OXIG.L,2019-02-28,3.8
OXIG.L,2019-09-12,10.599999
OXIG.L,2021-03-04,4.1
OXIG.L,2021-09-09,12.9
OXIG.L,2021-12-02,4.4
OXIG.L,2022-07-14,13.7
OXIG.L,2022-12-01,4.6
OXIG.L,2023-08-03,14.900001
OXIG.L,2023-11-30,4.9
OXIG.L,2024-07-11,15.9
OXIG.L,2024-11-28,5.1
OXIG.L,2025-07-10,17.1
OXIG.L,2025-11-27,5.4
PAC.L,1986-03-10,0.0438
PAC.L,1987-03-23,0.1925
PAC.L,1988-03-07,0.0531
PAC.L,1989-03-13,0.0531
PAC.L,1990-02-12,0.0547
PAC.L,1991-03-11,0.0625
PAC.L,1992-03-09,0.0625
PAC.L,1993-03-15,0.0688
PAC.L,1994-03-14,0.3
PAC.L,1995-03-20,0.32500002
PAC.L,1996-01-22,0.35000002
PAC.L,1997-04-14,0.4
PAC.L,1998-04-14,0.4
PAC.L,1999-04-12,0.4
PAC.L,2000-04-10,0.4
PAC.L,2001-04-18,0.42
PAC.L,2002-04-17,0.45
PAC.L,2003-04-09,0.5
PAC.L,2004-04-07,0.6
PAC.L,2005-05-18,1.02
PAC.L,2006-05-24,1.05
PAC.L,2007-05-23,1.12
PAC.L,2008-05-21,1.12
PAC.L,2009-05-20,1.2900001
PAC.L,2010-06-02,1.2900001
PAC.L,2011-06-01,1.2900001
PAC.L,2012-05-30,2.6000001
PAC.L,2013-05-29,2.6000001
PAC.L,2014-05-28,2.6000001
PAC.L,2015-05-28,2.6000001
PAC.L,2016-06-02,2.2
PAC.L,2017-06-01,2.6000001
PAC.L,2018-05-31,2.6000001
PAC.L,2019-05-30,3.0
PAC.L,2020-05-28,3.0
PAC.L,2021-05-13,2.4
PAC.L,2022-06-09,1.9
PAC.L,2023-06-08,2.3
PAC.L,2024-06-13,4.0
PAC.L,2025-06-12,4.9
PAF.L,2009-03-18,0.2439
PAF.L,2010-12-01,0.3547
PAF.L,2011-11-09,0.4897
PAF.L,2013-12-04,0.80300003
PAF.L,2014-12-04,0.81270003
PAF.L,2015-12-10,0.53110003
PAF.L,2016-12-08,0.87820005
PAF.L,2017-12-07,0.4473
PAF.L,2019-12-12,0.1173
PAF.L,2020-12-03,0.6886
PAF.L,2021-12-02,0.8495
PAF.L,2022-12-01,0.8692
PAF.L,2023-11-30,0.7624
PAF.L,2024-11-28,0.9594
PAF.L,2025-11-27,1.6379001
PAG.L,1995-12-18,8.146
PAG.L,1996-06-24,8.9606
PAG.L,1996-12-30,10.5898
PAG.L,1997-06-30,9.7752
PAG.L,1998-01-05,12.219
PAG.L,1998-06-29,11.0432
PAG.L,1999-03-01,14.4411
PAG.L,1999-06-28,12.742101
PAG.L,2000-01-17,16.140001
PAG.L,2000-06-26,14.4411
PAG.L,2000-12-27,17.838999
PAG.L,2001-06-27,16.140001
PAG.L,2002-01-02,19.5379
PAG.L,2002-06-26,17.838999
PAG.L,2003-01-15,25.484299
PAG.L,2003-07-02,22.0864
PAG.L,2004-01-14,31.4306
PAG.L,2004-06-30,33.1295
PAG.L,2005-01-12,48.4201
PAG.L,2005-06-29,44.172703
PAG.L,2006-01-11,62.8612
PAG.L,2006-06-28,58.6138
PAG.L,2007-01-10,85.797
PAG.L,2007-06-27,67.958
PAG.L,2008-07-02,1.0
PAG.L,2009-01-07,2.0
PAG.L,2009-07-01,1.1
PAG.L,2010-01-13,2.2
PAG.L,2010-06-30,1.2
PAG.L,2011-01-12,2.4
PAG.L,2011-06-29,1.35
PAG.L,2012-01-11,2.6499999
PAG.L,2012-07-04,1.5
PAG.L,2013-01-09,4.5
PAG.L,2013-07-03,2.4
PAG.L,2014-01-08,4.8
PAG.L,2014-07-02,3.0
PAG.L,2015-01-08,6.0
PAG.L,2015-07-02,3.6
PAG.L,2016-01-07,7.4
PAG.L,2016-06-30,4.3
PAG.L,2017-01-05,9.2
PAG.L,2017-07-06,4.7
PAG.L,2018-01-04,11.0
PAG.L,2018-07-05,5.5
PAG.L,2019-01-10,13.9
PAG.L,2019-07-04,7.0
PAG.L,2020-01-09,14.200001
PAG.L,2021-01-28,14.4
PAG.L,2021-07-01,7.2
PAG.L,2022-01-27,18.9
PAG.L,2022-07-07,9.4
PAG.L,2023-02-02,19.2
PAG.L,2023-07-06,11.0
PAG.L,2024-02-01,26.4
PAG.L,2024-07-04,13.2
PAG.L,2025-02-06,27.2
PAG.L,2025-07-03,13.6
PAGE.L,2001-09-19,0.28
PAGE.L,2002-05-08,2.3
PAGE.L,2002-09-18,1.1
PAGE.L,2003-05-07,2.3
PAGE.L,2003-09-17,1.1
PAGE.L,2004-05-05,2.3
PAGE.L,2004-09-15,1.25
PAGE.L,2005-05-04,2.75
PAGE.L,2005-09-14,1.5
PAGE.L,2006-05-03,3.5
PAGE.L,2006-09-13,1.8
PAGE.L,2007-05-02,4.2
PAGE.L,2007-09-12,2.4
PAGE.L,2008-05-07,5.6000004
PAGE.L,2008-09-10,2.8799999
PAGE.L,2009-05-06,5.12
PAGE.L,2009-09-09,2.8799999
PAGE.L,2010-05-05,5.12
PAGE.L,2010-09-08,2.8799999
PAGE.L,2011-05-04,6.12
PAGE.L,2011-09-07,3.25
PAGE.L,2012-05-02,6.7500005
PAGE.L,2012-09-05,3.25
PAGE.L,2013-05-22,6.7500005
PAGE.L,2013-09-04,3.25
PAGE.L,2014-05-21,7.25
PAGE.L,2014-09-03,3.42
PAGE.L,2015-05-21,7.58
PAGE.L,2015-09-03,19.6
PAGE.L,2016-05-19,7.9000006
PAGE.L,2016-09-08,10.21
PAGE.L,2017-05-18,8.23
PAGE.L,2017-09-07,16.63
PAGE.L,2018-05-17,8.6
PAGE.L,2018-09-06,16.83
PAGE.L,2019-05-16,9.0
PAGE.L,2019-09-05,17.03
PAGE.L,2021-09-02,31.41
PAGE.L,2022-05-19,10.3
PAGE.L,2022-09-01,31.619999
PAGE.L,2023-05-18,10.76
PAGE.L,2023-08-31,21.0
PAGE.L,2024-05-16,11.240001
PAGE.L,2024-08-29,5.3599997
PAGE.L,2025-05-15,11.75
PAGE.L,2025-08-28,5.3599997
PAY.L,2005-06-22,5.6333003
PAY.L,2005-11-30,3.25
PAY.L,2006-05-31,8.125
PAY.L,2006-11-22,4.9833
PAY.L,2007-06-20,9.8583
PAY.L,2007-11-28,5.7417
PAY.L,2008-06-25,11.2667
PAY.L,2008-12-03,6.5
PAY.L,2009-06-10,12.566701
PAY.L,2009-12-02,8.016701
PAY.L,2010-06-16,15.6
PAY.L,2010-12-01,8.45
PAY.L,2011-06-22,16.9
PAY.L,2011-11-30,9.425
PAY.L,2012-06-27,19.2833
PAY.L,2012-12-05,11.05
PAY.L,2013-06-26,38.1333
PAY.L,2013-12-04,12.349999
PAY.L,2014-06-25,25.8917
PAY.L,2014-12-04,13.4333
PAY.L,2015-06-25,28.275002
PAY.L,2015-12-03,15.3833
PAY.L,2016-06-30,53.3
PAY.L,2016-12-01,29.466702
PAY.L,2017-01-05,42.1417
PAY.L,2017-06-22,59.041702
PAY.L,2017-12-07,29.7917
PAY.L,2018-06-21,59.691696
PAY.L,2018-12-06,30.116701
PAY.L,2019-06-27,22.75
PAY.L,2019-09-05,22.75
PAY.L,2019-12-05,22.75
PAY.L,2020-02-06,22.75
PAY.L,2020-06-25,8.45
PAY.L,2020-08-27,8.45
PAY.L,2020-12-03,8.45
PAY.L,2021-02-04,8.45
PAY.L,2021-06-24,8.991699
PAY.L,2021-08-26,8.991699
PAY.L,2021-12-02,9.2083
PAY.L,2022-02-03,9.2083
PAY.L,2022-06-09,9.75
PAY.L,2022-09-01,9.75
PAY.L,2022-12-01,9.9667
PAY.L,2023-02-02,9.9667
PAY.L,2023-08-10,20.15
PAY.L,2023-11-30,10.2917
PAY.L,2024-02-01,10.2917
PAY.L,2024-07-04,10.400001
PAY.L,2024-08-29,10.400001
PAY.L,2024-11-28,10.508301
PAY.L,2025-02-27,10.508301
PAY.L,2025-07-03,10.6167
PAY.L,2025-08-28,10.6167
PAY.L,2025-10-20,54.16
PAY.L,2025-11-27,9.9
PCA.L,2014-04-02,2.0
PCA.L,2014-07-09,2.5
PCA.L,2014-12-04,6.0
PCA.L,2015-07-09,7.0
PCA.L,2015-12-10,7.0
PCA.L,2016-07-07,9.0
PCA.L,2016-12-08,9.0
PCA.L,2017-07-06,9.5
PCA.L,2017-12-07,9.5
PCA.L,2018-03-22,4.75
PCA.L,2018-07-05,4.75
PCA.L,2018-10-04,4.75
PCA.L,2018-12-06,4.75
PCA.L,2019-03-21,4.75
PCA.L,2019-06-13,4.75
PCA.L,2019-09-26,4.75
PCA.L,2019-12-05,4.75
PCA.L,2020-07-23,2.5
PCA.L,2020-09-24,2.5
PCA.L,2020-12-10,2.5
PCA.L,2021-03-18,2.5
PCA.L,2021-07-01,3.0
PCA.L,2021-09-23,3.0
PCA.L,2021-12-09,3.25
PCA.L,2022-03-24,3.25
PCA.L,2022-06-30,3.7500002
PCA.L,2022-09-22,3.7500002
PCA.L,2022-12-22,3.7500002
PCA.L,2023-03-23,3.7500002
PCA.L,2023-07-06,3.7500002
PCA.L,2023-09-21,3.7500002
PCA.L,2023-11-23,3.7500002
PCA.L,2024-03-21,3.7500002
PCA.L,2024-07-25,3.7500002
PCA.L,2024-09-26,3.7500002
PCA.L,2024-11-28,3.7500002
PCA.L,2025-03-20,3.7500002
PCA.L,2025-06-12,3.7500002
PCA.L,2025-09-25,3.7500002
PCFT.L,2014-03-12,0.5502
PCFT.L,2014-07-30,1.416
PCFT.L,2015-02-12,1.0923
PCFT.L,2015-05-14,0.4855
PCFT.L,2015-08-06,1.4969
PCFT.L,2016-02-11,1.1125001
PCFT.L,2016-08-04,1.5777999
PCFT.L,2017-02-09,1.2946
PCFT.L,2017-07-20,1.6991
PCFT.L,2018-02-08,1.4564
PCFT.L,2018-07-19,1.8205
PCFT.L,2019-02-07,1.5373
PCFT.L,2019-08-01,1.9419
PCFT.L,2019-08-02,2.4
PCFT.L,2020-02-06,1.6182
PCFT.L,2020-08-06,1.9419
PCFT.L,2021-01-28,1.6182
PCFT.L,2021-08-05,2.4
PCFT.L,2022-01-06,2.0
PCFT.L,2022-08-04,2.4
PCFT.L,2023-02-02,2.05
PCFT.L,2023-08-03,2.45
PCFT.L,2024-02-01,2.1
PCFT.L,2024-08-01,2.5
PCFT.L,2025-02-06,2.2
PCFT.L,2025-08-07,4.2
PCGH.L,2010-11-03,0.4
PCGH.L,2011-02-09,0.4
PCGH.L,2011-05-11,0.4
PCGH.L,2011-08-10,1.8
PCGH.L,2011-11-02,0.46
PCGH.L,2011-11-03,0.46
PCGH.L,2012-02-08,0.46
PCGH.L,2012-05-16,0.46
PCGH.L,2012-08-15,1.8
PCGH.L,2012-11-07,0.5
PCGH.L,2013-02-06,0.5
PCGH.L,2013-05-15,0.5
PCGH.L,2013-08-07,1.8
PCGH.L,2013-11-06,0.55
PCGH.L,2014-02-19,0.55
PCGH.L,2014-05-14,0.55
PCGH.L,2014-08-13,1.8
PCGH.L,2014-11-13,0.6
PCGH.L,2015-02-05,0.6
PCGH.L,2015-05-14,0.6
PCGH.L,2015-08-06,1.8
PCGH.L,2015-11-05,0.65000004
PCGH.L,2016-02-04,0.65000004
PCGH.L,2016-05-19,0.65000004
PCGH.L,2016-07-28,2.0
PCGH.L,2016-11-03,0.75
PCGH.L,2017-02-09,0.75
PCGH.L,2017-05-18,1.65
PCGH.L,2018-02-01,1.0
PCGH.L,2018-07-26,1.0
PCGH.L,2019-02-07,1.0
PCGH.L,2019-08-01,1.0
PCGH.L,2020-02-06,1.1
PCGH.L,2020-08-06,1.0
PCGH.L,2021-02-04,1.0
PCGH.L,2021-08-05,1.0
PCGH.L,2022-02-03,1.0
PCGH.L,2022-08-04,1.0
PCGH.L,2023-02-02,1.1
PCGH.L,2023-08-03,1.0
PCGH.L,2024-02-01,1.2
PCGH.L,2024-08-01,1.2
PCGH.L,2025-02-06,1.2
PCGH.L,2025-08-07,1.2
PCTN.L,2006-02-15,1.16
PCTN.L,2006-05-17,1.563
PCTN.L,2006-08-16,1.563
PCTN.L,2006-11-08,1.563
PCTN.L,2007-02-14,1.563
PCTN.L,2007-05-16,1.563
PCTN.L,2007-08-15,1.563
PCTN.L,2007-11-14,1.563
PCTN.L,2008-02-13,1.563
PCTN.L,2008-05-14,1.563
PCTN.L,2008-08-13,1.563
PCTN.L,2008-11-12,1.0
PCTN.L,2009-02-11,1.0
PCTN.L,2009-08-12,1.0
PCTN.L,2009-11-11,1.0
PCTN.L,2010-02-10,1.0
PCTN.L,2010-05-05,1.0
PCTN.L,2010-08-11,1.0
PCTN.L,2010-11-10,1.0
PCTN.L,2011-02-09,1.0
PCTN.L,2011-05-11,1.0
PCTN.L,2011-08-10,1.0
PCTN.L,2011-11-09,1.0
PCTN.L,2012-02-08,1.0
PCTN.L,2012-05-09,1.0
PCTN.L,2012-08-08,1.0
PCTN.L,2012-11-14,0.75
PCTN.L,2013-02-13,0.75
PCTN.L,2013-05-15,0.75
PCTN.L,2013-08-14,0.75
PCTN.L,2013-11-13,0.75
PCTN.L,2014-02-12,0.75
PCTN.L,2014-05-14,0.75
PCTN.L,2014-08-13,0.75
PCTN.L,2014-11-13,0.75
PCTN.L,2015-02-12,0.75
PCTN.L,2015-05-14,0.825
PCTN.L,2015-08-13,0.825
PCTN.L,2015-11-12,0.825
PCTN.L,2016-02-11,0.825
PCTN.L,2016-05-12,0.825
PCTN.L,2016-08-11,0.825
PCTN.L,2016-11-10,0.825
PCTN.L,2017-02-09,0.85
PCTN.L,2017-05-11,0.85
PCTN.L,2017-08-10,0.85
PCTN.L,2017-11-16,0.85
PCTN.L,2018-02-08,0.875
PCTN.L,2018-05-10,0.875
PCTN.L,2018-08-09,0.875
PCTN.L,2018-11-15,0.875
PCTN.L,2019-01-31,0.875
PCTN.L,2019-05-09,0.875
PCTN.L,2019-08-08,0.875
PCTN.L,2019-10-31,0.875
PCTN.L,2020-02-13,0.875
PCTN.L,2020-05-07,0.625
PCTN.L,2020-08-06,0.625
PCTN.L,2020-11-05,0.70000005
PCTN.L,2021-02-04,0.8
PCTN.L,2021-05-13,0.8
PCTN.L,2021-08-05,0.85
PCTN.L,2021-11-04,0.85
PCTN.L,2022-02-03,0.875
PCTN.L,2022-05-12,0.875
PCTN.L,2022-08-04,0.875
PCTN.L,2022-11-03,0.875
PCTN.L,2023-02-09,0.875
PCTN.L,2023-05-04,0.875
PCTN.L,2023-08-03,0.875
PCTN.L,2023-11-09,0.875
PCTN.L,2024-02-08,0.875
PCTN.L,2024-05-09,0.925
PCTN.L,2024-08-08,0.925
PCTN.L,2024-11-07,0.925
PCTN.L,2025-02-06,0.925
PCTN.L,2025-05-15,0.95
PCTN.L,2025-08-07,0.95
PCTN.L,2025-11-06,0.95
PDL.L,2015-10-15,87.26539
PEB.L,1994-05-16,0.50920004
PEB.L,1994-09-12,0.2448
PEB.L,1995-05-30,0.7443
PEB.L,1995-09-11,0.284
PEB.L,1996-04-09,0.8072
PEB.L,1996-10-14,0.33470002
PEB.L,1997-04-28,0.945
PEB.L,1997-09-15,0.49220002
PEB.L,1998-04-06,1.1419001
PEB.L,1998-08-17,0.59070003
PEB.L,1999-04-06,1.1025001
PEB.L,2000-04-10,0.2363
PEB.L,2001-06-06,0.39380002
PEB.L,2002-07-03,0.098400004
PEB.L,2003-07-02,0.19690001
PEB.L,2004-06-30,0.19690001
PEB.L,2005-06-29,0.2
PEB.L,2006-06-28,0.5
PEB.L,2007-06-27,1.0
PEB.L,2008-06-25,1.25
PEB.L,2009-06-24,1.3000001
PEB.L,2010-06-23,1.3000001
PEB.L,2011-06-22,1.3889
PEB.L,2012-06-27,1.3889
PEB.L,2013-06-26,1.3889
PEB.L,2014-06-25,1.25
PEB.L,2015-06-25,1.5
PEB.L,2016-06-23,1.5
PEBB.L,2023-04-27,0.6
PEBB.L,2024-04-04,1.2
PEBB.L,2025-05-15,1.85
PEEL.L,2022-06-16,3.1
PEMB.L,2016-09-29,2.0
PEMB.L,2017-05-04,1.0
PEMB.L,2017-09-21,2.0
PEMB.L,2018-09-27,3.0
PEMB.L,2019-09-26,3.0
PEMB.L,2020-10-08,3.0
PEMB.L,2021-01-28,4.0
PEMB.L,2021-05-20,4.0
PEMB.L,2021-10-21,3.0
PEMB.L,2022-07-07,5.0
PEMB.L,2023-04-27,2.5
PEMB.L,2023-10-26,2.5
PEMB.L,2024-03-21,2.0
PEMB.L,2024-09-05,2.0
PEMB.L,2025-02-27,1.0
PEMB.L,2025-04-24,2.0
PETS.L,2014-12-11,1.8
PETS.L,2015-08-13,3.6
PETS.L,2015-12-10,2.0
PETS.L,2016-08-18,5.5
PETS.L,2016-12-01,2.5
PETS.L,2017-06-15,5.0
PETS.L,2017-12-07,2.5
PETS.L,2018-06-14,5.0
PETS.L,2018-12-06,2.5
PETS.L,2019-06-13,5.0
PETS.L,2019-12-05,2.5
PETS.L,2020-06-18,5.0
PETS.L,2020-12-03,2.5
PETS.L,2021-06-17,5.5
PETS.L,2021-12-02,4.3
PETS.L,2022-06-16,7.5000005
PETS.L,2022-12-01,4.5
PETS.L,2023-06-15,8.299999
PETS.L,2023-12-07,4.5
PETS.L,2024-06-06,8.299999
PETS.L,2024-12-05,4.7
PETS.L,2025-06-05,8.299999
PETS.L,2025-12-04,4.7
PEY.L,2007-11-14,0.3
PEY.L,2008-05-21,0.3
PEY.L,2011-06-08,0.22
PEY.L,2011-11-16,0.23
PEY.L,2012-05-23,0.24
PEY.L,2012-11-21,0.25
PEY.L,2013-05-22,0.26
PEY.L,2013-11-20,0.27
PEY.L,2014-05-28,0.27
PEY.L,2014-11-27,0.27
PEY.L,2015-05-28,0.27
PEY.L,2015-11-26,0.27
PEY.L,2016-05-26,0.27
PEY.L,2016-11-24,0.27
PEY.L,2017-06-08,0.28
PEY.L,2017-11-23,0.28
PEY.L,2018-06-07,0.28
PEY.L,2018-11-08,0.28
PEY.L,2019-05-30,0.29
PEY.L,2019-11-21,0.29
PEY.L,2020-07-02,0.145
PEY.L,2020-11-26,0.29
PEY.L,2021-05-13,0.335
PEY.L,2021-11-11,0.335
PEY.L,2022-05-12,0.38
PEY.L,2023-04-27,0.365
PEY.L,2023-11-09,0.365
PEY.L,2024-05-16,0.355
PEY.L,2024-11-07,0.355
PEY.L,2025-05-08,0.375
PEY.L,2025-11-13,0.375
PEYS.L,2017-11-23,18.584803
PEYS.L,2018-06-07,24.556
PEYS.L,2018-11-08,24.424
PEYS.L,2019-05-30,25.577
PEYS.L,2019-11-21,18.586449
PEYS.L,2020-07-02,9.801007
PEYS.L,2020-11-26,19.30092
PEYS.L,2021-05-13,21.472313
PEYS.L,2021-11-11,21.431097
PEYS.L,2022-05-12,24.314718
PEYS.L,2023-04-27,24.178047
PEYS.L,2023-11-09,23.783445
PEYS.L,2024-05-16,22.78239
PEYS.L,2024-11-07,22.124697
PEYS.L,2025-05-08,23.86461
PEYS.L,2025-11-13,33.1101
PFD.L,2005-05-04,46.5232
PFD.L,2005-10-26,24.5539
PFD.L,2006-06-07,49.1078
PFD.L,2006-08-16,32.7557
PFD.L,2007-06-06,16.7054
PFD.L,2007-11-21,28.1699
PFD.L,2008-06-04,14.4125
PFD.L,2008-11-26,15.4476
PFD.L,2021-07-01,1.0
PFD.L,2022-06-30,1.2
PFD.L,2023-06-29,1.4399999
PFD.L,2024-06-27,1.7279999
PFD.L,2025-06-26,2.8000002
PGH.L,2001-04-11,3.3
PGH.L,2001-10-03,1.65
PGH.L,2002-03-06,3.3
PGH.L,2002-04-10,2.05
PGH.L,2002-10-02,1.8
PGH.L,2003-03-05,3.85
PGH.L,2003-04-16,2.35
PGH.L,2003-10-08,2.0
PGH.L,2004-04-21,3.0
PGH.L,2004-10-06,2.1
PGH.L,2005-03-02,5.25
PGH.L,2005-04-06,3.15
PGH.L,2005-10-05,2.2
PGH.L,2006-03-08,5.5
PGH.L,2006-04-05,3.3
PGH.L,2006-10-04,2.3
PGH.L,2007-03-07,6.0
PGH.L,2007-04-04,3.5
PGH.L,2007-10-03,2.5
PGH.L,2008-03-05,6.6
PGH.L,2008-06-11,3.3
PGH.L,2008-09-03,3.3
PGH.L,2008-12-03,3.3
PGH.L,2009-03-04,4.1499996
PGH.L,2009-06-10,4.1499996
PGH.L,2009-09-02,4.1499996
PGH.L,2009-12-02,4.1499996
PGH.L,2010-03-03,8.5
PGH.L,2010-08-25,4.25
PGH.L,2010-11-17,4.25
PGH.L,2011-02-23,4.35
PGH.L,2011-05-25,4.35
PGH.L,2011-08-17,4.35
PGH.L,2011-11-16,4.35
PGH.L,2012-02-29,4.4500003
PGH.L,2012-05-30,4.4500003
PGH.L,2012-08-29,4.4500003
PGH.L,2012-11-21,4.4500003
PGH.L,2013-03-13,4.65
PGH.L,2013-06-05,4.65
PGH.L,2013-09-04,4.65
PGH.L,2013-11-13,4.65
PGH.L,2014-03-05,4.9
PGH.L,2014-06-04,4.9
PGH.L,2014-09-03,4.9
PGH.L,2014-11-27,4.9
PGH.L,2015-03-12,5.2250004
PGH.L,2015-06-04,5.2250004
PGH.L,2015-09-03,5.2250004
PGH.L,2015-11-26,5.2250004
PGH.L,2016-03-03,5.5
PGH.L,2016-06-02,5.5
PGH.L,2016-09-01,5.5
PGH.L,2016-11-24,5.5
PGH.L,2017-03-09,5.675
PGH.L,2017-06-01,5.675
PGH.L,2017-09-07,5.675
PGH.L,2017-11-02,5.675
PGH.L,2018-02-15,5.75
PGH.L,2018-05-17,5.75
PGH.L,2018-08-09,5.75
PGH.L,2018-11-08,5.75
PGH.L,2019-02-21,5.825
PGH.L,2019-05-09,5.825
PGH.L,2019-08-08,5.825
PGH.L,2019-11-07,5.825
PGH.L,2020-02-20,5.9
PGH.L,2020-05-21,1.5
PGH.L,2020-08-20,5.9
PGH.L,2021-04-01,5.1
PGH.L,2021-09-30,5.2999997
PGH.L,2022-04-07,5.2999997
PGH.L,2022-10-06,5.2999997
PGH.L,2023-04-06,5.2999997
PGH.L,2023-10-12,5.85
PGH.L,2024-03-28,5.85
PGH.L,2024-10-03,6.5
PGH.L,2025-04-03,10.0
PGH.L,2025-09-25,8.2
PGOO.L,2002-05-22,226.6106
PGOO.L,2002-10-30,1.6186001
PGOO.L,2004-11-17,4.8559
PGOO.L,2005-06-08,5.6653
PGOO.L,2005-10-12,4.8559
PGOO.L,2006-06-14,0.80930007
PGOO.L,2006-11-01,161.8647
PGOO.L,2007-03-21,11.330501
PGOO.L,2007-11-14,9.711901
PGOO.L,2008-02-20,29.945002
PGOO.L,2008-07-02,2.428
PGOO.L,2008-10-15,0.80930007
PGOO.L,2009-06-17,1.6186001
PGOO.L,2011-06-01,4.5
PGOO.L,2012-08-01,4.5
PGOO.L,2013-07-03,4.0
PGOO.L,2013-10-23,2.0
PGOO.L,2014-02-05,2.5
PGOO.L,2014-06-25,2.0
PGOO.L,2014-10-30,2.0
PGOO.L,2015-07-02,2.5
PGOO.L,2015-10-22,2.0
PGOO.L,2016-06-16,4.0
PGOO.L,2016-11-17,2.0
PGOO.L,2017-06-15,2.5
PGOO.L,2017-10-19,10.25
PGOO.L,2018-06-21,2.0
PGOO.L,2018-11-01,4.5
PGOO.L,2019-06-20,2.0
PGOO.L,2019-11-14,1.5
PGOO.L,2020-08-06,1.75
PGOO.L,2020-11-12,1.5
PGOO.L,2021-07-08,1.5
PGOO.L,2021-11-18,1.5
PGOO.L,2022-07-14,3.25
PGOO.L,2022-11-10,1.5
PGOO.L,2023-07-06,1.75
PGOO.L,2023-11-16,1.25
PGOO.L,2024-07-18,1.5
PGOO.L,2024-12-19,1.25
PGOO.L,2025-07-17,1.5
PHAR.L,2015-05-28,10.0
PHAR.L,2016-05-26,2.0
PHAR.L,2016-09-29,2.0
PHAR.L,2017-05-25,5.0
PHAR.L,2018-05-24,5.25
PHAR.L,2019-05-09,5.5
PHAR.L,2023-06-15,1.0
PHAR.L,2023-12-21,0.32999998
PHAR.L,2024-06-13,0.77
PHAR.L,2024-12-19,0.363
PHAR.L,2025-06-12,0.847
PHI.L,1992-02-10,0.72900003
PHI.L,1992-12-14,0.14
PHI.L,1994-09-26,0.11
PHI.L,1995-09-25,0.35000002
PHI.L,1996-09-16,0.3
PHI.L,1997-10-06,0.35000002
PHI.L,1998-10-05,0.9
PHI.L,1999-10-04,0.2
PHI.L,2000-10-02,0.2
PHI.L,2001-10-03,0.45
PHI.L,2002-10-02,0.45
PHI.L,2003-10-08,0.45
PHI.L,2004-10-13,0.70000005
PHI.L,2005-09-28,1.1
PHI.L,2006-10-04,1.1
PHI.L,2007-10-03,1.1
PHI.L,2008-10-08,1.3000001
PHI.L,2009-10-07,1.8
PHI.L,2010-10-06,1.3000001
PHI.L,2011-10-05,1.5
PHI.L,2012-10-10,1.5
PHI.L,2013-10-09,1.5
PHI.L,2014-10-09,1.4000001
PHI.L,2015-10-15,0.35000002
PHI.L,2016-10-13,0.35000002
PHI.L,2020-10-08,0.25
PHI.L,2022-10-27,3.0
PHI.L,2023-10-26,3.25
PHI.L,2024-10-24,2.6499999
PHI.L,2025-10-23,1.5
PHNX.L,2010-04-06,11.311167
PHNX.L,2010-09-08,15.657701
PHNX.L,2011-04-06,13.762179
PHNX.L,2011-09-07,15.657701
PHNX.L,2012-04-04,15.0842
PHNX.L,2012-09-05,15.657701
PHNX.L,2013-04-03,20.4201
PHNX.L,2013-09-04,20.4201
PHNX.L,2014-04-02,20.4201
PHNX.L,2014-09-03,20.4201
PHNX.L,2015-03-26,20.4201
PHNX.L,2015-08-27,20.4201
PHNX.L,2016-04-07,20.4201
PHNX.L,2016-09-08,20.4201
PHNX.L,2017-03-30,21.492199
PHNX.L,2017-09-07,22.5713
PHNX.L,2018-03-22,22.5713
PHNX.L,2018-09-06,22.6
PHNX.L,2019-03-21,23.4
PHNX.L,2019-08-15,23.4
PHNX.L,2020-04-02,23.4
PHNX.L,2020-08-13,23.4
PHNX.L,2021-04-01,24.1
PHNX.L,2021-08-19,24.1
PHNX.L,2022-03-31,24.8
PHNX.L,2022-08-25,24.8
PHNX.L,2023-03-30,26.0
PHNX.L,2023-09-28,26.0
PHNX.L,2024-04-11,26.65
PHNX.L,2024-10-03,26.65
PHNX.L,2025-04-03,27.35
PHNX.L,2025-09-25,27.35
PHP.L,1997-03-10,0.3
PHP.L,1997-10-27,0.5
PHP.L,1998-03-23,0.625
PHP.L,1998-12-14,0.775
PHP.L,1999-04-06,0.65000004
PHP.L,1999-10-11,0.85
PHP.L,2000-03-27,0.85
PHP.L,2000-10-02,0.9
PHP.L,2001-03-28,0.93750006
PHP.L,2001-10-31,1.0625
PHP.L,2002-04-03,1.125
PHP.L,2002-10-30,1.125
PHP.L,2003-03-26,1.25
PHP.L,2003-09-24,1.25
PHP.L,2004-03-24,1.375
PHP.L,2004-09-22,1.375
PHP.L,2005-03-16,1.5
PHP.L,2005-09-28,1.5
PHP.L,2006-04-12,1.6875001
PHP.L,2006-10-04,1.6875001
PHP.L,2007-03-21,1.8750001
PHP.L,2007-09-26,1.8750001
PHP.L,2008-02-20,2.0625
PHP.L,2008-10-15,2.0625
PHP.L,2009-03-11,2.125
PHP.L,2009-10-07,2.125
PHP.L,2010-02-17,2.1875
PHP.L,2010-09-22,2.1875
PHP.L,2011-03-02,2.25
PHP.L,2011-10-05,2.25
PHP.L,2012-03-07,2.3125
PHP.L,2012-09-26,2.3125
PHP.L,2013-03-06,2.375
PHP.L,2013-09-18,2.375
PHP.L,2014-03-12,2.4375
PHP.L,2014-09-17,2.4375
PHP.L,2015-02-26,2.5
PHP.L,2015-09-17,2.5
PHP.L,2016-01-14,1.2813
PHP.L,2016-04-07,1.2813
PHP.L,2016-07-14,1.2813
PHP.L,2016-10-13,1.2813
PHP.L,2017-01-12,1.3100001
PHP.L,2017-04-06,1.3100001
PHP.L,2017-07-13,1.3100001
PHP.L,2017-10-12,1.3199999
PHP.L,2018-01-11,1.35
PHP.L,2018-04-05,1.35
PHP.L,2018-07-12,1.35
PHP.L,2018-10-11,1.35
PHP.L,2019-01-10,1.4000001
PHP.L,2019-04-04,1.4000001
PHP.L,2019-07-11,1.4000001
PHP.L,2019-10-10,1.4000001
PHP.L,2020-01-09,1.475
PHP.L,2020-04-02,1.475
PHP.L,2020-07-02,1.475
PHP.L,2020-10-08,1.475
PHP.L,2021-01-14,1.55
PHP.L,2021-04-01,1.55
PHP.L,2021-07-08,1.55
PHP.L,2021-10-14,1.55
PHP.L,2022-01-13,1.625
PHP.L,2022-03-31,1.625
PHP.L,2022-07-07,1.625
PHP.L,2022-10-13,1.625
PHP.L,2023-01-12,1.6750001
PHP.L,2023-03-30,1.6750001
PHP.L,2023-07-06,1.6750001
PHP.L,2023-10-12,1.6750001
PHP.L,2024-01-11,1.7249999
PHP.L,2024-03-28,1.7249999
PHP.L,2024-07-04,1.7249999
PHP.L,2024-10-10,1.7249999
PHP.L,2025-01-09,1.7750001
PHP.L,2025-03-27,1.7750001
PHP.L,2025-07-03,1.7750001
PHP.L,2025-10-09,1.7750001
PIN.L,1988-09-19,0.1892
PIN.L,1989-10-02,0.37849998
PIN.L,1990-10-08,0.4731
PIN.L,1991-10-14,0.4731
PIN.L,1992-10-05,0.4731
PIN.L,1993-10-18,0.0946
PIN.L,1994-10-31,0.095800005
PIN.L,1995-11-06,0.4406
PIN.L,1996-09-30,0.3831
PIN.L,1999-09-27,0.3831
PIN.L,2000-10-23,0.2
PINE.L,1993-03-29,5.3673
PINE.L,1993-09-20,2.9276001
PINE.L,1994-03-28,5.8552003
PINE.L,1994-09-19,3.2935998
PINE.L,1995-03-27,6.5871
PINE.L,1995-09-11,3.6595001
PINE.L,1996-03-11,7.3190002
PINE.L,1996-09-16,4.0255
PINE.L,1997-04-01,8.0508995
PINE.L,1997-08-04,4.3914003
PINE.L,1998-03-30,8.7825
PINE.L,1998-09-21,4.9479
PINE.L,1999-03-22,9.8958
PINE.L,1999-09-27,5.4427004
PINE.L,2000-03-27,10.885401
PINE.L,2000-09-25,6.0612
PINE.L,2001-03-21,12.1223
PINE.L,2001-09-26,6.5559998
PINE.L,2002-03-13,13.111899
PINE.L,2002-09-18,7.0506997
PINE.L,2003-03-19,14.2252
PINE.L,2003-09-10,11.751201
PINE.L,2004-03-17,11.751201
PINE.L,2004-09-01,12.988199
PINE.L,2005-03-16,18.5546
PINE.L,2005-09-07,20.410099
PINE.L,2006-03-29,20.410099
PINE.L,2006-09-13,22.4201
PINE.L,2007-04-04,30.9243
PINE.L,2007-09-05,30.9243
PINE.L,2008-04-02,30.9243
PINE.L,2008-09-03,7.7311
PINE.L,2013-05-08,2.0
PINE.L,2013-09-25,2.0
PINE.L,2014-04-23,6.0
PINE.L,2014-09-24,6.0
PINE.L,2015-04-23,12.0
PINE.L,2015-09-24,12.0
PINE.L,2016-04-21,14.0
PINE.L,2016-09-22,14.0
PINE.L,2017-04-20,15.000001
PINE.L,2017-09-21,15.000001
PINE.L,2018-04-19,16.0
PINE.L,2018-09-20,16.0
PINE.L,2019-04-18,14.0
PINE.L,2024-04-23,24.5
PINT.L,2022-10-06,1.0
PINT.L,2023-03-09,1.0
PINT.L,2023-10-05,2.0
PINT.L,2024-03-28,2.0
PINT.L,2024-10-03,2.1
PINT.L,2025-03-27,2.1
PINT.L,2025-10-02,2.173
PLAZ.L,2011-09-21,850.96655
PLUS.L,2013-09-04,5.23579
PLUS.L,2014-03-12,21.489178
PLUS.L,2014-08-20,17.577295
PLUS.L,2015-03-19,42.32014
PLUS.L,2016-01-07,15.864444
PLUS.L,2016-03-24,47.002438
PLUS.L,2016-09-15,17.382822
PLUS.L,2017-03-02,48.827484
PLUS.L,2017-09-07,17.854044
PLUS.L,2018-02-22,108.29858
PLUS.L,2018-08-23,103.11514
PLUS.L,2019-02-21,46.30682
PLUS.L,2019-08-29,20.4495
PLUS.L,2020-02-27,28.176031
PLUS.L,2020-08-20,71.289024
PLUS.L,2021-02-25,62.021675
PLUS.L,2021-08-26,44.287304
PLUS.L,2022-02-24,44.8408
PLUS.L,2022-08-25,46.658367
PLUS.L,2023-02-23,24.189348
PLUS.L,2023-08-24,54.930912
PLUS.L,2024-02-29,70.77292
PLUS.L,2024-08-29,74.797
PLUS.L,2025-02-27,91.53656
PLUS.L,2025-08-21,78.93327
PMI.L,2017-02-02,1.25
PMI.L,2017-05-04,1.25
PMI.L,2017-08-03,1.25
PMI.L,2017-12-07,4.25
PMI.L,2018-02-01,1.65
PMI.L,2018-05-03,1.65
PMI.L,2018-08-02,1.65
PMI.L,2018-12-06,5.2999997
PMI.L,2019-01-31,1.7
PMI.L,2019-05-02,1.7
PMI.L,2019-08-01,1.7
PMI.L,2019-12-05,5.4
PMI.L,2020-01-30,1.75
PMI.L,2020-04-30,0.75
PMI.L,2021-01-14,4.5
PMI.L,2021-07-22,3.7
PMI.L,2022-01-13,6.3
PMI.L,2022-07-07,3.7
PMI.L,2023-01-12,6.3
PMI.L,2023-07-06,3.0
PMI.L,2024-01-18,3.0
PMI.L,2024-07-04,3.0
PMI.L,2025-01-16,3.0
PMI.L,2025-07-03,3.0
PNL.L,1984-06-04,40.0
PNL.L,1985-06-03,20.0
PNL.L,1986-06-16,35.0
PNL.L,1987-06-15,50.0
PNL.L,1988-06-06,100.0
PNL.L,1989-06-19,125.0
PNL.L,1990-06-25,99.7
PNL.L,1991-06-03,150.0
PNL.L,1991-09-16,75.0
PNL.L,1992-04-06,85.0
PNL.L,1992-10-19,85.0
PNL.L,1993-04-19,0.95
PNL.L,1993-10-18,0.95
PNL.L,1994-04-11,1.0
PNL.L,1994-10-17,1.0
PNL.L,1995-04-10,1.0
PNL.L,1995-10-30,1.1
PNL.L,1996-04-29,1.1
PNL.L,1996-11-04,1.15
PNL.L,1997-05-06,1.15
PNL.L,1997-11-03,1.2
PNL.L,1998-05-05,1.25
PNL.L,1998-11-02,1.25
PNL.L,1999-05-10,1.3000001
PNL.L,1999-11-08,1.3000001
PNL.L,2000-05-08,1.3299999
PNL.L,2000-11-06,1.35
PNL.L,2001-05-09,1.35
PNL.L,2001-11-07,1.4000001
PNL.L,2002-05-08,1.4000001
PNL.L,2002-11-06,1.4000001
PNL.L,2003-05-07,1.5
PNL.L,2003-11-05,1.5
PNL.L,2004-05-12,1.6
PNL.L,2004-11-03,1.6
PNL.L,2005-05-11,1.8
PNL.L,2005-10-05,1.8
PNL.L,2006-04-05,1.9
PNL.L,2006-10-04,2.0
PNL.L,2007-04-04,2.1
PNL.L,2007-10-03,2.25
PNL.L,2008-04-02,2.35
PNL.L,2008-10-01,2.5
PNL.L,2009-04-01,2.5
PNL.L,2009-09-30,2.55
PNL.L,2010-03-24,2.6499999
PNL.L,2010-09-29,2.7
PNL.L,2011-03-23,2.7
PNL.L,2011-06-08,1.35
PNL.L,2011-09-07,1.4000001
PNL.L,2011-12-07,1.4000001
PNL.L,2012-03-07,1.4000001
PNL.L,2012-06-20,1.4000001
PNL.L,2012-09-05,1.4000001
PNL.L,2012-12-05,1.4000001
PNL.L,2013-03-06,1.4000001
PNL.L,2013-06-19,1.4000001
PNL.L,2013-09-04,1.4000001
PNL.L,2013-12-04,1.4000001
PNL.L,2014-03-05,1.4000001
PNL.L,2014-06-18,1.4000001
PNL.L,2014-09-03,1.4000001
PNL.L,2014-12-04,1.4000001
PNL.L,2015-03-05,1.4000001
PNL.L,2015-06-18,1.4000001
PNL.L,2015-09-03,1.4000001
PNL.L,2015-12-03,1.4000001
PNL.L,2016-03-10,1.4000001
PNL.L,2016-06-16,1.4000001
PNL.L,2016-09-01,1.4000001
PNL.L,2016-12-01,1.4000001
PNL.L,2017-03-09,1.4000001
PNL.L,2017-06-15,1.4000001
PNL.L,2017-08-31,1.4000001
PNL.L,2017-12-07,1.4000001
PNL.L,2018-03-08,1.4000001
PNL.L,2018-06-14,1.4000001
PNL.L,2018-08-30,1.4000001
PNL.L,2018-12-06,1.4000001
PNL.L,2019-03-07,1.4000001
PNL.L,2019-06-13,1.4000001
PNL.L,2019-08-29,1.4000001
PNL.L,2019-12-05,1.4000001
PNL.L,2020-03-05,1.4000001
PNL.L,2020-06-11,1.4000001
PNL.L,2020-08-27,1.4000001
PNL.L,2020-12-03,1.4000001
PNL.L,2021-03-04,1.4000001
PNL.L,2021-06-10,1.4000001
PNL.L,2021-08-26,1.4000001
PNL.L,2021-12-02,1.4000001
PNL.L,2022-03-03,1.4000001
PNL.L,2022-06-16,2.8000002
PNL.L,2022-08-25,1.4000001
PNL.L,2022-12-01,1.4000001
PNL.L,2023-03-02,1.4000001
PNL.L,2023-06-22,3.5
PNL.L,2023-08-24,1.4000001
PNL.L,2023-12-14,1.4000001
PNL.L,2024-03-07,1.4000001
PNL.L,2024-06-27,3.0
PNL.L,2024-08-22,1.4000001
PNL.L,2024-12-12,1.4000001
PNL.L,2025-03-06,1.4000001
PNL.L,2025-06-26,3.0
PNL.L,2025-08-21,1.4000001
PNL.L,2025-12-11,1.4000001
PNN.L,1992-12-14,3.3718998
PNN.L,1993-06-07,6.8735003
PNN.L,1993-11-29,3.6313002
PNN.L,1994-06-06,7.3922
PNN.L,1994-12-05,3.9338999
PNN.L,1995-06-05,7.8677998
PNN.L,1995-12-11,4.2365
PNN.L,1996-06-10,8.9485
PNN.L,1996-11-25,5.1011
PNN.L,1997-06-09,10.7641
PNN.L,1997-11-24,5.7063
PNN.L,1998-06-08,12.0178
PNN.L,1998-12-07,6.3547
PNN.L,1999-08-23,13.3579
PNN.L,2000-02-28,6.6573
PNN.L,2000-08-21,14.0064
PNN.L,2001-02-28,5.0146
PNN.L,2001-08-22,10.548
PNN.L,2002-03-06,5.2308
PNN.L,2002-08-28,10.9803
PNN.L,2003-03-05,5.4469
PNN.L,2003-07-09,11.4558
PNN.L,2004-01-07,5.7063
PNN.L,2004-07-07,12.0178
PNN.L,2005-01-26,5.9657
PNN.L,2005-08-03,12.623
PNN.L,2006-03-15,6.4844
PNN.L,2006-08-02,41.3824
PNN.L,2007-01-24,6.8971
PNN.L,2007-08-08,14.9731
PNN.L,2008-01-23,7.3687
PNN.L,2008-08-06,15.9871
PNN.L,2009-01-21,7.9582
PNN.L,2009-08-12,16.8006
PNN.L,2010-01-20,8.194
PNN.L,2010-08-11,18.392199
PNN.L,2011-01-19,8.8424
PNN.L,2011-08-10,20.2196
PNN.L,2012-02-01,9.6913
PNN.L,2012-08-08,21.5755
PNN.L,2013-01-30,10.3279
PNN.L,2013-08-07,23.226
PNN.L,2014-01-29,11.0707
PNN.L,2014-08-06,24.6644
PNN.L,2015-01-29,11.6484
PNN.L,2015-08-06,25.0413
PNN.L,2016-01-28,12.3322
PNN.L,2016-07-07,27.2582
PNN.L,2017-02-02,13.075
PNN.L,2017-07-06,29.3214
PNN.L,2018-01-25,14.112499
PNN.L,2018-07-05,31.3846
PNN.L,2019-01-24,15.1382
PNN.L,2019-07-25,33.271
PNN.L,2020-01-23,16.105001
PNN.L,2020-07-23,35.4993
PNN.L,2021-01-28,7.9817
PNN.L,2021-07-05,279.0269
PNN.L,2021-07-22,17.6534
PNN.L,2022-01-27,9.196099
PNN.L,2022-07-21,21.0881
PNN.L,2023-01-26,10.1864
PNN.L,2023-07-20,23.399
PNN.L,2024-01-25,11.0353
PNN.L,2024-07-25,23.8391
PNN.L,2025-01-30,11.5462
PNN.L,2025-07-24,19.43
PNS.L,1994-11-07,1.1
PNS.L,1995-05-22,1.6
PNS.L,1995-11-06,1.3000001
PNS.L,1996-07-08,3.7
PNS.L,1996-10-28,1.5
PNS.L,1997-05-19,3.0
PNS.L,1998-05-26,2.5
PNS.L,1998-10-19,2.0
PNS.L,1999-07-05,4.0
PNS.L,1999-11-08,2.5
PNS.L,2000-06-26,3.5
PNS.L,2000-10-02,3.0
PNS.L,2001-05-02,3.5
PNS.L,2001-10-03,3.5
PNS.L,2002-05-22,5.5
PNS.L,2003-05-21,3.5
PNS.L,2003-10-01,3.5
PNS.L,2004-05-26,4.0
PNS.L,2004-10-06,4.0
PNS.L,2005-05-25,14.0
PNS.L,2005-09-28,5.0
PNS.L,2006-05-24,11.0
PNS.L,2007-05-23,6.0
PNS.L,2007-08-22,6.0
PNS.L,2008-05-21,6.0
PNS.L,2008-09-03,6.0
PNS.L,2009-03-04,3.0
PNS.L,2009-06-10,3.0
PNS.L,2009-09-16,3.0
PNS.L,2010-01-06,10.0
PNS.L,2010-05-19,4.0
PNS.L,2011-06-01,5.0
PNS.L,2011-09-21,3.0
PNS.L,2012-07-04,9.0
PNS.L,2012-11-14,3.0
PNS.L,2013-06-19,9.0
PNS.L,2013-11-13,3.0
PNS.L,2014-06-18,9.0
PNS.L,2014-11-13,3.0
PNS.L,2015-06-18,9.0
PNS.L,2015-11-12,9.0
PNS.L,2016-03-10,10.0
PNS.L,2016-08-18,3.0
PNS.L,2016-11-10,3.0
PNS.L,2017-07-06,9.0
PNS.L,2017-11-09,5.0
PNS.L,2018-04-26,10.0
PNS.L,2018-08-02,7.0
PNS.L,2018-11-08,6.0
PNS.L,2018-12-27,15.000001
PNS.L,2019-08-08,6.0
PNS.L,2019-11-07,6.0
PNS.L,2020-08-06,6.0
PNS.L,2021-06-10,6.0
PNS.L,2021-09-02,6.0
PNS.L,2022-01-06,6.0
PNS.L,2022-06-30,6.0
PNS.L,2022-10-06,6.0
PNS.L,2023-01-26,10.0
PNS.L,2023-06-29,6.0
PNS.L,2023-10-12,6.0
PNS.L,2024-06-27,6.0
PNS.L,2024-10-10,6.0
PNS.L,2025-06-26,6.0
PNS.L,2025-10-09,16.0
POLN.L,2016-11-17,23.13
POLN.L,2017-03-09,23.5
POLN.L,2017-05-11,24.5
POLN.L,2017-09-07,20.0
POLN.L,2017-12-07,20.0
POLN.L,2018-03-01,20.0
POLN.L,2018-04-19,20.0
POLN.L,2018-09-13,20.0
POLN.L,2018-12-06,20.0
POLN.L,2019-03-07,20.0
POLN.L,2019-06-06,20.0
POLN.L,2019-09-12,20.0
POLN.L,2019-12-05,20.0
POLN.L,2020-02-27,20.0
POLN.L,2020-06-04,20.0
POLN.L,2020-09-10,20.0
POLN.L,2020-11-26,20.0
POLN.L,2021-03-04,20.0
POLN.L,2021-06-03,20.0
POLN.L,2021-09-16,20.0
POLN.L,2021-12-02,20.0
POLN.L,2022-03-03,20.0
POLN.L,2022-06-01,20.0
POLN.L,2022-09-15,20.0
POLN.L,2022-12-01,16.0
POLN.L,2023-03-02,16.0
POLN.L,2023-05-11,16.0
POLN.L,2023-09-07,16.0
POLN.L,2023-11-30,16.0
POLN.L,2024-01-18,13.0
POLN.L,2024-09-12,26.499998
POLN.L,2025-04-03,27.1
POLN.L,2025-09-25,27.000002
POLR.L,2007-07-04,5.5
POLR.L,2007-12-19,1.5
POLR.L,2008-07-16,7.0
POLR.L,2008-12-24,1.0
POLR.L,2009-07-15,3.5
POLR.L,2009-12-30,1.0
POLR.L,2010-03-03,3.5
POLR.L,2011-01-05,1.5
POLR.L,2011-07-13,6.0
POLR.L,2012-01-04,1.5
POLR.L,2012-07-11,7.5000005
POLR.L,2013-01-02,2.0
POLR.L,2013-07-10,11.0
POLR.L,2013-12-31,4.0
POLR.L,2014-07-02,21.0
POLR.L,2014-12-29,5.5
POLR.L,2015-07-02,19.5
POLR.L,2015-12-24,5.5
POLR.L,2016-07-07,19.5
POLR.L,2016-12-29,5.5
POLR.L,2017-07-06,19.5
POLR.L,2017-12-28,6.0
POLR.L,2018-07-05,22.0
POLR.L,2018-12-20,8.0
POLR.L,2019-07-04,25.0
POLR.L,2019-12-19,8.0
POLR.L,2020-07-02,25.0
POLR.L,2020-12-17,9.0
POLR.L,2021-07-08,31.0
POLR.L,2021-12-23,14.0
POLR.L,2022-07-07,32.0
POLR.L,2022-12-22,14.0
POLR.L,2023-07-06,32.0
POLR.L,2023-12-14,14.0
POLR.L,2024-07-04,32.0
POLR.L,2024-12-12,14.0
POLR.L,2025-07-10,32.0
POLR.L,2025-12-11,14.0
POS.L,2009-06-24,0.312
POS.L,2009-11-04,0.38
POS.L,2010-03-24,0.32999998
POS.L,2010-10-27,0.39
POS.L,2011-03-30,0.35000002
POS.L,2011-10-26,0.43
POS.L,2012-04-04,0.39
POS.L,2012-10-24,0.5
POS.L,2013-04-10,0.44
POS.L,2013-10-30,0.55
POS.L,2014-04-02,0.48000002
POS.L,2014-11-06,0.62
POS.L,2015-04-02,0.51
POS.L,2015-11-05,1.75
POS.L,2019-03-21,0.99569994
PPET.L,2002-01-09,0.45
PPET.L,2003-01-08,1.2
PPET.L,2004-01-07,0.55
PPET.L,2005-01-05,1.2
PPET.L,2006-01-04,1.8
PPET.L,2007-01-03,2.4
PPET.L,2008-01-02,3.5
PPET.L,2008-12-31,0.70000005
PPET.L,2009-01-02,0.70000005
PPET.L,2009-12-30,0.1
PPET.L,2010-01-13,0.1
PPET.L,2010-12-29,0.2
PPET.L,2012-01-04,1.4301
PPET.L,2013-01-02,2.0
PPET.L,2014-01-08,5.0
PPET.L,2015-01-08,5.0
PPET.L,2015-06-11,1.75
PPET.L,2015-12-17,3.5
PPET.L,2016-06-09,1.8
PPET.L,2016-12-22,3.6
PPET.L,2017-06-15,6.0
PPET.L,2018-01-04,6.0
PPET.L,2018-03-29,3.1
PPET.L,2018-06-28,3.1
PPET.L,2018-09-20,3.1
PPET.L,2018-12-20,3.1
PPET.L,2019-03-21,3.2
PPET.L,2019-06-20,3.2
PPET.L,2019-09-19,3.2
PPET.L,2019-12-19,3.2
PPET.L,2020-03-19,3.3
PPET.L,2020-06-25,3.3
PPET.L,2020-09-24,3.3
PPET.L,2020-12-24,3.3
PPET.L,2021-03-18,3.4
PPET.L,2021-06-24,3.4
PPET.L,2021-09-23,3.4
PPET.L,2021-12-23,3.4
PPET.L,2022-03-17,3.6
PPET.L,2022-06-23,3.6
PPET.L,2022-09-22,3.6
PPET.L,2022-12-22,3.6
PPET.L,2023-03-16,4.0
PPET.L,2023-06-22,4.0
PPET.L,2023-09-21,4.0
PPET.L,2023-12-21,4.0
PPET.L,2024-03-21,4.2
PPET.L,2024-06-20,4.2
PPET.L,2024-09-19,4.2
PPET.L,2024-12-12,4.2
PPET.L,2025-03-20,4.4
PPET.L,2025-06-19,4.4
PPET.L,2025-09-18,4.4
PPET.L,2025-12-11,4.4
PPH.L,2012-03-21,6.0
PPH.L,2012-08-22,6.0
PPH.L,2013-03-27,6.0
PPH.L,2013-08-28,6.0
PPH.L,2014-03-26,8.0
PPH.L,2014-09-03,9.0
PPH.L,2015-03-19,10.0
PPH.L,2015-09-10,10.0
PPH.L,2016-04-14,10.0
PPH.L,2016-07-21,100.0
PPH.L,2016-09-08,10.0
PPH.L,2017-03-30,11.0
PPH.L,2017-09-14,11.0
PPH.L,2018-04-12,13.0
PPH.L,2018-09-20,16.0
PPH.L,2019-04-25,19.0
PPH.L,2019-09-19,17.0
PPH.L,2022-09-15,3.0
PPH.L,2023-04-27,12.0
PPH.L,2023-10-05,16.0
PPH.L,2024-04-25,20.0
PPH.L,2024-09-19,17.0
PPH.L,2025-04-24,21.0
PPH.L,2025-09-18,17.0
PRIM.L,2003-04-23,20.0
PRIM.L,2024-03-28,1.5
PRO.L,2015-09-03,0.3953
PRO.L,2016-06-02,0.3953
PRO.L,2016-09-08,0.3953
PRO.L,2022-10-06,0.17
PRO.L,2023-06-08,0.37
PRO.L,2023-10-05,0.17999999
PRO.L,2024-05-23,0.38
PRO.L,2024-10-03,0.17999999
PROC.L,2022-09-01,0.9
PRSR.L,2018-02-15,1.5
PRSR.L,2018-05-10,1.0
PRSR.L,2018-08-09,2.5
PRSR.L,2018-11-08,1.0
PRSR.L,2019-02-07,1.0
PRSR.L,2019-05-09,1.0
PRSR.L,2019-08-08,2.0
PRSR.L,2019-11-14,1.0
PRSR.L,2020-02-06,1.0
PRSR.L,2020-06-25,1.0
PRSR.L,2020-08-20,1.0
PRSR.L,2020-11-19,1.0
PRSR.L,2021-02-18,1.0
PRSR.L,2021-05-20,1.0
PRSR.L,2021-08-12,1.0
PRSR.L,2021-11-18,1.0
PRSR.L,2022-01-27,1.0
PRSR.L,2022-04-21,1.0
PRSR.L,2022-08-04,1.0
PRSR.L,2022-11-10,1.0
PRSR.L,2023-02-16,1.0
PRSR.L,2023-05-04,1.0
PRSR.L,2023-08-10,1.0
PRSR.L,2023-11-09,1.0
PRSR.L,2024-02-15,1.0
PRSR.L,2024-05-09,1.0
PRSR.L,2024-08-08,1.0
PRSR.L,2024-11-14,1.0
PRSR.L,2025-02-20,1.1
PRSR.L,2025-05-15,1.1
PRSR.L,2025-08-14,1.1
PRSR.L,2025-11-13,1.1
PRU.L,1993-03-29,7.4989996
PRU.L,1993-09-29,4.3263
PRU.L,1994-03-28,8.3643
PRU.L,1994-09-26,4.7109
PRU.L,1995-03-27,9.1334
PRU.L,1995-09-25,5.0955
PRU.L,1996-03-25,9.9987
PRU.L,1996-09-23,5.5762
PRU.L,1997-03-24,11.0562
PRU.L,1997-09-22,6.1530004
PRU.L,1998-03-23,12.2099
PRU.L,1998-09-21,6.7299
PRU.L,1999-03-22,13.459701
PRU.L,1999-09-20,7.4028
PRU.L,2000-03-27,14.7095995
PRU.L,2000-09-18,7.8836
PRU.L,2001-03-28,15.671
PRU.L,2001-09-19,8.3643
PRU.L,2002-03-20,16.0555
PRU.L,2002-09-11,8.5565
PRU.L,2003-03-19,16.4401
PRU.L,2003-08-20,5.0955
PRU.L,2004-03-17,10.2871
PRU.L,2004-08-18,4.9897
PRU.L,2005-03-16,10.65
PRU.L,2005-08-17,5.2999997
PRU.L,2006-03-22,11.02
PRU.L,2006-08-16,5.42
PRU.L,2007-04-11,11.72
PRU.L,2007-08-15,5.7
PRU.L,2008-04-09,12.3
PRU.L,2008-08-13,5.9900002
PRU.L,2009-04-08,12.91
PRU.L,2009-08-19,6.29
PRU.L,2010-04-07,13.56
PRU.L,2010-08-18,6.61
PRU.L,2011-03-30,17.24
PRU.L,2011-08-17,7.95
PRU.L,2012-03-28,17.24
PRU.L,2012-08-22,9.3333
PRU.L,2013-03-27,20.79
PRU.L,2013-08-21,9.7300005
PRU.L,2014-03-26,23.84
PRU.L,2014-08-20,11.190001
PRU.L,2015-03-26,25.74
PRU.L,2015-08-20,12.309999
PRU.L,2016-03-24,36.469997
PRU.L,2016-08-25,12.93
PRU.L,2017-03-30,30.57
PRU.L,2017-08-24,14.5
PRU.L,2018-03-29,32.5
PRU.L,2018-08-23,15.67
PRU.L,2019-03-28,33.68
PRU.L,2019-08-22,16.45
PRU.L,2020-03-26,20.84
PRU.L,2020-08-20,4.17
PRU.L,2021-03-25,7.71
PRU.L,2021-08-19,3.8899999
PRU.L,2022-03-24,9.440001
PRU.L,2022-08-18,4.9805
PRU.L,2023-03-23,10.4605
PRU.L,2023-09-07,5.1551
PRU.L,2024-03-28,11.342299
PRU.L,2024-09-05,5.2154
PRU.L,2025-03-27,12.251801
PRU.L,2025-09-04,5.7404
PRV.L,1993-03-01,2.2609
PRV.L,1993-09-20,1.3188
PRV.L,1994-02-28,2.6377
PRV.L,1994-09-19,1.5072
PRV.L,1995-02-13,3.0145001
PRV.L,1995-07-03,1.6955999
PRV.L,1996-03-11,3.7
PRV.L,1996-08-27,1.9
PRV.L,1997-03-10,3.7
PRV.L,1997-09-01,2.1
PRV.L,1998-03-09,4.1
PRV.L,1998-09-01,2.3
PRV.L,1999-03-15,4.1
PRV.L,1999-08-23,2.3
PRV.L,2000-03-06,4.1
PRV.L,2000-08-14,2.4
PRV.L,2001-03-14,4.3
PRV.L,2001-08-15,2.4
PRV.L,2002-03-13,4.3
PRV.L,2002-08-14,2.4
PRV.L,2003-03-12,4.3
PRV.L,2003-08-20,2.4
PRV.L,2004-03-17,1.0
PRV.L,2004-08-25,1.0
PRV.L,2005-03-23,1.0
PRV.L,2005-08-17,1.0
PRV.L,2006-04-05,1.05
PRV.L,2006-08-16,1.0
PRV.L,2007-04-11,1.1
PRV.L,2007-08-15,1.0
PRV.L,2008-04-02,1.2
PRV.L,2008-08-06,1.0
PRV.L,2009-04-29,1.25
PRV.L,2009-08-05,1.0
PRV.L,2010-04-28,1.25
PRV.L,2010-08-04,1.0
PRV.L,2011-05-04,1.3000001
PRV.L,2011-08-03,1.0
PRV.L,2012-05-02,1.4000001
PRV.L,2012-08-01,1.0
PRV.L,2013-05-01,1.6
PRV.L,2013-07-31,1.1
PRV.L,2014-04-30,1.8
PRV.L,2014-07-30,1.2
PRV.L,2015-04-30,2.0
PRV.L,2015-07-30,1.3000001
PRV.L,2016-04-28,2.2
PRV.L,2016-07-28,1.4000001
PRV.L,2017-04-27,2.4
PRV.L,2017-07-27,1.5
PRV.L,2018-04-26,2.7
PRV.L,2018-07-26,1.6
PRV.L,2019-05-02,3.0
PRV.L,2019-07-25,1.7
PRV.L,2020-04-30,3.2
PRV.L,2020-07-23,1.7
PRV.L,2021-04-29,3.3
PRV.L,2021-07-22,1.8
PRV.L,2022-04-28,3.5
PRV.L,2022-07-21,1.9
PRV.L,2023-05-04,3.8
PRV.L,2023-07-20,2.0
PRV.L,2024-05-02,4.0
PRV.L,2024-07-18,2.1
PRV.L,2025-05-01,4.2
PRV.L,2025-07-17,2.2
PSDL.L,2015-09-17,1.3000001
PSDL.L,2016-05-19,2.8999999
PSDL.L,2016-09-29,1.6
PSDL.L,2017-06-08,3.7
PSDL.L,2017-10-05,2.0
PSDL.L,2018-06-07,4.4
PSDL.L,2018-10-04,2.1
PSDL.L,2019-06-06,4.62
PSDL.L,2019-10-10,2.1
PSDL.L,2020-06-11,4.4
PSDL.L,2020-09-24,2.1
PSDL.L,2021-05-13,4.65
PSDL.L,2021-10-07,2.02
PSDL.L,2022-05-12,4.29
PSDL.L,2022-10-06,2.09
PSH.L,2019-02-21,7.4806
PSH.L,2019-05-23,7.4806
PSH.L,2019-08-22,7.4806
PSH.L,2019-11-21,7.4806
PSH.L,2020-02-19,9.0
PSH.L,2020-02-20,7.4806
PSH.L,2020-05-21,7.4806
PSH.L,2020-08-20,7.4806
PSH.L,2020-11-19,7.4806
PSH.L,2021-02-18,7.4806
PSH.L,2021-05-20,6.9869
PSH.L,2021-08-19,7.4806
PSH.L,2021-11-18,7.4806
PSH.L,2022-02-17,7.5294003
PSH.L,2022-05-19,9.8259
PSH.L,2022-08-18,10.634
PSH.L,2022-11-17,10.082
PSH.L,2023-02-16,10.844601
PSH.L,2023-05-18,10.3658
PSH.L,2023-08-17,10.253401
PSH.L,2023-11-16,10.1915
PSH.L,2024-02-15,11.31
PSH.L,2024-05-16,11.2306
PSH.L,2024-08-15,10.935901
PSH.L,2024-11-14,11.2984
PSH.L,2025-02-13,12.313067
PSH.L,2025-05-15,12.313067
PSH.L,2025-08-14,12.313067
PSH.L,2025-11-13,12.313067
PSHD.L,2019-02-21,0.1
PSHD.L,2019-05-23,0.1
PSHD.L,2019-08-22,0.1
PSHD.L,2019-11-21,0.1
PSHD.L,2020-02-18,0.1
PSHD.L,2020-02-20,0.1
PSHD.L,2020-05-21,0.1
PSHD.L,2020-08-20,0.1
PSHD.L,2020-11-19,0.1
PSHD.L,2021-02-18,0.1
PSHD.L,2021-05-20,0.1
PSHD.L,2021-08-19,0.1
PSHD.L,2021-11-18,0.1
PSHD.L,2022-02-17,0.1
PSHD.L,2022-05-19,0.1
PSHD.L,2022-08-18,0.125
PSHD.L,2022-11-17,0.125
PSHD.L,2023-02-16,0.1307
PSHD.L,2023-05-18,0.1307
PSHD.L,2023-08-17,0.1307
PSHD.L,2023-11-16,0.1307
PSHD.L,2024-02-15,0.1456
PSHD.L,2024-05-16,0.1456
PSHD.L,2024-08-15,0.1456
PSHD.L,2025-02-13,0.1646
PSHD.L,2025-05-15,0.1646
PSHD.L,2025-05-16,0.1646
PSHD.L,2025-08-14,0.1646
PSHD.L,2025-11-13,0.1646
PSN.L,1993-03-15,5.6809
PSN.L,1993-09-20,2.7425
PSN.L,1994-03-28,6.0727
PSN.L,1994-09-12,2.9384
PSN.L,1995-03-20,6.3666
PSN.L,1995-09-11,2.9384
PSN.L,1996-03-25,6.5
PSN.L,1996-09-09,3.0
PSN.L,1997-03-24,6.5
PSN.L,1997-09-08,3.2
PSN.L,1998-03-16,6.8
PSN.L,1998-09-07,3.3
PSN.L,1999-03-15,7.1000004
PSN.L,1999-09-06,3.5
PSN.L,2000-03-13,7.6
PSN.L,2000-09-11,3.9
PSN.L,2001-03-07,8.5
PSN.L,2001-09-12,4.3
PSN.L,2002-03-13,9.4
PSN.L,2002-09-04,4.75
PSN.L,2003-03-12,10.400001
PSN.L,2003-09-03,7.0
PSN.L,2004-03-10,11.3
PSN.L,2004-09-01,9.099999
PSN.L,2005-03-09,18.4
PSN.L,2005-08-31,12.0
PSN.L,2006-03-08,19.0
PSN.L,2006-08-30,13.799999
PSN.L,2007-03-07,32.7
PSN.L,2007-08-29,18.5
PSN.L,2008-03-05,32.7
PSN.L,2008-09-03,5.0
PSN.L,2010-11-03,3.0
PSN.L,2011-05-04,4.5
PSN.L,2011-11-02,4.0
PSN.L,2012-05-09,6.0
PSN.L,2016-03-03,110.0
PSN.L,2017-03-09,25.0
PSN.L,2017-06-15,110.0
PSN.L,2018-03-08,125.0
PSN.L,2018-06-14,110.0
PSN.L,2019-03-07,125.0
PSN.L,2019-06-13,110.0
PSN.L,2020-08-27,40.0
PSN.L,2020-11-26,70.0
PSN.L,2021-03-11,125.0
PSN.L,2021-07-22,110.0
PSN.L,2022-03-10,125.0
PSN.L,2022-06-16,110.0
PSN.L,2023-04-13,60.000004
PSN.L,2023-10-12,20.0
PSN.L,2024-06-20,40.0
PSN.L,2024-10-17,20.0
PSN.L,2025-06-19,40.0
PSN.L,2025-10-16,20.0
PSON.L,1993-04-05,5.8435
PSON.L,1993-09-20,4.7418
PSON.L,1994-04-05,6.7249002
PSON.L,1994-09-12,5.0678997
PSON.L,1995-04-03,8.1527
PSON.L,1995-09-18,5.5791
PSON.L,1996-03-25,8.9724
PSON.L,1996-09-02,6.0815
PSON.L,1997-04-07,9.7833
PSON.L,1997-09-01,6.6102996
PSON.L,1998-03-30,10.5765
PSON.L,1998-08-10,7.051
PSON.L,1999-03-22,11.4579
PSON.L,1999-09-06,7.5797997
PSON.L,2000-03-13,12.2511
PSON.L,2000-08-07,7.2273
PSON.L,2001-03-14,13.2
PSON.L,2001-08-08,8.7
PSON.L,2002-03-13,13.6
PSON.L,2002-08-07,9.099999
PSON.L,2003-03-12,14.300001
PSON.L,2003-08-06,9.4
PSON.L,2004-04-07,14.8
PSON.L,2004-08-25,9.700001
PSON.L,2005-04-06,15.700001
PSON.L,2005-08-24,10.0
PSON.L,2006-04-05,17.0
PSON.L,2006-08-23,10.5
PSON.L,2007-04-04,18.8
PSON.L,2007-08-22,11.1
PSON.L,2008-04-09,20.5
PSON.L,2008-08-20,11.8
PSON.L,2009-04-08,22.0
PSON.L,2009-08-19,12.2
PSON.L,2010-04-07,23.3
PSON.L,2010-08-18,13.0
PSON.L,2011-04-06,25.7
PSON.L,2011-08-17,14.0
PSON.L,2012-04-04,28.0
PSON.L,2012-08-15,15.000001
PSON.L,2013-04-03,30.000002
PSON.L,2013-08-14,16.0
PSON.L,2014-04-02,32.0
PSON.L,2014-08-13,17.0
PSON.L,2015-04-02,34.0
PSON.L,2015-08-13,18.0
PSON.L,2016-04-07,34.0
PSON.L,2016-08-18,18.0
PSON.L,2017-04-06,34.0
PSON.L,2017-08-17,5.0
PSON.L,2018-04-05,12.0
PSON.L,2018-08-16,5.5
PSON.L,2019-04-04,13.0
PSON.L,2019-08-15,6.0
PSON.L,2020-03-26,13.500001
PSON.L,2020-08-13,6.0
PSON.L,2021-03-25,13.500001
PSON.L,2021-08-12,6.3
PSON.L,2022-03-24,14.200001
PSON.L,2022-08-11,6.6
PSON.L,2023-03-23,14.900001
PSON.L,2023-08-10,7.0
PSON.L,2024-03-21,15.700001
PSON.L,2024-08-08,7.4
PSON.L,2025-03-20,16.599998
PSON.L,2025-08-14,7.8
PTAL.L,2019-12-19,0.09222501
PTAL.L,2023-05-30,1.121865
PTAL.L,2023-08-30,1.869775
PTAL.L,2023-11-29,1.49582
PTAL.L,2024-02-28,1.49582
PTAL.L,2024-05-31,1.121865
PTAL.L,2024-08-29,1.121865
PTAL.L,2024-11-28,1.121865
PTAL.L,2025-02-28,1.121865
PTAL.L,2025-05-29,1.121865
PTAL.L,2025-08-28,1.121865
PTEC.L,2006-09-06,4.71
PTEC.L,2007-05-09,3.565
PTEC.L,2007-09-19,3.039
PTEC.L,2008-03-26,4.93
PTEC.L,2008-09-24,6.03
PTEC.L,2009-04-01,7.274
PTEC.L,2009-09-23,8.179
PTEC.L,2010-04-28,7.4366784
PTEC.L,2010-09-22,7.4366784
PTEC.L,2011-04-27,8.226
PTEC.L,2012-04-25,14.504161
PTEC.L,2012-09-19,6.856512
PTEC.L,2013-04-24,13.537216
PTEC.L,2013-09-23,6.856512
PTEC.L,2014-02-26,34.1
PTEC.L,2014-09-24,7.8234563
PTEC.L,2015-05-07,15.3832
PTEC.L,2015-09-24,8.438784
PTEC.L,2016-05-05,16.613855
PTEC.L,2016-09-22,9.66944
PTEC.L,2016-11-03,40.43584
PTEC.L,2017-05-04,19.075167
PTEC.L,2017-09-21,10.636384
PTEC.L,2018-05-03,21.009056
PTEC.L,2018-09-20,10.636384
PTEC.L,2019-05-02,10.54848
PTEC.L,2019-09-19,5.362144
PTEC.L,2025-05-08,479.02798
PU13.L,2021-12-02,6.5
PU13.L,2022-03-10,4.5
PU13.L,2022-12-08,5.5
PU13.L,2024-11-21,3.0
PUAL.L,2023-09-28,5.0
PUAL.L,2025-02-27,3.0
PVN.L,2001-05-30,4.8
PVN.L,2001-10-24,2.0
PVN.L,2002-07-03,2.6000001
PVN.L,2002-10-30,2.0
PVN.L,2004-11-17,6.0
PVN.L,2005-06-08,7.0
PVN.L,2005-10-12,6.0
PVN.L,2006-06-14,4.0
PVN.L,2006-11-01,62.0
PVN.L,2007-03-21,2.0
PVN.L,2008-07-02,2.5
PVN.L,2008-10-15,2.0
PVN.L,2009-06-17,2.0
PVN.L,2009-10-15,2.0
PVN.L,2010-07-21,16.0
PVN.L,2011-06-01,12.5
PVN.L,2012-01-04,12.5
PVN.L,2013-07-03,5.0
PVN.L,2013-10-23,2.5
PVN.L,2014-03-05,2.5
PVN.L,2014-06-25,2.0
PVN.L,2014-10-30,2.5
PVN.L,2015-07-02,2.5
PVN.L,2015-10-22,2.5
PVN.L,2016-06-16,4.0
PVN.L,2016-11-17,2.5
PVN.L,2017-06-15,2.5
PVN.L,2017-10-19,7.0
PVN.L,2018-06-21,2.5
PVN.L,2018-11-01,25.25
PVN.L,2019-06-20,2.5
PVN.L,2019-11-14,2.0
PVN.L,2020-08-06,2.0
PVN.L,2020-11-12,1.5
PVN.L,2021-07-08,2.0
PVN.L,2021-11-18,1.5
PVN.L,2022-07-14,3.7500002
PVN.L,2022-11-10,1.75
PVN.L,2023-07-06,2.0
PVN.L,2023-11-16,1.5
PVN.L,2024-07-18,1.75
PVN.L,2024-12-19,1.5
PVN.L,2025-07-17,1.75
PZC.L,1993-03-29,0.235
PZC.L,1993-11-01,1.025
PZC.L,1994-03-28,0.245
PZC.L,1994-10-24,1.14
PZC.L,1995-03-27,0.255
PZC.L,1995-10-30,1.245
PZC.L,1996-03-25,0.265
PZC.L,1996-10-28,1.3349999
PZC.L,1997-03-24,0.55
PZC.L,1997-10-27,1.17
PZC.L,1998-03-23,0.585
PZC.L,1998-10-26,1.265
PZC.L,1999-03-01,0.585
PZC.L,1999-09-27,1.365
PZC.L,2000-03-06,0.615
PZC.L,2000-10-02,1.535
PZC.L,2001-03-07,0.65000004
PZC.L,2001-10-03,1.7249999
PZC.L,2002-03-06,0.70000005
PZC.L,2002-10-02,1.925
PZC.L,2003-03-05,0.75
PZC.L,2003-10-01,2.15
PZC.L,2004-03-03,0.805
PZC.L,2004-09-29,2.395
PZC.L,2005-03-02,0.865
PZC.L,2005-08-24,2.6599998
PZC.L,2006-03-01,0.93
PZC.L,2006-08-23,2.95
PZC.L,2007-02-28,1.0
PZC.L,2007-08-22,3.2699997
PZC.L,2008-02-27,1.08
PZC.L,2008-08-20,3.625
PZC.L,2009-02-25,1.19
PZC.L,2009-08-19,4.085
PZC.L,2010-02-24,1.9300001
PZC.L,2010-08-18,3.9700003
PZC.L,2011-02-23,2.123
PZC.L,2011-08-17,4.487
PZC.L,2012-02-22,2.23
PZC.L,2012-08-15,4.487
PZC.L,2013-02-20,2.35
PZC.L,2013-08-14,5.04
PZC.L,2014-02-19,2.53
PZC.L,2014-08-13,5.23
PZC.L,2015-02-19,2.6100001
PZC.L,2015-08-13,5.39
PZC.L,2016-02-18,2.6100001
PZC.L,2016-08-11,5.5
PZC.L,2017-02-16,2.6699998
PZC.L,2017-08-10,5.61
PZC.L,2018-02-15,2.6699998
PZC.L,2018-08-09,5.61
PZC.L,2019-02-14,2.6699998
PZC.L,2019-08-08,5.61
PZC.L,2020-02-13,2.6699998
PZC.L,2020-10-08,3.13
PZC.L,2021-02-11,2.6699998
PZC.L,2021-10-21,3.42
PZC.L,2022-03-10,2.6699998
PZC.L,2022-10-20,3.7300003
PZC.L,2023-03-09,2.6699998
PZC.L,2023-11-02,3.7300003
PZC.L,2024-03-07,1.5
PZC.L,2024-10-31,2.1
PZC.L,2025-03-06,1.5
PZC.L,2025-10-30,2.1
QLT.L,2018-08-23,14.0
QLT.L,2019-04-25,3.85
QLT.L,2019-08-29,1.9833001
QLT.L,2020-04-02,4.0833
QLT.L,2020-09-03,1.1667
QLT.L,2021-04-08,4.2
QLT.L,2021-09-02,1.9833001
QLT.L,2022-04-07,4.5499997
QLT.L,2022-05-23,20.0
QLT.L,2022-09-01,1.2
QLT.L,2023-04-20,3.3
QLT.L,2023-08-31,1.5
QLT.L,2024-04-18,3.7
QLT.L,2024-08-29,1.7
QLT.L,2025-04-10,4.2
QLT.L,2025-08-28,2.0
QQ.L,2006-08-02,2.25
QQ.L,2007-01-24,1.2
QQ.L,2007-08-01,2.45
QQ.L,2008-01-23,1.3299999
QQ.L,2008-08-06,2.92
QQ.L,2009-01-21,1.5
QQ.L,2009-08-05,3.25
QQ.L,2010-01-20,1.5799999
QQ.L,2011-08-03,1.6
QQ.L,2012-01-18,0.9
QQ.L,2012-08-08,2.0
QQ.L,2013-01-16,1.1
QQ.L,2013-08-07,2.7
QQ.L,2014-01-15,1.4000001
QQ.L,2014-08-06,3.2
QQ.L,2015-01-15,1.8
QQ.L,2015-08-06,3.6
QQ.L,2016-01-14,1.9
QQ.L,2016-08-04,3.8
QQ.L,2017-01-12,2.0
QQ.L,2017-08-03,4.0
QQ.L,2018-01-11,2.1
QQ.L,2018-08-02,4.2
QQ.L,2019-01-10,2.1
QQ.L,2019-08-01,4.5
QQ.L,2020-01-09,2.2
QQ.L,2020-10-08,4.4
QQ.L,2021-01-07,2.2
QQ.L,2021-07-29,4.7
QQ.L,2022-01-06,2.3
QQ.L,2022-07-28,5.0
QQ.L,2023-01-05,2.4
QQ.L,2023-07-27,5.2999997
QQ.L,2024-01-04,2.6000001
QQ.L,2024-07-25,5.65
QQ.L,2025-01-09,2.8000002
QQ.L,2025-07-24,6.05
QTX.L,2015-04-16,3.0
QTX.L,2015-08-20,2.0
QTX.L,2016-03-10,4.0
QTX.L,2016-08-18,2.2
QTX.L,2017-04-06,9.0
QTX.L,2017-08-17,2.4
QTX.L,2018-04-05,4.3
QTX.L,2018-08-16,2.4
QTX.L,2019-04-04,10.0
QTX.L,2019-08-15,2.4
QTX.L,2020-04-02,5.7999997
QTX.L,2020-08-13,3.3700001
QTX.L,2021-04-01,17.7
QTX.L,2021-08-12,1.5
QTX.L,2022-03-31,7.0
QTX.L,2022-08-11,1.5
QTX.L,2023-03-30,6.3
QTX.L,2023-08-10,1.5
QTX.L,2024-03-28,1.5
QTX.L,2024-08-29,1.5
QTX.L,2025-04-03,3.0
QTX.L,2025-08-28,2.5
RAT.L,1993-03-29,4.5
RAT.L,1993-09-06,2.0
RAT.L,1994-04-25,5.5
RAT.L,1994-09-12,3.0
RAT.L,1995-04-10,6.0
RAT.L,1995-09-25,3.5
RAT.L,1996-04-22,6.5
RAT.L,1996-09-30,4.0
RAT.L,1997-04-21,7.5000005
RAT.L,1997-09-22,5.0
RAT.L,1998-04-06,9.0
RAT.L,1998-09-21,7.0
RAT.L,1999-04-12,12.0
RAT.L,1999-09-20,8.0
RAT.L,2000-04-10,14.0
RAT.L,2000-09-18,10.0
RAT.L,2001-04-11,15.000001
RAT.L,2001-09-12,10.0
RAT.L,2002-04-10,16.0
RAT.L,2002-09-11,10.0
RAT.L,2003-04-09,16.0
RAT.L,2003-09-17,10.0
RAT.L,2004-04-14,16.0
RAT.L,2004-09-22,10.5
RAT.L,2005-04-13,17.0
RAT.L,2005-09-21,11.5
RAT.L,2006-04-12,18.5
RAT.L,2006-09-20,13.500001
RAT.L,2007-04-11,21.5
RAT.L,2007-09-19,16.0
RAT.L,2008-04-16,25.0
RAT.L,2008-09-17,16.0
RAT.L,2009-04-15,26.0
RAT.L,2009-09-16,16.0
RAT.L,2010-03-03,26.0
RAT.L,2010-09-15,16.0
RAT.L,2011-04-27,28.0
RAT.L,2011-09-14,17.0
RAT.L,2012-04-25,29.0
RAT.L,2012-09-12,17.0
RAT.L,2013-04-24,30.000002
RAT.L,2013-09-11,18.0
RAT.L,2014-04-23,31.0
RAT.L,2014-09-10,19.0
RAT.L,2015-04-23,33.0
RAT.L,2015-09-10,21.0
RAT.L,2016-04-28,34.0
RAT.L,2016-09-08,21.0
RAT.L,2017-04-20,36.0
RAT.L,2017-09-07,22.0
RAT.L,2018-04-19,39.0
RAT.L,2018-09-06,24.0
RAT.L,2019-04-18,42.0
RAT.L,2019-09-05,25.0
RAT.L,2020-04-23,45.0
RAT.L,2020-09-03,25.0
RAT.L,2021-04-22,47.0
RAT.L,2021-09-02,27.000002
RAT.L,2022-04-21,54.000004
RAT.L,2022-09-01,28.0
RAT.L,2023-04-20,56.0
RAT.L,2023-08-03,29.0
RAT.L,2023-09-19,34.0
RAT.L,2024-04-18,24.0
RAT.L,2024-09-05,30.000002
RAT.L,2025-04-10,63.0
RAT.L,2025-09-04,31.0
RCH.L,1993-03-29,5.2255
RCH.L,1993-09-20,2.6127
RCH.L,1994-03-28,5.8350997
RCH.L,1994-09-19,2.874
RCH.L,1995-04-03,6.4448
RCH.L,1995-09-25,3.1646
RCH.L,1996-04-01,7.0965
RCH.L,1996-09-23,3.4522998
RCH.L,1997-04-01,7.8636994
RCH.L,1997-09-29,3.8359
RCH.L,1998-03-30,8.822599
RCH.L,1998-09-28,4.2195
RCH.L,1999-03-08,9.685699
RCH.L,1999-08-16,4.6031
RCH.L,2000-04-25,10.7406
RCH.L,2000-09-25,5.0825996
RCH.L,2001-05-02,11.7955
RCH.L,2001-10-03,5.0825996
RCH.L,2002-05-01,11.7955
RCH.L,2002-10-02,5.0825996
RCH.L,2003-05-07,11.7955
RCH.L,2003-10-01,5.2744
RCH.L,2004-05-05,12.275
RCH.L,2004-10-06,5.658
RCH.L,2005-05-04,13.7134
RCH.L,2005-10-05,6.1375
RCH.L,2006-05-03,14.864201
RCH.L,2006-10-04,6.1375
RCH.L,2007-05-02,14.864201
RCH.L,2007-10-03,6.1375
RCH.L,2008-05-07,14.864201
RCH.L,2008-10-01,3.0687
RCH.L,2015-05-07,2.8769
RCH.L,2015-10-01,1.918
RCH.L,2016-05-12,3.0208
RCH.L,2016-11-03,2.0139
RCH.L,2017-05-11,3.2125998
RCH.L,2017-09-07,2.1577
RCH.L,2018-05-10,3.4044
RCH.L,2018-09-06,2.2728
RCH.L,2019-05-09,3.6153998
RCH.L,2019-09-05,2.3975
RCH.L,2021-05-13,4.2599998
RCH.L,2021-08-12,2.75
RCH.L,2022-05-12,4.46
RCH.L,2022-08-11,2.8799999
RCH.L,2023-05-11,4.46
RCH.L,2023-08-10,2.8799999
RCH.L,2024-05-09,4.46
RCH.L,2024-08-15,2.8799999
RCH.L,2025-05-01,4.46
RCH.L,2025-08-14,2.8799999
RCN.L,2014-07-30,1.0
RCN.L,2015-01-15,1.0
RCN.L,2015-09-03,2.5
RCN.L,2016-01-14,1.5
RCN.L,2016-08-25,3.0
RCN.L,2018-11-29,0.4
RCN.L,2019-07-04,1.0
RCN.L,2019-12-05,0.83
RCN.L,2020-11-19,1.2
RCN.L,2021-08-05,2.4
RCN.L,2021-11-25,1.2
RCN.L,2022-07-28,2.4
RCN.L,2022-12-15,1.2
RCN.L,2023-12-07,2.4
RCN.L,2024-03-07,1.2
RCN.L,2024-12-12,2.4
RCN.L,2025-03-13,1.2
RCP.L,1989-05-22,1.65
RCP.L,1990-05-14,2.6399999
RCP.L,1991-05-20,2.44
RCP.L,1992-06-01,1.15
RCP.L,1993-06-07,1.15
RCP.L,1994-06-06,1.51
RCP.L,1995-06-12,1.5799999
RCP.L,1995-06-16,1.5799999
RCP.L,1996-06-10,1.65
RCP.L,1997-06-16,1.82
RCP.L,1998-06-15,2.0
RCP.L,1999-06-14,2.2
RCP.L,2000-06-05,3.1
RCP.L,2000-06-07,3.1
RCP.L,2001-06-06,3.1
RCP.L,2002-06-05,3.1
RCP.L,2003-06-04,3.1
RCP.L,2004-06-16,3.1
RCP.L,2004-06-18,3.1
RCP.L,2005-06-15,3.1
RCP.L,2006-06-14,3.1
RCP.L,2007-06-13,3.1
RCP.L,2008-06-11,4.0
RCP.L,2009-06-17,7.5000005
RCP.L,2010-03-10,4.0
RCP.L,2011-08-03,4.0
RCP.L,2012-06-13,28.0
RCP.L,2013-04-03,14.0
RCP.L,2013-10-02,14.0
RCP.L,2014-04-02,14.7
RCP.L,2014-10-01,14.7
RCP.L,2015-04-02,15.000001
RCP.L,2015-10-01,15.000001
RCP.L,2016-04-07,15.5
RCP.L,2016-10-06,15.5
RCP.L,2017-04-06,16.0
RCP.L,2017-10-05,16.0
RCP.L,2018-04-05,16.5
RCP.L,2018-10-04,16.5
RCP.L,2019-04-04,17.0
RCP.L,2019-10-03,17.0
RCP.L,2020-04-02,17.5
RCP.L,2020-10-01,17.5
RCP.L,2021-04-01,17.625
RCP.L,2021-09-30,17.625
RCP.L,2022-03-31,18.5
RCP.L,2022-10-06,18.5
RCP.L,2023-04-06,19.0
RCP.L,2023-10-05,19.0
RCP.L,2024-04-04,19.5
RCP.L,2024-10-03,19.5
RCP.L,2025-04-03,21.5
RCP.L,2025-10-02,21.5
RE-B.L,2000-05-30,4.5
RE-B.L,2000-12-04,4.5
RE-B.L,2001-05-30,4.5
RE-B.L,2003-12-10,5.0
RE-B.L,2004-06-09,4.5
RE-B.L,2004-12-01,4.5
RE-B.L,2005-06-01,4.5
RE-B.L,2005-11-30,4.5
RE-B.L,2006-06-07,4.5
RE-B.L,2006-11-29,4.5
RE-B.L,2007-05-30,4.5
RE-B.L,2007-11-28,4.5
RE-B.L,2008-05-28,4.5
RE-B.L,2008-11-26,4.5
RE-B.L,2009-05-27,4.5
RE-B.L,2009-11-25,4.5
RE-B.L,2010-05-26,4.5
RE-B.L,2010-11-24,4.5
RE-B.L,2011-05-25,4.5
RE-B.L,2011-11-23,5.0
RE-B.L,2012-05-30,4.5
RE-B.L,2012-11-28,5.0
RE-B.L,2013-05-29,5.0
RE-B.L,2013-11-27,5.0
RE-B.L,2014-05-28,4.5
RE-B.L,2014-11-27,4.5
RE-B.L,2015-05-28,4.5
RE-B.L,2015-11-26,4.5
RE-B.L,2016-05-26,4.5
RE-B.L,2016-12-01,4.5
RE-B.L,2017-06-01,4.5
RE-B.L,2017-11-30,4.5
RE-B.L,2018-05-31,4.5
RE-B.L,2018-11-29,4.5
RE-B.L,2019-05-30,4.5
RE-B.L,2021-05-27,4.5
RE-B.L,2021-11-25,4.5
RE-B.L,2022-05-26,4.5
RE-B.L,2022-12-01,14.5
RE-B.L,2023-06-01,4.5
RE-B.L,2024-03-28,11.5
RE-B.L,2024-06-13,4.5
RE-B.L,2024-12-12,4.5
RE-B.L,2025-06-12,4.5
RE-B.L,2025-12-11,4.5
RE.L,1993-09-21,2.0
RE.L,1994-05-16,4.0
RE.L,1995-05-09,4.0
RE.L,1996-07-29,4.0
RE.L,2000-01-04,4.0
RE.L,2007-01-10,1.0
RE.L,2007-09-12,1.0
RE.L,2008-01-02,1.0
RE.L,2008-09-03,1.5
RE.L,2009-01-14,1.5
RE.L,2009-09-02,2.0
RE.L,2009-12-30,2.0
RE.L,2010-09-08,2.5
RE.L,2011-01-05,2.5
RE.L,2011-08-31,3.0
RE.L,2012-01-04,3.0
RE.L,2012-06-27,3.5
RE.L,2013-01-02,3.5
RE.L,2013-06-26,3.5
RE.L,2013-12-31,3.5
RE.L,2014-07-02,3.7500002
RE.L,2015-01-02,4.0
RE.L,2015-07-02,3.7500002
REC.L,2008-06-18,2.16
REC.L,2008-12-03,2.43
REC.L,2009-06-24,2.16
REC.L,2009-11-25,2.0
REC.L,2010-02-17,2.0
REC.L,2010-06-23,0.59000003
REC.L,2010-11-24,2.0
REC.L,2011-06-22,2.5900002
REC.L,2011-11-30,0.75
REC.L,2012-06-20,0.75
REC.L,2013-06-19,1.5
REC.L,2013-11-27,0.75
REC.L,2014-06-25,0.75
REC.L,2014-11-27,0.75
REC.L,2015-06-25,0.9
REC.L,2015-12-03,0.825
REC.L,2016-06-30,0.825
REC.L,2016-12-01,0.825
REC.L,2017-06-29,2.085
REC.L,2017-11-30,1.15
REC.L,2018-06-28,1.65
REC.L,2018-12-06,1.15
REC.L,2019-06-27,1.15
REC.L,2019-12-05,1.15
REC.L,2020-07-02,1.15
REC.L,2020-12-03,1.15
REC.L,2021-07-01,1.6
REC.L,2021-12-02,1.8
REC.L,2022-06-30,2.72
REC.L,2022-12-08,2.05
REC.L,2023-07-13,2.45
REC.L,2023-11-30,2.15
REC.L,2024-07-11,3.05
REC.L,2024-11-28,2.15
REC.L,2025-07-03,2.5
REC.L,2025-11-20,2.15
RECI.L,2006-06-14,16.725
RECI.L,2006-08-09,17.979
RECI.L,2006-11-22,17.647
RECI.L,2007-03-14,15.447
RECI.L,2007-07-04,10.191
RECI.L,2007-09-12,10.114
RECI.L,2007-12-12,10.465
RECI.L,2008-03-12,11.002
RECI.L,2008-06-25,11.937
RECI.L,2008-10-01,11.8689995
RECI.L,2008-12-10,6.333
RECI.L,2009-03-25,7.6569996
RECI.L,2009-06-24,7.4179997
RECI.L,2009-09-23,4.324
RECI.L,2009-12-09,7.2120004
RECI.L,2010-03-17,7.1019998
RECI.L,2010-06-23,7.1280003
RECI.L,2010-09-13,11.872001
RECI.L,2011-03-23,1.2657024
RECI.L,2011-06-29,1.2305441
RECI.L,2011-09-28,1.2305441
RECI.L,2011-12-07,0.86
RECI.L,2012-03-07,0.774
RECI.L,2012-07-04,0.016999999
RECI.L,2012-08-29,1.7
RECI.L,2012-12-05,2.0
RECI.L,2013-03-06,2.0
RECI.L,2013-06-19,2.2
RECI.L,2013-09-04,2.3
RECI.L,2013-11-06,3.4
RECI.L,2014-02-26,2.3
RECI.L,2014-03-05,2.3
RECI.L,2014-06-25,2.7
RECI.L,2014-09-03,2.7
RECI.L,2014-12-11,2.7
RECI.L,2015-02-26,2.7
RECI.L,2015-06-25,2.7
RECI.L,2015-08-27,2.7
RECI.L,2015-12-10,2.7
RECI.L,2016-02-25,2.7
RECI.L,2016-06-30,3.5
RECI.L,2016-08-18,2.7
RECI.L,2016-12-15,2.7
RECI.L,2017-02-23,2.7
RECI.L,2017-06-29,3.0
RECI.L,2017-08-31,3.0
RECI.L,2017-12-14,3.0
RECI.L,2018-03-01,3.0
RECI.L,2018-06-28,3.0
RECI.L,2018-08-23,3.0
RECI.L,2018-12-13,3.0
RECI.L,2019-03-07,3.0
RECI.L,2019-07-04,3.0
RECI.L,2019-08-22,3.0
RECI.L,2019-12-12,3.0
RECI.L,2020-03-05,3.0
RECI.L,2020-07-02,3.0
RECI.L,2020-08-20,3.0
RECI.L,2020-12-10,3.0
RECI.L,2021-03-04,3.0
RECI.L,2021-07-08,3.0
RECI.L,2021-08-19,3.0
RECI.L,2021-12-02,3.0
RECI.L,2022-03-03,3.0
RECI.L,2022-07-07,3.0
RECI.L,2022-08-18,3.0
RECI.L,2022-12-01,3.0
RECI.L,2023-03-02,3.0
RECI.L,2023-07-06,3.0
RECI.L,2023-09-21,3.0
RECI.L,2023-12-07,3.0
RECI.L,2024-03-14,3.0
RECI.L,2024-07-04,3.0
RECI.L,2024-09-26,3.0
RECI.L,2024-12-05,3.0
RECI.L,2025-03-13,3.0
RECI.L,2025-07-03,3.0
RECI.L,2025-09-25,3.0
RECI.L,2025-12-04,3.0
REL.L,1993-03-29,2.4184
REL.L,1993-09-06,3.4655
REL.L,1994-04-25,4.2532997
REL.L,1994-08-22,3.8697999
REL.L,1995-04-24,8.5483
REL.L,1995-08-21,4.3319
REL.L,1996-04-22,9.819
REL.L,1996-08-27,4.7651
REL.L,1997-04-21,10.9453
REL.L,1997-08-18,5.0828
REL.L,1998-03-23,11.7828
REL.L,1998-08-17,5.3138
REL.L,1999-04-19,12.0138
REL.L,1999-08-16,5.3138
REL.L,2000-05-02,6.2379
REL.L,2000-08-21,3.581
REL.L,2001-04-18,7.9707
REL.L,2001-08-15,3.581
REL.L,2002-04-10,8.5483
REL.L,2002-08-14,3.6966
REL.L,2003-04-09,9.2414
REL.L,2003-08-13,3.8121
REL.L,2004-04-28,10.05
REL.L,2004-08-11,3.9276
REL.L,2005-04-27,11.0897
REL.L,2005-08-03,4.2741003
REL.L,2006-04-19,12.3603
REL.L,2006-08-02,4.7362
REL.L,2007-04-18,13.631
REL.L,2007-08-01,5.1983
REL.L,2008-01-07,82.0
REL.L,2008-04-30,13.6
REL.L,2008-08-06,5.2999997
REL.L,2009-04-22,15.000001
REL.L,2009-08-05,5.4
REL.L,2010-04-28,15.000001
REL.L,2010-08-04,5.4
REL.L,2011-04-20,15.000001
REL.L,2011-08-03,5.65
REL.L,2012-04-25,15.9
REL.L,2012-08-08,6.0
REL.L,2013-05-01,17.0
REL.L,2013-08-07,6.65
REL.L,2014-04-30,17.95
REL.L,2014-08-06,7.0
REL.L,2015-04-30,19.0
REL.L,2015-08-06,7.4
REL.L,2016-04-28,22.300001
REL.L,2016-08-04,10.25
REL.L,2017-04-27,25.7
REL.L,2017-08-03,11.7
REL.L,2018-04-26,27.7
REL.L,2018-08-02,12.4
REL.L,2019-05-02,29.699999
REL.L,2019-08-01,13.6
REL.L,2020-04-24,32.100002
REL.L,2020-07-30,13.6
REL.L,2021-04-29,33.399998
REL.L,2021-08-05,14.300001
REL.L,2022-04-28,35.5
REL.L,2022-08-04,15.700001
REL.L,2023-04-27,38.9
REL.L,2023-08-03,17.0
REL.L,2024-05-02,41.800003
REL.L,2024-08-01,18.199999
REL.L,2025-05-08,44.800003
REL.L,2025-08-07,19.5
RESI.L,2018-02-15,0.75
RESI.L,2018-05-17,0.75
RESI.L,2018-08-23,0.75
RESI.L,2018-11-22,0.75
RESI.L,2019-02-07,1.25
RESI.L,2019-05-09,1.25
RESI.L,2019-08-08,1.25
RESI.L,2019-12-05,1.25
RESI.L,2020-02-13,1.25
RESI.L,2020-05-07,1.25
RESI.L,2020-08-06,1.25
RESI.L,2020-12-10,1.25
RESI.L,2021-02-04,1.25
RESI.L,2021-05-20,1.25
RESI.L,2021-08-05,1.25
RESI.L,2021-12-09,1.2900001
RESI.L,2022-02-03,1.2900001
RESI.L,2022-06-01,1.2900001
RESI.L,2022-08-04,1.2900001
RESI.L,2022-12-08,1.2900001
RESI.L,2023-02-09,1.2900001
RESI.L,2023-06-15,1.2900001
RESI.L,2023-08-10,1.2900001
RESI.L,2023-12-14,1.03
RESI.L,2024-02-08,1.03
RESI.L,2024-06-27,1.03
RESI.L,2024-08-08,1.03
RESI.L,2025-01-30,1.03
RESI.L,2025-02-20,1.03
RESI.L,2025-06-26,1.03
RESI.L,2025-08-07,1.03
RFX.L,2017-08-24,1.3000001
RFX.L,2018-01-18,2.2
RFX.L,2018-08-23,4.4
RFX.L,2019-01-17,2.4
RFX.L,2019-08-22,4.8
RFX.L,2020-01-16,2.7
RFX.L,2022-02-03,1.2
RFX.L,2022-09-01,2.7
RFX.L,2023-02-02,6.3
RFX.L,2023-09-07,3.3
RFX.L,2024-02-15,7.1000004
RFX.L,2024-09-05,3.6
RFX.L,2025-02-13,7.6
RFX.L,2025-09-11,5.0
RGL.L,2016-03-17,6.3115
RGL.L,2016-06-09,11.045199
RGL.L,2016-09-08,11.045199
RGL.L,2016-11-24,11.045199
RGL.L,2017-03-02,15.147699
RGL.L,2017-06-08,11.3607
RGL.L,2017-09-07,11.3607
RGL.L,2017-11-23,11.3607
RGL.L,2018-03-01,15.463201
RGL.L,2018-05-24,11.6763
RGL.L,2018-09-13,11.6763
RGL.L,2018-11-22,11.6763
RGL.L,2019-02-28,15.778799
RGL.L,2019-06-06,11.9919
RGL.L,2019-09-05,12.0153
RGL.L,2019-11-21,12.0153
RGL.L,2020-03-05,16.1258
RGL.L,2020-06-04,12.0153
RGL.L,2020-09-03,9.4858
RGL.L,2020-11-19,9.4858
RGL.L,2021-03-04,9.4858
RGL.L,2021-05-27,10.1181
RGL.L,2021-09-09,10.1181
RGL.L,2021-11-18,10.1181
RGL.L,2022-03-03,10.7505
RGL.L,2022-06-01,10.434299
RGL.L,2022-09-01,10.434299
RGL.L,2022-11-17,10.434299
RGL.L,2023-03-02,10.434299
RGL.L,2023-06-01,10.434299
RGL.L,2023-09-21,7.5886
RGL.L,2023-11-16,7.5886
RGL.L,2024-02-29,7.5886
RGL.L,2024-05-30,7.5886
RGL.L,2024-09-19,2.2
RGL.L,2024-11-21,2.2
RGL.L,2025-02-27,2.2
RGL.L,2025-05-22,2.5
RGL.L,2025-09-18,2.5
RGL.L,2025-11-20,2.5
RHIM.L,2018-06-14,65.928
RHIM.L,2019-06-13,131.856
RHIM.L,2019-12-19,43.952
RHIM.L,2020-12-03,43.952
RHIM.L,2021-06-10,87.904
RHIM.L,2021-08-26,43.952
RHIM.L,2022-05-26,87.904
RHIM.L,2022-08-25,43.952
RHIM.L,2023-06-08,96.694405
RHIM.L,2023-08-24,48.347202
RHIM.L,2024-05-16,109.88
RHIM.L,2024-08-29,52.7424
RHIM.L,2025-05-22,105.4848
RHIM.L,2025-08-28,52.7424
RICA.L,2005-03-30,0.5
RICA.L,2005-09-07,0.5
RICA.L,2006-03-22,0.5
RICA.L,2006-09-27,0.5
RICA.L,2007-03-21,1.25
RICA.L,2007-09-26,1.25
RICA.L,2008-03-05,1.25
RICA.L,2008-10-01,1.25
RICA.L,2009-03-04,1.5
RICA.L,2009-09-30,1.5
RICA.L,2010-03-03,1.5
RICA.L,2010-09-01,1.5
RICA.L,2011-03-02,1.5
RICA.L,2011-10-05,1.5
RICA.L,2012-02-29,1.6
RICA.L,2012-09-26,1.6
RICA.L,2013-03-06,1.6
RICA.L,2013-10-02,1.7
RICA.L,2014-03-05,1.7
RICA.L,2014-10-01,1.7
RICA.L,2015-03-05,1.7
RICA.L,2015-09-17,1.7
RICA.L,2016-03-03,1.7
RICA.L,2016-09-22,1.7
RICA.L,2017-03-09,0.9
RICA.L,2017-09-28,0.9
RICA.L,2018-03-08,0.9
RICA.L,2018-09-20,0.9
RICA.L,2019-03-07,0.9
RICA.L,2019-09-26,0.9
RICA.L,2020-03-12,0.95
RICA.L,2020-09-24,0.95
RICA.L,2021-03-11,0.95
RICA.L,2021-10-14,1.55
RICA.L,2022-03-10,1.5
RICA.L,2022-10-13,1.25
RICA.L,2023-03-02,1.35
RICA.L,2023-10-12,1.65
RICA.L,2024-03-07,2.0
RICA.L,2024-09-26,3.1
RICA.L,2025-03-20,2.85
RICA.L,2025-10-09,3.3500001
RIII.L,1981-07-24,1.0
RIII.L,1982-03-01,2.8000002
RIII.L,1982-09-06,1.0
RIII.L,1983-03-07,2.8000002
RIII.L,1983-08-15,1.0
RIII.L,1984-03-09,2.8000002
RIII.L,1984-03-12,2.8000002
RIII.L,1984-08-13,1.0
RIII.L,1985-03-11,2.8000002
RIII.L,1985-03-12,2.8000002
RIII.L,1985-08-12,1.0
RIII.L,1986-03-07,3.0
RIII.L,1986-03-10,3.0
RIII.L,1986-08-11,1.1
RIII.L,1987-03-06,3.15
RIII.L,1987-03-09,3.15
RIII.L,1987-08-10,1.2
RIII.L,1988-03-07,3.4
RIII.L,1988-03-14,3.5
RIII.L,1988-08-15,1.3000001
RIII.L,1989-03-13,4.1
RIII.L,1989-07-31,1.6
RIII.L,1990-02-26,4.9
RIII.L,1990-08-20,2.0
RIII.L,1991-02-25,5.5
RIII.L,1991-08-12,2.2
RIII.L,1992-03-09,5.7999997
RIII.L,1992-07-27,2.3
RIII.L,1993-03-01,6.0
RIII.L,1993-03-09,6.0
RIII.L,1993-08-02,2.4
RIII.L,1994-02-28,6.3
RIII.L,1994-08-01,2.5
RIII.L,1995-03-06,6.8999996
RIII.L,1995-08-21,3.0
RIII.L,1996-02-26,7.5000005
RIII.L,1996-08-27,3.5
RIII.L,1997-03-03,9.5
RIII.L,1997-08-11,4.5
RIII.L,1998-03-09,14.5
RIII.L,1998-08-10,5.25
RIII.L,1999-03-08,14.0
RIII.L,1999-08-16,6.25
RIII.L,2000-03-20,16.25
RIII.L,2000-08-14,7.0
RIII.L,2001-02-28,18.5
RIII.L,2001-08-15,8.0
RIII.L,2002-02-27,22.5
RIII.L,2002-08-14,10.0
RIII.L,2003-02-26,23.0
RIII.L,2003-08-20,10.75
RIII.L,2004-02-25,23.75
RIII.L,2004-08-25,11.5
RIII.L,2005-02-23,25.0
RIII.L,2005-03-02,25.0
RIII.L,2005-08-24,12.5
RIII.L,2006-02-22,28.0
RIII.L,2006-08-30,14.0
RIII.L,2007-02-21,29.499998
RIII.L,2007-08-29,15.5
RIII.L,2008-02-27,30.5
RIII.L,2008-08-27,16.0
RIII.L,2009-03-04,17.0
RIII.L,2009-08-26,8.5
RIII.L,2010-03-03,17.0
RIII.L,2010-08-25,8.5
RIII.L,2011-03-02,17.0
RIII.L,2011-08-24,8.5
RIII.L,2012-02-29,17.0
RIII.L,2012-08-22,8.5
RIII.L,2013-02-27,18.25
RIII.L,2013-08-28,9.5
RIII.L,2014-02-26,30.5
RIII.L,2014-03-28,21.5
RIII.L,2014-08-27,10.5
RIII.L,2014-08-28,10.5
RIII.L,2015-03-05,25.5
RIII.L,2015-08-27,10.5
RIII.L,2016-03-10,25.5
RIII.L,2016-05-26,22.5
RIII.L,2016-09-01,10.0
RIII.L,2017-03-09,20.0
RIII.L,2017-08-31,10.25
RIII.L,2018-03-15,20.5
RIII.L,2018-08-30,10.5
RIII.L,2019-03-14,21.0
RIII.L,2019-08-29,10.75
RIII.L,2020-03-12,21.5
RIII.L,2020-08-27,10.75
RIII.L,2021-03-04,21.5
RIII.L,2021-08-26,10.75
RIII.L,2022-03-03,24.0
RIII.L,2022-08-25,10.75
RIII.L,2023-03-02,29.249998
RIII.L,2023-08-24,11.75
RIII.L,2024-03-07,31.25
RIII.L,2024-08-22,12.0
RIII.L,2025-03-06,32.0
RIII.L,2025-08-28,12.25
RIO.L,1993-03-15,11.1524
RIO.L,1993-06-07,11.1524
RIO.L,1994-03-14,5.7827
RIO.L,1994-09-26,5.948
RIO.L,1995-03-20,13.3829
RIO.L,1995-10-16,6.9393
RIO.L,1996-02-19,15.2003
RIO.L,1996-09-23,7.0054
RIO.L,1997-03-17,15.2747
RIO.L,1997-09-22,6.8567
RIO.L,1998-03-16,14.242
RIO.L,1998-09-21,8.228001
RIO.L,1999-03-09,18.1991
RIO.L,1999-08-09,8.5832
RIO.L,2000-03-06,19.6943
RIO.L,2000-08-14,10.4585
RIO.L,2001-03-07,21.652199
RIO.L,2001-08-15,11.5903
RIO.L,2002-03-06,22.841799
RIO.L,2002-08-14,15.588599
RIO.L,2003-03-05,15.365601
RIO.L,2003-08-13,15.241601
RIO.L,2004-03-10,15.4316
RIO.L,2004-08-11,14.4899
RIO.L,2005-02-23,19.777
RIO.L,2005-08-10,17.9678
RIO.L,2006-02-22,70.4172
RIO.L,2006-08-09,17.6952
RIO.L,2007-03-07,26.955801
RIO.L,2007-08-08,21.14
RIO.L,2008-02-20,35.6299
RIO.L,2008-09-03,29.9463
RIO.L,2009-02-18,38.2404
RIO.L,2010-02-24,39.14
RIO.L,2010-08-11,28.21
RIO.L,2011-03-02,39.14
RIO.L,2011-08-10,33.14
RIO.L,2012-02-29,57.33
RIO.L,2012-08-15,46.43
RIO.L,2013-03-06,60.34
RIO.L,2013-08-14,54.280003
RIO.L,2014-03-05,65.82
RIO.L,2014-08-13,56.9
RIO.L,2015-03-05,77.98
RIO.L,2015-08-13,68.92
RIO.L,2016-02-25,74.21
RIO.L,2016-08-11,33.8
RIO.L,2017-02-23,100.56
RIO.L,2017-08-10,83.130005
RIO.L,2018-03-01,129.43
RIO.L,2018-08-09,96.82
RIO.L,2019-03-07,319.51
RIO.L,2019-08-08,173.14
RIO.L,2020-03-05,177.47
RIO.L,2020-08-06,119.74
RIO.L,2021-03-04,287.65
RIO.L,2021-08-12,404.09998
RIO.L,2022-03-10,352.32
RIO.L,2022-08-11,221.63
RIO.L,2023-03-09,185.35
RIO.L,2023-08-10,137.67
RIO.L,2024-03-07,203.76999
RIO.L,2024-08-15,134.22
RIO.L,2025-03-06,175.9875
RIO.L,2025-08-14,108.58
RKT.L,2002-09-04,12.700001
RKT.L,2003-02-26,12.8
RKT.L,2003-09-03,14.0
RKT.L,2004-03-03,14.0
RKT.L,2004-08-11,16.0
RKT.L,2005-03-02,18.0
RKT.L,2005-08-10,18.0
RKT.L,2006-03-01,21.0
RKT.L,2006-08-09,20.5
RKT.L,2007-02-28,25.0
RKT.L,2007-08-08,25.0
RKT.L,2008-02-27,30.000002
RKT.L,2008-08-06,32.0
RKT.L,2009-02-25,48.0
RKT.L,2009-08-05,43.0
RKT.L,2010-02-24,57.0
RKT.L,2010-08-04,50.0
RKT.L,2011-02-23,65.0
RKT.L,2011-08-03,55.0
RKT.L,2012-02-22,70.0
RKT.L,2012-08-08,56.0
RKT.L,2013-02-20,78.0
RKT.L,2013-08-07,60.000004
RKT.L,2014-02-19,77.0
RKT.L,2014-08-06,60.000004
RKT.L,2015-04-16,79.0
RKT.L,2015-08-13,50.300003
RKT.L,2016-04-14,88.700005
RKT.L,2016-08-18,58.2
RKT.L,2017-04-13,95.0
RKT.L,2017-08-17,66.6
RKT.L,2018-04-12,97.7
RKT.L,2018-08-16,70.5
RKT.L,2019-04-18,100.2
RKT.L,2019-08-22,73.0
RKT.L,2020-04-16,101.600006
RKT.L,2020-08-20,73.0
RKT.L,2021-05-06,101.600006
RKT.L,2021-08-05,73.0
RKT.L,2022-04-28,101.600006
RKT.L,2022-08-04,73.0
RKT.L,2023-04-06,110.3
RKT.L,2023-08-03,76.6
RKT.L,2024-04-11,115.9
RKT.L,2024-08-01,80.4
RKT.L,2025-04-10,121.7
RKT.L,2025-08-07,84.4
RKW.L,2010-09-17,18.0
RKW.L,2017-06-22,1.5
RKW.L,2018-07-05,1.7249999
RKW.L,2018-11-29,0.875
RKW.L,2019-09-05,1.11
RKW.L,2019-12-05,1.01
RKW.L,2020-09-03,1.28
RKW.L,2020-12-10,1.21
RKW.L,2021-09-02,1.536
RKW.L,2024-08-08,0.6
RM.L,1995-05-30,0.3429
RM.L,1995-12-18,1.0286
RM.L,1996-05-28,0.41140002
RM.L,1996-12-02,1.4171
RM.L,1997-05-27,0.52570003
RM.L,1997-12-01,1.6457001
RM.L,1998-06-01,0.6171
RM.L,1998-11-30,2.0571
RM.L,1999-06-01,0.7543
RM.L,1999-11-29,2.5142999
RM.L,2000-05-30,0.91429996
RM.L,2001-01-02,3.0857
RM.L,2001-06-06,1.0857
RM.L,2002-01-02,3.6571
RM.L,2002-06-05,1.0857
RM.L,2003-01-08,3.6571
RM.L,2003-06-04,1.0857
RM.L,2004-01-05,3.8857002
RM.L,2004-06-02,1.1429
RM.L,2005-01-05,4.1143
RM.L,2005-06-01,1.2
RM.L,2006-01-04,4.3429
RM.L,2006-05-31,1.28
RM.L,2007-01-03,4.6286
RM.L,2007-05-30,1.36
RM.L,2008-01-02,4.9143
RM.L,2008-06-04,1.4399999
RM.L,2009-01-07,5.2000003
RM.L,2009-06-03,1.5086
RM.L,2010-01-06,5.5429
RM.L,2010-06-02,1.5885999
RM.L,2011-01-05,6.0
RM.L,2011-06-01,1.68
RM.L,2012-03-14,1.7486
RM.L,2012-08-15,0.8571
RM.L,2013-04-17,2.5714002
RM.L,2013-08-14,0.96000004
RM.L,2014-03-12,2.8114
RM.L,2014-03-20,16.0
RM.L,2014-08-13,0.96000004
RM.L,2015-03-12,3.04
RM.L,2015-08-13,1.2
RM.L,2016-03-10,3.8
RM.L,2016-08-11,1.5
RM.L,2017-03-16,4.5
RM.L,2017-08-10,1.65
RM.L,2018-03-15,4.95
RM.L,2018-08-09,1.9
RM.L,2019-03-14,5.7
RM.L,2019-08-08,2.0
RM.L,2021-03-18,3.0
RM.L,2021-07-22,1.7
RM.L,2022-03-17,3.0
RMII.L,2017-06-01,0.2
RMII.L,2017-08-17,0.2
RMII.L,2017-11-30,1.8
RMII.L,2018-02-22,2.0
RMII.L,2018-06-07,1.625
RMII.L,2018-08-16,1.625
RMII.L,2018-12-06,1.625
RMII.L,2019-03-07,1.625
RMII.L,2019-06-06,2.0
RMII.L,2019-09-05,1.625
RMII.L,2019-12-05,1.7
RMII.L,2020-03-05,1.7
RMII.L,2020-06-04,1.625
RMII.L,2020-09-03,1.625
RMII.L,2020-12-03,1.625
RMII.L,2021-03-04,1.625
RMII.L,2021-06-03,1.625
RMII.L,2021-09-02,1.625
RMII.L,2021-12-02,1.625
RMII.L,2022-03-03,1.625
RMII.L,2022-06-01,1.625
RMII.L,2022-09-01,1.625
RMII.L,2022-12-01,1.625
RMII.L,2023-03-09,1.625
RMII.L,2023-06-01,1.625
RMII.L,2023-09-07,1.625
RMII.L,2023-11-30,1.625
RMII.L,2024-03-07,1.625
RMII.L,2024-06-06,1.625
RMII.L,2024-08-22,1.625
RMII.L,2024-11-07,1.625
RMII.L,2025-03-06,0.625
RMII.L,2025-09-11,0.625
RMV.L,2008-04-09,0.6
RMV.L,2008-09-10,0.3
RMV.L,2009-05-13,0.70000005
RMV.L,2009-10-14,0.3
RMV.L,2010-05-12,0.70000005
RMV.L,2010-10-13,0.5
RMV.L,2011-05-11,0.9
RMV.L,2011-10-12,0.70000005
RMV.L,2012-05-09,1.1
RMV.L,2012-10-10,0.9
RMV.L,2013-05-08,1.4000001
RMV.L,2013-10-09,1.1
RMV.L,2014-05-07,1.7
RMV.L,2014-10-09,1.3000001
RMV.L,2015-05-07,2.2
RMV.L,2015-10-08,1.6
RMV.L,2016-05-05,2.7
RMV.L,2016-10-06,1.9
RMV.L,2017-05-04,3.2
RMV.L,2017-10-05,2.2
RMV.L,2018-05-03,3.6
RMV.L,2018-10-04,2.5
RMV.L,2019-05-02,4.0
RMV.L,2019-10-03,2.8000002
RMV.L,2021-04-29,4.5
RMV.L,2021-09-30,3.0
RMV.L,2022-04-28,4.8
RMV.L,2022-09-29,3.3
RMV.L,2023-04-27,5.2000003
RMV.L,2023-09-28,3.6
RMV.L,2024-04-25,5.7
RMV.L,2024-09-26,3.7
RMV.L,2025-04-24,6.1
RMV.L,2025-09-25,4.05
RNEP.L,2021-05-13,0.28190002
RNEP.L,2021-08-12,0.4346
RNEP.L,2021-11-18,0.59819996
RNEP.L,2022-02-24,1.0425999
RNEP.L,2022-05-26,1.1119
RNEP.L,2022-08-11,1.1558
RNEP.L,2022-11-10,1.1920999
RNEP.L,2023-02-09,1.1582
RNEP.L,2023-05-18,1.1207
RNEP.L,2023-08-17,0.54899997
RNEP.L,2023-11-09,0.5728
RNEP.L,2024-02-22,0.5518
RNEP.L,2024-06-27,0.5516
RNEW.L,2021-05-13,0.003768868
RNEW.L,2021-08-12,0.005810394
RNEW.L,2021-11-18,0.007997647
RNEW.L,2022-02-24,0.013939062
RNEW.L,2022-05-26,0.01486557
RNEW.L,2022-08-11,0.015452492
RNEW.L,2022-11-10,0.015937805
RNEW.L,2023-02-09,0.015484579
RNEW.L,2023-05-18,0.014983223
RNEW.L,2023-08-17,0.0073198127
RNEW.L,2023-11-09,0.0076580616
RNEW.L,2024-02-22,0.007377302
RNEW.L,2024-06-27,0.007374628
RNK.L,1993-03-01,11.5278
RNK.L,1993-07-19,26.789999
RNK.L,1994-08-01,5.9028
RNK.L,1995-02-27,12.5
RNK.L,1995-09-18,6.5972
RNK.L,1996-03-25,15.2778
RNK.L,1996-09-16,6.9444
RNK.L,1997-03-24,16.6667
RNK.L,1997-09-15,7.2917
RNK.L,1998-03-02,17.7083
RNK.L,1998-08-10,7.9861
RNK.L,1999-03-29,17.7083
RNK.L,1999-09-13,5.5556
RNK.L,2000-04-03,11.1111
RNK.L,2000-09-18,5.5556
RNK.L,2001-04-04,11.1111
RNK.L,2001-09-19,5.8332996
RNK.L,2002-04-10,11.6667
RNK.L,2002-09-18,6.1110997
RNK.L,2003-04-09,12.222199
RNK.L,2003-09-17,6.3889
RNK.L,2004-04-07,12.9167
RNK.L,2004-09-15,6.6667
RNK.L,2005-04-06,13.6111
RNK.L,2005-09-14,6.9444
RNK.L,2006-04-12,14.3056
RNK.L,2006-09-13,3.8583
RNK.L,2007-03-26,130.0
RNK.L,2007-04-25,4.0
RNK.L,2007-09-12,2.0
RNK.L,2010-03-31,1.35
RNK.L,2010-08-04,0.74
RNK.L,2011-03-30,1.66
RNK.L,2011-08-03,1.0
RNK.L,2012-02-15,1.1
RNK.L,2012-08-29,2.5
RNK.L,2013-02-20,1.25
RNK.L,2013-09-11,2.85
RNK.L,2014-02-19,1.35
RNK.L,2014-09-10,3.15
RNK.L,2015-02-12,1.6
RNK.L,2015-09-10,4.0
RNK.L,2016-02-11,1.8
RNK.L,2016-09-08,4.7
RNK.L,2017-02-09,2.0
RNK.L,2017-09-21,5.2999997
RNK.L,2018-02-15,2.15
RNK.L,2018-09-20,5.2999997
RNK.L,2019-02-14,2.15
RNK.L,2019-09-19,5.5
RNK.L,2020-02-13,2.8000002
RNK.L,2024-09-19,0.85
RNK.L,2025-02-13,0.65000004
RNK.L,2025-09-18,1.95
RNWH.L,1995-03-27,1.0
RNWH.L,2002-01-30,1.0
RNWH.L,2002-06-12,0.5
RNWH.L,2003-02-05,0.6
RNWH.L,2003-06-11,0.5
RNWH.L,2004-02-11,1.15
RNWH.L,2006-03-01,0.2
RNWH.L,2006-06-14,0.4
RNWH.L,2007-01-24,0.8
RNWH.L,2007-06-06,0.6
RNWH.L,2008-01-16,1.2
RNWH.L,2008-06-04,1.0
RNWH.L,2009-01-28,2.0
RNWH.L,2009-06-03,1.0
RNWH.L,2010-01-27,2.0
RNWH.L,2010-06-02,1.0
RNWH.L,2011-01-26,2.0
RNWH.L,2011-06-01,1.0
RNWH.L,2012-01-25,2.0
RNWH.L,2012-06-06,1.05
RNWH.L,2013-01-30,2.1
RNWH.L,2013-06-05,1.1
RNWH.L,2014-01-29,2.5
RNWH.L,2014-06-04,1.5
RNWH.L,2015-01-29,3.5
RNWH.L,2015-06-04,2.25
RNWH.L,2016-01-28,4.75
RNWH.L,2016-06-02,2.6499999
RNWH.L,2017-01-26,5.35
RNWH.L,2017-06-01,3.0
RNWH.L,2018-02-01,6.0
RNWH.L,2018-05-31,3.3300002
RNWH.L,2019-01-31,6.6699996
RNWH.L,2019-06-06,3.83
RNWH.L,2020-01-30,7.67
RNWH.L,2021-01-28,8.33
RNWH.L,2021-06-17,4.8300004
RNWH.L,2022-01-27,11.17
RNWH.L,2022-06-09,5.67
RNWH.L,2023-02-09,11.33
RNWH.L,2023-06-08,6.0
RNWH.L,2024-02-08,12.0
RNWH.L,2024-06-06,6.33
RNWH.L,2025-02-06,12.67
RNWH.L,2025-06-05,6.6699996
ROR.L,1993-04-19,0.2167
ROR.L,1993-09-20,0.17500001
ROR.L,1994-04-11,0.25
ROR.L,1994-09-19,0.19
ROR.L,1995-04-03,0.29
ROR.L,1995-09-25,0.21
ROR.L,1996-04-01,0.32999998
ROR.L,1996-09-02,0.3
ROR.L,1997-04-01,0.5
ROR.L,1997-08-11,0.345
ROR.L,1998-04-06,0.585
ROR.L,1998-08-10,0.39
ROR.L,1999-04-06,0.70000005
ROR.L,1999-08-09,0.44
ROR.L,2000-04-10,0.78
ROR.L,2000-08-14,0.44
ROR.L,2001-03-28,0.78
ROR.L,2001-08-15,0.465
ROR.L,2002-03-27,0.83
ROR.L,2002-08-14,0.5
ROR.L,2003-03-26,0.89
ROR.L,2003-08-13,0.525
ROR.L,2004-03-31,1.535
ROR.L,2004-09-01,0.535
ROR.L,2005-05-04,0.97
ROR.L,2005-08-31,0.59000003
ROR.L,2006-05-03,0.99
ROR.L,2006-09-06,0.65000004
ROR.L,2007-04-18,1.165
ROR.L,2007-09-05,0.77
ROR.L,2008-04-16,1.4000001
ROR.L,2008-06-25,2.3
ROR.L,2008-09-03,0.925
ROR.L,2009-04-08,1.6750001
ROR.L,2009-09-02,1.115
ROR.L,2010-04-07,1.7249999
ROR.L,2010-06-23,1.15
ROR.L,2010-09-01,1.275
ROR.L,2011-04-06,1.9750001
ROR.L,2011-05-25,1.15
ROR.L,2011-08-24,1.4499999
ROR.L,2011-11-16,1.15
ROR.L,2012-04-11,2.2749999
ROR.L,2012-08-29,1.64
ROR.L,2013-04-10,2.6599998
ROR.L,2013-08-28,1.8050001
ROR.L,2014-04-09,3.0
ROR.L,2014-08-27,1.9200001
ROR.L,2015-04-09,3.09
ROR.L,2015-08-27,1.95
ROR.L,2016-04-07,3.1
ROR.L,2016-08-25,1.95
ROR.L,2017-04-06,3.15
ROR.L,2017-08-24,2.05
ROR.L,2018-04-05,3.3500001
ROR.L,2018-08-23,2.2
ROR.L,2019-04-11,3.7
ROR.L,2019-08-29,2.3
ROR.L,2020-08-20,3.9
ROR.L,2021-04-08,6.3
ROR.L,2021-08-19,2.35
ROR.L,2022-04-07,4.05
ROR.L,2022-08-18,2.4
ROR.L,2023-04-13,4.3
ROR.L,2023-08-17,2.55
ROR.L,2024-04-18,4.65
ROR.L,2024-08-15,2.75
ROR.L,2025-04-24,5.0
ROR.L,2025-08-14,2.95
RR.L,1993-03-29,0.8069
RR.L,1993-10-04,0.676
RR.L,1994-03-28,1.0138999
RR.L,1994-09-19,0.676
RR.L,1995-03-20,1.0138999
RR.L,1995-10-16,0.6863
RR.L,1996-04-22,1.0295
RR.L,1996-10-21,0.6863
RR.L,1997-04-21,1.1324999
RR.L,1997-10-20,0.755
RR.L,1998-04-27,1.2697
RR.L,1998-10-26,0.8408
RR.L,1999-04-26,1.407
RR.L,1999-10-18,0.92660004
RR.L,2000-04-25,1.5614
RR.L,2000-10-16,1.0295
RR.L,2001-04-25,1.7157999
RR.L,2001-10-17,1.0913
RR.L,2002-04-24,1.7157999
RR.L,2002-10-16,1.0913
RR.L,2003-04-23,1.7157999
RR.L,2003-10-15,1.0913
RR.L,2004-03-10,1.7157999
RR.L,2004-10-13,1.0913
RR.L,2005-03-09,1.7157999
RR.L,2005-10-12,1.0913
RR.L,2006-03-08,1.8462
RR.L,2006-10-11,1.2594
RR.L,2007-03-07,2.0316
RR.L,2007-10-10,1.3864
RR.L,2008-03-05,3.0748
RR.L,2008-10-29,1.9628999
RR.L,2009-04-22,2.9444
RR.L,2009-10-28,2.059
RR.L,2010-10-27,2.1963
RR.L,2011-04-20,3.2944002
RR.L,2011-10-26,2.3679
RR.L,2012-04-24,3.6376
RR.L,2012-10-24,2.6081
RR.L,2013-04-24,4.0837
RR.L,2014-04-23,4.5985
RR.L,2014-10-23,3.0885
RR.L,2015-04-23,4.8387
RR.L,2015-10-22,3.1812
RR.L,2016-04-28,2.4365
RR.L,2016-10-20,1.5785999
RR.L,2017-10-26,1.5785999
RR.L,2018-04-26,2.4365
RR.L,2018-10-25,1.5785999
RR.L,2019-04-25,2.4365
RR.L,2019-10-24,1.5785999
RR.L,2025-04-17,6.0
RR.L,2025-08-07,4.5
RS1.L,1992-11-16,1.0
RS1.L,1993-07-19,2.95
RS1.L,1993-11-15,1.25
RS1.L,1994-07-04,3.5
RS1.L,1994-11-21,1.625
RS1.L,1995-06-12,4.0
RS1.L,1995-11-20,2.0
RS1.L,1996-06-17,4.6
RS1.L,1996-11-18,2.4
RS1.L,1997-06-16,5.2999997
RS1.L,1997-11-24,2.8000002
RS1.L,1998-06-15,6.2
RS1.L,1998-12-14,3.25
RS1.L,1999-06-14,7.25
RS1.L,1999-12-13,3.7
RS1.L,2000-06-26,8.299999
RS1.L,2000-12-11,4.25
RS1.L,2001-06-27,9.55
RS1.L,2001-12-12,4.9
RS1.L,2002-06-19,11.0
RS1.L,2002-12-18,5.25
RS1.L,2003-06-18,11.75
RS1.L,2003-12-17,5.6000004
RS1.L,2004-06-23,12.6
RS1.L,2004-12-15,5.7999997
RS1.L,2005-06-22,12.6
RS1.L,2005-12-14,5.7999997
RS1.L,2006-06-28,12.6
RS1.L,2006-12-13,5.7999997
RS1.L,2007-06-27,12.6
RS1.L,2007-12-12,5.7999997
RS1.L,2008-06-25,12.6
RS1.L,2008-12-10,5.0
RS1.L,2009-06-24,6.0
RS1.L,2009-12-09,5.0
RS1.L,2010-06-23,6.0
RS1.L,2010-12-08,5.0
RS1.L,2011-06-22,6.5
RS1.L,2011-12-07,5.0
RS1.L,2012-06-20,6.7500005
RS1.L,2012-12-05,5.0
RS1.L,2013-06-19,6.7500005
RS1.L,2013-12-04,5.0
RS1.L,2014-06-25,6.7500005
RS1.L,2014-12-04,5.0
RS1.L,2015-06-25,6.7500005
RS1.L,2015-12-03,5.0
RS1.L,2016-06-16,6.7500005
RS1.L,2016-12-01,5.0
RS1.L,2017-06-15,7.2999997
RS1.L,2017-11-30,5.25
RS1.L,2018-06-14,8.0
RS1.L,2018-11-29,5.2999997
RS1.L,2019-06-13,9.5
RS1.L,2019-11-28,5.9
RS1.L,2020-11-19,9.5
RS1.L,2021-01-07,6.1
RS1.L,2021-06-17,9.8
RS1.L,2021-11-25,6.4
RS1.L,2022-06-16,11.599999
RS1.L,2022-11-24,7.2
RS1.L,2023-06-15,13.7
RS1.L,2023-11-23,8.299999
RS1.L,2024-06-13,13.7
RS1.L,2024-11-21,8.5
RS1.L,2025-06-12,13.9
RS1.L,2025-11-20,8.7
RST.L,2012-07-04,1.0
RST.L,2012-10-31,0.4
RST.L,2013-06-12,1.1
RST.L,2013-10-23,0.6
RST.L,2014-06-11,1.3000001
RST.L,2014-10-16,0.8
RST.L,2015-06-11,1.6
RST.L,2015-10-15,1.0
RST.L,2016-06-09,2.2
RST.L,2016-10-13,1.3299999
RST.L,2017-06-08,2.6699998
RST.L,2017-10-12,1.67
RST.L,2018-06-07,3.3300002
RST.L,2018-10-04,2.0
RST.L,2019-06-06,4.0
RST.L,2019-10-03,2.4
RST.L,2021-09-16,2.5
RST.L,2022-06-01,4.7
RST.L,2022-09-15,2.6000001
RST.L,2023-06-08,4.8
RST.L,2023-09-21,1.85
RST.L,2024-06-06,3.3500001
RST.L,2024-09-19,2.0
RST.L,2025-06-12,3.8
RST.L,2025-09-18,2.2
RSW.L,1993-03-15,1.6835
RSW.L,1993-10-18,2.6936
RSW.L,1994-03-14,1.6835
RSW.L,1994-10-10,2.963
RSW.L,1995-03-13,1.8518999
RSW.L,1995-10-16,3.4889002
RSW.L,1996-03-18,2.4083
RSW.L,1996-10-21,4.8
RSW.L,1997-03-17,2.8899999
RSW.L,1997-10-20,5.7599998
RSW.L,1998-03-16,3.32
RSW.L,1998-10-19,6.6299996
RSW.L,1999-03-15,3.66
RSW.L,1999-10-25,7.7799997
RSW.L,2000-03-06,4.21
RSW.L,2000-09-18,8.95
RSW.L,2001-03-07,4.84
RSW.L,2001-09-19,10.3
RSW.L,2002-03-06,5.08
RSW.L,2002-09-18,10.82
RSW.L,2003-03-05,5.3399997
RSW.L,2003-09-17,11.36
RSW.L,2004-03-04,5.61
RSW.L,2004-09-15,12.389999
RSW.L,2005-03-09,6.1
RSW.L,2005-09-14,13.7
RSW.L,2006-03-08,6.7100005
RSW.L,2006-09-13,15.070001
RSW.L,2007-03-07,7.05
RSW.L,2007-09-12,15.82
RSW.L,2008-03-05,7.76
RSW.L,2008-09-10,17.630001
RSW.L,2009-03-04,7.76
RSW.L,2010-02-24,4.0
RSW.L,2010-09-15,13.6
RSW.L,2011-03-09,10.3
RSW.L,2011-09-14,24.699999
RSW.L,2012-03-07,10.3
RSW.L,2012-09-19,28.2
RSW.L,2013-03-06,11.33
RSW.L,2013-09-18,28.670002
RSW.L,2014-03-05,11.33
RSW.L,2014-09-17,29.87
RSW.L,2015-03-05,12.5
RSW.L,2015-09-17,34.0
RSW.L,2016-03-03,12.5
RSW.L,2016-09-15,35.5
RSW.L,2017-03-09,12.5
RSW.L,2017-09-21,39.5
RSW.L,2018-03-08,14.0
RSW.L,2018-09-20,46.0
RSW.L,2019-03-07,14.0
RSW.L,2019-09-26,46.0
RSW.L,2021-03-04,14.0
RSW.L,2021-10-28,52.0
RSW.L,2022-03-10,16.0
RSW.L,2022-11-03,56.6
RSW.L,2023-03-09,16.8
RSW.L,2023-11-02,59.399998
RSW.L,2024-03-07,16.8
RSW.L,2024-10-31,59.399998
RSW.L,2025-03-06,16.8
RSW.L,2025-10-30,61.3
RTO.L,1993-03-29,0.835
RTO.L,1993-09-20,0.42
RTO.L,1994-03-28,1.005
RTO.L,1994-09-19,0.505
RTO.L,1995-04-03,1.22
RTO.L,1995-10-02,0.615
RTO.L,1996-04-09,1.485
RTO.L,1996-09-30,0.74
RTO.L,1997-04-14,1.79
RTO.L,1997-09-29,0.89
RTO.L,1998-04-14,2.17
RTO.L,1998-09-28,1.07
RTO.L,1999-04-12,2.63
RTO.L,1999-09-27,1.2
RTO.L,2000-04-10,2.91
RTO.L,2000-09-11,1.3000001
RTO.L,2001-05-02,3.23
RTO.L,2001-10-03,1.43
RTO.L,2002-05-01,3.5700002
RTO.L,2002-09-04,1.5799999
RTO.L,2003-05-07,3.9500003
RTO.L,2003-10-01,1.75
RTO.L,2004-05-05,4.35
RTO.L,2004-09-29,1.9300001
RTO.L,2005-05-04,4.78
RTO.L,2005-09-28,2.1299999
RTO.L,2006-05-03,5.25
RTO.L,2006-09-27,2.1299999
RTO.L,2007-04-11,5.25
RTO.L,2007-09-12,2.1299999
RTO.L,2008-04-16,5.25
RTO.L,2008-09-10,0.65000004
RTO.L,2012-04-04,1.3299999
RTO.L,2012-09-12,0.66999996
RTO.L,2013-04-17,1.43
RTO.L,2013-08-21,0.70000005
RTO.L,2014-04-09,1.61
RTO.L,2014-08-13,0.77
RTO.L,2015-04-16,1.82
RTO.L,2015-08-13,0.87
RTO.L,2016-04-07,2.06
RTO.L,2016-08-11,0.99
RTO.L,2017-04-06,2.38
RTO.L,2017-08-10,1.14
RTO.L,2018-04-12,2.74
RTO.L,2018-08-09,1.311
RTO.L,2019-04-11,3.1599998
RTO.L,2019-08-08,1.51
RTO.L,2021-04-08,5.41
RTO.L,2021-08-05,2.09
RTO.L,2022-04-07,4.3
RTO.L,2022-08-04,2.4
RTO.L,2023-04-06,5.15
RTO.L,2023-08-03,2.75
RTO.L,2024-04-04,5.9300003
RTO.L,2024-08-08,3.1599998
RTO.L,2025-04-03,5.9300003
RTO.L,2025-08-14,3.08
RVRG.L,2004-12-22,100.0
RVRG.L,2006-06-14,200.0
RVRG.L,2006-12-13,100.0
RVRG.L,2008-08-27,100.0
RVRG.L,2009-08-26,125.0
RVRG.L,2010-09-22,150.0
RVRG.L,2022-12-01,1.3000001
RWA.L,2001-04-18,1.56
RWA.L,2001-10-17,1.05
RWA.L,2002-04-17,2.1
RWA.L,2002-09-18,1.05
RWA.L,2003-03-12,2.1
RWA.L,2003-09-17,1.05
RWA.L,2004-05-05,2.1
RWA.L,2004-09-15,1.05
RWA.L,2005-05-04,2.1
RWA.L,2005-09-14,1.05
RWA.L,2006-05-03,2.35
RWA.L,2006-09-13,1.15
RWA.L,2007-05-16,2.85
RWA.L,2007-09-12,1.35
RWA.L,2008-05-14,3.3500001
RWA.L,2008-09-10,1.4000001
RWA.L,2009-05-13,3.3500001
RWA.L,2009-09-09,1.4000001
RWA.L,2010-05-26,3.3500001
RWA.L,2010-09-08,1.4000001
RWA.L,2011-05-25,3.5
RWA.L,2011-09-07,1.47
RWA.L,2012-05-23,3.68
RWA.L,2012-09-05,1.47
RWA.L,2013-05-22,3.68
RWA.L,2013-09-04,1.54
RWA.L,2014-05-21,3.8600001
RWA.L,2014-09-03,1.65
RWA.L,2015-05-21,4.35
RWA.L,2015-09-03,1.95
RWA.L,2016-05-19,5.13
RWA.L,2016-09-01,2.3
RWA.L,2017-05-18,6.2
RWA.L,2017-08-31,2.75
RWA.L,2018-05-10,9.3
RWA.L,2018-09-06,4.0
RWA.L,2019-05-09,10.7
RWA.L,2019-09-05,4.5
RWA.L,2020-10-15,4.5
RWA.L,2021-05-06,11.0
RWA.L,2021-09-02,5.4
RWA.L,2022-04-21,15.000001
RWA.L,2022-09-01,6.5
RWA.L,2023-04-27,17.0
RWA.L,2023-08-31,6.5
RWA.L,2024-05-02,17.0
RWA.L,2024-08-29,6.5
RWA.L,2025-04-24,17.0
RWS.L,2004-06-09,0.3
RWS.L,2005-01-26,0.70000005
RWS.L,2005-06-15,0.32999998
RWS.L,2006-01-18,0.87
RWS.L,2006-06-14,0.37
RWS.L,2007-01-17,1.07
RWS.L,2007-06-13,0.43
RWS.L,2008-01-23,1.3000001
RWS.L,2008-06-18,0.5
RWS.L,2009-01-21,1.5799999
RWS.L,2009-06-17,0.56
RWS.L,2010-01-20,1.77
RWS.L,2010-06-16,0.63
RWS.L,2011-01-19,2.05
RWS.L,2011-06-15,0.73
RWS.L,2012-01-18,2.35
RWS.L,2012-06-20,0.73
RWS.L,2013-01-23,2.696
RWS.L,2013-06-26,0.9
RWS.L,2014-01-22,3.15
RWS.L,2014-06-25,0.98
RWS.L,2015-01-29,3.6
RWS.L,2015-06-25,1.03
RWS.L,2016-01-28,3.85
RWS.L,2016-06-23,1.15
RWS.L,2017-01-26,4.4500003
RWS.L,2017-06-29,1.3000001
RWS.L,2018-01-25,5.2000003
RWS.L,2018-06-28,1.5
RWS.L,2019-01-24,6.0
RWS.L,2019-06-27,1.75
RWS.L,2020-01-23,7.0
RWS.L,2020-06-25,1.75
RWS.L,2021-01-21,7.25
RWS.L,2021-06-24,2.0
RWS.L,2022-01-27,8.5
RWS.L,2022-06-23,2.25
RWS.L,2023-01-26,9.5
RWS.L,2023-06-22,2.4
RWS.L,2024-01-25,9.8
RWS.L,2024-06-20,2.45
RWS.L,2025-01-16,10.0
RWS.L,2025-06-26,2.45
S32.L,2016-09-15,0.7705
S32.L,2017-09-14,4.7947
S32.L,2018-03-08,5.2419
S32.L,2018-09-13,4.7714
S32.L,2019-03-07,5.086264
S32.L,2019-09-12,2.2759
S32.L,2020-03-05,1.7062001
S32.L,2020-09-10,0.6784268
S32.L,2021-03-11,1.0069
S32.L,2021-09-09,3.9843001
S32.L,2022-03-10,6.5794
S32.L,2022-09-15,14.735701
S32.L,2023-03-09,4.0929003
S32.L,2023-09-14,2.5596
S32.L,2024-03-07,0.3127
S32.L,2024-09-19,2.3435001
S32.L,2025-03-06,2.6641
S32.L,2025-09-18,1.9169999
SAA.L,2005-05-11,1.16
SAA.L,2005-09-21,0.77
SAA.L,2006-05-10,1.78
SAA.L,2006-10-04,0.77
SAA.L,2007-05-09,2.43
SAA.L,2007-10-03,0.87
SAA.L,2008-06-04,2.75
SAA.L,2008-10-08,0.87
SAA.L,2009-06-10,2.75
SAA.L,2009-10-21,0.87
SAA.L,2010-03-17,2.75
SAA.L,2010-11-03,0.87
SAA.L,2011-06-08,3.03
SAA.L,2011-11-02,1.0
SAA.L,2012-06-06,3.5
SAA.L,2012-10-31,1.1
SAA.L,2013-06-05,3.85
SAA.L,2013-10-30,1.21
SAA.L,2014-06-04,4.24
SAA.L,2014-10-30,1.4000001
SAA.L,2015-06-11,4.87
SAA.L,2015-10-29,1.61
SAA.L,2016-06-09,5.6000004
SAA.L,2016-10-27,1.85
SAA.L,2017-06-08,6.44
SAA.L,2017-10-26,2.1299999
SAA.L,2018-06-07,7.4
SAA.L,2018-10-25,2.45
SAA.L,2019-06-06,8.51
SAA.L,2019-10-24,2.45
SAA.L,2023-06-08,1.5
SAA.L,2024-05-09,1.6
SAA.L,2025-05-08,1.95
SAAS.L,2024-06-06,1.7249999
SAAS.L,2024-10-10,0.57
SAAS.L,2025-06-05,1.24
SAAS.L,2025-10-09,0.6
SAFE.L,2007-07-18,1.5
SAFE.L,2008-02-27,3.0
SAFE.L,2008-07-02,1.65
SAFE.L,2009-02-25,3.0
SAFE.L,2009-07-08,1.65
SAFE.L,2010-03-03,3.0
SAFE.L,2010-07-07,1.7
SAFE.L,2011-03-09,3.25
SAFE.L,2011-07-13,1.75
SAFE.L,2012-03-14,3.5500002
SAFE.L,2012-07-11,1.85
SAFE.L,2013-03-13,3.8
SAFE.L,2013-07-10,1.85
SAFE.L,2014-03-12,3.9
SAFE.L,2014-07-09,2.15
SAFE.L,2015-03-12,5.2999997
SAFE.L,2015-07-09,3.0
SAFE.L,2016-03-10,6.65
SAFE.L,2016-07-07,3.6
SAFE.L,2017-03-09,8.05
SAFE.L,2017-07-13,4.2
SAFE.L,2018-03-08,9.8
SAFE.L,2018-07-12,5.1
SAFE.L,2019-03-07,11.150001
SAFE.L,2019-07-11,5.5
SAFE.L,2020-03-05,12.0
SAFE.L,2020-07-09,5.9
SAFE.L,2021-03-04,12.700001
SAFE.L,2021-07-08,7.5000005
SAFE.L,2022-03-03,17.6
SAFE.L,2022-07-07,9.4
SAFE.L,2023-03-02,20.4
SAFE.L,2023-07-06,9.9
SAFE.L,2024-03-07,20.2
SAFE.L,2024-07-04,10.0
SAFE.L,2025-03-13,20.4
SAFE.L,2025-07-03,10.1
SAG.L,2013-05-15,1.0
SAG.L,2014-05-21,1.1
SAG.L,2015-05-21,4.0
SAG.L,2016-05-19,4.0
SAG.L,2017-05-18,4.2
SAG.L,2018-04-19,4.4
SAG.L,2019-04-25,4.6
SAG.L,2020-09-24,2.0
SAG.L,2021-05-20,4.0
SAG.L,2022-05-19,5.0
SAG.L,2023-05-18,5.0
SAG.L,2024-06-20,8.0
SAG.L,2025-05-22,8.0
SAGA.L,2015-06-04,56.0087
SAGA.L,2015-10-08,30.053402
SAGA.L,2016-05-12,68.3032
SAGA.L,2016-10-06,36.8838
SAGA.L,2017-05-11,79.2318
SAGA.L,2017-10-12,40.9819
SAGA.L,2018-05-17,81.963905
SAGA.L,2018-10-18,40.9819
SAGA.L,2019-05-16,13.6606
SAGA.L,2019-10-10,17.7588
SAIN.L,1973-01-29,0.255
SAIN.L,1973-06-18,0.20699999
SAIN.L,1974-01-28,0.287
SAIN.L,1974-06-24,0.15
SAIN.L,1975-02-10,0.287
SAIN.L,1975-06-16,0.15
SAIN.L,1976-02-09,0.3
SAIN.L,1976-06-14,0.15
SAIN.L,1977-01-31,0.337
SAIN.L,1977-06-27,0.2
SAIN.L,1978-02-13,0.425
SAIN.L,1978-06-26,0.225
SAIN.L,1979-01-29,0.51199996
SAIN.L,1979-06-18,0.25
SAIN.L,1980-02-11,0.625
SAIN.L,1980-06-30,0.31300002
SAIN.L,1981-02-09,0.68700004
SAIN.L,1981-06-29,0.31300002
SAIN.L,1982-02-15,0.787
SAIN.L,1982-06-21,0.35000002
SAIN.L,1983-01-31,0.805
SAIN.L,1983-06-20,0.375
SAIN.L,1984-02-13,0.837
SAIN.L,1984-07-02,0.425
SAIN.L,1985-02-25,0.975
SAIN.L,1985-07-01,0.487
SAIN.L,1986-02-24,1.15
SAIN.L,1986-06-02,0.425
SAIN.L,1986-07-28,0.45
SAIN.L,1986-12-08,0.475
SAIN.L,1987-02-23,0.475
SAIN.L,1987-06-01,0.5
SAIN.L,1987-08-24,0.51
SAIN.L,1987-12-07,0.53
SAIN.L,1988-02-19,0.55
SAIN.L,1988-05-23,0.56
SAIN.L,1988-08-15,0.59000003
SAIN.L,1988-11-14,0.68
SAIN.L,1989-02-27,0.74
SAIN.L,1989-05-22,0.75
SAIN.L,1989-08-14,0.8
SAIN.L,1989-11-27,0.85
SAIN.L,1990-02-26,0.9
SAIN.L,1990-05-29,0.92
SAIN.L,1990-08-20,0.94
SAIN.L,1990-11-19,0.96000004
SAIN.L,1991-02-25,0.98
SAIN.L,1991-06-03,1.0
SAIN.L,1991-08-12,1.02
SAIN.L,1991-11-25,1.04
SAIN.L,1992-02-24,1.06
SAIN.L,1992-05-11,1.07
SAIN.L,1992-08-24,1.08
SAIN.L,1992-11-16,1.09
SAIN.L,1993-02-15,1.11
SAIN.L,1993-05-24,1.14
SAIN.L,1993-08-16,1.15
SAIN.L,1993-11-15,1.16
SAIN.L,1994-02-14,1.1800001
SAIN.L,1994-05-16,1.19
SAIN.L,1994-08-22,1.2
SAIN.L,1994-11-14,1.21
SAIN.L,1995-02-20,1.22
SAIN.L,1995-05-22,1.23
SAIN.L,1995-09-15,1.24
SAIN.L,1995-11-20,1.26
SAIN.L,1996-02-26,1.27
SAIN.L,1996-05-28,1.28
SAIN.L,1996-08-27,2.57
SAIN.L,1996-11-25,1.3000001
SAIN.L,1997-03-03,1.3100001
SAIN.L,1997-05-27,1.3199999
SAIN.L,1997-08-26,1.3399999
SAIN.L,1997-11-24,1.35
SAIN.L,1998-03-02,1.36
SAIN.L,1998-05-26,1.36
SAIN.L,1998-09-01,1.36
SAIN.L,1998-11-23,1.36
SAIN.L,1999-03-01,1.37
SAIN.L,1999-03-22,1.0
SAIN.L,1999-05-24,1.37
SAIN.L,1999-08-31,1.38
SAIN.L,1999-11-22,1.38
SAIN.L,2000-02-28,1.38
SAIN.L,2000-05-22,1.38
SAIN.L,2000-05-25,1.38
SAIN.L,2000-08-29,1.38
SAIN.L,2000-11-20,1.38
SAIN.L,2001-02-28,1.39
SAIN.L,2001-05-23,1.39
SAIN.L,2001-05-24,1.39
SAIN.L,2001-08-29,1.39
SAIN.L,2001-11-21,1.39
SAIN.L,2002-02-27,1.4000001
SAIN.L,2002-05-29,1.4000001
SAIN.L,2002-09-04,1.4000001
SAIN.L,2002-11-27,1.4000001
SAIN.L,2003-03-05,1.4100001
SAIN.L,2003-05-28,1.4100001
SAIN.L,2003-09-03,1.4100001
SAIN.L,2003-12-03,1.4100001
SAIN.L,2004-03-10,1.42
SAIN.L,2004-06-09,1.47
SAIN.L,2004-09-08,1.47
SAIN.L,2004-12-08,1.47
SAIN.L,2005-03-09,1.5900002
SAIN.L,2005-06-08,1.5900002
SAIN.L,2005-09-07,1.62
SAIN.L,2005-12-07,1.62
SAIN.L,2006-03-08,1.7
SAIN.L,2006-06-07,1.7
SAIN.L,2006-09-06,1.85
SAIN.L,2006-12-06,1.85
SAIN.L,2007-03-14,2.0
SAIN.L,2007-06-06,2.0
SAIN.L,2007-09-05,2.05
SAIN.L,2007-12-05,2.05
SAIN.L,2008-03-12,2.15
SAIN.L,2008-06-04,2.15
SAIN.L,2008-09-03,2.2
SAIN.L,2008-12-03,2.2
SAIN.L,2009-03-11,2.25
SAIN.L,2009-06-03,2.25
SAIN.L,2009-08-26,2.25
SAIN.L,2009-11-25,2.25
SAIN.L,2010-03-03,2.3
SAIN.L,2010-05-26,2.3
SAIN.L,2010-08-25,2.3
SAIN.L,2010-12-01,2.3
SAIN.L,2011-03-09,2.35
SAIN.L,2011-06-01,2.35
SAIN.L,2011-08-31,2.35
SAIN.L,2011-11-23,2.35
SAIN.L,2012-03-07,2.4
SAIN.L,2012-05-30,2.4
SAIN.L,2012-08-22,2.45
SAIN.L,2012-11-28,2.45
SAIN.L,2013-03-06,2.5
SAIN.L,2013-05-29,2.5
SAIN.L,2013-08-21,2.55
SAIN.L,2013-11-20,2.55
SAIN.L,2014-03-05,2.6000001
SAIN.L,2014-05-28,2.6000001
SAIN.L,2014-08-20,2.625
SAIN.L,2014-11-27,2.625
SAIN.L,2015-03-05,2.6499999
SAIN.L,2015-05-28,2.6499999
SAIN.L,2015-08-20,2.675
SAIN.L,2015-11-26,2.675
SAIN.L,2016-03-03,2.7
SAIN.L,2016-05-26,2.7
SAIN.L,2016-08-18,2.7
SAIN.L,2016-11-24,2.7
SAIN.L,2017-03-09,2.725
SAIN.L,2017-05-25,2.725
SAIN.L,2017-08-17,2.75
SAIN.L,2017-11-23,2.8000002
SAIN.L,2018-03-08,2.825
SAIN.L,2018-05-24,2.825
SAIN.L,2018-08-16,2.85
SAIN.L,2018-11-22,2.8999999
SAIN.L,2019-03-07,2.925
SAIN.L,2019-05-23,2.925
SAIN.L,2019-08-15,2.95
SAIN.L,2019-11-21,3.0
SAIN.L,2020-03-05,3.0
SAIN.L,2020-06-04,3.0
SAIN.L,2020-08-13,3.0
SAIN.L,2020-11-19,3.0
SAIN.L,2021-03-04,3.0
SAIN.L,2021-05-27,3.05
SAIN.L,2021-08-12,3.075
SAIN.L,2021-11-18,3.1750002
SAIN.L,2022-03-03,3.3750002
SAIN.L,2022-05-26,3.25
SAIN.L,2022-08-11,3.4
SAIN.L,2022-11-17,3.5
SAIN.L,2023-03-02,3.6699998
SAIN.L,2023-05-25,3.3
SAIN.L,2023-08-10,3.4499998
SAIN.L,2023-11-16,3.5500002
SAIN.L,2024-02-29,3.8
SAIN.L,2024-05-23,3.4499998
SAIN.L,2024-08-08,3.5500002
SAIN.L,2024-11-14,3.7
SAIN.L,2025-02-27,4.1749997
SAIN.L,2025-05-22,3.625
SAIN.L,2025-08-14,3.7500002
SAIN.L,2025-11-13,3.9500003
SAL.L,2006-02-15,20.0
SAL.L,2007-01-24,15.000001
SAL.L,2008-01-23,18.5
SAL.L,2009-01-28,20.0
SAL.L,2010-01-27,20.0
SAL.L,2011-03-30,26.0
SAL.L,2012-03-28,29.0
SAL.L,2013-04-03,35.0
SAL.L,2014-04-02,41.0
SAL.L,2015-04-02,20.0
SAL.L,2016-04-14,22.0
SAL.L,2018-04-12,15.000001
SAL.L,2019-04-04,5.0
SBRE.L,2018-08-23,7.2
SBRE.L,2019-04-25,12.8
SBRE.L,2019-08-22,4.7
SBRE.L,2020-04-23,8.1
SBRE.L,2020-08-06,9.5
SBRE.L,2021-04-22,11.7
SBRE.L,2021-08-19,3.7
SBRE.L,2022-04-28,9.3
SBRE.L,2022-08-18,2.8000002
SBRE.L,2023-04-20,1.7
SBRE.L,2023-08-17,0.9
SBRE.L,2024-04-25,8.1
SBRE.L,2024-08-22,1.7
SBRE.L,2025-04-17,11.3
SBRE.L,2025-08-21,3.4
SBRY.L,1992-11-16,3.0857
SBRY.L,1993-05-24,8.3429
SBRY.L,1993-11-29,3.4286
SBRY.L,1994-06-06,8.685699
SBRY.L,1994-11-14,3.6571
SBRY.L,1995-05-22,9.7143
SBRY.L,1995-11-13,3.8857002
SBRY.L,1996-05-20,9.9429
SBRY.L,1996-11-11,4.0
SBRY.L,1997-05-19,10.0571
SBRY.L,1997-11-10,4.2857
SBRY.L,1998-05-18,11.599999
SBRY.L,1998-11-09,4.5943
SBRY.L,1999-06-14,12.9143
SBRY.L,1999-12-06,4.5943
SBRY.L,2000-06-12,11.7714
SBRY.L,2000-12-04,4.5943
SBRY.L,2001-06-06,11.7714
SBRY.L,2001-11-28,4.5943
SBRY.L,2002-06-12,12.365701
SBRY.L,2002-11-27,4.8229003
SBRY.L,2003-05-28,12.982901
SBRY.L,2003-11-26,4.9486
SBRY.L,2004-05-26,12.982901
SBRY.L,2004-11-24,2.15
SBRY.L,2005-05-25,5.65
SBRY.L,2005-11-23,2.15
SBRY.L,2006-05-24,5.85
SBRY.L,2006-11-22,2.4
SBRY.L,2007-05-23,7.35
SBRY.L,2007-11-21,3.0
SBRY.L,2008-05-21,9.0
SBRY.L,2008-11-19,3.6
SBRY.L,2009-05-20,9.6
SBRY.L,2009-11-18,4.0
SBRY.L,2010-05-19,10.2
SBRY.L,2010-11-17,4.3
SBRY.L,2011-05-18,10.8
SBRY.L,2011-11-16,4.5
SBRY.L,2012-05-16,11.599999
SBRY.L,2012-11-21,4.8
SBRY.L,2013-05-15,11.900001
SBRY.L,2013-11-20,5.0
SBRY.L,2014-05-14,12.3
SBRY.L,2014-11-20,5.0
SBRY.L,2015-05-14,8.2
SBRY.L,2015-11-19,4.0
SBRY.L,2016-05-12,8.1
SBRY.L,2016-11-17,3.6
SBRY.L,2017-05-11,6.6
SBRY.L,2017-11-16,3.1
SBRY.L,2018-06-07,7.1000004
SBRY.L,2018-11-15,3.1
SBRY.L,2019-06-06,7.9000006
SBRY.L,2019-11-14,3.3
SBRY.L,2020-11-12,10.5
SBRY.L,2021-06-10,7.4
SBRY.L,2021-11-11,3.2
SBRY.L,2022-06-09,9.9
SBRY.L,2022-11-10,3.9
SBRY.L,2023-06-08,9.2
SBRY.L,2023-11-09,3.9
SBRY.L,2024-06-06,9.2
SBRY.L,2024-11-14,3.9
SBRY.L,2025-06-05,9.700001
SBRY.L,2025-11-13,15.099999
SBSI.L,2021-10-28,0.57
SBSI.L,2022-11-03,1.3000001
SBSI.L,2023-11-09,2.3
SBSI.L,2024-11-14,2.94
SBSI.L,2025-11-13,3.76
SCF.L,1995-10-02,2.25
SCF.L,1995-12-18,1.0
SCF.L,1996-04-01,1.0
SCF.L,1996-07-01,1.0
SCF.L,1996-09-30,1.35
SCF.L,1996-12-30,1.05
SCF.L,1997-04-01,1.05
SCF.L,1997-06-30,1.05
SCF.L,1997-09-29,1.85
SCF.L,1997-12-15,1.1
SCF.L,1998-04-06,1.1
SCF.L,1998-06-29,1.1
SCF.L,1998-10-12,1.85
SCF.L,1998-12-14,1.13
SCF.L,1999-04-06,1.13
SCF.L,1999-06-28,1.13
SCF.L,1999-10-11,2.01
SCF.L,1999-12-20,1.16
SCF.L,2000-04-03,1.16
SCF.L,2000-07-10,1.16
SCF.L,2000-10-09,1.9200001
SCF.L,2000-12-27,1.22
SCF.L,2001-04-04,1.22
SCF.L,2001-07-11,1.22
SCF.L,2001-10-10,2.04
SCF.L,2001-12-27,1.25
SCF.L,2002-04-03,1.25
SCF.L,2002-06-26,1.25
SCF.L,2002-10-09,2.1
SCF.L,2003-01-08,1.27
SCF.L,2003-04-02,1.27
SCF.L,2003-04-03,1.27
SCF.L,2003-07-16,1.27
SCF.L,2003-12-17,1.3000001
SCF.L,2004-03-31,1.3000001
SCF.L,2004-06-30,1.3000001
SCF.L,2004-09-29,2.35
SCF.L,2004-12-22,1.3399999
SCF.L,2005-04-06,1.3399999
SCF.L,2005-06-29,1.3399999
SCF.L,2005-09-28,2.5
SCF.L,2005-12-28,1.4000001
SCF.L,2006-04-05,1.4000001
SCF.L,2006-06-28,1.4000001
SCF.L,2006-10-04,2.7
SCF.L,2006-12-27,1.5
SCF.L,2007-04-04,1.5
SCF.L,2007-06-27,1.5
SCF.L,2007-10-10,3.6
SCF.L,2007-12-24,1.6
SCF.L,2008-04-02,1.6
SCF.L,2008-06-25,1.6
SCF.L,2008-10-15,3.9
SCF.L,2008-12-24,1.6
SCF.L,2009-04-08,1.6
SCF.L,2009-07-08,1.6
SCF.L,2009-10-14,4.1
SCF.L,2009-12-23,1.6
SCF.L,2009-12-24,1.6
SCF.L,2010-04-07,1.6
SCF.L,2010-07-07,1.6
SCF.L,2010-10-06,4.3
SCF.L,2010-12-22,1.6
SCF.L,2011-04-06,1.6
SCF.L,2011-07-13,1.6
SCF.L,2011-09-28,4.5
SCF.L,2012-01-04,2.0
SCF.L,2012-04-04,2.0
SCF.L,2012-07-11,2.0
SCF.L,2012-10-03,3.5
SCF.L,2012-12-24,2.0
SCF.L,2013-03-27,2.0
SCF.L,2013-06-26,2.0
SCF.L,2013-10-02,3.8
SCF.L,2013-12-31,2.0
SCF.L,2014-04-02,2.0
SCF.L,2014-07-02,2.0
SCF.L,2014-10-01,4.1
SCF.L,2014-12-29,2.0
SCF.L,2015-03-26,2.0
SCF.L,2015-07-09,2.0
SCF.L,2015-10-08,4.3
SCF.L,2015-12-24,2.0
SCF.L,2016-04-14,2.0
SCF.L,2016-07-07,2.0
SCF.L,2016-10-06,4.6
SCF.L,2016-12-29,2.0
SCF.L,2017-04-06,2.0
SCF.L,2017-07-06,2.0
SCF.L,2017-10-05,5.2000003
SCF.L,2017-12-28,2.4
SCF.L,2018-04-05,2.4
SCF.L,2018-07-05,2.4
SCF.L,2018-10-04,4.6
SCF.L,2018-12-27,2.4
SCF.L,2019-04-04,2.4
SCF.L,2019-07-11,2.4
SCF.L,2019-10-10,5.2000003
SCF.L,2019-12-24,2.5
SCF.L,2020-04-09,2.5
SCF.L,2020-07-09,2.5
SCF.L,2020-10-08,5.1
SCF.L,2020-12-24,2.5
SCF.L,2021-04-01,2.5
SCF.L,2021-07-08,2.5
SCF.L,2021-10-07,5.2999997
SCF.L,2021-12-30,2.5
SCF.L,2022-04-07,2.5
SCF.L,2022-07-07,2.5
SCF.L,2022-10-13,5.7
SCF.L,2022-12-29,2.5
SCF.L,2023-04-06,2.5
SCF.L,2023-07-06,2.5
SCF.L,2023-10-05,6.3
SCF.L,2023-12-28,2.5
SCF.L,2024-04-04,2.5
SCF.L,2024-07-04,2.5
SCF.L,2024-10-03,6.7000003
SCF.L,2024-12-24,3.25
SCF.L,2025-04-03,3.25
SCF.L,2025-07-03,3.25
SCF.L,2025-10-02,4.95
SCP.L,1994-01-04,0.95
SCP.L,1994-06-20,0.70000005
SCP.L,1994-12-12,1.4000001
SCP.L,1995-05-09,0.75
SCP.L,1995-12-18,1.6
SCP.L,1996-05-20,0.83
SCP.L,1996-12-23,2.0
SCP.L,1997-05-19,1.0
SCP.L,1998-01-05,2.1
SCP.L,1998-05-26,1.0
SCP.L,1999-01-04,2.1
SCP.L,1999-05-24,1.0
SCP.L,2000-01-10,2.1
SCP.L,2000-05-30,1.0
SCP.L,2001-01-02,2.1
SCP.L,2001-05-30,1.0
SCP.L,2001-11-28,2.1
SCP.L,2004-12-22,2.0
SCP.L,2005-12-28,2.25
SCP.L,2006-12-27,2.85
SCP.L,2007-12-24,4.11
SCP.L,2009-01-21,5.2999997
SCP.L,2009-12-23,5.2999997
SCP.L,2011-01-12,6.82
SCP.L,2012-01-04,6.2
SCP.L,2013-01-02,6.82
SCP.L,2013-06-05,2.25
SCP.L,2013-12-11,5.45
SCP.L,2014-06-04,2.5
SCP.L,2014-12-29,6.0
SCP.L,2015-06-04,2.5
SCP.L,2015-12-31,6.7000003
SCP.L,2016-06-09,2.75
SCP.L,2016-12-29,8.5
SCP.L,2017-07-13,3.1
SCP.L,2018-01-04,10.0
SCP.L,2018-07-12,3.3
SCP.L,2019-01-03,12.700001
SCP.L,2019-07-11,3.8
SCP.L,2020-01-02,14.7
SCP.L,2020-07-09,3.8
SCP.L,2021-01-14,9.5
SCP.L,2021-07-08,3.8
SCP.L,2022-01-13,11.0
SCP.L,2022-07-14,5.0
SCP.L,2023-01-12,14.0
SCP.L,2023-07-13,5.5
SCP.L,2024-02-15,15.000001
SCP.L,2024-07-11,6.0
SCP.L,2025-01-30,15.5
SCP.L,2025-07-10,6.3
SCT.L,2016-03-31,1.7
SCT.L,2016-11-17,17.800001
SCT.L,2017-03-30,2.8999999
SCT.L,2017-11-02,19.6
SCT.L,2018-03-29,3.3
SCT.L,2018-11-01,23.9
SCT.L,2019-04-04,4.5
SCT.L,2019-11-07,26.4
SCT.L,2020-11-05,24.2
SCT.L,2021-04-01,6.4
SCT.L,2021-11-11,34.9
SCT.L,2022-04-07,7.2999997
SCT.L,2022-11-10,29.199999
SCT.L,2023-04-13,8.0
SCT.L,2023-11-09,29.6
SCT.L,2024-04-11,8.5
SCT.L,2024-11-07,39.0
SCT.L,2025-04-10,8.900001
SCT.L,2025-11-06,36.5
SDG.L,1993-05-24,1.8607
SDG.L,1993-10-18,1.1752
SDG.L,1994-05-16,2.0565
SDG.L,1994-10-24,1.2731
SDG.L,1995-05-22,2.3
SDG.L,1995-11-13,1.3000001
SDG.L,1996-05-28,2.4
SDG.L,1996-11-11,1.3000001
SDG.L,1997-06-09,2.4
SDG.L,1997-11-10,1.3000001
SDG.L,1998-06-08,2.4
SDG.L,1999-06-07,2.0
SDG.L,2000-06-12,2.0
SDG.L,2001-06-13,1.0
SDG.L,2010-07-07,0.5
SDG.L,2010-10-20,0.15
SDG.L,2011-07-06,0.8
SDG.L,2011-10-12,0.2
SDG.L,2012-07-11,1.0
SDG.L,2012-10-24,0.23
SDG.L,2013-07-17,1.25
SDG.L,2013-10-23,0.28
SDG.L,2014-07-16,1.5699999
SDG.L,2014-10-16,0.35000002
SDG.L,2015-07-16,1.96
SDG.L,2015-10-22,0.44
SDG.L,2016-07-14,2.45
SDG.L,2016-10-20,0.55
SDG.L,2017-07-20,3.06
SDG.L,2017-10-19,0.69
SDG.L,2018-07-19,3.68
SDG.L,2018-10-25,0.69
SDG.L,2019-07-18,2.55
SDG.L,2019-10-24,0.52
SDG.L,2021-10-21,0.75
SDG.L,2022-07-14,2.75
SDG.L,2022-10-27,0.75
SDG.L,2023-07-13,2.75
SDG.L,2023-10-19,0.75
SDG.L,2024-07-11,2.75
SDG.L,2024-10-24,0.5
SDG.L,2025-07-10,1.0
SDG.L,2025-10-23,0.5
SDP.L,1997-01-13,0.2
SDP.L,1998-01-12,0.5
SDP.L,1999-01-18,0.5
SDP.L,2000-01-24,0.5
SDP.L,2003-01-15,0.4
SDP.L,2004-01-14,0.75
SDP.L,2004-12-29,1.1
SDP.L,2005-12-28,1.9
SDP.L,2007-01-03,1.7
SDP.L,2008-01-02,1.5
SDP.L,2008-12-31,2.4
SDP.L,2009-12-23,2.6499999
SDP.L,2011-01-05,2.6499999
SDP.L,2012-01-11,2.75
SDP.L,2013-01-02,3.3500001
SDP.L,2013-12-31,3.3500001
SDP.L,2015-01-08,2.75
SDP.L,2015-12-24,4.2
SDP.L,2016-12-29,4.75
SDP.L,2017-12-28,5.6000004
SDP.L,2018-12-27,9.5
SDP.L,2020-01-02,9.700001
SDP.L,2020-12-24,8.0
SDP.L,2021-12-30,9.700001
SDP.L,2022-12-29,12.0
SDP.L,2023-12-28,12.0
SDP.L,2024-12-24,12.5
SDR.L,1993-03-29,0.1343
SDR.L,1993-09-20,0.1343
SDR.L,1994-03-28,0.41979998
SDR.L,1994-09-12,0.2015
SDR.L,1995-03-27,0.4869
SDR.L,1995-09-18,0.34
SDR.L,1996-03-25,0.8689
SDR.L,1996-09-16,0.45329997
SDR.L,1997-03-24,1.0576999
SDR.L,1997-09-15,0.5289
SDR.L,1998-03-30,1.2089
SDR.L,1998-09-21,0.85
SDR.L,1999-03-22,1.9549999
SDR.L,1999-09-20,0.935
SDR.L,2000-03-13,2.21
SDR.L,2000-09-11,0.935
SDR.L,2001-03-14,2.21
SDR.L,2001-09-19,0.935
SDR.L,2002-03-13,2.21
SDR.L,2002-09-18,0.935
SDR.L,2003-03-26,2.21
SDR.L,2003-09-17,0.935
SDR.L,2004-03-24,2.21
SDR.L,2004-08-25,1.105
SDR.L,2005-03-23,2.2949998
SDR.L,2005-08-24,1.19
SDR.L,2006-03-22,2.465
SDR.L,2006-08-23,1.275
SDR.L,2007-03-14,2.9750001
SDR.L,2007-08-15,1.53
SDR.L,2008-03-12,3.5700002
SDR.L,2008-08-20,1.7
SDR.L,2009-02-18,3.5700002
SDR.L,2009-08-12,1.7
SDR.L,2010-03-10,3.5700002
SDR.L,2010-08-11,1.87
SDR.L,2011-03-23,4.42
SDR.L,2011-08-10,2.21
SDR.L,2012-03-28,4.42
SDR.L,2012-08-15,2.21
SDR.L,2013-03-27,5.1
SDR.L,2013-08-14,2.72
SDR.L,2014-03-26,7.1400003
SDR.L,2014-08-13,4.08
SDR.L,2015-03-26,9.179999
SDR.L,2015-08-13,4.93
SDR.L,2016-03-24,9.86
SDR.L,2016-08-18,4.93
SDR.L,2017-03-30,10.88
SDR.L,2017-08-17,5.7799997
SDR.L,2018-03-22,13.429999
SDR.L,2018-08-16,5.9500003
SDR.L,2019-03-28,13.429999
SDR.L,2019-08-22,5.9500003
SDR.L,2020-03-26,13.429999
SDR.L,2020-08-20,5.9500003
SDR.L,2021-03-25,13.429999
SDR.L,2021-08-19,6.29
SDR.L,2022-03-24,14.45
SDR.L,2022-08-04,6.29
SDR.L,2023-03-23,15.000001
SDR.L,2023-08-17,6.5
SDR.L,2024-03-21,15.000001
SDR.L,2024-08-22,6.5
SDR.L,2025-03-27,15.000001
SDR.L,2025-08-21,6.5
SDV.L,1999-09-06,2.0
SDV.L,1999-12-06,2.0
SDV.L,2000-03-06,2.0
SDV.L,2000-06-05,3.0
SDV.L,2000-09-04,2.1
SDV.L,2000-12-04,2.1
SDV.L,2001-03-07,2.1
SDV.L,2001-06-06,3.2
SDV.L,2001-09-05,2.15
SDV.L,2001-12-05,2.15
SDV.L,2002-03-06,2.15
SDV.L,2002-06-05,3.3
SDV.L,2002-09-04,2.2
SDV.L,2002-12-04,2.2
SDV.L,2003-03-05,2.2
SDV.L,2003-06-04,3.4
SDV.L,2003-09-10,2.25
SDV.L,2003-12-03,2.25
SDV.L,2004-03-03,2.25
SDV.L,2004-06-09,3.6
SDV.L,2004-09-08,2.35
SDV.L,2004-12-08,2.35
SDV.L,2005-03-02,2.35
SDV.L,2005-06-08,3.7
SDV.L,2005-09-07,2.5
SDV.L,2005-12-07,2.5
SDV.L,2006-03-08,2.5
SDV.L,2006-06-07,3.7500002
SDV.L,2006-09-06,3.0
SDV.L,2006-12-06,3.0
SDV.L,2007-03-07,3.0
SDV.L,2007-06-20,4.0
SDV.L,2007-09-12,3.2
SDV.L,2007-12-12,3.2
SDV.L,2008-03-05,3.2
SDV.L,2008-06-18,4.05
SDV.L,2008-09-03,3.2
SDV.L,2008-12-10,1.2
SDV.L,2009-03-25,1.2
SDV.L,2009-07-01,1.7
SDV.L,2009-09-09,1.25
SDV.L,2009-12-09,1.25
SDV.L,2010-03-03,1.25
SDV.L,2010-06-30,2.25
SDV.L,2010-09-08,1.3000001
SDV.L,2010-12-15,1.3000001
SDV.L,2011-03-23,1.3000001
SDV.L,2011-06-29,2.3
SDV.L,2011-09-07,1.35
SDV.L,2011-12-14,1.35
SDV.L,2012-03-28,1.35
SDV.L,2012-06-27,2.35
SDV.L,2012-09-05,1.4000001
SDV.L,2012-12-12,1.4000001
SDV.L,2013-04-03,1.4000001
SDV.L,2013-06-26,2.4
SDV.L,2013-09-04,1.475
SDV.L,2013-12-23,1.475
SDV.L,2014-03-19,1.475
SDV.L,2014-06-25,5.15
SDV.L,2014-09-03,1.575
SDV.L,2014-12-11,1.575
SDV.L,2015-03-19,1.575
SDV.L,2015-06-25,2.7
SDV.L,2015-09-24,1.7
SDV.L,2015-12-10,1.7
SDV.L,2016-03-17,1.7
SDV.L,2016-06-23,4.0
SDV.L,2016-09-22,1.85
SDV.L,2016-12-08,1.85
SDV.L,2017-03-23,1.85
SDV.L,2017-06-22,4.2599998
SDV.L,2017-09-21,2.02
SDV.L,2017-12-07,2.02
SDV.L,2018-03-15,2.02
SDV.L,2018-06-21,3.06
SDV.L,2018-09-20,2.19
SDV.L,2018-12-06,2.19
SDV.L,2019-03-14,2.19
SDV.L,2019-06-27,4.9
SDV.L,2019-09-19,2.4
SDV.L,2019-12-12,2.4
SDV.L,2020-04-02,2.4
SDV.L,2020-07-02,2.4
SDV.L,2020-09-17,2.5
SDV.L,2020-12-10,2.5
SDV.L,2021-04-01,2.5
SDV.L,2021-07-01,2.772
SDV.L,2021-09-16,2.75
SDV.L,2021-12-09,2.75
SDV.L,2022-04-07,2.75
SDV.L,2022-06-30,2.75
SDV.L,2022-09-22,2.9425
SDV.L,2022-12-15,2.9425
SDV.L,2023-03-30,2.9425
SDV.L,2023-06-29,2.9425
SDV.L,2023-09-21,3.15
SDV.L,2023-12-14,3.15
SDV.L,2024-04-04,3.15
SDV.L,2024-06-27,3.15
SDV.L,2024-10-24,3.25
SDV.L,2024-12-12,3.25
SDV.L,2025-04-03,3.25
SDV.L,2025-06-26,3.25
SDV.L,2025-09-25,2.5
SDV.L,2025-12-11,2.5
SDY.L,1992-12-14,0.4367
SDY.L,1993-07-05,0.8866
SDY.L,1993-12-13,0.4381
SDY.L,1994-07-04,0.9559
SDY.L,1994-12-12,0.53110003
SDY.L,1995-07-03,0.9293
SDY.L,1995-12-11,0.6638
SDY.L,1996-07-08,1.1137999
SDY.L,1996-12-09,0.7514
SDY.L,1997-06-09,1.2614
SDY.L,1997-12-29,1.14
SDY.L,1998-06-29,1.8050001
SDY.L,1998-12-29,1.3843
SDY.L,1999-07-05,1.9
SDY.L,1999-12-29,1.52
SDY.L,2000-07-03,2.2529001
SDY.L,2001-01-02,1.52
SDY.L,2001-07-25,2.2529001
SDY.L,2002-01-02,0.81430006
SDY.L,2002-07-31,1.3571
SDY.L,2003-01-02,0.89570004
SDY.L,2003-07-30,1.5471001
SDY.L,2004-01-02,1.0043
SDY.L,2004-07-28,1.8456999
SDY.L,2005-01-05,1.1671001
SDY.L,2005-06-29,2.1714
SDY.L,2006-01-04,1.3299999
SDY.L,2006-06-28,2.5514
SDY.L,2007-01-03,1.4929
SDY.L,2007-06-20,3.1214
SDY.L,2008-01-02,1.7371001
SDY.L,2008-06-25,3.6371
SDY.L,2009-01-07,1.7371001
SDY.L,2009-06-24,1.7371001
SDY.L,2010-01-06,0.2
SDY.L,2010-06-16,0.2
SDY.L,2011-01-05,0.2
SDY.L,2011-06-15,0.2
SDY.L,2012-01-04,0.2
SDY.L,2012-06-13,0.26
SDY.L,2013-01-02,0.22
SDY.L,2013-06-12,0.31
SDY.L,2014-01-08,0.26
SDY.L,2014-06-11,0.35000002
SDY.L,2015-01-08,0.3
SDY.L,2015-06-11,0.4
SDY.L,2015-12-17,0.3
SDY.L,2016-07-07,0.4
SDY.L,2016-12-15,0.32999998
SDY.L,2017-07-06,0.66999996
SDY.L,2017-12-14,0.5
SDY.L,2018-07-05,1.15
SDY.L,2018-12-13,0.6
SDY.L,2019-07-04,1.4000001
SDY.L,2019-12-05,0.70000005
SDY.L,2021-08-12,1.4000001
SDY.L,2021-12-09,0.75
SDY.L,2022-08-11,1.4499999
SDY.L,2022-12-08,0.8
SDY.L,2023-08-10,1.8
SDY.L,2023-12-07,0.8
SDY.L,2024-08-08,1.8
SDY.L,2024-12-05,0.8
SDY.L,2025-08-07,1.8
SDY.L,2025-12-11,0.3
SEC.L,2006-10-11,1.3000001
SEC.L,2009-10-08,0.3
SEC.L,2009-10-14,0.3
SEC.L,2010-10-20,0.3
SEC.L,2011-10-19,0.44
SEC.L,2012-10-17,1.5
SEC.L,2013-10-16,1.5
SEC.L,2014-10-16,0.78
SEC.L,2015-10-15,0.78
SEC.L,2016-10-13,0.78
SEC.L,2017-10-12,0.78
SEC.L,2018-10-11,1.0
SEC.L,2019-10-10,1.5
SEC.L,2020-10-15,1.25
SEC.L,2021-10-14,1.6
SEC.L,2022-10-13,2.0
SEC.L,2023-10-12,2.5
SEC.L,2024-10-10,3.5
SEC.L,2025-10-23,4.25
SEIT.L,2019-05-23,1.0
SEIT.L,2019-12-05,2.5
SEIT.L,2020-06-04,2.5
SEIT.L,2020-08-13,1.375
SEIT.L,2020-12-03,1.375
SEIT.L,2021-03-11,1.375
SEIT.L,2021-06-10,1.375
SEIT.L,2021-09-09,1.4050001
SEIT.L,2021-12-02,1.4050001
SEIT.L,2022-03-10,1.4050001
SEIT.L,2022-06-23,1.4050001
SEIT.L,2022-09-01,1.5
SEIT.L,2022-12-08,1.5
SEIT.L,2023-03-09,1.5
SEIT.L,2023-06-15,1.5
SEIT.L,2023-09-14,1.56
SEIT.L,2023-12-07,1.56
SEIT.L,2024-03-07,1.56
SEIT.L,2024-06-13,1.56
SEIT.L,2024-09-12,1.5799999
SEIT.L,2024-12-12,1.5799999
SEIT.L,2025-03-13,1.5799999
SEIT.L,2025-06-12,1.5799999
SEIT.L,2025-09-11,1.5900002
SEPL.L,2014-11-05,4.4878798
SEPL.L,2014-12-31,6.058638
SEPL.L,2015-05-22,5.7374997
SEPL.L,2015-10-28,2.6211998
SEPL.L,2016-05-20,2.7324
SEPL.L,2018-05-15,3.711
SEPL.L,2018-11-12,3.8679998
SEPL.L,2019-03-19,0.7536
SEPL.L,2019-11-11,3.897
SEPL.L,2020-05-11,6.183
SEPL.L,2020-11-12,3.7975
SEPL.L,2021-04-30,3.5985
SEPL.L,2021-05-25,1.7655001
SEPL.L,2021-08-11,1.8060001
SEPL.L,2021-11-12,1.867
SEPL.L,2022-04-29,1.994
SEPL.L,2022-05-27,1.98
SEPL.L,2022-08-11,2.0478
SEPL.L,2022-11-09,2.183
SEPL.L,2023-04-17,6.0518003
SEPL.L,2023-05-17,2.2439399
SEPL.L,2023-08-16,2.2439399
SEPL.L,2023-11-09,2.2439399
SEPL.L,2024-04-25,4.4878798
SEPL.L,2024-05-30,2.2439399
SEPL.L,2024-08-12,2.2439399
SEPL.L,2024-11-11,2.6927278
SEPL.L,2025-05-08,5.161062
SEPL.L,2025-05-22,3.440708
SEPL.L,2025-08-12,3.440708
SEPL.L,2025-11-12,5.6098504
SEQI.L,2015-07-23,0.98609996
SEQI.L,2015-11-12,0.98609996
SEQI.L,2016-01-28,1.4792
SEQI.L,2016-04-28,1.4792
SEQI.L,2016-07-28,1.4792
SEQI.L,2016-10-27,1.4792
SEQI.L,2017-01-26,1.4792
SEQI.L,2017-04-27,1.4792
SEQI.L,2017-07-27,1.4792
SEQI.L,2017-10-26,1.4792
SEQI.L,2018-01-25,1.4792
SEQI.L,2018-04-26,1.4792
SEQI.L,2018-07-26,1.4792
SEQI.L,2018-10-25,1.4894999
SEQI.L,2019-01-24,1.4894999
SEQI.L,2019-05-02,1.4894999
SEQI.L,2019-07-25,1.5580001
SEQI.L,2019-10-24,1.5580001
SEQI.L,2020-01-23,1.5580001
SEQI.L,2020-04-23,1.5625
SEQI.L,2020-07-23,1.5625
SEQI.L,2020-10-22,1.5625
SEQI.L,2021-01-28,1.5625
SEQI.L,2021-04-29,1.5625
SEQI.L,2021-07-29,1.5625
SEQI.L,2021-10-28,1.5625
SEQI.L,2022-01-27,1.5625
SEQI.L,2022-04-28,1.5625
SEQI.L,2022-07-28,1.5625
SEQI.L,2022-10-27,1.5625
SEQI.L,2023-01-26,1.7188
SEQI.L,2023-04-27,1.7188
SEQI.L,2023-07-27,1.7188
SEQI.L,2023-10-26,1.7188
SEQI.L,2024-01-25,1.7188
SEQI.L,2024-04-25,1.7188
SEQI.L,2024-07-25,1.7188
SEQI.L,2024-10-24,1.7188
SEQI.L,2025-01-30,1.7188
SEQI.L,2025-05-01,1.7188
SEQI.L,2025-07-24,1.7188
SEQI.L,2025-10-23,1.7188
SERE.L,2016-08-18,0.68219995
SERE.L,2017-01-12,0.78999996
SERE.L,2017-03-02,0.8638
SERE.L,2017-06-22,1.0548
SERE.L,2017-08-17,1.3674
SERE.L,2018-01-04,1.3296
SERE.L,2018-03-22,1.6136
SERE.L,2018-07-05,1.633
SERE.L,2018-08-30,1.668
SERE.L,2019-01-10,1.6511
SERE.L,2019-03-28,1.5899
SERE.L,2019-07-04,1.6566999
SERE.L,2019-10-03,1.6496999
SERE.L,2020-01-09,1.5868001
SERE.L,2020-03-26,1.6542999
SERE.L,2020-07-16,0.84250003
SERE.L,2020-10-08,1.2599
SERE.L,2021-01-07,1.4146
SERE.L,2021-03-25,1.3364
SERE.L,2021-07-29,1.5791999
SERE.L,2021-10-21,1.5642
SERE.L,2021-12-23,5.5473
SERE.L,2022-03-31,1.5549
SERE.L,2022-07-14,5.5955
SERE.L,2022-09-08,1.6978999
SERE.L,2022-12-29,1.6349999
SERE.L,2023-04-13,1.6381999
SERE.L,2023-07-20,1.5966
SERE.L,2023-10-19,1.2886
SERE.L,2023-12-28,1.282
SERE.L,2024-04-11,1.2624
SERE.L,2024-07-11,1.2431
SERE.L,2024-10-03,1.2383
SERE.L,2025-01-02,1.2271
SERE.L,2025-04-10,1.2783
SERE.L,2025-07-17,1.2811
SERE.L,2025-10-02,1.3008608
SFOR.L,2025-06-05,1.0
SFR.L,1993-09-20,0.0319
SFR.L,1994-04-25,0.0319
SFR.L,1994-09-19,0.063899994
SFR.L,1995-04-24,0.063899994
SFR.L,1995-09-25,0.12779999
SFR.L,1996-03-18,0.2603
SFR.L,1996-09-23,0.22770001
SFR.L,1997-05-06,0.4555
SFR.L,1997-09-29,0.48799998
SFR.L,1998-05-05,0.81340003
SFR.L,1998-09-28,0.6507
SFR.L,1999-05-04,0.911
SFR.L,1999-09-27,0.6507
SFR.L,2000-05-02,0.911
SFR.L,2000-10-02,0.6832
SFR.L,2001-05-09,1.1387
SFR.L,2001-10-10,0.6832
SFR.L,2002-05-15,1.1387
SFR.L,2002-10-09,0.6832
SFR.L,2003-05-14,1.1387
SFR.L,2003-10-08,0.81340003
SFR.L,2004-05-12,1.3989999
SFR.L,2004-10-06,1.1387
SFR.L,2005-05-11,1.8544999
SFR.L,2005-10-05,1.6266999
SFR.L,2006-05-10,3.1884
SFR.L,2006-10-04,2.6027
SFR.L,2007-05-09,4.8151
SFR.L,2007-10-03,3.5137002
SFR.L,2008-05-14,6.8973
SFR.L,2008-10-01,5.2055
SFR.L,2009-05-13,5.2055
SFR.L,2009-09-30,5.2055
SFR.L,2010-03-03,2.6027
SFR.L,2010-09-29,2.6027
SFR.L,2011-05-18,1.3014
SFR.L,2011-10-05,0.7808
SFR.L,2012-05-23,1.8219
SFR.L,2012-10-03,0.7808
SFR.L,2015-08-13,0.5
SFR.L,2015-12-17,0.5
SFR.L,2016-08-18,1.0
SFR.L,2016-12-15,0.70000005
SFR.L,2017-08-17,1.6
SFR.L,2017-12-14,0.9
SFR.L,2018-08-16,3.4
SFR.L,2018-12-13,1.0
SFR.L,2019-08-15,1.8
SFR.L,2019-12-12,1.1
SFR.L,2020-08-13,1.8
SFR.L,2020-12-10,1.1
SFR.L,2021-08-12,1.8
SFR.L,2021-12-09,1.2
SFR.L,2022-09-08,1.9
SFR.L,2023-01-05,1.3000001
SFR.L,2023-09-07,2.1
SFR.L,2024-01-04,1.4000001
SFR.L,2024-09-05,2.3
SFR.L,2025-01-09,1.4000001
SFT.L,2005-06-15,0.5
SFT.L,2005-11-30,0.5
SFT.L,2006-06-21,1.25
SFT.L,2006-11-29,0.6
SFT.L,2007-06-27,1.9
SFT.L,2007-11-21,1.0
SFT.L,2008-06-25,2.0
SFT.L,2008-11-19,1.05
SFT.L,2009-06-10,2.0
SFT.L,2009-06-24,2.1
SFT.L,2009-11-18,1.05
SFT.L,2010-06-09,2.1
SFT.L,2010-11-17,1.05
SFT.L,2011-06-15,2.1
SFT.L,2011-11-16,1.05
SFT.L,2012-06-13,1.5
SFT.L,2012-11-21,1.05
SFT.L,2013-07-03,1.5
SFT.L,2013-11-13,0.32999998
SFT.L,2014-07-02,1.0
SFT.L,2014-11-13,0.5
SFT.L,2015-07-02,1.0
SFT.L,2015-11-19,0.25
SGE.L,1993-01-15,0.1237
SGE.L,1993-05-10,0.0684
SGE.L,1994-01-17,0.13599999
SGE.L,1994-05-16,0.0752
SGE.L,1995-01-09,0.1496
SGE.L,1995-05-09,0.0824
SGE.L,1996-01-08,0.82440007
SGE.L,1996-05-13,0.0907
SGE.L,1997-01-20,0.1814
SGE.L,1997-05-27,0.1
SGE.L,1998-01-26,0.1989
SGE.L,1998-05-26,0.1126
SGE.L,1999-02-01,0.223
SGE.L,1999-05-17,0.1241
SGE.L,2000-01-31,2.451
SGE.L,2000-05-15,0.1368
SGE.L,2001-02-07,0.27350003
SGE.L,2001-05-16,0.1473
SGE.L,2002-02-06,0.2945
SGE.L,2002-05-15,0.1683
SGE.L,2003-02-19,1.4096
SGE.L,2003-05-14,0.5891
SGE.L,2004-02-11,1.1571001
SGE.L,2004-05-19,0.6417
SGE.L,2005-02-09,1.8094
SGE.L,2005-05-18,0.96779996
SGE.L,2006-02-08,2.0513
SGE.L,2006-05-17,1.1361
SGE.L,2007-02-07,2.6404002
SGE.L,2007-05-16,1.336
SGE.L,2008-02-06,6.0277
SGE.L,2008-05-14,2.5562
SGE.L,2009-02-04,5.0283
SGE.L,2009-05-13,2.6299
SGE.L,2010-02-03,5.1861
SGE.L,2010-05-12,2.714
SGE.L,2011-02-09,5.4912
SGE.L,2011-05-11,2.8192
SGE.L,2012-02-08,7.4372997
SGE.L,2012-05-16,3.6608
SGE.L,2013-02-13,7.0165
SGE.L,2013-05-15,3.8817
SGE.L,2013-06-10,17.1
SGE.L,2014-02-12,7.44
SGE.L,2014-05-14,4.12
SGE.L,2015-02-12,8.0
SGE.L,2015-05-14,4.4500003
SGE.L,2016-02-11,8.65
SGE.L,2016-05-12,4.8
SGE.L,2017-02-09,9.35
SGE.L,2017-05-11,5.2200003
SGE.L,2018-02-08,10.2
SGE.L,2018-05-10,5.65
SGE.L,2019-02-07,10.849999
SGE.L,2019-05-30,5.79
SGE.L,2020-02-06,11.12
SGE.L,2020-05-21,5.9300003
SGE.L,2021-01-14,11.32
SGE.L,2021-05-27,6.05
SGE.L,2022-01-13,11.63
SGE.L,2022-05-26,6.3
SGE.L,2023-01-12,12.1
SGE.L,2023-06-01,6.5499997
SGE.L,2024-01-11,12.75
SGE.L,2024-05-30,6.95
SGE.L,2025-01-09,13.500001
SGE.L,2025-05-29,7.4500003
SGRO.L,1993-04-19,7.4855
SGRO.L,1993-09-06,4.6410003
SGRO.L,1994-04-11,7.4855
SGRO.L,1994-09-05,4.6410003
SGRO.L,1995-04-10,7.4855
SGRO.L,1995-09-11,4.6410003
SGRO.L,1996-04-22,8.0843
SGRO.L,1996-09-09,4.8656
SGRO.L,1997-04-21,8.6083
SGRO.L,1997-09-08,5.0901
SGRO.L,1998-02-09,6.183
SGRO.L,1998-04-27,2.9942
SGRO.L,1998-08-10,6.183
SGRO.L,1999-04-26,9.4018
SGRO.L,1999-09-13,6.5871997
SGRO.L,2000-04-25,10.1802
SGRO.L,2000-09-11,7.0363
SGRO.L,2001-04-25,11.0785
SGRO.L,2001-09-12,7.6352
SGRO.L,2002-04-24,11.9768
SGRO.L,2002-09-04,8.1592
SGRO.L,2003-04-23,12.8002
SGRO.L,2003-09-03,8.683101
SGRO.L,2004-04-21,13.7733
SGRO.L,2004-09-08,9.2071
SGRO.L,2005-04-20,14.746401
SGRO.L,2005-09-07,9.7311
SGRO.L,2006-04-19,16.468
SGRO.L,2006-09-06,10.33
SGRO.L,2007-04-18,18.1148
SGRO.L,2007-08-20,83.8557
SGRO.L,2007-09-05,11.469999
SGRO.L,2008-04-16,20.3144
SGRO.L,2008-09-03,11.469999
SGRO.L,2009-04-01,5.1626
SGRO.L,2009-08-19,4.3978
SGRO.L,2010-03-31,8.9868
SGRO.L,2010-09-08,4.4934
SGRO.L,2011-04-13,9.1779995
SGRO.L,2011-09-21,4.6846
SGRO.L,2012-03-21,9.4648
SGRO.L,2012-09-05,4.6846
SGRO.L,2013-03-20,9.4648
SGRO.L,2013-09-04,4.6846
SGRO.L,2014-03-26,9.4648
SGRO.L,2014-08-27,4.6846
SGRO.L,2015-03-26,9.7516
SGRO.L,2015-08-20,4.7802
SGRO.L,2016-03-24,10.134001
SGRO.L,2016-08-18,4.9714
SGRO.L,2017-03-23,11.200001
SGRO.L,2017-08-17,5.25
SGRO.L,2018-03-22,11.35
SGRO.L,2018-08-16,5.55
SGRO.L,2019-03-21,13.249999
SGRO.L,2019-08-15,6.3
SGRO.L,2020-03-19,14.4
SGRO.L,2020-08-13,6.8999996
SGRO.L,2021-03-18,15.2
SGRO.L,2021-08-12,7.4
SGRO.L,2022-03-17,16.9
SGRO.L,2022-08-11,8.1
SGRO.L,2023-03-16,18.199999
SGRO.L,2023-08-10,8.7
SGRO.L,2024-03-14,19.1
SGRO.L,2024-08-08,9.099999
SGRO.L,2025-03-27,20.2
SGRO.L,2025-08-07,9.700001
SHC.L,2010-10-06,0.5
SHC.L,2011-04-13,1.0
SHC.L,2011-08-24,0.5
SHC.L,2012-05-16,1.0
SHC.L,2012-08-22,0.5
SHC.L,2013-05-22,1.0
SHC.L,2013-08-28,0.5
SHC.L,2014-05-21,1.0
SHC.L,2014-09-03,0.5
SHC.L,2015-05-28,1.0
SHC.L,2015-09-03,0.5
SHC.L,2016-05-26,1.0
SHC.L,2016-09-08,0.5
SHC.L,2017-04-20,1.0
SHC.L,2017-09-07,0.5
SHC.L,2018-04-19,1.0
SHC.L,2018-08-30,0.5
SHC.L,2019-04-18,1.0
SHC.L,2019-08-29,0.5
SHC.L,2020-04-16,1.0
SHC.L,2021-08-26,0.5
SHC.L,2022-06-09,1.0
SHC.L,2022-08-25,0.8
SHC.L,2023-03-02,1.7
SHC.L,2023-08-24,1.5
SHC.L,2024-04-25,1.65
SHC.L,2024-08-22,1.7
SHC.L,2025-04-24,1.8
SHC.L,2025-08-21,1.9
SHEL.L,2005-08-03,15.889999
SHEL.L,2005-11-02,15.639999
SHEL.L,2006-02-08,15.639999
SHEL.L,2006-05-10,17.13
SHEL.L,2006-08-02,17.08
SHEL.L,2006-11-01,16.769999
SHEL.L,2007-02-07,16.599998
SHEL.L,2007-05-09,17.085
SHEL.L,2007-08-01,17.560001
SHEL.L,2007-10-31,16.6127
SHEL.L,2008-02-06,18.109999
SHEL.L,2008-05-14,20.05
SHEL.L,2008-08-06,20.21
SHEL.L,2008-11-05,24.539999
SHEL.L,2009-02-04,27.970001
SHEL.L,2009-05-06,28.650002
SHEL.L,2009-08-05,25.52
SHEL.L,2009-11-04,25.650002
SHEL.L,2010-02-10,26.359999
SHEL.L,2010-05-05,27.369999
SHEL.L,2010-08-04,24.201
SHEL.L,2010-11-03,26.72
SHEL.L,2011-02-09,25.82
SHEL.L,2011-05-11,25.71
SHEL.L,2011-08-03,25.77
SHEL.L,2011-11-02,23.043499
SHEL.L,2012-02-15,26.74
SHEL.L,2012-05-09,27.919998
SHEL.L,2012-08-08,27.08
SHEL.L,2012-11-14,26.859999
SHEL.L,2013-02-13,28.79
SHEL.L,2013-05-15,28.99
SHEL.L,2013-08-14,28.670002
SHEL.L,2013-11-13,27.509998
SHEL.L,2014-02-12,26.88
SHEL.L,2014-05-14,28.029999
SHEL.L,2014-08-13,29.09
SHEL.L,2014-11-13,30.160002
SHEL.L,2015-02-12,31.2
SHEL.L,2015-05-14,30.75
SHEL.L,2015-08-13,30.919998
SHEL.L,2015-11-12,31.07
SHEL.L,2016-02-18,32.78
SHEL.L,2016-05-19,32.98
SHEL.L,2016-08-11,35.27
SHEL.L,2016-11-10,37.16
SHEL.L,2017-02-16,38.640003
SHEL.L,2017-05-18,37.12
SHEL.L,2017-08-10,36.28
SHEL.L,2017-11-16,35.02
SHEL.L,2018-02-15,33.91
SHEL.L,2018-05-10,35.18
SHEL.L,2018-08-09,36.5
SHEL.L,2018-11-15,36.77
SHEL.L,2019-02-14,35.94
SHEL.L,2019-05-16,36.97
SHEL.L,2019-08-15,38.010002
SHEL.L,2019-11-14,35.73
SHEL.L,2020-02-13,36.399998
SHEL.L,2020-05-14,12.68
SHEL.L,2020-08-13,12.09
SHEL.L,2020-11-12,12.48
SHEL.L,2021-02-18,11.96
SHEL.L,2021-05-13,12.259999
SHEL.L,2021-08-12,17.380001
SHEL.L,2021-11-11,18.06
SHEL.L,2022-02-17,18.279999
SHEL.L,2022-05-19,20.01
SHEL.L,2022-08-11,21.57
SHEL.L,2022-11-10,20.61
SHEL.L,2023-02-16,24.11
SHEL.L,2023-05-18,22.99
SHEL.L,2023-08-10,26.12
SHEL.L,2023-11-16,26.31
SHEL.L,2024-02-15,26.9
SHEL.L,2024-05-16,26.94
SHEL.L,2024-08-15,26.15
SHEL.L,2024-11-14,27.03
SHEL.L,2025-02-13,27.79
SHEL.L,2025-05-15,26.409998
SHEL.L,2025-08-14,26.62
SHEL.L,2025-11-13,26.85
SHI.L,1993-03-29,3.3920002
SHI.L,1993-09-20,1.6960001
SHI.L,1994-03-14,3.3920002
SHI.L,1994-09-19,1.8844999
SHI.L,1995-03-20,3.7689
SHI.L,1995-09-25,2.0729
SHI.L,1996-03-25,4.2366004
SHI.L,1996-09-30,2.3109
SHI.L,1997-04-07,4.6218
SHI.L,1997-09-29,2.5035
SHI.L,1998-04-06,5.0069
SHI.L,1998-09-28,2.696
SHI.L,1999-03-29,5.3921
SHI.L,1999-09-13,2.9849
SHI.L,2000-04-10,5.9698
SHI.L,2000-10-23,3.2737002
SHI.L,2001-04-11,6.5475
SHI.L,2001-10-24,3.5626001
SHI.L,2002-04-17,7.0289
SHI.L,2002-10-16,3.7552
SHI.L,2003-04-09,7.4141
SHI.L,2003-10-22,3.9478
SHI.L,2004-04-14,7.9918
SHI.L,2004-10-27,4.4291997
SHI.L,2005-04-13,9.0508995
SHI.L,2005-10-26,5.1032
SHI.L,2006-04-19,11.073
SHI.L,2006-10-25,5.9698
SHI.L,2007-04-25,13.768999
SHI.L,2007-10-24,7.7029
SHI.L,2008-04-23,18.0056
SHI.L,2008-10-29,7.9918
SHI.L,2011-10-05,0.72209996
SHI.L,2012-05-02,1.4442999
SHI.L,2012-10-10,0.9629
SHI.L,2013-05-01,1.9257
SHI.L,2013-10-09,1.1072999
SHI.L,2014-04-30,2.3109
SHI.L,2014-10-09,1.3673
SHI.L,2015-04-30,2.8693
SHI.L,2015-10-08,1.6271999
SHI.L,2016-04-28,2.8019
SHI.L,2016-10-06,1.762
SHI.L,2017-06-08,1.762
SHI.L,2017-10-05,1.2036
SHI.L,2018-06-07,2.4072
SHI.L,2018-10-04,1.2036
SHI.L,2019-06-06,2.4072
SHI.L,2019-10-03,1.2036
SHOE.L,2015-02-12,3.6
SHOE.L,2015-07-23,3.2
SHOE.L,2016-02-25,12.5
SHOE.L,2016-07-21,3.3
SHOE.L,2017-02-23,14.8
SHOE.L,2017-07-20,3.4
SHOE.L,2018-02-22,6.8
SHOE.L,2018-07-19,3.5
SHOE.L,2019-02-28,16.0
SHOE.L,2019-07-18,3.5
SHOE.L,2022-07-14,2.5
SHOE.L,2022-11-03,3.0
SHOE.L,2023-03-16,11.5
SHOE.L,2023-07-13,2.5
SHOE.L,2024-03-14,14.900001
SHOE.L,2024-07-11,2.5
SHRS.L,1976-08-23,2.8000002
SHRS.L,1977-02-14,4.56
SHRS.L,1977-08-22,3.0
SHRS.L,1978-02-27,5.4639997
SHRS.L,1978-08-21,3.0
SHRS.L,1979-02-26,6.734
SHRS.L,1979-09-24,3.0
SHRS.L,1980-06-02,7.96
SHRS.L,1980-12-08,3.0
SHRS.L,1981-06-01,8.8
SHRS.L,1981-12-07,3.0
SHRS.L,1982-06-07,8.8
SHRS.L,1982-12-13,3.0
SHRS.L,1983-05-23,8.8
SHRS.L,1983-12-12,3.0
SHRS.L,1984-02-27,8.8
SHRS.L,1984-07-16,1.5
SHRS.L,1984-10-29,1.5
SHRS.L,1984-12-10,1.5
SHRS.L,1985-03-25,1.5
SHRS.L,1985-06-17,6.5
SHRS.L,1985-09-16,2.5
SHRS.L,1985-12-09,2.5
SHRS.L,1986-03-10,2.5
SHRS.L,1986-06-16,5.75
SHRS.L,1986-09-29,3.0
SHRS.L,1986-12-08,3.0
SHRS.L,1987-03-23,3.0
SHRS.L,1987-06-15,5.0
SHRS.L,1987-09-28,3.15
SHRS.L,1987-12-07,3.15
SHRS.L,1988-03-21,3.15
SHRS.L,1988-06-20,5.2999997
SHRS.L,1988-09-19,3.3500001
SHRS.L,1988-11-28,3.3500001
SHRS.L,1989-03-13,3.3500001
SHRS.L,1989-06-05,5.45
SHRS.L,1989-09-18,3.6
SHRS.L,1989-12-11,3.7500002
SHRS.L,1990-03-12,3.9500003
SHRS.L,1990-06-11,5.5
SHRS.L,1990-09-10,3.9
SHRS.L,1990-12-10,4.0
SHRS.L,1991-03-11,4.1
SHRS.L,1991-06-17,5.7999997
SHRS.L,1991-09-16,4.1
SHRS.L,1991-12-09,4.2
SHRS.L,1992-03-09,4.2
SHRS.L,1992-06-15,5.9
SHRS.L,1992-09-07,4.1
SHRS.L,1992-12-14,4.2
SHRS.L,1993-03-15,4.2
SHRS.L,1993-06-07,5.9
SHRS.L,1993-09-20,4.1
SHRS.L,1993-12-13,4.2
SHRS.L,1994-03-14,4.2
SHRS.L,1994-06-07,4.3
SHRS.L,1994-06-20,4.3
SHRS.L,1994-09-12,4.1
SHRS.L,1994-12-19,4.2
SHRS.L,1995-03-13,4.2
SHRS.L,1995-06-12,4.3
SHRS.L,1995-09-18,4.1
SHRS.L,1996-01-02,4.2
SHRS.L,1996-03-25,4.2
SHRS.L,1996-06-24,4.3
SHRS.L,1996-09-23,4.1
SHRS.L,1996-12-23,4.2
SHRS.L,1997-03-24,4.2
SHRS.L,1997-06-23,4.3
SHRS.L,1997-09-22,4.2
SHRS.L,1997-12-22,4.2
SHRS.L,1998-03-30,4.2
SHRS.L,1998-07-06,4.9
SHRS.L,1998-10-05,4.2
SHRS.L,1999-01-04,4.8500004
SHRS.L,1999-03-29,4.2
SHRS.L,1999-07-05,5.4
SHRS.L,1999-10-04,4.3
SHRS.L,2000-01-04,8.6
SHRS.L,2000-04-03,4.3
SHRS.L,2000-04-05,4.3
SHRS.L,2000-07-03,5.75
SHRS.L,2000-07-05,5.75
SHRS.L,2000-10-02,4.35
SHRS.L,2001-01-08,4.35
SHRS.L,2001-04-04,4.35
SHRS.L,2001-07-04,5.9500003
SHRS.L,2001-10-03,4.4
SHRS.L,2002-01-09,4.4
SHRS.L,2002-04-03,4.4
SHRS.L,2002-07-03,6.05
SHRS.L,2002-10-02,4.4
SHRS.L,2003-01-08,4.4
SHRS.L,2003-04-02,4.4
SHRS.L,2003-07-02,6.05
SHRS.L,2003-10-01,4.4
SHRS.L,2004-01-07,4.4
SHRS.L,2004-04-07,4.4
SHRS.L,2004-07-07,6.05
SHRS.L,2004-10-06,4.4
SHRS.L,2005-01-05,4.4
SHRS.L,2005-04-06,4.4
SHRS.L,2005-07-06,6.05
SHRS.L,2005-10-05,4.4
SHRS.L,2006-01-04,4.4
SHRS.L,2006-04-05,4.4
SHRS.L,2006-07-05,6.05
SHRS.L,2006-10-04,4.4
SHRS.L,2007-01-03,4.4
SHRS.L,2007-04-11,4.4
SHRS.L,2007-07-04,6.05
SHRS.L,2007-10-03,4.4
SHRS.L,2008-01-02,4.4
SHRS.L,2008-04-09,4.4
SHRS.L,2008-07-02,6.5499997
SHRS.L,2008-10-01,4.4
SHRS.L,2008-12-31,4.4
SHRS.L,2009-04-08,4.4
SHRS.L,2009-07-01,6.5499997
SHRS.L,2009-10-07,3.0
SHRS.L,2010-01-06,3.0
SHRS.L,2010-04-07,3.0
SHRS.L,2010-07-07,3.0
SHRS.L,2010-10-06,3.0
SHRS.L,2011-01-05,3.0
SHRS.L,2011-04-06,3.0
SHRS.L,2011-07-06,3.0
SHRS.L,2011-10-05,3.0
SHRS.L,2012-01-04,3.0
SHRS.L,2012-04-04,3.0
SHRS.L,2012-07-04,3.0
SHRS.L,2012-10-03,3.0
SHRS.L,2013-01-02,3.0
SHRS.L,2013-04-03,3.0
SHRS.L,2013-07-03,3.0
SHRS.L,2013-10-02,3.0
SHRS.L,2013-12-31,3.0
SHRS.L,2014-04-02,3.0
SHRS.L,2014-07-02,3.0
SHRS.L,2014-10-01,3.0
SHRS.L,2015-01-02,3.0
SHRS.L,2015-04-02,3.0
SHRS.L,2015-07-02,3.25
SHRS.L,2015-10-01,3.0
SHRS.L,2016-01-07,3.0
SHRS.L,2016-04-07,3.0
SHRS.L,2016-07-07,3.25
SHRS.L,2016-10-06,3.0
SHRS.L,2017-01-05,3.0
SHRS.L,2017-04-06,3.0
SHRS.L,2017-07-06,3.7500002
SHRS.L,2017-10-05,3.0
SHRS.L,2018-01-04,3.0
SHRS.L,2018-04-05,3.0
SHRS.L,2018-07-05,4.0
SHRS.L,2018-10-04,3.0
SHRS.L,2019-01-03,3.0
SHRS.L,2019-04-04,3.0
SHRS.L,2019-07-04,4.2
SHRS.L,2019-10-03,3.0
SHRS.L,2020-01-02,3.0
SHRS.L,2020-04-02,3.0
SHRS.L,2020-07-02,4.2
SHRS.L,2020-10-01,3.0
SHRS.L,2021-01-07,3.0
SHRS.L,2021-04-08,3.0
SHRS.L,2021-07-08,4.2
SHRS.L,2021-10-07,3.2
SHRS.L,2022-01-06,3.2
SHRS.L,2022-04-07,3.2
SHRS.L,2022-07-07,4.2
SHRS.L,2022-10-06,3.2
SHRS.L,2023-01-05,3.2
SHRS.L,2023-04-06,6.4
SHRS.L,2023-07-06,4.6
SHRS.L,2023-10-05,3.2
SHRS.L,2024-01-04,3.2
SHRS.L,2024-04-04,3.2
SHRS.L,2024-07-04,4.8
SHRS.L,2024-10-03,3.2
SHRS.L,2025-01-02,3.2
SHRS.L,2025-04-03,3.2
SHRS.L,2025-07-03,5.2000003
SHRS.L,2025-10-02,3.4
SIHL.L,2014-04-09,0.083683126
SIHL.L,2015-03-26,0.0469
SIHL.L,2016-03-31,0.1
SIHL.L,2017-05-04,0.035
SIHL.L,2017-10-05,0.1
SIHL.L,2018-05-10,0.12
SIHL.L,2019-05-09,0.035
SIHL.L,2021-08-26,0.025
SIHL.L,2023-07-06,0.025
SJG.L,2013-10-16,1.75
SJG.L,2014-10-09,1.8
SJG.L,2015-10-15,2.0
SJG.L,2016-10-13,2.8000002
SJG.L,2017-10-12,3.5
SJG.L,2018-10-18,4.0
SJG.L,2019-10-17,4.7
SJG.L,2020-11-05,4.9
SJG.L,2021-11-04,4.3
SJG.L,2022-11-03,4.9
SJG.L,2023-11-02,5.4
SJG.L,2024-11-07,10.809999
SJG.L,2025-01-02,2.8200002
SJG.L,2025-03-27,2.8899999
SJG.L,2025-07-03,2.87
SJG.L,2025-10-02,2.85
SKL.L,2022-06-30,0.279
SKL.L,2022-10-06,0.168
SKL.L,2023-06-29,0.279
SKL.L,2023-10-05,0.168
SKL.L,2024-07-04,0.279
SKL.L,2024-10-03,0.168
SKL.L,2025-07-03,0.349
SKL.L,2025-10-02,0.202
SLP.L,2018-10-18,0.35000002
SLP.L,2019-10-17,0.78
SLP.L,2020-10-29,1.6
SLP.L,2021-03-04,3.7500002
SLP.L,2021-10-28,4.0
SLP.L,2022-03-03,2.25
SLP.L,2022-10-27,8.0
SLP.L,2023-03-02,3.0
SLP.L,2023-10-26,5.0
SLP.L,2024-02-29,1.0
SLP.L,2024-05-09,1.0
SLP.L,2024-10-31,1.0
SLP.L,2025-02-27,0.75
SLP.L,2025-10-30,2.0
SMIF.L,2014-07-16,0.5
SMIF.L,2014-08-13,0.5
SMIF.L,2014-09-17,0.5
SMIF.L,2014-10-16,1.5759001
SMIF.L,2014-11-13,0.5
SMIF.L,2014-12-18,0.5
SMIF.L,2015-01-15,0.5
SMIF.L,2015-02-19,0.5
SMIF.L,2015-03-19,0.5
SMIF.L,2015-04-16,0.5
SMIF.L,2015-05-21,0.5
SMIF.L,2015-06-18,0.5
SMIF.L,2015-07-16,0.5
SMIF.L,2015-08-20,0.5
SMIF.L,2015-09-17,0.5
SMIF.L,2015-10-15,1.0269
SMIF.L,2015-11-19,0.5
SMIF.L,2015-12-17,0.5
SMIF.L,2016-01-21,0.5
SMIF.L,2016-02-18,0.5
SMIF.L,2016-03-17,0.5
SMIF.L,2016-04-21,0.5
SMIF.L,2016-05-19,0.5
SMIF.L,2016-06-16,0.5
SMIF.L,2016-07-21,0.5
SMIF.L,2016-08-18,0.5
SMIF.L,2016-09-15,0.5
SMIF.L,2016-10-20,1.3519
SMIF.L,2016-11-17,0.5
SMIF.L,2016-12-15,0.5
SMIF.L,2017-01-19,0.5
SMIF.L,2017-02-16,0.5
SMIF.L,2017-03-16,0.5
SMIF.L,2017-04-20,0.5
SMIF.L,2017-05-18,0.5
SMIF.L,2017-06-15,0.5
SMIF.L,2017-07-20,0.5
SMIF.L,2017-08-17,0.5
SMIF.L,2017-09-21,0.5
SMIF.L,2017-10-19,1.0614
SMIF.L,2017-11-16,0.5
SMIF.L,2017-12-14,0.5
SMIF.L,2018-01-18,0.5
SMIF.L,2018-02-15,0.5
SMIF.L,2018-03-15,0.5
SMIF.L,2018-04-19,0.5
SMIF.L,2018-05-17,0.5
SMIF.L,2018-06-21,0.5
SMIF.L,2018-07-19,0.5
SMIF.L,2018-08-16,0.5
SMIF.L,2018-09-20,0.5
SMIF.L,2018-10-18,1.0496
SMIF.L,2018-11-15,0.5
SMIF.L,2018-12-13,0.5
SMIF.L,2019-01-17,0.5
SMIF.L,2019-02-14,0.5
SMIF.L,2019-03-14,0.5
SMIF.L,2019-04-18,0.5
SMIF.L,2019-05-16,0.5
SMIF.L,2019-06-20,0.5
SMIF.L,2019-07-18,0.5
SMIF.L,2019-08-15,0.5
SMIF.L,2019-09-19,0.5
SMIF.L,2019-10-17,0.84290004
SMIF.L,2019-11-14,0.5
SMIF.L,2019-12-19,0.5
SMIF.L,2020-01-16,0.5
SMIF.L,2020-02-13,0.5
SMIF.L,2020-03-19,0.5
SMIF.L,2020-04-23,0.5
SMIF.L,2020-05-21,0.5
SMIF.L,2020-06-18,0.5
SMIF.L,2020-07-16,0.5
SMIF.L,2020-08-13,0.5
SMIF.L,2020-09-17,0.5
SMIF.L,2020-10-15,0.63820004
SMIF.L,2020-11-12,0.5
SMIF.L,2020-12-17,0.5
SMIF.L,2021-01-14,0.5
SMIF.L,2021-02-18,0.5
SMIF.L,2021-03-18,0.5
SMIF.L,2021-04-15,0.5
SMIF.L,2021-05-20,0.5
SMIF.L,2021-06-17,0.5
SMIF.L,2021-07-15,0.5
SMIF.L,2021-08-12,0.5
SMIF.L,2021-09-16,0.5
SMIF.L,2021-10-14,1.0231999
SMIF.L,2021-11-18,0.5
SMIF.L,2021-12-16,0.5
SMIF.L,2022-01-20,0.5
SMIF.L,2022-02-17,0.5
SMIF.L,2022-03-17,0.5
SMIF.L,2022-04-14,0.5
SMIF.L,2022-05-19,0.5
SMIF.L,2022-06-16,0.5
SMIF.L,2022-07-14,0.5
SMIF.L,2022-08-18,0.5
SMIF.L,2022-09-15,0.5
SMIF.L,2022-10-20,0.8898
SMIF.L,2022-11-17,0.5
SMIF.L,2022-12-15,0.5
SMIF.L,2023-01-19,0.5
SMIF.L,2023-02-16,0.5
SMIF.L,2023-03-16,0.5
SMIF.L,2023-04-20,0.5
SMIF.L,2023-05-18,0.5
SMIF.L,2023-06-15,0.5
SMIF.L,2023-07-20,0.5
SMIF.L,2023-08-17,0.5
SMIF.L,2023-09-21,0.5
SMIF.L,2023-10-19,1.87
SMIF.L,2023-11-16,0.5
SMIF.L,2023-12-21,0.5
SMIF.L,2024-01-18,0.5
SMIF.L,2024-02-15,0.5
SMIF.L,2024-03-21,0.5
SMIF.L,2024-04-18,0.75
SMIF.L,2024-05-16,0.5
SMIF.L,2024-06-20,0.5
SMIF.L,2024-07-18,0.75
SMIF.L,2024-08-15,0.5
SMIF.L,2024-09-19,0.5
SMIF.L,2024-10-17,1.3802999
SMIF.L,2024-11-21,0.5
SMIF.L,2024-12-19,0.5
SMIF.L,2025-01-16,0.5
SMIF.L,2025-02-20,0.5
SMIF.L,2025-03-20,0.5
SMIF.L,2025-04-17,0.75
SMIF.L,2025-05-22,0.5
SMIF.L,2025-06-19,0.5
SMIF.L,2025-07-17,0.75
SMIF.L,2025-08-21,0.5
SMIF.L,2025-09-18,0.5
SMIF.L,2025-10-16,1.3021
SMIF.L,2025-11-20,0.5
SMIN.L,1993-05-10,6.45
SMIN.L,1993-11-01,11.325
SMIN.L,1994-05-16,6.8999996
SMIN.L,1994-10-31,12.6
SMIN.L,1995-05-01,7.5750003
SMIN.L,1995-11-06,14.025
SMIN.L,1996-04-29,8.4
SMIN.L,1996-10-28,15.9
SMIN.L,1997-04-21,9.224999
SMIN.L,1997-10-27,17.550001
SMIN.L,1998-03-30,10.125
SMIN.L,1998-10-26,19.35
SMIN.L,1999-03-29,11.1
SMIN.L,1999-10-11,21.375
SMIN.L,2000-03-27,12.15
SMIN.L,2000-10-09,23.55
SMIN.L,2001-04-18,13.124999
SMIN.L,2001-10-03,24.375
SMIN.L,2002-03-20,13.124999
SMIN.L,2002-10-16,25.125
SMIN.L,2003-03-19,13.124999
SMIN.L,2003-10-15,25.875
SMIN.L,2004-03-17,13.124999
SMIN.L,2004-10-20,27.375
SMIN.L,2005-03-23,13.875
SMIN.L,2005-10-19,29.624998
SMIN.L,2006-03-22,14.775001
SMIN.L,2006-11-01,32.25
SMIN.L,2007-03-28,15.75
SMIN.L,2007-10-24,23.5
SMIN.L,2008-03-26,10.5
SMIN.L,2008-10-22,23.5
SMIN.L,2009-04-01,10.5
SMIN.L,2009-10-21,23.5
SMIN.L,2010-03-31,10.5
SMIN.L,2010-10-20,23.5
SMIN.L,2011-03-30,11.25
SMIN.L,2011-10-26,25.0
SMIN.L,2012-03-21,11.75
SMIN.L,2012-10-24,26.249998
SMIN.L,2013-03-27,12.5
SMIN.L,2013-10-23,57.0
SMIN.L,2014-03-26,12.75
SMIN.L,2014-10-23,27.5
SMIN.L,2015-03-26,13.0
SMIN.L,2015-10-22,28.0
SMIN.L,2016-03-24,13.249999
SMIN.L,2016-10-20,28.75
SMIN.L,2017-04-06,13.55
SMIN.L,2017-10-19,29.699999
SMIN.L,2018-04-05,13.799999
SMIN.L,2018-10-18,30.75
SMIN.L,2019-04-04,14.1
SMIN.L,2019-10-17,31.8
SMIN.L,2020-10-22,35.0
SMIN.L,2021-04-08,11.7
SMIN.L,2021-10-21,26.0
SMIN.L,2022-04-07,12.3
SMIN.L,2022-10-20,27.3
SMIN.L,2023-04-06,12.9
SMIN.L,2023-10-19,28.7
SMIN.L,2024-04-04,13.55
SMIN.L,2024-10-17,30.199999
SMIN.L,2025-04-03,14.23
SMIN.L,2025-10-16,31.77
SMJ.L,1992-11-25,1.24
SMJ.L,1993-06-07,0.46
SMJ.L,1993-11-15,1.24
SMJ.L,1994-06-06,0.46
SMJ.L,1994-11-14,1.24
SMJ.L,1995-06-05,0.48000002
SMJ.L,1995-11-20,1.3199999
SMJ.L,1996-06-17,0.5
SMJ.L,1996-11-25,1.38
SMJ.L,1997-06-23,0.52
SMJ.L,1997-12-01,1.4399999
SMJ.L,1998-06-22,0.54
SMJ.L,1998-11-30,1.5
SMJ.L,1999-06-14,0.56
SMJ.L,1999-11-29,1.54
SMJ.L,2000-06-12,0.56
SMJ.L,2000-11-27,1.5900002
SMJ.L,2001-06-13,0.56
SMJ.L,2001-12-05,1.64
SMJ.L,2002-06-12,0.58
SMJ.L,2002-12-04,1.7
SMJ.L,2003-06-11,0.58
SMJ.L,2003-12-03,1.76
SMJ.L,2004-06-16,0.58
SMJ.L,2004-12-01,1.83
SMJ.L,2005-06-15,0.58
SMJ.L,2005-11-30,1.9
SMJ.L,2006-06-14,0.6
SMJ.L,2006-11-29,1.96
SMJ.L,2007-06-13,0.6
SMJ.L,2007-12-05,2.0300002
SMJ.L,2008-05-14,0.6
SMJ.L,2008-12-03,2.1
SMJ.L,2009-05-13,0.9
SMJ.L,2009-12-02,1.87
SMJ.L,2010-05-12,0.9
SMJ.L,2010-12-01,1.9200001
SMJ.L,2011-05-11,0.92
SMJ.L,2011-11-30,1.94
SMJ.L,2012-05-09,0.92
SMJ.L,2012-11-28,1.98
SMJ.L,2013-05-08,0.92
SMJ.L,2013-11-27,2.01
SMJ.L,2014-05-07,0.92
SMJ.L,2014-11-27,2.04
SMJ.L,2015-05-07,0.92
SMJ.L,2015-11-26,2.1
SMJ.L,2016-05-05,0.92
SMJ.L,2016-11-24,2.15
SMJ.L,2017-05-04,0.95
SMJ.L,2017-11-23,2.17
SMJ.L,2018-05-10,0.95
SMJ.L,2018-11-22,2.21
SMJ.L,2019-05-09,0.95
SMJ.L,2019-12-05,2.24
SMJ.L,2020-05-07,0.95
SMJ.L,2021-01-14,2.27
SMJ.L,2021-05-06,0.95
SMJ.L,2021-12-23,2.27
SMJ.L,2022-05-05,0.96000004
SMJ.L,2022-12-22,2.27
SMJ.L,2023-05-04,0.96000004
SMJ.L,2023-12-21,2.27
SMJ.L,2024-05-02,0.96000004
SMJ.L,2024-12-19,2.27
SMJ.L,2025-05-01,0.96000004
SMT.L,1973-02-26,0.0244
SMT.L,1973-04-30,0.061599996
SMT.L,1973-10-29,0.028
SMT.L,1974-04-29,0.063999996
SMT.L,1974-10-28,0.028
SMT.L,1975-05-05,0.063999996
SMT.L,1975-11-03,0.028
SMT.L,1976-05-17,0.067999996
SMT.L,1976-11-01,0.036000002
SMT.L,1977-05-09,0.084
SMT.L,1977-10-31,0.048
SMT.L,1978-05-02,0.084
SMT.L,1978-10-30,0.056
SMT.L,1979-05-08,0.1
SMT.L,1979-10-22,0.072000004
SMT.L,1980-05-12,0.13599999
SMT.L,1980-10-27,0.1
SMT.L,1981-05-18,0.112
SMT.L,1981-10-26,0.1
SMT.L,1982-05-17,0.112
SMT.L,1982-11-01,0.1
SMT.L,1983-05-09,0.132
SMT.L,1983-10-31,0.116
SMT.L,1984-05-14,0.14
SMT.L,1984-10-29,0.12799999
SMT.L,1985-05-13,0.17199999
SMT.L,1985-10-28,0.12799999
SMT.L,1986-05-12,0.21200001
SMT.L,1986-10-27,0.14
SMT.L,1987-05-11,0.26
SMT.L,1987-10-26,0.16
SMT.L,1988-05-23,0.3
SMT.L,1988-10-31,0.17999999
SMT.L,1989-05-08,0.38
SMT.L,1989-10-30,0.22
SMT.L,1990-05-14,0.45
SMT.L,1990-11-05,0.25
SMT.L,1991-04-29,0.49
SMT.L,1991-10-28,0.26
SMT.L,1992-05-11,0.52
SMT.L,1992-11-02,0.27
SMT.L,1993-05-24,0.53
SMT.L,1993-11-01,0.27
SMT.L,1994-05-16,0.55
SMT.L,1994-11-07,0.28
SMT.L,1995-05-22,0.6
SMT.L,1995-11-06,0.3
SMT.L,1996-06-03,0.63
SMT.L,1996-11-04,0.32999998
SMT.L,1997-06-02,0.70000005
SMT.L,1997-11-10,0.34
SMT.L,1998-06-01,0.73
SMT.L,1998-11-09,0.35000002
SMT.L,1999-03-01,0.4
SMT.L,1999-06-01,0.35000002
SMT.L,1999-11-08,0.35999998
SMT.L,2000-06-05,0.77
SMT.L,2000-11-13,0.38
SMT.L,2001-06-13,0.82
SMT.L,2001-11-14,0.4
SMT.L,2002-06-12,0.85
SMT.L,2002-11-13,0.42
SMT.L,2003-06-11,0.9
SMT.L,2003-11-12,0.44
SMT.L,2004-03-10,0.88
SMT.L,2004-06-09,0.08
SMT.L,2004-11-10,0.46
SMT.L,2005-06-08,1.01
SMT.L,2005-11-09,0.77
SMT.L,2006-06-07,0.93
SMT.L,2006-11-08,0.9
SMT.L,2007-06-06,1.0
SMT.L,2007-11-07,1.0
SMT.L,2008-06-04,1.06
SMT.L,2008-11-12,1.36
SMT.L,2009-06-03,1.1
SMT.L,2009-11-11,1.1
SMT.L,2010-06-02,1.16
SMT.L,2010-11-17,1.16
SMT.L,2011-06-01,1.24
SMT.L,2011-11-09,1.24
SMT.L,2012-05-30,1.36
SMT.L,2012-11-07,1.3399999
SMT.L,2013-05-29,1.46
SMT.L,2013-11-13,1.38
SMT.L,2014-06-11,1.52
SMT.L,2014-11-20,1.38
SMT.L,2015-06-11,1.55
SMT.L,2015-11-19,1.38
SMT.L,2016-06-09,1.5799999
SMT.L,2016-11-17,1.39
SMT.L,2017-06-08,1.61
SMT.L,2017-11-16,1.39
SMT.L,2018-06-07,1.68
SMT.L,2018-11-15,1.39
SMT.L,2019-06-06,1.74
SMT.L,2019-11-21,1.39
SMT.L,2020-06-04,1.86
SMT.L,2020-11-19,1.4499999
SMT.L,2021-06-03,1.97
SMT.L,2021-11-18,1.52
SMT.L,2022-06-01,2.07
SMT.L,2022-11-24,1.6
SMT.L,2023-06-01,2.5
SMT.L,2023-11-23,1.6
SMT.L,2024-06-13,2.6399999
SMT.L,2024-11-21,1.6
SMT.L,2025-06-12,2.78
SMT.L,2025-11-20,1.6
SMWH.L,2007-01-03,6.8478003
SMWH.L,2007-05-23,4.0866
SMWH.L,2008-01-09,8.9463005
SMWH.L,2008-02-22,33.0
SMWH.L,2008-05-21,4.6
SMWH.L,2009-01-07,9.700001
SMWH.L,2009-05-20,5.4
SMWH.L,2010-01-06,11.3
SMWH.L,2010-05-19,6.1
SMWH.L,2011-01-05,13.3
SMWH.L,2011-05-18,7.2
SMWH.L,2012-01-04,15.299999
SMWH.L,2012-06-13,8.299999
SMWH.L,2013-01-02,18.6
SMWH.L,2013-07-17,9.4
SMWH.L,2014-01-08,21.3
SMWH.L,2014-07-16,10.8
SMWH.L,2015-01-08,24.2
SMWH.L,2015-07-16,12.1
SMWH.L,2016-01-14,27.3
SMWH.L,2016-07-14,13.400001
SMWH.L,2017-01-12,30.5
SMWH.L,2017-07-13,14.599999
SMWH.L,2018-01-11,33.6
SMWH.L,2018-07-12,16.0
SMWH.L,2019-01-10,38.100002
SMWH.L,2019-07-11,17.2
SMWH.L,2020-01-09,41.0
SMWH.L,2023-01-05,9.099999
SMWH.L,2023-07-13,8.1
SMWH.L,2024-01-11,20.800001
SMWH.L,2024-07-11,11.0
SMWH.L,2025-01-16,22.6
SMWH.L,2025-07-10,11.3
SN.L,1993-05-10,3.4467
SN.L,1993-10-04,2.31
SN.L,1994-04-25,3.6911
SN.L,1994-10-03,2.4689
SN.L,1995-05-01,3.9843998
SN.L,1995-10-16,2.6399999
SN.L,1996-05-07,4.2656
SN.L,1996-10-14,2.7989001
SN.L,1997-05-06,4.5344
SN.L,1997-10-13,2.9333
SN.L,1998-06-01,4.6443996
SN.L,1998-11-02,2.9333
SN.L,1999-05-04,4.6443996
SN.L,1999-11-01,3.0556002
SN.L,2000-05-02,4.8889
SN.L,2000-08-07,74.28
SN.L,2000-11-08,1.7
SN.L,2001-04-18,2.8000002
SN.L,2001-11-07,1.75
SN.L,2002-04-17,2.8999999
SN.L,2002-10-16,1.8
SN.L,2003-04-16,3.0
SN.L,2003-08-13,1.85
SN.L,2004-04-21,3.1
SN.L,2004-10-20,1.9
SN.L,2005-04-20,3.2
SN.L,2005-10-19,2.1
SN.L,2006-04-19,3.5
SN.L,2006-10-18,2.21
SN.L,2007-04-18,3.41
SN.L,2007-10-17,2.21
SN.L,2008-04-16,3.7
SN.L,2008-10-15,2.8799999
SN.L,2009-04-15,5.5750003
SN.L,2009-10-14,3.285
SN.L,2010-04-21,5.845
SN.L,2010-10-13,3.81
SN.L,2011-04-27,5.975
SN.L,2011-10-12,4.1749997
SN.L,2012-04-18,6.7000003
SN.L,2012-10-10,6.312
SN.L,2013-04-17,10.599999
SN.L,2013-10-09,6.4900002
SN.L,2014-04-16,10.11
SN.L,2014-10-23,6.82
SN.L,2015-04-16,12.34
SN.L,2015-10-08,7.6800003
SN.L,2016-04-21,13.0
SN.L,2016-10-06,10.08
SN.L,2017-03-30,14.42
SN.L,2017-10-05,9.34
SN.L,2018-04-05,16.240002
SN.L,2018-10-04,10.67
SN.L,2019-04-04,16.99
SN.L,2019-10-03,11.5
SN.L,2020-04-02,18.66
SN.L,2020-10-01,11.07
SN.L,2021-04-01,16.619999
SN.L,2021-09-30,10.5
SN.L,2022-03-31,18.4
SN.L,2022-09-29,12.91
SN.L,2023-03-30,18.38
SN.L,2023-10-05,11.89
SN.L,2024-03-28,18.49
SN.L,2024-10-03,11.1
SN.L,2025-03-27,17.48
SN.L,2025-10-02,11.26
SNR.L,1993-04-19,1.8278
SNR.L,1993-10-18,1.1811
SNR.L,1994-04-11,2.0232
SNR.L,1994-10-17,1.2524
SNR.L,1995-04-10,2.0232
SNR.L,1995-09-04,1.3198999
SNR.L,1996-04-29,2.1484
SNR.L,1996-10-28,1.3873
SNR.L,1997-04-28,2.2929
SNR.L,1997-10-27,1.5415
SNR.L,1998-04-27,2.5434
SNR.L,1998-10-26,1.7053001
SNR.L,1999-04-26,2.8132
SNR.L,1999-11-01,1.7727001
SNR.L,2000-04-25,2.9287999
SNR.L,2000-10-30,1.7727001
SNR.L,2001-05-02,2.9287999
SNR.L,2001-10-31,1.7727001
SNR.L,2002-05-01,0.1541
SNR.L,2002-10-30,0.6262
SNR.L,2003-04-30,1.3005999
SNR.L,2003-10-29,0.6262
SNR.L,2004-04-28,1.3005999
SNR.L,2004-10-27,0.6262
SNR.L,2005-04-27,1.3005999
SNR.L,2005-10-26,0.6262
SNR.L,2006-05-03,1.3005999
SNR.L,2006-11-01,0.65000004
SNR.L,2007-05-02,1.381
SNR.L,2007-10-31,0.70000005
SNR.L,2008-04-30,1.7
SNR.L,2008-10-29,0.9
SNR.L,2009-04-29,1.7
SNR.L,2009-10-28,0.9
SNR.L,2010-04-28,1.7
SNR.L,2010-10-27,1.0
SNR.L,2011-05-04,2.12
SNR.L,2011-10-26,1.15
SNR.L,2012-05-02,2.6499999
SNR.L,2012-10-24,1.38
SNR.L,2013-05-01,3.2699997
SNR.L,2013-10-23,1.52
SNR.L,2014-04-30,3.6
SNR.L,2014-10-23,1.67
SNR.L,2015-04-30,3.96
SNR.L,2015-10-22,1.84
SNR.L,2016-04-28,4.36
SNR.L,2016-10-20,1.95
SNR.L,2017-04-27,4.62
SNR.L,2017-10-19,2.05
SNR.L,2018-05-03,4.9
SNR.L,2018-11-01,2.19
SNR.L,2019-05-02,5.23
SNR.L,2019-10-31,2.28
SNR.L,2022-10-13,0.3
SNR.L,2023-04-27,1.0
SNR.L,2023-10-12,0.6
SNR.L,2024-05-02,1.7
SNR.L,2024-10-17,0.75
SNR.L,2025-05-01,1.65
SNR.L,2025-10-16,0.85
SNWS.L,1993-02-15,5.2899
SNWS.L,1993-09-06,12.1791
SNWS.L,1994-02-14,6.151
SNWS.L,1994-09-05,14.467999
SNWS.L,1995-02-06,7.3036
SNWS.L,1995-09-04,14.467999
SNWS.L,1996-02-05,7.3036
SNWS.L,1996-09-09,14.467999
SNWS.L,1997-02-10,7.3036
SNWS.L,1997-09-08,14.467999
SNWS.L,1998-02-09,7.3036
SNWS.L,1998-07-27,14.3985
SNWS.L,1998-11-23,5.0082
SNWS.L,1999-05-10,7.1992
SNWS.L,1999-11-08,15.5879
SNWS.L,2000-05-02,7.5122995
SNWS.L,2000-11-06,16.276499
SNWS.L,2001-04-25,7.5122995
SNWS.L,2001-10-24,16.276499
SNWS.L,2002-05-29,7.5122995
SNWS.L,2003-01-02,16.276499
SNWS.L,2003-05-28,7.5122995
SNWS.L,2003-12-31,16.276499
SNWS.L,2004-05-26,5.0082
SNWS.L,2004-12-29,7.2118
SNWS.L,2005-05-25,4.0566
SNWS.L,2006-01-04,8.2935
SNWS.L,2006-05-17,4.5975
SNWS.L,2007-01-10,3.6059
SNWS.L,2007-05-16,1.8930999
SNWS.L,2008-01-16,3.8763
SNWS.L,2008-05-21,1.9832001
SNWS.L,2008-12-24,4.0566
SNWS.L,2009-05-13,1.9832001
SNWS.L,2010-01-06,4.1468
SNWS.L,2010-05-12,2.1635
SNWS.L,2011-01-05,4.5074
SNWS.L,2011-05-11,2.3437998
SNWS.L,2012-01-04,4.8679004
SNWS.L,2012-05-09,2.5241
SNWS.L,2013-01-09,5.2285
SNWS.L,2013-06-12,2.7044
SNWS.L,2014-01-08,5.6793
SNWS.L,2014-06-11,2.7946
SNWS.L,2015-01-08,6.6
SNWS.L,2015-06-11,2.8999999
SNWS.L,2016-01-14,6.3
SNWS.L,2016-06-09,3.0
SNWS.L,2017-01-12,6.5
SNWS.L,2017-06-08,3.1
SNWS.L,2018-01-11,6.7000003
SNWS.L,2018-06-07,3.1
SNWS.L,2020-01-16,1.0
SNWS.L,2021-07-01,0.5
SNWS.L,2022-01-13,1.15
SNWS.L,2022-06-09,1.4000001
SNWS.L,2023-01-12,2.75
SNWS.L,2023-06-08,1.4000001
SNWS.L,2024-01-11,2.75
SNWS.L,2024-06-06,1.75
SNWS.L,2025-01-09,5.4
SNWS.L,2025-06-05,1.75
SOHO.L,2018-03-15,0.9836
SOHO.L,2018-05-24,1.2295
SOHO.L,2018-08-23,1.2295
SOHO.L,2018-09-27,1.2466999
SOHO.L,2019-03-14,1.2466999
SOHO.L,2019-06-06,1.2666
SOHO.L,2019-09-05,1.2666
SOHO.L,2019-11-28,1.2666
SOHO.L,2020-03-12,1.2816
SOHO.L,2020-05-21,1.2916
SOHO.L,2020-09-03,1.2916
SOHO.L,2020-11-12,1.2950001
SOHO.L,2021-03-11,1.2950001
SOHO.L,2021-05-27,1.3000001
SOHO.L,2021-09-16,1.3000001
SOHO.L,2021-11-11,1.3000001
SOHO.L,2022-03-10,1.3000001
SOHO.L,2022-06-09,1.365
SOHO.L,2022-09-15,1.365
SOHO.L,2022-12-01,1.365
SOHO.L,2023-03-16,1.365
SOHO.L,2023-06-08,1.365
SOHO.L,2023-09-14,1.365
SOHO.L,2023-11-30,1.365
SOHO.L,2024-03-14,1.365
SOHO.L,2024-05-30,1.365
SOHO.L,2024-09-19,1.365
SOHO.L,2024-11-28,1.365
SOHO.L,2025-03-27,1.365
SOHO.L,2025-05-29,1.4054999
SOHO.L,2025-09-18,1.4054999
SOHO.L,2025-12-04,1.4054999
SOI.L,2006-04-12,2.48
SOI.L,2006-11-08,2.4
SOI.L,2007-04-04,2.25
SOI.L,2007-11-07,2.7
SOI.L,2008-04-09,2.475
SOI.L,2008-11-19,2.95
SOI.L,2009-04-22,2.5
SOI.L,2009-11-18,3.0
SOI.L,2010-03-10,2.6000001
SOI.L,2010-12-01,3.2
SOI.L,2011-03-30,2.6499999
SOI.L,2011-12-14,3.3300002
SOI.L,2012-04-18,2.7
SOI.L,2012-11-21,4.1
SOI.L,2013-04-10,2.95
SOI.L,2013-06-12,1.5
SOI.L,2013-11-13,3.0
SOI.L,2014-01-15,1.5
SOI.L,2014-04-16,1.5
SOI.L,2014-07-16,1.5
SOI.L,2014-11-13,3.15
SOI.L,2015-01-22,1.5
SOI.L,2015-04-16,1.5
SOI.L,2015-07-23,1.6
SOI.L,2015-11-19,3.4
SOI.L,2016-01-14,1.5
SOI.L,2016-05-12,1.6
SOI.L,2016-07-14,1.6
SOI.L,2016-11-17,3.8
SOI.L,2017-01-26,1.6
SOI.L,2017-04-06,1.7
SOI.L,2017-07-27,1.7
SOI.L,2017-11-16,4.2
SOI.L,2018-02-08,1.7
SOI.L,2018-04-12,1.7
SOI.L,2018-08-02,1.8
SOI.L,2018-11-15,4.5
SOI.L,2019-02-14,1.8
SOI.L,2019-04-11,1.8
SOI.L,2019-08-08,1.9
SOI.L,2019-11-07,4.6
SOI.L,2020-01-30,1.9
SOI.L,2020-04-09,1.9
SOI.L,2020-08-06,1.9
SOI.L,2020-11-12,4.6
SOI.L,2021-02-04,1.9
SOI.L,2021-04-29,1.9
SOI.L,2021-08-05,1.9
SOI.L,2021-11-11,4.8
SOI.L,2022-01-27,1.9
SOI.L,2022-04-28,1.9
SOI.L,2022-08-04,2.0
SOI.L,2022-11-10,5.6000004
SOI.L,2023-01-26,2.0
SOI.L,2023-04-20,2.0
SOI.L,2023-08-03,2.0
SOI.L,2023-11-16,5.7999997
SOI.L,2024-02-01,2.0
SOI.L,2024-04-25,2.0
SOI.L,2024-07-18,2.0
SOI.L,2024-11-14,6.0
SOI.L,2025-01-30,2.0
SOI.L,2025-05-01,2.0
SOI.L,2025-07-17,2.0
SOI.L,2025-11-20,6.2
SOM.L,2007-04-25,0.17
SOM.L,2007-09-19,1.5
SOM.L,2008-04-23,1.494
SOM.L,2008-09-17,1.507
SOM.L,2013-04-24,0.59832805
SOM.L,2013-10-02,0.673119
SOM.L,2014-04-23,0.97228307
SOM.L,2014-10-01,1.121865
SOM.L,2015-04-23,2.99164
SOM.L,2015-10-01,1.421029
SOM.L,2016-03-17,3.73955
SOM.L,2016-09-29,1.869775
SOM.L,2017-03-30,6.4320264
SOM.L,2017-07-27,9.947204
SOM.L,2017-09-28,2.0567524
SOM.L,2018-03-29,12.228329
SOM.L,2018-09-27,4.113505
SOM.L,2019-04-04,18.847332
SOM.L,2019-09-26,4.3004827
SOM.L,2020-09-24,18.473377
SOM.L,2021-04-08,23.117899
SOM.L,2021-09-23,6.7311907
SOM.L,2022-04-07,31.202806
SOM.L,2022-09-22,7.4791
SOM.L,2023-04-06,19.056747
SOM.L,2023-09-21,7.4791
SOM.L,2024-04-11,15.399467
SOM.L,2024-09-19,5.98328
SOM.L,2025-04-10,9.715351
SOM.L,2025-09-18,2.99164
SPEC.L,2022-09-01,1.25
SPI.L,2015-06-04,1.8
SPI.L,2015-11-19,1.3000001
SPI.L,2016-06-02,2.4
SPI.L,2016-11-17,1.3000001
SPI.L,2017-06-01,2.5
SPI.L,2017-11-16,1.3000001
SPI.L,2018-05-31,2.5
SPI.L,2018-11-15,1.3000001
SPI.L,2019-05-30,2.5
SPI.L,2019-11-14,1.3000001
SPI.L,2023-05-25,0.5
SPI.L,2024-05-23,2.1
SPI.L,2025-05-22,2.3
SPR.L,2018-03-01,1.0
SPR.L,2018-11-08,2.7
SPR.L,2019-03-07,1.2
SPR.L,2019-10-31,3.2
SPR.L,2020-11-12,2.0
SPR.L,2021-03-04,1.3000001
SPR.L,2021-11-04,4.4500003
SPR.L,2022-03-10,1.5
SPR.L,2022-11-03,4.7
SPR.L,2024-11-07,1.0
SPR.L,2025-11-06,2.0
SPX.L,1993-04-19,6.9114
SPX.L,1993-10-04,7.1077
SPX.L,1994-04-11,3.5537999
SPX.L,1994-10-03,3.7691998
SPX.L,1995-04-03,8.6154
SPX.L,1995-10-02,4.3077
SPX.L,1996-03-18,9.907701
SPX.L,1996-09-23,4.8462
SPX.L,1997-03-17,11.0923
SPX.L,1997-09-22,5.1692
SPX.L,1998-03-23,11.8461
SPX.L,1998-09-21,5.3846
SPX.L,1999-03-22,12.384601
SPX.L,1999-09-20,5.6000004
SPX.L,2000-03-20,13.0308
SPX.L,2000-09-18,5.8154
SPX.L,2001-04-11,13.5692005
SPX.L,2001-10-10,6.0308
SPX.L,2002-04-17,14.0
SPX.L,2002-10-09,6.2461996
SPX.L,2003-04-16,14.5385
SPX.L,2003-10-15,6.4614997
SPX.L,2004-04-21,15.184601
SPX.L,2004-10-13,6.7846003
SPX.L,2005-04-20,16.2615
SPX.L,2005-10-12,7.3230996
SPX.L,2006-04-19,18.3077
SPX.L,2006-10-11,8.0769005
SPX.L,2007-04-18,20.4615
SPX.L,2007-10-10,8.9385
SPX.L,2008-04-16,23.2615
SPX.L,2008-10-08,10.7692
SPX.L,2009-04-15,25.0923
SPX.L,2009-10-07,11.3077
SPX.L,2010-04-14,27.569199
SPX.L,2010-10-13,14.0
SPX.L,2011-04-13,32.3077
SPX.L,2011-06-08,26.9231
SPX.L,2011-10-12,15.938499
SPX.L,2012-04-18,36.8308
SPX.L,2012-10-10,17.2308
SPX.L,2013-04-17,39.8461
SPX.L,2013-05-29,107.6923
SPX.L,2013-06-03,103.703705
SPX.L,2013-10-09,18.6667
SPX.L,2014-04-30,42.5185
SPX.L,2014-10-09,20.2222
SPX.L,2015-04-30,46.6667
SPX.L,2015-06-11,124.444405
SPX.L,2015-10-08,20.800001
SPX.L,2016-04-28,48.2
SPX.L,2016-10-13,22.5
SPX.L,2017-04-27,53.500004
SPX.L,2017-10-12,25.5
SPX.L,2018-04-26,62.0
SPX.L,2018-10-11,29.0
SPX.L,2019-04-25,71.0
SPX.L,2019-10-10,32.0
SPX.L,2020-04-23,78.0
SPX.L,2020-10-08,33.5
SPX.L,2021-04-22,84.5
SPX.L,2021-10-14,38.5
SPX.L,2022-04-21,97.5
SPX.L,2022-10-13,42.5
SPX.L,2023-04-20,109.5
SPX.L,2023-10-12,46.0
SPX.L,2024-04-25,114.0
SPX.L,2024-10-17,47.5
SPX.L,2025-04-24,117.49999
SPX.L,2025-10-16,48.899998
SQZ.L,2020-06-25,3.0
SQZ.L,2021-06-24,3.5
SQZ.L,2022-06-30,9.0
SQZ.L,2022-10-27,8.0
SQZ.L,2023-06-29,14.0
SQZ.L,2023-10-26,9.0
SQZ.L,2024-06-27,14.0
SQZ.L,2024-10-24,9.0
SQZ.L,2025-06-26,10.0
SQZ.L,2025-10-23,6.0
SRAD.L,2022-04-28,0.96000004
SRAD.L,2022-10-06,2.92
SRAD.L,2023-04-27,4.7200003
SRAD.L,2023-10-12,2.92
SRAD.L,2024-04-25,4.7200003
SRAD.L,2024-10-10,2.98
SRAD.L,2025-04-24,4.81
SRAD.L,2025-10-09,3.04
SRE.L,2007-12-12,1.0
SRE.L,2008-07-16,1.5
SRE.L,2014-07-23,0.26371798
SRE.L,2014-11-27,0.6768762
SRE.L,2015-06-11,0.73841035
SRE.L,2015-12-17,0.8087352
SRE.L,2016-06-16,1.142778
SRE.L,2016-12-15,1.2218933
SRE.L,2017-07-13,1.3449618
SRE.L,2017-12-14,1.3713335
SRE.L,2018-07-12,1.406
SRE.L,2018-12-13,1.4430001
SRE.L,2019-07-11,1.533
SRE.L,2019-12-19,1.503
SRE.L,2020-07-09,1.5823079
SRE.L,2020-12-17,1.5998892
SRE.L,2021-07-08,1.688
SRE.L,2021-12-16,1.7139999
SRE.L,2022-07-07,2.036
SRE.L,2022-12-08,2.35
SRE.L,2023-07-13,2.5609999
SRE.L,2023-12-14,2.627
SRE.L,2024-06-27,2.603
SRE.L,2024-12-12,2.557
SRE.L,2025-06-26,2.602
SRE.L,2025-12-11,2.8045
SREI.L,2004-10-27,1.6899999
SREI.L,2005-01-26,1.6899999
SREI.L,2005-04-27,1.6899999
SREI.L,2005-07-27,1.6899999
SREI.L,2005-11-02,1.6899999
SREI.L,2006-02-01,1.6899999
SREI.L,2006-05-10,1.68
SREI.L,2006-08-02,1.6899999
SREI.L,2006-11-08,1.6899999
SREI.L,2007-01-31,1.6899999
SREI.L,2007-05-02,1.688
SREI.L,2007-08-01,1.688
SREI.L,2007-11-07,1.688
SREI.L,2008-02-06,1.688
SREI.L,2008-05-07,1.688
SREI.L,2008-08-06,1.688
SREI.L,2008-11-05,0.88
SREI.L,2009-02-04,0.88
SREI.L,2009-05-06,0.88
SREI.L,2009-07-22,0.88
SREI.L,2009-11-04,0.88
SREI.L,2010-02-03,0.88
SREI.L,2010-05-05,0.88
SREI.L,2010-08-04,0.88
SREI.L,2010-11-03,0.88
SREI.L,2011-02-02,0.88
SREI.L,2011-05-11,0.88
SREI.L,2011-08-03,0.88
SREI.L,2011-11-09,0.88
SREI.L,2012-02-01,0.88
SREI.L,2012-05-02,0.88
SREI.L,2012-08-01,0.88
SREI.L,2012-10-31,0.88
SREI.L,2013-02-06,0.88
SREI.L,2013-05-01,0.88
SREI.L,2013-08-07,0.62
SREI.L,2013-11-06,0.62
SREI.L,2014-02-05,0.62
SREI.L,2014-04-09,0.62
SREI.L,2014-07-30,0.62
SREI.L,2014-11-13,0.62
SREI.L,2015-02-05,0.62
SREI.L,2015-05-07,0.62
SREI.L,2015-08-13,0.62
SREI.L,2015-11-12,0.62
SREI.L,2016-02-11,0.62
SREI.L,2016-05-05,0.62
SREI.L,2016-08-11,0.62
SREI.L,2016-11-24,0.62
SREI.L,2017-02-09,0.62
SREI.L,2017-05-04,0.62
SREI.L,2017-08-10,0.62
SREI.L,2017-11-23,0.62
SREI.L,2018-02-15,0.62
SREI.L,2018-05-10,0.62
SREI.L,2018-08-09,0.62
SREI.L,2018-11-22,0.6355
SREI.L,2019-02-28,0.65000004
SREI.L,2019-05-23,0.65000004
SREI.L,2019-08-01,0.65000004
SREI.L,2019-12-05,0.65000004
SREI.L,2020-02-27,0.7715
SREI.L,2020-07-30,0.3858
SREI.L,2020-11-26,0.575
SREI.L,2021-02-25,0.625
SREI.L,2021-06-10,0.656
SREI.L,2021-07-29,0.675
SREI.L,2021-12-02,0.726
SREI.L,2022-03-10,0.772
SREI.L,2022-06-16,0.7950001
SREI.L,2022-08-04,0.80300003
SREI.L,2022-11-24,0.80300003
SREI.L,2023-02-16,0.81900007
SREI.L,2023-06-15,0.836
SREI.L,2023-08-03,0.836
SREI.L,2023-11-30,0.836
SREI.L,2024-03-07,0.836
SREI.L,2024-06-13,0.85300004
SREI.L,2024-08-08,0.85300004
SREI.L,2024-12-05,0.879
SREI.L,2025-03-13,0.89699996
SREI.L,2025-06-19,0.89699996
SREI.L,2025-08-14,0.89699996
SREI.L,2025-12-04,0.89699996
SRP.L,1993-03-15,0.2564
SRP.L,1993-09-06,0.1431
SRP.L,1994-03-14,0.3158
SRP.L,1994-09-12,0.16870001
SRP.L,1995-03-13,0.3712
SRP.L,1995-09-11,0.1957
SRP.L,1996-03-11,0.43870002
SRP.L,1996-09-09,0.2294
SRP.L,1997-03-10,0.5129
SRP.L,1997-09-08,0.2699
SRP.L,1998-03-16,0.59389997
SRP.L,1998-09-14,0.31039998
SRP.L,1999-03-15,0.6883
SRP.L,1999-09-13,0.3577
SRP.L,2000-03-13,0.7963
SRP.L,2000-09-11,0.40489998
SRP.L,2001-02-28,0.9151
SRP.L,2001-09-12,0.46160004
SRP.L,2002-03-13,1.0447
SRP.L,2002-09-11,0.5183
SRP.L,2003-02-26,1.1660999
SRP.L,2003-09-10,0.5831
SRP.L,2004-03-10,1.3119
SRP.L,2004-09-08,0.656
SRP.L,2005-03-09,1.4739001
SRP.L,2005-09-07,0.7369
SRP.L,2006-03-08,1.6682001
SRP.L,2006-09-06,0.8503
SRP.L,2007-03-07,2.065
SRP.L,2007-09-05,0.99609995
SRP.L,2008-03-05,2.4456
SRP.L,2008-09-03,1.1985
SRP.L,2009-03-04,2.8506
SRP.L,2009-09-02,1.4981999
SRP.L,2010-03-10,3.5632
SRP.L,2010-09-01,1.7816
SRP.L,2011-03-09,4.1706
SRP.L,2011-08-31,2.0245001
SRP.L,2012-03-07,4.7779
SRP.L,2012-09-05,2.1460001
SRP.L,2013-03-13,6.0330997
SRP.L,2013-09-04,2.5103998
SRP.L,2014-03-12,6.0330997
SRP.L,2014-09-03,2.5103998
SRP.L,2021-05-13,1.4000001
SRP.L,2021-09-16,0.8
SRP.L,2022-05-12,1.61
SRP.L,2022-09-08,0.94
SRP.L,2023-05-11,1.9200001
SRP.L,2023-09-07,1.14
SRP.L,2024-04-18,2.27
SRP.L,2024-08-29,1.3399999
SRP.L,2025-04-10,2.8200002
SRP.L,2025-08-28,1.4499999
SSE.L,1993-02-15,3.6
SSE.L,1993-08-16,7.7799997
SSE.L,1994-02-14,3.96
SSE.L,1994-08-15,8.68
SSE.L,1995-02-06,4.34
SSE.L,1995-08-29,9.67
SSE.L,1996-02-05,4.75
SSE.L,1996-09-02,11.01
SSE.L,1997-02-10,5.2799997
SSE.L,1997-09-08,12.36
SSE.L,1998-02-16,5.81
SSE.L,1998-09-07,13.6
SSE.L,1999-03-08,7.7
SSE.L,1999-09-06,18.0
SSE.L,1999-12-29,8.299999
SSE.L,2000-09-04,19.2
SSE.L,2001-03-07,9.0
SSE.L,2001-09-05,21.0
SSE.L,2002-03-06,9.700001
SSE.L,2002-09-04,22.7
SSE.L,2003-03-05,10.5
SSE.L,2003-09-03,24.5
SSE.L,2004-03-03,11.3
SSE.L,2004-08-25,26.4
SSE.L,2005-02-23,12.2
SSE.L,2005-08-24,30.300001
SSE.L,2006-02-22,13.799999
SSE.L,2006-08-23,32.7
SSE.L,2007-02-21,15.099999
SSE.L,2007-08-22,39.899998
SSE.L,2008-02-20,18.099998
SSE.L,2008-08-20,42.399998
SSE.L,2009-02-18,19.8
SSE.L,2009-08-19,46.2
SSE.L,2010-02-17,21.0
SSE.L,2010-07-28,49.0
SSE.L,2011-01-26,22.400002
SSE.L,2011-07-27,52.600002
SSE.L,2012-01-25,24.0
SSE.L,2012-07-25,56.1
SSE.L,2013-01-23,25.2
SSE.L,2013-07-31,58.999996
SSE.L,2014-01-22,26.0
SSE.L,2014-07-23,60.7
SSE.L,2015-01-22,26.6
SSE.L,2015-07-23,61.799995
SSE.L,2016-01-21,26.9
SSE.L,2016-07-28,62.5
SSE.L,2017-01-19,27.4
SSE.L,2017-07-27,63.9
SSE.L,2018-01-18,28.400002
SSE.L,2018-07-26,66.299995
SSE.L,2019-01-17,29.300001
SSE.L,2019-07-25,68.2
SSE.L,2020-01-16,24.0
SSE.L,2020-07-23,56.0
SSE.L,2021-01-14,24.4
SSE.L,2021-07-29,56.6
SSE.L,2022-01-13,25.5
SSE.L,2022-07-28,60.2
SSE.L,2023-01-12,29.0
SSE.L,2023-07-27,67.7
SSE.L,2024-01-11,20.0
SSE.L,2024-07-25,40.0
SSE.L,2025-01-02,21.199999
SSE.L,2025-07-24,43.0
SSE.L,2025-12-04,21.4
SSON.L,2025-04-03,0.58
SSPG.L,2015-06-04,1.8859999
SSPG.L,2016-02-18,1.9757999
SSPG.L,2016-06-02,2.2453
SSPG.L,2017-03-02,2.6045
SSPG.L,2017-06-01,2.874
SSPG.L,2018-03-15,4.4008
SSPG.L,2018-04-12,18.7706
SSPG.L,2018-05-31,4.1719003
SSPG.L,2019-02-28,4.6934
SSPG.L,2019-04-15,27.8995
SSPG.L,2019-06-06,4.801
SSPG.L,2020-03-05,4.9665
SSPG.L,2024-02-01,2.5
SSPG.L,2024-05-30,1.2
SSPG.L,2025-01-30,2.3
SSPG.L,2025-05-29,1.4000001
SST.L,1995-12-27,0.085999995
SST.L,1996-12-16,0.092
SST.L,1997-12-15,0.134
SST.L,1998-12-14,0.17
SST.L,1999-12-13,0.17
SST.L,2000-12-18,0.25800002
SST.L,2001-12-19,0.36200002
SST.L,2002-12-18,0.3
SST.L,2003-12-17,0.3
SST.L,2004-12-15,0.316
SST.L,2005-12-14,0.52
SST.L,2006-12-20,0.71999997
SST.L,2007-12-19,0.92
SST.L,2008-12-17,1.0
SST.L,2009-12-16,1.2
SST.L,2010-12-15,1.7
SST.L,2011-12-14,1.8
SST.L,2012-12-12,2.2
SST.L,2013-12-11,2.3
SST.L,2014-12-11,2.3
SST.L,2015-12-10,2.3
SST.L,2016-12-08,2.3
SST.L,2017-12-07,2.3
SST.L,2018-12-06,2.3
SST.L,2019-12-05,2.3
SST.L,2020-12-03,2.3
SST.L,2021-12-02,2.3
SST.L,2022-12-01,2.8000002
SST.L,2023-11-30,2.6000001
SST.L,2025-01-09,4.4
SSTY.L,2015-05-14,0.2987
STAF.L,2005-10-19,0.632
STAF.L,2006-05-31,1.0834
STAF.L,2006-10-18,0.90279996
STAF.L,2007-06-06,1.5348
STAF.L,2007-10-17,1.1737
STAF.L,2008-06-04,2.257
STAF.L,2008-10-22,1.2639
STAF.L,2009-06-03,1.3542
STAF.L,2009-10-21,1.2639
STAF.L,2010-06-02,1.5348
STAF.L,2010-10-13,2.1668
STAF.L,2011-06-01,3.4306998
STAF.L,2011-10-12,2.6182
STAF.L,2012-05-30,3.7918
STAF.L,2012-10-03,2.7986999
STAF.L,2013-05-29,4.5141
STAF.L,2013-10-16,3.4306998
STAF.L,2014-06-04,5.5973997
STAF.L,2014-10-16,4.5141
STAF.L,2015-06-04,7.6738997
STAF.L,2015-10-15,6.7711005
STAF.L,2016-06-02,11.2852
STAF.L,2016-10-13,9.479501
STAF.L,2017-06-01,13.813099
STAF.L,2017-10-12,9.931001
STAF.L,2018-05-31,14.174201
STAF.L,2018-10-11,10.201799
STAN.L,1993-03-15,2.6086001
STAN.L,1993-08-16,1.505
STAN.L,1994-03-14,3.3109002
STAN.L,1994-08-22,1.8059001
STAN.L,1995-03-20,4.6152
STAN.L,1995-08-21,2.6086001
STAN.L,1996-03-11,6.2205
STAN.L,1996-08-19,3.4111998
STAN.L,1997-03-10,8.2271
STAN.L,1997-08-18,4.2139
STAN.L,1998-03-09,10.634999
STAN.L,1998-08-17,5.0165
STAN.L,1999-03-08,11.6383
STAN.L,1999-08-16,5.4178
STAN.L,2000-03-06,12.9226
STAN.L,2000-08-14,5.9636
STAN.L,2001-02-28,14.2148
STAN.L,2001-08-08,7.1435
STAN.L,2002-02-27,16.0529
STAN.L,2002-08-14,7.4244
STAN.L,2003-02-26,16.0047
STAN.L,2003-08-13,7.5143003
STAN.L,2004-02-25,16.4767
STAN.L,2004-08-11,7.6131
STAN.L,2005-02-23,16.971899
STAN.L,2005-08-17,8.6236
STAN.L,2006-03-08,19.9906
STAN.L,2006-08-16,8.9447
STAN.L,2007-03-07,20.2057
STAN.L,2007-08-15,9.1421
STAN.L,2008-03-05,22.7429
STAN.L,2008-08-13,11.2057
STAN.L,2009-03-11,26.105299
STAN.L,2009-08-12,12.1517
STAN.L,2010-03-10,27.0894
STAN.L,2010-08-11,13.494299
STAN.L,2011-03-09,26.9102
STAN.L,2011-08-10,15.0574
STAN.L,2012-03-07,30.1054
STAN.L,2012-08-08,15.990201
STAN.L,2013-03-13,34.802498
STAN.L,2013-08-14,17.0258
STAN.L,2014-03-12,32.286
STAN.L,2014-08-13,17.0287
STAN.L,2015-03-12,35.3735
STAN.L,2015-08-13,8.9449005
STAN.L,2018-03-08,7.8805
STAN.L,2018-08-09,4.5975
STAN.L,2019-03-07,11.221351
STAN.L,2019-08-08,5.2366304
STAN.L,2021-03-04,6.7328105
STAN.L,2021-08-12,2.24427
STAN.L,2022-02-24,6.7328105
STAN.L,2022-08-11,2.99236
STAN.L,2023-02-23,10.473261
STAN.L,2023-08-10,4.48854
STAN.L,2024-03-07,15.70989
STAN.L,2024-08-08,6.7328105
STAN.L,2025-03-27,20.946522
STAN.L,2025-08-07,9.201508
STB.L,2012-04-18,4.2
STB.L,2012-08-22,14.0
STB.L,2013-04-10,43.0
STB.L,2013-08-21,15.000001
STB.L,2014-04-09,47.0
STB.L,2014-08-20,16.0
STB.L,2015-04-16,52.0
STB.L,2015-08-20,17.0
STB.L,2016-04-07,55.0
STB.L,2016-06-30,165.0
STB.L,2016-08-25,17.0
STB.L,2017-04-13,58.0
STB.L,2017-08-31,18.0
STB.L,2018-04-26,61.0
STB.L,2018-08-30,19.0
STB.L,2019-04-25,64.0
STB.L,2019-08-29,20.0
STB.L,2021-04-22,44.0
STB.L,2021-08-26,20.0
STB.L,2022-04-21,41.100002
STB.L,2022-08-25,16.0
STB.L,2023-04-27,29.1
STB.L,2023-08-31,16.0
STB.L,2024-04-25,16.2
STB.L,2024-08-29,11.3
STB.L,2025-04-24,22.5
STB.L,2025-08-28,11.8
STEM.L,2006-08-23,2.4
STEM.L,2007-05-02,4.8
STEM.L,2007-11-07,3.1
STEM.L,2008-04-30,6.2
STEM.L,2008-11-05,4.0
STEM.L,2009-04-29,8.0
STEM.L,2009-11-04,4.0
STEM.L,2010-02-24,8.0
STEM.L,2010-11-03,4.0
STEM.L,2011-05-04,8.0
STEM.L,2011-11-02,15.700001
STEM.L,2012-05-02,9.3
STEM.L,2012-11-07,4.7
STEM.L,2013-05-01,9.3
STEM.L,2013-11-06,4.7
STEM.L,2014-04-30,9.3
STEM.L,2014-11-06,4.7
STEM.L,2015-04-30,9.3
STEM.L,2015-11-05,4.7
STEM.L,2016-04-28,9.3
STEM.L,2016-11-03,4.7
STEM.L,2017-05-04,9.3
STEM.L,2017-11-02,4.7
STEM.L,2018-04-26,9.3
STEM.L,2018-11-01,4.7
STEM.L,2019-04-25,9.8
STEM.L,2019-10-31,5.1
STEM.L,2021-05-06,5.0
STEM.L,2021-11-04,3.0
STEM.L,2022-05-05,8.0
STEM.L,2022-11-03,5.0
STEM.L,2023-05-11,11.0
STEM.L,2023-11-09,5.0
STEM.L,2024-05-09,11.599999
STEM.L,2024-11-07,5.1
STEM.L,2025-05-08,9.2
STEM.L,2025-11-13,5.1
STJ.L,1993-06-21,1.5
STJ.L,1993-11-01,1.5
STJ.L,1994-06-20,1.5
STJ.L,1994-11-21,1.5
STJ.L,1995-06-19,1.5
STJ.L,1995-12-04,1.5
STJ.L,1996-06-10,1.8
STJ.L,1997-04-21,1.13
STJ.L,1997-09-22,0.75
STJ.L,1998-03-30,0.75
STJ.L,1998-09-28,0.75
STJ.L,1999-03-29,0.75
STJ.L,1999-10-04,0.75
STJ.L,2000-04-03,1.0
STJ.L,2000-08-07,1.0
STJ.L,2001-04-04,1.25
STJ.L,2001-08-01,1.25
STJ.L,2002-04-17,1.5
STJ.L,2002-07-31,1.25
STJ.L,2003-04-09,1.5
STJ.L,2003-08-06,1.25
STJ.L,2004-03-17,1.5
STJ.L,2004-08-04,1.25
STJ.L,2005-03-09,1.6
STJ.L,2005-08-03,1.3000001
STJ.L,2006-03-08,1.85
STJ.L,2006-08-02,1.5
STJ.L,2007-03-07,8.5
STJ.L,2007-08-08,1.75
STJ.L,2008-03-05,2.55
STJ.L,2008-08-06,1.84
STJ.L,2009-03-04,2.55
STJ.L,2009-08-05,1.84
STJ.L,2010-03-03,2.6599998
STJ.L,2010-08-04,2.025
STJ.L,2011-03-02,3.975
STJ.L,2011-08-03,3.2
STJ.L,2012-03-28,4.8
STJ.L,2012-08-22,4.25
STJ.L,2013-04-10,6.3900003
STJ.L,2013-08-28,6.38
STJ.L,2014-04-09,9.58
STJ.L,2014-08-27,8.93
STJ.L,2015-04-09,14.370001
STJ.L,2015-09-03,10.719999
STJ.L,2016-04-07,17.24
STJ.L,2016-09-01,12.33
STJ.L,2017-04-06,20.67
STJ.L,2017-08-31,15.41
STJ.L,2018-04-05,27.45
STJ.L,2018-08-30,18.49
STJ.L,2019-04-04,29.730001
STJ.L,2019-08-29,18.49
STJ.L,2020-05-07,20.0
STJ.L,2021-03-04,11.22
STJ.L,2021-04-15,38.49
STJ.L,2021-08-26,11.55
STJ.L,2022-04-28,40.41
STJ.L,2022-08-25,15.59
STJ.L,2023-05-04,37.19
STJ.L,2023-08-24,15.83
STJ.L,2024-04-25,8.0
STJ.L,2024-08-22,6.0
STJ.L,2025-04-10,12.0
STJ.L,2025-08-07,6.0
STS.L,1987-11-09,0.6
STS.L,1988-05-23,1.2
STS.L,1988-10-31,0.75
STS.L,1989-05-22,1.5
STS.L,1989-11-13,9.495
STS.L,1990-11-05,1.02
STS.L,1991-05-20,2.08
STS.L,1991-10-28,1.08
STS.L,1992-05-11,2.17
STS.L,1992-11-02,1.08
STS.L,1993-05-10,2.17
STS.L,1993-11-01,1.08
STS.L,1994-05-16,2.17
STS.L,1994-11-07,1.08
STS.L,1995-05-15,2.29
STS.L,1995-11-30,1.08
STS.L,1996-05-20,2.53
STS.L,1996-11-25,1.13
STS.L,1997-05-27,2.6200001
STS.L,1997-11-24,1.17
STS.L,1998-06-01,2.77
STS.L,1998-12-07,1.17
STS.L,1999-05-24,2.97
STS.L,1999-11-22,1.2
STS.L,2000-06-12,3.05
STS.L,2000-11-20,1.23
STS.L,2001-06-13,3.12
STS.L,2001-11-21,1.25
STS.L,2002-06-19,3.17
STS.L,2002-11-20,1.27
STS.L,2003-06-11,3.25
STS.L,2003-11-26,1.27
STS.L,2004-03-03,3.28
STS.L,2004-11-17,2.0
STS.L,2005-05-18,2.7
STS.L,2006-03-08,1.0
STS.L,2006-06-07,1.85
STS.L,2006-09-06,1.05
STS.L,2006-11-15,1.05
STS.L,2007-03-21,1.05
STS.L,2007-06-06,1.9
STS.L,2007-09-05,1.1
STS.L,2007-11-21,1.1
STS.L,2008-02-20,1.1
STS.L,2008-05-28,2.15
STS.L,2008-08-13,1.15
STS.L,2008-11-12,1.15
STS.L,2009-02-11,1.15
STS.L,2009-06-03,2.0
STS.L,2009-08-12,1.15
STS.L,2009-11-25,1.15
STS.L,2010-03-03,1.15
STS.L,2010-06-02,1.2
STS.L,2010-08-11,1.15
STS.L,2010-11-24,1.15
STS.L,2011-03-02,1.15
STS.L,2011-06-01,1.2
STS.L,2011-08-17,1.15
STS.L,2011-11-23,1.15
STS.L,2012-02-29,1.15
STS.L,2012-05-30,1.25
STS.L,2012-08-15,1.15
STS.L,2012-11-21,1.15
STS.L,2013-03-06,1.15
STS.L,2013-06-05,1.3000001
STS.L,2013-08-14,1.15
STS.L,2013-11-20,1.15
STS.L,2014-03-05,1.15
STS.L,2014-06-18,1.35
STS.L,2014-09-03,1.15
STS.L,2014-11-27,1.15
STS.L,2015-03-05,1.15
STS.L,2015-06-04,1.4499999
STS.L,2015-09-03,1.4499999
STS.L,2015-11-19,1.4499999
STS.L,2016-02-25,1.4499999
STS.L,2016-05-26,1.4499999
STS.L,2016-08-25,1.4499999
STS.L,2016-11-24,1.4499999
STS.L,2017-02-23,1.4499999
STS.L,2017-06-15,1.6
STS.L,2017-08-24,1.4499999
STS.L,2017-11-23,1.4499999
STS.L,2018-03-29,2.8999998
STS.L,2018-07-05,1.75
STS.L,2018-10-04,1.4499999
STS.L,2018-12-27,1.4499999
STS.L,2019-03-28,1.4499999
STS.L,2019-07-04,1.9
STS.L,2019-10-03,1.4499999
STS.L,2019-12-24,1.4499999
STS.L,2020-03-26,1.4499999
STS.L,2020-07-09,2.06
STS.L,2020-10-08,1.375
STS.L,2020-12-31,1.375
STS.L,2021-03-25,1.375
STS.L,2021-05-20,1.575
STS.L,2021-10-14,1.375
STS.L,2021-12-30,1.375
STS.L,2022-03-24,1.375
STS.L,2022-05-26,1.75
STS.L,2022-10-06,1.4499999
STS.L,2022-12-22,1.4499999
STS.L,2023-03-23,1.4499999
STS.L,2023-06-15,1.85
STS.L,2023-10-05,1.525
STS.L,2023-12-21,1.525
STS.L,2024-03-14,1.9649999
STS.L,2024-06-06,1.525
STS.L,2024-10-03,1.5860001
STS.L,2024-12-19,1.5860001
STS.L,2025-04-03,1.5860001
STS.L,2025-06-05,3.6100001
STS.L,2025-10-02,2.1
STVG.L,2000-05-02,306.17538
STVG.L,2000-10-09,39.7855
STVG.L,2001-04-25,77.8412
STVG.L,2001-10-24,25.9471
STVG.L,2002-06-12,25.9471
STVG.L,2004-07-28,43.245102
STVG.L,2004-12-01,17.298
STVG.L,2005-06-08,25.9471
STVG.L,2005-10-19,20.7577
STVG.L,2006-06-07,29.4067
STVG.L,2006-12-06,20.7577
STVG.L,2014-04-16,1.9795
STVG.L,2014-09-08,1.9795
STVG.L,2015-04-16,5.9384
STVG.L,2015-09-10,2.9692
STVG.L,2016-04-14,6.9280996
STVG.L,2016-09-08,3.9589
STVG.L,2017-04-13,10.8871
STVG.L,2017-09-28,4.9487
STVG.L,2018-04-12,11.8768
STVG.L,2018-09-20,5.9384
STVG.L,2019-04-11,13.8563
STVG.L,2019-09-26,6.2353
STVG.L,2021-04-15,6.0
STVG.L,2021-09-30,3.7
STVG.L,2022-04-14,7.2999997
STVG.L,2022-09-22,3.9
STVG.L,2023-04-13,7.4
STVG.L,2023-09-21,3.9
STVG.L,2024-04-18,7.4
STVG.L,2024-09-26,3.9
STVG.L,2025-04-17,7.4
SUP.L,2021-12-16,2.2
SUP.L,2022-09-01,3.8
SUP.L,2022-12-15,0.8
SUP.L,2023-08-31,2.2
SUP.L,2023-12-07,1.5
SUP.L,2024-08-22,3.2
SUP.L,2024-12-05,1.8
SUP.L,2025-08-21,3.4
SUP.L,2025-12-04,1.6
SUPR.L,2017-10-05,1.375
SUPR.L,2018-02-15,1.375
SUPR.L,2018-04-26,1.375
SUPR.L,2018-07-26,1.375
SUPR.L,2018-10-18,1.375
SUPR.L,2019-01-17,1.4189999
SUPR.L,2019-04-18,1.4189999
SUPR.L,2019-07-18,1.4189999
SUPR.L,2019-10-17,1.4189999
SUPR.L,2020-01-16,1.46
SUPR.L,2020-04-30,1.46
SUPR.L,2020-07-16,1.46
SUPR.L,2020-09-24,1.465
SUPR.L,2021-01-21,1.465
SUPR.L,2021-04-15,1.465
SUPR.L,2021-07-15,1.465
SUPR.L,2021-10-07,1.485
SUPR.L,2022-01-20,1.485
SUPR.L,2022-04-21,1.485
SUPR.L,2022-07-14,1.485
SUPR.L,2022-10-06,1.5
SUPR.L,2023-01-19,1.5
SUPR.L,2023-04-20,1.5
SUPR.L,2023-07-13,1.5
SUPR.L,2023-10-12,1.515
SUPR.L,2024-01-11,1.515
SUPR.L,2024-04-11,1.515
SUPR.L,2024-07-11,1.515
SUPR.L,2024-10-10,1.53
SUPR.L,2025-01-30,1.53
SUPR.L,2025-04-24,1.53
SUPR.L,2025-07-24,1.53
SUPR.L,2025-10-23,1.545
SUS.L,1993-05-25,6.9091
SUS.L,1993-11-02,2.3636
SUS.L,1994-05-16,8.090899
SUS.L,1994-10-10,3.0
SUS.L,1995-05-22,9.5
SUS.L,1995-10-13,3.5
SUS.L,1996-06-03,12.5
SUS.L,1996-09-30,4.0
SUS.L,1997-06-02,14.0
SUS.L,1997-10-06,4.5
SUS.L,1998-05-26,14.5
SUS.L,1998-10-12,5.0
SUS.L,1999-06-01,15.000001
SUS.L,1999-10-11,5.0
SUS.L,2000-05-30,16.0
SUS.L,2000-10-09,6.0
SUS.L,2001-06-06,17.5
SUS.L,2001-10-17,7.0
SUS.L,2002-06-05,20.0
SUS.L,2002-10-16,8.0
SUS.L,2003-06-04,20.0
SUS.L,2003-10-15,8.0
SUS.L,2004-06-02,21.0
SUS.L,2004-10-13,9.0
SUS.L,2005-05-04,22.0
SUS.L,2005-10-12,9.0
SUS.L,2006-05-03,22.0
SUS.L,2006-10-11,9.0
SUS.L,2007-05-02,23.0
SUS.L,2007-10-10,9.0
SUS.L,2008-05-07,23.0
SUS.L,2008-10-08,9.0
SUS.L,2009-05-13,23.0
SUS.L,2009-10-07,9.0
SUS.L,2010-02-24,15.000001
SUS.L,2010-05-12,10.0
SUS.L,2010-10-06,10.0
SUS.L,2011-02-23,10.0
SUS.L,2011-05-18,16.0
SUS.L,2011-10-12,11.0
SUS.L,2012-02-29,12.0
SUS.L,2012-05-30,18.0
SUS.L,2012-10-17,12.0
SUS.L,2013-03-20,14.0
SUS.L,2013-06-19,20.0
SUS.L,2013-10-16,14.0
SUS.L,2014-03-19,16.0
SUS.L,2014-06-18,24.0
SUS.L,2014-10-16,17.0
SUS.L,2015-03-12,19.0
SUS.L,2015-06-18,30.000002
SUS.L,2015-10-22,145.0
SUS.L,2016-02-25,23.0
SUS.L,2016-06-16,33.0
SUS.L,2016-10-20,24.0
SUS.L,2017-02-23,28.0
SUS.L,2017-06-15,39.0
SUS.L,2017-10-19,28.0
SUS.L,2018-02-22,32.0
SUS.L,2018-06-14,45.0
SUS.L,2018-10-25,32.0
SUS.L,2019-02-21,35.0
SUS.L,2019-06-20,51.0
SUS.L,2019-10-24,34.0
SUS.L,2020-02-20,36.0
SUS.L,2020-06-18,50.0
SUS.L,2020-10-29,22.0
SUS.L,2021-02-18,25.0
SUS.L,2021-06-17,43.0
SUS.L,2021-10-28,33.0
SUS.L,2022-02-17,36.0
SUS.L,2022-06-16,57.0
SUS.L,2022-11-03,35.0
SUS.L,2023-02-16,38.0
SUS.L,2023-06-15,60.000004
SUS.L,2023-11-02,35.0
SUS.L,2024-02-15,35.0
SUS.L,2024-06-20,50.0
SUS.L,2024-10-31,30.000002
SUS.L,2025-02-13,30.000002
SUS.L,2025-07-03,40.0
SUS.L,2025-10-30,35.0
SVCT.L,2019-04-04,1.5
SVCT.L,2019-11-28,1.5
SVCT.L,2020-04-30,1.5
SVCT.L,2020-12-10,1.5
SVCT.L,2021-04-29,1.5
SVCT.L,2021-12-09,1.5
SVCT.L,2022-05-05,1.5
SVCT.L,2022-12-01,1.5
SVCT.L,2023-05-04,1.5
SVCT.L,2023-12-07,1.5
SVCT.L,2024-05-02,1.5
SVCT.L,2024-12-12,1.5
SVCT.L,2025-05-08,1.5
SVCT.L,2025-12-04,1.5
SVS.L,1993-07-15,0.5
SVS.L,1994-01-17,0.375
SVS.L,1994-07-25,0.75
SVS.L,1995-01-16,0.375
SVS.L,1995-07-31,0.875
SVS.L,1996-01-22,0.375
SVS.L,1996-07-29,1.025
SVS.L,1997-01-13,0.5
SVS.L,1997-08-04,1.25
SVS.L,1998-01-19,0.625
SVS.L,1998-08-03,1.75
SVS.L,1999-01-25,0.875
SVS.L,1999-08-02,2.0
SVS.L,2000-01-24,1.5
SVS.L,2000-07-31,2.25
SVS.L,2001-04-11,3.0
SVS.L,2001-09-26,1.625
SVS.L,2002-04-10,3.25
SVS.L,2002-09-25,1.7
SVS.L,2003-04-09,3.4
SVS.L,2003-09-24,1.8
SVS.L,2004-04-07,5.0
SVS.L,2004-09-22,3.0
SVS.L,2005-04-13,16.25
SVS.L,2005-09-28,4.0
SVS.L,2006-04-12,8.0
SVS.L,2006-09-27,5.0
SVS.L,2007-04-11,11.0
SVS.L,2007-09-26,6.0
SVS.L,2008-04-09,12.0
SVS.L,2008-09-24,6.0
SVS.L,2009-04-08,3.0
SVS.L,2009-09-23,3.0
SVS.L,2010-03-10,6.0
SVS.L,2010-09-22,3.0
SVS.L,2011-04-06,10.0
SVS.L,2011-09-14,3.15
SVS.L,2012-04-04,10.35
SVS.L,2012-09-12,3.3
SVS.L,2013-04-10,12.700001
SVS.L,2013-09-11,3.5
SVS.L,2014-04-16,15.5
SVS.L,2014-09-10,3.7500002
SVS.L,2015-04-16,19.25
SVS.L,2015-09-10,4.0
SVS.L,2016-04-14,22.0
SVS.L,2016-09-08,4.4
SVS.L,2017-04-13,24.6
SVS.L,2017-09-07,4.65
SVS.L,2018-04-12,25.55
SVS.L,2018-09-06,4.8
SVS.L,2019-04-11,26.4
SVS.L,2019-09-05,4.95
SVS.L,2021-04-08,17.0
SVS.L,2021-09-02,6.0
SVS.L,2022-04-07,55.4
SVS.L,2022-09-01,6.6
SVS.L,2023-04-06,29.0
SVS.L,2023-08-31,6.8999996
SVS.L,2024-04-11,15.9
SVS.L,2024-08-29,7.1000004
SVS.L,2025-04-10,23.1
SVS.L,2025-08-28,7.4
SVT.L,1992-12-14,11.0526
SVT.L,1993-06-21,22.263102
SVT.L,1993-12-13,11.921
SVT.L,1994-06-20,24.0
SVT.L,1994-12-12,12.9947
SVT.L,1995-06-19,32.5895
SVT.L,1995-12-27,14.5263
SVT.L,1996-06-17,36.5842
SVT.L,1996-12-30,16.5789
SVT.L,1997-06-16,41.0526
SVT.L,1997-12-29,17.325
SVT.L,1998-06-15,44.355
SVT.L,1998-12-29,18.705
SVT.L,1999-06-14,45.795
SVT.L,1999-12-29,25.5
SVT.L,2000-08-14,42.0
SVT.L,2001-02-21,25.5
SVT.L,2001-06-27,42.0
SVT.L,2001-12-19,26.01
SVT.L,2002-06-26,42.84
SVT.L,2002-12-18,26.01
SVT.L,2003-06-18,42.84
SVT.L,2003-12-17,26.655
SVT.L,2004-06-16,43.905
SVT.L,2004-12-15,27.315
SVT.L,2005-06-22,45.45
SVT.L,2005-12-14,28.740002
SVT.L,2006-06-28,47.955
SVT.L,2006-10-09,165.0
SVT.L,2006-12-13,22.77
SVT.L,2007-06-27,38.68
SVT.L,2007-12-05,24.34
SVT.L,2008-06-18,41.29
SVT.L,2008-12-03,26.289999
SVT.L,2009-06-17,41.05
SVT.L,2009-12-02,26.710001
SVT.L,2010-06-16,45.61
SVT.L,2010-12-01,26.039999
SVT.L,2011-06-22,39.05
SVT.L,2011-11-30,28.04
SVT.L,2012-06-20,105.060005
SVT.L,2012-12-05,30.34
SVT.L,2013-06-19,45.51
SVT.L,2013-12-04,32.16
SVT.L,2014-06-18,48.24
SVT.L,2014-12-04,33.96
SVT.L,2015-06-18,50.940002
SVT.L,2015-12-03,32.260002
SVT.L,2016-06-16,48.4
SVT.L,2016-12-01,32.600002
SVT.L,2017-06-15,48.899998
SVT.L,2017-11-30,34.63
SVT.L,2018-06-14,51.920002
SVT.L,2018-11-29,37.35
SVT.L,2019-06-13,56.019997
SVT.L,2019-11-28,40.03
SVT.L,2020-06-11,60.05
SVT.L,2020-12-03,40.63
SVT.L,2021-05-27,60.95
SVT.L,2021-12-02,40.86
SVT.L,2022-06-01,61.28
SVT.L,2022-12-01,42.73
SVT.L,2023-06-01,64.090004
SVT.L,2023-11-30,46.74
SVT.L,2024-05-30,70.1
SVT.L,2024-11-28,48.68
SVT.L,2025-05-29,73.03
SVT.L,2025-11-27,50.4
SWEF.L,2013-10-30,0.8
SWEF.L,2014-02-05,1.1
SWEF.L,2014-04-30,1.25
SWEF.L,2014-07-30,1.35
SWEF.L,2014-11-06,1.5
SWEF.L,2015-02-05,1.7
SWEF.L,2015-05-07,1.75
SWEF.L,2015-08-06,1.75
SWEF.L,2015-10-29,1.75
SWEF.L,2016-02-04,1.75
SWEF.L,2016-05-05,1.625
SWEF.L,2016-08-04,1.625
SWEF.L,2016-11-03,1.625
SWEF.L,2017-02-02,1.625
SWEF.L,2017-05-04,1.625
SWEF.L,2017-08-03,1.625
SWEF.L,2017-11-02,1.625
SWEF.L,2018-02-08,1.625
SWEF.L,2018-04-26,1.625
SWEF.L,2018-08-09,1.625
SWEF.L,2018-11-01,1.625
SWEF.L,2019-01-31,1.625
SWEF.L,2019-05-02,1.625
SWEF.L,2019-08-01,1.625
SWEF.L,2019-10-31,1.625
SWEF.L,2020-01-30,1.625
SWEF.L,2020-04-30,1.625
SWEF.L,2020-07-30,1.625
SWEF.L,2020-10-29,1.625
SWEF.L,2021-02-04,1.625
SWEF.L,2021-05-06,1.375
SWEF.L,2021-08-05,1.375
SWEF.L,2021-11-04,1.375
SWEF.L,2022-02-03,1.375
SWEF.L,2022-05-05,1.375
SWEF.L,2022-08-04,1.375
SWEF.L,2022-11-03,1.375
SWEF.L,2023-02-02,1.375
SWEF.L,2023-03-30,2.0
SWEF.L,2023-05-04,1.375
SWEF.L,2023-08-03,1.375
SWEF.L,2023-11-02,1.375
SWEF.L,2024-02-01,1.8750001
SWEF.L,2024-05-02,1.375
SWEF.L,2024-08-01,1.375
SWEF.L,2024-11-07,1.375
SWEF.L,2025-02-06,1.375
SWEF.L,2025-05-01,1.375
SWEF.L,2025-08-14,1.375
SWEF.L,2025-10-30,1.375
SWR.L,2008-04-02,14.107308
SWR.L,2008-10-01,16.050001
SWR.L,2012-04-11,10.54752
SWR.L,2012-09-26,6.5922003
SWR.L,2013-04-10,18.01868
SWR.L,2013-09-25,9.00934
SWR.L,2014-04-09,27.02802
SWR.L,2014-10-01,13.51401
SWR.L,2015-04-09,35.1584
SWR.L,2015-10-01,17.5792
SWR.L,2016-04-14,42.19008
SWR.L,2016-09-29,19.33712
SWR.L,2017-04-20,50.628094
SWR.L,2017-09-28,20.303976
SWR.L,2018-04-12,56.69292
SWR.L,2018-09-27,22.325584
SWR.L,2019-04-11,63.460915
SWR.L,2019-09-26,24.522985
SWR.L,2020-08-13,71.107864
SWR.L,2020-11-19,24.522985
SWR.L,2021-04-08,76.821106
SWR.L,2021-09-23,25.753529
SWR.L,2022-04-07,84.468056
SWR.L,2022-09-29,27.775137
SWR.L,2023-04-13,94.576096
SWR.L,2023-09-28,29.445162
SWR.L,2024-04-11,104.06887
SWR.L,2024-08-14,22.626396
SWR.L,2024-11-14,22.626396
SWR.L,2025-02-13,32.222977
SWR.L,2025-05-15,32.222977
SWR.L,2025-08-14,32.222977
SWR.L,2025-11-13,32.222977
SYNC.L,2013-07-17,1.0
SYNC.L,2014-08-06,2.0
SYNC.L,2015-07-16,2.1
SYNC.L,2016-07-14,2.2
SYNC.L,2017-07-20,2.3
SYNC.L,2018-06-21,2.3
SYNC.L,2019-06-20,2.3
SYNT.L,1993-04-19,14.826
SYNT.L,1993-10-04,11.3375
SYNT.L,1994-04-25,16.157501
SYNT.L,1994-10-03,12.3948
SYNT.L,1995-04-24,18.5921
SYNT.L,1995-10-09,14.1654
SYNT.L,1996-04-29,21.248201
SYNT.L,1996-10-07,15.9361
SYNT.L,1997-04-14,23.9042
SYNT.L,1997-10-06,17.706799
SYNT.L,1998-04-06,26.5602
SYNT.L,1998-10-05,19.4775
SYNT.L,1999-04-06,29.2162
SYNT.L,1999-10-04,19.9202
SYNT.L,2000-04-10,29.6589
SYNT.L,2000-10-02,20.8055
SYNT.L,2001-04-11,30.5442
SYNT.L,2001-10-31,21.6908
SYNT.L,2002-06-12,31.4296
SYNT.L,2002-10-30,22.576199
SYNT.L,2003-06-04,32.757603
SYNT.L,2003-10-22,23.4615
SYNT.L,2004-06-02,34.085598
SYNT.L,2004-10-20,24.3469
SYNT.L,2005-06-01,34.9709
SYNT.L,2005-10-19,16.378801
SYNT.L,2006-05-31,23.4615
SYNT.L,2006-10-18,16.8215
SYNT.L,2007-05-30,24.3469
SYNT.L,2007-10-17,17.2641
SYNT.L,2008-06-04,25.232199
SYNT.L,2008-10-08,17.706799
SYNT.L,2010-10-13,8.853399
SYNT.L,2011-06-08,8.9389
SYNT.L,2011-10-12,8.2512
SYNT.L,2012-06-06,15.8149
SYNT.L,2012-10-10,15.127299
SYNT.L,2013-06-05,22.690899
SYNT.L,2013-10-09,16.502499
SYNT.L,2014-06-04,24.7537
SYNT.L,2014-10-09,20.628101
SYNT.L,2015-06-04,86.6381
SYNT.L,2015-10-08,22.0033
SYNT.L,2016-06-02,37.1306
SYNT.L,2016-10-06,24.0661
SYNT.L,2017-06-08,53.6331
SYNT.L,2017-10-05,25.441301
SYNT.L,2018-06-07,58.4463
SYNT.L,2018-10-04,27.5042
SYNT.L,2019-06-06,62.572002
SYNT.L,2019-10-03,29.464
SYNT.L,2020-10-22,22.098
SYNT.L,2021-06-03,63.3477
SYNT.L,2021-10-07,64.0843
SYNT.L,2022-06-01,156.8961
SYS1.L,2008-09-17,2.2
SYS1.L,2009-04-22,1.0
SYS1.L,2009-09-30,0.6
SYS1.L,2010-03-17,1.9
SYS1.L,2011-06-01,1.8
SYS1.L,2011-09-21,0.75
SYS1.L,2012-05-30,2.25
SYS1.L,2012-09-26,0.85
SYS1.L,2013-05-29,2.25
SYS1.L,2013-10-02,12.9
SYS1.L,2014-04-16,15.000001
SYS1.L,2014-10-01,1.0
SYS1.L,2015-04-02,3.3
SYS1.L,2015-10-01,1.0
SYS1.L,2016-03-31,3.5
SYS1.L,2016-09-29,13.099999
SYS1.L,2017-07-27,32.5
SYS1.L,2017-11-09,1.1
SYS1.L,2018-06-14,6.4
SYS1.L,2018-11-15,1.1
SYS1.L,2019-07-04,6.4
SYS1.L,2019-11-14,1.1
SYS1.L,2024-09-26,5.0
SYS1.L,2025-09-25,11.0
TAM.L,2017-12-14,2.2
TAM.L,2018-07-05,4.4
TAM.L,2018-11-22,2.8000002
TAM.L,2019-06-13,5.6000004
TAM.L,2019-11-21,3.2
TAM.L,2020-07-16,6.4
TAM.L,2020-11-26,3.5
TAM.L,2021-06-24,7.5000005
TAM.L,2021-11-25,4.0
TAM.L,2022-06-23,8.5
TAM.L,2022-12-01,4.5
TAM.L,2023-07-06,10.0
TAM.L,2023-11-23,8.0
TAM.L,2024-06-27,8.0
TAM.L,2024-11-21,9.5
TAM.L,2025-06-19,9.5
TAM.L,2025-11-27,12.0
TATE.L,1992-11-30,9.3333
TATE.L,1993-05-10,5.0167003
TATE.L,1993-11-29,10.15
TATE.L,1994-05-16,5.3667
TATE.L,1994-12-05,11.4333
TATE.L,1995-05-15,5.8332996
TATE.L,1995-12-11,12.833301
TATE.L,1996-05-20,6.1833
TATE.L,1996-12-09,13.65
TATE.L,1997-05-19,6.1833
TATE.L,1997-12-10,13.65
TATE.L,1998-05-18,6.1833
TATE.L,1998-12-07,13.65
TATE.L,1999-06-01,6.4167
TATE.L,1999-11-29,14.35
TATE.L,2000-07-03,10.6167
TATE.L,2000-12-04,6.4167
TATE.L,2001-07-11,14.35
TATE.L,2001-12-05,6.4167
TATE.L,2002-07-10,14.35
TATE.L,2002-12-04,6.4167
TATE.L,2003-07-09,14.9333
TATE.L,2003-12-03,6.5333
TATE.L,2004-07-07,15.4
TATE.L,2004-12-01,6.65
TATE.L,2005-07-06,15.9833
TATE.L,2005-12-07,6.8833003
TATE.L,2006-06-28,16.45
TATE.L,2006-12-06,7.2333
TATE.L,2007-06-27,17.85
TATE.L,2007-12-05,7.5833
TATE.L,2008-07-02,18.7833
TATE.L,2008-12-03,7.9333
TATE.L,2009-07-01,18.7833
TATE.L,2009-12-02,7.9333
TATE.L,2010-06-23,18.7833
TATE.L,2010-12-01,7.9333
TATE.L,2011-06-29,19.7167
TATE.L,2011-11-30,8.2833
TATE.L,2012-06-27,20.766699
TATE.L,2012-11-28,8.6333
TATE.L,2013-06-26,21.9333
TATE.L,2013-11-20,9.099999
TATE.L,2014-06-25,23.1
TATE.L,2014-11-20,9.5667
TATE.L,2015-07-02,23.1
TATE.L,2015-11-19,9.5667
TATE.L,2016-06-30,23.1
TATE.L,2016-11-24,9.5667
TATE.L,2017-06-29,23.1
TATE.L,2017-11-30,9.8
TATE.L,2018-06-21,23.6833
TATE.L,2018-11-22,10.033299
TATE.L,2019-06-20,24.2667
TATE.L,2019-11-21,10.2667
TATE.L,2020-06-18,24.2667
TATE.L,2020-11-19,10.2667
TATE.L,2021-06-24,25.666698
TATE.L,2021-11-25,10.5
TATE.L,2022-05-03,107.00001
TATE.L,2022-06-30,12.8
TATE.L,2022-11-24,5.4
TATE.L,2023-06-22,13.099999
TATE.L,2023-11-23,6.2
TATE.L,2024-06-20,12.9
TATE.L,2024-11-21,6.4
TATE.L,2025-06-19,13.400001
TATE.L,2025-11-20,6.6
TAVI.L,2019-06-27,0.01
TAVI.L,2021-09-16,0.05
TAVI.L,2022-07-07,0.07
TAVI.L,2023-11-30,0.07
TAVI.L,2024-12-24,0.089999996
TBCG.L,2017-06-08,39.509647
TBCG.L,2018-05-17,50.137596
TBCG.L,2019-06-06,56.7921
TBCG.L,2021-08-19,34.88
TBCG.L,2022-06-16,60.3032
TBCG.L,2022-09-15,77.3898
TBCG.L,2023-05-11,92.8315
TBCG.L,2023-09-07,77.784195
TBCG.L,2024-06-13,129.4023
TBCG.L,2024-10-03,71.278
TBCG.L,2025-06-05,150.142
TBCG.L,2025-08-14,41.044
TBCG.L,2025-10-23,48.493
TCAP.L,2001-05-09,1.1141
TCAP.L,2001-11-07,2.0054
TCAP.L,2002-05-08,4.0107
TCAP.L,2002-11-06,2.0054
TCAP.L,2003-05-07,4.0107
TCAP.L,2003-11-05,2.2282
TCAP.L,2004-05-19,4.6792
TCAP.L,2004-11-17,2.451
TCAP.L,2005-05-18,5.1247997
TCAP.L,2005-11-23,2.6738
TCAP.L,2006-05-24,9.804
TCAP.L,2006-11-22,4.4564
TCAP.L,2007-05-23,5.3477
TCAP.L,2007-11-14,3.5650997
TCAP.L,2008-04-30,7.1301994
TCAP.L,2008-10-29,4.2335997
TCAP.L,2009-04-29,7.1301994
TCAP.L,2009-10-28,4.4564
TCAP.L,2010-04-28,8.9128
TCAP.L,2010-10-27,4.6792
TCAP.L,2011-04-20,9.3584
TCAP.L,2011-10-26,4.6792
TCAP.L,2012-04-25,10.026899
TCAP.L,2012-10-24,4.9911
TCAP.L,2013-04-24,10.026899
TCAP.L,2013-10-23,4.9911
TCAP.L,2014-04-23,10.026899
TCAP.L,2014-10-23,4.9911
TCAP.L,2015-04-23,10.026899
TCAP.L,2015-10-22,4.9911
TCAP.L,2016-04-28,10.026899
TCAP.L,2016-09-01,4.9911
TCAP.L,2016-12-22,10.026899
TCAP.L,2017-10-12,4.9911
TCAP.L,2018-04-05,10.026899
TCAP.L,2018-10-04,4.9911
TCAP.L,2019-04-04,10.026899
TCAP.L,2019-10-03,4.9911
TCAP.L,2020-04-02,10.026899
TCAP.L,2020-10-01,4.9911
TCAP.L,2021-04-08,2.0
TCAP.L,2021-09-30,4.0
TCAP.L,2022-04-07,5.5
TCAP.L,2022-10-06,4.5
TCAP.L,2023-04-13,7.9000006
TCAP.L,2023-09-28,4.8
TCAP.L,2024-04-11,10.0
TCAP.L,2024-10-03,4.8
TCAP.L,2025-04-10,11.3
TCAP.L,2025-10-02,5.2000003
TEM.L,1990-07-23,0.0356
TEM.L,1991-07-29,0.0556
TEM.L,1992-08-10,0.04
TEM.L,1993-08-02,0.0378
TEM.L,1994-08-22,0.14
TEM.L,1995-08-21,0.15
TEM.L,1996-08-19,0.2
TEM.L,1997-08-04,0.22
TEM.L,1998-08-17,0.22
TEM.L,1999-08-16,0.22
TEM.L,2000-08-14,0.22
TEM.L,2001-08-15,0.25
TEM.L,2002-08-14,0.25
TEM.L,2003-08-20,0.25
TEM.L,2004-08-25,0.45
TEM.L,2005-08-31,0.53400004
TEM.L,2006-08-30,0.552
TEM.L,2007-08-29,0.62600005
TEM.L,2008-08-27,0.70000005
TEM.L,2009-06-17,1.25
TEM.L,2010-06-23,0.75
TEM.L,2011-06-22,0.85
TEM.L,2012-06-27,1.15
TEM.L,2013-06-12,1.25
TEM.L,2014-06-18,1.4499999
TEM.L,2015-06-18,1.65
TEM.L,2016-06-16,1.65
TEM.L,2017-06-15,1.65
TEM.L,2018-06-14,3.0
TEM.L,2018-12-06,1.0
TEM.L,2019-06-13,2.2
TEM.L,2019-12-05,1.52
TEM.L,2020-06-11,2.8000002
TEM.L,2020-12-03,3.0
TEM.L,2021-06-17,2.8000002
TEM.L,2021-12-02,1.0
TEM.L,2022-06-30,2.8000002
TEM.L,2022-12-15,2.0
TEM.L,2023-06-22,3.0
TEM.L,2023-12-14,2.0
TEM.L,2024-06-20,3.0
TEM.L,2024-12-19,2.0
TEM.L,2025-06-26,3.25
TEP.L,2000-11-20,0.5
TEP.L,2001-06-20,1.5
TEP.L,2001-11-14,2.0
TEP.L,2002-06-19,2.5
TEP.L,2002-12-18,2.5
TEP.L,2003-06-25,3.25
TEP.L,2003-12-10,4.5
TEP.L,2004-06-23,5.5
TEP.L,2005-01-05,5.0
TEP.L,2005-06-22,6.0
TEP.L,2006-07-05,1.0
TEP.L,2007-01-10,2.0
TEP.L,2007-07-11,6.0
TEP.L,2007-12-12,4.0
TEP.L,2008-07-09,10.0
TEP.L,2008-12-10,5.0
TEP.L,2009-07-08,12.5
TEP.L,2009-12-09,8.0
TEP.L,2010-07-14,14.0
TEP.L,2010-12-08,8.0
TEP.L,2011-07-13,14.0
TEP.L,2011-11-30,10.0
TEP.L,2012-07-18,17.0
TEP.L,2012-11-28,13.0
TEP.L,2013-07-17,18.0
TEP.L,2013-11-27,16.0
TEP.L,2014-07-16,19.0
TEP.L,2014-11-27,19.0
TEP.L,2015-07-23,21.0
TEP.L,2015-12-03,22.0
TEP.L,2016-07-07,24.0
TEP.L,2016-12-01,23.0
TEP.L,2017-07-06,25.0
TEP.L,2017-11-30,24.0
TEP.L,2018-07-12,26.0
TEP.L,2018-11-29,25.0
TEP.L,2019-07-11,27.000002
TEP.L,2019-11-28,27.000002
TEP.L,2020-07-09,30.000002
TEP.L,2020-11-26,27.000002
TEP.L,2021-07-08,30.000002
TEP.L,2021-12-02,27.000002
TEP.L,2022-07-14,30.000002
TEP.L,2022-12-01,34.0
TEP.L,2023-07-20,46.0
TEP.L,2023-11-30,36.0
TEP.L,2024-08-01,47.0
TEP.L,2024-12-05,37.0
TEP.L,2025-07-24,57.0
TEP.L,2025-12-04,38.0
TET.L,1993-03-01,0.52
TET.L,1993-08-16,0.22
TET.L,1994-02-28,0.58
TET.L,1994-08-22,0.24000001
TET.L,1995-02-27,0.68
TET.L,1995-08-29,0.35999998
TET.L,1996-03-04,0.76
TET.L,1996-08-27,0.38
TET.L,1997-03-03,0.76
TET.L,1997-09-01,0.38
TET.L,1998-03-09,0.82
TET.L,1998-09-01,0.4
TET.L,1999-03-01,0.88
TET.L,1999-08-31,0.44
TET.L,2000-03-06,0.98
TET.L,2000-09-04,0.5
TET.L,2001-03-07,1.06
TET.L,2001-09-05,0.52
TET.L,2002-03-06,1.1
TET.L,2003-03-05,1.14
TET.L,2003-09-03,0.54
TET.L,2004-03-10,1.14
TET.L,2004-09-01,0.54
TET.L,2005-02-09,1.22
TET.L,2005-08-31,0.62
TET.L,2006-02-08,1.28
TET.L,2006-08-30,0.68
TET.L,2007-01-31,1.42
TET.L,2007-08-29,0.70000005
TET.L,2008-01-30,1.46
TET.L,2008-08-27,0.71999997
TET.L,2009-01-28,1.52
TET.L,2009-08-26,0.74
TET.L,2010-01-27,1.66
TET.L,2010-09-08,0.82
TET.L,2011-01-26,1.78
TET.L,2011-09-14,0.96000004
TET.L,2012-01-25,1.94
TET.L,2012-09-12,1.02
TET.L,2013-01-30,2.08
TET.L,2013-09-11,1.1
TET.L,2014-02-26,2.6000001
TET.L,2014-09-10,1.24
TET.L,2015-02-26,2.6000001
TET.L,2015-09-10,1.28
TET.L,2016-03-03,2.76
TET.L,2016-09-08,1.35
TET.L,2017-02-16,3.0
TET.L,2017-07-13,1.4499999
TET.L,2018-02-08,3.3500001
TET.L,2018-07-05,1.6
TET.L,2019-02-07,3.5
TET.L,2019-07-04,1.7
TET.L,2020-02-06,3.8
TET.L,2020-07-02,1.84
TET.L,2021-02-04,4.16
TET.L,2021-07-01,2.0
TET.L,2022-02-03,5.5
TET.L,2022-06-30,2.5
TET.L,2023-02-02,5.35
TET.L,2023-06-29,2.55
TET.L,2024-02-01,5.46
TET.L,2024-07-04,2.6000001
TET.L,2025-02-06,5.81
TET.L,2025-07-03,2.6000001
TFIF.L,2013-07-17,1.2436
TFIF.L,2013-10-09,1.2436
TFIF.L,2014-01-15,1.2436
TFIF.L,2014-04-16,2.6165
TFIF.L,2014-07-16,1.4923
TFIF.L,2014-10-16,1.4923
TFIF.L,2015-01-15,1.4923
TFIF.L,2015-04-16,2.139
TFIF.L,2015-07-16,1.4923
TFIF.L,2015-10-15,1.4923
TFIF.L,2016-01-21,1.4923
TFIF.L,2016-03-03,2.6265001
TFIF.L,2016-07-14,1.4923
TFIF.L,2016-10-20,1.4923
TFIF.L,2017-01-19,1.4923
TFIF.L,2017-04-20,2.4773
TFIF.L,2017-07-20,1.4923
TFIF.L,2017-10-19,1.4923
TFIF.L,2018-01-18,1.4923
TFIF.L,2018-04-19,2.716
TFIF.L,2018-07-19,1.4923
TFIF.L,2018-10-18,1.4923
TFIF.L,2019-01-17,1.4923
TFIF.L,2019-04-18,1.94
TFIF.L,2019-07-18,1.4923
TFIF.L,2019-10-17,1.4923
TFIF.L,2020-01-16,1.4923
TFIF.L,2020-04-16,1.8903
TFIF.L,2020-07-16,1.4923
TFIF.L,2020-10-15,1.4923
TFIF.L,2021-01-21,1.4923
TFIF.L,2021-04-22,1.9002
TFIF.L,2021-07-15,1.4923
TFIF.L,2021-10-21,1.4923
TFIF.L,2022-01-20,1.4923
TFIF.L,2022-04-21,2.2584
TFIF.L,2022-07-21,1.4923
TFIF.L,2022-10-20,1.741
TFIF.L,2023-01-19,1.741
TFIF.L,2023-04-20,4.4372
TFIF.L,2023-07-20,1.9898
TFIF.L,2023-10-19,1.9898
TFIF.L,2024-01-18,1.9898
TFIF.L,2024-04-18,3.9397001
TFIF.L,2024-07-18,1.9898
TFIF.L,2024-10-17,1.9898
TFIF.L,2025-01-16,1.9898
TFIF.L,2025-04-17,5.0441003
TFIF.L,2025-07-17,1.9898
TFIF.L,2025-10-16,2.0
TFW.L,1993-03-29,0.08
TFW.L,1993-10-04,0.187
TFW.L,1994-04-11,0.1
TFW.L,1994-10-10,0.22
TFW.L,1995-04-10,0.125
TFW.L,1995-10-09,0.275
TFW.L,1996-04-09,0.133
TFW.L,1996-10-07,0.285
TFW.L,1997-04-07,0.137
TFW.L,1997-10-13,0.31300002
TFW.L,1998-03-30,0.15
TFW.L,1998-09-28,0.375
TFW.L,1999-03-29,1.15
TFW.L,1999-10-11,0.375
TFW.L,2000-04-17,0.15
TFW.L,2000-10-09,0.42
TFW.L,2001-03-28,0.17999999
TFW.L,2001-09-26,0.42
TFW.L,2002-03-27,0.17999999
TFW.L,2002-09-25,0.42
TFW.L,2003-03-26,0.19
TFW.L,2003-09-24,0.47
TFW.L,2004-03-24,0.22
TFW.L,2004-09-22,0.64
TFW.L,2005-03-24,0.25
TFW.L,2005-09-28,0.75
TFW.L,2006-04-05,0.3
TFW.L,2006-10-11,2.1
TFW.L,2007-04-04,0.32500002
TFW.L,2007-10-10,1.0
TFW.L,2008-04-09,0.39
TFW.L,2008-10-15,1.21
TFW.L,2009-04-15,0.41
TFW.L,2009-10-14,2.41
TFW.L,2010-03-24,0.41
TFW.L,2010-10-20,1.26
TFW.L,2011-04-13,0.43
TFW.L,2011-10-19,1.3299999
TFW.L,2012-04-11,0.48000002
TFW.L,2012-10-24,1.46
TFW.L,2013-04-10,0.1
TFW.L,2013-10-23,2.0
TFW.L,2014-04-09,1.05
TFW.L,2014-10-23,3.7
TFW.L,2015-03-26,1.1
TFW.L,2015-10-22,2.55
TFW.L,2016-03-24,3.2
TFW.L,2016-10-27,2.85
TFW.L,2017-03-23,1.35
TFW.L,2017-10-26,3.5500002
TFW.L,2018-03-22,1.4000001
TFW.L,2018-11-01,4.0
TFW.L,2019-03-28,1.43
TFW.L,2019-10-31,4.1
TFW.L,2020-04-02,1.46
TFW.L,2020-10-29,4.2
TFW.L,2021-04-01,1.49
TFW.L,2021-10-28,6.5099998
TFW.L,2022-03-17,3.81
TFW.L,2022-10-27,4.61
TFW.L,2023-03-23,1.62
TFW.L,2023-10-26,4.84
TFW.L,2024-03-21,1.7
TFW.L,2024-10-24,7.58
TFW.L,2025-03-20,1.76
TFW.L,2025-10-30,5.3599997
TGA.L,2022-05-05,91.5284
TGA.L,2022-09-22,300.0183
TGA.L,2023-04-20,178.28
TGA.L,2023-09-21,41.22
TGA.L,2024-04-18,41.82
TGA.L,2024-09-19,8.598
TGA.L,2025-04-24,46.4796
TGA.L,2025-09-18,8.4
THRG.L,1973-01-31,0.0584
THRG.L,1973-07-31,0.049200002
THRG.L,1974-01-31,0.0736
THRG.L,1974-07-31,0.05
THRG.L,1975-02-28,0.0924
THRG.L,1975-06-30,0.05
THRG.L,1976-02-27,0.11
THRG.L,1976-06-30,0.05
THRG.L,1977-01-31,0.11
THRG.L,1977-06-30,0.08
THRG.L,1978-01-31,0.095
THRG.L,1978-06-30,0.08
THRG.L,1979-01-31,0.115
THRG.L,1979-07-31,0.089999996
THRG.L,1980-02-29,0.132
THRG.L,1980-06-30,0.089999996
THRG.L,1981-02-27,0.15
THRG.L,1981-06-30,0.089999996
THRG.L,1982-02-26,0.15
THRG.L,1982-07-30,0.11
THRG.L,1983-03-31,0.15
THRG.L,1983-07-29,0.11
THRG.L,1984-02-29,0.15
THRG.L,1984-07-31,0.11
THRG.L,1985-02-28,0.19
THRG.L,1985-07-31,0.11
THRG.L,1986-02-28,0.224
THRG.L,1986-07-31,0.11
THRG.L,1987-02-27,0.274
THRG.L,1987-07-31,0.11
THRG.L,1988-02-29,1.625
THRG.L,1988-07-04,0.2
THRG.L,1989-02-13,0.4625
THRG.L,1989-07-17,0.8
THRG.L,1990-02-26,2.38
THRG.L,1990-07-09,0.9
THRG.L,1991-02-25,1.25
THRG.L,1991-07-29,0.9
THRG.L,1992-02-24,1.4000001
THRG.L,1992-07-27,0.9
THRG.L,1993-03-01,1.4000001
THRG.L,1993-08-02,0.9
THRG.L,1994-02-28,1.4000001
THRG.L,1994-07-25,0.9
THRG.L,1995-02-27,1.4000001
THRG.L,1995-07-31,0.9
THRG.L,1996-02-26,1.4000001
THRG.L,1996-07-29,0.9
THRG.L,1997-02-24,1.4000001
THRG.L,1997-07-28,0.9
THRG.L,1998-02-16,1.4499999
THRG.L,1998-07-20,0.92
THRG.L,1999-02-15,1.5
THRG.L,1999-07-19,0.95
THRG.L,2000-01-31,1.55
THRG.L,2000-07-17,0.5
THRG.L,2001-01-29,1.0
THRG.L,2001-07-11,0.5
THRG.L,2002-02-06,1.0
THRG.L,2002-07-10,0.5
THRG.L,2003-03-05,1.0
THRG.L,2003-07-16,0.5
THRG.L,2004-03-03,1.0
THRG.L,2004-07-21,0.5
THRG.L,2005-03-02,1.1
THRG.L,2005-07-20,0.5
THRG.L,2006-03-01,1.25
THRG.L,2006-07-19,0.5
THRG.L,2007-02-28,1.5
THRG.L,2007-08-15,0.5
THRG.L,2008-02-27,1.7
THRG.L,2008-08-06,0.55
THRG.L,2009-04-01,4.8500004
THRG.L,2009-07-29,0.55
THRG.L,2010-02-17,4.2
THRG.L,2010-07-28,0.58
THRG.L,2011-02-16,2.42
THRG.L,2011-08-03,0.6
THRG.L,2012-02-22,2.55
THRG.L,2012-07-25,0.62
THRG.L,2013-02-20,2.7
THRG.L,2013-07-31,0.75
THRG.L,2014-02-19,3.25
THRG.L,2014-07-30,0.8
THRG.L,2015-02-26,3.6
THRG.L,2015-08-06,1.1
THRG.L,2016-02-25,5.6000004
THRG.L,2016-07-28,1.25
THRG.L,2017-02-16,6.25
THRG.L,2017-08-03,2.0
THRG.L,2018-02-22,7.0
THRG.L,2018-08-02,2.5
THRG.L,2019-02-21,7.5000005
THRG.L,2019-08-01,2.5
THRG.L,2020-02-20,7.7
THRG.L,2020-07-30,2.5
THRG.L,2021-02-18,7.7
THRG.L,2021-08-05,2.5
THRG.L,2022-02-17,8.0
THRG.L,2022-07-28,2.6000001
THRG.L,2023-02-23,8.5
THRG.L,2023-08-03,3.3
THRG.L,2024-02-22,11.45
THRG.L,2024-08-01,3.7500002
THRG.L,2025-02-27,14.25
THRG.L,2025-08-14,3.8
THRL.L,2013-08-07,2.0
THRL.L,2013-10-23,1.5
THRL.L,2014-02-05,1.5
THRL.L,2014-05-07,1.5
THRL.L,2014-08-06,1.5
THRL.L,2014-11-13,1.53
THRL.L,2015-02-12,1.53
THRL.L,2015-05-14,1.53
THRL.L,2015-08-13,1.53
THRL.L,2015-11-12,1.545
THRL.L,2016-02-11,1.545
THRL.L,2016-04-28,1.545
THRL.L,2016-08-11,1.545
THRL.L,2016-11-03,1.5699999
THRL.L,2017-02-02,1.5699999
THRL.L,2017-05-04,1.5699999
THRL.L,2017-08-03,1.5699999
THRL.L,2017-11-16,1.6125
THRL.L,2018-02-01,1.6125
THRL.L,2018-05-03,1.6125
THRL.L,2018-08-09,1.6125
THRL.L,2018-10-25,1.6448001
THRL.L,2019-02-07,1.6448001
THRL.L,2019-05-02,1.6448001
THRL.L,2019-07-18,1.6448001
THRL.L,2019-11-14,1.67
THRL.L,2020-02-13,1.67
THRL.L,2020-05-07,1.67
THRL.L,2020-08-13,1.67
THRL.L,2020-11-12,1.68
THRL.L,2021-02-11,1.68
THRL.L,2021-05-13,1.68
THRL.L,2021-08-12,1.68
THRL.L,2021-11-11,1.6899999
THRL.L,2022-02-10,1.6899999
THRL.L,2022-05-12,1.6899999
THRL.L,2022-08-11,1.6899999
THRL.L,2022-11-10,1.6899999
THRL.L,2023-02-09,1.6899999
THRL.L,2023-05-11,1.4000001
THRL.L,2023-08-10,1.4000001
THRL.L,2023-11-09,1.428
THRL.L,2024-02-08,1.428
THRL.L,2024-05-16,1.428
THRL.L,2024-08-15,1.428
THRL.L,2024-11-14,1.471
THRL.L,2025-02-13,1.471
THRL.L,2025-05-15,1.471
THRL.L,2025-08-14,1.471
THRL.L,2025-11-13,1.508
THS.L,2018-02-01,3.7135
THS.L,2018-06-07,1.4782001
THS.L,2019-02-14,1.5694
THS.L,2019-06-06,0.3864
THS.L,2020-02-13,0.1942
THS.L,2021-02-25,2.6203
THS.L,2021-06-17,2.8221
THS.L,2022-03-03,3.7480998
THS.L,2022-06-16,2.3904
THS.L,2023-03-02,3.2594
THS.L,2023-06-08,2.4139
THS.L,2024-02-29,1.5838001
THS.L,2024-06-13,1.1787
THS.L,2025-02-27,2.3715
THS.L,2025-06-12,1.119
THX.L,2025-05-01,0.6732
THX.L,2025-07-25,0.6828
THX.L,2025-10-23,0.677
TIA.L,2011-06-22,47.7273
TIA.L,2012-05-30,214.7727
TIA.L,2013-06-05,286.3636
TIA.L,2014-06-04,286.3636
TIG.L,2023-05-04,1.0
TIG.L,2024-04-25,2.0
TIG.L,2024-08-29,1.0
TLW.L,2003-10-15,0.8516
TLW.L,2004-05-19,0.8516
TLW.L,2004-10-06,0.4258
TLW.L,2005-06-01,1.0645
TLW.L,2005-10-05,0.8516
TLW.L,2006-05-10,2.5549
TLW.L,2006-09-27,1.7033
TLW.L,2007-05-02,2.9807
TLW.L,2007-10-03,1.7033
TLW.L,2008-04-16,3.4065
TLW.L,2008-10-01,1.7033
TLW.L,2009-04-15,3.4065
TLW.L,2009-09-30,1.7033
TLW.L,2010-04-14,3.4065
TLW.L,2010-09-29,1.7033
TLW.L,2011-04-13,3.4065
TLW.L,2011-09-28,3.4065
TLW.L,2012-04-18,6.8131
TLW.L,2012-09-05,3.4065
TLW.L,2013-04-17,6.8131
TLW.L,2013-08-28,3.4065
TLW.L,2014-04-02,6.8131
TLW.L,2014-08-27,3.4065
TLW.L,2019-04-04,3.7300003
TLW.L,2019-08-29,1.8878
TMI.L,2025-08-07,0.02
TMIP.L,2021-11-04,1.2922
TMIP.L,2022-02-03,1.2876
TMIP.L,2022-04-28,1.30907
TMIP.L,2022-05-19,2.5563
TMIP.L,2022-08-04,1.6488001
TMIP.L,2022-11-03,1.7138001
TMIP.L,2023-02-09,1.6596
TMIP.L,2023-05-11,1.6085001
TMIP.L,2023-08-10,1.5659999
TMIP.L,2023-11-02,1.626
TMIP.L,2024-02-08,1.5817
TMIP.L,2024-05-09,1.5829
TMIP.L,2024-08-08,1.5533
TMIP.L,2024-11-07,1.5659999
TMIP.L,2025-02-06,4.7549
TMIP.L,2025-05-08,1.5005
TMIP.L,2025-08-07,1.4685999
TMIP.L,2025-11-06,1.5192
TMPL.L,1972-09-18,0.049200002
TMPL.L,1973-02-26,0.102
TMPL.L,1973-10-01,0.059800003
TMPL.L,1974-02-25,0.1242
TMPL.L,1974-09-16,0.059800003
TMPL.L,1975-02-24,0.1472
TMPL.L,1975-10-06,0.059800003
TMPL.L,1976-02-23,0.1702
TMPL.L,1976-10-04,0.092
TMPL.L,1977-02-28,0.046
TMPL.L,1977-08-22,0.2782
TMPL.L,1978-03-13,0.1586
TMPL.L,1978-09-18,0.138
TMPL.L,1979-02-26,0.3678
TMPL.L,1979-08-28,0.20699999
TMPL.L,1980-02-25,0.4369
TMPL.L,1980-08-11,0.23
TMPL.L,1981-03-02,0.47820002
TMPL.L,1981-08-10,0.23
TMPL.L,1982-03-01,0.4966
TMPL.L,1982-08-16,0.276
TMPL.L,1983-03-07,0.4966
TMPL.L,1983-08-15,0.276
TMPL.L,1984-02-27,0.4966
TMPL.L,1984-08-13,0.3036
TMPL.L,1985-02-25,0.5518
TMPL.L,1985-08-12,0.3678
TMPL.L,1986-02-24,0.607
TMPL.L,1986-08-11,0.44140002
TMPL.L,1987-02-23,0.77
TMPL.L,1987-08-24,0.528
TMPL.L,1988-02-19,0.86200005
TMPL.L,1988-08-15,0.64
TMPL.L,1989-02-27,1.06
TMPL.L,1989-08-14,0.74
TMPL.L,1990-02-26,1.3000001
TMPL.L,1990-08-20,0.82
TMPL.L,1991-02-25,1.56
TMPL.L,1991-07-29,0.9
TMPL.L,1992-02-24,1.7
TMPL.L,1992-08-10,0.9
TMPL.L,1993-03-01,1.75
TMPL.L,1993-08-16,0.92
TMPL.L,1994-02-28,1.79
TMPL.L,1994-08-15,0.94
TMPL.L,1995-02-27,1.85
TMPL.L,1995-08-14,0.98
TMPL.L,1996-02-26,1.9300001
TMPL.L,1996-07-29,1.04
TMPL.L,1997-02-24,2.16
TMPL.L,1997-09-01,1.14
TMPL.L,1998-03-09,2.38
TMPL.L,1998-09-07,1.25
TMPL.L,1999-03-08,2.622
TMPL.L,1999-09-06,1.37
TMPL.L,2000-03-13,2.8899999
TMPL.L,2000-09-11,1.506
TMPL.L,2001-03-14,3.1800003
TMPL.L,2001-09-12,1.5960001
TMPL.L,2002-03-13,3.3720002
TMPL.L,2002-09-11,1.644
TMPL.L,2003-03-12,3.474
TMPL.L,2003-09-10,1.6860001
TMPL.L,2004-03-17,3.56
TMPL.L,2004-09-15,1.7279999
TMPL.L,2005-03-16,3.6759999
TMPL.L,2005-09-14,1.78
TMPL.L,2006-03-15,3.7859998
TMPL.L,2006-09-13,1.87
TMPL.L,2007-03-14,3.976
TMPL.L,2007-09-12,1.9819999
TMPL.L,2008-03-12,4.2139997
TMPL.L,2008-09-10,2.1
TMPL.L,2009-03-11,4.468
TMPL.L,2009-09-16,2.1
TMPL.L,2010-03-10,4.6
TMPL.L,2010-09-15,2.1
TMPL.L,2011-03-16,4.7400002
TMPL.L,2011-09-14,2.8000002
TMPL.L,2012-03-14,4.246
TMPL.L,2012-09-12,2.93
TMPL.L,2013-03-13,4.4
TMPL.L,2013-09-11,3.02
TMPL.L,2014-03-12,4.5299997
TMPL.L,2014-09-10,3.11
TMPL.L,2015-03-12,4.666
TMPL.L,2015-06-11,1.5860001
TMPL.L,2015-09-10,1.5860001
TMPL.L,2015-12-10,1.5860001
TMPL.L,2016-03-10,3.1739998
TMPL.L,2016-06-09,1.6179999
TMPL.L,2016-09-08,1.6179999
TMPL.L,2016-12-08,1.6179999
TMPL.L,2017-03-09,3.2359998
TMPL.L,2017-06-08,1.6659999
TMPL.L,2017-09-07,1.6659999
TMPL.L,2017-12-07,1.6659999
TMPL.L,2018-03-08,3.4960003
TMPL.L,2018-06-07,1.75
TMPL.L,2018-09-06,1.75
TMPL.L,2018-12-06,1.75
TMPL.L,2019-03-07,4.0940003
TMPL.L,2019-06-06,2.2
TMPL.L,2019-09-12,2.2
TMPL.L,2019-12-05,2.2
TMPL.L,2020-03-12,3.678
TMPL.L,2020-06-04,2.2
TMPL.L,2020-09-10,2.2
TMPL.L,2020-12-10,1.65
TMPL.L,2021-03-11,1.65
TMPL.L,2021-06-03,1.95
TMPL.L,2021-09-09,1.95
TMPL.L,2021-12-09,1.95
TMPL.L,2022-03-10,2.05
TMPL.L,2022-06-09,2.05
TMPL.L,2022-09-08,2.3
TMPL.L,2022-12-08,2.5
TMPL.L,2023-03-02,2.5
TMPL.L,2023-06-01,2.3
TMPL.L,2023-08-24,2.3
TMPL.L,2023-11-30,2.5
TMPL.L,2024-03-07,2.5
TMPL.L,2024-05-30,2.5
TMPL.L,2024-08-22,2.75
TMPL.L,2024-11-21,3.0
TMPL.L,2025-03-06,3.0
TMPL.L,2025-05-29,3.7500002
TMPL.L,2025-08-21,3.7500002
TMPL.L,2025-11-20,3.7500002
TMT.L,2016-11-03,0.1
TMT.L,2019-07-18,0.2
TOM.L,1996-12-09,823.0625
TON.L,1993-01-15,2.57
TON.L,1993-05-24,1.3000001
TON.L,1994-01-17,2.8999999
TON.L,1994-05-16,1.4000001
TON.L,1995-01-09,3.1
TON.L,1995-05-15,1.5
TON.L,1996-01-15,3.2
TON.L,1996-05-28,1.6
TON.L,1997-01-20,3.4
TON.L,1997-06-02,1.7
TON.L,1998-01-19,3.5
TON.L,1998-06-01,1.8
TON.L,1999-01-18,17.6
TON.L,1999-06-01,2.2
TON.L,2000-01-17,4.3
TON.L,2000-06-05,2.3
TON.L,2001-01-22,4.5
TON.L,2001-06-06,2.3
TON.L,2002-01-23,4.7
TON.L,2002-06-05,2.3
TON.L,2003-01-22,4.8
TON.L,2003-06-04,2.3
TON.L,2004-01-21,4.8
TON.L,2004-06-02,2.3
TON.L,2005-01-26,4.8
TON.L,2005-06-08,2.3
TON.L,2006-02-01,4.8
TON.L,2006-06-07,2.3
TON.L,2007-01-31,4.8
TON.L,2007-05-30,2.3
TON.L,2008-01-30,2.3
TON.L,2008-05-28,1.0
TON.L,2009-01-21,1.0
TON.L,2009-05-27,1.0
TON.L,2010-01-20,1.0
TON.L,2010-05-26,1.0
TON.L,2011-01-19,1.25
TON.L,2011-05-18,1.0
TON.L,2012-01-25,1.0
TON.L,2012-05-23,1.0
TON.L,2013-01-23,0.5
TON.L,2013-05-22,1.0
TON.L,2014-01-22,1.0
TON.L,2014-05-28,1.0
TON.L,2015-01-29,1.5
TON.L,2015-05-28,1.25
TON.L,2016-01-28,1.75
TON.L,2016-06-02,1.25
TON.L,2017-01-26,2.25
TON.L,2017-06-01,1.5
TON.L,2018-01-18,2.7
TON.L,2018-05-17,1.75
TON.L,2019-01-17,3.0
TON.L,2019-05-23,1.75
TON.L,2020-01-16,3.0
TON.L,2021-02-04,2.0
TON.L,2021-05-20,1.5
TON.L,2022-01-27,3.0
TON.L,2022-05-26,1.5
TON.L,2023-02-09,0.5
TON.L,2023-06-01,0.5
TON.L,2024-02-22,0.5
TOWN.L,1993-03-29,0.88
TOWN.L,1993-11-15,1.84
TOWN.L,1994-05-16,0.96000004
TOWN.L,1994-11-14,2.08
TOWN.L,1995-05-15,1.0
TOWN.L,1995-11-27,2.25
TOWN.L,1996-05-28,1.05
TOWN.L,1996-11-25,2.45
TOWN.L,1997-05-27,1.1
TOWN.L,1997-11-24,2.7
TOWN.L,1998-06-01,1.2
TOWN.L,1998-11-23,2.7
TOWN.L,1999-06-01,1.3000001
TOWN.L,1999-11-22,3.0
TOWN.L,2000-06-05,1.35
TOWN.L,2000-11-27,3.15
TOWN.L,2001-06-06,1.35
TOWN.L,2001-11-28,3.4
TOWN.L,2002-06-05,1.5
TOWN.L,2002-12-04,3.5
TOWN.L,2003-06-04,1.65
TOWN.L,2003-12-03,3.85
TOWN.L,2004-06-02,1.8
TOWN.L,2004-12-01,4.1
TOWN.L,2005-06-01,1.9
TOWN.L,2005-11-30,4.3
TOWN.L,2006-05-31,2.0
TOWN.L,2006-11-29,7.2
TOWN.L,2007-04-04,40.0
TOWN.L,2007-05-30,2.1
TOWN.L,2007-12-05,5.4
TOWN.L,2008-05-28,2.75
TOWN.L,2008-12-03,5.4
TOWN.L,2009-05-27,2.75
TOWN.L,2009-12-02,5.4
TOWN.L,2010-03-03,3.02
TOWN.L,2010-12-08,7.3399997
TOWN.L,2011-06-01,3.1
TOWN.L,2011-12-07,7.3399997
TOWN.L,2012-05-30,3.1
TOWN.L,2013-03-06,7.3399997
TOWN.L,2013-05-29,3.1
TOWN.L,2013-12-04,7.3399997
TOWN.L,2014-05-28,3.1
TOWN.L,2014-12-04,7.3399997
TOWN.L,2015-05-28,3.1
TOWN.L,2015-12-03,7.3399997
TOWN.L,2016-05-26,3.1
TOWN.L,2016-12-01,7.9000006
TOWN.L,2017-05-25,3.25
TOWN.L,2017-12-07,8.25
TOWN.L,2018-05-24,3.25
TOWN.L,2018-12-06,8.5
TOWN.L,2019-05-23,3.25
TOWN.L,2019-12-05,8.5
TOWN.L,2020-05-28,3.25
TOWN.L,2020-12-03,1.75
TOWN.L,2021-05-27,1.75
TOWN.L,2021-12-30,1.75
TOWN.L,2022-05-19,2.5
TOWN.L,2022-12-08,2.5
TOWN.L,2023-05-18,2.5
TOWN.L,2023-12-14,2.5
TOWN.L,2024-05-23,8.5
TOWN.L,2025-05-22,2.5
TPFG.L,2014-09-17,1.3000001
TPFG.L,2015-04-23,2.7
TPFG.L,2015-09-17,1.8
TPFG.L,2016-04-21,4.1
TPFG.L,2016-09-22,2.0
TPFG.L,2017-04-20,4.5
TPFG.L,2017-09-21,2.1
TPFG.L,2018-04-19,5.4
TPFG.L,2018-09-20,2.4
TPFG.L,2019-04-18,6.0
TPFG.L,2019-09-19,2.6000001
TPFG.L,2020-09-10,2.1
TPFG.L,2021-02-11,6.6
TPFG.L,2021-09-23,3.8
TPFG.L,2022-04-28,7.8
TPFG.L,2022-09-22,4.2
TPFG.L,2023-05-11,8.8
TPFG.L,2023-09-21,4.6
TPFG.L,2024-01-18,2.0
TPFG.L,2024-05-16,7.4
TPFG.L,2024-09-19,6.0
TPFG.L,2025-05-08,12.0
TPFG.L,2025-09-18,7.0
TPK.L,1993-05-10,4.8574
TPK.L,1993-10-04,2.2079
TPK.L,1994-04-11,4.8574
TPK.L,1994-09-26,2.4729002
TPK.L,1995-04-03,5.4756002
TPK.L,1995-10-02,2.4729002
TPK.L,1996-04-15,5.7406
TPK.L,1996-09-30,2.6495001
TPK.L,1997-04-07,6.1822
TPK.L,1997-09-29,2.9145
TPK.L,1998-04-06,6.8004
TPK.L,1998-09-28,3.356
TPK.L,1999-04-12,7.3303
TPK.L,1999-10-04,3.7976
TPK.L,2000-04-10,8.3018
TPK.L,2000-10-02,4.2392
TPK.L,2001-04-11,9.2733
TPK.L,2001-10-03,4.7690997
TPK.L,2002-04-17,10.4214
TPK.L,2002-10-02,5.3873
TPK.L,2003-04-16,11.8344
TPK.L,2003-10-01,6.7121
TPK.L,2004-04-21,14.837199
TPK.L,2004-09-29,8.3901005
TPK.L,2005-04-20,18.5465
TPK.L,2005-09-28,9.7148
TPK.L,2006-04-19,20.312899
TPK.L,2006-10-04,10.6863
TPK.L,2007-04-18,22.3441
TPK.L,2007-10-03,12.8059
TPK.L,2008-04-16,26.8483
TPK.L,2008-10-01,12.8059
TPK.L,2010-10-20,5.6022
TPK.L,2011-05-04,11.2045
TPK.L,2011-10-12,7.2829
TPK.L,2012-05-02,15.126101
TPK.L,2012-10-10,8.9636
TPK.L,2013-05-01,19.0476
TPK.L,2013-10-09,11.2045
TPK.L,2014-04-30,23.5294
TPK.L,2014-10-09,13.7255
TPK.L,2015-04-30,28.8515
TPK.L,2015-10-08,16.5266
TPK.L,2016-04-28,32.7731
TPK.L,2016-10-06,17.0868
TPK.L,2017-04-13,33.333298
TPK.L,2017-09-28,17.3669
TPK.L,2018-04-05,34.1737
TPK.L,2018-10-04,17.3669
TPK.L,2019-04-04,35.2941
TPK.L,2019-10-03,17.3669
TPK.L,2021-09-30,47.0
TPK.L,2022-03-31,26.0
TPK.L,2022-10-06,12.5
TPK.L,2023-04-06,26.499998
TPK.L,2023-10-05,12.5
TPK.L,2024-03-28,5.5
TPK.L,2024-10-03,5.5
TPK.L,2025-04-17,9.0
TPK.L,2025-10-02,4.5
TPT.L,1998-02-09,0.16
TPT.L,1998-09-14,0.4667
TPT.L,1999-02-08,0.384
TPT.L,1999-09-06,0.6693
TPT.L,2000-02-07,0.2667
TPT.L,2000-08-29,0.88799995
TPT.L,2001-01-29,0.30670002
TPT.L,2001-09-05,1.0267
TPT.L,2002-02-06,0.35999998
TPT.L,2002-10-02,1.5467
TPT.L,2003-01-22,0.89330006
TPT.L,2003-05-28,0.8
TPT.L,2004-01-07,4.1067
TPT.L,2004-06-02,2.6667001
TPT.L,2005-01-12,8.0
TPT.L,2005-06-01,4.6667
TPT.L,2006-01-11,8.0
TPT.L,2006-05-31,4.6667
TPT.L,2007-01-03,6.8999996
TPT.L,2007-05-30,3.7500002
TPT.L,2008-01-02,6.95
TPT.L,2008-06-04,3.0
TPT.L,2010-12-29,1.0
TPT.L,2011-06-08,0.5
TPT.L,2011-12-28,0.6
TPT.L,2012-06-13,0.5
TPT.L,2012-12-24,0.75
TPT.L,2013-06-12,0.5
TPT.L,2013-12-23,1.0
TPT.L,2014-06-11,0.65000004
TPT.L,2014-12-29,1.6
TPT.L,2015-06-11,0.75
TPT.L,2016-01-07,2.25
TPT.L,2016-06-09,1.0
TPT.L,2017-01-05,2.5
TPT.L,2017-06-15,1.1
TPT.L,2017-12-21,2.3
TPT.L,2018-06-07,1.1
TPT.L,2018-12-20,2.3
TPT.L,2019-06-06,1.1
TPT.L,2019-12-19,2.3
TPT.L,2021-12-23,3.1
TPT.L,2022-06-09,1.0
TPT.L,2022-12-22,2.6000001
TPT.L,2023-06-08,1.2
TPT.L,2023-12-21,2.4
TPT.L,2024-06-06,1.2
TPT.L,2024-12-19,1.2
TPT.L,2025-06-05,0.8
TPX.L,2021-01-07,0.2
TPX.L,2021-09-23,0.4
TPX.L,2022-01-20,0.3
TPX.L,2022-10-06,0.6
TPX.L,2023-01-19,0.3
TRB.L,2003-12-17,0.71999997
TRB.L,2004-09-22,1.4399999
TRB.L,2004-12-15,0.71999997
TRB.L,2005-09-21,1.4399999
TRB.L,2005-12-14,0.756
TRB.L,2006-09-20,1.62
TRB.L,2007-01-03,0.756
TRB.L,2007-09-19,1.7424
TRB.L,2007-12-12,0.82799995
TRB.L,2008-06-11,1.296
TRB.L,2008-09-24,1.224
TRB.L,2009-06-17,1.908
TRB.L,2009-09-23,1.332
TRB.L,2010-06-16,1.98
TRB.L,2010-09-22,1.332
TRB.L,2011-06-15,0.46799996
TRB.L,2011-09-21,0.28800002
TRB.L,2012-06-13,0.43199998
TRB.L,2012-09-19,0.28800002
TRB.L,2013-06-12,0.612
TRB.L,2013-09-18,0.35999998
TRB.L,2014-06-11,0.792
TRB.L,2014-09-17,0.43199998
TRB.L,2015-06-11,0.86399996
TRB.L,2015-09-17,0.504
TRB.L,2018-05-03,1.0
TRB.L,2019-05-02,1.1
TRB.L,2020-11-05,1.1
TRB.L,2021-07-08,1.2
TRB.L,2022-06-23,1.3000001
TRB.L,2023-06-22,0.65000004
TRB.L,2024-10-31,0.65000004
TRB.L,2025-06-26,0.65000004
TRC.L,2015-10-15,1.3656
TRC.L,2016-03-10,1.205
TRC.L,2016-11-10,2.6509
TRC.L,2017-03-16,1.3255
TRC.L,2017-11-09,2.6509
TRC.L,2018-03-22,1.3255
TRC.L,2018-11-08,2.6509
TRCS.L,2012-03-14,0.2
TRCS.L,2013-01-16,0.35000002
TRCS.L,2013-03-13,0.3
TRCS.L,2014-01-15,0.4
TRCS.L,2014-03-26,0.35000002
TRCS.L,2015-01-29,0.45
TRCS.L,2015-04-23,0.4
TRCS.L,2016-01-28,0.6
TRCS.L,2016-04-07,0.5
TRCS.L,2017-01-26,0.70000005
TRCS.L,2017-04-06,0.6
TRCS.L,2018-02-01,0.8
TRCS.L,2018-04-12,0.70000005
TRCS.L,2019-01-31,0.9
TRCS.L,2019-04-25,0.8
TRCS.L,2020-01-30,1.0
TRCS.L,2022-04-14,0.9
TRCS.L,2023-01-26,1.1
TRCS.L,2023-04-20,1.0
TRCS.L,2024-01-25,1.2
TRCS.L,2024-05-09,1.1
TRCS.L,2025-01-23,1.3000001
TRCS.L,2025-05-08,1.2
TRD.L,1996-12-16,1.0
TRD.L,1997-06-30,2.0
TRD.L,1998-01-19,2.0
TRD.L,1998-06-01,4.0
TRD.L,1999-01-18,3.0
TRD.L,1999-07-12,3.0
TRD.L,2001-07-11,2.0
TRD.L,2001-11-28,1.0
TRD.L,2017-08-10,0.5
TRD.L,2017-11-30,0.5
TRD.L,2018-08-23,1.0
TRD.L,2018-12-06,1.0
TRD.L,2019-08-01,2.0
TRD.L,2020-01-02,1.0
TRD.L,2021-07-29,2.0
TRD.L,2021-12-02,2.0
TRD.L,2022-07-28,4.0
TRD.L,2022-12-15,2.0
TRD.L,2023-07-13,4.0
TRD.L,2024-01-04,2.0
TRD.L,2024-08-01,4.0
TRD.L,2024-11-21,2.0
TRD.L,2025-07-31,4.0
TRD.L,2025-12-04,3.0
TRI.L,1994-07-25,0.215
TRI.L,1994-12-12,0.5875
TRI.L,1995-07-31,1.1625
TRI.L,1995-12-27,0.72499996
TRI.L,1996-07-29,1.4499999
TRI.L,1996-12-30,0.83250004
TRI.L,1997-07-21,1.6674999
TRI.L,1997-12-08,0.93750006
TRI.L,1998-07-20,1.8750001
TRI.L,1998-12-07,1.0425
TRI.L,1999-06-28,2.0825
TRI.L,1999-12-06,1.1424999
TRI.L,2000-06-26,2.2849998
TRI.L,2000-11-27,1.26
TRI.L,2001-06-27,2.49
TRI.L,2001-12-05,0.6
TRI.L,2002-07-03,1.2
TRI.L,2002-12-04,0.63
TRI.L,2003-07-02,1.27
TRI.L,2003-12-03,0.65999997
TRI.L,2004-06-30,1.3399999
TRI.L,2004-12-01,0.69
TRI.L,2005-06-29,1.4100001
TRI.L,2005-11-30,0.73
TRI.L,2006-06-28,1.48
TRI.L,2006-12-06,0.77
TRI.L,2007-06-27,1.66
TRI.L,2007-11-28,0.93
TRI.L,2008-06-25,1.87
TRI.L,2008-11-26,0.93
TRI.L,2012-06-27,0.5
TRI.L,2013-07-03,0.8
TRI.L,2013-11-20,0.4
TRI.L,2014-06-25,1.0
TRI.L,2015-03-19,0.6
TRI.L,2015-09-17,1.5
TRI.L,2016-03-17,0.8
TRI.L,2016-09-15,2.0
TRI.L,2017-03-16,1.0
TRI.L,2017-09-14,2.5
TRI.L,2018-03-15,1.1
TRI.L,2018-09-13,2.75
TRI.L,2019-03-14,1.2
TRI.L,2019-09-12,3.05
TRI.L,2020-03-12,1.2
TRI.L,2021-09-16,1.6
TRI.L,2022-03-17,0.70000005
TRI.L,2022-09-15,1.4000001
TRI.L,2023-03-16,0.75
TRI.L,2023-09-28,1.5
TRI.L,2024-03-14,0.6
TRI.L,2024-09-12,1.2
TRI.L,2025-03-06,0.6
TRI.L,2025-09-11,1.2
TRIG.L,2014-02-19,2.4799001
TRIG.L,2014-08-20,2.9759
TRIG.L,2015-02-19,3.0552
TRIG.L,2015-08-20,3.0552
TRIG.L,2016-02-18,3.085
TRIG.L,2016-05-26,1.5499
TRIG.L,2016-08-18,1.5499
TRIG.L,2016-11-17,1.5499
TRIG.L,2017-02-16,1.5499
TRIG.L,2017-05-18,1.5870999
TRIG.L,2017-08-17,1.5870999
TRIG.L,2017-11-16,1.5870999
TRIG.L,2018-02-15,1.5870999
TRIG.L,2018-05-17,1.6119
TRIG.L,2018-08-16,1.6119
TRIG.L,2018-11-08,1.6119
TRIG.L,2019-02-14,1.6119
TRIG.L,2019-05-16,1.6514
TRIG.L,2019-08-15,1.6514
TRIG.L,2019-11-14,1.6514
TRIG.L,2020-02-13,1.6514
TRIG.L,2020-05-14,1.6813
TRIG.L,2020-08-13,1.6813
TRIG.L,2020-11-12,1.6813
TRIG.L,2021-02-11,1.6813
TRIG.L,2021-05-13,1.6899999
TRIG.L,2021-08-12,1.6899999
TRIG.L,2021-11-11,1.6899999
TRIG.L,2022-02-10,1.6899999
TRIG.L,2022-05-12,1.71
TRIG.L,2022-08-11,1.71
TRIG.L,2022-11-17,1.71
TRIG.L,2023-02-09,1.71
TRIG.L,2023-05-11,1.7950001
TRIG.L,2023-08-10,1.7950001
TRIG.L,2023-11-09,1.7950001
TRIG.L,2024-02-22,1.7950001
TRIG.L,2024-05-16,1.8675
TRIG.L,2024-08-15,1.8675
TRIG.L,2024-11-14,1.8675
TRIG.L,2025-02-13,1.8675
TRIG.L,2025-05-15,1.8874999
TRIG.L,2025-08-14,1.8874999
TRIG.L,2025-11-13,1.8874999
TRY.L,1972-10-30,0.0103
TRY.L,1973-06-04,0.012700001
TRY.L,1973-10-29,0.0122
TRY.L,1974-05-24,0.0128
TRY.L,1974-10-28,0.0125
TRY.L,1975-05-19,0.0153
TRY.L,1975-11-03,0.013800001
TRY.L,1976-05-17,0.016700001
TRY.L,1976-11-01,0.0153
TRY.L,1977-05-23,0.0237
TRY.L,1977-10-31,0.0195
TRY.L,1978-05-30,0.0278
TRY.L,1978-10-30,0.0237
TRY.L,1979-05-21,0.0347
TRY.L,1979-11-05,0.0333
TRY.L,1980-05-12,0.0417
TRY.L,1980-10-27,0.0417
TRY.L,1981-05-18,0.042999998
TRY.L,1981-11-09,0.0417
TRY.L,1982-05-17,0.042999998
TRY.L,1982-11-15,0.030499998
TRY.L,1983-06-06,0.0472
TRY.L,1983-11-28,0.0333
TRY.L,1984-06-04,0.0542
TRY.L,1984-12-10,0.0375
TRY.L,1985-06-17,0.0612
TRY.L,1985-12-09,0.0417
TRY.L,1986-06-16,0.0695
TRY.L,1986-12-08,0.1315
TRY.L,1987-06-01,0.219
TRY.L,1987-11-23,0.275
TRY.L,1988-06-06,0.525
TRY.L,1988-11-28,0.35000002
TRY.L,1989-06-19,0.85
TRY.L,1989-11-27,0.6
TRY.L,1990-06-11,0.85
TRY.L,1990-12-10,0.6
TRY.L,1991-06-17,0.85
TRY.L,1991-12-09,0.6
TRY.L,1992-06-15,0.85
TRY.L,1992-11-30,0.4
TRY.L,1993-06-07,0.5
TRY.L,1993-11-29,0.4
TRY.L,1994-06-20,0.5
TRY.L,1994-11-28,0.4
TRY.L,1995-06-12,0.54
TRY.L,1995-12-04,0.42
TRY.L,1996-06-24,0.56
TRY.L,1996-12-09,0.44
TRY.L,1997-05-27,0.59000003
TRY.L,1997-12-08,0.47
TRY.L,1998-07-06,0.65000004
TRY.L,1998-12-14,0.5
TRY.L,1999-06-28,0.77
TRY.L,1999-12-06,0.52
TRY.L,2000-07-03,0.8
TRY.L,2000-12-04,0.55
TRY.L,2001-06-27,0.85
TRY.L,2001-12-12,0.65000004
TRY.L,2002-06-26,1.0
TRY.L,2002-12-11,0.9
TRY.L,2003-06-25,1.15
TRY.L,2003-12-10,1.1
TRY.L,2004-06-30,1.4000001
TRY.L,2004-12-08,1.3000001
TRY.L,2005-06-29,1.55
TRY.L,2005-12-07,1.5
TRY.L,2006-06-28,1.9
TRY.L,2006-12-06,1.7
TRY.L,2007-06-27,2.4
TRY.L,2007-12-05,2.3
TRY.L,2008-07-02,3.3
TRY.L,2008-12-10,2.3
TRY.L,2009-07-01,3.4499998
TRY.L,2009-12-09,2.3
TRY.L,2010-03-10,3.4499998
TRY.L,2010-12-08,2.3
TRY.L,2011-07-06,3.7
TRY.L,2011-12-07,2.4
TRY.L,2012-07-04,4.2
TRY.L,2012-12-05,2.6499999
TRY.L,2013-06-26,4.35
TRY.L,2013-12-04,2.85
TRY.L,2014-06-25,4.6
TRY.L,2014-12-04,2.95
TRY.L,2015-06-25,4.75
TRY.L,2015-12-03,3.15
TRY.L,2016-06-23,5.2000003
TRY.L,2016-12-01,4.1
TRY.L,2017-06-22,6.4
TRY.L,2017-11-30,4.65
TRY.L,2018-06-21,7.5499997
TRY.L,2018-11-29,4.9
TRY.L,2019-06-20,8.6
TRY.L,2019-12-05,5.2000003
TRY.L,2020-06-18,8.8
TRY.L,2020-12-10,5.2000003
TRY.L,2021-06-17,9.0
TRY.L,2021-12-16,5.2999997
TRY.L,2022-06-23,9.2
TRY.L,2022-12-15,5.65
TRY.L,2023-06-29,9.849999
TRY.L,2023-12-14,5.65
TRY.L,2024-06-27,10.05
TRY.L,2024-12-12,5.65
TRY.L,2025-06-26,10.25
TRY.L,2025-12-11,5.75
TSCO.L,1993-04-19,2.0478
TSCO.L,1993-10-04,1.0344
TSCO.L,1994-04-25,2.2378
TSCO.L,1994-09-26,1.14
TSCO.L,1995-04-24,2.4910998
TSCO.L,1995-09-25,1.2878
TSCO.L,1996-04-22,2.7656
TSCO.L,1996-09-23,1.3722
TSCO.L,1997-04-14,2.9977999
TSCO.L,1997-09-22,1.4988999
TSCO.L,1998-04-27,3.3989
TSCO.L,1998-09-29,1.5833
TSCO.L,1999-04-19,3.6353
TSCO.L,1999-09-27,1.6973
TSCO.L,2000-04-17,3.9773
TSCO.L,2000-09-25,1.8747
TSCO.L,2001-04-18,4.4333
TSCO.L,2001-09-26,2.1153
TSCO.L,2002-04-17,4.978
TSCO.L,2002-09-25,2.3687
TSCO.L,2003-04-16,5.4846997
TSCO.L,2003-09-24,2.622
TSCO.L,2004-04-28,6.042
TSCO.L,2004-09-29,2.9007
TSCO.L,2005-04-20,6.6753
TSCO.L,2005-09-28,3.2047
TSCO.L,2006-05-03,7.7267
TSCO.L,2006-10-11,3.5593
TSCO.L,2007-04-25,8.651299
TSCO.L,2007-10-10,4.0533
TSCO.L,2008-04-23,9.753301
TSCO.L,2008-10-08,4.522
TSCO.L,2009-04-29,10.6273
TSCO.L,2009-10-14,4.9273
TSCO.L,2010-04-28,11.602699
TSCO.L,2010-10-13,5.5353003
TSCO.L,2011-04-27,12.780701
TSCO.L,2011-10-12,5.8647
TSCO.L,2012-04-25,12.831301
TSCO.L,2012-10-10,5.8647
TSCO.L,2013-04-24,12.831301
TSCO.L,2013-10-09,5.8647
TSCO.L,2014-04-30,12.831301
TSCO.L,2014-10-30,1.4693
TSCO.L,2017-10-12,1.2667
TSCO.L,2018-05-17,2.5333
TSCO.L,2018-10-11,2.1153
TSCO.L,2019-05-16,5.1933002
TSCO.L,2019-10-10,3.3567
TSCO.L,2020-05-21,8.2333
TSCO.L,2020-10-15,4.0533
TSCO.L,2021-02-15,64.5113
TSCO.L,2021-05-20,5.9500003
TSCO.L,2021-10-14,3.2
TSCO.L,2022-05-19,7.7
TSCO.L,2022-10-13,3.85
TSCO.L,2023-05-11,7.05
TSCO.L,2023-10-12,3.85
TSCO.L,2024-05-16,8.25
TSCO.L,2024-10-10,4.25
TSCO.L,2025-05-15,9.45
TSCO.L,2025-10-09,4.8
TSTL.L,2005-11-02,0.5
TSTL.L,2006-03-08,0.275
TSTL.L,2006-11-01,0.72499996
TSTL.L,2007-02-28,0.35000002
TSTL.L,2007-11-14,1.0
TSTL.L,2008-03-12,0.385
TSTL.L,2008-11-19,1.165
TSTL.L,2009-03-25,0.405
TSTL.L,2009-11-18,1.2950001
TSTL.L,2010-03-17,0.425
TSTL.L,2010-11-17,1.4000001
TSTL.L,2011-03-23,0.435
TSTL.L,2011-11-16,0.120000005
TSTL.L,2012-03-21,0.27
TSTL.L,2012-11-14,0.35000002
TSTL.L,2013-03-27,0.08
TSTL.L,2013-11-27,0.32
TSTL.L,2014-03-26,0.35999998
TSTL.L,2014-11-20,1.26
TSTL.L,2015-03-26,0.585
TSTL.L,2015-06-25,3.0
TSTL.L,2015-11-19,2.135
TSTL.L,2016-03-17,1.14
TSTL.L,2016-07-28,3.0
TSTL.L,2016-11-17,2.19
TSTL.L,2017-03-23,1.4000001
TSTL.L,2017-11-16,2.63
TSTL.L,2018-03-22,1.6
TSTL.L,2018-11-15,2.98
TSTL.L,2019-03-28,2.04
TSTL.L,2019-11-21,3.5
TSTL.L,2020-03-26,2.34
TSTL.L,2020-11-19,3.8400002
TSTL.L,2021-04-08,2.6200001
TSTL.L,2021-11-18,3.9299998
TSTL.L,2022-04-07,2.6200001
TSTL.L,2022-07-28,3.0
TSTL.L,2022-11-17,3.9299998
TSTL.L,2023-03-16,2.6200001
TSTL.L,2023-11-23,7.88
TSTL.L,2024-03-21,5.2400002
TSTL.L,2024-11-28,8.28
TSTL.L,2025-03-20,5.68
TSTL.L,2025-11-27,8.5199995
TTE.L,2010-05-27,1.14
TTE.L,2010-11-12,1.14
TTE.L,2011-05-23,1.14
TTE.L,2011-09-19,0.57
TTE.L,2011-12-19,0.57
TTE.L,2012-03-19,0.57
TTE.L,2012-06-18,0.57
TTE.L,2012-09-24,0.57
TTE.L,2012-12-17,0.59
TTE.L,2013-03-18,0.59
TTE.L,2013-06-24,0.59
TTE.L,2013-09-24,0.59
TTE.L,2013-12-16,0.59
TTE.L,2014-03-24,0.59
TTE.L,2014-06-02,0.61
TTE.L,2014-09-23,0.61
TTE.L,2014-12-15,0.61
TTE.L,2015-03-23,0.61
TTE.L,2015-06-08,0.61
TTE.L,2015-09-28,0.61
TTE.L,2015-12-21,0.61
TTE.L,2016-03-21,0.61
TTE.L,2016-06-06,0.61
TTE.L,2016-09-27,0.61
TTE.L,2016-12-21,0.61
TTE.L,2017-03-20,0.61
TTE.L,2017-06-05,0.62
TTE.L,2017-09-25,0.62
TTE.L,2017-12-19,0.62
TTE.L,2018-03-19,0.62
TTE.L,2018-06-11,0.62
TTE.L,2018-09-25,0.64
TTE.L,2018-12-18,0.64
TTE.L,2019-03-19,0.64
TTE.L,2019-06-11,0.64
TTE.L,2019-09-27,0.66
TTE.L,2020-01-02,0.66
TTE.L,2020-03-30,0.68
TTE.L,2020-06-29,0.68
TTE.L,2020-09-25,0.66
TTE.L,2021-01-04,0.66
TTE.L,2021-03-25,0.66
TTE.L,2021-06-24,0.66
TTE.L,2021-09-21,0.66
TTE.L,2021-12-31,0.66
TTE.L,2022-03-22,0.66
TTE.L,2022-06-21,0.66
TTE.L,2022-09-21,0.69
TTE.L,2022-12-06,1.0
TTE.L,2022-12-30,0.69
TTE.L,2023-03-22,0.69
TTE.L,2023-06-21,0.74
TTE.L,2023-09-20,0.74
TTE.L,2024-01-02,0.74
TTE.L,2024-03-20,0.74
TTE.L,2024-06-19,0.79
TTE.L,2024-09-25,0.79
TTE.L,2025-01-02,0.79
TTE.L,2025-03-26,0.79
TTE.L,2025-06-19,0.85
TTE.L,2025-10-01,0.85
TTG.L,1993-03-29,2.2229002
TTG.L,1993-10-04,1.6633
TTG.L,1994-04-11,2.5589
TTG.L,1994-10-03,2.0470998
TTG.L,1995-04-10,3.1667001
TTG.L,1995-09-25,2.3414001
TTG.L,1996-04-22,3.9152
TTG.L,1996-09-30,2.6869001
TTG.L,1997-04-28,4.5965
TTG.L,1997-10-06,3.0899
TTG.L,1998-04-27,5.3162003
TTG.L,1998-10-12,3.5409
TTG.L,1999-05-10,5.8535
TTG.L,1999-10-11,3.5409
TTG.L,2000-05-08,5.8535
TTG.L,2000-10-09,3.5409
TTG.L,2001-05-09,6.103
TTG.L,2001-10-10,3.6899998
TTG.L,2002-05-15,6.3600006
TTG.L,2002-10-16,3.6899998
TTG.L,2003-05-14,6.3600006
TTG.L,2003-10-15,3.6899998
TTG.L,2004-05-19,6.3600006
TTG.L,2004-10-20,3.6899998
TTG.L,2005-05-18,6.3600006
TTG.L,2005-10-19,3.6899998
TTG.L,2006-05-17,6.3600006
TTG.L,2006-10-18,3.6899998
TTG.L,2007-05-16,6.3600006
TTG.L,2007-10-17,3.6899998
TTG.L,2008-05-14,6.3600006
TTG.L,2008-10-15,3.6899998
TTG.L,2010-10-13,0.8
TTG.L,2011-05-25,2.0
TTG.L,2011-10-19,1.2
TTG.L,2012-05-23,3.2
TTG.L,2012-10-17,1.5
TTG.L,2013-05-15,3.5
TTG.L,2013-10-16,1.6
TTG.L,2014-05-21,3.8
TTG.L,2014-10-16,1.7
TTG.L,2015-05-21,3.8
TTG.L,2015-10-15,1.7
TTG.L,2016-05-19,3.8
TTG.L,2016-10-06,1.7
TTG.L,2017-05-18,3.9
TTG.L,2017-10-05,1.75
TTG.L,2018-04-26,4.05
TTG.L,2018-10-04,1.95
TTG.L,2019-04-25,4.5499997
TTG.L,2019-09-26,2.1
TTG.L,2021-04-29,4.7
TTG.L,2021-09-23,1.8
TTG.L,2022-04-28,3.8
TTG.L,2022-09-22,2.0
TTG.L,2023-04-27,4.3
TTG.L,2023-09-14,2.15
TTG.L,2024-04-11,4.65
TTG.L,2024-09-12,2.25
TUNE.L,2015-05-28,0.6
TUNE.L,2015-12-17,1.2
TUNE.L,2016-05-05,0.65000004
TUNE.L,2016-12-01,1.3000001
TUNE.L,2017-05-11,0.75
TUNE.L,2017-12-28,1.95
TUNE.L,2018-05-03,1.0
TUNE.L,2018-12-27,2.3
TUNE.L,2019-05-09,1.2
TUNE.L,2020-01-09,2.6000001
TUNE.L,2020-08-13,1.3000001
TUNE.L,2021-01-07,2.8999999
TUNE.L,2021-05-13,1.5
TUNE.L,2021-12-30,3.7
TUNE.L,2022-05-12,1.85
TUNE.L,2023-01-12,4.1499996
TUNE.L,2023-05-11,2.1
TUNE.L,2023-12-28,4.5
TUNE.L,2024-05-09,2.1
TUNE.L,2024-12-24,4.5
TUNE.L,2025-05-08,2.1
TUNE.L,2025-11-27,2.1
TW.L,1993-04-19,0.5
TW.L,1993-09-20,0.5
TW.L,1994-04-11,1.0
TW.L,1994-09-19,0.75
TW.L,1995-04-03,1.5
TW.L,1995-09-25,0.75
TW.L,1996-04-01,2.25
TW.L,1996-09-23,1.0
TW.L,1997-04-07,2.75
TW.L,1997-09-22,1.25
TW.L,1998-03-30,3.25
TW.L,1998-09-14,1.5
TW.L,1999-05-10,3.6
TW.L,1999-09-13,1.65
TW.L,2000-03-27,3.8
TW.L,2000-09-11,1.82
TW.L,2001-05-30,4.3
TW.L,2001-09-12,2.0
TW.L,2002-05-01,4.7
TW.L,2002-09-18,2.2
TW.L,2003-05-28,5.2000003
TW.L,2003-09-24,2.4
TW.L,2004-05-26,6.5
TW.L,2004-09-29,3.0
TW.L,2005-06-01,8.1
TW.L,2005-09-28,4.5
TW.L,2006-05-31,8.900001
TW.L,2006-09-27,5.0
TW.L,2007-05-23,9.75
TW.L,2007-09-26,5.5
TW.L,2008-05-21,10.25
TW.L,2012-04-18,0.38
TW.L,2012-08-22,0.19
TW.L,2013-04-17,0.43
TW.L,2013-08-21,0.22
TW.L,2014-04-09,0.47
TW.L,2014-06-04,1.54
TW.L,2014-08-20,0.24000001
TW.L,2015-04-09,1.3199999
TW.L,2015-05-21,7.6800003
TW.L,2015-08-20,0.49
TW.L,2016-04-07,1.1800001
TW.L,2016-06-02,9.2
TW.L,2016-08-25,0.53
TW.L,2017-04-13,2.29
TW.L,2017-06-01,9.2
TW.L,2017-09-21,2.3
TW.L,2018-04-05,2.44
TW.L,2018-05-31,10.400001
TW.L,2018-10-04,2.44
TW.L,2019-04-04,3.8
TW.L,2019-06-06,10.7
TW.L,2019-10-03,3.8400002
TW.L,2021-04-01,4.14
TW.L,2021-10-07,4.14
TW.L,2022-03-31,4.44
TW.L,2022-10-13,4.62
TW.L,2023-03-30,4.78
TW.L,2023-10-12,4.79
TW.L,2024-03-28,4.79
TW.L,2024-10-10,4.8
TW.L,2025-03-27,4.66
TW.L,2025-10-09,4.67
UAV.L,2007-12-12,0.5
UAV.L,2008-01-09,5.0
UAV.L,2009-01-07,1.0
UAV.L,2010-12-22,4.0
UAV.L,2012-01-04,5.0
UAV.L,2013-01-09,5.0
UAV.L,2013-12-23,6.0
UAV.L,2015-01-15,6.0
UAV.L,2016-01-28,6.25
UAV.L,2017-01-12,6.25
UAV.L,2017-07-20,3.0
UAV.L,2018-01-11,3.5
UAV.L,2018-07-19,3.0
UAV.L,2019-01-10,3.5
UAV.L,2019-07-18,3.0
UAV.L,2020-01-09,3.5
UAV.L,2020-07-16,3.0
UAV.L,2021-01-07,3.5
UAV.L,2021-07-15,3.0
UAV.L,2022-01-06,10.5
UAV.L,2022-07-14,35.0
UAV.L,2023-01-05,3.5
UAV.L,2023-07-13,3.0
UAV.L,2024-01-04,3.5
UAV.L,2024-01-18,11.7
UAV.L,2024-07-11,3.0
UAV.L,2025-01-02,9.5
UAV.L,2025-07-10,3.0
UEM.L,2006-06-14,1.5
UEM.L,2006-12-13,2.0
UEM.L,2007-06-13,0.70000005
UEM.L,2007-11-28,3.5
UEM.L,2008-06-18,1.3000001
UEM.L,2009-01-14,4.0
UEM.L,2009-06-17,0.8
UEM.L,2009-12-09,3.7500002
UEM.L,2010-06-16,1.05
UEM.L,2010-12-15,3.7500002
UEM.L,2011-06-29,1.4499999
UEM.L,2011-11-30,3.7500002
UEM.L,2012-06-20,1.75
UEM.L,2012-08-22,1.375
UEM.L,2012-11-28,1.375
UEM.L,2013-02-13,1.525
UEM.L,2013-05-15,1.525
UEM.L,2013-08-07,1.525
UEM.L,2013-11-27,1.525
UEM.L,2014-02-12,1.525
UEM.L,2014-05-21,1.525
UEM.L,2014-08-13,1.525
UEM.L,2014-12-04,1.525
UEM.L,2015-02-12,1.525
UEM.L,2015-05-14,1.525
UEM.L,2015-08-13,1.525
UEM.L,2015-11-26,1.625
UEM.L,2016-02-18,1.625
UEM.L,2016-06-02,1.625
UEM.L,2016-08-25,1.625
UEM.L,2016-12-01,1.625
UEM.L,2017-02-23,1.7
UEM.L,2017-06-01,1.7
UEM.L,2017-08-24,1.7
UEM.L,2017-12-07,1.7
UEM.L,2018-02-15,1.8
UEM.L,2018-03-22,1.8
UEM.L,2018-09-06,1.8
UEM.L,2018-11-29,1.8
UEM.L,2019-03-07,1.8
UEM.L,2019-06-06,1.8
UEM.L,2019-09-05,1.8
UEM.L,2019-11-28,1.925
UEM.L,2020-03-05,1.925
UEM.L,2020-06-04,1.925
UEM.L,2020-09-03,1.925
UEM.L,2020-12-03,1.925
UEM.L,2021-03-04,1.925
UEM.L,2021-06-03,2.0
UEM.L,2021-09-02,2.0
UEM.L,2021-12-02,2.0
UEM.L,2022-03-03,2.0
UEM.L,2022-06-01,2.0
UEM.L,2022-09-01,2.0
UEM.L,2022-12-01,2.15
UEM.L,2023-03-02,2.15
UEM.L,2023-06-01,2.15
UEM.L,2023-08-31,2.15
UEM.L,2023-11-30,2.15
UEM.L,2024-03-07,2.15
UEM.L,2024-06-06,2.15
UEM.L,2024-09-05,2.15
UEM.L,2024-11-28,2.325
UEM.L,2025-03-06,2.325
UEM.L,2025-06-05,2.325
UEM.L,2025-09-04,2.325
UEM.L,2025-12-04,2.42
UJO.L,2022-11-17,0.8
UJO.L,2023-07-06,0.3
UJO.L,2024-07-04,0.25
UKR.L,2005-09-21,0.35999998
UKR.L,2006-05-31,0.5
UKR.L,2006-10-04,0.1
UKR.L,2007-05-30,0.51
UKR.L,2007-10-03,0.6
UKR.L,2008-06-04,0.82
UKR.L,2008-10-01,0.4
UKR.L,2009-06-24,0.4
UKR.L,2009-10-07,0.2
UKR.L,2010-06-09,0.2
UKR.L,2011-05-18,0.5
UKW.L,2013-08-28,1.5
UKW.L,2014-01-29,3.0
UKW.L,2014-08-13,3.08
UKW.L,2015-02-12,3.08
UKW.L,2015-05-14,1.565
UKW.L,2015-08-06,1.565
UKW.L,2015-11-05,1.565
UKW.L,2016-01-21,1.565
UKW.L,2016-05-05,1.585
UKW.L,2016-08-04,1.585
UKW.L,2016-11-10,1.585
UKW.L,2017-02-09,1.585
UKW.L,2017-05-11,1.6225001
UKW.L,2017-08-10,1.6225001
UKW.L,2017-11-02,1.6225001
UKW.L,2018-02-08,1.6225001
UKW.L,2018-05-10,1.6899999
UKW.L,2018-08-09,1.6899999
UKW.L,2018-11-08,1.6899999
UKW.L,2019-01-31,1.6899999
UKW.L,2019-05-09,1.7349999
UKW.L,2019-08-08,1.7349999
UKW.L,2019-11-07,1.7349999
UKW.L,2020-02-13,1.7349999
UKW.L,2020-05-14,1.7750001
UKW.L,2020-08-13,1.7750001
UKW.L,2020-11-05,1.7750001
UKW.L,2021-02-11,1.7750001
UKW.L,2021-05-13,1.7950001
UKW.L,2021-08-12,1.7950001
UKW.L,2021-11-11,1.7950001
UKW.L,2022-02-10,1.7950001
UKW.L,2022-05-12,1.9300001
UKW.L,2022-08-11,1.9300001
UKW.L,2022-11-10,1.9300001
UKW.L,2023-02-09,1.9300001
UKW.L,2023-05-11,2.19
UKW.L,2023-08-10,2.19
UKW.L,2023-11-09,2.19
UKW.L,2024-02-15,3.4299998
UKW.L,2024-05-16,2.5
UKW.L,2024-08-15,2.5
UKW.L,2024-11-14,2.5
UKW.L,2025-02-13,2.5
UKW.L,2025-05-15,2.5900002
UKW.L,2025-08-14,2.5900002
UKW.L,2025-11-13,2.5900002
ULTP.L,2017-07-06,1.62
ULTP.L,2018-01-04,3.495
ULTP.L,2018-07-05,0.83
ULTP.L,2019-01-03,1.89
ULTP.L,2019-07-04,1.16
ULTP.L,2020-01-02,2.925
ULTP.L,2020-09-17,1.16
ULTP.L,2020-12-31,2.795
ULTP.L,2021-06-17,1.6899999
ULTP.L,2022-01-06,3.3300002
ULTP.L,2022-07-07,2.3
ULTP.L,2023-01-05,4.82
ULTP.L,2023-06-01,2.43
ULTP.L,2023-12-28,4.95
ULTP.L,2024-05-30,2.45
ULTP.L,2025-01-02,4.93
ULTP.L,2025-05-29,1.55
ULVR.L,1992-11-16,3.64
ULVR.L,1993-03-29,10.92
ULVR.L,1993-11-29,4.256
ULVR.L,1994-03-28,13.265
ULVR.L,1994-11-14,4.557
ULVR.L,1995-03-27,14.210001
ULVR.L,1995-11-20,4.935
ULVR.L,1996-04-09,15.645
ULVR.L,1996-11-18,7.203
ULVR.L,1997-04-07,15.231999
ULVR.L,1997-11-17,7.84
ULVR.L,1998-04-20,15.736
ULVR.L,1998-11-16,8.26
ULVR.L,1999-04-19,21.699999
ULVR.L,1999-05-10,165.325
ULVR.L,1999-11-15,9.825
ULVR.L,2000-04-17,21.875
ULVR.L,2000-11-13,11.0
ULVR.L,2001-04-25,21.675
ULVR.L,2001-11-14,11.625
ULVR.L,2002-05-15,24.725
ULVR.L,2002-11-06,13.025001
ULVR.L,2003-05-14,27.074999
ULVR.L,2003-11-05,15.4
ULVR.L,2004-05-19,29.800001
ULVR.L,2004-11-03,15.825001
ULVR.L,2005-05-18,32.05
ULVR.L,2005-11-16,16.925
ULVR.L,2006-05-17,33.85
ULVR.L,2006-11-08,17.5725
ULVR.L,2007-05-23,36.045
ULVR.L,2007-11-07,19.125
ULVR.L,2008-05-21,38.373802
ULVR.L,2008-11-05,23.1525
ULVR.L,2009-05-20,45.213802
ULVR.L,2009-11-18,27.247501
ULVR.L,2010-02-10,19.17
ULVR.L,2010-05-12,20.2838
ULVR.L,2010-08-11,19.4175
ULVR.L,2010-11-10,20.475
ULVR.L,2011-02-09,19.9688
ULVR.L,2011-05-11,22.455
ULVR.L,2011-08-10,22.0725
ULVR.L,2011-11-09,21.645
ULVR.L,2012-02-15,21.138802
ULVR.L,2012-05-09,22.2863
ULVR.L,2012-08-08,21.285
ULVR.L,2012-11-07,22.2413
ULVR.L,2013-02-06,22.9388
ULVR.L,2013-05-08,25.7738
ULVR.L,2013-08-07,26.01
ULVR.L,2013-11-06,25.650002
ULVR.L,2014-02-05,24.9975
ULVR.L,2014-05-07,26.302498
ULVR.L,2014-08-06,25.3463
ULVR.L,2014-11-06,25.335
ULVR.L,2015-02-05,24.4913
ULVR.L,2015-04-23,24.525
ULVR.L,2015-08-06,23.737501
ULVR.L,2015-10-29,25.4138
ULVR.L,2016-02-04,25.875
ULVR.L,2016-04-28,28.755001
ULVR.L,2016-08-04,30.2513
ULVR.L,2016-10-27,32.5125
ULVR.L,2017-02-09,31.14
ULVR.L,2017-05-04,33.9863
ULVR.L,2017-08-03,35.8088
ULVR.L,2017-11-02,35.9888
ULVR.L,2018-02-15,35.4938
ULVR.L,2018-05-03,37.5863
ULVR.L,2018-08-02,38.643803
ULVR.L,2018-11-01,38.1713
ULVR.L,2019-02-14,37.8113
ULVR.L,2019-05-02,39.8925
ULVR.L,2019-08-08,41.4225
ULVR.L,2019-10-31,40.23
ULVR.L,2020-02-20,39.06
ULVR.L,2020-05-14,40.6575
ULVR.L,2020-08-06,41.6025
ULVR.L,2020-10-29,42.1425
ULVR.L,2021-02-25,42.3
ULVR.L,2021-05-20,41.7375
ULVR.L,2021-08-05,41.5463
ULVR.L,2021-11-04,40.4775
ULVR.L,2022-02-24,40.5225
ULVR.L,2022-05-19,40.3875
ULVR.L,2022-08-04,40.8713
ULVR.L,2022-11-17,41.8725
ULVR.L,2023-02-23,42.885
ULVR.L,2023-05-18,42.5588
ULVR.L,2023-08-03,41.625
ULVR.L,2023-11-16,41.7938
ULVR.L,2024-02-22,41.0288
ULVR.L,2024-05-16,41.3325
ULVR.L,2024-08-08,41.58
ULVR.L,2024-11-07,41.2088
ULVR.L,2025-02-27,42.4688
ULVR.L,2025-05-15,43.728798
ULVR.L,2025-08-14,44.055
ULVR.L,2025-11-06,44.190002
UPR.L,2020-04-30,0.6417722
UPR.L,2021-04-22,1.31871
UPR.L,2021-09-16,0.4923184
UPR.L,2022-04-21,0.967054
UPR.L,2022-09-08,0.5362754
UPR.L,2023-04-20,0.967054
UPR.L,2023-09-28,0.5626496
UPR.L,2024-04-18,1.0461767
UPR.L,2024-09-12,0.58902377
UPR.L,2025-04-24,1.098925
UPR.L,2025-09-11,0.62418944
URU.L,2010-02-24,816.0
URU.L,2010-05-10,604.8
USF.L,2019-10-17,0.0041
USF.L,2020-01-16,0.005
USF.L,2020-04-30,0.005
USF.L,2020-07-23,0.005
USF.L,2020-10-29,0.005
USF.L,2021-01-21,0.005
USF.L,2021-03-25,0.005
USF.L,2021-06-10,0.0125
USF.L,2021-10-07,0.0125
USF.L,2021-12-16,0.015
USF.L,2022-04-07,0.015
USF.L,2022-06-16,0.0127
USF.L,2022-10-06,0.0127
USF.L,2022-12-15,0.0152
USF.L,2023-04-06,0.0152
USF.L,2023-06-15,0.0129
USF.L,2023-10-05,0.0129
USF.L,2023-12-07,0.0154
USF.L,2024-04-04,0.0154
USF.L,2024-06-13,0.0056
USF.L,2024-10-10,0.0056
USF.L,2024-12-05,0.0056
USF.L,2025-04-17,0.0057
USF.L,2025-06-12,0.0056
USF.L,2025-10-09,0.0056
USF.L,2025-12-04,0.00875
USFP.L,2019-10-17,0.319
USFP.L,2020-01-16,0.384
USFP.L,2020-04-30,0.40219998
USFP.L,2020-07-23,0.3927
USFP.L,2020-10-29,0.3851
USFP.L,2021-01-21,0.3665
USFP.L,2021-03-25,0.3641
USFP.L,2021-06-10,0.8854
USFP.L,2021-10-07,0.92219996
USFP.L,2021-12-16,1.1345
USFP.L,2022-04-07,1.1473
USFP.L,2022-06-16,1.0531
USFP.L,2022-10-06,1.129
USFP.L,2022-12-15,1.2238
USFP.L,2023-04-06,1.2193
USFP.L,2023-06-15,1.0162
USFP.L,2023-10-05,1.0622001
USFP.L,2023-12-07,1.2233
USFP.L,2024-04-04,1.2192
USFP.L,2024-06-13,0.4361
USFP.L,2024-10-10,0.428
USFP.L,2024-12-05,0.4404
USFP.L,2025-04-17,0.57
USFP.L,2025-10-09,0.4176
USFP.L,2025-12-04,0.6559
UTG.L,2000-03-29,1.05
UTG.L,2000-10-16,0.68
UTG.L,2001-03-28,1.37
UTG.L,2001-10-17,0.83
UTG.L,2002-03-27,1.67
UTG.L,2002-10-16,0.83
UTG.L,2003-04-09,1.67
UTG.L,2003-10-15,0.83
UTG.L,2004-04-14,1.67
UTG.L,2004-10-13,0.83
UTG.L,2005-04-13,1.67
UTG.L,2005-10-12,0.83
UTG.L,2006-04-12,1.67
UTG.L,2006-10-11,0.83
UTG.L,2007-03-14,1.67
UTG.L,2007-10-10,0.83
UTG.L,2008-04-16,1.67
UTG.L,2008-10-15,0.83
UTG.L,2011-10-12,0.5
UTG.L,2012-04-18,1.25
UTG.L,2012-10-10,1.0
UTG.L,2013-04-17,3.0
UTG.L,2013-10-09,1.6
UTG.L,2014-04-16,3.2
UTG.L,2014-10-09,2.2
UTG.L,2015-04-23,9.0
UTG.L,2015-10-08,5.5
UTG.L,2016-04-21,9.5
UTG.L,2016-10-06,6.0
UTG.L,2017-04-20,12.0
UTG.L,2017-10-05,7.2999997
UTG.L,2018-04-12,15.4
UTG.L,2018-09-20,9.5
UTG.L,2019-04-11,19.5
UTG.L,2019-09-19,10.25
UTG.L,2021-04-15,12.75
UTG.L,2021-09-16,6.5
UTG.L,2022-04-14,15.6
UTG.L,2022-09-15,11.0
UTG.L,2023-04-13,21.699999
UTG.L,2023-09-14,11.8
UTG.L,2024-04-18,23.6
UTG.L,2024-09-19,12.4
UTG.L,2025-04-17,24.9
UTG.L,2025-09-18,12.8
UU.L,1993-01-15,7.13
UU.L,1993-06-07,14.27
UU.L,1993-12-13,7.67
UU.L,1994-06-06,15.4
UU.L,1994-12-12,8.349999
UU.L,1995-05-30,7.1692
UU.L,1995-12-18,9.2699995
UU.L,1996-06-10,19.59
UU.L,1996-12-09,12.0
UU.L,1997-06-09,25.2
UU.L,1997-12-08,13.160001
UU.L,1998-06-08,27.64
UU.L,1998-11-30,14.4
UU.L,1999-06-07,29.9
UU.L,1999-12-20,14.7
UU.L,2000-06-05,30.5
UU.L,2000-12-11,15.000001
UU.L,2001-06-06,31.099998
UU.L,2001-12-05,15.299999
UU.L,2002-06-05,31.7
UU.L,2002-12-18,15.5
UU.L,2003-06-25,32.100002
UU.L,2003-12-17,14.43
UU.L,2004-06-30,29.88
UU.L,2004-12-22,14.79
UU.L,2005-06-08,30.630001
UU.L,2005-12-21,14.290001
UU.L,2006-06-28,29.58
UU.L,2006-12-20,14.63
UU.L,2007-06-27,30.300001
UU.L,2007-12-19,15.2
UU.L,2008-06-25,31.470001
UU.L,2008-12-17,10.639999
UU.L,2009-06-17,22.03
UU.L,2009-12-16,11.17
UU.L,2010-06-16,23.13
UU.L,2010-12-15,10.0
UU.L,2011-06-22,20.0
UU.L,2011-12-14,10.67
UU.L,2012-06-20,21.34
UU.L,2012-12-19,11.44
UU.L,2013-06-19,22.88
UU.L,2013-12-18,12.01
UU.L,2014-06-18,24.03
UU.L,2014-12-18,12.559999
UU.L,2015-06-25,25.14
UU.L,2015-12-17,12.809999
UU.L,2016-06-23,25.64
UU.L,2016-12-15,12.95
UU.L,2017-06-22,25.92
UU.L,2017-12-21,13.240001
UU.L,2018-06-21,26.49
UU.L,2018-12-20,13.76
UU.L,2019-06-20,27.52
UU.L,2019-12-19,14.200001
UU.L,2020-06-25,28.400002
UU.L,2020-12-17,14.41
UU.L,2021-06-24,28.83
UU.L,2021-12-16,14.5
UU.L,2022-06-23,29.0
UU.L,2022-12-22,15.17
UU.L,2023-06-22,30.34
UU.L,2023-12-21,16.59
UU.L,2024-06-20,33.19
UU.L,2024-11-28,17.28
UU.L,2025-06-19,34.57
VALT.L,2011-03-07,30.407162
VALT.L,2011-08-15,22.26
VALT.L,2012-03-14,8.904
VALT.L,2025-08-21,8.3748
VANL.L,2017-01-26,0.85
VANL.L,2017-09-21,1.75
VANL.L,2018-02-08,1.4000001
VANL.L,2018-09-06,2.3
VANL.L,2019-02-14,1.0
VANL.L,2019-09-05,1.0
VANL.L,2022-09-15,1.0
VANL.L,2023-02-23,0.4
VANL.L,2023-09-28,0.8
VANL.L,2024-02-22,0.4
VANL.L,2024-10-03,0.8
VANL.L,2025-02-20,0.4
VANL.L,2025-10-02,0.8
VANQ.L,1993-03-01,5.6340003
VANQ.L,1993-09-06,3.4754999
VANQ.L,1994-02-28,8.2315
VANQ.L,1994-09-12,4.756
VANQ.L,1995-03-06,10.2437
VANQ.L,1995-09-11,8.0486
VANQ.L,1996-03-04,12.438701
VANQ.L,1996-09-09,9.512
VANQ.L,1997-03-03,14.6338005
VANQ.L,1997-09-08,11.3412
VANQ.L,1998-03-09,17.1947
VANQ.L,1998-04-24,117.387405
VANQ.L,1998-09-21,13.0241
VANQ.L,1999-03-29,19.902
VANQ.L,1999-09-20,14.4875
VANQ.L,2000-04-03,21.8044
VANQ.L,2000-09-18,15.9509
VANQ.L,2001-04-11,23.9995
VANQ.L,2001-09-19,17.1947
VANQ.L,2002-04-17,25.7555
VANQ.L,2002-09-18,18.2337
VANQ.L,2003-04-09,26.984798
VANQ.L,2003-09-17,19.170301
VANQ.L,2004-04-07,29.1213
VANQ.L,2004-09-15,19.9752
VANQ.L,2005-04-13,30.365198
VANQ.L,2005-09-21,20.5752
VANQ.L,2006-04-05,31.272501
VANQ.L,2006-09-20,21.1898
VANQ.L,2007-04-04,32.2237
VANQ.L,2007-10-31,18.585
VANQ.L,2008-05-14,27.8774
VANQ.L,2008-11-05,18.585
VANQ.L,2009-05-13,27.8774
VANQ.L,2009-11-04,18.585
VANQ.L,2010-05-12,27.8774
VANQ.L,2010-11-03,18.585
VANQ.L,2011-05-11,27.8774
VANQ.L,2011-11-02,19.5362
VANQ.L,2012-05-16,30.950499
VANQ.L,2012-10-31,21.0727
VANQ.L,2013-05-22,35.4138
VANQ.L,2013-10-30,22.6824
VANQ.L,2014-05-21,39.5113
VANQ.L,2014-10-30,24.950699
VANQ.L,2015-05-21,46.7551
VANQ.L,2015-10-29,28.6823
VANQ.L,2016-05-19,59.1938
VANQ.L,2016-10-27,31.6091
VANQ.L,2017-05-18,66.8766
VANQ.L,2019-05-23,10.0
VANQ.L,2019-08-15,9.0
VANQ.L,2022-04-21,12.0
VANQ.L,2022-08-11,5.0
VANQ.L,2023-04-20,10.3
VANQ.L,2023-08-10,5.0
VANQ.L,2024-04-18,1.0
VCP.L,1993-08-02,0.6
VCP.L,1994-08-22,0.9
VCP.L,1995-09-11,0.4
VCP.L,1996-07-01,0.4
VCP.L,1997-06-20,0.5
VCP.L,1998-06-15,0.70000005
VCP.L,1999-06-28,0.9
VCP.L,2000-06-19,4.1
VCP.L,2001-06-27,1.3000001
VCP.L,2002-07-03,1.4000001
VCP.L,2003-07-02,1.8
VCP.L,2004-06-30,2.3
VCP.L,2005-06-29,2.3
VCP.L,2006-07-12,2.3
VCP.L,2007-06-25,2.5
VCP.L,2008-06-25,2.8000002
VCP.L,2008-11-19,0.8
VCP.L,2009-06-24,0.8
VCP.L,2009-11-18,0.52
VCP.L,2010-06-23,1.08
VCP.L,2010-11-24,0.6
VCP.L,2011-06-22,1.2
VCP.L,2011-11-30,0.70000005
VCP.L,2012-08-08,1.4000001
VCP.L,2012-12-05,0.4
VCP.L,2013-09-04,1.2
VCP.L,2013-11-27,0.4
VCP.L,2014-07-16,58.399998
VCT.L,1996-06-10,1.5
VCT.L,1996-12-23,3.0
VCT.L,1997-06-23,1.5
VCT.L,1997-12-15,3.3
VCT.L,1998-06-22,1.65
VCT.L,1998-12-21,3.6299999
VCT.L,1999-06-21,1.65
VCT.L,1999-12-20,3.85
VCT.L,2000-06-19,1.8
VCT.L,2000-12-27,4.3
VCT.L,2001-06-20,2.0
VCT.L,2002-01-30,4.7
VCT.L,2002-06-26,2.1
VCT.L,2003-02-05,4.9
VCT.L,2003-06-25,2.2
VCT.L,2004-02-04,5.2999997
VCT.L,2004-06-23,2.4
VCT.L,2005-02-02,6.2
VCT.L,2005-06-22,2.7
VCT.L,2006-02-01,9.3
VCT.L,2006-06-28,4.2
VCT.L,2007-01-31,10.2
VCT.L,2007-06-27,4.7
VCT.L,2008-02-06,12.6
VCT.L,2008-06-11,5.2000003
VCT.L,2009-02-11,13.099999
VCT.L,2009-06-10,5.2000003
VCT.L,2010-02-10,14.0
VCT.L,2010-06-09,6.4
VCT.L,2011-02-09,68.6
VCT.L,2011-06-08,8.0
VCT.L,2012-02-08,24.5
VCT.L,2012-06-06,9.0
VCT.L,2013-02-06,28.400002
VCT.L,2013-06-12,10.35
VCT.L,2014-02-05,32.65
VCT.L,2014-06-11,11.389999
VCT.L,2015-02-05,83.76
VCT.L,2015-06-11,11.73
VCT.L,2016-02-04,35.09
VCT.L,2016-06-09,11.73
VCT.L,2017-02-02,35.09
VCT.L,2017-06-08,12.2
VCT.L,2018-02-01,109.6
VCT.L,2018-06-07,13.420001
VCT.L,2019-01-31,128.82
VCT.L,2019-06-06,13.420001
VCT.L,2020-01-30,46.14
VCT.L,2021-01-28,46.14
VCT.L,2021-06-03,13.420001
VCT.L,2022-01-27,96.14
VCT.L,2022-05-26,13.420001
VCT.L,2023-01-19,46.14
VCT.L,2023-05-25,13.420001
VCT.L,2024-01-25,46.14
VCT.L,2024-05-30,13.420001
VCT.L,2025-01-23,46.14
VCT.L,2025-05-29,13.420001
VIC.L,2023-02-09,2.8000002
VIC.L,2023-06-08,0.45
VIC.L,2024-02-08,0.95
VIC.L,2024-07-18,0.52
VIC.L,2025-02-06,1.09
VIC.L,2025-07-17,0.70000005
VID.L,1993-05-10,5.0978003
VID.L,1993-11-01,2.0990999
VID.L,1994-05-16,5.6974998
VID.L,1994-10-31,2.3989
VID.L,1995-05-15,6.6
VID.L,1995-11-13,2.8000002
VID.L,1996-05-20,7.7
VID.L,1996-11-18,3.2
VID.L,1997-05-27,8.900001
VID.L,1997-11-24,3.7
VID.L,1998-06-01,10.3
VID.L,1998-11-23,4.3
VID.L,1999-06-01,11.8
VID.L,1999-11-22,4.9
VID.L,2000-05-30,13.6
VID.L,2000-10-30,5.6000004
VID.L,2001-04-25,15.6
VID.L,2001-10-03,6.1
VID.L,2002-04-24,16.599998
VID.L,2002-10-02,6.1
VID.L,2003-04-23,16.599998
VID.L,2003-10-01,6.1
VID.L,2004-04-21,16.599998
VID.L,2004-09-29,6.1
VID.L,2005-04-20,8.900001
VID.L,2005-09-28,6.1
VID.L,2006-04-26,9.4
VID.L,2006-09-27,6.4
VID.L,2007-05-02,10.1
VID.L,2007-09-26,6.8999996
VID.L,2008-04-23,10.9
VID.L,2008-09-24,7.4
VID.L,2009-04-22,10.9
VID.L,2009-09-23,7.4
VID.L,2010-04-21,10.9
VID.L,2010-09-22,7.6
VID.L,2011-04-20,11.4
VID.L,2011-09-28,8.0
VID.L,2012-04-18,12.5
VID.L,2012-09-26,8.5
VID.L,2013-04-17,13.500001
VID.L,2013-09-25,8.900001
VID.L,2014-04-09,14.1
VID.L,2014-09-24,9.3
VID.L,2015-04-16,14.7
VID.L,2015-09-24,9.5
VID.L,2016-04-21,15.099999
VID.L,2016-09-22,9.9
VID.L,2017-04-20,17.3
VID.L,2017-09-21,10.400001
VID.L,2018-04-19,20.1
VID.L,2018-09-20,11.5
VID.L,2019-04-18,25.5
VID.L,2019-09-19,12.3
VID.L,2021-04-22,4.5
VID.L,2021-09-23,11.0
VID.L,2022-04-21,24.0
VID.L,2022-09-22,15.000001
VID.L,2023-04-20,25.0
VIP.L,1986-11-24,0.625
VIP.L,1987-06-01,0.625
VIP.L,1987-11-23,0.625
VIP.L,1988-06-06,0.815
VIP.L,1988-11-14,0.72499996
VIP.L,1989-06-05,1.0
VIP.L,1989-11-13,1.0
VIP.L,1990-05-29,1.2
VIP.L,1990-11-19,1.35
VIP.L,1991-06-03,1.35
VIP.L,1991-11-25,1.62
VIP.L,1992-06-01,1.62
VIP.L,1992-11-16,1.8
VIP.L,1993-05-24,1.8
VIP.L,1993-11-15,2.0
VIP.L,1994-05-16,2.0
VIP.L,1994-11-14,2.1
VIP.L,1995-05-22,2.1
VIP.L,1995-11-20,2.2
VIP.L,1996-05-20,2.2
VIP.L,1996-11-18,2.3
VIP.L,1997-05-19,2.3
VIP.L,1997-11-17,2.4
VIP.L,1998-06-08,2.4
VIP.L,1998-11-16,2.5
VIP.L,1999-06-07,2.5
VIP.L,1999-11-15,2.6000001
VIP.L,2000-06-05,2.6000001
VIP.L,2000-11-13,2.7
VIP.L,2001-06-06,2.7
VIP.L,2001-12-05,2.8000002
VIP.L,2002-06-19,2.8000002
VIP.L,2002-12-11,2.8999999
VIP.L,2003-06-18,2.8999999
VIP.L,2003-12-10,3.0
VIP.L,2004-06-16,3.0
VIP.L,2004-12-08,3.0
VIP.L,2005-06-15,3.2
VIP.L,2005-12-07,3.1
VIP.L,2006-06-21,3.3
VIP.L,2006-12-06,3.2
VIP.L,2007-06-20,3.5
VIP.L,2007-12-12,3.7
VIP.L,2008-06-18,3.7
VIP.L,2008-12-10,3.8
VIP.L,2009-06-17,3.7
VIP.L,2009-12-09,3.8
VIP.L,2010-06-16,3.8
VIP.L,2010-12-08,3.8
VIP.L,2011-06-15,4.0
VIP.L,2011-12-07,3.9
VIP.L,2012-06-20,4.1499996
VIP.L,2012-12-05,4.0
VIP.L,2013-06-19,4.3
VIP.L,2013-12-04,4.1
VIP.L,2014-06-18,4.4
VIP.L,2014-12-04,4.3
VIP.L,2015-06-18,4.7
VIP.L,2015-12-03,4.5
VIP.L,2016-06-16,6.0
VIP.L,2016-09-29,2.6000001
VIP.L,2016-12-29,2.6000001
VIP.L,2017-03-30,2.6000001
VIP.L,2017-06-29,3.2
VIP.L,2017-09-28,2.7
VIP.L,2017-12-28,2.7
VIP.L,2018-03-29,5.4
VIP.L,2018-06-28,3.3
VIP.L,2018-09-27,2.8000002
VIP.L,2018-12-27,2.8000002
VIP.L,2019-03-28,2.8000002
VIP.L,2019-06-27,3.4
VIP.L,2019-09-26,2.8999999
VIP.L,2020-01-02,2.8999999
VIP.L,2020-03-26,2.8999999
VIP.L,2020-07-30,3.4
VIP.L,2020-10-01,2.8999999
VIP.L,2020-12-31,5.7999998
VIP.L,2021-04-01,5.7999998
VIP.L,2021-07-01,3.6
VIP.L,2021-09-30,3.0
VIP.L,2021-12-30,3.0
VIP.L,2022-03-31,3.0
VIP.L,2022-06-30,3.6
VIP.L,2022-09-29,3.0
VIP.L,2022-12-29,3.1
VIP.L,2023-03-30,3.2
VIP.L,2023-07-06,3.6
VIP.L,2023-09-28,3.2
VIP.L,2023-12-28,3.2
VIP.L,2024-03-28,3.2
VIP.L,2024-06-27,3.6
VIP.L,2024-09-26,3.4
VIP.L,2025-01-02,3.4
VIP.L,2025-03-27,3.4
VIP.L,2025-06-26,3.6
VIP.L,2025-10-02,3.6
VLG.L,2014-06-11,0.0399
VLG.L,2015-05-21,0.0399
VLG.L,2016-05-26,0.0399
VLG.L,2017-05-25,0.0399
VLG.L,2018-05-24,0.0399
VLX.L,1993-01-12,6.2334003
VLX.L,1993-09-06,11.35
VLX.L,1993-12-13,6.5
VLX.L,1994-08-15,11.599999
VLX.L,1994-12-19,6.7000003
VLX.L,1995-08-29,12.3
VLX.L,1996-01-08,7.0
VLX.L,1996-08-27,13.0
VLX.L,1996-12-02,7.35
VLX.L,1997-09-01,13.65
VLX.L,1997-12-08,7.75
VLX.L,1998-09-01,14.749999
VLX.L,1998-12-21,8.2
VLX.L,1999-08-31,15.800001
VLX.L,1999-12-20,8.7
VLX.L,2000-08-29,17.0
VLX.L,2000-12-18,9.4
VLX.L,2001-09-05,18.6
VLX.L,2001-12-19,5.5
VLX.L,2011-07-27,2.0
VLX.L,2012-01-04,0.963
VLX.L,2012-07-25,1.878
VLX.L,2013-01-09,1.24
VLX.L,2013-09-04,1.9729999
VLX.L,2020-01-09,1.0
VLX.L,2020-07-16,2.0
VLX.L,2020-11-19,1.1
VLX.L,2021-07-15,2.2
VLX.L,2021-11-18,1.2
VLX.L,2022-07-21,2.4
VLX.L,2022-11-17,1.3000001
VLX.L,2023-07-20,2.6000001
VLX.L,2023-11-30,1.4000001
VLX.L,2024-07-25,2.8000002
VLX.L,2024-11-28,1.5
VLX.L,2025-07-31,3.0
VLX.L,2025-11-27,1.6
VOD.L,1993-01-04,0.4791
VOD.L,1993-06-21,0.49310002
VOD.L,1993-11-29,0.5755
VOD.L,1994-06-24,0.5909
VOD.L,1994-11-28,0.6872
VOD.L,1995-06-12,0.7124
VOD.L,1995-11-27,0.8255
VOD.L,1996-06-10,0.8549
VOD.L,1996-11-25,0.989
VOD.L,1997-06-09,1.0267
VOD.L,1997-11-24,1.1356
VOD.L,1998-06-08,1.1817
VOD.L,1998-11-23,1.3074
VOD.L,1999-06-14,1.3577
VOD.L,1999-11-22,1.3829
VOD.L,2000-06-05,1.4248
VOD.L,2000-11-20,1.4457
VOD.L,2001-06-06,1.4876
VOD.L,2001-11-21,1.5086
VOD.L,2002-06-05,1.5714
VOD.L,2002-11-20,1.6551999
VOD.L,2003-06-04,1.8857
VOD.L,2003-11-26,1.9905001
VOD.L,2004-06-02,2.2629
VOD.L,2004-11-24,4.0019
VOD.L,2005-06-01,4.5256996
VOD.L,2005-11-23,4.6095
VOD.L,2006-06-07,8.108601
VOD.L,2006-11-22,4.3083
VOD.L,2007-06-06,8.085
VOD.L,2007-11-21,4.565
VOD.L,2008-06-04,9.2032995
VOD.L,2008-11-19,4.7117
VOD.L,2009-06-03,9.5333
VOD.L,2009-11-18,4.8767
VOD.L,2010-06-02,10.3583
VOD.L,2010-11-17,5.2250004
VOD.L,2011-06-01,11.091701
VOD.L,2011-11-16,12.925
VOD.L,2012-06-06,11.8617
VOD.L,2012-11-21,5.9950004
VOD.L,2013-06-12,12.6867
VOD.L,2013-11-20,6.4717
VOD.L,2014-06-11,7.47
VOD.L,2014-11-20,3.6
VOD.L,2015-06-11,7.62
VOD.L,2015-11-19,3.68
VOD.L,2016-06-09,7.7699995
VOD.L,2016-11-24,4.05
VOD.L,2017-06-08,8.95
VOD.L,2017-11-23,4.24
VOD.L,2018-06-07,9.0939
VOD.L,2018-11-22,4.2253
VOD.L,2019-06-06,3.7251
VOD.L,2019-11-28,3.7978
VOD.L,2020-06-11,4.0797
VOD.L,2020-12-17,3.9810002
VOD.L,2021-06-24,3.8343
VOD.L,2021-11-25,3.7
VOD.L,2022-06-01,3.7850997
VOD.L,2022-11-24,3.9592001
VOD.L,2023-06-08,3.8637002
VOD.L,2023-11-23,3.8453002
VOD.L,2024-06-06,3.7898998
VOD.L,2024-11-21,1.8860999
VOD.L,2025-06-05,1.977615
VOD.L,2025-11-20,1.977615
VOF.L,2004-06-23,1.76
VOF.L,2017-08-24,3.590064
VOF.L,2017-11-02,3.6065001
VOF.L,2018-04-05,3.9025002
VOF.L,2018-11-01,4.2474003
VOF.L,2019-04-04,4.2149997
VOF.L,2019-10-31,4.2622
VOF.L,2020-04-09,4.454
VOF.L,2020-11-05,4.1517
VOF.L,2021-04-08,4.3328
VOF.L,2021-11-04,5.8676
VOF.L,2022-04-07,6.2279
VOF.L,2022-11-03,6.7081
VOF.L,2023-04-06,5.0245
VOF.L,2023-11-02,5.6383
VOF.L,2024-04-04,5.6112
VOF.L,2024-05-30,3.5
VOF.L,2024-10-31,5.7096
VOF.L,2025-04-03,5.4503
VOF.L,2025-10-30,5.5104
VP.L,1992-11-24,1.22
VP.L,1993-09-06,1.28
VP.L,1993-11-29,1.22
VP.L,1994-08-30,2.38
VP.L,1994-11-28,1.35
VP.L,1995-09-04,2.6499999
VP.L,1995-12-04,1.4000001
VP.L,1996-08-27,2.6499999
VP.L,1996-12-09,1.4000001
VP.L,1997-09-01,2.6499999
VP.L,1997-12-22,1.4000001
VP.L,1998-09-01,2.6499999
VP.L,1998-12-14,1.4000001
VP.L,1999-09-06,2.6499999
VP.L,1999-12-06,1.4000001
VP.L,2000-08-29,2.6499999
VP.L,2000-12-11,1.4000001
VP.L,2001-09-05,2.6499999
VP.L,2001-12-05,1.4000001
VP.L,2002-09-04,2.8000002
VP.L,2002-12-04,1.5
VP.L,2003-09-03,3.0
VP.L,2003-12-10,1.6
VP.L,2004-09-08,3.4
VP.L,2004-12-08,1.75
VP.L,2005-09-07,4.0
VP.L,2005-12-07,1.95
VP.L,2006-09-06,4.65
VP.L,2006-12-13,2.25
VP.L,2007-09-05,6.0
VP.L,2007-12-05,2.8000002
VP.L,2008-09-03,7.7
VP.L,2008-12-03,3.1
VP.L,2009-09-02,7.7
VP.L,2009-12-09,3.1
VP.L,2010-09-01,7.7
VP.L,2010-12-08,3.1
VP.L,2011-08-31,7.7
VP.L,2011-12-07,3.1
VP.L,2012-07-11,8.25
VP.L,2012-12-05,3.25
VP.L,2013-07-10,9.0
VP.L,2013-12-04,3.6
VP.L,2014-07-09,10.400001
VP.L,2014-12-04,5.0
VP.L,2015-07-09,11.5
VP.L,2015-12-03,5.35
VP.L,2016-07-07,13.500001
VP.L,2016-12-08,6.0
VP.L,2017-07-13,16.0
VP.L,2017-11-30,6.8
VP.L,2018-06-28,19.2
VP.L,2018-12-06,8.2
VP.L,2019-06-27,22.0
VP.L,2019-12-12,8.45
VP.L,2020-12-17,22.0
VP.L,2021-06-24,25.0
VP.L,2021-12-09,10.5
VP.L,2022-06-23,25.5
VP.L,2022-12-08,11.0
VP.L,2023-06-22,26.499998
VP.L,2023-12-07,11.5
VP.L,2024-06-20,27.5
VP.L,2024-12-05,11.5
VP.L,2025-06-19,28.0
VP.L,2025-12-04,11.5
VSL.L,2015-08-20,0.9
VSL.L,2015-11-19,1.89
VSL.L,2016-02-11,2.0
VSL.L,2016-06-02,1.5
VSL.L,2016-08-25,1.5
VSL.L,2016-11-24,1.5
VSL.L,2017-03-09,1.5
VSL.L,2017-06-01,1.5
VSL.L,2017-08-31,1.7
VSL.L,2017-11-23,1.8
VSL.L,2018-03-08,1.8
VSL.L,2018-05-31,2.0
VSL.L,2018-08-30,2.0
VSL.L,2018-11-22,2.0
VSL.L,2019-03-07,2.0
VSL.L,2019-05-30,2.0
VSL.L,2019-08-29,2.0
VSL.L,2019-11-28,2.0
VSL.L,2020-03-05,2.0
VSL.L,2020-05-21,2.0
VSL.L,2020-08-27,2.0
VSL.L,2020-11-26,2.0
VSL.L,2021-03-04,2.0
VSL.L,2021-05-27,2.0
VSL.L,2021-08-26,2.0
VSL.L,2021-11-25,2.0
VSL.L,2022-03-03,2.0
VSL.L,2022-06-23,2.0
VSL.L,2022-09-08,2.0
VSL.L,2022-12-08,2.0
VSL.L,2023-03-02,2.0
VSL.L,2023-07-06,2.0
VSL.L,2023-09-07,2.0
VSL.L,2023-11-30,2.0
VSL.L,2024-02-29,2.0
VSL.L,2024-04-19,4.2616
VSL.L,2024-06-20,1.89
VSL.L,2024-09-05,1.89
VSL.L,2024-11-21,1.3399999
VSL.L,2025-03-06,1.06
VSL.L,2025-05-20,15.4523
VSL.L,2025-06-19,0.55
VSL.L,2025-12-11,1.4399999
VSVS.L,1993-03-29,43.2959
VSVS.L,1993-09-06,43.2959
VSVS.L,1994-03-28,47.625397
VSVS.L,1994-09-19,46.1822
VSVS.L,1995-03-20,55.881798
VSVS.L,1995-09-18,51.47
VSVS.L,1996-03-25,66.175804
VSVS.L,1996-09-16,57.3523
VSVS.L,1997-03-17,69.116905
VSVS.L,1997-11-03,60.293503
VSVS.L,1998-03-23,74.9992
VSVS.L,1998-10-05,63.234596
VSVS.L,1999-03-15,74.9992
VSVS.L,1999-10-04,63.234596
VSVS.L,2000-03-13,76.4698
VSVS.L,2000-10-16,66.175804
VSVS.L,2001-04-18,80.8815
VSVS.L,2001-09-05,66.175804
VSVS.L,2006-05-24,7.5311
VSVS.L,2006-09-27,4.5187
VSVS.L,2007-05-23,10.5435
VSVS.L,2007-09-26,6.4014
VSVS.L,2008-05-21,13.1794
VSVS.L,2008-09-24,8.8114
VSVS.L,2011-05-18,11.5
VSVS.L,2011-09-14,7.25
VSVS.L,2012-05-02,14.5
VSVS.L,2012-09-12,7.5000005
VSVS.L,2013-05-15,9.5
VSVS.L,2013-08-28,4.75
VSVS.L,2014-04-23,10.25
VSVS.L,2014-08-13,5.0
VSVS.L,2015-04-09,11.125
VSVS.L,2015-08-13,5.15
VSVS.L,2016-04-07,11.125
VSVS.L,2016-08-11,5.15
VSVS.L,2017-04-06,11.4
VSVS.L,2017-08-10,5.5
VSVS.L,2018-04-12,12.5
VSVS.L,2018-08-09,6.0
VSVS.L,2019-04-18,13.799999
VSVS.L,2019-08-08,6.2
VSVS.L,2020-10-29,3.1
VSVS.L,2021-04-15,14.300001
VSVS.L,2021-08-05,6.2
VSVS.L,2022-04-14,15.000001
VSVS.L,2022-08-04,6.5
VSVS.L,2023-04-20,15.75
VSVS.L,2023-08-03,6.8
VSVS.L,2024-04-18,16.2
VSVS.L,2024-08-08,7.1000004
VSVS.L,2025-04-24,16.4
VSVS.L,2025-08-14,7.1000004
VTA.L,2010-12-15,0.136
VTA.L,2011-03-31,0.22
VTA.L,2011-12-20,0.187
VTA.L,2012-03-21,0.187
VTA.L,2012-12-05,0.26
VTA.L,2013-03-27,0.31
VTA.L,2013-12-05,0.31
VTA.L,2014-12-05,0.3
VTA.L,2015-04-01,0.31
VTA.L,2016-04-07,0.31
VTA.L,2016-09-08,0.15
VTA.L,2016-12-01,0.16
VTA.L,2017-03-09,0.15
VTA.L,2017-06-08,0.16
VTA.L,2017-11-30,0.16
VTA.L,2018-03-08,0.15
VTA.L,2018-06-07,0.16
VTA.L,2018-09-06,0.15
VTA.L,2018-11-29,0.16
VTA.L,2019-03-07,0.15
VTA.L,2019-06-06,0.15
VTA.L,2019-09-05,0.16
VTA.L,2019-11-28,0.16
VTA.L,2020-05-21,0.1
VTA.L,2020-07-09,0.11
VTA.L,2020-10-01,0.11
VTA.L,2020-12-17,0.12
VTA.L,2021-04-01,0.14
VTA.L,2021-07-15,0.14
VTA.L,2021-09-23,0.14
VTA.L,2021-12-16,0.15
VTA.L,2022-03-24,0.15
VTA.L,2022-07-14,0.13
VTA.L,2022-09-29,0.13
VTA.L,2022-12-29,0.12
VTA.L,2023-03-23,0.13
VTA.L,2023-07-20,0.13
VTA.L,2023-09-28,0.13
VTA.L,2023-12-21,0.135
VTA.L,2024-03-28,0.14
VTA.L,2024-07-18,0.145
VTA.L,2024-09-26,0.145
VTA.L,2024-12-12,0.15
VTA.L,2025-03-13,0.155
VTA.L,2025-07-10,0.155
VTA.L,2025-10-02,0.155
VTAS.L,2010-12-15,11.956305
VTAS.L,2011-03-31,19.34108
VTAS.L,2011-12-20,16.439919
VTAS.L,2012-03-21,16.439919
VTAS.L,2012-12-05,22.85764
VTAS.L,2013-03-27,27.253342
VTAS.L,2013-12-05,27.253342
VTAS.L,2014-12-05,26.3742
VTAS.L,2015-04-01,27.253342
VTAS.L,2016-04-07,27.253342
VTAS.L,2016-09-08,13.1871
VTAS.L,2016-12-01,14.06624
VTAS.L,2017-03-09,13.1871
VTAS.L,2017-06-08,14.06624
VTAS.L,2017-11-30,14.06624
VTAS.L,2018-03-08,13.1871
VTAS.L,2018-06-07,14.06624
VTAS.L,2018-09-06,13.1871
VTAS.L,2018-11-29,14.06624
VTAS.L,2019-03-07,13.1871
VTAS.L,2019-06-06,13.1871
VTAS.L,2019-09-05,14.06624
VTAS.L,2019-11-28,14.06624
VTAS.L,2020-05-21,8.7914
VTAS.L,2020-07-09,9.67054
VTAS.L,2020-10-01,9.67054
VTAS.L,2020-12-17,10.54968
VTAS.L,2021-04-01,12.3079605
VTAS.L,2021-07-15,12.3079605
VTAS.L,2021-09-23,12.3079605
VTAS.L,2021-12-16,13.1871
VTAS.L,2022-03-24,13.1871
VTAS.L,2022-07-14,11.42882
VTAS.L,2022-09-29,11.42882
VTAS.L,2022-12-29,10.54968
VTAS.L,2023-03-23,11.42882
VTAS.L,2023-07-20,11.42882
VTAS.L,2023-09-28,11.42882
VTAS.L,2023-12-21,11.868391
VTAS.L,2024-03-28,12.3079605
VTAS.L,2024-07-18,12.74753
VTAS.L,2024-09-26,12.74753
VTAS.L,2024-12-12,13.1871
VTAS.L,2025-03-13,13.626671
VTAS.L,2025-07-10,13.626671
VTAS.L,2025-10-02,13.626671
VTU.L,2011-01-05,0.2
VTU.L,2011-05-18,0.3
VTU.L,2012-01-04,0.2
VTU.L,2012-06-13,0.4
VTU.L,2013-01-02,0.25
VTU.L,2013-06-26,0.45
VTU.L,2013-12-23,0.3
VTU.L,2014-06-25,0.5
VTU.L,2014-12-29,0.35000002
VTU.L,2015-06-25,0.70000005
VTU.L,2015-12-24,0.45
VTU.L,2016-06-23,0.85
VTU.L,2016-12-22,0.5
VTU.L,2017-06-29,0.9
VTU.L,2017-12-07,0.55
VTU.L,2018-06-21,0.95
VTU.L,2018-12-06,0.55
VTU.L,2019-06-27,1.05
VTU.L,2019-12-05,0.6
VTU.L,2021-12-16,0.65000004
VTU.L,2022-06-30,1.05
VTU.L,2022-12-15,0.70000005
VTU.L,2023-06-29,1.4499999
VTU.L,2023-12-14,0.85
VTU.L,2024-06-27,1.5
VTU.L,2024-12-12,0.9
VTU.L,2025-06-26,1.15
VTU.L,2025-12-11,0.9
VTY.L,1998-10-05,3.2347002
VTY.L,1999-04-19,6.4791
VTY.L,1999-10-04,3.497
VTY.L,2000-04-17,6.994
VTY.L,2000-10-02,3.7884002
VTY.L,2001-04-25,7.5849
VTY.L,2001-10-24,4.0842
VTY.L,2002-04-24,8.2568
VTY.L,2002-10-23,4.4732
VTY.L,2003-04-23,9.1310005
VTY.L,2003-10-22,5.1539
VTY.L,2004-04-21,10.7824
VTY.L,2004-10-27,6.9076004
VTY.L,2005-03-23,13.2108
VTY.L,2005-09-28,8.071199
VTY.L,2006-03-29,16.2221
VTY.L,2006-09-27,9.7243
VTY.L,2007-03-28,19.4486
VTY.L,2007-09-26,17.0176
VTY.L,2008-03-26,17.0176
VTY.L,2008-09-24,5.3966002
VTY.L,2011-03-30,2.9141
VTY.L,2011-09-28,1.4571
VTY.L,2012-03-28,3.3998
VTY.L,2012-09-26,2.9141
VTY.L,2013-03-27,5.8283
VTY.L,2013-09-25,3.8855002
VTY.L,2014-03-26,9.2281
VTY.L,2014-09-24,11.6566
VTY.L,2015-03-26,22.3418
VTY.L,2015-09-24,13.3079
VTY.L,2016-03-24,25.5474
VTY.L,2016-09-22,14.5707
VTY.L,2017-03-23,29.1415
VTY.L,2017-09-21,14.5707
VTY.L,2018-03-29,31.5699
VTY.L,2018-09-27,62.168503
VTY.L,2019-03-28,36.912598
VTY.L,2019-09-26,19.9134
VTY.L,2021-03-25,20.0
VTY.L,2021-10-07,20.0
VTY.L,2022-04-07,40.0
VTY.L,2022-10-06,23.0
VTY.L,2023-04-20,32.0
W7L.L,2017-07-06,1.5
W7L.L,2017-11-02,1.4000001
W7L.L,2018-07-05,2.6000001
W7L.L,2018-11-01,1.5
W7L.L,2019-06-13,2.8999999
W7L.L,2019-10-31,1.5
W7L.L,2020-11-05,2.8000002
W7L.L,2021-06-17,3.0
W7L.L,2021-11-11,2.5
W7L.L,2022-06-16,3.5
W7L.L,2022-11-10,2.6000001
W7L.L,2023-06-15,4.5
W7L.L,2023-11-09,3.0
W7L.L,2024-06-13,6.0
W7L.L,2024-11-07,3.5
W7L.L,2025-06-12,7.5000005
W7L.L,2025-11-06,4.0
WCW.L,1996-11-18,0.41669998
WCW.L,1997-06-16,0.6667
WCW.L,1997-11-03,0.5
WCW.L,1998-06-22,1.0
WCW.L,1998-12-07,0.5833
WCW.L,1999-06-28,1.0
WCW.L,1999-11-22,0.6667
WCW.L,2000-06-19,1.3333
WCW.L,2000-11-20,0.75
WCW.L,2001-06-20,1.3333
WCW.L,2001-11-28,0.75
WCW.L,2002-06-19,1.3333
WCW.L,2002-12-04,0.75
WCW.L,2003-06-18,0.75
WCW.L,2003-11-19,0.75
WCW.L,2004-06-16,1.0
WCW.L,2004-11-17,0.78330004
WCW.L,2005-06-22,1.3333
WCW.L,2005-11-30,0.8167
WCW.L,2006-06-21,1.4000001
WCW.L,2006-11-22,0.88330007
WCW.L,2007-06-13,1.5167
WCW.L,2007-11-21,0.94
WCW.L,2008-06-11,1.6
WCW.L,2008-11-26,0.94
WCW.L,2009-06-17,1.6
WCW.L,2009-12-02,0.94
WCW.L,2010-06-16,1.7
WCW.L,2010-11-24,0.94
WCW.L,2011-06-15,1.8
WCW.L,2011-11-23,0.94
WCW.L,2012-06-20,0.9
WCW.L,2012-07-18,4.5
WCW.L,2012-11-21,3.4699998
WCW.L,2013-06-26,0.9
WCW.L,2013-11-20,0.51
WCW.L,2014-07-09,2.06
WCW.L,2014-12-04,0.53
WCW.L,2015-07-16,1.17
WCW.L,2015-11-26,0.58
WCW.L,2016-07-28,1.27
WCW.L,2016-12-01,0.58
WCW.L,2017-08-31,1.2900001
WCW.L,2017-12-07,0.58
WCW.L,2018-08-30,1.2900001
WCW.L,2018-12-06,0.58
WCW.L,2019-08-22,0.32999998
WCW.L,2019-12-05,0.6
WCW.L,2020-12-10,0.15
WCW.L,2021-09-16,0.6
WCW.L,2021-12-23,0.3
WCW.L,2022-09-22,1.2
WCW.L,2023-01-05,0.25
WCW.L,2023-09-21,0.25
WCW.L,2024-01-11,0.25
WCW.L,2024-09-19,0.25
WEIR.L,1993-03-29,4.0722003
WEIR.L,1993-09-06,1.8840001
WEIR.L,1994-03-28,4.4941998
WEIR.L,1994-09-05,2.0214
WEIR.L,1995-04-03,4.9
WEIR.L,1995-09-04,2.2
WEIR.L,1996-04-01,5.2999997
WEIR.L,1996-09-16,2.31
WEIR.L,1997-04-01,5.69
WEIR.L,1997-09-15,2.54
WEIR.L,1998-03-30,6.46
WEIR.L,1998-09-14,2.75
WEIR.L,1999-04-06,7.1500006
WEIR.L,1999-09-13,2.8999999
WEIR.L,2000-04-03,7.5000005
WEIR.L,2000-09-11,3.0
WEIR.L,2001-04-04,8.0
WEIR.L,2001-09-12,3.15
WEIR.L,2002-05-01,8.45
WEIR.L,2002-10-02,3.25
WEIR.L,2003-04-30,8.75
WEIR.L,2003-10-01,3.3500001
WEIR.L,2004-04-28,9.049999
WEIR.L,2004-10-13,3.4499998
WEIR.L,2005-04-27,9.35
WEIR.L,2005-10-12,3.5500002
WEIR.L,2006-05-03,9.650001
WEIR.L,2006-10-11,3.7500002
WEIR.L,2007-05-02,10.75
WEIR.L,2007-10-10,4.1499996
WEIR.L,2008-04-30,12.349999
WEIR.L,2008-10-08,4.65
WEIR.L,2009-04-29,13.85
WEIR.L,2009-10-07,4.8
WEIR.L,2010-05-05,16.2
WEIR.L,2010-10-06,6.0
WEIR.L,2011-05-04,21.0
WEIR.L,2011-10-05,7.2
WEIR.L,2012-05-02,25.8
WEIR.L,2012-10-03,8.0
WEIR.L,2013-05-01,30.000002
WEIR.L,2013-10-02,8.8
WEIR.L,2014-04-30,33.199997
WEIR.L,2014-10-09,15.000001
WEIR.L,2015-04-30,29.0
WEIR.L,2015-10-08,15.000001
WEIR.L,2016-04-28,29.0
WEIR.L,2016-09-22,15.000001
WEIR.L,2017-04-27,29.0
WEIR.L,2017-09-21,15.000001
WEIR.L,2018-04-26,29.0
WEIR.L,2018-10-11,15.75
WEIR.L,2019-04-25,30.45
WEIR.L,2019-10-10,16.5
WEIR.L,2021-10-07,11.5
WEIR.L,2022-04-21,12.3
WEIR.L,2022-10-06,13.500001
WEIR.L,2023-04-20,19.300001
WEIR.L,2023-10-05,17.800001
WEIR.L,2024-04-18,20.800001
WEIR.L,2024-10-03,17.9
WEIR.L,2025-04-17,22.1
WEIR.L,2025-10-02,19.6
WG.L,2002-09-18,0.7971
WG.L,2003-05-07,1.5943
WG.L,2003-09-24,0.8614
WG.L,2004-05-05,1.5814
WG.L,2004-09-22,0.7971
WG.L,2005-05-04,1.5943
WG.L,2005-09-21,0.97709996
WG.L,2006-05-03,2.0186
WG.L,2006-09-20,1.0414
WG.L,2007-05-02,2.2886
WG.L,2007-09-12,1.2857001
WG.L,2008-03-19,3.2143002
WG.L,2008-09-03,1.8076999
WG.L,2009-04-15,5.4669
WG.L,2009-09-02,2.4377
WG.L,2010-03-10,5.8384
WG.L,2010-09-01,2.8311
WG.L,2011-04-13,5.9863
WG.L,2011-08-31,2.429
WG.L,2012-04-11,6.177
WG.L,2012-08-29,3.6339998
WG.L,2013-04-17,9.391338
WG.L,2013-08-28,5.900739
WG.L,2014-04-09,11.144902
WG.L,2014-08-27,6.657022
WG.L,2015-04-09,13.912428
WG.L,2015-08-27,7.330204
WG.L,2016-04-07,14.5328
WG.L,2016-08-25,8.1793
WG.L,2017-04-06,18.1569
WG.L,2017-08-31,8.615
WG.L,2018-04-19,1735.3136
WG.L,2018-08-30,8.6943
WG.L,2019-04-25,18.3224
WG.L,2019-08-29,9.3611
WG.L,2020-04-16,1787.6721
WIL.L,1996-07-01,0.25
WIL.L,1997-06-23,1.2
WIL.L,1998-06-08,1.4399999
WIL.L,1999-06-01,1.73
WIL.L,2000-05-22,2.08
WIL.L,2001-05-30,2.5
WIL.L,2002-04-17,2.5
WIL.L,2002-09-25,0.5
WIL.L,2003-03-05,0.8
WIL.L,2003-10-08,1.7
WIL.L,2004-03-10,1.0
WIL.L,2004-10-06,2.0
WIL.L,2005-03-09,1.15
WIL.L,2005-10-05,2.45
WIL.L,2006-03-22,1.3000001
WIL.L,2006-08-09,2.7
WIL.L,2007-03-21,2.0
WIL.L,2007-10-10,4.0
WIL.L,2008-03-05,2.3
WIL.L,2008-10-08,4.7
WIL.L,2009-03-04,2.3
WIL.L,2009-10-14,4.7
WIL.L,2010-03-03,3.5
WIL.L,2010-10-13,3.5
WIL.L,2011-03-09,3.5
WIL.L,2011-10-19,3.5
WIL.L,2012-03-14,3.5
WIL.L,2012-10-17,3.5
WIL.L,2013-03-13,3.5
WIL.L,2013-10-09,3.5
WIL.L,2014-03-12,3.6
WIL.L,2014-10-16,3.7
WIL.L,2015-03-12,3.7
WIL.L,2015-10-22,4.0
WIL.L,2016-03-17,3.8
WIL.L,2016-10-20,4.3
WIL.L,2017-03-09,3.9
WIL.L,2017-10-19,4.6
WIL.L,2018-03-08,4.0
WIL.L,2018-10-18,4.8
WIL.L,2019-03-07,4.1
WIL.L,2019-10-17,5.0
WIL.L,2021-02-25,2.1
WIL.L,2021-10-14,3.9
WIL.L,2022-03-03,2.4
WIL.L,2022-10-27,5.7999997
WIL.L,2023-03-02,2.7
WIL.L,2023-11-02,7.2999997
WIL.L,2024-02-29,3.0
WIL.L,2024-10-31,8.299999
WIL.L,2025-03-06,3.0
WIL.L,2025-10-30,8.5
WINE.L,1997-07-07,0.875
WINE.L,1997-12-01,0.4
WINE.L,1998-06-29,0.85
WINE.L,1998-11-30,0.425
WINE.L,1999-06-28,0.925
WINE.L,1999-11-29,0.5
WINE.L,2000-07-03,1.075
WINE.L,2000-12-04,0.525
WINE.L,2001-07-04,1.125
WINE.L,2001-12-05,0.625
WINE.L,2002-07-03,1.375
WINE.L,2002-12-04,0.75
WINE.L,2003-07-02,2.0
WINE.L,2003-12-03,1.125
WINE.L,2004-06-30,3.0
WINE.L,2004-12-01,1.5
WINE.L,2005-06-29,4.0
WINE.L,2005-11-30,1.9
WINE.L,2006-07-12,5.1
WINE.L,2006-12-06,2.3
WINE.L,2007-07-11,6.2
WINE.L,2007-12-05,2.8000002
WINE.L,2008-07-16,7.0
WINE.L,2008-12-10,2.8000002
WINE.L,2009-07-15,7.0
WINE.L,2009-12-09,2.8000002
WINE.L,2010-07-14,7.5000005
WINE.L,2010-12-08,3.3
WINE.L,2011-07-13,9.700001
WINE.L,2011-12-07,3.8
WINE.L,2012-07-18,11.8
WINE.L,2012-12-05,4.0
WINE.L,2013-07-17,11.8
WINE.L,2013-12-04,4.2
WINE.L,2014-07-16,11.8
WINE.L,2014-12-11,4.2
WINE.L,2016-11-24,1.5
WINE.L,2017-06-22,3.6
WINE.L,2017-11-30,2.0
WINE.L,2018-06-21,5.2000003
WINE.L,2018-11-29,2.0
WINE.L,2019-12-24,5.2000003
WINK.L,2010-03-03,0.5
WINK.L,2010-05-05,1.0
WINK.L,2010-09-15,1.0
WINK.L,2010-11-17,1.0
WINK.L,2011-02-16,1.3000001
WINK.L,2011-05-18,1.0
WINK.L,2011-08-17,1.0
WINK.L,2011-11-16,1.0
WINK.L,2012-02-15,1.6
WINK.L,2012-05-16,1.2
WINK.L,2012-08-15,1.2
WINK.L,2012-11-14,1.2
WINK.L,2013-02-20,1.3000001
WINK.L,2013-05-22,1.3000001
WINK.L,2013-08-21,1.3000001
WINK.L,2013-11-13,1.4000001
WINK.L,2014-02-19,1.4000001
WINK.L,2014-05-21,1.5
WINK.L,2014-08-20,1.5
WINK.L,2014-11-13,1.5
WINK.L,2015-02-19,1.7
WINK.L,2015-05-21,1.6
WINK.L,2015-08-20,1.6
WINK.L,2015-11-19,1.6
WINK.L,2015-12-24,1.8
WINK.L,2016-02-18,1.7
WINK.L,2016-05-19,1.8
WINK.L,2016-08-18,1.8
WINK.L,2016-11-17,1.8
WINK.L,2017-02-16,1.8
WINK.L,2017-05-18,1.8
WINK.L,2017-08-17,1.8
WINK.L,2017-11-16,1.8
WINK.L,2018-01-25,1.85
WINK.L,2018-04-26,1.85
WINK.L,2018-07-26,1.85
WINK.L,2018-10-25,1.85
WINK.L,2019-01-24,1.9
WINK.L,2019-04-25,1.9
WINK.L,2019-07-25,1.9
WINK.L,2019-10-24,1.9
WINK.L,2020-01-23,2.1
WINK.L,2020-04-23,1.68
WINK.L,2020-07-23,1.4000001
WINK.L,2020-10-22,1.8
WINK.L,2021-01-21,1.8
WINK.L,2021-04-22,3.5
WINK.L,2021-07-22,4.8
WINK.L,2021-10-21,2.2
WINK.L,2022-01-20,6.5
WINK.L,2022-04-21,2.7
WINK.L,2022-07-21,2.7
WINK.L,2022-10-20,2.7
WINK.L,2023-01-19,2.8999999
WINK.L,2023-04-20,2.8999999
WINK.L,2023-07-20,2.8999999
WINK.L,2023-10-19,2.8999999
WINK.L,2024-01-18,3.0
WINK.L,2024-04-18,3.0
WINK.L,2024-07-18,3.0
WINK.L,2024-10-17,3.0
WINK.L,2025-01-23,3.3
WINK.L,2025-04-17,3.3
WINK.L,2025-07-24,3.3
WINK.L,2025-10-23,3.3
WINV.L,2005-08-10,1.0188999
WINV.L,2005-11-09,2.4907
WINV.L,2006-02-08,2.2642999
WINV.L,2006-05-10,2.2642999
WINV.L,2006-08-16,3.2832
WINV.L,2006-11-29,2.8302999
WINV.L,2007-02-14,2.2642999
WINV.L,2007-05-09,2.2642999
WINV.L,2007-08-08,2.2642999
WINV.L,2007-11-14,2.2642999
WINV.L,2008-02-13,2.2642999
WINV.L,2008-05-14,2.2642999
WINV.L,2008-08-13,2.2642999
WINV.L,2008-11-12,2.2642999
WINV.L,2009-02-11,2.2642999
WINV.L,2009-05-13,2.2642999
WINV.L,2009-08-12,1.6982
WINV.L,2009-11-11,1.6982
WINV.L,2010-02-10,1.6982
WINV.L,2010-05-12,1.6982
WINV.L,2010-08-11,1.6982
WINV.L,2010-11-10,1.6982
WINV.L,2011-02-09,1.6982
WINV.L,2011-05-11,1.6982
WINV.L,2011-08-17,1.6982
WINV.L,2011-11-09,1.1321
WINV.L,2012-02-08,1.1321
WINV.L,2012-05-09,1.6982
WIX.L,2021-09-23,2.1
WIX.L,2022-04-21,8.8
WIX.L,2022-09-29,3.6
WIX.L,2023-04-20,7.2999997
WIX.L,2023-09-28,3.6
WIX.L,2024-04-25,7.2999997
WIX.L,2024-10-03,3.6
WIX.L,2025-04-24,7.2999997
WIX.L,2025-10-02,3.6
WJG.L,2016-06-16,1.3299999
WJG.L,2017-01-26,2.6699998
WJG.L,2017-06-08,2.2
WJG.L,2018-01-25,4.4
WJG.L,2018-06-07,2.47
WJG.L,2019-01-24,5.13
WJG.L,2019-06-06,2.75
WJG.L,2020-01-23,5.6000004
WJG.L,2021-01-28,7.35
WJG.L,2021-06-10,2.6000001
WJG.L,2022-01-27,5.6000004
WJG.L,2022-06-09,2.8999999
WJG.L,2023-02-02,4.5
WJG.L,2023-06-08,1.4000001
WKOF.L,2014-06-11,1.4413
WKOF.L,2015-06-11,1.858
WKOF.L,2016-06-09,2.2416
WKOF.L,2017-05-11,3.3262
WKOF.L,2018-06-21,3.4155
WKOF.L,2019-05-09,4.1195
WKOF.L,2020-05-21,3.9549
WKOF.L,2021-05-10,5.2311
WKOF.L,2022-05-19,6.3732
WKOF.L,2023-05-09,5.3517
WKOF.L,2024-05-23,5.1851
WKOF.L,2025-05-22,4.0787997
WKP.L,1994-07-04,3.5963
WKP.L,1994-11-14,2.1706
WKP.L,1995-06-19,5.0647
WKP.L,1995-11-20,2.8941
WKP.L,1996-06-24,6.5118
WKP.L,1996-12-23,3.2559
WKP.L,1997-06-30,7.5971
WKP.L,1998-01-05,3.6176999
WKP.L,1998-06-29,8.6824
WKP.L,1999-01-04,3.9794002
WKP.L,1999-06-28,9.7677
WKP.L,2000-01-04,4.3412
WKP.L,2000-07-03,10.853
WKP.L,2001-01-02,4.7029996
WKP.L,2001-07-04,12.0107
WKP.L,2002-01-02,5.0647
WKP.L,2002-07-03,13.3854
WKP.L,2003-01-02,5.4265
WKP.L,2003-07-02,14.9048
WKP.L,2003-12-31,7.4524
WKP.L,2004-06-30,14.9771
WKP.L,2005-01-05,8.1758995
WKP.L,2005-06-29,16.496601
WKP.L,2006-01-04,9.0442
WKP.L,2006-07-05,18.1607
WKP.L,2007-01-03,9.9848
WKP.L,2007-07-04,19.969501
WKP.L,2008-01-02,10.9977
WKP.L,2008-07-09,21.9954
WKP.L,2009-01-07,10.9977
WKP.L,2009-07-01,4.8142
WKP.L,2010-01-13,2.4071
WKP.L,2010-06-16,4.8142
WKP.L,2011-01-12,2.6478
WKP.L,2011-07-13,5.5
WKP.L,2012-01-11,2.93
WKP.L,2012-07-11,5.86
WKP.L,2013-01-09,3.22
WKP.L,2013-07-10,6.45
WKP.L,2014-01-08,3.54
WKP.L,2014-07-09,7.09
WKP.L,2015-01-08,3.8899999
WKP.L,2015-07-09,8.150001
WKP.L,2016-01-07,4.86
WKP.L,2016-07-07,10.19
WKP.L,2017-01-12,6.8
WKP.L,2017-07-06,14.27
WKP.L,2018-01-11,8.84
WKP.L,2018-07-05,18.55
WKP.L,2019-01-10,10.61
WKP.L,2019-07-04,22.26
WKP.L,2020-01-09,11.67
WKP.L,2020-07-02,24.49
WKP.L,2021-07-01,17.75
WKP.L,2022-01-06,7.0
WKP.L,2022-07-07,14.5
WKP.L,2023-01-05,8.4
WKP.L,2023-07-06,17.4
WKP.L,2024-01-04,9.0
WKP.L,2024-07-04,19.0
WKP.L,2025-01-09,9.4
WKP.L,2025-07-03,19.0
WPM.L,2020-11-24,8.97672
WPM.L,2021-03-25,9.724779
WPM.L,2021-05-20,10.47284
WPM.L,2021-08-26,11.220901
WPM.L,2021-11-19,11.220901
WPM.L,2022-03-23,11.220901
WPM.L,2022-05-19,11.220901
WPM.L,2022-08-25,11.220901
WPM.L,2022-11-18,11.220901
WPM.L,2023-03-23,11.220901
WPM.L,2023-05-18,11.220901
WPM.L,2023-08-24,11.220901
WPM.L,2023-11-27,11.220901
WPM.L,2024-04-02,11.59493
WPM.L,2024-05-29,11.59493
WPM.L,2024-08-21,11.59493
WPM.L,2024-11-20,11.59493
WPM.L,2025-03-31,12.34299
WPM.L,2025-05-27,12.34299
WPM.L,2025-08-21,12.34299
WPM.L,2025-11-19,12.34299
WPP.L,2003-10-15,2.08
WPP.L,2004-06-02,4.4
WPP.L,2004-10-13,2.5
WPP.L,2005-06-01,5.2799997
WPP.L,2005-10-12,3.0
WPP.L,2006-05-31,6.34
WPP.L,2006-10-11,3.6
WPP.L,2007-06-06,7.61
WPP.L,2007-10-10,4.32
WPP.L,2008-06-04,9.13
WPP.L,2008-10-08,5.19
WPP.L,2009-06-03,10.28
WPP.L,2009-10-07,5.19
WPP.L,2010-03-17,10.28
WPP.L,2010-10-06,5.9700003
WPP.L,2011-06-01,11.82
WPP.L,2011-10-12,7.4600005
WPP.L,2012-06-06,17.14
WPP.L,2012-10-10,8.8
WPP.L,2013-06-05,19.71
WPP.L,2013-10-09,10.559999
WPP.L,2014-06-04,23.65
WPP.L,2014-10-09,11.62
WPP.L,2015-06-04,26.58
WPP.L,2015-10-08,15.91
WPP.L,2016-06-09,28.78
WPP.L,2016-10-06,19.55
WPP.L,2017-06-08,37.05
WPP.L,2017-10-05,22.7
WPP.L,2018-06-14,37.3
WPP.L,2018-10-04,22.7
WPP.L,2019-06-13,37.3
WPP.L,2019-10-03,22.7
WPP.L,2020-10-08,10.0
WPP.L,2021-06-10,14.0
WPP.L,2021-10-14,12.5
WPP.L,2022-06-09,18.7
WPP.L,2022-10-13,15.000001
WPP.L,2023-06-08,24.4
WPP.L,2023-10-12,15.000001
WPP.L,2024-06-06,24.4
WPP.L,2024-10-10,15.000001
WPP.L,2025-06-05,24.4
WPP.L,2025-10-09,7.5000005
WRKS.L,2019-02-14,1.2
WRKS.L,2019-08-29,2.4
WRKS.L,2020-02-13,1.2
WRKS.L,2022-11-03,2.4
WSP.L,1995-12-18,1.5
WSP.L,1996-06-24,3.0
WSP.L,1996-12-02,1.65
WSP.L,1997-06-23,3.3500001
WSP.L,1997-12-01,1.65
WSP.L,1998-07-06,3.6
WSP.L,1998-11-30,1.7
WSP.L,1999-07-05,3.9500003
WSP.L,1999-12-06,1.8
WSP.L,2000-07-10,4.2
WSP.L,2000-12-04,1.88
WSP.L,2001-07-11,4.4300003
WSP.L,2001-12-05,2.0
WSP.L,2002-07-10,4.75
WSP.L,2002-12-04,2.1
WSP.L,2003-07-02,5.1
WSP.L,2003-12-03,2.2
WSP.L,2004-06-30,5.4
WSP.L,2004-12-01,2.3
WSP.L,2005-07-06,5.7
WSP.L,2005-11-30,2.3
WSP.L,2006-07-05,6.0
WSP.L,2006-11-29,2.45
WSP.L,2007-07-04,6.45
WSP.L,2007-11-28,2.6000001
WSP.L,2008-07-02,6.85
WSP.L,2008-11-12,2.75
WSP.L,2009-06-24,7.25
WSP.L,2009-11-11,2.8999999
WSP.L,2010-06-23,7.6
WSP.L,2010-11-17,2.8999999
WSP.L,2011-06-22,7.6
WSP.L,2011-11-16,2.8999999
WSP.L,2012-06-27,7.6
WSP.L,2012-11-14,3.2
WSP.L,2013-06-19,7.6
WSP.L,2013-11-27,4.2
WSP.L,2014-06-25,7.6
WSP.L,2014-11-27,4.5
WSP.L,2015-06-25,7.8
WSP.L,2015-11-26,5.0
WSP.L,2016-06-23,8.2
WSP.L,2016-11-24,5.5
WSP.L,2017-06-22,10.25
WSP.L,2017-11-16,6.5
WSP.L,2018-06-21,11.0
WSP.L,2018-11-22,7.0
WSP.L,2019-06-20,12.0
WSP.L,2019-11-21,7.5000005
WSP.L,2020-06-18,7.5000005
WSP.L,2020-12-03,8.0
WSP.L,2021-07-08,13.0
WSP.L,2021-12-02,8.5
WSP.L,2022-06-30,14.0
WSP.L,2022-11-17,9.0
WSP.L,2023-06-29,15.000001
WSP.L,2023-11-16,9.5
WSP.L,2024-06-20,16.0
WSP.L,2024-11-14,10.0
WSP.L,2025-06-26,17.0
WSP.L,2025-11-13,10.5
WTB.L,1992-11-30,6.0155997
WTB.L,1993-06-07,16.4637
WTB.L,1993-11-29,6.3322
WTB.L,1994-06-06,18.21
WTB.L,1994-11-28,7.0597
WTB.L,1995-05-15,19.5956
WTB.L,1995-11-13,7.5875
WTB.L,1996-05-20,21.244999
WTB.L,1996-11-18,8.2473
WTB.L,1997-05-19,23.1584
WTB.L,1997-11-17,8.999499
WTB.L,1998-05-18,25.3357
WTB.L,1998-11-09,9.6065
WTB.L,1999-05-17,27.0511
WTB.L,1999-11-08,10.0947
WTB.L,2000-05-15,28.8325
WTB.L,2000-11-06,10.622499
WTB.L,2001-05-16,30.482
WTB.L,2001-11-07,6.6638002
WTB.L,2002-05-08,16.824501
WTB.L,2002-11-06,7.35
WTB.L,2003-05-07,18.869799
WTB.L,2003-11-05,8.1153
WTB.L,2004-05-12,21.311
WTB.L,2004-11-03,9.105
WTB.L,2005-05-04,24.2141
WTB.L,2005-05-16,156.9207
WTB.L,2005-11-02,9.2362
WTB.L,2006-05-03,22.5646
WTB.L,2006-11-01,7.7873
WTB.L,2007-05-02,19.0296
WTB.L,2007-10-31,7.818
WTB.L,2008-05-07,23.1104
WTB.L,2008-10-22,8.290501
WTB.L,2009-05-06,23.1104
WTB.L,2009-10-21,8.290501
WTB.L,2010-05-12,24.3561
WTB.L,2010-10-27,9.6651
WTB.L,2011-05-11,28.5658
WTB.L,2011-10-26,15.034599
WTB.L,2012-05-16,28.995401
WTB.L,2012-11-07,16.752901
WTB.L,2013-05-15,32.5608
WTB.L,2013-11-06,18.7289
WTB.L,2014-05-28,40.3788
WTB.L,2014-12-04,21.6499
WTB.L,2015-05-28,48.927002
WTB.L,2015-11-19,24.484999
WTB.L,2016-05-26,53.1367
WTB.L,2016-11-10,25.6878
WTB.L,2017-05-25,56.6162
WTB.L,2017-11-09,26.9765
WTB.L,2018-05-24,59.923798
WTB.L,2018-11-08,28.0933
WTB.L,2019-05-30,57.5612
WTB.L,2019-11-07,28.0933
WTB.L,2022-05-26,34.7
WTB.L,2022-11-10,24.4
WTB.L,2023-05-25,49.8
WTB.L,2023-11-02,34.1
WTB.L,2024-05-23,62.9
WTB.L,2024-10-31,36.399998
WTB.L,2025-05-22,60.600002
WTB.L,2025-10-30,36.399998
WWH.L,1996-05-13,0.025
WWH.L,1997-06-09,0.025
WWH.L,1998-07-06,0.030000001
WWH.L,1999-07-12,0.04
WWH.L,2000-07-03,0.04
WWH.L,2001-06-27,0.2
WWH.L,2002-06-26,0.16
WWH.L,2003-07-02,0.1
WWH.L,2004-06-30,0.13
WWH.L,2005-06-08,0.13
WWH.L,2006-06-07,0.17
WWH.L,2007-06-13,0.3
WWH.L,2008-06-18,0.3
WWH.L,2009-06-24,0.5
WWH.L,2010-06-23,0.85
WWH.L,2011-06-08,1.5
WWH.L,2012-06-06,1.75
WWH.L,2012-12-12,0.70000005
WWH.L,2013-06-05,0.95
WWH.L,2013-12-04,0.70000005
WWH.L,2014-06-04,0.8
WWH.L,2014-12-04,0.6
WWH.L,2015-06-11,0.65000004
WWH.L,2015-11-26,0.65000004
WWH.L,2016-06-16,1.0
WWH.L,2016-11-24,0.65000004
WWH.L,2017-06-15,1.6
WWH.L,2017-11-23,0.65000004
WWH.L,2018-06-21,1.1
WWH.L,2018-11-22,0.65000004
WWH.L,2019-06-06,2.0
WWH.L,2019-11-21,0.65000004
WWH.L,2020-06-04,1.85
WWH.L,2020-11-19,0.65000004
WWH.L,2021-06-03,1.55
WWH.L,2021-11-18,0.70000005
WWH.L,2022-06-09,1.95
WWH.L,2022-11-24,0.70000005
WWH.L,2023-06-08,2.4
WWH.L,2023-11-23,0.70000005
WWH.L,2024-06-13,2.1
WWH.L,2024-11-28,0.70000005
WWH.L,2025-06-12,1.7
WWH.L,2025-11-27,0.70000005
WYN.L,2005-03-30,4.5
WYN.L,2006-03-29,5.0
WYN.L,2006-09-27,1.75
WYN.L,2007-03-28,3.5
WYN.L,2007-09-26,1.88
WYN.L,2008-03-26,3.625
WYN.L,2008-10-01,2.0
WYN.L,2009-03-25,4.0
WYN.L,2009-09-30,2.2
WYN.L,2010-03-24,4.3
WYN.L,2010-09-29,2.4
WYN.L,2011-03-30,4.7
WYN.L,2011-09-28,2.6000001
WYN.L,2012-03-28,5.2000003
WYN.L,2012-09-26,2.85
WYN.L,2013-03-27,5.65
WYN.L,2013-09-25,3.1
WYN.L,2014-03-26,6.2
WYN.L,2014-09-24,3.4
WYN.L,2015-03-26,6.8
WYN.L,2015-09-24,3.7
WYN.L,2016-03-24,7.4
WYN.L,2016-09-29,4.0
WYN.L,2017-03-30,8.0
WYN.L,2017-09-28,4.2
WYN.L,2018-03-29,8.4
WYN.L,2018-09-27,4.4100003
WYN.L,2019-03-28,8.95
WYN.L,2019-09-26,4.6
WYN.L,2020-03-26,9.4
WYN.L,2020-09-24,4.6
WYN.L,2021-04-01,10.0
WYN.L,2021-09-30,5.0
WYN.L,2022-03-31,10.5
WYN.L,2022-09-29,5.4
WYN.L,2023-03-30,11.599999
WYN.L,2023-09-28,5.5
WYN.L,2024-03-28,11.75
WYN.L,2024-09-26,5.6000004
WYN.L,2025-03-27,11.900001
WYN.L,2025-09-25,5.7
XAR.L,2005-05-11,1.0
XAR.L,2006-05-17,1.5
XAR.L,2007-05-16,2.0
XAR.L,2008-05-14,2.5
XAR.L,2008-08-27,1.1111
XAR.L,2009-05-13,1.6666999
XAR.L,2009-08-26,1.1111
XAR.L,2010-06-02,1.6666999
XAR.L,2010-08-25,1.1111
XAR.L,2011-06-01,1.6666999
XAR.L,2011-08-24,1.1111
XAR.L,2012-05-30,2.2222
XAR.L,2012-08-22,1.1111
XAR.L,2013-05-22,3.0
XAR.L,2013-09-04,2.5
XAR.L,2014-05-21,5.5
XAR.L,2014-09-03,3.0
XAR.L,2015-05-21,6.0
XAR.L,2015-09-10,3.15
XAR.L,2016-05-26,6.3
XAR.L,2016-09-01,3.3
XAR.L,2017-05-25,6.7000003
XAR.L,2017-09-14,3.4
XAR.L,2018-05-31,6.8
XAR.L,2018-09-13,1.0
XPP.L,2007-09-05,9.0
XPP.L,2008-03-26,11.0
XPP.L,2008-09-03,10.0
XPP.L,2009-03-18,11.0
XPP.L,2009-09-02,10.0
XPP.L,2010-03-17,12.0
XPP.L,2010-06-09,6.0
XPP.L,2010-09-08,7.0
XPP.L,2010-12-08,8.0
XPP.L,2011-03-16,12.0
XPP.L,2011-06-08,9.0
XPP.L,2011-09-07,10.0
XPP.L,2011-12-07,11.0
XPP.L,2012-03-14,15.000001
XPP.L,2012-06-13,10.0
XPP.L,2012-09-05,11.0
XPP.L,2012-12-12,12.0
XPP.L,2013-03-13,17.0
XPP.L,2013-06-12,11.0
XPP.L,2013-09-04,12.0
XPP.L,2013-12-11,13.0
XPP.L,2014-03-12,19.0
XPP.L,2014-06-11,12.0
XPP.L,2014-09-03,13.0
XPP.L,2014-12-11,14.0
XPP.L,2015-03-12,22.0
XPP.L,2015-06-11,13.0
XPP.L,2015-09-10,14.0
XPP.L,2015-12-17,15.000001
XPP.L,2016-03-10,24.0
XPP.L,2016-06-16,14.0
XPP.L,2016-09-15,15.000001
XPP.L,2016-12-15,16.0
XPP.L,2017-03-16,26.0
XPP.L,2017-06-15,15.000001
XPP.L,2017-09-14,16.0
XPP.L,2017-12-14,18.0
XPP.L,2018-03-15,29.0
XPP.L,2018-06-14,16.0
XPP.L,2018-09-13,17.0
XPP.L,2018-12-13,19.0
XPP.L,2019-03-21,33.0
XPP.L,2019-06-13,17.0
XPP.L,2019-09-12,18.0
XPP.L,2019-12-12,20.0
XPP.L,2020-09-10,18.0
XPP.L,2020-12-10,20.0
XPP.L,2021-03-25,36.0
XPP.L,2021-06-17,18.0
XPP.L,2021-09-09,19.0
XPP.L,2021-12-09,21.0
XPP.L,2022-03-24,36.0
XPP.L,2022-06-16,18.0
XPP.L,2022-09-08,19.0
XPP.L,2022-12-08,21.0
XPP.L,2023-03-23,36.0
XPP.L,2023-06-15,18.0
XPS.L,2017-08-31,0.73
XPS.L,2017-12-28,2.1
XPS.L,2018-08-30,4.2
XPS.L,2019-01-10,2.3
XPS.L,2019-08-29,4.3
XPS.L,2020-01-09,2.3
XPS.L,2020-08-27,4.3
XPS.L,2021-01-07,2.3
XPS.L,2021-08-26,4.4
XPS.L,2022-01-06,2.4
XPS.L,2022-08-25,4.8
XPS.L,2023-01-05,2.7
XPS.L,2023-08-24,5.7
XPS.L,2024-01-11,3.0
XPS.L,2024-08-22,7.0
XPS.L,2025-01-09,3.7
XPS.L,2025-08-21,8.2
YNGA.L,1992-11-30,1.75
YNGA.L,1993-05-24,1.8750001
YNGA.L,1993-11-29,1.8125
YNGA.L,1994-06-16,1.9375
YNGA.L,1994-11-28,1.8125
YNGA.L,1995-06-05,1.9375
YNGA.L,1995-11-27,1.8375
YNGA.L,1996-06-17,1.9625001
YNGA.L,1996-11-25,1.8375
YNGA.L,1997-06-16,1.9625001
YNGA.L,1997-11-24,1.9375
YNGA.L,1998-06-15,2.0749998
YNGA.L,1998-11-23,2.05
YNGA.L,1999-06-14,2.2
YNGA.L,1999-11-22,2.175
YNGA.L,2000-06-19,2.35
YNGA.L,2000-11-27,2.3125
YNGA.L,2001-06-20,2.5125
YNGA.L,2001-11-28,2.45
YNGA.L,2002-06-12,2.6375
YNGA.L,2002-11-20,2.575
YNGA.L,2003-06-11,2.775
YNGA.L,2003-11-19,2.7124999
YNGA.L,2004-06-16,2.9125
YNGA.L,2004-11-24,2.85
YNGA.L,2005-06-15,3.0625
YNGA.L,2005-11-23,3.0
YNGA.L,2006-06-14,3.225
YNGA.L,2006-11-22,4.5
YNGA.L,2007-06-13,4.8375
YNGA.L,2007-11-21,6.0
YNGA.L,2008-06-18,6.5
YNGA.L,2008-12-03,6.12
YNGA.L,2009-06-10,6.6299996
YNGA.L,2009-12-02,6.24
YNGA.L,2010-06-09,6.7599998
YNGA.L,2010-12-01,6.3600006
YNGA.L,2011-06-08,6.8999996
YNGA.L,2011-11-30,6.68
YNGA.L,2012-06-06,7.25
YNGA.L,2012-11-28,7.0200005
YNGA.L,2013-06-05,7.61
YNGA.L,2013-11-27,7.4500003
YNGA.L,2014-06-04,8.070001
YNGA.L,2014-11-27,7.9000006
YNGA.L,2015-06-11,8.56
YNGA.L,2015-11-26,8.38
YNGA.L,2016-06-09,9.07
YNGA.L,2016-11-24,8.88
YNGA.L,2017-06-08,9.62
YNGA.L,2017-11-23,9.41
YNGA.L,2018-06-07,10.2
YNGA.L,2018-11-22,9.969999
YNGA.L,2019-06-06,10.809999
YNGA.L,2019-11-21,10.57
YNGA.L,2021-11-18,8.55
YNGA.L,2022-06-09,10.26
YNGA.L,2022-11-17,10.26
YNGA.L,2023-06-08,10.26
YNGA.L,2023-11-23,10.88
YNGA.L,2024-07-04,10.88
YNGA.L,2024-11-21,11.53
YNGA.L,2025-06-12,11.53
YNGA.L,2025-11-20,12.219999
YNGN.L,2010-06-09,6.7599998
YNGN.L,2010-12-01,6.3600006
YNGN.L,2011-06-08,6.8999996
YNGN.L,2011-11-30,6.68
YNGN.L,2012-06-06,7.25
YNGN.L,2012-11-28,7.0200005
YNGN.L,2013-06-05,7.61
YNGN.L,2013-11-27,7.4500003
YNGN.L,2014-06-04,8.070001
YNGN.L,2014-11-27,7.9000006
YNGN.L,2015-06-11,8.56
YNGN.L,2015-11-26,8.38
YNGN.L,2016-06-09,9.07
YNGN.L,2016-11-24,8.88
YNGN.L,2017-06-08,9.62
YNGN.L,2017-11-23,9.41
YNGN.L,2018-06-07,10.2
YNGN.L,2018-11-22,9.969999
YNGN.L,2019-06-06,10.809999
YNGN.L,2019-11-21,10.57
YNGN.L,2021-11-18,8.55
YNGN.L,2022-06-09,10.26
YNGN.L,2022-11-17,10.26
YNGN.L,2023-06-08,10.26
YNGN.L,2023-11-23,10.88
YNGN.L,2024-07-04,10.88
YNGN.L,2024-11-21,11.53
YNGN.L,2025-06-12,11.53
YNGN.L,2025-11-20,12.219999
YOU.L,2012-12-05,0.5
YOU.L,2013-12-04,0.6
YOU.L,2014-12-04,0.8
YOU.L,2015-12-03,1.0
YOU.L,2016-12-01,1.4000001
YOU.L,2017-11-30,2.0
YOU.L,2018-12-06,3.0
YOU.L,2019-12-05,4.0
YOU.L,2020-12-03,5.0
YOU.L,2021-12-02,6.0
YOU.L,2022-12-01,7.0
YOU.L,2023-11-30,8.75
YOU.L,2024-11-28,9.0
YOU.L,2025-11-27,9.25
YU.L,2016-11-24,0.75
YU.L,2017-08-10,1.5
YU.L,2017-11-23,1.0
YU.L,2018-08-02,2.0
YU.L,2018-11-22,1.2
YU.L,2023-06-01,3.0
YU.L,2023-11-23,3.0
YU.L,2024-05-30,37.0
YU.L,2024-11-21,19.0
YU.L,2025-05-29,41.0
YU.L,2025-11-20,22.0
ZAM.L,2011-12-22,0.336555
ZEG.L,2016-09-22,2.25
ZEG.L,2017-02-23,2.25
ZEG.L,2017-10-19,3.9
ZEG.L,2018-03-29,3.9
ZEG.L,2018-12-06,2.8000002
ZEG.L,2019-02-07,2.5
ZEG.L,2019-08-15,2.5
ZEG.L,2020-02-13,2.0
ZEG.L,2020-07-02,2.6000001
ZEG.L,2021-02-11,2.2
ZEG.L,2021-07-01,2.6000001
ZIG.L,1993-01-18,4.6773
ZIG.L,1993-08-16,7.0703
ZIG.L,1994-01-17,4.7861
ZIG.L,1994-08-01,8.2669
ZIG.L,1995-01-23,5.4386997
ZIG.L,1995-07-31,10.2248
ZIG.L,1996-01-22,6.0913997
ZIG.L,1996-07-22,12.6178
ZIG.L,1997-01-20,6.9616
ZIG.L,1997-07-21,14.793301
ZIG.L,1998-01-19,8.1581
ZIG.L,1998-07-20,17.4039
ZIG.L,1999-01-18,8.702001
ZIG.L,1999-07-19,18.4916
ZIG.L,2000-01-24,9.0935
ZIG.L,2000-07-17,19.7317
ZIG.L,2001-01-22,9.5721
ZIG.L,2001-07-11,20.8847
ZIG.L,2002-01-16,10.116
ZIG.L,2003-01-15,10.659901
ZIG.L,2003-08-06,24.1479
ZIG.L,2004-01-21,15.228399
ZIG.L,2004-08-04,23.0602
ZIG.L,2005-01-19,17.4039
ZIG.L,2005-08-03,26.105898
ZIG.L,2006-01-18,19.579401
ZIG.L,2006-08-30,30.456799
ZIG.L,2007-01-17,21.7549
ZIG.L,2007-08-22,33.7201
ZIG.L,2007-12-19,25.018099
ZIG.L,2008-08-13,35.8956
ZIG.L,2008-12-17,25.018099
ZIG.L,2012-08-15,3.0
ZIG.L,2012-12-12,1.3000001
ZIG.L,2013-08-14,6.0
ZIG.L,2013-12-11,3.2
ZIG.L,2014-08-13,6.8
ZIG.L,2014-12-11,4.3
ZIG.L,2015-08-20,10.2
ZIG.L,2015-12-10,5.1
ZIG.L,2016-08-18,10.9
ZIG.L,2016-12-15,5.7
ZIG.L,2017-08-10,11.599999
ZIG.L,2017-12-14,6.1
ZIG.L,2018-08-09,11.599999
ZIG.L,2018-12-13,6.2
ZIG.L,2019-08-15,12.1
ZIG.L,2019-12-12,6.3
ZIG.L,2020-09-24,6.8
ZIG.L,2020-12-17,3.4
ZIG.L,2021-09-02,12.0
ZIG.L,2021-12-09,6.0
ZIG.L,2022-09-01,15.000001
ZIG.L,2022-12-15,7.5000005
ZIG.L,2023-08-31,16.5
ZIG.L,2023-12-14,8.299999
ZIG.L,2024-08-29,17.5
ZIG.L,2024-12-12,8.8
ZIG.L,2025-08-28,17.6
ZIN.L,1993-09-06,7272.727
ZTF.L,1995-08-14,1.8
ZTF.L,1996-04-09,3.6
ZTF.L,1996-08-12,2.0
ZTF.L,1997-03-24,4.0
ZTF.L,1997-08-11,2.2
ZTF.L,1998-03-23,4.5
ZTF.L,1998-08-10,2.4
ZTF.L,1999-03-22,4.8
ZTF.L,1999-08-09,2.5
ZTF.L,2000-03-27,5.0
ZTF.L,2000-08-21,2.5
ZTF.L,2001-03-28,5.0
ZTF.L,2001-08-29,2.5
ZTF.L,2002-04-17,5.0
ZTF.L,2002-08-28,2.5
ZTF.L,2003-04-16,5.0
ZTF.L,2003-08-27,2.5
ZTF.L,2004-04-21,2.0
ZTF.L,2004-08-25,1.5
ZTF.L,2005-04-20,3.0
ZTF.L,2005-08-31,1.5
ZTF.L,2006-04-26,3.0
ZTF.L,2006-08-30,1.5
ZTF.L,2007-04-25,3.0
ZTF.L,2007-08-29,1.5
ZTF.L,2008-04-23,3.0
ZTF.L,2008-09-03,1.5
ZTF.L,2009-04-22,3.0
ZTF.L,2009-09-16,1.5
ZTF.L,2010-04-21,3.0
ZTF.L,2010-09-15,1.5
ZTF.L,2011-04-20,3.15
ZTF.L,2011-09-14,1.6
ZTF.L,2012-04-25,3.3
ZTF.L,2012-09-12,1.7
ZTF.L,2013-04-24,3.5
ZTF.L,2013-09-11,1.7
ZTF.L,2014-04-23,3.6
ZTF.L,2014-09-03,1.75
ZTF.L,2015-04-23,3.7
ZTF.L,2015-09-10,1.8
ZTF.L,2016-04-21,3.8
ZTF.L,2016-09-15,1.85
ZTF.L,2017-04-20,3.9
ZTF.L,2017-09-14,1.91
ZTF.L,2018-04-19,4.02
ZTF.L,2018-09-13,1.97
ZTF.L,2019-04-25,4.1499996
ZTF.L,2019-09-12,2.0300002
ZTF.L,2020-09-10,2.0300002
ZTF.L,2021-05-06,4.27
ZTF.L,2021-09-09,2.1
ZTF.L,2022-05-05,4.4
ZTF.L,2022-09-08,2.18
ZTF.L,2023-05-04,4.62
ZTF.L,2023-09-07,2.28
ZTF.L,2024-05-02,4.9
ZTF.L,2024-09-05,2.38
ZTF.L,2025-05-01,5.1
ZTF.L,2025-09-04,2.5
