ticker_yf,Symbol,Company Name,exchange,market,Currency,ISIN,last_close,max_drawdown,EMA_20,EMA_52,EMA_200,MACD,MACD_signal,RSI_14,dividend_ttm,payments_ttm,div_freq,last_div_date,div_yield_ttm,next_earnings_date,eps_estimate,reported_eps,surprise_pct
III.L,III,3I GROUP PLC,LSE,SETS,GBX,GB00B1YW4409,3436.0,-0.32742767436644993,3297.2214418503427,3340.1011710414227,3701.1999874846333,27.66989871220767,17.01168305256992,64.8023143683703,79.0,2.0,Semi-Annual,2025-11-27,0.0229918509895227,,,,
AAL.L,AAL,ANGLO AMERICAN PLC,LSE,SETS,GBX,GB00BTK05J60,3586.0,-0.2865171037911671,3468.9934363692223,3253.140002276714,2784.408524949625,111.30569180600287,114.7377413141763,56.76470588235294,24.016299999999998,2.0,Semi-Annual,2025-08-21,0.00669723926380368,,,,
AZN.L,AZN,ASTRAZENECA PLC,LSE,SETS,GBX,GB0009895292,15118.0,-0.19922133863485747,14138.717507093526,13803.999704327765,12687.43963539169,255.25110333293014,113.81641328417561,71.84900831733844,244.700005,2.0,Semi-Annual,2025-08-07,0.016186003770339994,,1.52,1.67,9.65
BA.L,BA.,BAE SYSTEMS PLC,LSE,SETS,GBX,GB0002634946,1968.0,-0.21868932038834954,1938.5602984838542,1899.0654931018562,1796.58877093274,4.597639915767331,13.00975563827573,49.31693989071038,34.100001,2.0,Semi-Annual,2025-10-23,0.017327236280487806,,,,
BARC.L,BARC,BARCLAYS PLC,LSE,SETS,GBX,GB0031348658,454.0,-0.22373914753509516,476.6633724064928,464.6542618103842,402.43740019470374,-1.0620208919252718,3.0982618756259894,40.110901267410824,8.5,2.0,Semi-Annual,2025-08-07,0.018722466960352423,,7.61,9.18,20.57
BP.L,BP.,BP PLC,LSE,SETS,GBX,GB0007980591,461.0,-0.29093625296580894,458.2112487704389,448.92254932922583,433.6592975772095,6.839366639691491,7.541111906610607,56.39604182494524,24.509,4.0,Quarterly,2025-11-13,0.0531648590021692,,0.32,0.43,36.08
BATS.L,BATS,BRITISH AMERICAN TOBACCO PLC,LSE,SETS,GBX,GB0002875804,4354.0,-0.15023901661734573,4384.876889695893,4295.680582410652,3974.482581484348,48.11424076070216,59.26994547875297,53.22128851540616,240.24,4.0,Quarterly,2025-12-29,0.055176848874598075,,,,
CCEP.L,CCEP,COCA-COLA EUROPACIFIC PARTNERS PLC,LSE,SETS,GBX,GB00BDCPN049,7320.0,-0.1580345285524568,6921.506492271659,6810.098180827891,6769.866555331242,151.89924057158896,85.12947320393404,86.86868686868686,177.35352,2.0,Semi-Annual,2025-11-13,0.02422862295081967,,,,
CPG.L,CPG,COMPASS GROUP PLC,LSE,SETS,GBX,GB00BD6K4575,2058.0,-0.28420682377769957,2163.42150567902,2264.8875115907063,2452.501927793249,-66.21831640342816,-54.76230989224805,35.12544802867383,48.449999,2.0,Semi-Annual,2026-01-15,0.023542273566569485,,,,
DGE.L,DGE,DIAGEO PLC,LSE,SETS,GBX,GB0002374006,1824.0,-0.2880361173814898,1738.3882428451748,1710.179486505166,1830.1131823900635,45.89474697643345,29.388339745331876,72.00520833333333,79.39,2.0,Semi-Annual,2025-10-16,0.04352521929824561,,,,
EXPN.L,EXPN,EXPERIAN PLC,LSE,SETS,GBX,GB00B19NLV48,2538.0,-0.4190313111545988,2714.001804932813,3018.9898585698425,3447.6771404835436,-210.62769797512647,-199.9480026963009,30.299999999999997,47.412002,2.0,Semi-Annual,2026-01-08,0.01868085185185185,,,,
GLEN.L,GLEN,GLENCORE PLC,LSE,SETS,GBX,JE00B4T3BW64,494.5,-0.34931406874642534,488.5555351313112,450.8522701352338,373.8298786377809,13.692339098372543,18.24246136677827,47.71241455260433,7.480700000000001,2.0,Semi-Annual,2025-08-28,0.015127805864509607,,,,
GSK.L,GSK,GSK PLC,LSE,SETS,GBX,GB00BN7SWP63,2165.0,-0.1889637471928136,2020.819733070079,1906.150947845179,1686.5816963986422,90.72375709544599,69.18594019349791,80.1253357206804,64.0,4.0,Quarterly,2025-11-13,0.02956120092378753,,39.78,46.9,17.88
HLN.L,HLN,HALEON PLC,LSE,SETS,GBX,GB00BMX86B70,409.20001220703125,-0.2133911452279461,389.5767250063454,377.8479725571379,371.39471231768874,9.51904772423029,7.005550409692666,78.0701754385965,6.8,2.0,Semi-Annual,2025-08-14,0.01661779031560634,,,,
HSBA.L,HSBA,HSBC HLDGS PLC,LSE,SETS,GBX,GB0005405286,1238.5999755859375,-0.24328911171667766,1267.3817875297143,1209.008529085586,1061.1969786366062,22.62354098112678,30.370908923178852,49.31298207850236,49.5506007,4.0,Quarterly,2025-11-06,0.04000532995050268,,0.31,0.34,9.68
IMB.L,IMB,IMPERIAL BRANDS PLC,LSE,SETS,GBX,GB0004544929,3288.0,-0.15467511885895402,3188.3983732799907,3145.971300452664,3059.02677863364,58.57261313214667,36.647366560445185,78.79417879417879,174.49999400000002,4.0,Quarterly,2025-11-27,0.05307177433090025,,,,
LLOY.L,LLOY,LLOYDS BANKING GROUP PLC,LSE,SETS,GBX,GB0008706128,100.4000015258789,-0.1348649102288324,104.14473774587226,100.5507094703844,88.2978745468449,0.7743315873196934,1.8492884264858034,44.94163510757896,3.33,2.0,Semi-Annual,2025-07-31,0.03316733017321385,,2.06,2.2,6.8
LSEG.L,LSEG,LONDON STOCK EXCHANGE GROUP PLC,LSE,SETS,GBX,GB00B0SWJX34,7570.0,-0.3946813001266357,7917.862523500462,8377.551854170553,9339.52749178769,-365.12145802064606,-332.40689773197926,30.555555555555557,136.0,2.0,Semi-Annual,2025-08-14,0.01796565389696169,,,,
NG.L,NG.,NATIONAL GRID PLC,LSE,SETS,GBX,GB00BDR05C01,1366.0,-0.0791399817017383,1265.836521399972,1209.1765889096039,1117.947478678926,43.599305843059255,33.12056513564397,99.69325153374233,47.230001,2.0,Semi-Annual,2025-11-20,0.03457540336749634,,,,
NWG.L,NWG,NATWEST GROUP PLC,LSE,SETS,GBX,GB00BM8PJY71,580.2000122070312,-0.16421780177958534,636.1271045143028,632.5807084898767,570.4626722731074,-10.697791267171397,-0.37869174172486675,33.765021304442215,25.0,2.0,Semi-Annual,2025-08-07,0.04308858923477464,,9.54,10.94,14.68
PRU.L,PRU,PRUDENTIAL PLC,LSE,SETS,GBX,GB0007099541,1069.0,-0.16177527397554037,1160.9781860168005,1144.687292080063,1025.4157127675207,-8.901327096176146,6.310079067565761,29.273504273504273,17.992201,2.0,Semi-Annual,2025-09-04,0.016830870907390084,,,,
RKT.L,RKT,RECKITT BENCKISER GROUP PLC,LSE,SETS,GBX,GB00B24CGK77,6468.0,-0.14488744116832775,6324.509872162233,6268.848557564927,5937.625568663935,25.19997605356366,9.623370268975972,63.82941226959529,459.4792,3.0,Irregular,2026-02-02,0.07103883735312307,,,,
REL.L,REL,RELX PLC,LSE,SETS,GBX,GB00B2B0DG97,2257.0,-0.5131801692865781,2440.4822507915324,2762.5984535455395,3300.7107766317026,-240.43732425903772,-212.94072490150322,25.870253164556956,64.300003,2.0,Semi-Annual,2025-08-07,0.028489146211785558,,,,
RIO.L,RIO,RIO TINTO PLC,LSE,SETS,GBX,GB0007188757,7187.0,-0.19036381514257616,6838.028073399376,6351.109093942077,5454.419495755872,265.72024961221905,253.14151905468196,69.05294556301268,284.5675,2.0,Semi-Annual,2025-08-14,0.03959475441769862,,,,
RR.L,RR.,ROLLS-ROYCE HOLDINGS PLC,LSE,SETS,GBX,GB00B63H8491,1271.0,-0.21776575130200948,1237.0227268846422,1205.071271923482,1065.0829122910366,9.702123321264708,10.248198170447093,56.41952983725135,10.5,2.0,Semi-Annual,2025-08-07,0.008261211644374508,,,,
SHEL.L,SHEL,SHELL PLC,LSE,SETS,GBX,GB00BP6MXD84,2872.5,-0.19056870363829037,2797.91890485978,2762.202682936525,2707.7151936691494,40.64362438216813,27.661694711550883,69.45525291828794,79.879998,3.0,Irregular,2025-11-13,0.027808528459530028,,1.25,1.29,2.79
STAN.L,STAN,STANDARD CHARTERED PLC,LSE,SETS,GBX,GB0004082847,1718.5,-0.3074862192332791,1821.8053630032532,1778.1183176368497,1531.4563358765015,-7.090722870501622,12.649442928445161,37.049549549549546,29.532645,2.0,Semi-Annual,2025-08-07,0.017185129473377945,,,0.32,
TSCO.L,TSCO,TESCO PLC,LSE,SETS,GBX,GB00BLGZ9862,488.70001220703125,-0.2075566596888775,447.8590548650703,441.4391335479408,427.474241759849,11.290083652132296,4.74937231299787,97.74832911274724,14.25,2.0,Semi-Annual,2025-10-09,0.029158992519040857,,,,
ULVR.L,ULVR,UNILEVER PLC,LSE,SETS,GBX,GB00B10RZP78,5432.0,-0.1128383195063849,5097.357338205513,4954.6952574329525,4882.589386842858,144.20167936065718,100.98039152544456,84.0190816935003,174.4426,4.0,Quarterly,2025-11-06,0.03211388070692194,,,,
ADM.L,ADM,ADMIRAL GROUP PLC,LSE,SETS,GBX,GB00B02J6398,2814.0,-0.28113104948341494,2825.650663291948,2952.7494783845777,3116.572029131261,-57.3143850322931,-73.14532533902344,67.63485477178423,236.0,2.0,Semi-Annual,2025-09-04,0.08386638237384506,,,,
AAF.L,AAF,AIRTEL AFRICA PLC,LSE,SETS,GBX,GB00BKDRYJ47,329.6000061035156,-0.14976136747878743,337.5825932803996,331.08217424791064,265.52304398189887,-3.930439426013379,-2.6844554792930726,35.01093324759023,5.0580998,2.0,Semi-Annual,2025-11-06,0.01534617629349021,,0.05,0.03,-36.17
ALW.L,ALW,ALLIANCE WITAN PLC,LSE,SETS,GBX,GB00B11V7W98,1260.0,-0.20454545454545459,1265.5289044774252,1271.0464756898855,1263.8953848006317,-4.80940484402845,-5.19225571441474,46.80851063829787,27.97,4.0,Quarterly,2025-11-27,0.022198412698412696,,,,
ANTO.L,ANTO,ANTOFAGASTA PLC,LSE,SETS,GBX,GB0000456144,3711.0,-0.28949396352427437,3654.203127020494,3409.273126483407,2710.885549278939,90.93694214713105,105.82534010755153,48.10201660735469,29.8936,2.0,Semi-Annual,2025-09-04,0.008055402856372944,,,,
AHT.L,AHT,ASHTEAD GROUP PLC,LSE,SETS,GBX,GB0000536739,5234.0,-0.28423317683881066,5071.352997569313,5081.929571636602,4986.94448732515,-4.804931571252382,-42.99020093702053,54.50928381962865,81.009998,2.0,Semi-Annual,2026-01-08,0.015477645777607947,,1.1,1.18,6.89
ABF.L,ABF,ASSOCIATED BRITISH FOODS PLC,LSE,SETS,GBX,GB0006731235,1967.0,-0.21352160890029948,1937.8727228138994,1989.5366947576645,2056.7010614290575,-5.18944601218459,-21.108263027129162,63.94779771615008,63.0,2.0,Semi-Annual,2025-12-11,0.03202846975088968,,,,
AUTO.L,AUTO,AUTO TRADER GROUP PLC,LSE,SETS,GBX,GB00BVYVFW23,459.1000061035156,-0.4968075805608273,510.8993696438528,567.7303404432936,690.8479753087547,-32.34125436276429,-27.462239940194713,14.353691695032367,10.9000004,2.0,Semi-Annual,2026-01-02,0.023742104672380075,,,,
AV.L,AV.,AVIVA PLC,LSE,SETS,GBX,GB00BPQY8M80,625.7999877929688,-0.12197288543496354,641.4927746854894,652.8516790860344,635.897544143955,-10.078742473937837,-8.401706276026134,50.61425135117301,36.900000000000006,2.0,Semi-Annual,2025-08-28,0.05896452655765712,,,,
BAB.L,BAB,BABCOCK INTERNATIONAL GROUP PLC,LSE,SETS,GBX,GB0009697037,1299.0,-0.1810717372515125,1388.4611700765472,1349.9517915941863,1150.5202810049361,-14.87860723320614,10.899673256526857,32.018561484918806,7.0,2.0,Semi-Annual,2025-12-04,0.005388760585065435,,,,
BTRW.L,BTRW,BARRATT REDROW PLC,LSE,SETS,GBX,GB0000811801,388.8999938964844,-0.2741601179186025,386.85824070918346,383.21010042559254,396.0337554682233,2.583544801835785,2.92253596127368,53.25202478788625,17.6,2.0,Semi-Annual,2025-10-09,0.04525585054312109,,,,
BEZ.L,BEZ,BEAZLEY PLC,LSE,SETS,GBX,GB00BYQ0JC66,1230.0,-0.20966084275436792,1149.6422748434175,1023.298926383219,915.3864748481353,82.8407226458121,86.17842979033084,75.0,25.0,1.0,Annual,2025-03-20,0.02032520325203252,,,,
BKG.L,BKG,BERKELEY GROUP HOLDINGS (THE) PLC,LSE,SETS,GBX,GB00BP0RGD03,4434.0,-0.18501387604070307,4179.218951715959,4042.3824308540443,3904.1655482919923,104.39944906879646,81.54915078512198,73.13084112149534,33.0,1.0,Annual,2025-03-06,0.007442489851150203,,,,
BT-A.L,BT.A,BT GROUP PLC,LSE,SETS,GBX,GB0030913577,210.3000030517578,-0.2159855927429829,197.23297330645042,190.20456103245903,184.517596641957,6.42296748987971,4.98106638047559,82.2013959465235,8.2099998,2.0,Semi-Annual,2025-12-29,0.039039465909942964,,4.68,,
BNZL.L,BNZL,BUNZL PLC,LSE,SETS,GBX,GB00B0744B38,2132.0,-0.42213829169087735,2107.2563893393217,2121.5066566206456,2359.676957058042,17.96694950649271,7.309167327619736,63.793103448275865,74.0,2.0,Semi-Annual,2025-11-13,0.03470919324577861,,0.3,,
BRBY.L,BRBY,BURBERRY GROUP PLC,LSE,SETS,GBX,GB0031743007,1195.5,-0.47287994307895154,1186.4033670578458,1209.920661932874,1181.2055705185444,-15.896220860058975,-26.042867007221016,53.900709219858165,,,,,,,,,
CNA.L,CNA,CENTRICA PLC,LSE,SETS,GBX,GB00B033F229,191.4499969482422,-0.09636215389859304,188.3967914269362,181.36118201649634,168.0401382467512,4.019317564634633,4.305317195566855,62.66171917174964,4.83,2.0,Semi-Annual,2025-09-18,0.02522851959776094,,,,
CCH.L,CCH,COCA-COLA HBC AG,LSE,SETS,GBX,CH0198251305,4704.0,-0.18046603867129396,4232.862725519171,3992.340411755597,3749.5531888358123,204.43986637496073,135.92568734287994,96.72897196261682,89.54408,1.0,Annual,2025-05-29,0.019035731292517004,,0.26,,
CTEC.L,CTEC,CONVATEC GROUP PLC,LSE,SETS,GBX,GB00BD3VFW73,227.8000030517578,-0.25524710715771526,228.80712216284707,232.89777386224483,240.83185177904673,-3.1509221801178455,-2.9785974235989663,38.74346658145178,5.0379999,2.0,Semi-Annual,2025-08-21,0.022115890397311936,,,,
CRDA.L,CRDA,CRODA INTERNATIONAL PLC,LSE,SETS,GBX,GB00BJFFLV09,3056.0,-0.26336454243430985,2905.488570805426,2818.175364435395,2829.414437651963,94.87692713084289,57.25837451678898,67.36020806241874,111.0,2.0,Semi-Annual,2025-08-28,0.03632198952879581,,,,
DCC.L,DCC,DCC PLC,LSE,SETS,GBX,IE0002424939,5280.0,-0.2040256175663312,4836.357894321482,4768.215370790699,4845.053790922588,133.30982946828226,66.31589996848155,82.58527827648115,209.70999,2.0,Semi-Annual,2025-11-20,0.03971780113636364,,,,
DPLM.L,DPLM,DIPLOMA PLC,LSE,SETS,GBX,GB0001826634,5410.0,-0.24056999161777037,5448.999024311127,5443.2225226667915,5225.323091465209,-3.7902070909913164,-6.992050123464494,40.47619047619048,62.300001,2.0,Semi-Annual,2026-01-15,0.011515711829944547,,,,
EZJ.L,EZJ,EASYJET PLC,LSE,SETS,GBX,GB00B7KR2P84,481.29998779296875,-0.2390268848550675,484.60721444470613,487.48849142081644,493.5462923056817,-2.814678412239857,-2.8709569421456353,54.27630802929893,12.1,1.0,Annual,2025-02-20,0.025140245806955674,,,,
EDV.L,EDV,ENDEAVOUR MINING PLC,LSE,SETS,GBX,GB00BL6K5J42,4574.0,-0.1622535211267606,4303.911649101551,4015.921660813393,3174.469139639715,127.48226591945695,120.61272769331339,50.82815734989647,87.205574,2.0,Semi-Annual,2025-09-25,0.019065494971578487,,0.3,0.15,-50.17
ENT.L,ENT,ENTAIN PLC,LSE,SETS,GBX,IM00B5VQMV65,567.0,-0.4452054794520548,633.3308406996067,688.1786576851662,755.9690144012073,-33.86046932480076,-32.241620700004745,30.465123266146577,19.1,2.0,Semi-Annual,2025-08-21,0.033686067019400356,,,,
FCIT.L,FCIT,F&C INVESTMENT TRUST PLC,LSE,SETS,GBX,GB0003466074,1255.0,-0.19699499165275458,1254.569729816063,1245.9460372837327,1201.5430522178942,2.900888056178019,2.441381389782492,55.434782608695656,16.2,4.0,Quarterly,2026-01-02,0.012908366533864542,,,,
FRES.L,FRES,FRESNILLO PLC,LSE,SETS,GBX,GB00B2QPKJ12,3858.0,-0.20852359208523596,3804.0163900150387,3485.753195897499,2454.7373012593043,71.64627625507364,111.54411590638442,36.20205799812909,66.513798,2.0,Semi-Annual,2025-08-14,0.017240486780715394,,,,
GAW.L,GAW,GAMES WORKSHOP GROUP PLC,LSE,SETS,GBX,GB0003718474,16490.0,-0.171875,17245.929037631962,17660.866909543958,16615.771905404756,-487.6714976685398,-444.3002180437277,26.973684210526315,425.0,5.0,Irregular,2025-12-18,0.02577319587628866,,,,
HLMA.L,HLMA,HALMA PLC,LSE,SETS,GBX,GB0004052071,3876.0,-0.20485175202156336,3634.0145344798993,3591.8292040638858,3377.7082540137585,32.38525484661659,6.1425386497010885,70.92198581560284,23.750001,2.0,Semi-Annual,2025-12-18,0.006127451238390093,,,,
HIK.L,HIK,HIKMA PHARMACEUTICALS PLC,LSE,SETS,GBX,GB00B0LCW083,1577.0,-0.35769230769230764,1555.208811667364,1568.9235349634305,1750.6978254026742,2.9002828374605087,0.2747144896494126,51.456310679611654,63.590819999999994,2.0,Semi-Annual,2025-08-14,0.04032391883322765,,,,
HSX.L,HSX,HISCOX LD,LSE,SETS,GBX,BMG4593F1389,1440.0,-0.13327814569536423,1468.3673913745738,1435.8367916368531,1335.8590735197026,7.338501268564642,18.770349911777924,35.66176470588235,32.93,2.0,Semi-Annual,2025-08-14,0.022868055555555555,,,,
HWDN.L,HWDN,HOWDEN JOINERY GROUP PLC,LSE,SETS,GBX,GB0005576813,861.5,-0.2162629757785467,856.4791420997349,845.7383282726967,837.6787453789851,7.704789643600634,6.2683496258727525,55.4421768707483,21.300001,2.0,Semi-Annual,2025-10-16,0.02472431921067905,,,,
ICG.L,ICG,ICG PLC,LSE,SETS,GBX,GB00BYT1DJ19,1704.0,-0.35959183673469386,1793.3359448013052,1908.6284437363875,2040.6058742471403,-85.2992882202841,-81.30883750948018,27.295285359801497,84.399997,2.0,Semi-Annual,2025-12-04,0.0495305146713615,,,,
IMI.L,IMI,IMI PLC,LSE,SETS,GBX,GB00BGLP8L22,2830.0,-0.22565091610414656,2777.959590341668,2649.013142477908,2366.073877257678,70.50343520793558,72.7126292604227,62.43654822335026,32.1,2.0,Semi-Annual,2025-08-14,0.011342756183745584,,,,
INF.L,INF,INFORMA PLC,LSE,SETS,GBX,GB00BMJ6DW54,828.4000244140625,-0.28977147230145595,860.2355550287705,883.5792453457999,883.8549334530542,-17.950922506641746,-13.984284721479291,18.51267396706227,20.6,2.0,Semi-Annual,2025-08-07,0.02486721317345522,,,,
IHG.L,IHG,INTERCONTINENTAL HOTELS GROUP PLC,LSE,SETS,GBX,GB00BHJYC057,146.39999389648438,-0.30584383544364846,140.9980268876504,137.58098671069925,129.99962201836962,2.4707074269177838,1.4917685408351253,68.53378756128659,1.764417,2.0,Semi-Annual,2025-08-21,0.012052029190981887,,,,
ITRK.L,ITRK,INTERTEK GROUP PLC,LSE,SETS,GBX,GB0031638363,4450.0,-0.24531104921077063,4491.715077170994,4568.513883295424,4745.115259912087,-36.93808555963005,-36.704886807205284,42.99674267100978,159.90000899999998,2.0,Semi-Annual,2025-09-11,0.035932586292134826,,,,
IAG.L,IAG,INTL CONSOLIDATED AIRLINES GROUP SA,LSE,SETS,GBX,ES0177542018,434.0,-0.36304285645234136,426.7302697649214,417.36691393040564,386.94372401491324,5.243152189466571,4.841080543599379,59.2178640781113,9.389088600000001,2.0,Semi-Annual,2025-11-27,0.02163384470046083,,0.12,0.17,47.83
JD.L,JD.,JD SPORTS FASHION PLC,LSE,SETS,GBX,GB00BM8Q5M07,78.87999725341797,-0.30291731108474007,81.65937434799996,82.86191872573514,85.25111203955251,-0.8082643942929622,-0.43850095348670315,39.29822917642649,0.9999999399999999,2.0,Semi-Annual,2025-10-30,0.012677484467796032,,,,
KGF.L,KGF,KINGFISHER PLC,LSE,SETS,GBX,GB0033195214,362.5,-0.23030687012361983,340.4885566166508,325.85029315726445,298.2901189197598,10.21788581576675,8.219166137534804,77.05148137725661,12.399999999999999,2.0,Semi-Annual,2025-10-09,0.03420689655172413,,,,
LAND.L,LAND,LAND SECURITIES GROUP PLC,LSE,SETS,GBX,GB00BYW0PQ60,644.0,-0.1669291338582677,650.8748370499743,635.7475732620143,609.1030641748033,7.230121437587741,9.00881878941469,49.504950495049506,40.8,3.0,Irregular,2025-11-27,0.06335403726708073,,,,
LGEN.L,LGEN,LEGAL & GENERAL GROUP PLC,LSE,SETS,GBX,GB0005603997,268.6000061035156,-0.13400403642558478,265.40988959780117,259.87644072184565,250.51311789465743,2.255138407603738,2.3283255008652457,68.00001878004807,21.480001,2.0,Semi-Annual,2025-08-21,0.07997021784028491,,,,
LMP.L,LMP,LONDONMETRIC PROPERTY PLC,LSE,SETS,GBX,GB00B4WFW713,211.8000030517578,-0.13245359381761024,201.46707447001427,196.54600236382646,191.78007481507652,3.096494166272521,2.4738348343141277,72.51911864655533,12.399999999999999,4.0,Quarterly,2025-11-27,0.05854579707900097,,,,
MKS.L,MKS,MARKS & SPENCER GROUP PLC,LSE,SETS,GBX,GB0031274896,399.1000061035156,-0.22586918709865456,375.80726803123787,361.92417353254297,357.80833948452505,12.109254937705316,10.459815775296269,72.8813471653085,3.8000001,2.0,Semi-Annual,2025-11-27,0.00952142330715571,,,,
MRO.L,MRO,MELROSE INDUSTRIES PLC,LSE,SETS,GBX,GB00BNGDN821,642.0,-0.43250000897575824,627.7452120714607,616.753350116592,591.1785877055548,5.263611267673355,5.666924338271777,54.19102223798006,6.4,2.0,Semi-Annual,2025-08-14,0.009968847352024923,,,,
MTLN.L,MTLN,METLEN ENERGY & METALS PLC,LSE,SETS,EUR,GB00BTQGS779,35.25,-0.38343991621221973,40.29756902534631,42.15620120000873,45.3832307205071,-2.119460219904539,-0.9949280529212876,31.490375313176685,,,,,,,,,
MNG.L,MNG,M&G PLC,LSE,SETS,GBX,GB00BKFB1C65,310.8999938964844,-0.234042560386859,306.81176220256543,295.55152578439197,266.7296807985745,4.707615423388006,5.469925028604769,62.50002167448393,20.2000013,2.0,Semi-Annual,2025-09-11,0.0649726654762357,,,,
MNDI.L,MNDI,MONDI PLC,LSE,SETS,GBX,GB00BMWC6P49,954.5999755859375,-0.38235294117647056,906.4476509200831,895.5679438062831,987.091246090858,15.43239435063208,5.814946545910898,68.6619619934423,60.1288,2.0,Semi-Annual,2025-08-21,0.06298847845988335,,,,
NXT.L,NXT,NEXT PLC,LSE,SETS,GBX,GB0032089863,12735.0,-0.12722908093278462,13129.69593116888,13409.080283350413,12788.391036440611,-280.62689653215057,-237.1792160354619,31.876606683804624,605.0,3.0,Irregular,2026-01-16,0.0475068708284256,,,,
PSON.L,PSON,PEARSON PLC,LSE,SETS,GBX,GB0006776081,920.0,-0.35344454272230785,932.6638022994782,974.6796379418201,1062.956451338713,-26.917590043238533,-27.786436653665355,39.068824847975854,24.399998,2.0,Semi-Annual,2025-08-14,0.02652173695652174,,,,
PSH.L,PSH,PERSHING SQUARE HOLDINGS LTD,LSE,SETS,GBX,GG00BPFJTF46,4406.0,-0.2854625550660793,4551.735915982399,4646.646851625308,4516.3390280124495,-67.70698925886518,-62.29889319614623,37.288135593220346,49.64517,4.0,Quarterly,2026-02-12,0.011267628234226055,,,,
PSN.L,PSN,PERSIMMON PLC,LSE,SETS,GBX,GB0006825383,1520.0,-0.2615658362989324,1441.1134463023031,1383.7962800719934,1282.4863922976758,31.68028059969606,24.48111633527606,65.92261904761904,60.0,2.0,Semi-Annual,2025-10-16,0.039473684210526314,,,,
PHNX.L,PHNX,PHOENIX GROUP HOLDINGS PLC,LSE,SETS,GBX,GB00BGXQNP29,738.5,-0.13798977853492334,738.9943190471586,725.3497455951481,670.9962478305231,3.355006589257414,4.932083455498692,59.62732919254658,54.7,2.0,Semi-Annual,2025-09-25,0.07406905890318213,,,,
PCT.L,PCT,POLAR CAPITAL TECHNOLOGY TRUST PLC,LSE,SETS,GBX,GB00BR3YV268,492.0,-0.3222811671087533,489.97647707509753,478.7397627769781,432.0734743368393,4.073907758463633,5.1033068578322105,50.3448275862069,,,,,,,,,
RTO.L,RTO,RENTOKIL INITIAL PLC,LSE,SETS,GBX,GB00B082RF11,442.0,-0.271250315271651,459.375639494618,449.302237009927,411.89613148641473,0.015959830534825414,3.2288416499006214,34.69386801824329,9.0100003,2.0,Semi-Annual,2025-08-14,0.020384616063348415,,,,
RMV.L,RMV,RIGHTMOVE  PLC,LSE,SETS,GBX,GB00BGDT3G23,430.0,-0.4780286399954835,467.85057175426635,507.604022618518,616.4661388532635,-22.230948943358158,-18.071100912021258,12.576629494250028,10.149999999999999,2.0,Semi-Annual,2025-09-25,0.023604651162790695,,,,
SBRY.L,SBRY,SAINSBURY(J) PLC,LSE,SETS,GBX,GB00B019KW72,352.20001220703125,-0.1339894304302054,331.9727104702179,326.40783869505935,310.6417279654286,7.258313968440632,3.9135167894505853,91.20367001771007,24.8,2.0,Semi-Annual,2025-11-13,0.07041453475425205,,,,
SDR.L,SDR,SCHRODERS PLC,LSE,SETS,GBX,GB00BP9LHF23,585.5,-0.32461465678986157,475.64454659425843,441.2712026858415,401.13797973395134,27.425584325916873,16.36480376367652,84.69107593869055,21.500000999999997,2.0,Semi-Annual,2025-08-21,0.03672075320239111,,,,
SMT.L,SMT,SCOTTISH MORTGAGE INV TST PLC,LSE,SETS,GBX,GB00BLDYK618,1210.5,-0.2804942522444561,1217.8860535705676,1189.6451946861496,1122.4750776140027,8.397124589524537,13.310173176018292,52.42165242165242,4.38,2.0,Semi-Annual,2025-11-20,0.003618339529120198,,,,
SGRO.L,SGRO,SEGRO PLC,LSE,SETS,GBX,GB00B5ZN1N88,794.2000122070312,-0.181022723536454,759.8700343060569,736.7911126001801,701.8825946160043,14.402272617005337,11.85663073832205,69.94329729489618,29.900001,2.0,Semi-Annual,2025-08-07,0.037647948300718104,,,,
SVT.L,SVT,SEVERN TRENT PLC,LSE,SETS,GBX,GB00B1FH8J72,3202.0,-0.10896057347670252,2978.770740026538,2880.7063441547857,2731.7275860554496,78.41752354628443,54.261968445875006,86.52631578947368,123.43,2.0,Semi-Annual,2025-11-27,0.038547782635852595,,,,
SN.L,SN.,SMITH & NEPHEW PLC,LSE,SETS,GBX,GB0009223206,1325.0,-0.20322855752509028,1266.1475703320154,1257.4918124439098,1229.9251199712803,17.951070741192098,10.052688966591672,71.39479905437352,28.740000000000002,2.0,Semi-Annual,2025-10-02,0.02169056603773585,,,,
SMIN.L,SMIN,SMITHS GROUP PLC,LSE,SETS,GBX,GB00B1WY2338,2616.0,-0.20274102079395084,2568.332295993036,2510.1574571940287,2366.677304811557,33.92983351272187,33.19187277750062,46.92737430167598,46.0,2.0,Semi-Annual,2025-10-16,0.017584097859327217,,,,
SPX.L,SPX,SPIRAX GROUP PLC,LSE,SETS,GBX,GB00BWFGQN14,7680.0,-0.31206569804169304,7435.894759949596,7188.412352050793,6952.593643216847,189.93459436599278,153.47466165281799,64.39628482972137,166.399988,2.0,Semi-Annual,2025-10-16,0.021666665104166666,,,,
SSE.L,SSE,SSE PLC,LSE,SETS,GBX,GB0007908733,2641.0,-0.18172588832487313,2467.6934020501667,2321.1288973320234,2002.0732847223064,90.45420078032794,74.53408391638347,85.53615960099751,64.4,2.0,Semi-Annual,2025-12-04,0.024384702764104507,,,,
STJ.L,STJ,ST.JAMES'S PLACE PLC,LSE,SETS,GBX,GB0007669376,1245.5,-0.31037489102005233,1424.9591880171538,1417.37130634348,1299.7192630301738,-31.93226729269054,3.479480572142567,26.11607142857143,18.0,2.0,Semi-Annual,2025-08-07,0.014452027298273785,,,,
MICC.L,MICC,THE MAGNUM ICE CREAM COMPANY N.V.,LSE,SETS,GBX,NL0015002MS2,1218.5,-0.16368734665264628,1292.61677259711,1234.0784392506876,1163.1843632520736,29.749063938445033,42.583445326859255,40.2972027972028,,,,,,,,,
SGE.L,SGE,THE SAGE GROUP PLC,LSE,SETS,GBX,GB00B8C3BL03,807.4000244140625,-0.40083052050891843,908.663834890363,992.1893092969403,1107.5402273193627,-65.79825310126182,-54.0356275601038,17.094986696727332,21.8500003,2.0,Semi-Annual,2026-01-08,0.02706217443559869,,,,
UU.L,UU.,UNITED UTILITIES GROUP PLC,LSE,SETS,GBX,GB00B39J2M42,1363.0,-0.0757832345469941,1270.017845846684,1234.6538412939644,1166.9184691324797,30.503218921072403,20.091256123376855,82.4945295404814,52.450001,2.0,Semi-Annual,2025-12-18,0.0384812920029347,,,,
VOD.L,VOD,VODAFONE GROUP PLC,LSE,SETS,GBX,GB00BH4HKS39,114.1500015258789,-0.1533775076960886,108.99883624438496,102.92888686455858,90.13342152763812,3.7032079164200837,3.3643794484952503,69.43320369534672,3.9121652,2.0,Semi-Annual,2025-11-20,0.03427214321248234,,,,
WEIR.L,WEIR,WEIR GROUP PLC,LSE,SETS,GBX,GB0009465807,3468.0,-0.19999999999999996,3315.112959731903,3122.6614219961957,2793.3821840058426,124.80997960117702,115.88802186333189,77.02702702702703,41.7,2.0,Semi-Annual,2025-10-02,0.012024221453287198,,,,
WTB.L,WTB,WHITBREAD PLC,LSE,SETS,GBX,GB00B1KJJ408,2688.0,-0.28680513133781305,2708.598506859557,2701.2853230814867,2792.3536143237397,11.898527456970896,22.021900961921343,39.7196261682243,97.0,2.0,Semi-Annual,2025-10-30,0.03608630952380952,,,,
WPP.L,WPP,WPP PLC,LSE,SETS,GBX,JE00B8KF9B49,272.8999938964844,-0.6704254175284767,287.13909753085784,306.3093151518482,400.2193526343067,-14.814231917996437,-13.151123617169931,32.66186611257868,31.900000499999997,2.0,Semi-Annual,2025-10-09,0.11689263911123506,,,,
MAY.L,MAY,MAYFLOWER ACQUISITION LIMITED,LSE,SETS,USD,VGG59Y661097,10.199999809265137,-0.09545456279407849,10.212458543522596,10.318763242763048,10.43852718587451,-0.06294490077714876,-0.06135892941456556,48.148140298973495,,,,,,,,,
API.L,API,ABRDN PROPERTY INCOME TRUST LIMITED,LSE,SETS,GBX,GB0033875286,2.3499999046325684,-0.7711015627707364,2.047532791212282,2.272319796577085,3.8700892186911102,0.010521741774467852,-0.025933371491783132,59.21107658949561,3.92129993,2.0,Semi-Annual,2025-11-06,1.6686383358015968,,,,
ASAI.L,ASAI,ASA INTERNATIONAL GROUP PLC,LSE,SETS,GBX,GB00BDFXHW57,228.0,-0.25688073394495414,215.39086998721908,202.90277322278516,168.406092352183,7.841636999514293,7.508342197515623,61.11111111111111,6.521653000000001,2.0,Semi-Annual,2025-10-02,0.02860374122807018,,,,
AT.L,AT.,ASHTEAD TECHNOLOGY HOLDINGS PLC,LSE,SETS,GBX,GB00BLH42507,443.0,-0.4683098591549296,411.4210455827151,377.79350871309833,385.65063715115105,23.47053055324932,22.97765465583953,60.93750000000001,1.2,1.0,Annual,2025-05-01,0.002708803611738149,,,,
AVAP.L,AVAP,AVATION PLC,LSE,SETS,GBX,GB00B196F554,140.0,-0.17771084337349397,140.78672046550355,141.89232290296798,147.0299912831162,-0.13702296040600004,-0.016126199250958193,46.0,0.7497,1.0,Annual,2025-10-16,0.005355,,,,
BVA.L,BVA,BANCO BILBAO VIZCAYA ARGENTARIA S.A,LSE,SETS,EUR,ES0113211835,18.700000762939453,-0.30000000000000004,20.366191841176242,20.036014997089346,17.226818367485645,-0.24164544155176415,0.03367337192416389,31.638413817405166,0.73,2.0,Semi-Annual,2025-11-05,0.0390374315623959,,,,
BIRG.L,BIRG,BANK OF IRELAND GROUP PLC,LSE,SETS,EUR,IE00BD1RP616,15.739999771118164,-0.23634885607275224,16.83858680679272,16.43454382816517,14.308097017313292,0.017170124353683036,0.16572914619344886,41.295544682901514,0.53,2.0,Semi-Annual,2025-10-02,0.03367217329777312,,,,
BVC.L,BVC,BATM ADVANCED COMMUNICATIONS LD,LSE,SETS,GBX,IL0010849045,14.5,-0.2897959079872183,15.216160872382064,15.879446478590861,16.49444553041024,-0.4066104647683755,-0.3704653472133149,27.131779736448806,,,,,,,,,
CAN.L,CAN,CANAL+ S.A,LSE,SETS,GBX,FR001400T0D6,300.0,-0.23762378155332853,300.25396174487616,280.30265188863876,244.38333852041993,11.265527463817762,12.888957612067003,63.69942902140535,1.73874,1.0,Annual,2025-06-19,0.0057958,,,,
CAR.L,CAR,CARCLO PLC,LSE,SETS,GBX,GB0001751915,55.0,-0.99032653047114,54.17973903628277,55.71982827848354,50.053494525605586,-0.7727852304029383,-0.8869167176992765,39.58333443712294,,,,,,,,,
CLLN.L,CLLN,CARILLION PLC,LSE,SETS,GBX,GB0007365546,0.1420000046491623,0.0,0.1420000046491623,0.1420000046491623,0.1420000046491623,0.0,0.0,,,,,,,,,,
CGS.L,CGS,CASTINGS PLC,LSE,SETS,GBX,GB0001795680,263.5,-0.26645768025078365,265.75400913472913,267.1784297989077,267.9222171675765,-2.5992676913552373,-2.0794595949982178,35.95505617977528,18.400001,2.0,Semi-Annual,2025-11-27,0.06982922580645161,,,,
CKI.L,CKI,CK INFRASTRUCTURE HOLDINGS LIMITED,LSE,SETS,GBX,BMG2178K1009,592.0,-0.13414855337809617,585.0176094428595,564.3151142825028,531.4637206333912,8.572955611357429,10.428179152295,51.807228915662655,24.273480000000003,2.0,Semi-Annual,2025-09-10,0.041002500000000004,,,,
COD.L,COD,COMPAGNIE DE ST-GOBAIN,LSE,SETS,EUR,FR0000125007,88.80000305175781,-0.28759396649706326,86.8189509871711,86.4219043739965,90.39572360227157,0.995231320149685,0.59443127483896,59.70149099224535,2.2,1.0,Annual,2025-06-09,0.02477477392334899,,,,
DEC.L,DEC,DIVERSIFIED ENERGY COMPANY,LSE,SETS,GBX,US25520W1071,977.0,-0.39992531740104553,969.3672228396302,1001.9307212800942,1065.1259607629918,-9.15446646217481,-16.876824343241395,63.5593220338983,86.446331,4.0,Quarterly,2025-11-28,0.08848140327533265,,,,
EVR.L,EVR,EVRAZ PLC,LSE,SETS,GBX,GB00B71N6K86,,,,,,,,,,,,,,,,,
FRMI.L,FRMI,FERMI INC.,LSE,SETS,USD,US3149111086,10.454999923706055,-0.7565359569806871,9.241837562184923,11.389987076504791,20.523401280811115,-0.25212622280979247,-0.5226034766677329,56.805110135079296,,,,,,,,,
GBG.L,GBG,GB GROUP PLC,LSE,SETS,GBX,GB0006870611,201.5,-0.4445975557336963,225.20738745544514,234.74359881190838,250.830207392863,-9.233835224512205,-6.361036722827128,20.54794520547945,4.4,1.0,Annual,2025-06-19,0.021836228287841195,,,,
HANA.L,HANA,HANSA INVESTMENT COMPANY LIMITED,LSE,SETS,GBX,BMG428941089,274.0,-0.18803418803418803,273.21298122409524,268.79964908745336,255.17118289046846,1.7374309417895688,2.069737628944015,44.444444444444436,0.8,1.0,Annual,2025-04-24,0.0029197080291970805,,,,
HAN.L,HAN,HANSA INVESTMENT COMPANY LIMITED,LSE,SETS,GBX,BMG428941162,276.0,-0.20781893004115226,276.4033204462426,273.93551892961,263.2220304524531,1.3223726650135745,1.4120321926747843,62.50000000000001,0.8,1.0,Annual,2025-04-24,0.002898550724637681,,,,
HOME.L,HOME,HOME REIT PLC,LSE,SETS,GBX,GB00BJP5HK17,0.3804999887943268,-0.9900000000939889,9.81499088637991,13.058143780733376,15.720135850440167,-6.221605468283829,-4.211880438676177,30.29209086229146,,,,,,,,,
IDHC.L,IDHC,INTEGRATED DIAGNOSTICS HOLDINGS PLC,LSE,SETS,USD,JE00BLKGSR75,0.6150000095367432,-0.2468354272796569,0.635746711402508,0.6427052493899861,0.5447181874712369,-0.013078979144240832,-0.013578675239709985,52.77777777777777,0.017,1.0,Annual,2025-09-11,0.027642275994118237,,,,
IPC.L,IPC,INTERNATIONAL PAPER COMPANY,LSE,SETS,GBX,US4601461035,3600.0,-0.39560439560439564,3285.4256775128233,3159.441333167515,3371.8727779840237,137.02290112459286,83.92237378123298,67.6923076923077,135.562456,4.0,Quarterly,2025-11-13,0.037656237777777775,,,,
ICGC.L,ICGC,IRISH CONTINENTAL GROUP PLC,LSE,SETS,GBX,IE00BLP58571,537.5,-0.9906055047971393,550.1723932060745,543.14196874821,504.5737359060202,-1.7677706704148477,1.4476670659604647,30.434782608695656,13.735731,2.0,Semi-Annual,2025-09-11,0.02555484837209302,,,,
KYGA.L,KYGA,KERRY GROUP PLC,LSE,SETS,EUR,IE0004906560,77.5999984741211,-0.2950495351659189,76.06773143975803,76.14417300047437,81.59223751127371,0.5927305247998333,0.2098426565271225,59.25926100351988,1.31,2.0,Semi-Annual,2025-10-09,0.016881443630915448,,,,
KOS.L,KOS,KOSMOS ENERGY LD,LSE,SETS,GBX,US5006881065,121.0,-0.7565298507462687,104.14590243412754,97.33513072246438,122.86741418024347,7.8578510535587185,6.42652164751821,65.22988505747126,,,,,,,,0.19,
LMS.L,LMS,LMS CAPITAL PLC,LSE,SETS,GBX,GB00B12MHD28,16.399999618530273,-0.9928478261698848,16.8304359285266,16.747961425483783,17.405094095299678,-0.11758984210261758,-0.003930351337270543,31.24999254942118,2.0,1.0,Annual,2026-01-19,0.12195122234882314,,,,
MLHL.L,MLHL,MALIBU LIFE HOLDINGS LIMITED,LSE,SETS,USD,KYG8827C1006,17.649999618530273,-0.36355309576665007,17.66811786064614,18.180997928221025,20.88558010053366,-0.15489446079605784,-0.1851113341741123,47.82603647846934,,,,,,,,,
MTVW.L,MTVW,MOUNTVIEW ESTATES PLC,LSE,SETS,GBX,GB0006081037,9075.0,-0.1470588235294118,8950.201492256736,9040.661503086207,9313.798454380965,-25.481287586875624,-41.1288476568878,52.38095238095237,525.0,2.0,Semi-Annual,2025-07-10,0.05785123966942149,,,,
NANO.L,NANO,NANOCO GROUP PLC,LSE,SETS,GBX,GB00B01JLR99,5.679999828338623,-0.616254418747283,6.423273311777095,7.478494003669485,9.335648386271872,-0.6546622036341292,-0.6081970783840746,28.22579854360859,,,,,,,,,
PAF.L,PAF,PAN AFRICAN RESOURCES PLC,LSE,SETS,GBX,GB0004300496,145.39999389648438,-0.18099091253497157,136.51014691596566,124.82999225378832,90.48085638697208,5.053091180896445,5.121176191776376,50.30863717859419,1.6379001,1.0,Annual,2025-11-27,0.01126478795567269,,,,
PEYS.L,PEYS,PARTNERS GROUP PRIVATE EQUITY LD,LSE,SETS,GBX,GG00B28C2R28,8.529999732971191,-0.11250002573836881,8.782813953243092,8.91526765501786,8.86128836582705,-0.1189837178082449,-0.09397912452601821,18.823572970474316,33.1101,1.0,Annual,2025-11-13,3.881606217643691,,,,
PRE.L,PRE,PENSANA PLC,LSE,SETS,GBX,GB00BKM0ZJ18,117.5,-0.5337016490282933,104.08187917543975,101.14282954074294,88.5295666334931,4.046526098787325,2.7996181801423896,56.64451860926015,,,,,,,,,
PSHD.L,PSHD,PERSHING SQUARE HOLDINGS LTD,LSE,SETS,USD,GG00BPFJTF46,60.400001525878906,-0.2714474092382333,61.9542512073453,62.77132916385076,60.264646205810514,-0.6715905100627921,-0.5899721170266826,38.84616592226295,0.8421,5.0,Irregular,2026-02-12,0.013942052627915827,,,,
PDL.L,PDL,PETRA DIAMONDS LD,LSE,SETS,GBX,BMG702782084,18.5,-0.6405228802983542,16.728886545233653,16.983084429851694,18.880220492182662,0.15251265684002036,-0.18912121346784902,64.39790403381218,,,,,,,,,
PRN.L,PRN,PRINCES GROUP PLC,LSE,SETS,GBX,GB00BVZNY531,401.5,-0.16179540709812112,440.4202160730795,451.54646870607905,464.2178026105468,-10.130052912273356,-6.48209717192367,24.85549132947976,,,,,,,,,
RSG.L,RSG,RESOLUTE MINING LIMITED,LSE,SETS,GBX,AU000000RSG6,74.69999694824219,-0.3094827717748182,69.08040396399183,63.78580504775392,47.713330547555096,2.608949422817929,2.2800049371155007,58.466447599823816,,,,,,,,,
SFOR.L,SFOR,S4 CAPITAL PLC,LSE,SETS,GBX,GB00BFZZM640,23.799999237060547,-0.578141523451878,23.773428447001898,21.97493876065504,23.055595877592513,0.993584414431794,1.3681808915316853,23.6994257890632,1.0,1.0,Annual,2025-06-05,0.04201680806959162,,,,
SHAW.L,SHAW,SHAWBROOK GROUP PLC,LSE,SETS,GBX,GB00BV9DPV21,447.5,-0.14484126984126988,468.66429322092415,455.92931894686205,421.5677768776503,2.365661459995181,5.705218566934116,41.208791208791204,,,,,,,,,
SRAD.L,SRAD,STELRAD GROUP PLC,LSE,SETS,GBX,GB00BMHRMV23,141.0,-0.24786324786324787,140.37833740395615,142.56522856806845,149.56979347967857,0.46040948108264956,0.1415925189474222,54.34782608695652,7.85,2.0,Semi-Annual,2025-10-09,0.055673758865248224,,,,
TBTG.L,TBTG,THE BEAUTY TECH GROUP PLC,LSE,SETS,GBX,GB00BTWSXB68,312.0,-0.22916666666666663,313.16309110731225,301.3203221260452,288.0273251970377,4.132127078713381,5.71634139716939,48.38709677419355,,,,,,,,,
TTE.L,TTE,TOTALENERGIES SE,LSE,SETS,EUR,FR0000120271,64.3499984741211,-0.2027205552236696,60.85384533573697,58.48795899315206,55.792002458801505,1.5104433110019713,1.415241125012588,58.03278491689705,3.34,4.0,Quarterly,2025-12-31,0.05190365313440077,,3.78,3.83,1.46
VALT.L,VALT,VALTERRA PLATINUM LIMITED,LSE,SETS,GBX,ZAE000013181,6900.0,-0.22029702970297027,6799.524909164988,6436.66358111612,4878.112015981345,4.861038416620431,72.78411328511099,32.33532934131736,8.3748,1.0,Annual,2025-08-21,0.0012137391304347827,,,,
VSL.L,VSL,VPC SPECIALTY LENDING INVESTMENTS,LSE,SETS,GBX,GB00BVG6X439,13.449999809265137,-0.5627062596162162,13.654078980330837,14.437895741629987,16.987340959849096,-0.37127408245033955,-0.4423764270546033,57.14285714285714,18.5022999,4.0,Quarterly,2025-12-11,1.3756356998053298,,,,
WPM.L,WPM,WHEATON PRECIOUS METALS CORP.,LSE,SETS,GBX,CA9628791027,10650.0,-0.17136150234741787,10282.562159806412,9629.91886632679,8057.370131673476,252.9749062547271,283.9796032093597,44.28274428274428,48.362824,4.0,Quarterly,2025-11-19,0.004541110234741784,,,,
WIL.L,WIL,WILMINGTON PLC,LSE,SETS,GBX,GB0009692319,275.0,-0.2627345844504021,289.1855772485099,296.42252992248245,321.1283399905859,-4.53864620882473,-2.642857263866804,39.50617283950616,11.5,2.0,Semi-Annual,2025-10-30,0.04181818181818182,,,,
ZEG.L,ZEG,ZEGONA COMMUNICATIONS PLC,LSE,SETS,GBX,GB00BVGBY890,1630.0,-0.18297872340425536,1594.996936261208,1496.373984905631,1188.8444351213382,47.517220777499915,50.070493843777506,51.35135135135135,161.97542,1.0,Annual,2025-12-18,0.09937142331288344,,,,
ACG.L,ACG,ACG METALS LIMITED,LSE,SETS,GBX,VGG0056A1030,1480.0,-0.23571428571428577,1491.3135395746851,1343.8428424975955,994.4345275286081,57.46757539847886,88.57410109340296,44.30379746835443,,,,,,,,,
ALNA.L,ALNA,ALINA HOLDINGS PLC,LSE,SETS,GBX,GB00B1VS7G47,13.5,-0.991312500089407,13.0422104349536,12.042020949946686,9.320728459453994,0.4587161159604616,0.46770307390116284,,,,,,,,,,
ALK.L,ALK,ALKEMY CAPITAL INVESTMENTS PLC,LSE,SETS,GBX,GB00BMD6C023,392.0,-0.43821138211382116,376.4801791236179,338.5563564163593,257.75678623034213,23.427097527756416,24.92653847913787,61.53846153846154,,,,,,,,,
ALTN.L,ALTN,ALTYNGOLD PLC,LSE,SETS,GBX,GB00BMH19X50,1465.0,-0.23119266055045873,1489.3617745609831,1373.9110198763622,959.6220671486493,12.882913501995517,36.102154327337615,38.62068965517241,,,,,,,,,
AERI.L,AERI,AQUILA EUROPEAN RENEWABLES PLC,LSE,SETS,EUR,GB00BK6RLF66,0.24500000476837158,-0.6219135740011899,0.275555021112644,0.31726544737116674,0.4322146140758808,-0.02362250308860464,-0.023753203954330233,11.594258609623637,0.11991601260000001,5.0,Irregular,2026-01-20,0.4894531031269622,,,,
AERS.L,AERS,AQUILA EUROPEAN RENEWABLES PLC,LSE,SETS,GBX,GB00BK6RLF66,0.21950000524520874,-0.6016483522481649,0.24752451670050654,0.2827208198799419,0.37753226179855665,-0.020678036526178223,-0.01979458406839075,34.61538241107087,10.38605794,5.0,Irregular,2026-01-20,47.316891534455706,,,,
AWEM.L,AWEM,ASHOKA WHITEOAK EMERGING MARKETS,LSE,SETS,GBX,GB00BMZR7D19,163.0,-0.13779527559055116,159.279752861742,155.3498600388971,144.0208681905457,2.079687394149545,2.0467223310051734,68.18181818181819,,,,,,,,,
BEMO.L,BEMO,BARINGS EMERGING EMEA OPPORTUN. PLC,LSE,SETS,GBX,GB0032273343,917.5,-0.19310344827586212,869.4291432878169,829.5732756270202,763.1740110618572,29.615850990440208,23.550369900767578,67.3913043478261,19.500000999999997,2.0,Semi-Annual,2025-12-18,0.021253407084468663,,,,
BHMU.L,BHMU,BH MACRO LD,LSE,SETS,USD,GG00BQBFY479,4.360000133514404,-0.062350116476335815,4.339703889072171,4.266576530768003,4.129162601484704,0.04133512746179413,0.04466317887629313,55.55557910307952,,,,,,,,,
BPCP.L,BPCP,BIOPHARMA CREDIT PLC,LSE,SETS,GBX,GB00BDGKMY29,0.6909999847412109,-0.07868384417384633,0.6815297988912488,0.6818707191852531,0.6777800493080887,0.0012812135548347925,-0.0005728135527824653,60.27396924725002,4.68984644,3.0,Irregular,2025-09-25,6.787042754793132,,,,
CVCE.L,CVCE,CVC INCOME & GROWTH LIMITED,LSE,SETS,EUR,JE00B9G79F59,1.065000057220459,-0.10091744122626767,1.075725257249195,1.0770430999824854,1.0778969349858563,-0.002814631446087734,-0.0005411082920393509,35.71428571428572,0.0725,4.0,Quarterly,2026-02-05,0.06807511371334342,,,,
DAR.L,DAR,DAR GLOBAL PLC,LSE,SETS,USD,GB00BQXNJY41,7.550000190734863,-0.3995157458790878,7.51491830006218,7.506570946128562,7.373937420903124,0.02548305771296544,0.015886672153381826,58.82356901072492,,,,,,,,,
DIA.L,DIA,DIALIGHT PLC,LSE,SETS,GBX,GB0033057794,311.0,-0.2681159420289855,319.5388297193567,318.12694782430054,254.79000693654805,-4.527763382794717,-3.6140756122213267,53.0,,,,,,,,,
DNE.L,DNE,DUNEDIN ENTERPRISE INV TST PLC,LSE,SETS,GBX,GB0005776561,,,,,,,,,,,,,,,,,
GLB.L,GLB,GLANBIA PLC,LSE,SETS,EUR,IE0000669501,17.5,-0.3801089787265668,16.514252907220154,15.683603763358787,14.409045141401,0.5575817060983113,0.5415228195942066,57.40739825004344,0.4053,2.0,Semi-Annual,2025-08-21,0.02316,,,,
GLV.L,GLV,GLENVEAGH PROPERTIES PLC,LSE,SETS,EUR,IE00BD6JX574,2.059999942779541,-0.18429000170422472,1.9972081691878978,1.959235766948848,1.860767117834485,0.02643770714622473,0.016843891688472667,65.33333333333334,,,,,,,,,
HSD.L,HSD,HANSARD GLOBAL PLC,LSE,SETS,GBX,IM00B1H1XF89,50.599998474121094,-0.1495145779211544,50.9231883933124,49.67301337939907,48.734785899712236,0.7060250083592692,0.8161972627256173,53.55450134147135,4.4499999,2.0,Semi-Annual,2025-10-02,0.08794466470736974,,,,
HVPD.L,HVPD,HARBOURVEST GLOBAL PRIVATE EQUITY L,LSE,SETS,USD,GG00BR30MJ80,42.224998474121094,-0.1680972781617155,42.3602521424157,41.87265657199183,38.82242958030836,-0.03524213970731438,0.08987944214198458,35.64355463364926,,,,,,,,,
HEMO.L,HEMO,HEMOGENYX PHARMACEUTICALS PLC,LSE,SETS,GBX,GB00BQVXM815,919.0,-0.7330097087378641,834.6340149962055,758.7587704088517,624.7540087730715,77.72543225664674,69.05124893258107,63.63636363636363,,,,,,,,,
HGEN.L,HGEN,HYDROGEN CAPITAL GROWTH PLC,LSE,SETS,GBX,GB00BL6K7L04,13.350000381469727,-0.9916097565395076,13.20965153547315,13.051600923098668,15.937894042347695,0.03639709973887939,-0.00047972203672535553,48.88888964240883,,,,,,,,,
LBOW.L,LBOW,ICG-LONGBOW SNR SEC. UK PTY DBT INV,LSE,SETS,GBX,GG00B8C23S81,14.449999809265137,-0.5196078431372548,14.203613364775993,14.04890883825704,16.44373912217278,0.19991565263985933,0.1925441510306467,68.18182606343504,8.0,1.0,Annual,2025-07-03,0.5536332253008414,,,,
JARU.L,JARU,JPMORGAN GLOBAL CORE REAL ASSETS LI,LSE,SETS,USD,GG00BS9CXW59,1.0525000095367432,-0.15813959884024342,1.0451681826741939,1.0194940094556368,1.0042481881845562,0.012865074792787867,0.015432484428658895,56.989258338246984,,,,,,,,,
MPO.L,MPO,MACAU PROPERTY OPP. FUND LD,LSE,SETS,GBX,GG00BGDYFV61,6.474999904632568,-0.9975188678165652,6.3776806932516195,7.542835873704276,14.694838363256473,-0.12108450739761345,-0.19487507585423106,49.46236338611495,,,,,,,,,
NBPU.L,NBPU,NB PRIVATE EQUITY PARTNERS LD,LSE,SETS,USD,GG00B1ZBD492,20.690000534057617,-0.125,20.86417046930012,20.89053516936474,20.24871419615633,-0.13299370428606494,-0.11218815085915824,0.0,0.94,2.0,Semi-Annual,2026-01-22,0.04543257495100953,,,,
PTSB.L,PTSB,PERMANENT TSB GROUP HOLDINGS PLC,LSE,SETS,EUR,IE00BWB8X525,3.059999942779541,-0.1795665387867167,3.0491541298768823,2.962089969883134,2.4998800486893153,0.046989297230119575,0.04555431839675159,56.06060168193509,,,,,,,,,
PROC.L,PROC,PROCOOK GROUP PLC,LSE,SETS,GBX,GB00BNRR8331,31.299999237060547,-0.36170212765957444,32.81598069169247,34.427264807439755,34.91019179718689,-1.4524101558707088,-1.3575884142064578,49.56521566062855,,,,,,,,,
MAST.L,MAST,QUANTUM DATA ENERGY PLC,LSE,SETS,GBX,GB00BNG90H86,2.559999942779541,-0.9863101607337993,3.3703640822933414,7.7888306966848475,27.61573960723941,-0.650621925580769,-0.6681968229313033,29.392294359470554,,,,,,,,,
RE.L,RE.,R.E.A.HLDGS PLC,LSE,SETS,GBX,GB0002349065,134.0,-0.15463917525773196,129.22738408897885,124.78666007267215,106.366691894884,1.4581283111396033,1.506592951804838,54.8780487804878,,,,,,,,,
TOWN.L,TOWN,TOWN CENTRE SECURITIES PLC,LSE,SETS,GBX,GB0003062816,129.0,-0.19463087248322153,125.60422483440058,125.84754118038637,128.5973083359717,0.4289232516983219,0.1681717147438272,55.208333333333336,5.0,2.0,Semi-Annual,2025-12-18,0.03875968992248062,,,,
WINV.L,WINV,WORSLEY INVESTORS LIMITED,LSE,SETS,GBX,GG00BHXH0C87,26.399999618530273,-0.9910526317462587,26.315735912743424,26.559176818594878,26.474282273356103,-0.12682890967638372,-0.1675561451948882,42.85710393159692,,,,,,,,,
CPAI.L,CPAI,CAPAI PLC,LSE,SETS,GBX,GB00BV2FG348,1.024999976158142,-0.8880503135789191,1.0923612434060082,1.2592788274563849,2.102962374936316,-0.018986037061139216,-0.013185958467285909,35.772354886949884,,,,,,,,,
GEMD.L,GEMD,GEM DIAMONDS LD,LSE,SETS,GBX,VGG379591065,3.609999895095825,-0.7435897527098132,3.3823351472604624,3.282109923571578,4.8084306072549605,0.18295647324054132,0.11982619923864277,56.35018432610728,,,,,,,,,
GTCO.L,GTCO,GUARANTY TRUST HOLDING COMPANY PLC,LSE,SETS,USD,NGGTCO000002,0.08980000019073486,-0.9797794120869628,0.07424517837769987,0.07098488864386525,0.07243406819093305,0.004023180008110375,0.0023884955191552457,66.61585468002758,0.0007398639,1.0,Annual,2025-10-06,0.008239018913458039,,,,
KLSO.L,KLSO,KELSO GROUP HOLDINGS PLC,LSE,SETS,GBX,GB00BK1VJS23,2.9000000953674316,-0.340659362732469,2.942803632197751,2.981264220505093,2.9004882766793485,-0.0358922609861394,-0.029082067934400872,47.761195623203186,,,,,,,,,
NOG.L,NOG,NOSTRUM OIL & GAS PLC,LSE,SETS,GBX,GB00BQVVS097,3.5299999713897705,-0.3630573299994553,3.5223264548304867,3.554831543970377,3.499225478809737,-0.01589435641539838,-0.030675865842663737,45.000005960463064,,,,,,,,,
PYX.L,PYX,PYX RESOURCES LIMITED,LSE,SETS,GBX,AU0000078487,0.24699999392032623,-0.9179402010953789,0.36831129640062976,0.4115166379976545,0.7404045567990325,-0.04446691066360908,-0.023083433915727147,21.939583963839226,,,,,,,,,
SATS.L,SATS,SATSUMA TECHNOLOGY PLC,LSE,SETS,GBX,GB00BMFCRZ80,0.24500000476837158,-0.982499999659402,0.30962697616574797,0.5362410122028061,1.4218370420821809,-0.0599220394591517,-0.06708371838117466,10.526311661727945,,,,,,,,,
SIHL.L,SIHL,SYMPHONY INTERNATIONAL HLDGS LD,LSE,SETS,USD,VGG548121059,0.4390000104904175,-0.18313254586739092,0.43489119459598663,0.42102897997210864,0.3891786133925971,0.0036487953385923033,0.005732307292515809,45.56961882058957,,,,,,,,,
AIBG.L,AIBG,AIB GROUP PLC,LSE,SETS,GBX,IE00BF0L3536,748.0,-0.2571428571428571,804.7775133286118,792.7635204362472,695.7346665176777,-4.933055532705225,2.7900616452602462,36.13445378151261,42.872346,2.0,Semi-Annual,2025-08-21,0.057315970588235295,,,,
AWE.L,AWE,ALPHAWAVE IP GROUP PLC,LSE,SETS,GBX,GB00BNDRMJ14,185.0,-0.3656716155248765,197.85349106740057,193.7418507125011,173.8416109455209,-0.9563265581272162,3.0194323053992456,28.78787966361297,,,,,,,,,
BNC.L,BNC,BANCO SANTANDER S.A.,LSE,SETS,GBX,ES0113900J37,868.0,-0.18058076225045372,911.0615082378742,882.3065213891743,753.9427448492329,4.324793423523488,12.347787826283424,39.583333333333336,19.562175500000002,2.0,Semi-Annual,2025-10-30,0.0225370685483871,,0.1,0.1,
BHP.L,BHP,BHP GROUP LIMITED,LSE,SETS,GBX,AU000000BHP4,2694.0,-0.22916666666666663,2566.7541265646346,2415.7340684776545,2162.873678395787,87.1826048771336,81.5633133286116,65.34810126582279,83.47980000000001,2.0,Semi-Annual,2025-09-04,0.030987305122494438,,,,
CRN.L,CRN,CAIRN HOMES PLC,LSE,SETS,GBX,IE00BWY4ZF18,197.0,-0.21533614135665702,188.64363532446356,183.35470805934517,179.98857874814365,3.9237128339372305,2.822027711073118,70.05650496794574,7.389984999999999,2.0,Semi-Annual,2025-09-18,0.037512614213197966,,,,
CRE.L,CRE,CONDUIT HOLDINGS LD,LSE,SETS,GBX,BMG243851091,404.0,-0.38331454340473503,394.1581957798359,379.48743790229145,365.45518815712666,7.998511749477302,6.90060393558201,64.23841059602648,27.0,2.0,Semi-Annual,2025-08-14,0.06683168316831684,,,,
CRH.L,CRH,CRH PLC,LSE,SETS,GBX,IE0001827041,9170.0,-0.2936982520699172,9127.85376394469,9096.564111471685,8543.875662062917,-4.561971849867405,-23.01760202472526,54.9163179916318,108.45884,4.0,Quarterly,2025-11-20,0.011827572519083968,,,,
FERG.L,FERG,FERGUSON ENTERPRISES INC.,LSE,SETS,GBX,US31488V1070,19230.0,-0.20177838577291385,18765.037396536405,18279.09189871852,17080.231230282116,397.15408872609987,350.07082100260305,60.97560975609756,252.45090499999998,4.0,Quarterly,2025-12-31,0.013127972178887155,,2.47,2.77,12.37
FLTR.L,FLTR,FLUTTER ENTERTAINMENT PLC,LSE,SETS,GBX,IE00BWT6H894,9352.0,-0.6042319085907744,11962.813115087132,13875.678766751857,17333.95730877239,-1212.8092741039582,-1093.7576987113353,13.691246226821903,,,,,,,,,
GENL.L,GENL,GENEL ENERGY PLC,LSE,SETS,GBX,JE00B55Q3P39,62.0,-0.29763561991269805,60.397352289965774,60.18684851118295,61.36956329975929,0.4575981780104996,0.41574115644451576,56.94444002928838,,,,,,,,,
CGEO.L,CGEO,GEORGIA CAPITAL PLC,LSE,SETS,GBX,GB00BF4HYV08,3315.0,-0.21273885350318467,3285.2894114229757,3121.3626642158624,2528.9881354560484,54.85974952241577,67.31432209019324,53.57142857142857,,,,,,,,,
GKP.L,GKP,GULF KEYSTONE PETROLEUM LD,LSE,SETS,GBX,BMG4209G2077,197.60000610351562,-0.2776698880982631,185.34067367656212,181.19132817220836,178.29385733108555,4.174993929399363,2.709160152818609,86.87500953674316,17.436,2.0,Semi-Annual,2025-09-11,0.0882388636712182,,,,
OCN.L,OCN,OCEAN WILSONS HOLDINGS LD,LSE,SETS,GBX,BMG6699D1074,,,,,,,,,,,,,,,,,
OMU.L,OMU,OLD MUTUAL LIMITED,LSE,SETS,GBX,ZAE000255360,71.80000305175781,-0.3140351144891036,70.88806905010274,67.73346391467544,60.011134923156455,1.5105668698926848,1.5361317070861609,57.89473948386158,3.7566999,2.0,Semi-Annual,2025-10-01,0.052321723402879834,,,,
SEPL.L,SEPL,SEPLAT ENERGY PLC,LSE,SETS,GBX,NGSEPLAT0008,405.0,-0.20193861066235863,354.04446004252037,319.35423100943416,271.62369811756747,24.549881855837043,20.560651498477878,91.41104294478528,17.294788099999998,4.0,Quarterly,2025-11-12,0.04270318049382715,,,,
SWR.L,SWR,SMURFIT WESTROCK PLC,LSE,SETS,GBX,IE00028FXN24,3752.0,-0.41316815783436567,3284.795293221799,3107.3044387358186,3204.2394579470974,158.75347890672265,93.94502431544666,73.29888027562447,94.710942,3.0,Irregular,2025-11-13,0.02524278837953092,,,,
SOLG.L,SOLG,SOLGOLD PLC,LSE,SETS,GBX,GB00B0WD0R35,27.799999237060547,-0.28680205533755654,27.866826182975586,26.583799686707092,19.006865903727782,0.15189860545853762,0.25999343749027626,37.931075305733465,,,,,,,,,
S32.L,S32,SOUTH32 LIMITED,LSE,SETS,GBX,AU000000S320,228.5,-0.3620414880052618,225.9298570321581,204.2044504068425,171.91263417272268,10.01466984587509,11.997077750961413,50.0,4.5810999,2.0,Semi-Annual,2025-09-18,0.020048577242888402,,,,
TGA.L,TGA,THUNGELA RESOURCES LIMITED,LSE,SETS,GBX,ZAE000296554,515.0,-0.39142857142857146,476.6617302026693,448.64125173907644,418.473008075412,14.163614455549293,10.70179404365202,64.82213438735178,54.879599999999996,2.0,Semi-Annual,2025-09-18,0.10656233009708738,,,,
VEID.L,VEID,VIETNAM ENTERPRISE INVESTMENTS LIMI,LSE,SETS,USD,KYG9361H1092,10.899999618530273,0.0,10.899999618530273,10.899999618530273,10.899999618530273,0.0,0.0,,,,,,,,,,
WISE.L,WISE,WISE PLC,LSE,SETS,GBX,GB00BL9YR756,861.5,-0.3017241379310345,901.4960192845818,905.0485627267878,965.842061071814,-3.2537688087992365,5.17559197183254,19.86531986531986,,,,,,,,,
WG.L,WG.,WOOD GROUP (JOHN) PLC,LSE,SETS,GBX,GB00B5N0P849,26.579999923706055,-0.9971782706743025,26.140722919435124,23.99436165430509,19.95140295199537,0.5016803580301925,0.557674271190795,58.62064051634176,,,,,,,,,
BIG.L,BIG,BIG TECHNOLOGIES PLC,LSE,SETS,GBX,GB00BN2TR932,108.0,-0.48305084745762716,101.27421274900237,90.48075160170829,87.24982807802114,6.100735965007999,6.626640016750978,65.78947368421052,,,,,,,,,
FNTL.L,FNTL,FINTEL PLC,LSE,SETS,GBX,GB00BG1THS43,230.0,-0.3275862068965517,242.39108294393023,231.43055054441535,233.4468291611279,4.691543952569447,8.820470620514744,36.14457831325301,3.7500001000000003,2.0,Semi-Annual,2025-09-25,0.016304348260869565,,,,
ITM.L,ITM,ITM POWER PLC,LSE,SETS,GBX,GB00B0130H42,59.400001525878906,-0.38085105571341005,62.784940406545154,65.52185119887406,63.84162775367623,-1.6300535295804082,-1.2238799606160877,24.13793330243574,,,,,,,,,
JHD.L,JHD,JAMES HALSTEAD PLC,LSE,SETS,GBX,GB00B0LS8535,140.0,-0.21068249258160232,138.35002280024034,138.13409684239687,144.44008523028643,0.5878241545596268,0.5670562740429544,58.13953488372093,8.8,2.0,Semi-Annual,2025-11-13,0.06285714285714286,,,,
LBG.L,LBG,LBG MEDIA PLC,LSE,SETS,GBX,GB00BKPH9R58,82.9000015258789,-0.313274349786539,82.47984898468401,84.85219017534446,91.92399693267585,-0.858420365926591,-0.9255269427084738,50.0,,,,,,,,,
MIDW.L,MIDW,MIDWICH GROUP PLC,LSE,SETS,GBX,GB00BYSXWW41,210.0,-0.4388489208633094,198.6467488435583,190.00721443157016,197.2564998197689,7.094631957386781,5.806344792313841,73.22834645669292,9.250000499999999,2.0,Semi-Annual,2025-09-11,0.044047621428571423,,,,
MAB1.L,MAB1,MORTGAGE ADVICE BUREAU (HLDGS) PLC,LSE,SETS,GBX,GB00BQSBH502,696.0,-0.3061674008810573,727.6404059271485,713.1717822819497,740.7216132294393,6.6769445686145446,13.381701921795262,45.535714285714285,22.0,2.0,Semi-Annual,2025-10-02,0.031609195402298854,,,,
NFG.L,NFG,NEXT 15 GROUP PLC,LSE,SETS,GBX,GB0030026057,299.0,-0.3846153846153846,316.61231541665535,323.2829539534243,313.37415203255125,-11.863938373301096,-6.9913112860605064,23.265306122448976,15.349999,2.0,Semi-Annual,2025-10-16,0.051337789297658865,,,,
NICL.L,NICL,NICHOLS PLC,LSE,SETS,GBX,GB0006389398,1015.0,-0.3651877133105802,1010.6892949269107,1008.7683094160774,1113.0378372246857,6.897932171933803,8.871614692503364,46.835443037974684,32.100001,2.0,Semi-Annual,2025-08-07,0.03162561674876847,,,,
RWS.L,RWS,RWS HOLDINGS PLC,LSE,SETS,GBX,GB00BVFCZV34,78.30000305175781,-0.5831134682159236,81.98412810764634,83.79093549421017,91.2208656460707,-2.5967211785304585,-1.9992115777273964,24.58101201565603,7.05,2.0,Semi-Annual,2026-01-15,0.09003831066698444,,,,
TFW.L,TFW,THORPE(F.W.) PLC,LSE,SETS,GBX,GB00BC9ZLX92,284.0,-0.24,279.74427405540604,281.0099501430243,293.8883895638156,1.9097964535185952,0.9304925434063737,61.60714285714286,7.1199997,2.0,Semi-Annual,2025-10-30,0.02507042147887324,,,,
YNGA.L,YNGA,YOUNG & CO'S BREWERY PLC,LSE,SETS,GBX,GB00B2NDK765,845.0,-0.280241935483871,833.7539443623992,807.7768041047207,812.9203983564927,13.742540305251282,17.0714154789309,45.97701149425287,23.749999,2.0,Semi-Annual,2025-11-20,0.02810650769230769,,,,
YNGN.L,YNGN,YOUNG & CO'S BREWERY PLC,LSE,SETS,GBX,GB00B2NDK989,606.0,-0.17014925373134326,594.4459589414598,596.6466027803943,599.0735417791531,-0.995693210223294,-1.8026894691176132,56.25,23.749999,2.0,Semi-Annual,2025-11-20,0.039191417491749175,,,,
AFC.L,AFC,AFC ENERGY PLC,LSE,SETS,GBX,GB00B18S7B29,12.460000038146973,-0.5144843567024794,11.867757294252321,11.303384739690582,10.387726566446808,0.21975462576965477,0.18363307507022392,54.639170696636945,,,,,,,,,
CHAR.L,CHAR,CHARIOT LIMITED,LSE,SETS,GBX,GG00B2R9PM06,1.4900000095367432,-0.34023531745461855,1.5095612563564753,1.5401783605533839,1.5594304204629463,-0.01377991050933458,-0.018148233477148112,52.243597948531416,,,,,,,,,
FUM.L,FUM,FUTURA MEDICAL PLC,LSE,SETS,GBX,GB0033278473,1.2949999570846558,-0.9310810832580221,1.302680175737648,1.5230868353037776,4.935709668194292,0.002520204280434868,0.0024639501074199275,46.69186361737292,,,,,,,,,
IMM.L,IMM,IMMUPHARMA PLC,LSE,SETS,GBX,GB0033711010,6.989999771118164,-0.6988636320533832,6.619524622611494,6.946124901216149,6.428593486660341,-0.07612088062412514,-0.09471115970027229,48.95397105539011,,,,,,,,,
INDI.L,INDI,INDUS GAS LD,LSE,SETS,GBX,GG00B39HF298,1.3600000143051147,-0.9275068518233626,3.164137570740066,5.840189191601283,8.180846297812845,-1.5608758115807722,-1.6673442760519692,33.347039297327896,,,,,,,,,
MTC.L,MTC,MOTHERCARE PLC,LSE,SETS,GBX,GB0009067447,1.7549999952316284,-0.5191780960611292,1.9239799083181217,2.1481201411843784,2.6338886225279308,-0.11331453109898204,-0.11788970260026595,35.947709973922,,,,,,,,,
PACS.L,PACS,PACSCO LIMITED,LSE,SETS,GBX,GG00BDG13C09,0.4059999883174896,-0.9940000002582868,0.33048790249742555,0.20383180286229918,0.29200239923019505,0.09248901558589201,0.10022398188465662,9.259252105065343,,,,,,,,,
PRM.L,PRM,PROTEOME SCIENCES PLC,LSE,SETS,GBX,GB0003104196,1.7599999904632568,-0.6794055247911788,2.0675071854164226,2.284537313656448,2.6936741056823674,-0.2660295545633473,-0.2337406265712418,39.716312296583276,,,,,,,,,
QED.L,QED,QUADRISE PLC,LSE,SETS,GBX,GB00B11DDB67,1.875,-0.6141975414630011,2.201690931506581,2.520168955408091,3.1905521193314073,-0.20671945962126337,-0.1866389569238797,22.292975059270603,,,,,,,,,
REVB.L,REVB,REVOLUTION BEAUTY GROUP PLC,LSE,SETS,GBX,GB00BP7L1T61,3.9000000953674316,-0.8309759514233117,3.8839693981070225,3.607842091833233,4.631121748807079,0.07619461817001216,0.1362467788168474,41.66667612770893,,,,,,,,,
SELK.L,SELK,SELKIRK GROUP PLC,LSE,SETS,GBX,GB00BPW7W965,2.0,-0.9925696594220144,1.909958293737117,1.9681661525328775,2.2675261220398335,0.019901874830023925,0.0002747466567985528,70.40816773379252,,,,,,,,,
VRS.L,VRS,VERSARIEN PLC,LSE,SETS,GBX,GB00B8YZTJ80,9.999999747378752e-05,-0.9982142858145158,0.000193358792403325,0.002040082426517679,0.012826962521595587,-0.0002816359439016447,-0.0004064548609632099,,,,,,,,,,
ABDP.L,ABDP,AB DYNAMICS PLC,LSE,SETS,GBX,GB00B9GQVG73,1250.0,-0.35677083333333337,1280.204600154669,1292.5844396452399,1421.058565346272,-6.518297962195447,-4.037324376382458,50.0,9.1600008,2.0,Semi-Annual,2026-01-15,0.00732800064,,,,
ACSO.L,ACSO,ACCESSO TECHNOLOGY GROUP PLC,LSE,SETS,GBX,GB0001771426,270.0,-0.5555555555555556,270.4133708614157,293.8017957814217,373.19154428164836,-6.060326983597861,-9.147207382187428,53.27102803738317,,,,,,,,,
AMS.L,AMS,ADVANCED MEDICAL SOLUTIONS GRP PLC,LSE,SETS,GBX,GB0004536594,217.0,-0.254852294921875,217.94760299248483,217.63789566279394,214.72853722105108,-0.5135411682662436,-0.26173216354566714,47.826086956521735,2.68,2.0,Semi-Annual,2025-09-25,0.012350230414746545,,,,
ARBB.L,ARBB,ARBUTHNOT BANKING GROUP PLC,LSE,SETS,GBX,GB0007922338,877.5,-0.2113636363636363,877.8704854942849,884.88222967201,914.7275078659457,-1.785722282176721,-2.2164149926613597,45.945945945945944,51.0,2.0,Semi-Annual,2025-08-28,0.05811965811965812,,,,
BEG.L,BEG,BEGBIES TRAYNOR GROUP PLC,LSE,SETS,GBX,GB00B0305S97,118.5,-0.14342629482071712,118.33109899944628,116.67339238560997,112.1063224895156,0.5687780669249776,0.9023987595629501,45.16129032258065,4.3,2.0,Semi-Annual,2025-10-09,0.036286919831223625,,,,
BRCK.L,BRCK,BRICKABILITY GROUP PLC,LSE,SETS,GBX,GB00BK63S759,51.599998474121094,-0.2788732286909936,52.67877834291095,53.32845859573001,56.42713097402432,-0.5227202172880752,-0.34785627606616976,39.999980926504584,3.5100000000000002,2.0,Semi-Annual,2026-01-22,0.06802325782548943,,,,
CAM.L,CAM,CAMELLIA PLC,LSE,SETS,GBX,GB0001667087,4900.0,-0.19338842975206616,4934.66804105302,5041.691261458362,5242.58884966662,-25.583900473624453,-30.086725302486474,42.42424242424243,260.0,1.0,Annual,2025-07-03,0.053061224489795916,,,,
CAML.L,CAML,CENTRAL ASIA METALS PLC,LSE,SETS,GBX,GB00B67KBV28,218.0,-0.2006880804180209,213.55470556259445,198.5390065764446,173.67940284862343,6.451062630699596,7.758463670542694,50.0,13.5,2.0,Semi-Annual,2025-09-25,0.06192660550458716,,,,
CHRT.L,CHRT,COHORT PLC,LSE,SETS,GBX,GB00B0YD2B94,1120.0,-0.48684210526315785,1124.037409958505,1117.6867009030263,1200.641668861888,9.709389787355121,16.704890921863754,48.76847290640394,16.8499997,2.0,Semi-Annual,2026-01-08,0.015044642589285716,,,,
CVSG.L,CVSG,CVS GROUP PLC,LSE,SETS,GBX,GB00B2863827,1396.0,-0.2064606741573034,1355.801076710549,1317.1369424480324,1246.1084324917665,22.981964168440754,19.367813301074705,67.02127659574468,8.5,1.0,Annual,2025-11-06,0.0060888252148997134,,,,
DOTD.L,DOTD,DOTDIGITAL GROUP PLC,LSE,SETS,GBX,GB00B3W40C23,63.20000076293945,-0.32116002364374807,67.18096523625096,67.12583963562292,70.47029338584926,-0.43171307633022593,0.32227070407149355,37.96295822075411,1.21,1.0,Annual,2026-01-08,0.019145569389131166,,,,
EVPL.L,EVPL,EVERPLAY GROUP PLC,LSE,SETS,GBX,GB00BYVX2X20,298.0,-0.2912621359223301,310.23736712600817,324.8168163858661,330.34515600076423,-9.177984715302898,-7.357361257746665,35.23809523809524,3.7,2.0,Semi-Annual,2025-09-11,0.012416107382550336,,,,
FEVR.L,FEVR,FEVERTREE DRINKS PLC,LSE,SETS,GBX,GB00BRJ9BJ26,970.0,-0.2294589178356713,905.6309786094158,871.1660703339226,842.0616206763017,27.54765299600149,20.56137344982787,69.06077348066299,17.0900003,2.0,Semi-Annual,2025-09-25,0.017618557010309278,,,,
FRAN.L,FRAN,FRANCHISE BRANDS PLC,LSE,SETS,GBX,GB00BD6P7Y24,132.25,-0.3291139240506329,132.41278040909305,133.6013743783552,136.4355934657866,-1.119132580201267,-1.3441287095836816,48.598130841121495,2.4500001,2.0,Semi-Annual,2025-09-11,0.018525520604914934,,,,
FDEV.L,FDEV,FRONTIER DEVELOPMENTS PLC,LSE,SETS,GBX,GB00BBT32N39,420.5,-0.2742504409171076,455.61657532854616,468.7637770681972,410.83459242286006,-13.870326651055905,-7.952236890262898,19.806763285024147,,,,,,,,,
DATA.L,DATA,GLOBALDATA PLC,LSE,SETS,GBX,GB00BR3VDF43,87.19999694824219,-0.5551020563865194,100.56191911291482,107.66832462532486,128.7340387334695,-6.684789509636715,-4.85424242866667,6.832309762778053,1.3,2.0,Semi-Annual,2025-09-04,0.01490825740248155,,,,
HSP.L,HSP,HARGREAVES SERVICES PLC,LSE,SETS,GBX,GB00B0MTC970,794.0,-0.2419825072886297,747.0636121137608,706.5014451748971,686.8114717909668,35.12034795086686,30.191618482171595,84.61538461538461,37.0,2.0,Semi-Annual,2025-09-25,0.04659949622166247,,,,
IDOX.L,IDOX,IDOX PLC,LSE,SETS,GBX,GB0002998192,71.19999694824219,-0.20180724725821508,70.81294867459643,69.62381407637416,64.48494180555203,0.255638143515057,0.33040270911215863,57.14285714285714,0.70000005,1.0,Annual,2025-04-03,0.00983146179779832,,,,
IPX.L,IPX,IMPAX ASSET MANAGEMENT GROUP PLC,LSE,SETS,GBX,GB0004905260,154.60000610351562,-0.44367816091954027,156.06611833567672,158.8262001043481,174.23330580739727,-0.809314364172053,0.07871616307972157,32.11013476719167,26.9,2.0,Semi-Annual,2025-06-12,0.17399740580856476,,,,
JET2.L,JET2,JET2 PLC,LSE,SETS,GBX,GB00B1722W11,1268.0,-0.3732647814910026,1265.0333577697731,1309.436852512701,1425.0560210457918,-23.21490888459948,-28.15928252483976,52.17391304347826,16.6,2.0,Semi-Annual,2026-01-08,0.013091482649842272,,,,
KITW.L,KITW,KITWAVE GROUP PLC,LSE,SETS,GBX,GB00BNYKB709,298.0,-0.4011976047904192,282.2591581690052,254.7297427140488,246.8319546690095,17.493129686831423,19.06929926715356,64.70588235294119,11.4500003,2.0,Semi-Annual,2025-07-10,0.03842281979865771,,,,
KGH.L,KGH,KNIGHTS GROUP HOLDINGS PLC,LSE,SETS,GBX,GB00BFYF6298,185.0,-0.28095238095238095,187.7009053323838,183.137835610592,171.376387543042,0.7898726280969868,2.4702781436698253,35.0,4.99,2.0,Semi-Annual,2026-02-12,0.026972972972972974,,,,
SAA.L,SAA,M&C SAATCHI PLC,LSE,SETS,GBX,GB00B01F7T14,126.5,-0.40609137055837563,128.93961928309855,130.06751501771396,146.7783064965211,-0.6358393600675072,-0.04459171629926749,40.54054054054053,1.95,1.0,Annual,2025-05-08,0.01541501976284585,,,,
MPE.L,MPE,M. P. EVANS GROUP PLC,LSE,SETS,GBX,GB0007538100,1525.0,-0.16249999999999998,1357.0232320557332,1306.4966536342183,1245.6472126184303,55.89438841298352,32.59386631438919,82.6086956521739,55.5,2.0,Semi-Annual,2025-10-09,0.03639344262295082,,,,
NIOX.L,NIOX,NIOX GROUP PLC,LSE,SETS,GBX,GB00BJVD3B28,63.400001525878906,-0.28157896744577504,66.45004929755667,67.61371626454738,68.13378575248208,-0.7801177371207473,-0.5111522146947454,21.428576294254725,1.25,1.0,Annual,2025-05-15,0.01971608785355895,,,,
PANR.L,PANR,PANTHEON RESOURCES PLC,LSE,SETS,GBX,GB00B125SX82,7.5,-0.9009900947361492,7.9882443702571235,11.586760626331158,24.196513800911717,-0.8681430649919113,-1.207909025181404,34.173670739861464,,,,,,,,,
POLR.L,POLR,POLAR CAPITAL HOLDINGS PLC,LSE,SETS,GBX,GB00B1GCLT25,632.0,-0.2992992992992993,611.7705774013692,582.3826768142318,525.3101457192042,16.009336241961364,17.165201605988525,60.97560975609756,46.0,2.0,Semi-Annual,2025-12-11,0.07278481012658228,,,,
RCN.L,RCN,REDCENTRIC PLC,LSE,SETS,GBX,GB00B7TW1V39,119.75,-0.17832167832167833,120.04637989228684,120.91972048434445,123.8380599994656,-0.02980914138416324,-0.039646331633563035,48.57142857142856,1.2,1.0,Annual,2025-03-13,0.010020876826722338,,,,
RNWH.L,RNWH,RENEW HOLDINGS PLC,LSE,SETS,GBX,GB0005359004,925.0,-0.12853107344632764,928.7039761559718,917.007819891042,862.86670991684,6.178034846199239,8.554028756905018,50.0,20.0000006,2.0,Semi-Annual,2026-02-12,0.02162162227027027,,,,
RKH.L,RKH,ROCKHOPPER EXPLORATION PLC,LSE,SETS,GBX,GB00B0FVQX23,70.4000015258789,-0.2597656062280297,71.27404255321957,72.5090372716204,67.64871341992853,-0.4773375452262201,-0.2774916742600639,48.45361108543945,,,,,,,,,
SQZ.L,SQZ,SERICA ENERGY PLC,LSE,SETS,GBX,GB00B0CY5V57,214.5,-0.2584475164544092,206.6837641163213,197.33682542816493,179.31835484055046,6.018367026560412,6.2718742692677445,60.36036036036035,16.0,2.0,Semi-Annual,2025-10-23,0.07459207459207459,,,,
SRC.L,SRC,SIGMAROC PLC,LSE,SETS,GBX,GB00BYX5K988,144.8000030517578,-0.15040002441406253,141.8713249000327,134.1988849510607,118.17979936282465,3.844672000111615,4.164567836923748,61.40350055313103,,,,,,,,,
TAM.L,TAM,TATTON ASSET MANAGEMENT PLC,LSE,SETS,GBX,GB00BYX1P358,690.0,-0.2028985507246377,688.0205050435873,683.8696497566368,685.4077681203055,9.925647519354243,8.050563425184412,62.12121212121212,21.5,2.0,Semi-Annual,2025-11-27,0.031159420289855074,,,,
TIG.L,TIG,TEAM INTERNET GROUP PLC,LSE,SETS,GBX,GB00BCCW4X83,50.29999923706055,-0.5841392711272062,49.57458762313328,49.29142854616351,57.34093015243092,0.5167784514224252,0.42773031685569657,55.624977648290184,,,,,,,,,
VTU.L,VTU,VERTU MOTORS PLC,LSE,SETS,GBX,GB00B1GK4645,61.79999923706055,-0.10107200582497822,63.368464321065105,63.292716427216035,61.12998137914557,-0.274491914188161,-0.012018798438605004,44.0298411861547,2.05,2.0,Semi-Annual,2025-12-11,0.03317152144511104,,,,
VIC.L,VIC,VICTORIAN PLUMBING GROUP PLC,LSE,SETS,GBX,GB00BNVVHD43,87.0,-0.46418606070585033,83.3778883058628,79.293657770666,78.26960458128386,2.6572401877480587,2.5627437027885476,64.46279350278976,2.1499999499999998,2.0,Semi-Annual,2026-02-05,0.024712643103448274,,,,
VLX.L,VLX,VOLEX PLC,LSE,SETS,GBX,GB0009390070,490.0,-0.304895094224623,456.84115494840296,434.38475416558356,377.194913793353,13.809678361289059,10.676608928513431,69.14893617021276,4.6,2.0,Semi-Annual,2025-11-27,0.009387755102040816,,,,
YOU.L,YOU,YOUGOV PLC,LSE,SETS,GBX,GB00B1VQ6H25,203.5,-0.49124999999999996,224.30879370960565,241.1364354234547,284.044124962489,-12.041224996137515,-9.499314181489192,15.568862275449106,9.25,1.0,Annual,2025-11-27,0.045454545454545456,,,,
AXS.L,AXS,ACCSYS TECHNOLOGIES PLC,LSE,SETS,GBX,GB00BQQFX454,62.79999923706055,-0.15714285714285714,62.495064039200734,62.210768166781904,59.04198094643819,0.1700053331854221,0.264413915519906,44.642838896544774,,,,,,,,,
AET.L,AET,AFENTRA PLC,LSE,SETS,GBX,GB00B4X3Q493,52.20000076293945,-0.31454544067382817,48.30020561305777,45.50971988365231,45.0639017312523,2.2744558218849704,2.040154069274997,69.12752227693937,,,,,,,,,
ALL.L,ALL,ATLANTIC LITHIUM LIMITED,LSE,SETS,GBX,AU0000237554,16.25,-0.463713455104634,13.358959538396576,11.585391457082155,9.712079265725798,1.3943869301542975,1.0973425710583466,74.88584864619591,,,,,,,,,
BOR.L,BOR,BORDERS & SOUTHERN PETROLEUM PLC,LSE,SETS,GBX,GB00B08F4599,9.300000190734863,-0.2958333492279053,9.143768942979545,9.448437176443555,8.904475934271058,-0.07393268623403593,-0.1489150763777172,54.54545904922891,,,,,,,,,
BUR.L,BUR,BURFORD CAPITAL LIMITED,LSE,SETS,GBX,GG00BMGYLN96,688.0,-0.49149797570850207,687.3702399876324,702.4063437805165,834.590635390463,-6.880625328286783,-4.964352665016165,42.24598930481283,9.4115003,2.0,Semi-Annual,2025-10-30,0.01367950625,,,,
CRTA.L,CRTA,CIRATA PLC,LSE,SETS,GBX,JE00B6Y3DV84,18.100000381469727,-0.5620782532907556,19.28452652073435,19.73343597187536,20.44541861665175,-0.7073227210954336,-0.47977105184733154,22.727273939827555,,,,,,,,,
CRW.L,CRW,CRANEWARE PLC,LSE,SETS,GBX,GB00B2425G68,1455.0,-0.4403846153846154,1644.2430700136238,1815.8781315079646,2020.5316336408948,-112.1329795151662,-95.79664615305464,15.217391304347828,32.000001,2.0,Semi-Annual,2025-11-27,0.021993127835051543,,,,
EKF.L,EKF,EKF DIAGNOSTICS HOLDINGS PLC,LSE,SETS,GBX,GB0031509804,25.799999237060547,-0.31661443580716453,25.34780641961214,25.63399141266991,25.92300852651578,-0.26678637710654485,-0.23551102903245216,43.20387810157017,,,,,,,,,
EEE.L,EEE,EMPIRE METALS LD,LSE,SETS,GBX,VGG3036T1012,35.599998474121094,-0.5887323836205711,37.95787457597775,38.99673086774253,34.09240291697932,-1.4286398370103939,-1.0179050998031351,25.899273862650574,,,,,,,,,
GMR.L,GMR,GAMING REALMS PLC,LSE,SETS,GBX,GB00BBHXD542,32.70000076293945,-0.4263157760887816,36.973644807156276,39.117021434267414,42.34105867394,-1.7717691345764521,-1.1621726177079506,10.204082427050722,,,,,,,,,
GHH.L,GHH,GOOCH & HOUSEGO PLC,LSE,SETS,GBX,GB0002259116,752.0,-0.2620904836193447,710.4165550031008,655.5424406152341,574.9813989185743,34.154429125528395,33.008692476828436,68.14159292035399,13.199999,2.0,Semi-Annual,2026-01-29,0.017553190159574468,,,,
GGP.L,GGP,GREATLAND RESOURCES LIMITED,LSE,SETS,GBX,AU0000397705,657.2999877929688,-0.3527062170457639,645.0730204204691,576.3542771449021,412.8920985484345,22.8821095205642,30.086859519865722,37.806396088475864,,,,,,,,,
GRP.L,GRP,GREENCOAT RENEWABLES PLC,LSE,SETS,EUR,IE00BF2NR112,0.6959999799728394,-0.16874998556450027,0.6915719055525896,0.6962018775471419,0.7213610044154162,-0.0014563125016781031,-0.0031118246323047667,51.61288461871243,0.051074999999999995,3.0,Irregular,2025-11-20,0.07338362280124368,,,,
HCM.L,HCM,HUTCHMED (CHINA) LIMITED,LSE,SETS,GBX,KYG4672N1198,215.0,-0.3251748251748252,217.54732635014577,217.56264091085535,223.08834323244332,-0.3196036158813058,0.6257560847261135,33.80281690140845,,,,,,,,,
IOM.L,IOM,IOMART GROUP PLC,LSE,SETS,GBX,GB0004281639,16.299999237060547,-0.6345291525846457,18.435092285497973,19.111349356455655,23.376129659654328,-0.334676991881139,0.005540455855167159,19.945360203250374,,,,,,,,,
IQE.L,IQE,IQE PLC,LSE,SETS,GBX,GB0009619924,10.600000381469727,-0.6746666590372721,8.554340614245325,7.457769605980729,8.200209790753558,0.8271833038132392,0.6132076169254469,83.29570841251466,,,,,,,,,
KEFI.L,KEFI,KEFI GOLD AND COPPER PLC,LSE,SETS,GBX,GB00BD8GP619,1.850000023841858,-0.33707867049761575,1.5180388594537668,1.4332520602201466,1.117442533606062,0.08421466501211827,0.0482554698657468,64.72868378235043,,,,,,,,,
LIT.L,LIT,LITIGATION CAPITAL MANAGEMENT LTD,LSE,SETS,GBX,AU000000LCA6,8.90999984741211,-0.9146039624410964,9.635580443079533,10.311397259867377,24.453368245951953,-0.1683567700641806,-0.04168683364854076,34.047620128882244,,,,,,,,,
WINE.L,WINE,NAKED WINES PLC,LSE,SETS,GBX,GB00B021F836,74.5999984741211,-0.3695014380626259,73.80155880627396,73.57300586020796,73.09197824641036,0.24522919270719967,0.25069597913042907,48.91303942199048,,,,,,,,,
NCYT.L,NCYT,NOVACYT S.A.,LSE,SETS,GBX,FR0010397232,34.54999923706055,-0.3405299711288442,35.06848147702332,36.046061234223515,39.59525061348463,-0.39388561196501115,-0.3065387860591803,21.538438966275123,,,,,,,,,
OMG.L,OMG,OXFORD METRICS PLC,LSE,SETS,GBX,GB0030312788,55.599998474121094,-0.38301283560012334,56.229741904621626,52.469969658368825,49.18590677873245,1.5321308645487406,2.067286320260568,48.57142234334801,3.25,1.0,Annual,2026-02-12,0.058453239014254754,,,,
PRO.L,PRO,PROSERVICE BUILD.SERV. MKTPLACE PLC,LSE,SETS,GBX,GB00BVFD4645,7.659999847412109,-0.38499999046325684,7.283322926695137,7.54457330626917,7.910720076875953,0.08659827715604962,-0.01726232134027729,54.959784597416444,,,,,,,,,
ROSE.L,ROSE,ROSEBANK INDUSTRIES PLC,LSE,SETS,GBX,JE00BSBJ5M88,336.0,-0.9907692310137627,343.1310289157724,343.45892506397024,397.5827820370336,0.03683033267105884,0.07710874758966059,45.67901234567901,,,,,,,,,
SAVE.L,SAVE,SAVANNAH ENERGY PLC,LSE,SETS,GBX,GB00BP41S218,8.050000190734863,-0.9972571429752168,7.386908343610508,6.928786624067717,5.163376387683792,0.13269376758257234,0.06403501807059937,66.66666666666666,,,,,,,,,
SEE.L,SEE,SEEING MACHINES LD,LSE,SETS,GBX,AU0000XINAJ0,4.179999828338623,-0.588832492070767,4.506979135248587,4.638329878458748,3.907065915859814,-0.2506118553127763,-0.21670042796497702,34.1614801976298,,,,,,,,,
KETL.L,KETL,STRIX GROUP PLC,LSE,SETS,GBX,IM00BF0FMG91,50.900001525878906,-0.36685826141739974,48.60867984771679,45.67079418782753,43.49148529509028,1.2441245354941017,1.1698390026366736,71.12674240177432,,,,,,,,,
VCP.L,VCP,VICTORIA PLC,LSE,SETS,GBX,GB00BZC0LC10,26.0,-0.796031739976671,28.49393742744843,34.09769459434429,57.331956287229566,-2.382319287790498,-2.5243703727543663,31.64557114833258,,,,,,,,,
WJG.L,WJG,WATKIN JONES PLC,LSE,SETS,GBX,GB00BD6RF223,30.5,-0.39670472048712857,29.155352344457942,28.917608586355797,29.544732091750973,0.19940526161320093,0.09784631507607913,62.03702657147822,,,,,,,,,
YCA.L,YCA,YELLOW CAKE PLC,LSE,SETS,GBX,JE00BF50RG45,625.5,-0.17273897353021994,646.1783336925652,619.7138794878406,552.4326560090665,3.610800031024155,12.093832781918453,39.99999999999999,,,,,,,,,
ZIOC.L,ZIOC,ZANAGA IRON,LSE,SETS,GBX,VGG9888M1023,6.360000133514404,-0.3946471998914436,7.345833179884666,7.538122244629132,7.638994078347981,-0.2346228006074691,-0.07971912361291794,40.847456202497106,,,,,,,,,
FLO.L,FLO,FLOWTECH FLUIDPOWER PLC,LSE,SETS,GBX,GB00BM4NR742,53.20000076293945,-0.3774834437086093,54.91072045312054,55.387177366601236,58.56243652383711,-0.4872426112586865,-0.2593545063819048,41.25001013279445,,,,,,,,,
GWI.L,GWI,GLOBALWORTH REAL ESTATE INVESTMENTS,LSE,SETS,EUR,GG00B979FD04,2.2699999809265137,-0.26568266364400006,2.1301876949030305,2.095862594538432,2.2260451249791626,0.04686019468136626,0.025806393497261836,85.71429787850018,0.14,2.0,Semi-Annual,2025-09-04,0.06167400932878343,,,,
GFM.L,GFM,GRIFFIN MINING LD,LSE,SETS,GBX,BMG319201049,329.0,-0.17493472584856395,299.8083424583289,270.9540441107164,220.7889080692151,15.626277351116698,13.625905010222846,65.73426573426573,,,,,,,,,
NAH.L,NAH,NAHL GROUP PLC,LSE,SETS,GBX,GB00BM7S2W63,35.79999923706055,-0.5511551155115512,36.19068555599035,37.2406881032422,46.27865590083153,-0.04633822902053453,-0.07216226299333046,48.717916113615665,,,,,,,,,
STAF.L,STAF,STAFFLINE GROUP PLC,LSE,SETS,GBX,GB00B040L800,50.5,-0.241176493027631,50.219814911219444,48.28139179685739,43.12518469233134,1.0815115078035191,1.3251827468922204,37.5,,,,,,,,,
TAN.L,TAN,TANFIELD GROUP PLC,LSE,SETS,GBX,GB00B4QHFM95,6.824999809265137,-0.2888888859454496,6.662215550906021,6.402810659524478,5.392829851231464,0.14453737570838143,0.12343071094826062,67.7965926356965,,,,,,,,,
TENG.L,TENG,TEN LIFESTYLE GROUP PLC,LSE,SETS,GBX,GB00BF188X60,68.0,-0.28928571428571426,69.41058140095436,68.43236645842686,62.2782019284476,-0.8396679518710641,-0.4094943899785272,36.170212765957444,,,,,,,,,
WRKS.L,WRKS,THEWORKS.CO.UK PLC,LSE,SETS,GBX,GB00BF5HBF20,33.0,-0.5152000122070313,32.8056023943971,34.59940591764302,37.9267791699911,-0.4957285296271863,-0.6923562620920157,40.21738814946824,,,,,,,,,
TRB.L,TRB,TRIBAL GROUP PLC,LSE,SETS,GBX,GB0030181522,70.0,-0.2148935845557679,69.94676346380572,68.41043930863813,59.98732501613555,0.3415385726643052,0.49003477845666166,52.0,2.15000004,2.0,Semi-Annual,2026-01-02,0.030714286285714286,,,,
CPP.L,CPP,CPPGROUP PLC,LSE,SETS,GBX,GB00BMDX5Z93,80.25,-0.6296296296296297,77.38767217190542,80.26798065570051,94.29706831657208,0.9411583480483898,0.17027002458947993,96.7741935483871,,,,,,,,,
LIV.L,LIV,LIVERMORE INVESTMENTS GROUP LD,LSE,SETS,GBX,VGG550931015,52.5,-0.34246575342465757,53.10907581294429,52.63632819221775,53.459855013148236,-0.07175783772728295,0.0710789185102485,43.47826086956522,3.11,1.0,Annual,2025-06-05,0.059238095238095236,,,,
MET1.L,MET1,METALS ONE PLC,LSE,SETS,GBX,GB00BSY1D385,2.0199999809265137,-0.9651546379954544,1.994052134442743,2.2886688202343017,5.740991128226466,-0.029026293339089904,-0.04124122302486804,49.32614607221385,,,,,,,,,
OHGR.L,OHGR,ONE HEALTH GROUP PLC,LSE,SETS,GBX,GB00BNNT0595,230.0,-0.20446096654275092,233.7338700550801,239.71996604290047,230.988636216879,-6.670638955305861,-5.841802595237701,32.14285714285715,6.23,2.0,Semi-Annual,2026-01-02,0.027086956521739133,,,,
PXS.L,PXS,PROVEXIS PLC,LSE,SETS,GBX,GB00B0923P27,1.5,-0.9931333331227854,1.2329490481649852,1.003889398802622,0.7377626843337759,0.15190368708841206,0.12204114657681736,86.95651452798307,,,,,,,,,
PLSR.L,PLSR,PULSAR HELIUM INC.,LSE,SETS,GBX,CA7459321039,101.0,-0.4107142857142857,86.70025626379426,68.8184196030595,44.665925448056015,10.49614584436884,10.472997996703794,63.73626373626374,,,,,,,,,
TMT.L,TMT,TMT INVESTMENTS,LSE,SETS,USD,JE00B3RQZ289,2.640000104904175,-0.26363633276674003,2.749840407098209,2.7530184464068483,2.7676102002553713,-0.0025600813428483526,0.009631812990709839,39.99999999999999,,,,,,,,,
UKR.L,UKR,UKRPRODUCT GROUP LD,LSE,SETS,GBX,GB00B03HK741,8.074999809265137,-0.9911111113097932,7.914284486447485,7.63202523500048,6.0605013089954705,0.08582777349595627,0.08819730800450391,53.48836384056692,,,,,,,,,
CNE.L,CNE,CAPRICORN ENERGY PLC,LSE,SETS,GBX,GB00BNKT5L33,256.0,-0.38383838383838387,245.18871834214204,226.87515168574487,221.8779632363414,11.54016956968286,11.83354935736836,73.04347826086956,,,,,,,,,
CLI.L,CLI,CLS HOLDINGS PLC,LSE,SETS,GBX,GB00BF044593,59.20000076293945,-0.2750677806547095,60.44711493860401,60.10904476603531,61.946286644539406,-0.014227295435610188,0.2454348895022118,40.384616795376004,3.9799999,2.0,Semi-Annual,2025-09-04,0.06722972717411806,,,,
CRST.L,CRST,CREST NICHOLSON HOLDINGS PLC,LSE,SETS,GBX,GB00B8VZXT93,166.0,-0.35076141357421875,152.5745234199757,147.521421677209,157.12873845608394,6.689341418105755,4.774966857916676,73.99031276091245,2.5000001000000003,2.0,Semi-Annual,2025-09-18,0.015060241566265061,,,,
ESNT.L,ESNT,ESSENTRA PLC,LSE,SETS,GBX,GB00B0744359,107.0,-0.2858280410988685,103.44133240803129,101.19608780453117,102.99548447183784,1.8735449995306368,1.5308320938346047,60.588235558110654,2.35,2.0,Semi-Annual,2025-09-18,0.021962616822429906,,,,
FXPO.L,FXPO,FERREXPO PLC,LSE,SETS,GBX,GB00B1XH2C03,72.0999984741211,-0.5932904525843662,73.28233045380935,71.00220750283934,65.54778581941186,0.00023022878536949065,0.4821990033875661,32.22221044846023,,,,,,,,,
FSJ.L,FSJ,FISHER(JAMES)& SONS PLC,LSE,SETS,GBX,GB0003395000,447.0,-0.19491525423728817,425.62120180601926,403.4667033226686,372.3116468804559,18.144518395634577,16.37578010123099,75.5813953488372,,,,,,,,,
HFD.L,HFD,HALFORDS GROUP PLC,LSE,SETS,GBX,GB00B012TP20,152.8000030517578,-0.24398628072360562,149.8054118258646,146.58770922465757,144.50015840894125,2.2377044697761903,2.1267524034836933,61.34454104768749,8.7999997,2.0,Semi-Annual,2025-12-11,0.057591619923064954,,,,
MCG.L,MCG,MOBICO GROUP PLC,LSE,SETS,GBX,GB0006215205,24.81999969482422,-0.7035890420637871,24.171600552220305,23.95313302277036,31.520423713311853,0.5882177426353614,0.4581900998990349,58.211387030644744,,,,,,,,,
OTB.L,OTB,ON THE BEACH GROUP PLC,LSE,SETS,GBX,GB00BYM1K758,196.39999389648438,-0.3833886840414763,209.9757545136193,215.2561973889474,233.65109749131395,-5.2763773401747756,-3.068023853494843,28.686862521701386,4.0,2.0,Semi-Annual,2026-02-05,0.02036659941093614,,,,
PZC.L,PZC,PZ CUSSONS PLC,LSE,SETS,GBX,GB00B19Z1432,91.0,-0.2528344239677178,78.54954802343434,75.69030052168155,76.03797010455614,3.7637684133473357,1.8155226770318995,89.9193806405249,3.6,2.0,Semi-Annual,2025-10-30,0.03956043956043956,,,,
SYNT.L,SYNT,SYNTHOMER PLC,LSE,SETS,GBX,GB00BNTVWJ75,19.15999984741211,-0.8762273936066661,48.28882131558138,54.65977372515225,72.93145495363022,-7.093335997969646,-3.3647713514792814,13.024884224240125,,,,,,,,,
AAIF.L,AAIF,ABERDEEN ASIAN INCOME FUND LIMITED,LSE,SETS,GBX,GB00B0P6J834,287.0,-0.1651785714285714,280.0105445786252,272.3543324585677,251.52188603134036,3.8324860256652755,3.54834470335288,76.08695652173913,16.2400001,4.0,Quarterly,2026-01-22,0.05658536620209059,,,,
AUSC.L,AUSC,ABERDN UK SMALL.CO'S GROWTH TST PLC,LSE,SETS,GBX,GB0002959582,518.0,-0.16796875,515.9866785111435,512.8366124569185,510.3567169855779,1.0030156645560737,1.7764449721998308,45.00000000000001,13.2,2.0,Semi-Annual,2025-10-30,0.02548262548262548,,,,
ADIG.L,ADIG,ABRDN DIVERSIFIED INCOME AND GROWTH,LSE,SETS,GBX,GB0001297562,28.100000381469727,-0.46490338920512886,27.883237927232525,29.165599873659833,37.21988477330719,0.06801501326305015,-0.04001729915316702,60.97565287293866,20.5,2.0,Semi-Annual,2025-11-12,0.7295373566442557,,,,
ASLI.L,ASLI,ABRDN EUROPEAN LOGISTICS INCOME PLC,LSE,SETS,GBX,GB00BD9PXH49,27.149999618530273,-0.6313363968888477,27.083796560340197,28.734130456939734,39.36362539470968,-0.2514394666254951,-0.39899665740521834,50.98037602398319,42.44,8.0,Irregular,2025-12-15,1.5631676094401885,,,,
AEWU.L,AEWU,AEW UK REIT PLC,LSE,SETS,GBX,GB00BWD24154,110.80000305175781,-0.07996149140399522,107.5696372861032,107.17528678922227,105.74351277249019,0.387639199416725,0.13722684618489114,67.12328051286232,8.0,4.0,Quarterly,2026-02-05,0.07220216407632203,,,,
APN.L,APN,APPLIED NUTRITION PLC,LSE,SETS,GBX,GB00BPVDXX64,237.5,-0.2811244584099932,236.54963502834622,228.77132336554484,186.301360932266,-0.6080521352174912,-0.10648754025142187,42.465753424657535,,,,,,,,,
APTD.L,APTD,APTITUDE SOFTWARE GROUP PLC,LSE,SETS,GBX,GB00BJV2F804,238.0,-0.3081395348837209,259.93727095819605,275.4562469367267,291.26383548640024,-13.735027487900368,-10.945700244260106,22.91666666666667,5.4,2.0,Semi-Annual,2025-08-14,0.022689075630252103,,,,
AFL.L,AFL,ARTEMIS UK FUTURE LEADERS PLC,LSE,SETS,GBX,GB00B1FL3C76,375.0,-0.17063492063492058,380.2029804186268,377.95572180079995,372.9250333451259,-0.5963958109786063,1.2665600997443673,29.166666666666657,14.999999800000001,4.0,Quarterly,2026-02-12,0.03999999946666667,,,,
ASC.L,ASC,ASOS PLC,LSE,SETS,GBX,GB0030927254,282.5,-0.4298016883100956,297.26994517510445,288.3837428753355,291.16387594555613,-0.9771245771401595,3.871238886811315,17.985611510791372,,,,,,,,,
ATG.L,ATG,AUCTION TECHNOLOGY GROUP PLC,LSE,SETS,GBX,GB00BMVQDZ64,300.0,-0.5825396825396825,305.4676602531348,306.56769706355396,366.6027011125376,-3.1953113728471294,-2.365271906682743,34.57943925233644,,,,,,,,,
AUGM.L,AUGM,AUGMENTUM FINTECH PLC,LSE,SETS,GBX,GB00BG12XV81,87.4000015258789,-0.24430640628264066,90.45588347615603,90.28735909515095,90.15524001439182,-0.545809793027189,-0.01981054466216671,41.79106177186304,,,,,,,,,
BGCG.L,BGCG,BAILLIE GIFFORD CHINA GRWTH TST PLC,LSE,SETS,GBX,GB0003656021,309.0,-0.21754385964912282,313.3900449462335,312.16173858334054,294.07368111602835,-0.40080265762645695,0.3541035640189156,39.583333333333336,2.2,1.0,Annual,2025-06-19,0.007119741100323625,,,,
BGEU.L,BGEU,BAILLIE GIFFORD EUROPEAN GROWTH TRU,LSE,SETS,GBX,GB00BMC7T380,103.5,-0.1748526769955775,106.97891378872674,107.37758804011082,104.45646079955678,-1.0410747577043509,-0.5410901316944922,25.925925925925924,0.71999997,1.0,Annual,2026-01-08,0.006956521449275363,,,,
BGS.L,BGS,BAILLIE GIFFORD SHIN NIPPON PLC,LSE,SETS,GBX,GB00BFXYH242,143.8000030517578,-0.19477233365362634,138.53627933132768,135.09166656587158,129.1826247730243,2.5866868831705574,1.8080509692285331,65.26315366792886,0.6,1.0,Annual,2025-04-17,0.0041724616638849615,,,,
BBH.L,BBH,BELLEVUE HEALTHCARE TRUST PLC,LSE,SETS,GBX,GB00BZCNLL95,137.1999969482422,-0.2302357673430374,142.04096040077383,141.23854454348552,133.09346235288822,-1.8031985854785546,-0.6342127956260601,28.47220860881714,5.220000000000001,2.0,Semi-Annual,2025-08-14,0.03804664807659735,,,,
BIOG.L,BIOG,BIOTECH GROWTH TRUST (THE) PLC,LSE,SETS,GBX,GB0000385517,1215.0,-0.2748538011695907,1222.1706763579787,1210.8365492374428,1053.1237423912432,-7.901984074710981,-3.386942394149989,42.59259259259259,,,,,,,,,
BERI.L,BERI,BLACKROCK ENERGY & RES. INC.TST PLC,LSE,SETS,GBX,GB00B0N8MF98,181.0,-0.21322316571700672,176.3060444159039,166.48208840077137,143.2849175270324,4.506793157532968,4.680799791156964,51.72413793103448,4.75,4.0,Quarterly,2025-12-04,0.026243093922651933,,,,
BRFI.L,BRFI,BLACKROCK FR,LSE,SETS,GBX,GB00B3SXM832,193.0,-0.1651234567901234,189.6879249157506,184.53750078676777,172.58592701913946,2.9393533625890598,2.6939963686373654,64.1025641025641,7.435,2.0,Semi-Annual,2026-01-02,0.03852331606217616,,,,
BRLA.L,BRLA,BLACKROCK LATIN AMERICAN INV TSTPLC,LSE,SETS,GBX,GB0005058408,485.0,-0.13384615384615384,473.8805731663929,443.5038329401021,388.65851986220787,16.867060897124418,17.733899924800188,61.84210526315789,19.8287003,4.0,Quarterly,2026-01-15,0.0408839181443299,,,,
BMY.L,BMY,BLOOMSBURY PUBLISHING PLC,LSE,SETS,GBX,GB0033147751,444.0,-0.3313253012048193,468.4092948423787,479.9607606086492,509.85580932648986,-11.879508783043832,-7.566951848719402,22.169811320754718,15.62,2.0,Semi-Annual,2025-10-30,0.03518018018018018,,,,
BOOT.L,BOOT,BOOT (HENRY) PLC,LSE,SETS,GBX,GB0001110096,195.0,-0.21518987341772156,200.43721290026247,210.61446410147508,216.5420434199058,-7.605958238763918,-7.691759822174473,28.33333333333333,7.86,2.0,Semi-Annual,2025-10-02,0.04030769230769231,,,,
BMS.L,BMS,BRAEMAR PLC,LSE,SETS,GBX,GB0000600931,212.0,-0.26909090909090905,215.76011338517492,220.44213183438606,232.28875655971464,-2.9114584456546595,-2.3947626542836233,42.98245614035088,5.0,2.0,Semi-Annual,2025-11-27,0.02358490566037736,,,,
BRK.L,BRK,BROOKS MACDONALD GROUP PLC,LSE,SETS,GBX,GB00B067N833,1675.0,-0.16223404255319152,1655.3974295372896,1651.2893989395081,1652.052177745594,13.755947855949671,8.586901692098543,56.86274509803922,81.000002,2.0,Semi-Annual,2025-09-18,0.048358210149253726,,,,
CABP.L,CABP,CAB PAYMENTS HOLDINGS PLC,LSE,SETS,GBX,GB00BMCYKB41,77.5,-0.32984289638449915,74.20887893605502,67.72338231832344,57.18640625186584,3.3402304048351965,3.5441282264490312,58.66142500946917,,,,,,,,,
CAPD.L,CAPD,CAPITAL LD,LSE,SETS,GBX,BMG022411000,131.5,-0.24936385311221554,129.24208726308862,123.41550422566803,105.5096818428877,3.0885527087184244,3.3040764871222,63.26530612244898,1.90561808,2.0,Semi-Annual,2025-08-28,0.014491392243346007,,,,
CPI.L,CPI,CAPITA PLC,LSE,SETS,GBX,GB00BPCT7534,360.5,-0.34659090909090906,379.59574210068405,375.291177017557,318.28798644689977,-6.222844977915827,-2.430762710635285,37.610619469026545,,,,,,,,,
CARD.L,CARD,CARD FACTORY PLC,LSE,SETS,GBX,GB00BLY2F708,71.5,-0.41048826539090677,69.86880780726555,74.55515747094928,87.22601952693249,-0.2645177526957383,-0.96586993545003,65.82276647319574,4.9000001,2.0,Semi-Annual,2025-11-06,0.06853146993006992,,,,
CCJI.L,CCJI,CC JAPAN INCOME & GROWTH TRUST PLC,LSE,SETS,GBX,GB00BYSRMH16,248.0,-0.16269841269841268,241.23333286647505,233.43975132131735,214.58617045337704,4.654297518188486,3.6855080568769307,59.42028985507247,5.9,2.0,Semi-Annual,2026-01-29,0.023790322580645163,,,,
CLIG.L,CLIG,CITY OF LONDON INVESTMENT GROUP PLC,LSE,SETS,GBX,GB00B104RS51,390.0,-0.1646778042959427,387.0308289050108,383.3856183161557,373.62221061971735,0.247389513881501,1.5351850898985544,43.055555555555564,33.0,2.0,Semi-Annual,2025-09-25,0.08461538461538462,,,,
COST.L,COST,COSTAIN GROUP PLC,LSE,SETS,GBX,GB00B64NSP76,187.0,-0.2623529322007123,178.83256093065995,168.29672934040647,147.97688651764662,6.998107804531344,6.279275574961051,74.63768676808968,3.0,2.0,Semi-Annual,2025-09-11,0.016042780748663103,,,,
CREI.L,CREI,CUSTODIAN PROPERTY INCOME REIT PLC,LSE,SETS,GBX,GB00BJFLFT45,89.0,-0.13717944805438698,86.50951011936522,84.58660345043984,81.0384179812441,1.1214422294702757,0.9014758794754377,76.13636856236991,6.0,4.0,Quarterly,2026-01-15,0.06741573033707865,,,,
DFS.L,DFS,DFS FURNITURE PLC,LSE,SETS,GBX,GB00BTC0LB89,190.5,-0.20512820512820518,192.16066913350502,182.2857008066764,164.8794276714416,3.916059342233126,5.304995035605107,39.655172413793096,,,,,,,,,
DGI9.L,DGI9,DIGITAL 9 INFRASTRUCTURE PLC,LSE,SETS,GBX,JE00BMDKH437,5.210000038146973,-0.48616602094182126,5.543782153841061,5.967073872389794,7.588404777706854,-0.13646343226358848,-0.11676922282311995,44.75137946886662,,,,,,,,,
DIVI.L,DIVI,DIVERSE INCOME TRUST (THE) PLC,LSE,SETS,GBX,GB00B65TLW28,116.0,-0.1101695059086184,113.34427892282375,109.94241456878139,104.21631410525639,2.0884625079743557,1.9817108081503696,75.0,4.550000000000001,4.0,Quarterly,2025-12-18,0.03922413793103449,,,,
EGL.L,EGL,ECOFIN GLBL UTIL & INF TST PLC,LSE,SETS,GBX,GB00BD3V4641,251.0,-0.0892857142857143,242.14553008298384,238.45230304233547,224.92917850743427,3.0355769606742626,1.9404744094305113,72.41379310344828,8.625,4.0,Quarterly,2026-01-29,0.03436254980079681,,,,
ECOR.L,ECOR,ECORA RESOURCES PLC,LSE,SETS,GBX,GB0006449366,143.0,-0.24242424242424243,138.52433290239586,126.40388441821887,96.29746900044796,4.410979271494597,5.585570779881776,41.81185548922741,1.25569993,2.0,Semi-Annual,2026-01-08,0.008781118391608392,,,,
ENQ.L,ENQ,ENQUEST PLC,LSE,SETS,GBX,GB00B635TG28,15.319999694824219,-0.40606059450091736,12.790328509815948,11.88163332402238,11.806088824884196,0.8463557164798523,0.5998867917342959,88.76405196705215,0.616,1.0,Annual,2025-05-01,0.04020887808555978,,,,
ECEL.L,ECEL,EUROCELL PLC,LSE,SETS,GBX,GB00BVV2KN49,129.0,-0.29216867469879515,128.28406824305577,127.77371043668042,134.28650582279937,0.6980529451818427,0.4403641081152767,54.90196078431373,6.15,2.0,Semi-Annual,2025-09-11,0.047674418604651166,,,,
EVOK.L,EVOK,EVOKE PLC,LSE,SETS,GBX,GI000A0F6407,29.700000762939453,-0.7161246626474163,26.29846052076679,27.34626408368998,42.05764006316192,0.8248549938424432,0.4902498466925879,60.000003246551394,,,,,,,,,
FDM.L,FDM,FDM GROUP (HOLDINGS) PLC,LSE,SETS,GBX,GB00BLWDVP51,158.0,-0.5629629629629629,152.93654348113827,144.8740545490594,159.42635719845057,5.682567054077907,5.851772347478344,69.633501579404,18.5,2.0,Semi-Annual,2025-10-23,0.11708860759493671,,,,
FVA.L,FVA,FEVARA PLC,LSE,SETS,GBX,GB00BRK01058,132.0,-0.2292993630573248,134.37454679792978,134.44864769057565,135.3988357443355,-0.5969001441733894,-0.1889259130841675,40.449438202247194,2.4,2.0,Semi-Annual,2026-01-22,0.01818181818181818,,,,
FAS.L,FAS,FIDELITY ASIAN VALUES PLC,LSE,SETS,GBX,GB0003322319,640.0,-0.10629921259842523,627.3628603611703,614.9614684545948,578.3131366352692,8.940624328910758,7.235008434977471,66.66666666666666,20.5,1.0,Annual,2025-11-13,0.03203125,,,,
FORT.L,FORT,FORTERRA PLC,LSE,SETS,GBX,GB00BYYW3C20,194.39999389648438,-0.18137254901960786,183.70882880488574,182.08324248981233,181.76702640475577,2.5745619479515085,0.9862052223745512,73.61964022931262,3.9,2.0,Semi-Annual,2025-09-18,0.02006172902493352,,,,
FOXT.L,FOXT,FOXTONS GROUP PLC,LSE,SETS,GBX,GB00BCKFY513,50.599998474121094,-0.25406200477958485,52.448832019899285,54.31982505418922,57.436096576096524,-1.3051222727164884,-1.278228807105522,48.57142234334801,1.1900000099999999,2.0,Semi-Annual,2025-08-07,0.023517787468088847,,,,
FRGT.L,FRGT,FRANKLIN GLOBAL TRUST PLC,LSE,SETS,GBX,GB0005372411,338.0,-0.21957671957671954,346.3212966423868,350.94413339228385,354.85894702529714,-3.0669097542840973,-2.8985064115198433,38.888888888888886,4.65,5.0,Irregular,2026-02-12,0.013757396449704144,,,,
FSTA.L,FSTA,"FULLER,SMITH & TURNER PLC",LSE,SETS,GBX,GB00B1YPC344,720.0,-0.1490683229813664,701.7178540307899,693.0422199671099,634.2346721784771,-1.2462067319117978,-3.2398149591255487,55.319148936170215,20.1999994,2.0,Semi-Annual,2025-12-11,0.028055554722222223,,,,
FCH.L,FCH,FUNDING CIRCLE HOLDINGS PLC,LSE,SETS,GBX,GB00BG0TPX62,153.1999969482422,-0.2532467532467533,152.7101335896727,142.6519869145716,129.48381495927643,4.196323212809716,6.6236331652875835,25.821592544542398,,,,,,,,,
GABI.L,GABI,GCP ASSET BACKED INCOME FUND LTD,LSE,SETS,GBX,JE00BPCSN748,66.4000015258789,-0.10571430751255584,67.81963112125253,67.97874465562211,67.34919162945555,-0.25457653006098724,-0.12183731466558712,37.681197879694565,7.906499999999999,5.0,Irregular,2026-02-12,0.11907379244439474,,,,
GMS.L,GMS,GULF MARINE SERVICES PLC,LSE,SETS,GBX,GB00BJVWTM27,23.399999618530273,-0.3241379398039017,22.4147781407759,20.400858341575177,18.54394429859684,1.0512626453495173,1.1171152143563252,60.283683721977184,,,,,,,,,
HEAD.L,HEAD,HEADLAM GROUP PLC,LSE,SETS,GBX,GB0004170089,42.70000076293945,-0.6450000127156575,43.89113934072843,46.75418262909176,64.46459612457814,-1.0688640028633998,-1.2004819447010013,43.42105131070013,,,,,,,,,
HLCL.L,HLCL,HELICAL PLC,LSE,SETS,GBX,GB00B0FYMT95,195.0,-0.2583333333333333,193.9427123356673,193.75191394555958,201.11884732536262,1.842033552600384,1.625809783442275,54.41175645609898,5.0,2.0,Semi-Annual,2025-12-04,0.02564102564102564,,,,
HFEL.L,HFEL,HENDERSON FAR EAST INCOME LD,LSE,SETS,GBX,JE00B1GXH751,251.5,-0.1685589786179722,249.4987881844203,246.25526394486775,237.1193025383676,1.5167138032748255,1.4126087477567268,47.61904761904762,24.95,4.0,Quarterly,2026-01-29,0.09920477137176938,,,,
HSW.L,HSW,HOSTELWORLD GROUP PLC,LSE,SETS,GBX,GB00BYYN4225,111.5,-0.24149659863945583,116.05731573903066,119.34790569454675,122.0709098501238,-2.1615312778940847,-1.953890272741083,18.181818181818173,0.71304744,1.0,Annual,2025-08-28,0.006395044304932735,,,,
IBT.L,IBT,INTERNATIONAL BIOTECHNOLOGY TST PLC,LSE,SETS,GBX,GB0004559349,892.0,-0.33333333333333337,925.9379668341036,928.4471276987629,817.617340898165,-16.85839358725002,-11.313388272049984,29.629629629629633,31.809999,2.0,Semi-Annual,2025-12-29,0.03566143385650224,,,,
BIPS.L,BIPS,INVESCO BOND INCOME PLUS LIMITED,LSE,SETS,GBX,JE00B6RMDP68,174.0,-0.05007153075822601,174.207869273729,174.3579326919532,173.6603284419455,-0.12358377671293397,-0.15260237539547636,54.54545454545455,12.25,4.0,Quarterly,2026-01-15,0.07040229885057471,,,,
JAGI.L,JAGI,JPMORGAN ASIA GROWTH & INCOME PLC,LSE,SETS,GBX,GB0001320778,507.0,-0.1564885496183206,492.62013126706574,474.0238786239132,433.3782939274789,10.555931356456483,9.944480458686442,71.68141592920354,26.7000004,4.0,Quarterly,2026-01-15,0.05266272268244576,,,,
JCGI.L,JCGI,JPMORGAN CHINA GROWTH & INCOME PLC,LSE,SETS,GBX,GB0003435012,291.5,-0.2693661971830986,292.6331791185292,291.54212065200096,276.57908091134976,-0.22075647720612324,-0.009065342108809028,46.93877551020408,12.24,4.0,Quarterly,2026-01-15,0.04198970840480275,,,,
JARA.L,JARA,JPMORGAN GLOBAL CORE REAL ASSETS LI,LSE,SETS,GBX,GG00BS9CXW59,80.5,-0.21052632957255402,80.21938933145651,78.96167285117303,77.763186281635,0.5346883311242578,0.6537447193448317,49.72067443899399,,,,,,,,,
JEMI.L,JEMI,JPMORGAN GLOBAL EMERG. MKTS. IT PLC,LSE,SETS,GBX,GB00B5ZZY915,191.0,-0.14748201438848918,184.92551429046762,177.85802783526964,161.52309349557126,3.885378907892459,3.6985771949058774,75.0,6.1000001,4.0,Quarterly,2025-12-11,0.03193717329842932,,,,
JUSC.L,JUSC,JPMORGAN US SMALLER CO. INV TST PLC,LSE,SETS,GBX,GB00BJL5F346,414.0,-0.3130081300813008,416.03591166657884,408.8260504820033,406.27547909182726,2.855339649507016,3.081604005205026,52.5,3.1,1.0,Annual,2025-06-12,0.00748792270531401,,,,
KMR.L,KMR,KENMARE RESOURCES PLC,LSE,SETS,GBX,IE00BDC5DG00,252.0,-0.47935779816513757,254.04843642096645,256.5937087302197,288.1486623182147,-0.5676677101289727,-0.11686947432869772,42.94871794871795,19.78911,2.0,Semi-Annual,2025-09-18,0.07852821428571428,,,,
LABS.L,LABS,LIFE SCIENCE REIT PLC,LSE,SETS,GBX,GB00BP5X4Q29,42.79999923706055,-0.27160488400572735,41.31279098782709,39.83879359052806,39.15991445627245,1.2905514973331549,1.1433790203080818,71.42856435121172,,,,,,,,,
LTI.L,LTI,LINDSELL TRAIN INVESTMENT TRUST PLC,LSE,SETS,GBP,GB00BNKDVV71,6.199999809265137,-0.3099547738303141,6.2907267330164345,6.478938584218859,7.23647016025163,-0.07620141207555609,-0.07601305542692044,46.75323428744116,0.42,1.0,Annual,2025-08-21,0.06774193756786277,,,,
LIO.L,LIO,LIONTRUST ASSET MANAGEMENT PLC,LSE,SETS,GBX,GB0007388407,258.5,-0.48783185840707965,242.78051349107685,254.62733146307028,309.4348144463301,-3.5568893018699725,-5.455734642186742,59.701492537313435,57.0,2.0,Semi-Annual,2025-11-27,0.2205029013539652,,,,
LSL.L,LSL,LSL PROPERTY SERVICES PLC,LSE,SETS,GBX,GB00B1G5HX72,260.0,-0.28220858895705525,262.1773971153864,260.4380204684175,268.11344667598485,0.444646046846799,1.5716403536565189,58.33333333333333,11.4,2.0,Semi-Annual,2025-10-02,0.04384615384615385,,,,
LUCE.L,LUCE,LUCECO PLC,LSE,SETS,GBX,GB00BZC0LP49,176.0,-0.24441522795097415,156.5696651214947,144.81880096138593,138.33292541522087,10.155165780971629,8.139985567451848,91.83673469387756,5.1,2.0,Semi-Annual,2025-09-18,0.028977272727272727,,,,
MACF.L,MACF,MACFARLANE GROUP PLC,LSE,SETS,GBX,GB0005518872,74.19999694824219,-0.4788381806053067,72.50943891472177,72.58380655869023,84.27618828091569,0.5921359894561533,0.3681111468128253,72.41379763935824,3.6600000400000003,2.0,Semi-Annual,2025-09-11,0.049326148120370054,,,,
MNL.L,MNL,MANCHESTER & LONDON INV TST PLC,LSE,SETS,GBX,GB0002258472,760.0,-0.3263157894736842,771.6469576686012,788.0729002081716,798.1401164067256,-7.694649579455927,-8.764469203416946,39.53488372093023,28.0,2.0,Semi-Annual,2025-10-02,0.03684210526315789,,,,
MARS.L,MARS,MARSTON'S PLC,LSE,SETS,GBX,GB00B1JQDM80,62.599998474121094,-0.2431818355213512,62.25665465062549,60.0346651056085,50.208520936265685,0.07216129342985056,0.15186218185733524,41.08106915492255,,,,,,,,,
MCB.L,MCB,MCBRIDE PLC,LSE,SETS,GBX,GB0005746358,158.60000610351562,-0.32704402515723274,153.14825839682007,144.7654375865274,136.57151016295165,3.8935572051281326,4.167184368665522,67.39132147431525,3.0,1.0,Annual,2025-10-30,0.0189155099908505,,,,
MER.L,MER,MEARS GROUP PLC,LSE,SETS,GBX,GB0005630420,352.5,-0.2538922155688623,356.4411118124647,356.6968881291579,359.84169772338015,-1.3283849979650881,-0.23342437214114423,47.368421052631575,16.8500004,2.0,Semi-Annual,2025-09-11,0.04780141957446808,,,,
MGCI.L,MGCI,M&G CREDIT INCOME INVESTMENT TRUST,LSE,SETS,GBX,GB00BFYYL325,93.5999984741211,-0.04498978924929409,94.23630451127629,94.52865946166746,95.11468302781495,-0.25082890238410016,-0.2070621190057041,34.78253658390956,7.6200001,4.0,Quarterly,2026-01-29,0.08141025880579271,,,,
MWY.L,MWY,MID WYND INTL INV TST PLC,LSE,SETS,GBX,GB00B6VTTK07,732.0,-0.19319562575941673,754.7940905306141,766.1640413892964,770.5450623882235,-11.90414113551924,-8.298447702486197,22.727272727272734,8.35,2.0,Semi-Annual,2025-10-09,0.011407103825136612,,,,
GLE.L,GLE,MJ GLEESON PLC,LSE,SETS,GBX,GB00BRKD9Z53,334.0,-0.4052044609665427,384.08792161590276,390.7495955529718,398.53792435863835,-11.620136017023128,-5.941372329505981,23.275862068965523,11.0,2.0,Semi-Annual,2025-10-23,0.03293413173652695,,,,
MTE.L,MTE,MONTANARO EUROPEAN SMALLER C.TSTPLC,LSE,SETS,GBX,GB00BM8H3X05,164.5,-0.13479623824451414,165.7944225856737,166.6206441879748,166.73714873184292,-0.8419140367622049,-0.5494671375982254,31.034482758620683,1.36000004,2.0,Semi-Annual,2025-12-04,0.00826747744680851,,,,
MTU.L,MTU,MONTANARO UK SMLR COS INV TST PLC,LSE,SETS,GBX,GB00BZ1H9L86,104.5,-0.175586825805091,104.47155723280312,103.09247509657273,101.58257481792832,0.5415730236564968,0.7403961963265312,41.66666666666667,6.6000002,4.0,Quarterly,2026-01-15,0.06315789665071771,,,,
MOTR.L,MOTR,MOTORPOINT GROUP PLC,LSE,SETS,GBX,GB00BD0SFR60,132.0,-0.29600000000000004,135.776151427647,138.50008796605454,146.30348044616164,-0.9974304962271106,-0.5621381815985191,40.38461538461538,2.0,2.0,Semi-Annual,2025-11-20,0.015151515151515152,,,,
NRR.L,NRR,NEWRIVER REIT PLC,LSE,SETS,GBX,GB00BD7XPJ64,73.9000015258789,-0.17288558783677155,72.26178866116676,71.30017774668346,71.55304780547556,0.837665122302937,0.6845627477062172,66.66666666666666,6.6,2.0,Semi-Annual,2025-12-11,0.08930987636974212,,,,
NESF.L,NESF,NEXTENERGY SOLAR FUND LIMITED,LSE,SETS,GBX,GG00BJ0JVY01,51.0,-0.37740694415919906,51.702866704490475,52.057962843839064,59.34234390451291,0.7352160462889046,0.5956755356637725,57.5875502552878,8.43,4.0,Quarterly,2026-02-12,0.1652941176470588,,,,
NXR.L,NXR,NORCROS PLC,LSE,SETS,GBX,GB00BYYJL418,360.0,-0.174468085106383,349.87303511416883,331.53887044952876,293.31168074628397,9.301624204946506,10.117824917578783,56.944444444444436,10.5999996,2.0,Semi-Annual,2025-11-27,0.029444443333333334,,,,
NAIT.L,NAIT,NORTH AMERICAN INCOME TST (THE) PLC,LSE,SETS,GBX,GB00BJ00Z303,395.5,-0.17521367521367526,388.80827890592246,379.0853978681174,358.210082436012,5.72726555381746,4.932384234222327,68.82352941176471,12.5000006,4.0,Quarterly,2025-12-29,0.03160556409608091,,,,
ORIT.L,ORIT,OCTOPUS RENEWABLES INFRASTRUCTURE T,LSE,SETS,GBX,GB00BJM02935,56.400001525878906,-0.2815405540297893,57.319559412468365,58.194541674022084,62.454063242372676,-0.2731038058587032,-0.43745611141298557,45.08198156563872,6.17,4.0,Quarterly,2026-02-12,0.109397160160872,,,,
PAC.L,PAC,PACIFIC ASSETS TRUST PLC,LSE,SETS,GBX,GB0006674385,385.0,-0.14204545454545459,379.32373735519604,373.39915713717585,361.76078977128464,4.434812476278694,3.488845208842097,74.19354838709677,4.9,1.0,Annual,2025-06-12,0.012727272727272728,,,,
PCA.L,PCA,PALACE CAPITAL PLC,LSE,SETS,GBX,GB00BF5SGF06,215.0,-0.174468085106383,212.66584805577293,210.80496146636,214.51938081892027,1.6191622052305092,1.5288849576291983,59.375,15.0000008,4.0,Quarterly,2025-12-18,0.06976744558139535,,,,
PBEE.L,PBEE,PENSIONBEE GROUP PLC,LSE,SETS,GBX,GB00BNDRLN84,153.0,-0.2100591715976331,159.3646099854483,160.64457107902751,159.67022594271617,-2.2326248007927063,-1.141267768313494,31.25,,,,,,,,,
PHAR.L,PHAR,PHAROS ENERGY PLC,LSE,SETS,GBX,GB00B572ZV91,23.399999618530273,-0.28400001525878904,21.9020953820175,21.243134104216903,21.249431754134392,0.584694263949828,0.4015127310188617,62.8099126654901,1.2462999799999999,2.0,Semi-Annual,2025-12-18,0.05326068377424523,,,,
PSDL.L,PSDL,PHOENIX SPREE DEUTSCHLAND LIMITED,LSE,SETS,GBX,JE00B248KJ21,172.0,-0.09970674486803521,171.253602168691,169.8223182194829,166.5587814142197,0.3393022797592664,0.44320123973559616,55.55555555555556,,,,,,,,,
PCTN.L,PCTN,PICTON PROPERTY INCOME LD,LSE,SETS,GBX,GB00B0LCW208,89.0999984741211,-0.12942610838379154,83.58342981549157,80.47391593197638,76.72358131516914,2.123767812885575,1.763651397754432,75.20660844366006,3.8,4.0,Quarterly,2026-02-05,0.04264871004575496,,,,
PCFT.L,PCFT,POLAR CAPITAL GLOBAL FIN. TST PLC,LSE,SETS,GBX,GB00B9XQT119,228.0,-0.14807693774883568,233.51151548667232,230.01422215862692,217.9706223726999,0.26654512170958355,1.1066664732005802,46.57534246575342,6.75,2.0,Semi-Annual,2026-02-05,0.029605263157894735,,,,
PRV.L,PRV,PORVAIR PLC,LSE,SETS,GBX,GB0006963689,830.0,-0.18309859154929575,856.7747449461466,841.1443992910343,785.973476881473,-0.6003938256961874,4.4404425089591,32.83582089552239,6.4,2.0,Semi-Annual,2025-07-17,0.007710843373493976,,,,
PRTC.L,PRTC,PURETECH HEALTH PLC,LSE,SETS,GBX,GB00BY2Z0H74,128.8000030517578,-0.29931972789115646,130.3208201923522,129.50025096026076,130.60000136780914,-0.509290238938263,0.262693746654035,31.666671964853947,,,,,,,,,
RCH.L,RCH,REACH PLC,LSE,SETS,GBX,GB0009039941,71.5,-0.3938356232984642,64.770670318387,61.051068134644865,64.99504056570858,3.466664356901596,2.762505504392614,69.67508975554267,7.3399999000000005,2.0,Semi-Annual,2025-08-14,0.10265734125874126,,,,
RECI.L,RECI,REAL ESTATE CREDIT INV. LD,LSE,SETS,GBX,GB00B0HW5366,126.5,-0.08015267175572516,124.61129363820845,123.94383239882833,124.37543770128026,0.6786368843429216,0.4981901579737223,68.18181818181819,12.0,4.0,Quarterly,2025-12-04,0.09486166007905138,,,,
REC.L,REC,RECORD PLC,LSE,SETS,GBX,GB00B28ZPS36,57.0,-0.21130948799267213,56.01626482916416,55.641576454645566,56.47790507389027,0.5028309650712259,0.4774304655611392,53.333324856228295,4.65,2.0,Semi-Annual,2025-11-20,0.08157894736842106,,,,
RGL.L,RGL,REGIONAL REIT LD,LSE,SETS,GBX,GG00BSY2LD72,107.0,-0.21630093106716397,105.61213661224876,105.46421791114113,111.1549261715865,1.047782424528748,0.5016382689933765,72.85716076287447,9.7,4.0,Quarterly,2025-11-20,0.09065420560747663,,,,
RESI.L,RESI,RESIDENTIAL SECURE INCOME PLC,LSE,SETS,GBX,GB00BYSX1508,54.400001525878906,-0.14333330790201826,56.14830232055393,56.79216711223311,57.54316167182342,-0.5242412906630207,-0.44997966944860346,44.64287660557709,4.12,4.0,Quarterly,2026-02-05,0.07573529199332933,,,,
RSE.L,RSE,RIVERSTONE ENERGY LIMITED,LSE,SETS,GBX,GG00BSNRFW06,710.0,-0.2857142857142857,712.3401691395076,722.5335762876265,769.1477510131847,-0.016483564573377407,-1.8420392016668066,49.264705882352935,,,,,,,,,
RM.L,RM.,RM PLC,LSE,SETS,GBX,GB00BJT0FF39,103.0,-0.2807017543859649,104.51019631262481,107.2662539049487,105.90434819973632,-2.7556864181463254,-2.450354200598267,28.125,,,,,,,,,
RWA.L,RWA,ROBERT WALTERS PLC,LSE,SETS,GBX,GB0008475088,124.0,-0.6,126.48759518055427,130.76060494412425,159.08756395067323,-2.4284468958715166,-2.654997246188834,42.10526315789474,17.0,1.0,Annual,2025-04-24,0.13709677419354838,,,,
SBRE.L,SBRE,SABRE INSURANCE GROUP PLC,LSE,SETS,GBX,GB00BYWVDP49,130.39999389648438,-0.18431370554406656,130.29649316034457,130.3357715933854,133.1773144169199,0.02719526578653131,0.10986132651826307,57.77774386935764,14.700000000000001,2.0,Semi-Annual,2025-08-21,0.11273006662614819,,,,
SAGA.L,SAGA,SAGA PLC,LSE,SETS,GBX,GB00BMX64W89,552.0,-0.14930555555555558,509.24152621945615,433.18925497058103,293.77936382205326,43.748514042959414,43.5221303778541,79.28286852589642,,,,,,,,,
SERE.L,SERE,SCHRODER EUROPEAN REIT PLC,LSE,SETS,GBX,GB00BY7R8K77,63.400001525878906,-0.14164306255141867,63.61346868838914,63.35869520032568,64.50774263566618,0.20549733613451338,0.2200866626576789,48.75001668933237,5.1244,4.0,Quarterly,2026-01-08,0.08082649647742197,,,,
SREI.L,SREI,SCHRODER REAL ESTATE INV. TST. LD,LSE,SETS,GBX,GB00B01HM147,55.79999923706055,-0.1807116338976561,55.874648001332496,55.15581250940425,53.02103253661282,0.15909105424724856,0.2775059026495431,46.15384615384615,3.58799984,4.0,Quarterly,2025-12-04,0.06430107328060619,,,,
INOV.L,INOV,SCHRODERS CAPITAL GLOBAL INNOVATION,LSE,SETS,GBX,GB00BVG1CF25,14.5,-0.18152862817956994,14.832477336278822,14.897029286212506,13.944967647178268,-0.16941969601554696,-0.10781212829742018,31.250014901139878,,,,,,,,,
STB.L,STB,SECURE TRUST BANK PLC,LSE,SETS,GBX,GB00B6TKHP66,1505.0,-0.29508196721311475,1444.9528003454795,1313.5400294231538,1040.8711862312025,61.85642580112017,69.28298423536796,64.58333333333333,34.3,2.0,Semi-Annual,2025-08-28,0.022790697674418603,,,,
SSIT.L,SSIT,SERAPHIM SPACE INVESTMENT TRUST PLC,LSE,SETS,GBX,GB00BKPG0138,141.5,-0.2511210163996065,132.55803894408027,120.6655665831423,91.95660017913903,4.335001717625488,3.8484143092112015,58.51851851851852,,,,,,,,,
SFR.L,SFR,SEVERFIELD PLC,LSE,SETS,GBX,GB00B27YGJ97,30.0,-0.6350574912139557,29.027946432268635,28.921711595509276,31.496598182549782,0.2875559080311234,0.13512282162860678,56.25000496705452,,,,,,,,,
SHI.L,SHI,SIG PLC,LSE,SETS,GBX,GB0008025412,10.0,-0.5277777777777778,9.724590734855894,9.690338587337223,10.784456830587963,-0.005652641691622051,-0.006015596784655912,55.555549668677685,,,,,,,,,
SNWS.L,SNWS,SMITHS NEWS PLC,LSE,SETS,GBX,GB00B17WCR61,71.19999694824219,-0.2263843840463151,69.43800795315322,68.9528054278523,64.10782772756143,0.3329299001507309,-0.1641712517373761,77.35847291168687,8.55,2.0,Semi-Annual,2026-01-08,0.12008427480994557,,,,
SOHO.L,SOHO,SOCIAL HOUSING REIT PLC,LSE,SETS,GBX,GB00BF0P7H59,77.30000305175781,-0.11564625850340138,75.11338607194178,72.18098931200065,68.59798292724082,1.8607987933675076,1.9052735939277623,63.95349971922049,5.5814997,4.0,Quarterly,2025-12-04,0.07220568537704704,,,,
SDY.L,SDY,SPEEDY HIRE PLC,LSE,SETS,GBX,GB0000163088,26.0,-0.29612400735071465,25.608453569126425,25.64668056519757,25.32097940020554,0.14363281717153242,0.08698328061733296,56.7567553635148,2.1,2.0,Semi-Annual,2025-12-11,0.08076923076923077,,,,
STEM.L,STEM,STHREE PLC,LSE,SETS,GBX,GB00B0KM9T71,177.8000030517578,-0.5057554176385455,183.75775221092755,180.87570932047538,194.2204804681203,-0.4733808976417606,1.148486317122791,43.621405120357565,14.299999999999999,2.0,Semi-Annual,2025-11-13,0.0804274451887228,,,,
STVG.L,STVG,STV GROUP PLC,LSE,SETS,GBX,GB00B3CX3644,115.0,-0.4824120603015075,114.33620721800557,113.03352902822824,130.51491148814335,1.1214842453548073,1.0619262900623578,54.716981132075475,7.4,1.0,Annual,2025-04-17,0.06434782608695652,,,,
SUS.L,SUS,S & U PLC,LSE,SETS,GBX,GB0007655037,2340.0,-0.18153846153846154,2334.856459181387,2199.338872547523,1908.3329860733077,50.883401111370404,64.67324206713613,48.48484848484849,75.0,2.0,Semi-Annual,2025-10-30,0.03205128205128205,,,,
GYM.L,GYM,THE GYM GROUP PLC,LSE,SETS,GBX,GB00BZBX0P70,183.8000030517578,-0.14556962025316456,172.58313252152183,162.22774611806597,149.39945641713422,6.265557707325712,5.73102436820473,77.24137023853685,,,,,,,,,
TPT.L,TPT,TOPPS TILES PLC,LSE,SETS,GBX,GB00B18P5K83,43.29999923706055,-0.19999999999999996,42.9852422308032,42.50983408969134,39.23825789650677,-0.02940725940207045,-0.08086330532224417,56.249998344315166,2.9000000000000004,2.0,Semi-Annual,2025-12-18,0.0669745970230384,,,,
TET.L,TET,TREATT PLC,LSE,SETS,GBX,GB00BKS7YK08,211.0,-0.580180193926837,209.46921348012128,213.50470206733976,248.91903889282452,-0.7997997492550155,-1.3505087626586816,52.08333333333334,2.6000001,1.0,Annual,2025-07-03,0.012322275355450236,,,,
TTG.L,TTG,TT ELECTRONICS PLC,LSE,SETS,GBX,GB0008711763,130.0,-0.30909089918260446,121.74759226232695,119.3165338510094,110.14053486575214,4.223495273986558,2.399188238844404,88.721781652004,,,,,,,,,
TLW.L,TLW,TULLOW OIL PLC,LSE,SETS,GBX,GB0001500809,8.579999923706055,-0.8177570016407655,7.796015837890783,7.501170252573051,10.200577524147283,0.448262478731019,0.3522158234748385,59.634314938064165,,,,,,,,,
SMIF.L,SMIF,TWENTYFOUR SELECT MONTHLY INCOME FD,LSE,SETS,GBX,GG00BJVDZ946,88.0,-0.07272729006680578,87.70317685190378,87.49750882554504,87.19214239383693,0.15168484977618846,0.09787173375337291,56.5217247081341,7.3021,12.0,Monthly,2026-01-22,0.08297840909090909,,,,
ULTP.L,ULTP,ULTIMATE PRODUCTS PLC,LSE,SETS,GBX,GB00BYX7MG58,53.400001525878906,-0.42064371091046626,54.58100756526398,56.11457574329159,62.53048153352328,-0.6793347748261525,-0.461821389796135,41.97531183978645,3.7,2.0,Semi-Annual,2026-01-02,0.0692883875332268,,,,
VANQ.L,VANQ,VANQUIS BANKING GROUP PLC,LSE,SETS,GBX,GB00B1Z4ST84,124.80000305175781,-0.19685039370078738,119.80191246381308,117.71643315333904,105.66296612620718,1.5212252098437347,0.9557112335791937,67.92453237596483,,,,,,,,,
VID.L,VID,VIDENDUM PLC,LSE,SETS,GBX,GB0009296665,12.800000190734863,-0.912,13.284807457122449,19.011472515359635,45.088846347777604,-1.0861154170924863,-1.6857256986074378,46.808511213927595,,,,,,,,,
VP.L,VP.,VP PLC,LSE,SETS,GBX,GB0009286963,480.0,-0.2615384615384615,530.4156185092552,539.5745129835278,562.56283516269,-9.45067084191703,-1.428705457750814,29.591836734693885,39.5,2.0,Semi-Annual,2025-12-04,0.08229166666666667,,,,
XAR.L,XAR,XAAR PLC,LSE,SETS,GBX,GB0001570810,116.5,-0.32413793103448274,109.33277709856301,110.37529178778661,110.78883628112878,0.88214090301787,0.07739341047665838,57.62711864406779,,,,,,,,,
XPP.L,XPP,XP POWER LD,LSE,SETS,GBX,SG9999003735,1424.0,-0.47461928934010156,1253.0212345623027,1107.635135728233,993.3703463321735,109.42427246409147,100.00078088286641,80.31914893617022,,,,,,,,,
ZTF.L,ZTF,ZOTEFOAMS PLC,LSE,SETS,GBX,GB0009896605,440.0,-0.2598684210526315,422.25947245310476,411.414340105865,378.13166470068046,10.087235746893953,7.525322966870425,85.5072463768116,7.6,2.0,Semi-Annual,2025-09-04,0.017272727272727273,,,,
AEI.L,AEI,ABERDEEN EQUITY INCOME TRUST PLC,LSE,SETS,GBX,GB0006039597,425.0,-0.14391691394658757,422.24042089152454,410.92403885838655,381.42174545096157,5.139619545620974,5.991311115369673,60.0,23.0,4.0,Quarterly,2025-12-11,0.05411764705882353,,,,
ANII.L,ANII,ABERDEEN NEW INDIA INV TRUST PLC,LSE,SETS,GBX,GB0006048770,736.0,-0.15384615384615385,744.7904491827204,757.3525813916079,773.3114677119062,-2.1503866746633093,-5.585933743079379,64.58333333333334,,,,,,,,,
AGVI.L,AGVI,ABERFORTH GEARED VALUE & INCOME TRU,LSE,SETS,GBX,GB00BPJMQ253,88.5,-0.1709844231871145,85.89087996998185,84.24652568484986,81.9626559926921,1.1571308888810705,1.0897472901512355,53.793103448275865,5.91,2.0,Semi-Annual,2026-02-05,0.06677966101694915,,,,
ARR.L,ARR,AURORA UK ALPHA PLC,LSE,SETS,GBX,GB0000633262,266.0,-0.1182572614107884,271.9443843026645,270.3589872310392,258.77329290497937,-1.1939202073070305,-0.02655037172590652,32.758620689655174,,,,,,,,,
BGUK.L,BGUK,BAILLIE GIFFORD UK GROWTH TRUST PLC,LSE,SETS,GBX,GB0007913485,198.0,-0.1892583120204604,203.44416171088733,204.44900436102753,201.11758246070653,-2.0188879406724425,-1.0013778463088454,23.80952380952381,5.7,1.0,Annual,2025-08-14,0.02878787878787879,,,,
BRAI.L,BRAI,BLACKROCK AMERICAN INCOME TRUST PLC,LSE,SETS,GBX,GB00B7W0XJ61,236.0,-0.15330188679245282,237.00803253042534,231.8137451562497,217.72212901006273,1.8646226032250866,2.3410837030350695,44.18604651162791,15.250000199999999,5.0,Irregular,2026-02-12,0.06461864491525424,,,,
BASC.L,BASC,BROWN ADVISORY US SMALLER CO'S PLC,LSE,SETS,GBX,GB0003463402,1400.0,-0.2310344827586207,1395.4150773427493,1382.5931626305912,1348.343484048367,2.586380025809831,2.9015119290228135,50.0,,,,,,,,,
CYN.L,CYN,CQS NATURAL RES GROWTH & INCOME PLC,LSE,SETS,GBX,GB0000353929,402.0,-0.18380062305295952,392.71095716413384,368.81737131641864,295.33318382387347,6.602181650947898,8.260351294221092,41.269841269841265,18.53,4.0,Quarterly,2026-02-05,0.04609452736318408,,,,
NCYF.L,NCYF,CQS NEW CITY HIGH YIELD FUND LD,LSE,SETS,GBX,JE00B1LZS514,51.20000076293945,-0.056390976634907886,51.170629251080264,51.22707140159977,51.27195480081713,-0.04573404930569325,-0.08229401654839322,56.25,4.51,4.0,Quarterly,2026-01-22,0.08808593618741727,,,,
CTPE.L,CTPE,CT PRIVATE EQUITY TRUST PLC,LSE,SETS,GBX,GB0030738271,524.0,-0.19199999999999995,548.800648135413,541.3014416037747,506.8749807180279,-5.602345918714036,0.08690040715397851,29.16666666666667,28.04,4.0,Quarterly,2026-01-02,0.053511450381679385,,,,
CTUK.L,CTUK,CT UK CAP AND INC INV TRUST PLC,LSE,SETS,GBX,GB0003463287,364.0,-0.14328358208955227,355.72722876516696,348.94137134750486,339.4534048558594,4.650188592633583,3.763724822658612,73.33333333333333,12.9999996,4.0,Quarterly,2025-12-11,0.03571428461538462,,,,
CHI.L,CHI,CT UK HIGH INCOME TRUST PLC,LSE,SETS,GBX,GB00B1N4G299,117.0,-0.09909909909909909,116.53086648864839,114.17330124904979,108.2684613484566,1.1704315224562407,0.9980246482815506,55.81395348837209,5.8500000000000005,4.0,Quarterly,2026-01-08,0.05,,,,
CVCG.L,CVCG,CVC INCOME & GROWTH LIMITED,LSE,SETS,GBX,JE00B9MRHZ51,115.5,-0.06504065040650409,117.37700311093845,117.89671872705114,118.52417860330041,-0.7713702639519511,-0.3314935402867021,27.77777777777777,9.7,4.0,Quarterly,2026-02-05,0.08398268398268398,,,,
DIG.L,DIG,DUNEDIN INCOME GROWTH INV TST PLC,LSE,SETS,GBX,GB0003406096,299.0,-0.09342560553633217,303.68935997039557,303.6828795642342,298.13258269063493,-1.9442401582466005,-0.6274212628890585,25.000000000000014,16.3,4.0,Quarterly,2026-02-05,0.054515050167224084,,,,
ELIX.L,ELIX,ELIXIRR INTERNATIONAL PLC,LSE,SETS,GBX,GB00BLPHTX84,692.0,-0.3405963302752294,760.4951064169552,790.5814072673296,786.1335499907109,-30.79243061029365,-21.786567320392386,30.17241379310346,19.1,2.0,Semi-Annual,2026-01-29,0.027601156069364165,,,,
GOT.L,GOT,GLOBAL OPPORTUNITIES TRUST PLC,LSE,SETS,GBX,GB0033862573,342.0,-0.06000000000000005,342.7994929639575,339.63307315287125,326.13741575235724,1.1940423038410586,1.4386059927092247,50.76923076923077,10.0,1.0,Annual,2025-05-01,0.029239766081871343,,,,
HHI.L,HHI,HENDERSON HIGH INCOME TRUST PLC,LSE,SETS,GBX,GB0009580571,201.0,-0.11566617862371886,197.85592947833604,193.40894287033169,184.5374458524582,2.697033804702386,2.41608784458715,63.291139240506325,10.899999999999999,4.0,Quarterly,2025-12-11,0.05422885572139303,,,,
IGC.L,IGC,INDIA CAPITAL GROWTH FUND LD,LSE,SETS,GBX,GB00B0P8RJ60,158.0,-0.1836461126005362,160.65703796365005,164.66886077920176,169.05191926361283,-1.3282028611214969,-2.0858784654464437,61.61616161616161,,,,,,,,,
IGET.L,IGET,INVESCO GLBL EQUITY INC TRUST PLC,LSE,SETS,GBX,GB00B1DQ6472,378.0,-0.17514124293785316,371.6595177395611,370.4318255742726,362.7908915188639,1.626737436026815,0.1722232839665082,67.3913043478261,13.2550006,4.0,Quarterly,2026-01-15,0.03506613915343915,,,,
JCH.L,JCH,JPMORGAN CLAVERHOUSE IT PLC,LSE,SETS,GBX,GB0003422184,882.0,-0.12234042553191493,880.2788978474894,868.6539668488452,824.3656912642219,3.4023822097408356,4.267242879811871,54.285714285714285,36.2,4.0,Quarterly,2026-01-29,0.04104308390022676,,,,
JEMA.L,JEMA,JPMORGAN EMERGING EMEA SECS PLC,LSE,SETS,GBX,GB0032164732,240.0,-0.34883720930232553,247.71899930935004,244.13622429015118,240.92776236267065,1.4228629056433135,1.9763023040063774,44.89795918367347,0.6,1.0,Annual,2026-02-12,0.0025,,,,
JUGI.L,JUGI,JPMORGAN UK SMALL CAP GROWTH & INC,LSE,SETS,GBX,GB00BF7L8P11,353.0,-0.1785714285714286,344.7651050625898,334.65059518037907,322.82693352504793,6.455933515740412,6.195265319497697,65.27777777777777,14.779999799999999,4.0,Quarterly,2025-11-20,0.041869687818696884,,,,
LWI.L,LWI,LOWLAND INV CO PLC,LSE,SETS,GBX,GB00BNXGHS27,177.0,-0.14232209737827717,172.68827206552922,166.02230733963228,153.02086457710067,3.8921807718807315,3.80061921342321,81.81818181818181,6.625,4.0,Quarterly,2025-12-29,0.03742937853107345,,,,
MAJE.L,MAJE,MAJEDIE INV PLC,LSE,SETS,GBX,GB0005555221,272.0,-0.1785714285714286,275.8210194066838,270.90653461720296,260.1396598456117,0.9585466193415186,1.7201385746023123,44.73684210526315,8.6,4.0,Quarterly,2026-02-12,0.03161764705882353,,,,
MIGO.L,MIGO,MIGO OPPORTUNITIES TRUST PLC,LSE,SETS,GBX,GB0034365949,390.0,-0.10729613733905574,393.36268711489436,390.1415478648308,374.7536756114308,-0.7667582234020074,0.31420637657993233,34.920634920634924,,,,,,,,,
NAVF.L,NAVF,NIPPON ACTIVE VALUE FUND PLC,LSE,SETS,GBX,GB00BKLGLS10,235.0,-0.11488250652741516,225.37130420313594,218.50349055030395,209.34700729727987,5.153882979979699,4.025856536622911,65.78947368421052,3.25,1.0,Annual,2025-04-17,0.013829787234042552,,,,
OIG.L,OIG,ORYX INTERNATIONAL GROWTH FUND LD,LSE,SETS,GBX,GG00B3BTVQ94,1380.0,-0.13464991023339323,1326.282371680587,1288.6208245600794,1253.1274168937655,39.378115153140016,28.994244807878943,71.2962962962963,,,,,,,,,
RIII.L,RIII,RIGHTS & ISSUES INV TST PLC,LSE,SETS,GBX,GB0007392078,2180.0,-0.21226415094339623,2108.218242185585,2075.93890466162,2076.7189899947043,33.909189294534826,23.56750793196378,64.13043478260869,44.25,2.0,Semi-Annual,2025-08-28,0.02029816513761468,,,,
RMII.L,RMII,RM INFRASTRUCTURE INCOME PLC,LSE,SETS,GBX,GB00BYMTBG55,62.0,-0.20394736842105265,62.87478124282776,63.320748805485955,65.52063858222627,-0.3406905457278313,-0.32093640173883503,43.33333333333333,1.25,2.0,Semi-Annual,2025-09-11,0.020161290322580645,,,,
RKW.L,RKW,ROCKWOOD STRATEGIC PLC,LSE,SETS,GBX,GB00BRRD5L66,302.0,-0.14766355140186915,299.1187896782668,293.59222808830015,283.5109615321826,3.2338838501532905,3.3845392297716703,61.666666666666664,,,,,,,,,
SCF.L,SCF,SCHRODER INCOME GROWTH FUND PLC,LSE,SETS,GBX,GB0007915860,359.0,-0.14429530201342278,355.6635437950482,349.1832075785563,328.18707216176256,2.666471643961529,2.7822967173668007,65.625,14.7,4.0,Quarterly,2025-12-29,0.04094707520891365,,,,
SJG.L,SJG,SCHRODER JAPAN TRUST PLC,LSE,SETS,GBX,GB0008022849,360.0,-0.1992337164750958,339.14050509478506,325.13454696526134,294.72924422680575,9.921678389487965,6.691487783951346,79.3103448275862,11.5399999,4.0,Quarterly,2026-01-02,0.03205555527777778,,,,
SCP.L,SCP,SCHRODER UK MID CAP FD PLC,LSE,SETS,GBX,GB0006108418,742.0,-0.1719745222929936,736.4007370921631,723.6270346882861,689.0547844109248,4.6103938973644745,5.726512550707596,42.857142857142854,22.400000000000002,2.0,Semi-Annual,2026-01-29,0.030188679245283023,,,,
SST.L,SST,SCOTTISH ORIENTAL SMLR CO TST PLC,LSE,SETS,GBX,GB00BRBL6574,278.0,-0.1428571428571429,273.4131781441666,275.00425912320975,282.8726779386397,0.8175927586925127,-0.29912497971511964,69.69696969696969,3.4,1.0,Annual,2026-01-08,0.01223021582733813,,,,
SWEF.L,SWEF,STARWOOD EUROPEAN REAL EST FIN LD,LSE,SETS,GBX,GG00BW5S7K10,89.0,-0.08791208791208793,90.23562557740331,89.5185937352197,88.42408742716778,0.34815584540676525,0.5367342769146528,50.0,5.5,4.0,Quarterly,2026-02-05,0.06179775280898876,,,,
SEC.L,SEC,STRATEGIC EQUITY CAPITAL PLC,LSE,SETS,GBX,GB00B0BDCB21,396.0,-0.11974110032362462,393.0522331194217,385.3522557877288,366.45909635494564,5.266050894423358,5.251106255462433,58.86524822695035,4.25,1.0,Annual,2025-10-23,0.010732323232323232,,,,
STS.L,STS,STS GLOBAL INCOME & GROWTH TST PLC,LSE,SETS,GBX,GB00B09G3N23,235.0,-0.11468812877263579,236.33289770450895,237.70006263296074,240.51927911251556,-0.5865716818571798,-0.8180302165958248,45.23809523809524,9.3960002,4.0,Quarterly,2025-12-18,0.039982979574468086,,,,
TMIP.L,TMIP,TAYLOR MARITIME LIMITED,LSE,SETS,GBX,GG00BP2NJT37,61.0,-0.308641975308642,61.412129302446196,62.278233201834254,64.11900537388209,-0.4382701678006171,-0.6785919458253694,46.5517214919853,75.1544749,5.0,Irregular,2026-02-02,1.2320405721311476,,,,
TRI.L,TRI,TRIFAST PLC,LSE,SETS,GBX,GB0008883927,77.0,-0.2406692108456413,77.25822559514718,75.79382419968297,75.05330384799771,1.1347816409961382,1.269584545224248,45.09803774905867,1.7999999999999998,2.0,Semi-Annual,2025-09-11,0.023376623376623374,,,,
VIP.L,VIP,VALUE AND INDEXED PROP INC TRUST,LSE,SETS,GBX,GB0008484718,197.0,-0.13953488372093026,201.73112669861905,201.07421009143917,198.77008336475265,-0.18958135102775486,0.30433325329115124,41.9753086419753,14.2,4.0,Quarterly,2025-12-29,0.07208121827411167,,,,
ENRG.L,ENRG,VH GLOBAL ENERGY INFRASTRUCTURE PLC,LSE,SETS,GBX,GB00BNKVP754,71.4000015258789,-0.21409217342005893,69.68544659699056,67.7478245396383,65.78270025154477,1.3461815178307859,1.249115379931237,72.22228697798175,5.7999996,4.0,Quarterly,2025-12-04,0.08123248565895047,,,,
VNH.L,VNH,VIETNAM HOLDING LD,LSE,SETS,GBX,GG00BJQZ9H10,392.0,-0.33838383838383834,384.60589865560223,385.4346817688212,383.1469582402596,0.4056949965126364,-0.5658559019910008,61.36363636363637,,,,,,,,,
AJOT.L,AJOT,AVI JAPAN OPPORTUNITY TRUST PLC,LSE,SETS,GBX,GB00BD6H5D36,183.5,-0.14970059880239517,178.96288907557127,175.33707524631694,171.2991090759127,2.840396853340991,2.0178995417140984,59.57446808510638,3.4000000000000004,2.0,Semi-Annual,2025-10-09,0.018528610354223436,,,,
GSF.L,GSF,GORE STREET ENERGY STORAGE FUND PLC,LSE,SETS,GBX,GB00BG0P0V73,54.29999923706055,-0.26656851078154775,54.671476366626386,55.72912014528976,57.06854246096908,-0.09952160498841067,-0.21867148889817414,53.12498323618767,4.1899999999999995,4.0,Quarterly,2025-12-29,0.07716390531991504,,,,
MMIT.L,MMIT,MOBIUS INVESTMENT TRUST PLC,LSE,SETS,GBX,GB00BFZ7R980,142.0,-0.22758620689655173,142.2421065668113,141.24901815493098,140.29520656418163,0.948826628982772,0.8890180691281033,58.82352941176471,1.7,1.0,Annual,2025-05-01,0.011971830985915493,,,,
OIT.L,OIT,ODYSSEAN INVESTMENT TRUST PLC,LSE,SETS,GBX,GB00BFFK7H57,178.5,-0.24025974025974028,177.84130020585835,173.38542225267784,163.0674249884757,2.425894527164928,2.7137001137721812,60.0,,,,,,,,,
SHRS.L,SHRS,SHIRES INCOME PLC,LSE,SETS,GBX,GB0008052507,327.0,-0.1328125,321.44010120451003,311.963789078055,288.5221142182752,4.931526472727853,4.609911387979822,60.215053763440864,15.250000100000001,4.0,Quarterly,2026-01-02,0.04663608593272171,,,,
3IN.L,3IN,3I INFRASTRUCTURE PLC,LSE,SETS,GBX,JE00BF5FX167,344.0,-0.11428571428571432,355.5833036316941,362.9185142246956,354.0364688909932,-8.719544981211868,-6.741676770228787,24.34782608695653,13.05,2.0,Semi-Annual,2025-11-20,0.03793604651162791,,,,
ABDN.L,ABDN,ABERDEEN GROUP PLC,LSE,SETS,GBX,GB00BF8Q6K64,210.60000610351562,-0.2971591082486239,214.79673478750328,211.09194424751166,196.10437445301977,0.28370430126932433,1.8435750362758778,38.46155235211158,14.5999994,2.0,Semi-Annual,2025-08-14,0.06932573113423227,,,,
ASL.L,ASL,ABERFORTH SMALLER COMPANIES TST PLC,LSE,SETS,GBX,GB0000066554,1660.0,-0.13798008534850636,1655.8582279164216,1617.225525253807,1538.6810180262391,15.431268740209816,21.349624917852495,48.00000000000001,58.800001,2.0,Semi-Annual,2026-02-05,0.035421687349397595,,,,
ASHM.L,ASHM,ASHMORE GROUP PLC,LSE,SETS,GBX,GB00B132NW22,248.0,-0.2367296941259711,240.2073317990807,213.94124939923975,183.1700211486428,15.439512964475824,16.46265489220969,59.29825594624621,16.9,2.0,Semi-Annual,2025-11-06,0.06814516129032258,,,,
AGT.L,AGT,AVI GLOBAL TRUST PLC,LSE,SETS,GBX,GB00BLH3CY60,265.0,-0.1887550200803213,261.8919478478857,259.57968689828067,253.89976421471175,1.3113665392444318,1.1478597876998071,52.17391304347826,4.5,2.0,Semi-Annual,2025-11-27,0.016981132075471698,,,,
BGFD.L,BGFD,BAILLIE GIFFORD JAPAN TRUST PLC,LSE,SETS,GBX,GB0000485838,942.0,-0.16835443037974684,920.9435537377541,912.4704610922719,875.3217497067694,8.137905238901226,3.3565999247450566,63.24786324786325,10.0,1.0,Annual,2025-11-13,0.010615711252653927,,,,
BBY.L,BBY,BALFOUR BEATTY PLC,LSE,SETS,GBX,GB0000961622,766.5,-0.16865419756739297,735.9764544259415,717.0154003798143,632.96202955212,11.538970512644482,7.620593847409822,74.12935323383084,12.899999999999999,2.0,Semi-Annual,2025-10-30,0.016829745596868884,,,,
BNKR.L,BNKR,BANKERS INV TST PLC,LSE,SETS,GBX,GB00BN4NDR39,131.8000030517578,-0.19199999999999995,132.74929094094355,132.6632430761271,128.27244707998614,-0.2936623960255247,-0.2487698056632334,47.05888512740269,2.744,4.0,Quarterly,2026-01-22,0.020819422886678027,,,,
BAG.L,BAG,BARR(A.G.) PLC,LSE,SETS,GBX,GB00B6XZKY75,667.0,-0.1364275668073136,653.7043793370324,647.7351419112135,658.402851723243,7.713099154923043,7.303090767603321,64.03508771929825,17.2,2.0,Semi-Annual,2025-10-09,0.02578710644677661,,,,
BWY.L,BWY,BELLWAY PLC,LSE,SETS,GBX,GB0000904986,2868.0,-0.2548625083836351,2721.276115403596,2703.3615342540093,2616.6612353663486,12.173616684995068,-3.603115120276497,63.20754716981132,70.0,2.0,Semi-Annual,2025-12-04,0.024407252440725245,,,,
BYG.L,BYG,BIG YELLOW GROUP PLC,LSE,SETS,GBX,GB0002869419,1050.0,-0.15677966101694918,1039.9427517166855,1043.7972932812136,1015.5439390955142,-0.9598046766195694,-2.3225943901345154,53.846153846153854,47.600002,2.0,Semi-Annual,2026-01-02,0.04533333523809524,,,,
BME.L,BME,B&M EUROPEAN VALUE RETAIL S.A.,LSE,SETS,GBX,LU1072616219,180.89999389648438,-0.5493468795355587,174.88305529244332,174.32336661532702,214.27261982928624,2.776446550882042,2.375187478248245,61.773399547978904,13.200001,2.0,Semi-Annual,2025-11-20,0.07296849886879145,,,,
BOY.L,BOY,BODYCOTE PLC,LSE,SETS,GBX,GB00B3FLWH99,775.5,-0.32759123196567064,759.6075173177481,728.2089768620604,664.6878904572469,13.44791712899405,13.685793673219957,59.11602209944751,22.999999600000002,2.0,Semi-Annual,2025-10-02,0.029658284461637655,,,,
BLND.L,BLND,BRITISH LAND CO PLC,LSE,SETS,GBX,GB0001367019,403.79998779296875,-0.21963069134102287,410.1389866935376,402.93023709913643,382.90286497412467,1.5919513568863408,3.253461870551367,43.68930744376842,22.879998999999998,2.0,Semi-Annual,2025-12-04,0.05666171295609534,,,,
CLDN.L,CLDN,CALEDONIA INVESTMENTS PLC,LSE,SETS,GBX,GB00BTNQ8K38,343.0,-0.14340587628230883,361.4517199722878,369.0338197030421,285.6412182092262,-8.052769103078731,-5.758351829602198,13.95348837209302,9.071,2.0,Semi-Annual,2025-12-04,0.02644606413994169,,,,
CCL.L,CCL,CARNIVAL PLC,LSE,SETS,GBX,GB0031215220,2339.0,-0.39872746553552496,2290.0021394577757,2184.31819686995,1985.7334334843815,62.02592493476277,52.78970080291194,72.68128161888701,10.99635,1.0,Annual,2026-02-12,0.0047013039760581445,,-0.83,-0.85,-1.8
CCR.L,CCR,C&C GROUP PLC,LSE,SETS,GBX,IE00B010DT83,116.80000305175781,-0.41492864841044363,117.51071343310196,123.99938310462656,139.2654035453665,-3.0003848059103007,-4.011392421429435,78.65170562016493,5.4001538,2.0,Semi-Annual,2025-11-13,0.04623419228514077,,,,
CTY.L,CTY,CITY OF LONDON INVESTMENT TRUST PLC,LSE,SETS,GBX,GB0001990497,562.0,-0.10054644808743174,552.4866829633236,540.4792699862804,509.3525514098229,6.2991692616723185,6.109266584008615,69.23076923076923,21.6,4.0,Quarterly,2026-01-22,0.03843416370106762,,,,
CKN.L,CKN,CLARKSON PLC,LSE,SETS,GBX,GB0002018363,4065.0,-0.33518312985571586,4110.009919485981,3986.6357728821695,3785.6399628193562,33.765346800764746,57.64745695889968,46.902654867256636,110.0,2.0,Semi-Annual,2025-08-28,0.02706027060270603,,,,
CBG.L,CBG,CLOSE BROS GROUP PLC,LSE,SETS,GBX,GB0007668071,491.6000061035156,-0.2864668704941531,504.6546006826322,495.7791291477432,447.3573058795861,-2.690146058101334,1.305443146962015,35.07214646268777,,,,,,,,,
COA.L,COA,COATS GROUP PLC,LSE,SETS,GBX,GB00B4YZN328,91.0,-0.2396878565381192,86.87159232303003,84.56811557872291,82.01530271224937,1.5202145272663046,1.2641449924249528,67.11408708671344,2.3385571,2.0,Semi-Annual,2025-10-16,0.025698429670329672,,,,
CCC.L,CCC,COMPUTACENTER PLC,LSE,SETS,GBX,GB00BV9FP302,2930.0,-0.19438116932422167,3104.683525074278,3059.962795191055,2748.0601569432397,-36.442178795005475,10.38632122807234,25.17321016166281,71.0,2.0,Semi-Annual,2025-09-25,0.024232081911262797,,,,
CWK.L,CWK,CRANSWICK PLC,LSE,SETS,GBX,GB0002318888,5390.0,-0.11839708561020035,5249.265676084172,5139.401842217359,5089.446723362678,85.831500668015,78.41685300464526,69.35483870967742,103.000002,2.0,Semi-Annual,2025-12-11,0.019109462337662336,,,,
CURY.L,CURY,CURRYS PLC,LSE,SETS,GBX,GB00B4Y7R145,149.10000610351562,-0.1609105161261385,143.81996156505352,138.00878331587543,127.09914161409709,4.068293463021945,4.275179234810823,59.44701335740986,2.25,2.0,Semi-Annual,2025-12-29,0.01509054264181514,,,,
DLN.L,DLN,DERWENT LONDON PLC,LSE,SETS,GBX,GB0002652740,1801.0,-0.23282442748091603,1875.472307185914,1827.8522176541626,1820.858201736422,11.059270164715826,29.187861916192027,24.409448818897644,81.0,2.0,Semi-Annual,2025-09-04,0.044975013881177126,,,,
DOM.L,DOM,DOMINO'S PIZZA GROUP PLC,LSE,SETS,GBX,GB00BYN59130,202.0,-0.44635762599919804,189.25589941581046,184.54365429654865,208.52910117442025,5.0605786727337545,3.691280543959839,67.51741839552503,11.1000005,2.0,Semi-Annual,2025-08-14,0.05495049752475248,,,,
DWL.L,DWL,DOWLAIS GROUP PLC,LSE,SETS,GBX,GB00BMWRZ071,0.9384999871253967,-0.9904267352773475,50.796976462366835,69.71959982552205,74.20752629006823,-22.550295574571336,-12.241222236907397,4.7911554896032555,2.8000002,1.0,Annual,2025-04-17,2.983484537465295,,,,
DRX.L,DRX,DRAX GROUP PLC,LSE,SETS,GBX,GB00B1VNSX38,851.0,-0.17142857142857137,879.8170966059992,849.2926744879725,749.7228421451939,2.225360970542283,10.214713990249887,36.92307692307693,27.199999,2.0,Semi-Annual,2025-09-25,0.03196239600470035,,,,
DNLM.L,DNLM,DUNELM GROUP PLC,LSE,SETS,GBX,GB00B1CKQ739,968.0,-0.2626913779210315,966.0233139635062,1022.3756604162726,1079.4361017258702,-26.857729276140276,-36.52121691328687,57.3943661971831,79.5,2.0,Semi-Annual,2025-10-30,0.08212809917355372,,,,
EDIN.L,EDIN,EDINBURGH INV TST PLC,LSE,SETS,GBX,GB0003052338,791.0,-0.11917098445595853,800.4328034437265,807.4282793267867,800.6432278874945,-7.299089440070247,-5.762244300844602,36.36363636363636,30.200001,4.0,Quarterly,2026-01-29,0.0381795208596713,,,,
EOT.L,EOT,EUROPEAN OPPORTUNITIES TRUST PLC,LSE,SETS,GBX,GB0000197722,866.0,-0.15982241953385123,895.5892799334106,903.9605802247299,906.9910491901032,-13.171174946260976,-6.3095815892313665,26.973684210526315,2.0,1.0,Annual,2025-10-02,0.0023094688221709007,,,,
FCSS.L,FCSS,FIDELITY CHINA SPEC. SITUATION PLC,LSE,SETS,GBX,GB00B62Z3C74,318.5,-0.25823223570190645,318.96288045365094,316.6908156363666,298.64660473015624,0.27027980561467757,1.083946147565875,43.10344827586207,9.0,1.0,Annual,2025-06-19,0.0282574568288854,,,,
FEML.L,FEML,FIDELITY EMERGING MARKETS LIMITED,LSE,SETS,GBX,GG00B4L0PD47,1230.0,-0.14675308548077726,1185.9464993897916,1118.3986721686958,957.6874104876223,33.09887260098117,34.177278573528866,71.42857142857143,19.8,1.0,Annual,2025-11-13,0.016097560975609757,,,,
FEV.L,FEV,FIDELITY EUROPEAN TRUST PLC,LSE,SETS,GBX,GB00BK1PKQ95,432.0,-0.16728167281672812,429.88924412236975,426.10078007898693,414.54949494608445,1.8372103051873978,1.9958591322763533,53.92156862745099,9.4,2.0,Semi-Annual,2025-09-11,0.02175925925925926,,,,
FGT.L,FGT,FINSBURY GROWTH & INCOME TRUST PLC,LSE,SETS,GBX,GB0007816068,761.0,-0.2326315789473684,767.6355327421918,795.2464033981507,848.2145820079212,-19.845113535642668,-19.331527062934924,36.58536585365854,20.200000000000003,2.0,Semi-Annual,2025-10-09,0.02654402102496715,,,,
FRAS.L,FRAS,FRASERS GROUP PLC,LSE,SETS,GBX,GB00B1QH8P22,700.0,-0.18246753246753245,699.0044429751588,695.350637766733,686.6448438831487,5.019037683113652,5.1671417537277495,55.212355212355206,,,,,,,,,
GCP.L,GCP,GCP INFRASTRUCTURE INVESTMENTS LD,LSE,SETS,GBX,JE00B6173J15,76.30000305175781,-0.1293532503544964,75.7195168480624,74.51350465083675,73.79488917892462,0.7349894595212447,0.7733670110060248,55.73775822757421,7.0,4.0,Quarterly,2026-02-12,0.09174311559662163,,,,
GEN.L,GEN,GENUIT GROUP PLC,LSE,SETS,GBX,GB00BKRC5K31,371.0,-0.2815884476534296,348.13068860528915,339.79223733651975,352.465328100199,10.593866188521929,7.16430415691608,94.68085106382979,12.600000000000001,2.0,Semi-Annual,2025-08-28,0.0339622641509434,,,,
GNS.L,GNS,GENUS PLC,LSE,SETS,GBX,GB0002074580,3030.0,-0.227930174563591,2966.0286763710087,2796.176031956584,2486.028009190317,101.05019418919164,110.59773933502483,58.38509316770186,31.999999,2.0,Semi-Annual,2025-11-06,0.010561055775577557,,,,
GFTU.L,GFTU,GRAFTON GROUP PLC,LSE,SETS,GBX,IE00B00MZ448,985.2000122070312,-0.17501445321066655,956.0173870090138,943.221325035791,928.975233895852,11.703728671791168,7.068203067711972,68.00584403975267,37.249998000000005,2.0,Semi-Annual,2025-09-11,0.03780957931227902,,,,
GRI.L,GRI,GRAINGER PLC,LSE,SETS,GBX,GB00B04V1276,193.8000030517578,-0.2219298513312089,191.55512278323778,189.79833522746358,195.3876384508784,1.0254948071232661,1.2598216345328828,56.31070190512873,8.31,2.0,Semi-Annual,2026-01-15,0.042879256290727016,,,,
GPE.L,GPE,GREAT PORTLAND ESTATES PLC,LSE,SETS,GBX,GB00BF5H9P87,333.0,-0.19834710743801653,348.0015842346234,338.2516906403971,325.13340498862345,3.029878649993748,7.184035546345142,35.66433566433567,7.8999999,2.0,Semi-Annual,2025-11-27,0.023723723423423423,,,,
UKW.L,UKW,GREENCOAT UK WIND PLC,LSE,SETS,GBX,GB00B8SC6K54,93.94999694824219,-0.2619796174706778,97.1038929264228,98.35315017617938,105.36370823268774,-0.4496658014188597,-0.20856113285871755,37.49994581383715,10.3600008,4.0,Quarterly,2026-02-12,0.1102714330656914,,,,
GNC.L,GNC,GREENCORE GROUP PLC,LSE,SETS,GBX,IE0003864109,270.5,-0.19928186714542195,282.88226945400726,268.24636973372446,243.17014202167584,6.64713989728881,10.019485881937106,44.1860465116279,2.6000001,1.0,Annual,2026-01-08,0.009611830314232902,,,,
GRG.L,GRG,GREGGS PLC,LSE,SETS,GBX,GB00B63QSB39,1562.0,-0.3501374885426215,1634.6368027533074,1641.2332773751,1708.3667739940888,-15.554452129675383,-6.3220529958542055,36.48293963254593,69.0,2.0,Semi-Annual,2025-09-11,0.0441741357234315,,,,
HMSO.L,HMSO,HAMMERSON PLC,LSE,SETS,GBX,GB00BRJQ8J25,349.0,-0.24726774902626203,348.304790294146,336.19785368634297,309.1283013940449,4.952307095484343,6.127895262960508,52.57731904705474,16.0100015,2.0,Semi-Annual,2025-09-04,0.045873929799426935,,,,
HBR.L,HBR,HARBOUR ENERGY PLC,LSE,SETS,GBX,GB00BMBVGQ36,222.1999969482422,-0.37675188316472563,220.4384526318332,215.0068602929427,212.2912618781628,4.1377887989587805,5.107644029131477,57.543853637656134,19.8101,2.0,Semi-Annual,2025-08-14,0.089154366661015,,,,
HVPE.L,HVPE,HARBOURVEST GLOBAL PRIVATE EQUITY L,LSE,SETS,GBX,GG00BR30MJ80,3100.0,-0.17902350813743217,3115.359881792234,3099.5827753777685,2909.405817466091,-11.697239362886648,-4.954263725237232,38.35616438356164,,,,,,,,,
HAS.L,HAS,HAYS PLC,LSE,SETS,GBX,GB0004161021,46.779998779296875,-0.4906621304223213,47.628762813864235,50.36751791626815,58.71727251079964,-1.0215209492585942,-1.2984578190083294,53.45166428530047,1.24,2.0,Semi-Annual,2025-10-16,0.02650705498839771,,,,
HRI.L,HRI,HERALD INV TST PLC,LSE,SETS,GBX,GB0004228648,2535.0,-0.25726495726495724,2534.985669747089,2505.6049747570546,2408.8116293450557,2.8524593307320174,10.39212959212879,39.682539682539684,,,,,,,,,
HICL.L,HICL,HICL INFRASTRUCTURE PLC,LSE,SETS,GBX,GB00BJLP1Y77,118.4000015258789,-0.12939295002490525,117.6476780547837,117.4132611624307,117.64888745067918,0.17052177048319095,0.15752166463787456,56.33803346614916,8.3,4.0,Quarterly,2025-11-27,0.07010135044792085,,,,
HILS.L,HILS,HILL & SMITH PLC,LSE,SETS,GBX,GB0004270301,2320.0,-0.2153846153846154,2286.688801299356,2247.8449662694356,2110.0211779398214,19.3511273570748,15.576169706596495,56.060606060606055,50.5,2.0,Semi-Annual,2025-11-27,0.021767241379310343,,,,
HOC.L,HOC,HOCHSCHILD MINING PLC,LSE,SETS,GBX,GB00B1FW5029,696.5,-0.28286494754670355,660.5459461237912,578.4706550271972,412.5362574363726,34.88565859129676,41.512866651289066,41.717791411042946,2.19900004,2.0,Semi-Annual,2025-09-04,0.0031572147020818377,,,,
IBST.L,IBST,IBSTOCK PLC,LSE,SETS,GBX,GB00BYXJC278,136.0,-0.37195123700473387,131.88425823150322,133.15916959015019,142.766873098777,-0.4884159899935696,-1.2088608829289407,60.97559462741892,4.0,2.0,Semi-Annual,2025-08-21,0.029411764705882353,,,,
IGG.L,IGG,IG GROUP HOLDINGS PLC,LSE,SETS,GBX,GB00B06QFB75,1369.0,-0.114853195164076,1347.603489049463,1294.9034759092847,1164.2865303125252,15.43998332802903,20.21918545112996,52.40384615384616,33.34,1.0,Annual,2025-09-18,0.024353542731921113,,,,
INCH.L,INCH,INCHCAPE PLC,LSE,SETS,GBX,GB00B61TVQ02,841.0,-0.20730198019801982,823.2085372084813,795.7631452670225,741.1295388578325,16.47991698121166,15.320727081075312,73.93939393939394,26.7,2.0,Semi-Annual,2025-08-07,0.031747919143876334,,,,
IHP.L,IHP,INTEGRAFIN HOLDINGS PLC,LSE,SETS,GBX,GB00BD45SH49,336.0,-0.24022346368715086,346.25528364125694,348.5645427070007,345.86314555529646,-3.4823670147823123,-1.2788118406331117,35.0,11.3,2.0,Semi-Annual,2026-01-02,0.033630952380952386,,,,
INPP.L,INPP,INTERNATIONAL PUBLIC PARTNERSHIP LD,LSE,SETS,GBX,GB00B188SR50,127.19999694824219,-0.10166664123535152,127.63424347285961,126.54798461735386,123.18311405886283,0.29806701789209455,0.4753958851848879,48.71794119387554,10.620000000000001,4.0,Quarterly,2026-02-12,0.08349056804082543,,,,
IWG.L,IWG,INTERNATIONAL WORKPLACE GROUP PLC,LSE,SETS,GBX,JE00BYVQYS01,217.60000610351562,-0.2452356840184764,236.0863381760828,234.0601803029547,220.05921869965118,-1.8388150235278715,0.7332161148461221,27.68361362748324,1.0099999800000001,2.0,Semi-Annual,2025-09-18,0.004641543895543495,,,,
ITV.L,ITV,ITV PLC,LSE,SETS,GBX,GB0033986497,80.5,-0.23234625076098425,81.84481912334573,81.02072678315444,79.36389281630025,0.28621330386540933,0.4570103609875506,44.56930230219018,5.0,2.0,Semi-Annual,2025-10-16,0.062111801242236024,,,,
JMAT.L,JMAT,JOHNSON MATTHEY PLC,LSE,SETS,GBX,GB00BZ4BQC70,2314.0,-0.23392975480450628,2325.2461836534617,2253.968365072027,1990.9485340814037,17.848743811808617,30.09021525443522,40.106951871657756,77.0,2.0,Semi-Annual,2025-11-27,0.03327571305099395,,,,
JAM.L,JAM,JPMORGAN AMERICAN IT PLC,LSE,SETS,GBX,GB00BKZGVH64,1112.0,-0.2417102966841187,1116.9455684772875,1117.3077256706347,1095.9915520299444,-1.2491934699307876,-1.0499601869656718,49.09090909090909,11.0,2.0,Semi-Annual,2025-08-28,0.009892086330935251,,,,
JMGI.L,JMGI,JPMORGAN EMERGING MKTS GRW INC PLC,LSE,SETS,GBX,GB00BMXWN182,146.8000030517578,-0.16137568611567954,145.21361320827748,141.5417690598704,129.64990416179177,1.513983193570681,1.7143370260399,62.29510042049283,3.36099984,3.0,Irregular,2026-01-15,0.02289509380197356,,,,
JFJ.L,JFJ,JPMORGAN JAPANESE INV. TRUST PLC,LSE,SETS,GBX,GB0001740025,812.0,-0.20226537216828477,766.8957194023368,742.9834063303072,691.8793399270161,19.954095375184238,13.255089833238456,85.71428571428571,8.7,1.0,Annual,2025-12-29,0.010714285714285713,,,,
JUP.L,JUP,JUPITER FUND MANAGEMENT PLC,LSE,SETS,GBX,GB00B53P2009,188.1999969482422,-0.17295977115904815,186.72391694607595,174.46633244515337,140.60214858123123,4.952790621753877,6.390663589243932,51.515152916327196,4.300000000000001,2.0,Semi-Annual,2025-08-07,0.022848034376868588,,,,
JUST.L,JUST,JUST GROUP PLC,LSE,SETS,GBX,GB00BCRX1J15,216.5,-0.27990428395073785,216.3807907532736,215.4494036927861,197.49554704247643,0.10420678011672635,0.10814846142990019,60.0,2.64,2.0,Semi-Annual,2025-08-14,0.012193995381062356,,,,
LRE.L,LRE,LANCASHIRE HOLDINGS LD,LSE,SETS,GBX,BMG5361W1047,654.0,-0.1801152737752162,631.3116618706753,622.3356659942135,615.725268582959,9.860281716741724,6.7439476948652946,71.57894736842105,95.0,4.0,Quarterly,2025-11-13,0.1452599388379205,,,,
BGEO.L,BGEO,LION FINANCE GROUP PLC,LSE,SETS,GBX,GB00BF4HYT85,9700.0,-0.17638888888888893,9803.538695420446,9411.777294794341,8048.096361343021,123.72117379021984,184.72987846576996,48.1159420289855,363.0553,3.0,Irregular,2025-12-18,0.03742838144329897,,,,
EMG.L,EMG,MAN GROUP PLC,LSE,SETS,GBX,JE00BJ1DLW90,265.3999938964844,-0.2824675669351958,260.3373086661783,245.0229076407692,211.4628860111753,5.356480041275347,6.363376188214406,56.85278519417006,12.920001000000001,2.0,Semi-Annual,2025-08-07,0.048681240757824845,,,,
MSLH.L,MSLH,MARSHALLS PLC,LSE,SETS,GBX,GB00B012BV22,178.0,-0.46621162492667445,170.32670866501934,171.90946605572643,195.9700154087049,1.2623563661924209,-1.2261067129413004,70.09345294606909,7.6000000000000005,2.0,Semi-Annual,2025-10-23,0.04269662921348315,,,,
MRC.L,MRC,MERCANTILE INVESTMENT TST (THE) PLC,LSE,SETS,GBX,GB00BF4JDH58,266.0,-0.17849898580121704,265.58735772606684,261.2279881289944,252.86578800550546,1.583696396309108,2.1883688599486697,48.93617021276596,8.05,4.0,Quarterly,2025-12-18,0.030263157894736846,,,,
MAB.L,MAB,MITCHELLS & BUTLERS PLC,LSE,SETS,GBX,GB00B1FP6H53,288.0,-0.18867924528301883,273.9733949315094,267.8901117211235,259.76508339743197,4.567153043276107,2.504036075963678,74.46808510638297,,,,,,,,,
MNKS.L,MNKS,MONKS INV TST PLC,LSE,SETS,GBX,GB0030517261,1480.0,-0.22916666666666663,1502.913986445385,1498.859507342624,1428.2156263471727,-8.237587315613155,-2.2215606221947075,35.06493506493507,0.5,1.0,Annual,2025-08-07,0.00033783783783783786,,,,
MONY.L,MONY,MONY GROUP PLC,LSE,SETS,GBX,GB00B1ZBKY84,147.10000610351562,-0.34010835532441464,169.4541708278177,179.44996005918682,191.51483335978963,-9.618597069957303,-5.804771747092001,9.7999907836886,12.5300002,2.0,Semi-Annual,2025-07-31,0.08518014738342379,,,,
MGAM.L,MGAM,MORGAN ADVANCED MATERIALS PLC,LSE,SETS,GBX,GB0006027295,240.0,-0.35255476680115194,234.7929866466079,226.2527855690857,221.18938564004162,4.368411315399726,4.18778664301634,57.40740740740741,12.2,2.0,Semi-Annual,2025-10-23,0.05083333333333333,,,,
MYI.L,MYI,MURRAY INTERNATIONAL TRUST PLC,LSE,SETS,GBX,GB00BQZCCB79,355.5,-0.12773722627737227,345.4537864615007,335.2009807848408,309.47997466323085,6.582278500859047,5.534758157146488,84.61538461538461,12.1000003,4.0,Quarterly,2026-01-02,0.03403656905766526,,,,
OCDO.L,OCDO,OCADO GROUP PLC,LSE,SETS,GBX,GB00B3MBS747,223.8000030517578,-0.5644590485504883,233.76731176930525,236.70656712704388,253.3563428030033,-6.984912576952496,-4.96122884034596,39.277395122523785,,,,,,,,,
OSB.L,OSB,OSB GROUP PLC,LSE,SETS,GBX,GB00BLDRH360,590.0,-0.17580100120043962,607.1802138040797,604.3664698163182,554.7982914173866,-7.088519483747177,-3.5906088327497074,27.77777777777777,34.100001,2.0,Semi-Annual,2025-08-28,0.05779661186440678,,,,
ONT.L,ONT,OXFORD NANOPORE TECHNOLOGIES PLC,LSE,SETS,GBX,GB00BP6S8Z30,136.0,-0.4383561643835616,146.61934116292824,145.29309664495133,144.3922913328741,-2.565315963853635,0.9353103097655223,16.76300187162741,,,,,,,,,
PAGE.L,PAGE,PAGEGROUP PLC,LSE,SETS,GBX,GB0030232317,201.0,-0.43405627434049565,206.47773649883766,215.52649349989298,243.62585695543092,-3.609714063870797,-4.448429647471471,52.094720098545636,17.1099997,2.0,Semi-Annual,2025-08-28,0.08512437661691542,,,,
PIN.L,PIN,PANTHEON INTERNATIONAL PLC,LSE,SETS,GBX,GB00BP37WF17,368.5,-0.1963746223564955,372.39122521695197,372.5616189962073,350.19171135789827,-3.534099715770651,-2.4234464764242922,32.69230769230769,,,,,,,,,
PAG.L,PAG,PARAGON BANKING GROUP PLC,LSE,SETS,GBX,GB00B2NGPM57,849.0,-0.19484536082474224,866.1950524140237,864.2676247305735,854.9562469917723,-7.405869627306743,-0.9567417137899455,36.11940298507462,43.900001,2.0,Semi-Annual,2026-02-05,0.05170789281507657,,,,
PNN.L,PNN,PENNON GROUP PLC,LSE,SETS,GBX,GB00BNNTLN49,583.5,-0.1863979616512419,556.0391795369311,541.9941542649028,510.23263043288335,8.521995286396418,6.202392077064159,67.51269035532995,28.689999999999998,2.0,Semi-Annual,2026-01-29,0.0491688089117395,,,,
PNL.L,PNL,PERSONAL ASSETS TRUST PLC,LSE,SETS,GBX,GB00BM8B5H06,548.0,-0.04263565891472865,544.7813810989726,542.9303474085455,530.4645624250121,0.44384301892671374,0.3741893366219055,61.904761904761905,7.200000299999999,4.0,Quarterly,2025-12-11,0.013138686678832116,,,,
PTEC.L,PTEC,PLAYTECH PLC,LSE,SETS,GBX,IM00B7S9G985,329.5,-0.7121588089330024,305.08988588821376,293.3978242662747,372.40516016465256,14.883028334549067,9.434157634001087,68.64686468646865,479.02798,1.0,Annual,2025-05-08,1.453802670713202,,,,
QQ.L,QQ.,QINETIQ GROUP PLC,LSE,SETS,GBX,GB00B0WMWD03,490.79998779296875,-0.3177358375405366,491.4361863510434,481.8094803773514,465.72321390720293,0.2826764469224372,4.137202875378842,39.18128446239409,9.05,2.0,Semi-Annual,2026-01-08,0.018439283262202337,,,,
QLT.L,QLT,QUILTER PLC,LSE,SETS,GBX,GB00BNHSJN34,181.89999389648438,-0.22484470154187697,188.62880886131182,186.84423464354836,174.0388428837068,-1.3629725122182776,0.6894947196720163,34.498834250105375,6.2,2.0,Semi-Annual,2025-08-28,0.034084663045828884,,,,
RAT.L,RAT,RATHBONES GROUP PLC,LSE,SETS,GBX,GB0002148343,2200.0,-0.21188340807174888,2173.2596051720056,2064.640159147217,1887.3599304742593,46.23279518186473,59.06221946201585,49.122807017543856,94.0,2.0,Semi-Annual,2025-09-04,0.042727272727272725,,,,
RSW.L,RSW,RENISHAW PLC,LSE,SETS,GBX,GB0007323586,4225.0,-0.32120253164556967,3834.9470068612873,3698.202097630452,3379.424753726979,101.25670893168672,61.33270854432787,74.61139896373058,78.1,2.0,Semi-Annual,2025-10-30,0.018485207100591716,,,,
RHIM.L,RHIM,RHI MAGNESITA N.V.,LSE,SETS,GBX,NL0012650360,3100.0,-0.4789473684210527,2896.941749327889,2733.3504278267387,2680.564659849998,100.40898951158852,77.14960624180546,75.86206896551724,156.51540799999998,2.0,Semi-Annual,2025-08-28,0.05048884129032257,,2.12,,
RCP.L,RCP,RIT CAPITAL PARTNERS PLC,LSE,SETS,GBX,GB0007366395,2190.0,-0.1151079136690647,2202.0247580713103,2198.495279985753,2088.4166975718763,-7.0601429933626605,-6.656952043441847,45.83333333333333,43.0,2.0,Semi-Annual,2025-10-02,0.019634703196347032,,,,
ROR.L,ROR,ROTORK PLC,LSE,SETS,GBX,GB00BVFNZH21,374.20001220703125,-0.18882356531479783,361.9016675335006,349.21802053099475,337.2795460470737,9.932059097687272,8.889132721319516,78.70373706269599,7.95,2.0,Semi-Annual,2025-08-14,0.021245322663435817,,,,
RS1.L,RS1,RS GROUP PLC,LSE,SETS,GBX,GB0003096442,724.0,-0.2629349285824035,685.4358109989774,652.0992813683104,609.6622658349082,22.664479677966142,17.268785557403586,83.4061135371179,22.6,2.0,Semi-Annual,2025-11-20,0.03121546961325967,,,,
SAFE.L,SAFE,SAFESTORE HOLDINGS PLC,LSE,SETS,GBX,GB00B1N7Z094,794.5,-0.14746172441579375,797.9224743119258,771.3286453700092,704.1435398303341,7.325397781653351,13.185085391702534,37.08609271523179,30.5,2.0,Semi-Annual,2025-07-03,0.03838892385147892,,,,
SVS.L,SVS,SAVILLS PLC,LSE,SETS,GBX,GB00B135BJ46,988.0,-0.21531531531531534,1049.1368232849793,1034.6406868787237,1006.6895359347368,-3.3857027768221997,8.26642044656342,21.42857142857143,30.5,2.0,Semi-Annual,2025-08-28,0.030870445344129555,,,,
SDP.L,SDP,SCHRODER ASIA PACIFIC FUND,LSE,SETS,GBX,GB0007918872,713.0,-0.1669675090252708,700.44545881885,686.2590514635839,635.3739509612542,7.3551118591834665,6.6535890257258785,69.0909090909091,13.0,1.0,Annual,2025-12-29,0.0182328190743338,,,,
SEQI.L,SEQI,SEQUOIA ECONOMIC INFRASTRUCTURE INC,LSE,SETS,GBX,GG00BV54HY67,79.80000305175781,-0.08131073365978625,79.8066605553521,79.45826783626228,78.6149074011391,0.04662452076290435,0.13947843276760105,51.162856717032284,6.8752,4.0,Quarterly,2026-01-29,0.08615538517637382,,,,
SRP.L,SRP,SERCO GROUP PLC,LSE,SETS,GBX,GB0007973794,297.20001220703125,-0.08604093450261074,297.5882764900164,285.26932983801726,242.30753310427323,3.3500004233232517,5.099719630360666,41.33337266706069,4.2700001,2.0,Semi-Annual,2025-08-28,0.014367429086865223,,,,
SHC.L,SHC,SHAFTESBURY CAPITAL PLC,LSE,SETS,GBX,GB00B62G9D36,149.1999969482422,-0.15942926448375738,145.38543807881268,143.76687919142293,141.54634649336163,1.5398720799969396,1.0164473003388195,75.6096517100021,3.7,2.0,Semi-Annual,2025-08-21,0.024798928121181788,,,,
SCT.L,SCT,SOFTCAT PLC,LSE,SETS,GBX,GB00BYZDVK82,1143.0,-0.3998940677966102,1277.4110540628335,1369.7224003265437,1510.2093598602419,-79.10855451137695,-55.72950616578007,15.288220551378444,45.400001,2.0,Semi-Annual,2025-11-06,0.03972003587051619,,,,
SPI.L,SPI,SPIRE HEALTHCARE GROUP PLC,LSE,SETS,GBX,GB00BNLPYF73,205.0,-0.3357429963996611,197.4669331954131,194.9871563866789,207.06154295662026,5.028544271321692,5.40112798043332,43.90243902439024,2.3,1.0,Annual,2025-05-22,0.01121951219512195,,,,
SSPG.L,SSPG,SSP GROUP PLC,LSE,SETS,GBX,GB00BGBN7C04,188.0,-0.26315788619782954,187.74478493820254,184.62646940467403,173.06440241099367,-0.8542397613660171,-0.770564118248436,47.99999837239451,4.2000003,2.0,Semi-Annual,2026-01-29,0.022340427127659577,,,,
SYNC.L,SYNC,SYNCONA LIMITED,LSE,SETS,GBX,GG00B8P59C08,98.0,-0.1715176769587361,98.67612357715076,97.98095797119936,95.84136939771159,0.3092936309520553,0.46305351027942887,42.72728470730542,,,,,,,,,
TATE.L,TATE,TATE & LYLE PLC,LSE,SETS,GBX,GB00BP92CJ43,407.20001220703125,-0.4067937033968517,388.3184667807318,384.0650059150723,440.9229723939563,8.117770039914262,5.454453741349863,79.25315433046138,20.000000999999997,2.0,Semi-Annual,2025-11-20,0.04911591453939217,,,,
TW.L,TW.,TAYLOR WIMPEY PLC,LSE,SETS,GBX,GB0008782301,116.5,-0.24576065651543488,109.81691997327877,107.16116227324017,107.22508909382447,2.19263822551423,1.3283235191877458,78.34223497142241,9.33,2.0,Semi-Annual,2025-10-09,0.08008583690987124,,,,
TBCG.L,TBCG,TBC BANK GROUP PLC,LSE,SETS,GBX,GB00BYT18307,4250.0,-0.28205128205128205,4214.540020768203,4136.472752234867,4224.673704118859,72.66549010096696,74.48433807770604,56.060606060606055,287.949,4.0,Quarterly,2026-01-08,0.06775270588235295,,,,
TEP.L,TEP,TELECOM PLUS PLC,LSE,SETS,GBX,GB0008794710,1386.0,-0.3640287769784173,1359.1489806596494,1415.9915116908376,1634.7889831305065,-4.541557051276641,-12.576515040145729,57.77777777777777,95.0,2.0,Semi-Annual,2025-12-04,0.06854256854256854,,,,
TMPL.L,TMPL,TEMPLE BAR INV TST PLC,LSE,SETS,GBX,GB00BMV92D64,399.0,-0.14991762767710048,390.23525464933033,381.77628442636535,353.3698992834813,5.341388651554155,4.4157386378929875,77.94117647058823,14.2500006,4.0,Quarterly,2025-11-20,0.035714287218045114,,,,
TEM.L,TEM,TEMPLETON EMERGING MARKETS IT PLC,LSE,SETS,GBX,GB00BKPG0S09,268.0,-0.15100670883201395,260.90798977098285,250.08792081520792,221.1286237791401,5.585121008684553,5.703565961355541,73.91304347826087,5.25,2.0,Semi-Annual,2025-12-18,0.01958955223880597,,,,
ESCT.L,ESCT,THE EUROPEAN SMALLER CO'S TST PLC,LSE,SETS,GBX,GB00BMCF8689,222.5,-0.14210526315789473,223.5050296314135,220.09935178528062,210.18242083783758,0.8607833808640635,1.612398294099946,40.42553191489362,7.7099999,3.0,Irregular,2026-01-29,0.034651684943820225,,,,
GSCT.L,GSCT,THE GLOBAL SMALLER CO'S TRUST PLC,LSE,SETS,GBX,GB00BKLXD974,190.39999389648438,-0.16093363917144776,185.1484607502695,180.36233936060333,170.5935195283544,2.705910616313389,2.186751956355245,83.92863224981983,3.0000000499999997,2.0,Semi-Annual,2025-12-29,0.015756303288701905,,,,
TRIG.L,TRIG,THE RENEWABLES INFRASTRUCTURE GROUP,LSE,SETS,GBX,GG00BBHX2H91,69.19999694824219,-0.24805342239441963,69.22883530518122,69.95036512547796,74.29714718340281,0.1267783730298646,0.006040747695576311,60.25640649437919,7.5499996,4.0,Quarterly,2026-02-12,0.10910404527397576,,,,
THG.L,THG,THG PLC,LSE,SETS,GBX,GB00BMTV7393,35.040000915527344,-0.43587226894158837,38.20085827636804,40.76592324744629,38.80567311331307,-2.203846385319764,-2.018009744663436,21.631893460692524,,,,,,,,,
TCAP.L,TCAP,TP ICAP GROUP PLC,LSE,SETS,GBX,JE00BMDZN391,255.0,-0.2279293739967897,253.14521845650145,254.32021121596074,261.21557570777804,-0.982577307346105,-0.5525785677365412,47.142857142857146,16.5000003,2.0,Semi-Annual,2025-10-02,0.06470588352941177,,,,
TPK.L,TPK,TRAVIS PERKINS PLC,LSE,SETS,GBX,GB00BK9RKT01,714.0,-0.2922636103151862,666.8922688670843,647.5884160770787,626.8934837454517,15.249332579989186,8.511889503288586,66.03773584905662,13.5,2.0,Semi-Annual,2025-10-02,0.018907563025210083,,,,
BBOX.L,BBOX,TRITAX BIG BOX REIT PLC,LSE,SETS,GBX,GB00BG49KP99,172.6999969482422,-0.16922057376704214,164.39832754148932,158.81097728820214,150.3321620393688,3.027899456009834,2.7573929226071487,70.76919104223708,7.93,4.0,Quarterly,2025-11-06,0.04591777730243159,,,,
UTG.L,UTG,UNITE GROUP PLC,LSE,SETS,GBX,GB0006928617,583.0,-0.42012507106310404,574.9796360335946,571.2670490232423,656.5106198533258,5.1043457580126415,5.09547963690078,58.89570552147239,37.7,2.0,Semi-Annual,2025-09-18,0.0646655231560892,,,,
VSVS.L,VSVS,VESUVIUS PLC,LSE,SETS,GBX,GB00B82YXW83,475.79998779296875,-0.25463185797394594,460.67799010546594,433.15446216726434,398.8887819224925,14.509867064455591,15.649792829814423,57.19555097104325,23.500000399999998,2.0,Semi-Annual,2025-08-14,0.049390502318014715,,,,
VCT.L,VCT,VICTREX PLC,LSE,SETS,GBX,GB0009292243,706.0,-0.4379770992366412,694.1745508184786,681.8269075965458,718.8620521434497,5.294710932747876,5.125014065684579,42.410714285714285,59.560001,2.0,Semi-Annual,2026-01-29,0.08436260764872522,,,,
VEIL.L,VEIL,VIETNAM ENTERPRISE INVESTMENTS LIMI,LSE,SETS,GBX,KYG9361H1092,814.0,-0.2471358428805237,811.8669116784481,799.3509222256918,729.1207952273065,0.872801445611799,2.664413968102207,41.81818181818182,,,,,,,,,
VTY.L,VTY,VISTRY GROUP PLC,LSE,SETS,GBX,GB0001859296,728.7999877929688,-0.21233617919357173,683.2985651054036,662.7525125081189,639.1688921727213,18.15507274283209,11.408302431501221,77.44154329152522,,,,,,,,,
SMWH.L,SMWH,WH SMITH PLC,LSE,SETS,GBX,GB00B2PDGW16,684.5,-0.504442649434572,675.7784570634703,669.7979193966303,791.8048632877632,7.601939792873964,7.8831496801247685,51.8987341772152,17.3,2.0,Semi-Annual,2026-01-22,0.02527392257121987,,,,
WIZZ.L,WIZZ,WIZZ AIR HOLDINGS PLC.,LSE,SETS,GBX,JE00BN574F90,1370.0,-0.44819819819819817,1367.7972064535033,1299.8186345844565,1297.1114320856618,33.76819578128402,39.05978968400227,59.067357512953365,,,,,,,,-4.38,
WKP.L,WKP,WORKSPACE GROUP PLC,LSE,SETS,GBX,GB00B67G5X01,413.0,-0.22234156820622986,414.700117001345,407.9770346958966,409.8853143642144,2.1440055864239866,3.8543881415614476,48.611111111111114,28.4,2.0,Semi-Annual,2026-01-08,0.06876513317191282,,,,
WWH.L,WWH,WORLDWIDE HEALTHCARE TRUST PLC,LSE,SETS,GBX,GB00BN455J50,353.5,-0.20508982035928147,362.61804468879774,367.6595823144989,348.79560287131443,-6.227285771964716,-5.014919238544541,25.316455696202524,2.40000005,2.0,Semi-Annual,2025-11-27,0.006789250495049505,,,,
CHG.L,CHG,CHEMRING GROUP PLC,LSE,SETS,GBX,GB00B45C9X44,513.0,-0.23038397328881466,508.58308154771896,509.4169586192369,497.16170512127576,-1.0037185932248462,-0.05733148872149085,49.56140350877193,7.9000003,2.0,Semi-Annual,2025-08-14,0.015399610721247564,,,,
ENOG.L,ENOG,ENERGEAN PLC,LSE,SETS,GBX,GB00BG12Y042,862.0,-0.28737864077669906,871.1495601628664,889.0721859595009,908.1215540335019,-12.588749566309275,-12.159862147380494,35.64356435643565,87.961204,4.0,Quarterly,2025-12-04,0.10204316009280742,,,,
FGP.L,FGP,FIRSTGROUP PLC,LSE,SETS,GBX,GB0003452173,192.1999969482422,-0.24935624937131173,188.57401563691576,189.56936251448025,194.2354724861954,0.8478607406924539,0.41095468068972274,60.76921948313756,7.0,2.0,Semi-Annual,2025-11-27,0.03642039599972023,,,,
GDWN.L,GDWN,GOODWIN PLC,LSE,SETS,GBX,GB0003781050,26700.0,-0.18454935622317592,25922.24691135784,23533.99481549029,16545.332448111385,1139.3676852808894,1230.2453833522948,56.75675675675676,738.5,3.0,Irregular,2025-11-06,0.027659176029962547,,,,
IEM.L,IEM,IMPAX ENVIRONMENTAL MARKETS PLC,LSE,SETS,GBX,GB0031232498,429.0,-0.21392405063291142,417.7778792261864,410.70191412837175,397.79088481389067,4.740619584531203,3.566991471600696,63.095238095238095,1.9,1.0,Annual,2025-08-14,0.0044289044289044285,,,,
IPO.L,IPO,IP GROUP PLC,LSE,SETS,GBX,GB00B128J450,58.400001525878906,-0.2934010307195828,58.62600419440197,58.61693666921707,55.821991745005796,0.08109027026557669,0.09932808880106671,54.62963159192329,,,,,,,,,
RTW.L,RTW,RTW BIOTECH OPPORTUNITIES LTD,LSE,SETS,USD,GG00BKTRRM22,2.0899999141693115,-0.2065217156566458,2.1321031564822155,2.0863218514515003,1.7413393680645592,-0.01649869954585892,-0.003606602593681107,35.48386600586355,,,,,,,,,
SEIT.L,SEIT,SDCL EFFICIENCY INCOME TRUST PLC,LSE,SETS,GBX,GB00BGHVZM47,50.20000076293945,-0.21904760693746905,50.43393751020702,52.24657334118288,53.88029627012379,-0.5107623954618816,-0.7388717250479148,52.04082824251871,6.3400002,4.0,Quarterly,2025-12-18,0.12629482278176687,,,,
TRY.L,TRY,TR PROPERTY INV TST PLC,LSE,SETS,GBX,GB0009064097,343.0,-0.10483870967741937,333.58232177356086,328.1333100452757,322.0971037907609,4.213875017776843,3.327998023174145,75.75757575757575,16.0,2.0,Semi-Annual,2025-12-11,0.04664723032069971,,,,
JDW.L,JDW,WETHERSPOON(J.D.) PLC,LSE,SETS,GBX,GB0001638955,747.0,-0.23072139303482586,710.2324906732996,706.5887496621472,687.7222903800608,2.261720849967901,-5.078166136184291,74.89539748953975,12.0,2.0,Semi-Annual,2025-10-23,0.01606425702811245,,,,
FOUR.L,FOUR,4IMPRINT GROUP PLC,LSE,SETS,GBX,GB0006640972,3840.0,-0.4730902777777778,4002.4512958409623,3958.2444511334684,3891.1094841172862,-55.82028627588625,-15.378402757648994,28.426395939086305,377.100002,2.0,Semi-Annual,2025-08-14,0.09820312552083334,,,,
AAS.L,AAS,ABERDEEN ASIA FOCUS PLC,LSE,SETS,GBX,GB00BMF19B58,400.0,-0.14093959731543626,387.83338905066427,378.8325005073445,352.6568491993371,6.053963521718458,4.8362638430285365,71.42857142857143,6.43,4.0,Quarterly,2025-11-20,0.016075,,,,
AEP.L,AEP,AEP PLANTATIONS PLC,LSE,SETS,GBX,GB0000365774,1485.0,-0.09285714285714286,1469.2590826193778,1423.4989924445124,1208.2829080293202,19.795888834483776,24.50967434673342,46.0,65.728402,2.0,Semi-Annual,2025-10-16,0.04426155016835017,,,,
AJB.L,AJB,AJ BELL PLC,LSE,SETS,GBX,GB00BFZNLB60,427.3999938964844,-0.24500451143747182,448.4197167203522,463.0676263175842,481.2281067970528,-7.024770124751058,-3.7526488678019625,29.999995376122385,14.25,2.0,Semi-Annual,2026-01-15,0.03334113290476866,,,,
ALFA.L,ALFA,ALFA FINANCIAL SOFTWARE HOLDINGS PL,LSE,SETS,GBX,GB00BDHXPG30,185.1999969482422,-0.25472838250204355,201.1372879547451,209.46985685779234,221.7579967977311,-6.427250265443291,-4.373767548122647,25.999991353350666,8.8000001,3.0,Irregular,2025-09-25,0.047516200027040684,,,,
ATT.L,ATT,ALLIANZ TECHNOLOGY TRUST PLC,LSE,SETS,GBX,GB00BNG2M159,524.0,-0.32527472527472523,532.4841788470467,530.0744944471267,492.2134057819118,-2.8669908101585406,-0.8982072306626465,40.77669902912622,,,,,,,,,
AO.L,AO.,AO WORLD PLC,LSE,SETS,GBX,GB00BJTNFH41,101.0,-0.2102272468657529,104.94740926100262,106.13486349082883,102.03606739220326,-2.178462104772535,-1.3838275054282079,21.084339287478826,,,,,,,,,
AIE.L,AIE,ASHOKA INDIA EQUITY INVESTMENT TRUS,LSE,SETS,GBX,GB00BF50VS41,251.0,-0.1750433275563258,252.26633710688787,258.66518805209625,267.10722483494476,-2.107896363930763,-3.4500713936118186,63.829787234042556,0.5,1.0,Annual,2025-10-09,0.00199203187250996,,,,
AML.L,AML,ASTON MARTIN LAGONDA GLOBAL HOLDING,LSE,SETS,GBX,GB00BN7CG237,63.29999923706055,-0.5092436846564798,62.2206946370982,62.83081094457096,71.60472182113398,0.05778298155995287,-0.2666233745570687,57.22221492249598,,,,,,,,,
ATYM.L,ATYM,"ATALAYA MINING COPPER, S.A.",LSE,SETS,GBX,CY0106002112,944.0,-0.23737373737373735,951.3049333421061,886.5109007986711,677.3316735875865,12.443663638317275,25.53549854185492,34.682080924855484,6.1,2.0,Semi-Annual,2025-09-11,0.006461864406779661,,0.05,0.07,40.0
AVON.L,AVON,AVON TECHNOLOGIES PLC,LSE,SETS,GBX,GB0000667013,1698.0,-0.24036697247706418,1755.9727525913165,1818.6192430068909,1819.5966171786995,-57.76777075889527,-45.90813955233919,18.023255813953483,18.1200004,2.0,Semi-Annual,2026-02-05,0.010671378327444052,,,,
USA.L,USA,BAILLIE GIFFORD US GROWTH TRUST PLC,LSE,SETS,GBX,GB00BDFGHW41,283.5,-0.274074074074074,285.2084705950335,284.5030017203562,271.9638235538958,-0.7847954446179983,-0.7952753968709239,53.086419753086425,,,,,,,,,
BAKK.L,BAKK,BAKKAVOR GROUP PLC,LSE,SETS,GBX,GB00BF8J3Z99,252.0,-0.1492842535787321,238.26674450692647,232.56266165827643,213.87179309555464,3.845351031870905,2.3505056606925683,67.03296703296704,4.8,1.0,Annual,2025-04-24,0.019047619047619046,,,,
BCG.L,BCG,BALTIC CLASSIFIEDS GROUP PLC,LSE,SETS,GBX,GB00BN44P254,183.60000610351562,-0.5353642545788493,193.09696245321612,207.00750288671023,269.7239052055502,-5.421703215001656,-4.096364665132009,24.1176375550738,3.3966,2.0,Semi-Annual,2025-12-11,0.01849999938499436,,,,
BHMG.L,BHMG,BH MACRO LD,LSE,SETS,GBX,GG00BQBFY362,423.5,-0.05616605616605619,418.41853853482047,409.9307587344114,400.4185593299569,6.233277816804218,6.004140632828679,65.07936507936508,,,,,,,,,
BPCR.L,BPCR,BIOPHARMA CREDIT PLC,LSE,SETS,USD,GB00BDGKMY29,0.9520000219345093,-0.09865470582335367,0.9269094743632789,0.9163589092599478,0.8988197318971493,0.009689465319498325,0.0061646266194991615,69.81133985198913,0.0675,3.0,Irregular,2025-09-25,0.07090335971089244,,,,
BRGE.L,BRGE,BLACKROCK GREATER EURO INV TST PLC,LSE,SETS,GBX,GB00B01RDH75,587.0,-0.2082658022690438,589.1974930299074,587.877218585109,585.9769097078356,-1.0342440849100285,-0.1960681075746025,42.64705882352941,7.15,2.0,Semi-Annual,2025-11-20,0.012180579216354345,,,,
BRSC.L,BRSC,BLACKROCK SMALLER COMPANIES TST PLC,LSE,SETS,GBX,GB0006436108,1368.0,-0.17469879518072284,1367.0956389063087,1344.655683735562,1317.2602569357966,10.572606387976748,13.902707168230677,40.625,44.5,2.0,Semi-Annual,2025-11-06,0.03252923976608187,,,,
THRG.L,THRG,BLACKROCK THROGMORTON TRUST PLC,LSE,SETS,GBX,GB0008910555,655.0,-0.21043771043771042,653.9107682150217,638.552701896733,608.652952427096,6.473524420676426,8.429934639432695,48.333333333333336,18.05,2.0,Semi-Annual,2025-08-14,0.02755725190839695,,,,
BRWM.L,BRWM,BLACKROCK WORLD MINING TRUST PLC,LSE,SETS,GBX,GB0005774855,955.0,-0.20137524557956776,935.4048698045959,877.0496928049026,707.0024463656878,14.52823678853656,19.79645586730648,39.29712460063898,23.0,4.0,Quarterly,2025-11-27,0.024083769633507852,,,,
BSIF.L,BSIF,BLUEFIELD SOLAR INCOME FUND LIMITED,LSE,SETS,GBX,GG00BB0RDB98,75.5,-0.33762374726852573,73.19196950780047,72.33157329234054,79.70195984473082,1.7090506218171981,1.3761976693240106,73.68420524280052,8.95,4.0,Quarterly,2026-02-05,0.11854304635761588,,,,
BREE.L,BREE,BREEDON GROUP PLC,LSE,SETS,GBX,GB00BM8NFJ84,351.20001220703125,-0.36344969199178645,345.0464546368551,338.9100505555812,363.05094082848643,5.933751842714628,4.78039207342769,57.31344983158389,14.75,2.0,Semi-Annual,2025-10-02,0.04199885958803704,,,,
BPT.L,BPT,BRIDGEPOINT GROUP PLC,LSE,SETS,GBX,GB00BND88V85,265.0,-0.41107125611817985,269.82990446168264,278.2755877966508,301.91750243250493,-5.4494544399801725,-5.236871797883381,40.98360655737705,9.3,2.0,Semi-Annual,2025-09-18,0.03509433962264151,,,,
BUT.L,BUT,BRUNNER INV TST PLC,LSE,SETS,GBX,GB0001490001,1472.0,-0.2027972027972028,1463.4144217358942,1449.202033246666,1420.2735351483036,4.566975833336755,5.143215505985286,59.01639344262295,24.8,4.0,Quarterly,2025-10-30,0.01684782608695652,,,,
BYIT.L,BYIT,BYTES TECHNOLOGY GROUP PLC,LSE,SETS,GBX,GB00BMH18Q19,297.6000061035156,-0.4711433867577416,318.2562047272753,337.1002513034952,380.44814272124535,-14.668040294527259,-11.825263394071648,22.8699530090783,20.099999999999998,2.0,Semi-Annual,2025-11-06,0.06754032119545225,,,,
CGT.L,CGT,CAPITAL GEARING TRUST PLC,LSE,SETS,GBX,GB0001738615,5010.0,-0.029743589743589705,4974.843193562363,4958.567589085352,4903.142322814801,9.64312110118317,6.724603290675008,71.42857142857143,102.0,1.0,Annual,2025-06-05,0.02035928143712575,,,,
CWR.L,CWR,CERES POWER HOLDINGS PLC,LSE,SETS,GBX,GB00BG5KQW09,304.79998779296875,-0.6597586891172665,295.50788783931586,286.3222468225713,217.3159027206727,3.1936353803970405,5.003711761297437,41.129023326670605,,,,,,,,,
CSN.L,CSN,CHESNARA PLC,LSE,SETS,GBX,GB00B00FPT80,307.0,-0.12499985097484723,305.81641513489234,298.50219472036935,276.03876575180936,2.8887280809993854,3.335107741497166,55.81395348837209,21.6654,2.0,Semi-Annual,2025-09-04,0.07057133550488599,,,,
CHRY.L,CHRY,CHRYSALIS INVESTMENTS LIMITED,LSE,SETS,GBX,GG00BGJYPP46,96.5999984741211,-0.26380364652311394,103.22247521512917,108.83462928943908,111.05537182132873,-4.5178873843019005,-3.8309734159299094,22.17390640922214,,,,,,,,,
CMCX.L,CMCX,CMC MARKETS PLC,LSE,SETS,GBX,GB00B14SKR37,324.5,-0.2884283246977547,320.62338381685674,304.2739103101212,263.09878541702756,4.256442941890896,5.7521075310667,46.610169491525426,13.799999,2.0,Semi-Annual,2025-11-27,0.042526961479198766,,,,
DSCV.L,DSCV,DISCOVERIE GROUP PLC,LSE,SETS,GBX,GB0000055888,636.0,-0.25338753387533874,624.8415992712952,612.8912765189099,608.3322236257029,7.547094979192934,7.323688544945672,60.0,12.649999999999999,2.0,Semi-Annual,2025-12-11,0.019889937106918238,,,,
DOCS.L,DOCS,DR. MARTENS PLC,LSE,SETS,GBX,GB00BL6NGV24,68.0,-0.33999999364217126,69.59734625854274,73.79580800643512,76.92745816474161,-2.167323705311773,-2.366650562879939,30.730473264639315,2.55,2.0,Semi-Annual,2025-08-28,0.0375,,,,
EWI.L,EWI,EDINBURGH WORLDWIDE INV TRUST PLC,LSE,SETS,GBX,GB00BHSRZC82,233.0,-0.23936170212765961,228.72909326733202,221.47077578945482,202.12724550928738,3.694871264217852,3.413372331231998,67.9245283018868,,,,,,,,,
ELM.L,ELM,ELEMENTIS PLC,LSE,SETS,GBX,GB0002418548,170.39999389648438,-0.28660048277219263,167.89282432013954,166.57671159941714,161.9380742030906,0.918050731239731,0.321988533877508,54.39999658202916,3.25,2.0,Semi-Annual,2025-08-14,0.019072770636214518,,,,
ESP.L,ESP,EMPIRIC STUDENT PROPERTY PLC,LSE,SETS,GBX,GB00BLWDVR75,0.800000011920929,-0.9923664123222798,64.32165029131632,72.68306763104074,82.29778053596335,-10.49592659451828,-2.565995772175086,2.0782361109512664,3.85,4.0,Quarterly,2025-11-20,4.812499928288163,,,,
FSV.L,FSV,FIDELITY SPECIAL VALUES PLC,LSE,SETS,GBX,GB00BWXC7Y93,448.5,-0.11261261261261257,440.2930952571147,427.0074401219905,393.6089718091174,7.16905510091658,7.242827351302432,74.64788732394366,10.2,2.0,Semi-Annual,2025-11-27,0.022742474916387957,,,,
FGEN.L,FGEN,FORESIGHT ENVIRONMENTAL INFRASTRUCT,LSE,SETS,GBX,GG00BJL5FH87,70.0,-0.2768691281625111,70.86085674381096,69.80124335948803,71.20615732307448,0.39618870620353164,0.8835567523798405,37.5,7.88,4.0,Quarterly,2025-12-04,0.11257142857142857,,,,
FSG.L,FSG,FORESIGHT GROUP HOLDINGS LIMITED,LSE,SETS,GBX,GG00BMD8MJ76,411.5,-0.24197530864197536,419.91951055989995,429.60294468360536,432.61414850670263,-7.069418235798707,-5.38054230735272,35.66433566433567,24.9,2.0,Semi-Annual,2026-01-15,0.06051032806804374,,,,
FSFL.L,FSFL,FORESIGHT SOLAR FUND LD,LSE,SETS,GBX,JE00BD3QJR55,62.79999923706055,-0.34452873239804505,62.845698806133754,64.86239760766502,72.21702283226158,-0.8159234548804193,-0.8393557338758182,37.62375564508545,8.075,4.0,Quarterly,2026-01-29,0.12858280410988684,,,,
FUTR.L,FUTR,FUTURE PLC,LSE,SETS,GBX,GB00BYZN9041,409.6000061035156,-0.6019436286651938,483.8475454574815,524.9167690739209,643.2921244156876,-28.607747302219707,-17.464548908159685,16.81128038290626,17.0,1.0,Annual,2026-01-15,0.04150390563154361,,,,
GFRD.L,GFRD,GALLIFORD TRY HOLDINGS PLC,LSE,SETS,GBX,GB00BKY40Q38,566.0,-0.17480719794344468,536.3639348077666,526.4401092143613,479.68054867416123,5.539396744369014,3.172289573600316,66.66666666666666,19.000000999999997,2.0,Semi-Annual,2025-11-06,0.033568906360424026,,,,
GAMA.L,GAMA,GAMMA COMMUNICATIONS PLC,LSE,SETS,GBX,GB00BQS10J50,902.0,-0.3630434782608696,904.1721512157,915.5103851272384,1025.3524376257901,-2.408286667313405,-1.2574894405880221,43.92523364485981,20.4,2.0,Semi-Annual,2025-09-18,0.022616407982261638,,,,
HWG.L,HWG,HARWORTH GROUP PLC,LSE,SETS,GBX,GB00BYZJ7G42,160.5,-0.158311345646438,162.84965836006614,163.94130590796513,167.1990014150939,-1.0253938560613278,-0.695019992029635,46.34146341463415,1.663,2.0,Semi-Annual,2025-09-25,0.010361370716510904,,,,
HTWS.L,HTWS,HELIOS TOWERS PLC,LSE,SETS,GBX,GB00BJVQC708,191.39999389648438,-0.13909093683416196,177.85750923894668,168.90892560440656,144.9778184741198,6.285732683722841,4.890998723595279,89.18919615540257,,,,,,,,,
HSL.L,HSL,HENDERSON SMALLER COS INV TST PLC,LSE,SETS,GBX,GB0009065060,920.0,-0.17199017199017197,912.6867137552465,892.5483195908898,859.8813310663924,8.123783257565492,11.191377033369188,46.34146341463415,20.5,1.0,Annual,2025-08-28,0.022282608695652174,,,,
HGT.L,HGT,HG CAPITAL TRUST PLC,LSE,SETS,GBX,GB00BJ0LT190,467.5,-0.29368029739776946,462.9032154739147,477.7191870189051,491.71229173441185,-10.912895074174969,-13.819344078153046,42.857142857142854,5.5,2.0,Semi-Annual,2025-09-25,0.011764705882352941,,,,
HFG.L,HFG,HILTON FOOD GROUP PLC,LSE,SETS,GBX,GB00B1V9NW54,518.0,-0.4966887417218543,504.18451509209865,515.8858484318893,646.3211886096859,2.623588416097448,-0.2034217082377876,50.78125,35.0,2.0,Semi-Annual,2025-10-30,0.06756756756756757,,,,
BOWL.L,BOWL,HOLLYWOOD BOWL GROUP PLC,LSE,SETS,GBX,GB00BD0NVK62,260.0,-0.23202614379084963,265.84210228540337,269.73348844479125,267.6004750817268,-3.8535773247560314,-3.310128842655031,33.92857142857143,13.279999,2.0,Semi-Annual,2026-01-29,0.05107691923076923,,,,
HTG.L,HTG,HUNTING PLC,LSE,SETS,GBX,GB0004478896,480.5,-0.254160363086233,452.8817568341995,418.33735756335557,359.4575978277109,21.098206596191517,20.155234380001,72.1311475409836,9.1455003,2.0,Semi-Annual,2025-10-02,0.019033299271592093,,,,
ICGT.L,ICGT,ICG ENTERPRISE TRUST PLC,LSE,SETS,GBX,GB0003292009,1484.0,-0.22687861271676302,1503.1453045835692,1507.5039331241092,1451.3568418299258,-8.525537186864085,-3.824264169953564,40.4040404040404,37.5,4.0,Quarterly,2026-02-12,0.02526954177897574,,,,
IPF.L,IPF,INTERNATIONAL PERSONAL FINANCE PLC,LSE,SETS,GBX,GB00B1YKG049,237.0,-0.19358972402719354,234.8904040712075,228.3368715105086,201.03942266802093,1.80635292756196,2.30450111909483,55.55555555555556,11.8,2.0,Semi-Annual,2025-08-28,0.04978902953586498,,,,
IAD.L,IAD,INVESCO ASIA DRAGON TRUST PLC,LSE,SETS,GBX,GB0004535307,443.0,-0.15254237288135597,438.7621525567785,433.7858625909139,402.0453418788943,1.619734086845483,1.3584168622356183,80.0,15.7500009,4.0,Quarterly,2025-12-18,0.035553049435665916,,,,
INVP.L,INVP,INVESTEC PLC,LSE,SETS,GBX,GB00B17BBQ50,625.5,-0.23119777158774368,609.1291253413054,587.9789936186737,558.9955384336399,13.295002814016584,13.278299616272433,64.90066225165563,37.5,2.0,Semi-Annual,2025-12-11,0.05995203836930456,,,,
ITH.L,ITH,ITHACA ENERGY PLC,LSE,SETS,GBX,GB00BPJHV584,189.1999969482422,-0.3524210397820724,180.21004363662038,178.38902584583656,174.65379270574337,4.7076880413882805,3.7322545204628805,72.72728849049551,22.7768768,3.0,Irregular,2025-11-27,0.12038518587413548,,,,
JSG.L,JSG,JOHNSON SERVICE GROUP PLC,LSE,SETS,GBX,GB0004762810,145.1999969482422,-0.16813041919169003,143.33451480444722,140.9964406524267,140.65692381948216,1.8369163610404655,1.783289977242189,58.5366057896015,4.300000000000001,2.0,Semi-Annual,2025-10-02,0.029614325691293047,,,,
JEDT.L,JEDT,JPMORGAN EURO DISCOVERY TRUST PLC,LSE,SETS,GBX,GB00BMTS0Z37,630.0,-0.12671905697445973,623.3585247782856,609.559689313971,574.2757549598545,6.223134622284192,7.192202590562897,57.8125,13.0,2.0,Semi-Annual,2025-12-18,0.020634920634920634,,,,
JEGI.L,JEGI,JPMORGAN EUROPEAN GROWTH & INCOME,LSE,SETS,GBX,GB00BPR9Y246,144.5,-0.13043478260869568,144.98745480461528,141.85079206083958,131.497216565809,1.2463806654327243,1.4788102122406348,54.285714285714285,5.000000099999999,4.0,Quarterly,2026-02-12,0.03460207681660899,,,,
JGGI.L,JGGI,JPMORGAN GLOBAL GWTH & INC PLC,LSE,SETS,GBX,GB00BYMKY695,575.0,-0.2013311148086523,577.2491937770528,575.9464470884832,570.5150541856906,-0.17676346642656426,0.20955687833094896,46.2962962962963,22.9,4.0,Quarterly,2025-11-20,0.039826086956521733,,,,
JIGI.L,JIGI,JPMORGAN INDIA GROWTH & INCOME PLC,LSE,SETS,GBX,GB0003450359,961.0,-0.16003616636528029,971.3567991320662,993.3633970619344,1020.2993013096818,-8.344328033376996,-11.17088792054579,55.0,22.16,2.0,Semi-Annual,2026-01-29,0.023059313215400626,,,,
JTC.L,JTC,JTC PLC,LSE,SETS,GBX,JE00BF4X3P53,1292.0,-0.2192893401015228,1292.0097139776378,1286.4222915193875,1167.9825097689095,1.034813615181747,1.2752474246527874,53.846153846153854,13.24,2.0,Semi-Annual,2025-09-25,0.010247678018575852,,,,
KNOS.L,KNOS,KAINOS GROUP PLC,LSE,SETS,GBX,GB00BZ0D6727,712.0,-0.4121848739495798,833.6881382542294,913.3520514810489,884.1802844292968,-72.39191227789001,-57.70432268769379,15.116279069767444,28.900000000000002,2.0,Semi-Annual,2025-11-20,0.04058988764044944,,,,
KLR.L,KLR,KELLER GROUP PLC,LSE,SETS,GBX,GB0004866223,1952.0,-0.1957340025094103,1827.8786961511037,1732.0265300496799,1559.058765489074,63.484303956477106,52.513678398344275,92.0,51.400000000000006,2.0,Semi-Annual,2025-08-14,0.026331967213114756,,,,
KIE.L,KIE,KIER GROUP PLC,LSE,SETS,GBX,GB0004915632,247.0,-0.25773196383077024,229.6869133071976,224.22671226821572,204.64714160663246,4.653379332090168,2.718167115352051,76.92307692307693,7.2000003,2.0,Semi-Annual,2025-10-30,0.0291497987854251,,,,
LWDB.L,LWDB,LAW DEBENTURE CORPORATION PLC,LSE,SETS,GBX,GB0031429219,1160.0,-0.13973799126637554,1138.6531926417545,1103.1355491126192,1032.3490034969548,19.00854337964597,19.903980815165735,65.0,34.625,4.0,Quarterly,2025-12-18,0.029849137931034483,,,,
MEGP.L,MEGP,ME GROUP INTERNATIONAL PLC,LSE,SETS,GBX,GB0008481250,144.0,-0.4260869565217391,140.5692786269479,147.71402026432372,176.79347351557783,-1.2917240507742633,-2.4582194267426036,58.52273170613291,8.3000003,2.0,Semi-Annual,2025-11-06,0.057638890972222225,,,,
MRCH.L,MRCH,MERCHANTS TRUST PLC,LSE,SETS,GBX,GB0005800072,648.0,-0.12867647058823528,633.4657501754034,612.9344823566028,577.5736541621783,11.74684381640725,11.24038938380688,71.01449275362319,29.2999991,4.0,Quarterly,2026-02-05,0.04521604799382716,,,,
MTRO.L,MTRO,METRO BANK HOLDINGS PLC,LSE,SETS,GBX,GB00BMX3W479,127.5999984741211,-0.2514970401833796,129.4029938666756,125.05408878955934,117.6981904815075,1.2048272481112008,2.304338236217434,45.3124967403708,,,,,,,,,
MTO.L,MTO,MITIE GROUP PLC,LSE,SETS,GBX,GB0004657408,179.60000610351562,-0.14661659311025543,172.07911025226463,167.78428759268684,152.98066616692103,2.4544139347599128,1.8255411165143198,69.23077424680902,4.4000001,2.0,Semi-Annual,2026-01-08,0.02449888613847809,,,,
GROW.L,GROW,MOLTEN VENTURES PLC,LSE,SETS,GBX,GB00BY7QYJ50,478.3999938964844,-0.33933234803043355,486.5808891543783,483.7505086892215,418.00952410031266,-8.134965220786682,-5.2868897168794575,36.858005392359786,,,,,,,,,
MOON.L,MOON,MOONPIG GROUP PLC,LSE,SETS,GBX,GB00BMT9K014,207.5,-0.25780344468780103,209.53460812417816,209.78885452022823,214.07562996298995,-1.2424838341466966,-0.042965854150375266,31.48148148148148,3.0,2.0,Semi-Annual,2025-10-23,0.014457831325301205,,,,
MGNS.L,MGNS,MORGAN SINDALL GROUP PLC,LSE,SETS,GBX,GB0008085614,5400.0,-0.1975476839237057,5022.162761899939,4872.538008189712,4484.339582228529,104.51299078247575,71.41918249877983,72.98578199052133,140.0,2.0,Semi-Annual,2025-10-02,0.025925925925925925,,,,
MUT.L,MUT,MURRAY INCOME TRUST PLC,LSE,SETS,GBX,GB0006111123,932.0,-0.12223515715948774,929.1436840673523,921.8197245725794,897.8268972101087,3.1340766992628915,3.5843800118130793,50.0,40.0,4.0,Quarterly,2026-02-12,0.04291845493562232,,,,
NBPE.L,NBPE,NB PRIVATE EQUITY PARTNERS LD,LSE,SETS,GBX,GG00B1ZBD492,1492.0,-0.19017632241813598,1522.8178745362604,1542.0999878586192,1518.371738381245,-21.258986400750473,-18.24467658683078,37.037037037037045,68.89448,2.0,Semi-Annual,2026-01-22,0.04617592493297587,,,,
NCC.L,NCC,NCC GROUP PLC,LSE,SETS,GBX,GB00B01QGK86,133.8000030517578,-0.21052630137988915,136.0463589525611,138.70939213927474,142.52872812593284,-1.4913073900806637,-1.2034161497495124,37.69231942983774,3.0,2.0,Semi-Annual,2025-07-03,0.022421524152279063,,,,
N91.L,N91,NINETY ONE PLC,LSE,SETS,GBX,GB00BJHPLV88,240.1999969482422,-0.21194223566900283,240.67490379930044,231.6787076412436,204.9175680051607,3.0172861197746386,5.277262294044762,24.02233922530472,12.8,2.0,Semi-Annual,2025-12-04,0.05328892657212697,,,,
NAS.L,NAS,NORTH ATLANTIC SMALL CO INV TST PLC,LSE,SETS,GBX,GB00BRDXZ870,359.0,-0.1542553191489362,358.77354094625207,360.9140456335187,367.50983964054336,-0.4441981499593908,-0.7965057384521161,58.064516129032256,8.8,1.0,Annual,2025-03-06,0.024512534818941507,,,,
OCI.L,OCI,OAKLEY CAPITAL INVESTMENTS LD,LSE,SETS,GBX,BMG670131058,542.0,-0.11805555555555558,537.7419737389556,546.9593556215932,536.7997749368546,-5.846190560966534,-8.199052028411655,46.80851063829787,2.25,1.0,Annual,2025-03-20,0.004151291512915129,,,,
OXB.L,OXB,OXFORD BIOMEDICA PLC,LSE,SETS,GBX,GB00BDFBVT43,823.0,-0.40384615384615385,814.2703287113442,755.0405956275625,591.4210626903489,16.712521585371633,27.944549167780895,38.28571428571428,,,,,,,,,
OXIG.L,OXIG,OXFORD INSTRUMENTS PLC,LSE,SETS,GBX,GB0006650450,2590.0,-0.2592592592592593,2466.5845725806275,2299.256545569717,2052.2017924884353,88.07137393944367,90.4034985562146,56.19047619047619,22.5,2.0,Semi-Annual,2025-11-27,0.008687258687258687,,,,
PHI.L,PHI,PACIFIC HORIZON INV TST PLC,LSE,SETS,GBX,GB0006667470,902.0,-0.1564059900166389,880.912345470483,838.1766515960228,738.2087794031256,21.1311220139047,22.814409865808212,70.11494252873563,1.5,1.0,Annual,2025-10-23,0.0016629711751662971,,,,
PINT.L,PINT,PANTHEON INFRASTRUCTURE PLC,LSE,SETS,GBX,GB00BLNNFL88,113.5,-0.10619469026548678,112.916524251713,110.79724864293996,105.6639135350653,0.9446452799336953,1.1013719542570928,60.869565217391305,4.273,2.0,Semi-Annual,2025-10-02,0.03764757709251101,,,,
PEY.L,PEY,PARTNERS GROUP PRIVATE EQUITY LD,LSE,SETS,EUR,GG00B28C2R28,9.739999771118164,-0.12796211915288047,10.068118348720628,10.218582616584039,10.238569113454078,-0.14610592973313707,-0.10811088677540269,10.988961468366796,0.75,2.0,Semi-Annual,2025-11-13,0.07700205519757411,,,,
PPET.L,PPET,PATRIA PRIVATE EQUITY TRUST PLC,LSE,SETS,GBX,GB0030474687,605.0,-0.12565445026178013,617.5675251020587,614.6879272091003,588.6041831718454,-2.6303866683938395,-0.6544236394858811,31.25,17.6,4.0,Quarterly,2025-12-11,0.029090909090909094,,,,
PAY.L,PAY,PAYPOINT PLC,LSE,SETS,GBX,GB00BVMTNR93,548.0,-0.5254756861889565,530.9730747712129,531.3168272297776,638.2887457153122,14.051002642595222,13.696553956362639,55.45851528384279,95.801701,5.0,Irregular,2025-11-27,0.1748206222627737,,,,
PETS.L,PETS,PETS AT HOME GROUP PLC,LSE,SETS,GBX,GB00BJ62K685,220.0,-0.29428991787286685,210.9902084169392,207.61423791358789,217.36376042304857,4.629899210329711,3.5988817371796245,67.82608032226562,12.999998999999999,2.0,Semi-Annual,2025-12-04,0.05909090454545454,,,,
PINE.L,PINE,PINEWOOD TECHNOLOGIES GROUP PLC,LSE,SETS,GBX,GB00BSB7BS06,436.5,-0.4121863799283154,425.85783937962066,397.69421621034894,397.87983482439085,24.639208155099197,24.415640075102942,68.09651474530831,,,,,,,,,
PLUS.L,PLUS,PLUS500 LTD,LSE,SETS,GBX,IL0011284465,4682.0,-0.15362485615650168,4416.5754378346655,4000.712554700095,3450.339970774588,259.05769172394685,241.10249858703324,67.69456681350954,167.0398,2.0,Semi-Annual,2025-08-21,0.03567701836821871,,,,
PCGH.L,PCGH,POLAR CAPITAL GLOBAL HEALTH.TST PLC,LSE,SETS,GBX,GB00B6832P16,413.0,-0.18400000000000005,419.64142656306683,417.7347746087842,386.23032057368766,-3.51801076441717,-1.7408087049184997,30.612244897959187,2.2,2.0,Semi-Annual,2026-02-05,0.005326876513317192,,,,
POLN.L,POLN,POLLEN STREET GROUP LIMITED,LSE,SETS,GBX,GG00BMHG0H12,896.0,-0.1472868217054264,910.8017584331128,916.2282272846966,873.4467262420796,-6.826065376075803,-5.103156838244859,41.99999999999999,54.100002,2.0,Semi-Annual,2025-09-25,0.060379466517857146,,,,
PPH.L,PPH,PPHE HOTEL GROUP LD,LSE,SETS,GBX,GG00B1Z5FH87,2000.0,-0.27344632768361576,1900.17984514153,1815.4079474632438,1613.339743943962,51.56593781598713,40.19294291383269,75.56818181818181,38.0,2.0,Semi-Annual,2025-09-18,0.019,,,,
PFD.L,PFD,PREMIER FOODS PLC,LSE,SETS,GBX,GB00B7N0K053,194.1999969482422,-0.2214452214452215,188.77301126915413,182.83980800650997,184.65793225164825,5.088211640141509,4.88197822796573,77.27271545031223,2.8000002,1.0,Annual,2025-06-26,0.014418126900106238,,,,
PHP.L,PHP,PRIMARY HEALTH PROPERTIES PLC,LSE,SETS,GBX,GB00BYRJ5J14,107.9000015258789,-0.15410625070765394,104.06450637923975,101.39991695437787,96.94811375326654,1.1605263373417358,1.1540476003922713,61.8705067561263,7.1500002,4.0,Quarterly,2026-01-29,0.06626506115743783,,,,
PRSR.L,PRSR,PRS REIT (THE) PLC,LSE,SETS,GBX,GB00BF01NH51,143.0,-0.9904882157726939,106.7133225539043,110.08030590951253,110.83827456280889,-4.558656899766476,-2.2810091179317498,55.74222037650977,4.4,4.0,Quarterly,2025-11-13,0.03076923076923077,,,,
RNK.L,RNK,RANK GROUP PLC,LSE,SETS,GBX,GB00B1L5QH97,91.5,-0.45143215986345764,92.72922301369684,98.75320930805668,110.12821859234765,-2.0463278370604314,-2.585540247167881,53.030294856787044,2.95,2.0,Semi-Annual,2026-02-12,0.03224043715846995,,,,
RPI.L,RPI,RASPBERRY PI HOLDINGS PLC,LSE,SETS,GBX,GB00BS3DYQ52,283.6000061035156,-0.6304597525761045,274.6936742400801,294.25478268201493,386.9447095289818,-6.527531781161144,-8.855079115062555,54.93672617086232,,,,,,,,,
RICA.L,RICA,RUFFER INVESTMENT COMPANY LD,LSE,SETS,GBX,GB00B018CS46,303.0,-0.061328790459965976,300.637139397641,298.5510975238881,291.7261013329097,0.6135196535248042,1.1410497239909576,48.611111111111114,6.2000001000000005,2.0,Semi-Annual,2025-10-09,0.02046204653465347,,,,
ATR.L,ATR,SCHRODER ASIAN TOTAL RETURN INV CO,LSE,SETS,GBX,GB0008710799,602.0,-0.19277108433734935,592.2477520706585,579.1992963515007,537.760696540435,7.190614352843568,6.52680460507196,72.72727272727272,11.5,1.0,Annual,2025-04-10,0.01910299003322259,,,,
SOI.L,SOI,SCHRODER ORIENTAL INCOME FUND LD,LSE,SETS,GBX,GB00B0CRWN59,379.5,-0.15696649029982368,365.60085022706505,353.6451484050411,323.3154928728518,6.421194402538674,5.825408452987032,76.81159420289855,12.2,4.0,Quarterly,2026-01-29,0.03214756258234519,,,,
SAIN.L,SAIN,SCOTTISH AMERICAN INV CO PLC,LSE,SETS,GBX,GB0007873697,520.0,-0.13263358778625955,520.2951104155782,516.119335585872,511.34847581854007,1.8902124920863344,2.2384079939383215,48.484848484848484,15.5000002,4.0,Quarterly,2025-11-13,0.029807692692307694,,,,
SNR.L,SNR,SENIOR PLC,LSE,SETS,GBX,GB0007958233,253.0,-0.339794714473597,241.09773338734647,223.74978810501628,196.27853873922746,8.309295716111023,9.599742026118108,51.06382978723405,2.5,2.0,Semi-Annual,2025-10-16,0.009881422924901186,,,,
SRE.L,SRE,SIRIUS REAL ESTATE LD,LSE,SETS,GBX,GG00B1W3VF54,103.4000015258789,-0.14426690088333904,100.03347390315858,98.81683130221803,95.86596945155809,0.9693223231455335,0.6409208457930123,59.19541464659464,5.406499999999999,2.0,Semi-Annual,2025-12-11,0.052287233270947905,,,,
SSON.L,SSON,SMITHSON INVESTMENT TRUST PLC,LSE,SETS,GBX,GB00BGJWTR88,1438.0,-0.17729591836734693,1484.5826128564272,1520.8733349347744,1526.5388004917086,-31.787869267172255,-25.9723672965169,27.67857142857143,2.68,2.0,Semi-Annual,2026-01-22,0.001863699582753825,,,,
SUPR.L,SUPR,SUPERMARKET INCOME REIT PLC,LSE,SETS,GBX,GB00BF345X11,85.80000305175781,-0.11635951323058258,84.27382504677976,82.93281495303692,80.07568843550229,0.6158723466377438,0.610365384975871,53.333367241753464,6.15,4.0,Quarterly,2026-01-29,0.07167831912884767,,,,
THRL.L,THRL,TARGET HEALTHCARE REIT PLC,LSE,SETS,GBX,GB00BJGTLF51,106.19999694824219,-0.11954457582268074,104.32090758047755,101.44192133439962,97.21209991837421,1.4986016305812058,1.6411737534587783,65.45451771129261,5.958,4.0,Quarterly,2026-02-12,0.05610169652738974,,,,
TRN.L,TRN,TRAINLINE PLC,LSE,SETS,GBX,GB00BKDTK925,195.60000610351562,-0.46085994298562527,204.9498502704209,216.1624086759022,253.8478311264199,-4.56622056813211,-4.55294858549449,39.51613002463557,,,,,,,,,
TRST.L,TRST,TRUSTPILOT GROUP PLC,LSE,SETS,GBX,GB00BNK9TP58,136.60000610351562,-0.6297994356783891,168.09331926597912,178.86271009546215,212.01795210890967,-13.280226553533652,-6.930821926371826,7.125013899800507,,,,,,,,,
TFIF.L,TFIF,TWENTYFOUR INCOME FUND LIMITED,LSE,SETS,GBX,GG00B90J5Z95,113.19999694824219,-0.06360421503839975,113.18836035811158,113.27538649862524,112.58734674063439,-0.14749692628123512,-0.1829023741551039,57.894726275064095,11.033900299999999,4.0,Quarterly,2026-01-22,0.09747262011892958,,,,
UEM.L,UEM,UTILICO EMERGING MARKETS TRUST PLC,LSE,SETS,GBX,GB00BD45S967,290.0,-0.11111111111111116,286.24481902126547,277.96484373855907,256.7138796972548,4.222475763370255,4.4285134378764255,68.18181818181819,9.395,4.0,Quarterly,2025-12-04,0.03239655172413793,,,,
VOF.L,VOF,VINACAPITAL VIETNAM OPP. FUND  LD,LSE,SETS,GBX,GG00BYXVT888,468.0,-0.20727673649393608,460.7266986346311,463.27279704465724,460.59451355704203,-1.197503631219945,-2.082152294630398,59.09090909090909,10.9607,2.0,Semi-Annual,2025-10-30,0.023420299145299143,,,,
FAN.L,FAN,VOLUTION GROUP PLC,LSE,SETS,GBX,GB00BN3ZZ526,694.0,-0.18888888888888888,665.9546732694262,651.6453406385936,624.7915169275068,12.826654147612771,8.604940895532183,79.74683544303798,10.8,2.0,Semi-Annual,2025-11-20,0.015561959654178675,,,,
EWG.L,EWG,W.A.G PAYMENT SOLUTIONS PLC,LSE,SETS,GBX,GB00BLGXWY71,116.0,-0.23478260869565215,121.97991654044412,115.4487165013313,96.76833533978565,0.8124408277675172,2.8648288691880457,37.5,3.0,1.0,Annual,2025-06-26,0.02586206896551724,,,,
WOSG.L,WOSG,WATCHES OF SWITZERLAND GROUP PLC,LSE,SETS,GBX,GB00BJDQQ870,480.6000061035156,-0.4342502434907387,494.6236142590832,481.7561816965151,444.43762548043384,-0.9135467327175206,4.110386846938706,27.867387457549526,,,,,,,,,
WIX.L,WIX,WICKES GROUP PLC,LSE,SETS,GBX,GB00BL6C2002,237.5,-0.16465515925966456,232.34339244463558,230.30099919113547,218.27954943092612,1.2519371931475405,0.5408908812604747,56.86274509803922,10.8999997,2.0,Semi-Annual,2025-10-02,0.04589473557894737,,,,
XPS.L,XPS,XPS PENSIONS GROUP PLC,LSE,SETS,GBX,GB00BDDN1T20,314.5,-0.23693803159173754,339.1866714669674,341.8764079323332,350.49701841831785,-4.277220364511777,-0.6379696954480986,20.930232558139537,12.299999999999999,2.0,Semi-Annual,2026-01-08,0.03910969793322734,,,,
ZIG.L,ZIG,ZIGUP PLC,LSE,SETS,GBX,GB00B41H7391,397.0,-0.1659751037344398,385.424318568703,376.9361595016478,350.9133894143403,3.902322923187853,2.933803452007619,80.0,26.400000000000002,2.0,Semi-Annual,2025-12-11,0.06649874055415618,,,,
450.L,450,450 PLC,LSE,SETSqx,GBX,JE00BZBYC658,0.020999999716877937,-0.9904545457901295,0.02125464796547417,0.08620728361649212,0.866137854528606,-0.0020397649062232626,-0.002998314151980924,,,,,,,,,,
4BB.L,4BB,4BASEBIO PLC,LSE,SETSqx,GBX,GB00BMCLYF79,565.0,-0.5274261603375527,578.2529166013496,617.2797923289577,791.1123478242893,-10.857930859188968,-14.59459843772656,42.857142857142854,,,,,,,,,
80M.L,80M,80 MILE PLC,LSE,SETSqx,GBX,GB00BFD3VF20,0.9900000095367432,-0.3670886247858288,0.9995725714100099,0.8428059157645201,0.5698585245670251,0.07195948183267742,0.09687109403293881,41.76470810979258,,,,,,,,,
88E.L,88E,88 ENERGY LIMITED,LSE,SETSqx,GBX,AU00000088E2,1.100000023841858,-0.9720481942177234,1.0510356274412642,1.062016758809,1.1938720390959894,0.0023284291036340665,-0.009551283469349352,72.97299038850642,,,,,,,,,
ABDX.L,ABDX,ABINGDON HEALTH PLC,LSE,SETSqx,GBX,GB00BLF79J41,6.0,-0.30000000000000004,6.069831217726648,6.27140076985822,6.488904200286537,-0.09974352965720623,-0.1212837872913998,,,,,,,,,,
AEG.L,AEG,ACTIVE ENERGY GROUP PLC,LSE,SETSqx,GBX,GB00BPG7NS80,0.09300000220537186,-0.8818181887145868,0.09052033678504176,0.08749562324328264,0.13635239627934498,0.0029115869621767626,0.00345538889798225,53.48837249597539,,,,,,,,,
AOM.L,AOM,ACTIVEOPS PLC,LSE,SETSqx,GBX,GB00BLH37Y17,273.0,-0.2264150943396226,270.2175555617547,254.40154437526004,201.96998097334935,6.66030062229629,8.657397449156754,52.83018867924528,,,,,,,,,
AEO.L,AEO,AEOREMA COMMUNICATIONS PLC,LSE,SETSqx,GBX,GB00B4QHH456,63.5,-0.20134228187919467,65.33092783860494,64.10969800689476,58.647537162254615,0.502832499898787,1.0420782538783242,44.444444444444436,3.0,1.0,Annual,2025-10-30,0.047244094488188976,,,,
AFRN.L,AFRN,AFERIAN PLC,LSE,SETSqx,GBX,GB00B013SN63,0.42500001192092896,-0.9011627923094819,1.3379548483286683,1.6065947929539715,2.3093344332219035,-0.2505734494566385,-0.13447191786969823,0.0,,,,,,,,,
ANIC.L,ANIC,AGRONOMICS LIMITED,LSE,SETSqx,GBX,IM00B6QH1J21,5.699999809265137,-0.42608692181808894,6.002952952568285,6.250202661498085,6.553249014236274,-0.05097946431535583,-0.05846158647170925,54.16666169961411,,,,,,,,,
ALBA.L,ALBA,ALBA MINERAL RESOURCES PLC,LSE,SETSqx,GBX,GB00B06KBB18,0.024000000208616257,-0.607142871397794,0.023953727134619806,0.021165328176885698,0.020024189957775336,0.0011746025606570003,0.0019020278291023898,15.00000279396778,,,,,,,,,
AGY.L,AGY,ALLERGY THERAPEUTICS PLC,LSE,SETSqx,GBX,GB00B02LCQ05,10.800000190734863,-0.25,11.342887874231417,11.041250320568912,9.227594653222749,-0.13397706838142653,0.012554044360289507,41.30434467120934,,,,,,,,,
ALT.L,ALT,ALTITUDE GROUP PLC,LSE,SETSqx,GBX,GB00B0LSFV82,24.0,-0.30188679245283023,22.30984665149923,21.992782845877137,22.8859985627455,0.551938627491726,0.32119622161212785,70.49180840459314,,,,,,,,,
ALU.L,ALU,ALUMASC GROUP PLC,LSE,SETSqx,GBX,GB0000280353,280.0,-0.41265822784810124,260.8960428807437,260.26726475443604,298.85125631337684,7.472084381590491,4.051652043745394,79.72027972027972,11.1,2.0,Semi-Annual,2025-09-25,0.03964285714285714,,,,
AMRQ.L,AMRQ,AMAROQ LTD.,LSE,SETSqx,GBX,CA02311U1030,118.0,-0.4343891402714932,123.53935923118728,114.572756046873,97.4621345596001,1.673777160165514,4.197520078327247,27.205882352941174,,,,,,,,,
AMCO.L,AMCO,AMCOMRI GROUP PLC,LSE,SETSqx,GBX,GB00BMBWCV32,121.5,-0.3380281690140845,123.63854129467181,124.00829137262852,109.89776921377799,-1.193481988266896,-0.9389335665852759,36.02485001848113,,,,,,,,,
AMP.L,AMP,AMPEAK ENERGY LIMITED,LSE,SETSqx,GBX,SG9999011118,2.8499999046325684,-0.5326086652301429,2.9434344331818143,2.9611274447634717,2.6807830777623227,-0.059575805842622565,-0.03728259455106075,28.57140910868212,,,,,,,,,
ATM.L,ATM,ANDRADA MINING LIMITED,LSE,SETSqx,GBX,GG00BD95V148,3.9000000953674316,-0.4125000238418579,3.9872901734882285,3.8255908347219436,3.3184326222840497,-0.001941814944697473,0.050406430938205585,26.82119456253973,,,,,,,,,
ASY.L,ASY,ANDREWS SYKES GROUP PLC,LSE,SETSqx,GBX,GB0002684552,530.0,-0.13157894736842102,521.5430952801427,513.3884845979692,514.8071119384844,7.718108931589086,7.228177540637257,87.5,25.900001,2.0,Semi-Annual,2025-10-02,0.04886792641509434,,,,
AYM.L,AYM,ANGLESEY MINING PLC,LSE,SETSqx,GBX,GB0000320472,5.75,-0.75,6.529044349595725,6.043830097805566,6.010274072870543,0.14058693356210394,0.20366114638320348,34.17721442583371,,,,,,,,,
ANG.L,ANG,ANGLING DIRECT PLC,LSE,SETSqx,GBX,GB00BF1XGQ00,52.5,-0.14634146341463417,53.3585686680742,53.06950031745183,49.766403175573174,-0.13244241797967504,0.00011416041183972062,20.0,,,,,,,,,
AAZ.L,AAZ,ANGLO ASIAN MINING PLC,LSE,SETSqx,GBX,GB00B0C18177,290.0,-0.18656716417910446,295.56576797402835,274.0950169869443,213.19409612444622,6.39771250101262,9.836653884395462,41.75824175824176,,,,,,,,,
ANGS.L,ANGS,ANGUS ENERGY PLC,LSE,SETSqx,GBX,GB00BYWKC989,0.002400000113993883,-0.9927272726708289,0.0024000032719371954,0.0026333245977331284,0.04733985167923777,-2.09135373785245e-07,-3.075519824812826e-07,,,,,,,,,,
ANCR.L,ANCR,ANIMALCARE GROUP PLC,LSE,SETSqx,GBX,GB0032350695,283.0,-0.28239202657807305,273.7990341802225,261.45604546770727,253.7255930145111,8.466685703737653,8.811094107616563,73.80952380952381,5.2,2.0,Semi-Annual,2025-10-16,0.018374558303886925,,,,
APTA.L,APTA,APTAMER GROUP PLC,LSE,SETSqx,GBX,GB00BNRRP542,0.875,-0.48076920255401323,0.9078316861785869,0.9033409045278827,0.7549183679032605,-0.00492124497787938,-0.004311975708134127,50.0,,,,,,,,,
AREC.L,AREC,ARECOR THERAPEUTICS PLC,LSE,SETSqx,GBX,GB00BMWLM973,72.5,-0.3027522935779816,78.50776418570078,79.10328609128585,69.54216566778817,-2.060317499010651,-1.089767679524106,0.0,,,,,,,,,
AAU.L,AAU,ARIANA RESOURCES PLC,LSE,SETSqx,GBX,GB00B085SD50,1.9500000476837158,-0.5128205308469007,1.845845646900874,1.6985051059697727,1.6117675951568868,0.11256715874041934,0.10941198342673703,52.99145534272111,,,,,,,,,
AXL.L,AXL,ARROW EXPLORATION CORP.,LSE,SETSqx,GBX,CA04274P1053,17.25,-0.5116279069767442,16.186741155489663,14.584349264867129,14.550132091412156,1.0486772229226382,1.0214898936666732,60.6060606060606,,,,,,,,,
ARV.L,ARV,ARTEMIS RESOURCES LIMITED,LSE,SETSqx,GBX,AU000000ARV3,0.30000001192092896,-0.6299999952316284,0.33353816956802856,0.3649409916358115,0.3777211470262219,-0.018537976284922653,-0.019205121581342136,30.769223715421546,,,,,,,,,
AST.L,AST,ASCENT RESOURCES PLC,LSE,SETSqx,GBX,GB00BJVH7905,0.32499998807907104,-0.8303030271284946,0.35306719640116657,0.38366155339122476,0.5535719063971105,-0.019646918539423408,-0.016906828867888954,25.9615401147733,,,,,,,,,
ARS.L,ARS,ASIAMET RESOURCES LD,LSE,SETSqx,GBX,BM04521V1038,1.7000000476837158,-0.23255818466549427,1.7172371656514076,1.659095650160358,1.3208450642867475,-0.0003304916498148014,0.01159820160194152,38.46154904224502,,,,,,,,,
ATOM.L,ATOM,ATOME PLC,LSE,SETSqx,GBX,GB00BP4BSM10,60.0,-0.37857142857142856,60.222459691590615,57.9786929168318,53.27484364905696,0.9343951167057796,1.5281523399447912,45.714285714285715,,,,,,,,,
BOOM.L,BOOM,AUDIOBOOM GROUP PLC,LSE,SETSqx,GBX,JE00BJYJFG60,590.0,-0.5763993948562784,623.174854392449,637.9808025746665,565.9404795261468,-20.65533394633394,-22.43933911849002,34.09090909090909,,,,,,,,,
AURA.L,AURA,AURA ENERGY LIMITED,LSE,SETSqx,GBX,AU000000AEE7,7.599999904632568,-0.4444444444444444,9.660517244243131,9.51337498678256,8.794874006327575,-0.21102248748287167,0.23082347285770588,24.02234943442592,,,,,,,,,
AURR.L,AURR,AURRIGO INTERNATIONAL PLC,LSE,SETSqx,GBX,GB00BNG73286,90.0,-0.5951219512195122,88.42322836869053,81.8778753846046,68.76890743499187,2.2880023195667434,2.7812976092748776,50.0,,,,,,,,,
AUTG.L,AUTG,AUTINS GROUP PLC,LSE,SETSqx,GBX,GB00BD37ZH08,8.5,-0.9919999998807907,9.419752404264754,9.551718670391788,9.20355338653016,-0.1044915807249609,-0.04706837946393164,0.0,,,,,,,,,
AVCT.L,AVCT,AVACTA GROUP PLC,LSE,SETSqx,GBX,GB00BYYW9G87,58.0,-0.4,57.75995609030682,60.55925077976164,56.67611697045227,-0.2224256690513755,-1.091936134719545,59.09090909090909,,,,,,,,,
AVG.L,AVG,AVINGTRANS PLC,LSE,SETSqx,GBX,GB0009188797,580.0,-0.16216216216216217,574.4554478974699,541.2567855994926,476.0301236929408,18.05923869750518,21.345193910877313,57.14285714285714,4.9,2.0,Semi-Annual,2025-11-06,0.008448275862068966,,,,
B90.L,B90,B90 HOLDINGS PLC,LSE,SETSqx,GBX,IM00BYT32K14,3.450000047683716,-0.41666666666666663,3.602765446965843,3.796906021438084,3.5289481428280958,-0.12963135347628674,-0.13442457997252372,33.33335982426972,,,,,,,,,
BGO.L,BGO,BANGO PLC,LSE,SETSqx,GBX,GB00B0BRN552,77.5,-0.4296875,80.65198041781139,85.40045395309316,91.02912941285172,-2.672394720305874,-2.3786032440123637,44.92753623188406,,,,,,,,,
BCE.L,BCE,BEACON ENERGY PLC,LSE,SETSqx,GBX,IM00BKSCP798,3.9999998989515007e-05,-0.9990000000029103,0.0006796076484756003,0.002089624794481121,0.002293015634882566,-0.0009796044099023827,-0.0012503901557885217,,,,,,,,,,
BKS.L,BKS,BEEKS FINANCIAL CLOUD GROUP PLC,LSE,SETSqx,GBX,GB00BZ0X8W18,228.0,-0.4241486068111455,231.83020204267166,230.5700609793828,232.84819615760486,0.7281335901754744,1.686996121127251,47.88732394366197,,,,,,,,,
BEM.L,BEM,BEOWULF MINING PLC,LSE,SETSqx,GBX,GB00BQ1LGQ19,8.5,-0.6363636363636364,9.234293925032445,9.88552069573068,11.155339021523632,-0.5279627590560878,-0.4300978286263855,20.0,,,,,,,,,
BZT.L,BZT,BEZANT RESOURCES PLC,LSE,SETSqx,GBX,GB00B1CKQD97,0.0949999988079071,-0.3818181448731539,0.0977901535268314,0.09468517277923542,0.07050650065581593,-0.0009762371555839394,-3.3087700653486974e-05,33.33333333333333,,,,,,,,,
BBB.L,BBB,BIGBLU BROADBAND PLC,LSE,SETSqx,GBX,GB00BD5JMP10,6.5,-0.835820895522388,8.031184526689412,12.444351002762147,19.81348583639696,-2.2178875266962237,-2.6882424469760124,74.19354540996608,,,,,,,,,
BILN.L,BILN,BILLINGTON HOLDINGS PLC,LSE,SETSqx,GBX,GB0000332667,395.0,-0.4545454545454546,385.0804765048948,366.20560901208745,366.32886392786884,7.834765810640022,8.699950814295116,100.0,25.0,1.0,Annual,2025-06-05,0.06329113924050633,,,,
BVXP.L,BVXP,BIOVENTIX PLC,LSE,SETSqx,GBX,GB00B4QVDF07,1725.0,-0.4370860927152318,1775.025688761596,1846.2388288670727,2209.586044399606,-23.515855913325595,-19.680896769683752,47.61904761904762,150.0,2.0,Semi-Annual,2025-11-06,0.08695652173913043,,,,
BLOE.L,BLOE,BLOCK ENERGY PLC,LSE,SETSqx,GBX,GB00BF3TBT48,0.9750000238418579,-0.4285713799145735,0.9942238514145243,0.9061914647882416,0.8558375055170866,0.04032273114681817,0.06866511785215682,32.87670997992548,,,,,,,,,
DEBS.L,DEBS,BOOHOO GROUP PLC,LSE,SETSqx,GBX,JE00BG6L7297,22.5,-0.6403872893812586,22.73440206648469,21.59121224794959,19.966988730054503,0.04289296038332324,0.2644642662468877,43.22917225460078,,,,,,,,,
BOD.L,BOD,BOTSWANA DIAMONDS PLC,LSE,SETSqx,GBX,GB00B5TFC825,0.20000000298023224,-0.5128205010641722,0.2237883923340353,0.24002284404654947,0.23582933581965723,-0.01558343139844734,-0.011343305772669487,10.00000447034796,,,,,,,,,
BHL.L,BHL,BRADDA HEAD LITHIUM LIMITED,LSE,SETSqx,GBX,VGG154091083,1.5,-0.5222930095902731,1.4910862260780167,1.3531377959417046,1.2107522336259147,0.06599440333612705,0.10048424205705325,0.0,,,,,,,,,
BBSN.L,BBSN,BRAVE BISON GROUP PLC,LSE,SETSqx,GBX,GB00BSLKLP68,82.0,-0.2817679558011049,77.21502440836373,75.04460878334203,69.906014000206,2.3607227709600664,2.0827507451444074,60.6060606060606,0.4,1.0,Annual,2025-05-29,0.004878048780487805,,,,
KDNC.L,KDNC,CADENCE MINERALS PLC,LSE,SETSqx,GBX,GB00BJP0B151,3.799999952316284,-0.43243243475450277,3.767379192842459,3.7288113283647135,3.1271414288588253,-0.00026289623021735764,-0.00197622704923275,47.368423694388554,,,,,,,,,
CBOX.L,CBOX,CAKE BOX HOLDINGS PLC,LSE,SETSqx,GBX,GB00BDZWB751,200.0,-0.19512195121951215,200.74686167428,202.8611172878832,200.5738583798911,-1.100599863071949,-1.3822366634588168,57.14285714285714,10.4,2.0,Semi-Annual,2025-12-04,0.052000000000000005,,,,
CMCL.L,CMCL,CALEDONIA MINING CORP PLC,LSE,SETSqx,GBX,JE00BF0XVB15,2130.0,-0.38103448275862073,2139.0477265757672,2118.3923771746604,1878.5189744257336,10.420724164652256,17.960017881148044,42.857142857142854,41.04184,4.0,Quarterly,2025-11-20,0.019268469483568074,,,,
CLX.L,CLX,CALNEX SOLUTIONS PLC,LSE,SETSqx,GBX,GB00BMBK7016,53.0,-0.4214285714285714,48.71373714104678,47.896435042471296,51.321443023841425,2.2085598770461843,1.2600713879291114,71.42857142857143,0.9299999999999999,2.0,Semi-Annual,2025-11-27,0.017547169811320755,,,,
COG.L,COG,CAMBRIDGE COGNITION HOLDINGS PLC,LSE,SETSqx,GBX,GB00B8DV9647,39.5,-0.4505494505494505,35.60414224371457,33.04335730536068,34.033550592126154,2.6364692980473023,2.1725575643465422,100.0,,,,,,,,,
CMET.L,CMET,CAPITAL METALS PLC,LSE,SETSqx,GBX,GB00BMF75608,5.050000190734863,-0.30701751230532703,4.704018888986116,4.575738135164964,3.8816564013287667,0.1543694675480305,0.08832965046751662,62.79069870597519,,,,,,,,,
CPX.L,CPX,CAP-XX LD,LSE,SETSqx,GBX,AU0000XINAS1,0.25,-0.5494505663652833,0.2355549755108015,0.2415892070041483,0.25115346417189904,0.004303628965717343,0.0005810469393043154,46.66666931576241,,,,,,,,,
CAV.L,CAV,CAVENDISH PLC,LSE,SETSqx,GBX,GB00BGKPX309,10.600000381469727,-0.32624115298004275,10.40835150684077,10.29406576390614,10.52239037195079,0.13673998999506232,0.13052235097957868,59.4594678189112,0.8,2.0,Semi-Annual,2025-11-20,0.07547169539715406,,,,
CLBS.L,CLBS,CELEBRUS TECHNOLOGIES PLC,LSE,SETSqx,GBX,GB0001351955,125.0,-0.51,131.896888682705,137.10616794332327,157.58374173818672,-4.7997887095663145,-3.2495649832194076,33.33333333333333,3.3,2.0,Semi-Annual,2025-12-11,0.0264,,,,
CLA.L,CLA,CELSIUS RESOURCES LIMITED,LSE,SETSqx,GBX,AU000000CLA6,1.2000000476837158,-0.9946721311625583,0.9108776797001279,0.777681294338192,0.5643417307489881,0.07729458308467019,0.059157427058562126,62.1621656452684,,,,,,,,,
CER.L,CER,CERILLION PLC,LSE,SETSqx,GBX,GB00BYYX6C66,1620.0,-0.38802083333333337,1604.1362481669303,1508.4298663760283,1489.1567682458326,49.07462975820363,68.46748156486109,33.92857142857143,15.399999000000001,2.0,Semi-Annual,2026-01-15,0.009506172222222223,,,,
CEG.L,CEG,CHALLENGER ENERGY GROUP PLC,LSE,SETSqx,GBX,IM00BPLZ1D89,10.100000381469727,-0.32394365566571215,11.40312586455087,11.270396915195516,9.872596377933343,-0.2981597935536815,-0.035025903751308055,39.70588400289692,,,,,,,,,
CDGP.L,CDGP,CHAPEL DOWN GROUP PLC,LSE,SETSqx,GBX,GB0032706284,38.0,-0.275362290561567,37.113655150554756,37.14627467065098,38.705393993897026,0.5365593334750329,0.3164573844302695,100.0,,,,,,,,,
CSC.L,CSC,CHESTERFIELD SPECIAL CYLINDERS HOLD,LSE,SETSqx,GBX,GB00B1XFKR57,51.5,-0.2564102564102564,49.412894564520066,44.36735613997729,37.44962655757124,2.892064767236654,2.9625135130942,66.66666666666666,,,,,,,,,
CPH2.L,CPH2,CLEAN POWER HYDROGEN PLC,LSE,SETSqx,GBX,GB00BP371R64,4.5,-0.48275862068965514,4.875177126287866,5.070515424553461,5.321091316167516,-0.28946034707598756,-0.2456718759964542,20.0,,,,,,,,,
CTL.L,CTL,CLEANTECH LITHIUM PLC,LSE,SETSqx,GBX,JE00BTJ01443,9.25,-0.6607142857142857,9.116889770601679,8.126139217955314,7.537796205357133,0.31025500788874183,0.4385771598118825,46.47887248270223,,,,,,,,,
CHL.L,CHL,CLOUDIFIED HOLDINGS LIMITED,LSE,SETSqx,GBX,VGG3338A1158,0.02250000089406967,0.0,0.02250000089406967,0.02250000089406967,0.02250000089406967,0.0,0.0,,,,,,,,,,
COM.L,COM,COMPTOIR GROUP PLC,LSE,SETSqx,GBX,GB00BYT1L205,6.5,-0.26923081155359285,6.44701166716119,6.1681045942654,5.103756718340112,0.08847210655551585,0.11191718767460082,0.0,,,,,,,,,
CNC.L,CNC,CONCURRENT TECHNOLOGIES PLC,LSE,SETSqx,GBX,GB0002183191,271.5,-0.2680412371134021,255.99703216006165,243.72768632070662,220.01259639155998,9.161618289237197,8.163304403022774,67.79661016949152,1.1,1.0,Annual,2025-06-19,0.004051565377532229,,,,
CIC.L,CIC,CONYGAR INVESTMENT COMPANY PLC,LSE,SETSqx,GBX,GB0033698720,31.5,-0.37037037037037035,32.83425807600638,33.20596688969901,33.17562703841941,-0.34387423197016886,-0.28672122980449105,33.33333333333333,,,,,,,,,
CORA.L,CORA,CORA GOLD LIMITED,LSE,SETSqx,GBX,VGG2423W1077,8.0,-0.49499998092651365,9.03884179772281,8.32116633217637,7.24439624505846,0.17545501898980476,0.5548179601214188,45.45454545454545,,,,,,,,,
CRU.L,CRU,CORAL PRODUCTS PLC,LSE,SETSqx,GBX,GB0002235736,8.75,-0.2777777777777778,8.600504056538567,8.66155622353637,8.662915066230145,0.007009412893015821,-0.008829567560633295,50.0,,,,,,,,,
CRCL.L,CRCL,CORCEL PLC,LSE,SETSqx,GBX,GB00BKM69866,0.3449999988079071,-0.2878048823037225,0.3451083760389309,0.3513542156916934,0.33333149096701253,-0.0023351418210930674,-0.0036533682696106924,100.0,,,,,,,,,
CRDL.L,CRDL,CORDEL GROUP PLC,LSE,SETSqx,GBX,GB00BYZQM590,4.849999904632568,-0.41538461538461535,5.250789748578699,5.772288888804848,6.425136414502723,-0.37147231639447487,-0.35574647132845966,21.99999275207381,,,,,,,,,
CUSN.L,CUSN,CORNISH METALS INC.,LSE,SETSqx,GBX,CA21948L1040,139.0,-0.1843318347023174,127.65099899792213,95.59540153308639,42.43541546692997,13.900351212215725,15.037541412410192,67.46031746031747,,,,,,,,,
CORO.L,CORO,CORO ENERGY PLC,LSE,SETSqx,GBX,GB00BS457501,3.5999999046325684,-0.8,3.6940034955296843,3.847236037190264,6.088416011334817,-0.08606645406668534,-0.0800808633429283,41.176463988412294,,,,,,,,,
CRL.L,CRL,CREIGHTONS PLC,LSE,SETSqx,GBX,GB0002341666,28.0,-0.4229074915778377,27.545196518630572,28.303325339918093,30.614586890079845,-0.2810734054894901,-0.405215001618259,62.50000000000001,0.5,1.0,Annual,2025-07-24,0.017857142857142856,,,,
CREO.L,CREO,CREO MEDICAL GROUP PLC,LSE,SETSqx,GBX,GB00BZ1BLL44,16.75,-0.5038960939877993,15.115980801116267,13.09625517620322,12.778786859111447,1.5970760670611686,1.4683156439790563,74.70930122955228,,,,,,,,,
CRTX.L,CRTX,CRISM THERAPEUTICS CORPORATION,LSE,SETSqx,GBX,VGG042401262,13.5,-0.6510416666666667,12.296928647607057,11.394488299010753,11.207453125941372,0.9483614000976921,0.7182429388063346,78.26086956521739,,,,,,,,,
CTA.L,CTA,CT AUTOMOTIVE GROUP PLC,LSE,SETSqx,GBX,GB00BMHYGR77,26.5,-0.5053763440860215,26.89302929069337,28.318060498676754,31.610187685513765,-0.5682606220115716,-0.6920454503565645,39.31624001291129,,,,,,,,,
DCI.L,DCI,DCI ADVISORS LTD,LSE,SETSqx,GBX,GG00BSWT8V72,4.599999904632568,-0.20720721726951197,4.7760674500333575,4.871213663213933,4.976418493486667,-0.06139177917403149,-0.044677540482684984,14.285698066766273,,,,,,,,,
DKL.L,DKL,DEKEL AGRI-VISION PLC,LSE,SETSqx,GBX,CY0106502111,0.42500001192092896,-0.6599999904632569,0.43292187480676086,0.4525473093639097,0.6107757781007604,-0.00941091744376149,-0.010549791475160395,0.0,,,,,,,,,
DELT.L,DELT,DELTIC ENERGY PLC,LSE,SETSqx,GBX,GB00BNTY2N01,3.200000047683716,-0.6333333333333333,3.156860824394093,3.711770788804739,5.14329002872968,-0.07791846963838367,-0.1361367586018308,58.62068752896733,,,,,,,,,
DXRX.L,DXRX,DIACEUTICS PLC,LSE,SETSqx,GBX,GB00BJQTGV64,166.5,-0.28,163.78173667877215,156.4453378765344,146.85330285560255,4.688197279392938,5.756271501621834,45.23809523809524,,,,,,,,,
DNM.L,DNM,DIANOMI PLC,LSE,SETSqx,GBX,GB00BLH32M40,13.5,-0.6447368421052632,14.30750624079845,15.531513505532674,21.64519348353997,-0.6087472096657311,-0.6050666424934669,0.0,,,,,,,,,
DSG.L,DSG,DILLISTONE GROUP PLC,LSE,SETSqx,GBX,GB00B13QQB40,10.25,-0.9912820511903518,9.359736315690048,8.327967323056242,7.842362507747059,0.8028387062193136,0.7394674474811634,65.21739130434783,,,,,,,,,
DCTA.L,DCTA,DIRECTA PLUS PLC,LSE,SETSqx,GBX,GB00BSM98843,21.0,-0.6838235328491722,16.068468212044397,12.76256984300654,10.20488498137499,2.57481103518786,1.9510294214891157,87.5,,,,,,,,,
DFCH.L,DFCH,DISTRIBUTION FINANCE CAPITAL HOLDIN,LSE,SETSqx,GBX,GB00BJ7HMR72,65.0,-0.18181818181818177,63.44949316677314,58.81566362050296,50.53471404450642,2.345581796864046,2.9017862923202666,33.33333333333333,,,,,,,,,
DPP.L,DPP,DP POLAND PLC,LSE,SETSqx,GBX,GB00B3Q74M51,7.75,-0.3522727272727273,7.702215644197145,7.675780006581888,8.32970525804774,0.0697603602991057,0.07401519561077181,57.14285714285714,,,,,,,,,
DSW.L,DSW,DSW CAPITAL PLC,LSE,SETSqx,GBX,GB00BNG9H550,60.0,-0.28,61.05123416800896,60.56176303697289,57.92694708120811,-0.9286701053470807,-0.7728384487250104,40.0,3.2,2.0,Semi-Annual,2025-12-11,0.05333333333333334,,,,
DUKE.L,DUKE,DUKE CAPITAL LIMITED,LSE,SETSqx,GBX,GG00BYZSSY63,27.25,-0.18064517359579768,26.993523724539333,27.220762474724747,28.22488508413215,0.011522362975373568,-0.05950815898344286,50.0,2.8000002,4.0,Quarterly,2025-12-29,0.10275230091743119,,,,
EYE.L,EYE,EAGLE EYE SOLUTIONS GROUP PLC,LSE,SETSqx,GBX,GB00BKF1YD83,373.0,-0.5025,361.72727848664573,331.74380438420417,304.9831184710493,16.469321977198547,19.528731272440943,51.72413793103448,,,,,,,,,
EARN.L,EARN,EARNZ PLC,LSE,SETSqx,GBX,GB00BRC2TB67,5.849999904632568,-0.43749997339078317,5.39646532731141,5.055435902828367,4.951494740425451,0.30779067479675337,0.263221457414936,100.0,,,,,,,,,
ECO.L,ECO,ECO (ATLANTIC) OIL & GAS LTD,LSE,SETSqx,GBX,CA27887W1005,37.0,-0.34883720930232553,34.04737236615722,27.407406824069525,16.283217016743162,3.083850703561673,3.2354402986391206,68.75,,,,,,,,,
ECOB.L,ECOB,ECO BUILDINGS GROUP PLC,LSE,SETSqx,GBX,GB00BRJTP124,17.0,-0.6451612903225806,15.895089166323025,15.393759043937356,11.311302393015053,0.48701816939536613,0.22620477513658283,79.81650958748779,,,,,,,,,
EDEN.L,EDEN,EDEN RESEARCH PLC,LSE,SETSqx,GBX,GB0001646941,3.9000000953674316,-0.5058823753805721,3.859161955702401,3.4496484855869585,3.17771087726683,0.1435350635786352,0.21215988423088225,33.33333333333333,,,,,,,,,
EAAS.L,EAAS,EENERGY GROUP PLC,LSE,SETSqx,GBX,GB00BJP1KD31,6.199999809265137,-0.3916666507720947,5.467286037348427,5.127624292755335,4.868897199118553,0.2883620836211547,0.21802882121917516,76.47060968474293,,,,,,,,,
ELEG.L,ELEG,ELECTRIC GUITAR PLC,LSE,SETSqx,GBX,GB00BN11T727,0.000750000006519258,-0.9968749999029872,0.0007500069826340234,0.000897824079491727,0.009099894687191674,-3.011858924706562e-07,-4.4292015816473085e-07,,,,,,,,,,
EML.L,EML,EMMERSON PLC,LSE,SETSqx,GBX,IM00BDHDTX83,2.4000000953674316,-0.32608696328219045,2.1865484226211294,2.102154036082927,1.9035928001985065,0.0535284530874347,0.028543669502843556,84.31374015646804,,,,,,,,,
EMR.L,EMR,EMPRESARIA GROUP PLC,LSE,SETSqx,GBX,GB00B0358N07,23.5,-0.5869565217391304,23.339703506262524,24.17382473757976,27.10896456852231,-0.13210658279701093,-0.2859180465451264,52.94117647058823,,,,,,,,,
EME.L,EME,EMPYREAN ENERGY PLC,LSE,SETSqx,GBX,GB00B09G2351,0.07000000029802322,-0.8758169951350143,0.06564966678549061,0.056806767555265765,0.06688421844870437,0.008983047032160442,0.008885875307135175,63.39285815258191,,,,,,,,,
EMVC.L,EMVC,EMV CAPITAL PLC,LSE,SETSqx,GBX,GB00BN4R5Q82,53.5,-0.2566371681415929,56.00551401022539,55.58734322217024,50.84279420250549,-0.7439958297589584,-0.4478215628377127,12.5,,,,,,,,,
EPP.L,EPP,ENERGYPATHWAYS PLC,LSE,SETSqx,GBX,GB00BM9M0884,7.25,-0.7311475472372087,5.81142969519272,5.237505593231964,5.033255163590898,0.5166157565273615,0.3954501390910879,76.92307504206254,,,,,,,,,
EXR.L,EXR,ENGAGE XR HOLDINGS PLC,LSE,SETSqx,GBX,IE00BG0HDR01,0.32499998807907104,-0.7400000095367432,0.3594527544450137,0.43678640888797937,0.7355320400783812,-0.01997584612223746,-0.02378532237899225,39.26379874552371,,,,,,,,,
ENSI.L,ENSI,ENSILICA PLC,LSE,SETSqx,GBX,GB00BN7F1618,49.5,-0.3893129948823363,48.895282902211726,46.12221783779373,42.86697155039696,1.1279604743073577,1.4935341523278456,51.90839716885367,,,,,,,,,
ENW.L,ENW,ENWELL ENERGY PLC,LSE,SETSqx,GBX,GB0031775819,16.5,-0.36170212765957444,16.60078749088084,17.101403496499582,18.246177867592813,-0.15794125736025322,-0.20717289677643896,0.0,,,,,,,,,
ESO.L,ESO,EPE SPECIAL OPPORTUNITIES LD,LSE,SETSqx,GBX,BMG3163K1053,175.0,-0.11111111111111116,156.7507825739063,151.54924923787158,149.1278405607458,5.274220246848273,3.0985938154579458,98.21428571428571,,,,,,,,,
EQT.L,EQT,EQTEC PLC,LSE,SETSqx,GBX,IE000955MAJ1,0.0430000014603138,-0.9426666647195816,0.0643175390490987,0.10094815958084472,0.28992677518209653,-0.01226609963494555,-0.009843998652792962,11.475399123726021,,,,,,,,,
ESYS.L,ESYS,ESSENSYS PLC,LSE,SETSqx,GBX,GB00BJL1ZF49,16.25,-0.618421052631579,15.911689661566443,15.732239727013697,20.36118357689086,0.2956861779093245,0.2792901982103594,66.66666666666666,,,,,,,,,
ENET.L,ENET,ETHERNITY NETWORKS LD,LSE,SETSqx,GBX,IL0011410359,0.004000000189989805,-0.9591836704632444,0.004830040854214254,0.006172154504623736,0.019830956764304714,-0.0005998443867457313,-0.0005082438448098065,24.999997089616414,,,,,,,,,
EUZ.L,EUZ,EUROPA METALS LTD,LSE,SETSqx,GBX,AU0000090060,,,,,,,,,,,,,,,,,
EGT.L,EGT,EUROPEAN GREEN TRANSITION PLC,LSE,SETSqx,GBX,GB00BPVG5407,6.125,-0.4722222222222222,6.175148110109376,6.145346372545576,6.597721362512879,-0.010287091299808537,0.018544881704423727,33.33333333333333,,,,,,,,,
EMH.L,EMH,EUROPEAN METALS HOLDINGS LIMITED,LSE,SETSqx,GBX,AU000000EMH5,17.75,-0.6590909090909092,18.053292842845728,17.441663769974838,13.437405657018358,-0.043607758303249256,-0.06306462864875212,38.70967741935484,,,,,,,,,
EMAN.L,EMAN,EVERYMAN MEDIA GROUP PLC,LSE,SETSqx,GBX,GB00BFH55S51,24.5,-0.4367816091954023,27.02706259880782,29.2263388057026,34.96434934239971,-0.9155574811477436,-0.6771361730761688,0.0,,,,,,,,,
ADF.L,ADF,FACILITIES BY ADF PLC,LSE,SETSqx,GBX,GB00BNZGNM64,16.25,-0.5523809402708023,16.660834518515543,16.858821293949497,18.66254460329238,-0.2309423575567493,-0.130417005353119,22.222222222222214,1.2,2.0,Semi-Annual,2026-01-08,0.07384615384615384,,,,
FOG.L,FOG,FALCON OIL & GAS LTD.,LSE,SETSqx,GBX,CA3060711015,13.199999809265137,-0.21481478655779807,13.070238560345917,12.191041610776379,9.786000240912287,0.33756565482447876,0.4372649371276411,54.76189286802575,,,,,,,,,
FARN.L,FARN,FARON PHARMACEUTICALS OY,LSE,SETSqx,GBX,FI4000153309,54.5,-0.7923809523809524,133.33385176093452,159.43268603599316,180.99642774348126,-27.416366347378343,-14.157092211515433,7.662835249042146,,,,,,,,,
FTC.L,FTC,FILTRONIC PLC,LSE,SETSqx,GBX,GB0003362992,197.0,-0.30294117647058827,190.8425645631362,175.12349398028354,147.77744692439947,7.0402343731367125,7.7051220648897,51.85185185185185,,,,,,,,,
FIN.L,FIN,FINSETA PLC,LSE,SETSqx,GBX,GB00BNG7CD28,14.25,-0.6418918918918919,14.470542402871736,14.645877563967263,19.940890099174805,-0.028551839864404016,0.04582280553424061,36.36363636363636,,,,,,,,,
FRG.L,FRG,FIRERING STRATEGIC MINERALS PLC,LSE,SETSqx,GBX,CY0109692117,1.3250000476837158,-0.7938596505904499,1.295055067816361,1.380743393168107,2.11437177114456,-0.008907570663506448,-0.02831988702465969,78.84614679235594,,,,,,,,,
FDR.L,FDR,FIRST DEVELOPMENT RESOURCES PLC,LSE,SETSqx,GBX,GB00BRY05092,2.5,-0.7448979641486584,2.673791291241901,2.909149125208857,4.468316531274635,-0.07874581526238655,-0.05433634980305971,38.88888447372931,,,,,,,,,
FLK.L,FLK,FLETCHER KING PLC,LSE,SETSqx,GBX,GB0003425310,37.5,-0.3146067415730337,37.00830354535951,36.01322534071597,35.73865134129752,0.6138648350719365,0.7014380877089883,,2.25,1.0,Annual,2025-09-25,0.06,,,,
TUNE.L,TUNE,FOCUSRITE PLC,LSE,SETSqx,GBX,GB00BSBMW716,227.5,-0.326530612244898,240.53880684057958,234.10498253235858,206.1726857937569,0.35648172092265895,2.157508564104265,31.531531531531527,4.2,2.0,Semi-Annual,2025-11-27,0.018461538461538463,,,,
FOX.L,FOX,FOCUS XPLORE PLC,LSE,SETSqx,GBX,GB00BSNBL022,0.02800000086426735,-0.4909090724365769,0.030371762830608363,0.03317710549462234,0.03877066152751016,-0.0018885423227859438,-0.00165287039374853,0.0,,,,,,,,,
FNX.L,FNX,FONIX PLC,LSE,SETSqx,GBX,GB00BN789668,169.0,-0.3067226890756303,177.375860751562,180.16332831503144,195.62102356000827,-1.9204606160011508,0.028065322044757257,9.615384615384613,8.7999999,2.0,Semi-Annual,2025-11-20,0.05207100532544379,,,,
FORF.L,FORF,FORTIS FRONTIER PLC,LSE,SETSqx,GBX,GB00BN7K5L93,8.5,-0.6216216216216216,8.131323972626921,8.321035547294358,10.286684056786784,-0.015248022442827747,-0.08597166200850485,60.0,,,,,,,,,
FIPP.L,FIPP,FRONTIER IP GROUP PLC,LSE,SETSqx,GBX,GB00B63PS212,13.0,-0.5265151446734796,13.124465660930888,14.63188545551539,18.015031867516218,-0.5079167420040243,-0.7107845219148898,100.0,,,,,,,,,
FRP.L,FRP,FRP ADVISORY GROUP PLC,LSE,SETSqx,GBX,GB00BL9BW044,131.0,-0.18181818181818177,134.0741295835457,135.62869354969013,135.82669005310177,-0.42343404305910326,-0.3820013229285637,43.33333333333333,5.449999999999999,4.0,Quarterly,2025-11-20,0.0416030534351145,,,,
FMET.L,FMET,FULCRUM METALS PLC,LSE,SETSqx,GBX,GB00BPCPPZ79,8.75,-0.5885714394705637,7.674544313991431,6.950617753051131,6.3262876769435215,0.7277264135620927,0.5468136803957291,73.07692307692308,,,,,,,,,
FAB.L,FAB,FUSION ANTIBODIES PLC,LSE,SETSqx,GBX,GB00BDQZGK16,14.75,-0.3733333333333333,14.773596702763244,14.455747374930947,12.622865028335546,0.3200778329506839,0.2135725322212188,59.61538461538462,,,,,,,,,
GLR.L,GLR,GALILEO RESOURCES PLC,LSE,SETSqx,GBX,GB00B115T142,0.8500000238418579,-0.34090908352008553,0.8779410529734278,0.8661076187410904,0.8530581752774004,-0.0016875237896188944,0.006119062309894888,40.000002384186075,,,,,,,,,
GTLY.L,GTLY,GATELEY (HOLDINGS) PLC,LSE,SETSqx,GBX,GB00BXB07J71,93.0,-0.33453237410071945,95.47638332636797,100.77094076988566,115.2730935508788,-2.274612261662554,-2.437091637230207,40.90909090909091,9.5,2.0,Semi-Annual,2025-10-09,0.10215053763440861,,,,
GATC.L,GATC,GATTACA PLC,LSE,SETSqx,GBX,GB00B1FMDQ43,124.0,-0.15500000000000003,118.81933199218902,110.29070055673155,96.3060768429479,4.8018414217252,4.7973712428895325,70.0,3.0,2.0,Semi-Annual,2025-10-30,0.024193548387096774,,,,
GCM.L,GCM,GCM RESOURCES PLC,LSE,SETSqx,GBX,GB00B00KV284,8.399999618530273,-0.5918367426378534,8.213140093935644,7.251815414910364,5.6181091328888675,0.7252700079843262,0.6594170452573717,58.479530859171305,,,,,,,,,
G4M.L,G4M,GEAR4MUSIC (HOLDINGS) PLC,LSE,SETSqx,GBX,GB00BW9PJQ87,275.0,-0.34838709677419355,291.12359874903535,295.7820405852252,262.28854120318954,-6.477420323325987,-3.7703571419488613,12.820512820512818,,,,,,,,,
GELN.L,GELN,GELION PLC,LSE,SETSqx,GBX,GB00BNBQZD59,18.5,-0.32407407407407407,19.177020461689953,19.911851703999552,19.677706030682682,-0.5363312001249092,-0.45024605750002006,0.0,,,,,,,,,
GEM.L,GEM,GEMFIELDS GROUP LD,LSE,SETSqx,GBX,GG00BG0KTL52,5.375,-0.40137141091482975,5.481449485217878,5.657687402071369,5.696468573167139,-0.13395293534335462,-0.11902293643219501,17.241381578298316,,,,,,,,,
GDR.L,GDR,GENEDRIVE PLC,LSE,SETSqx,GBX,GB00B1VKB244,1.2000000476837158,-0.8928571408297739,1.067825296451252,0.9842606407634586,1.0588193326463031,0.046096549010472554,0.043647435876236554,63.15789077420764,,,,,,,,,
GENI.L,GENI,GENINCODE PLC,LSE,SETSqx,GBX,GB00BL97B504,1.0750000476837158,-0.7640449444222158,1.3081149953115636,1.7870611864463002,2.3808082908653594,-0.24488910827845922,-0.2743009472826291,52.747262248291634,,,,,,,,,
GNIP.L,GNIP,GENIP PLC,LSE,SETSqx,GBX,GB00BLCW2Q02,12.0,-0.7736842004876388,11.037669489246273,12.196395925689645,19.754303585302527,0.21467160265836327,-0.023044023306745536,80.0,,,,,,,,,
GETB.L,GETB,GETBUSY PLC,LSE,SETSqx,GBX,GB00BG0TSD71,73.5,-0.2222222222222222,79.29164765008503,79.82499607558309,70.16901518954732,-2.3962891073878865,-1.1714237208204707,3.846153846153854,,,,,,,,,
GFIN.L,GFIN,GFINITY PLC,LSE,SETSqx,GBX,GB00BT9QD572,0.03099999949336052,-0.7749999891345697,0.030965870540692466,0.03648884827521243,0.05959266650563068,-0.0010958819485752946,-0.0017960245034910236,56.25000145519163,,,,,,,,,
GWMO.L,GWMO,GREAT WESTERN MINING CORP. PLC,LSE,SETSqx,GBX,IE000T78CHJ8,1.649999976158142,-0.718750011641532,1.551242942490149,1.4095506058708422,1.4975149029871857,0.1007445337889421,0.10125448196308258,63.0434751059926,,,,,,,,,
GROC.L,GROC,GREENROC STRATEGIC MATERIALS PLC,LSE,SETSqx,GBX,GB00BLD3C518,3.6500000953674316,-0.4666666666666667,3.518719673221841,3.233449380995243,2.645065137248021,0.1053154115751882,0.15799301627194015,46.4788771807601,,,,,,,,,
GMET.L,GMET,GUARDIAN METAL RESOURCES PLC,LSE,SETSqx,GBX,GB00BPQY8R36,196.0,-0.32413793103448274,180.37074999908256,156.95145568571604,107.07832731759997,11.608311476079024,12.564657456860433,55.0,,,,,,,,,
HMI.L,HMI,HARVEST MINERALS LIMITED,LSE,SETSqx,GBX,AU000XINEAB4,0.3499999940395355,-0.6400000095367432,0.30974031407921754,0.29087579441629313,0.324996785471289,0.020057818321293608,0.01625754761016581,60.0,,,,,,,,,
HAYD.L,HAYD,HAYDALE GRAPHENE INDUSTRIES PLC,LSE,SETSqx,GBX,GB00BKWQ1135,0.4099999964237213,-0.5777777718908992,0.4288148397327943,0.4725789869291836,0.46402119073843534,-0.02199355532842806,-0.024158776213581194,31.999993324279785,,,,,,,,,
HUW.L,HUW,HELIOS UNDERWRITING PLC,LSE,SETSqx,GBX,GB00B23XLS45,214.0,-0.20600858369098718,211.2122649872445,209.9846280262337,213.45111467316414,1.7720575482969707,1.2388620446991778,50.0,10.0,1.0,Annual,2025-06-12,0.04672897196261682,,,,
HE1.L,HE1,HELIUM ONE GLOBAL LTD,LSE,SETSqx,GBX,VGG4392T1075,0.7799999713897705,-0.7341418010032262,0.48986730582771587,0.45348368821424917,0.5569026583778998,0.036868674855850714,0.014161759058610487,87.00696081353847,,,,,,,,,
HEX.L,HEX,HELIX EXPLORATION PLC,LSE,SETSqx,GBX,GB00BPK66X70,28.75,-0.29761900436850974,26.462920342225765,26.940974836610735,24.950606462452996,-0.33878311598833477,-0.430481751665333,58.97435897435897,,,,,,,,,
HERC.L,HERC,HERCULES PLC,LSE,SETSqx,GBX,GB00BPVBVZ82,53.5,-0.37636365023526275,51.66372963481735,49.43061467372647,45.808120449558864,0.7632292811698562,0.38728321810498034,78.57142857142857,1.7200000000000002,2.0,Semi-Annual,2025-07-17,0.03214953271028038,,,,
HUD.L,HUD,HUDDLED GROUP PLC,LSE,SETSqx,GBX,GB00BD5JRP64,1.850000023841858,-0.5853658323838264,1.9192890896651698,1.9815542566970104,2.436427907226409,-0.03449122162729523,-0.008636513854613961,12.500011175864898,,,,,,,,,
HVO.L,HVO,HVIVO PLC,LSE,SETSqx,GBX,GB00B9275X97,8.5,-0.7596858606850617,6.809954621770976,6.497432413023942,8.930125465161732,0.5361769589081558,0.211381317345412,81.70733139814887,0.2,1.0,Annual,2025-05-15,0.023529411764705882,,,,
IGR.L,IGR,IG DESIGN GROUP PLC,LSE,SETSqx,GBX,GB0004526900,64.4000015258789,-0.5111111111111111,51.51210675410322,50.338275911213884,55.472909985559824,2.5641605616277587,0.5411969360652013,89.48598205808963,,,,,,,,,
IKA.L,IKA,ILIKA PLC,LSE,SETSqx,GBX,GB00B608Z994,28.0,-0.4509803921568627,32.93866883724519,36.10683629121785,39.08730894133087,-1.9926575646265476,-1.6521118512546458,27.272725302325625,,,,,,,,,
INSG.L,INSG,INSIG AI PLC,LSE,SETSqx,GBX,GB00BYV31355,16.75,-0.5875,18.07965195300493,19.95255469310402,22.503081636295608,-0.7638874441277821,-0.7802630334607059,31.63841491327058,,,,,,,,,
SPEC.L,SPEC,INSPECS GROUP PLC,LSE,SETSqx,GBX,GB00BK6JPP03,75.5,-0.2685185185185185,71.54230232308605,69.71982986079212,59.184110119038316,1.260494006634005,0.37339571282526857,80.0,,,,,,,,,
IHC.L,IHC,INSPIRATION HEALTHCARE GROUP PLC,LSE,SETSqx,GBX,GB00BXDZL105,19.5,-0.48588708095818434,16.565514753306125,16.503496924605162,18.135918563296656,0.9536928907896325,0.4909243557335287,83.78378378378379,,,,,,,,,
IES.L,IES,INVINITY ENERGY SYSTEMS PLC,LSE,SETSqx,GBX,GB00BS9F9D74,18.5,-0.3872548905027593,19.470089813495473,19.572375052074786,18.8594147927496,-0.21919532600771774,-0.03979319270419967,27.272722018322114,,,,,,,,,
IOF.L,IOF,IOFINA PLC,LSE,SETSqx,GBX,GB00B2QL5C79,24.5,-0.2545454545454545,25.773812901513935,25.36628978029329,24.172756436786237,-0.22666548272476916,0.015151592164948692,31.818181818181827,,,,,,,,,
ITX.L,ITX,ITACONIX PLC,LSE,SETSqx,GBX,GB00BPK3YZ68,120.0,-0.3236363636363636,117.12868352184353,115.42660317211589,116.52969652688094,1.4452212752348288,1.3547667540092037,46.875,,,,,,,,,
ITIM.L,ITIM,ITIM GROUP PLC,LSE,SETSqx,GBX,GB00BMD2H500,42.5,-0.9924999999423181,43.00727508210791,43.856081410167825,46.90542831731808,-0.09014917056168059,0.11859160051869337,0.0,,,,,,,,,
IXI.L,IXI,IXICO PLC,LSE,SETSqx,GBX,GB00BFXR4C20,8.875,-0.375,10.416217846748204,10.969784481853981,11.248900698011058,-0.544053861296991,-0.35982925905494034,4.761904761904759,,,,,,,,,
JADE.L,JADE,JADE ROAD INVESTMENTS LD,LSE,SETSqx,GBX,VGG4S09E1137,0.800000011920929,-0.9962903224593116,0.8883039139160144,0.8182262146113858,1.1278887245480511,0.16599213334357654,0.13727824560356666,74.06164158373838,,,,,,,,,
JSE.L,JSE,JADESTONE ENERGY PLC,LSE,SETSqx,GBX,GB00BLR71299,24.0,-0.44758064516129037,23.919870268090673,23.71773542777636,23.166824141433214,-0.08032646977613211,0.00852923777963515,42.990657204320094,,,,,,,,,
JAN.L,JAN,JANGADA MINES PLC,LSE,SETSqx,GBX,GB00BZ11WQ61,1.7999999523162842,-0.6319999933242798,1.614555197662015,1.5438950126552056,1.2040583150535207,0.03462032739535492,0.020651447870179737,60.60605710312485,,,,,,,,,
JOG.L,JOG,JERSEY OIL AND GAS PLC,LSE,SETSqx,GBX,GB00BYN5YK77,94.5,-0.5670731707317074,91.8299226177379,98.03861235404337,108.13589393286321,-2.106424800370405,-2.2128683774825606,51.246539562216455,,,,,,,,,
JLP.L,JLP,JUBILEE METALS GROUP PLC,LSE,SETSqx,GBX,GB0031852162,4.400000095367432,-0.42045456885306254,4.49670828538124,4.029140724042839,3.5264012603385244,0.18780177386040187,0.2702622865382161,43.90243959171578,,,,,,,,,
JDG.L,JDG,JUDGES SCIENTIFIC PLC,LSE,SETSqx,GBX,GB0032398678,4990.0,-0.5022075055187638,5129.415405011715,5364.232121776859,6132.001227686651,-157.85505859880504,-160.17138633773075,49.382716049382715,107.5,2.0,Semi-Annual,2025-10-09,0.02154308617234469,,,,
KZG.L,KZG,KAZERA GLOBAL PLC,LSE,SETSqx,GBX,GB00B830HW33,1.1749999523162842,-0.5254629928572667,1.1526628518736985,1.2002634756851507,1.414075081504061,0.0038261517888180663,-0.01234571119077802,57.142852277170526,,,,,,,,,
KCR.L,KCR,KCR RESIDENTIAL REIT PLC,LSE,SETSqx,GBX,GB00BYWK1Q82,10.899999618530273,-0.9931199997663498,10.31601376714825,9.624331661073686,9.523734523984105,0.5175592982772947,0.5218912893818619,60.52630786420077,,,,,,,,,
KEYS.L,KEYS,KEYSTONE LAW GROUP PLC,LSE,SETSqx,GBX,GB00BZ020557,592.0,-0.15428571428571425,626.3969458484523,629.4671880655526,612.4426302569468,-4.726609506481509,-0.4869526996691264,26.213592233009706,36.5000005,2.0,Semi-Annual,2025-10-02,0.061655406249999996,,,,
KIBO.L,KIBO,KIBO ENERGY PLC,LSE,SETSqx,GBX,IE00B97C0C31,7.000000186963007e-05,-0.9912500001818989,7.000000610868209e-05,7.205535578625659e-05,0.000983071070294248,-5.727979288122241e-10,-8.423498889877712e-10,,,,,,,,,,
KIST.L,KIST,KISTOS HOLDINGS PLC,LSE,SETSqx,GBX,GB00BP7NQJ77,250.0,-0.2435897435897436,237.0214194849875,212.10022471597642,177.97489548968377,15.125970744036351,14.895829205699147,62.88659793814433,,,,,,,,,
KOD.L,KOD,KODAL MINERALS PLC,LSE,SETSqx,GBX,GB00BH3X7Y70,0.5,-0.419047594381297,0.43987264370319196,0.3999627457414074,0.35406805331542096,0.015961360518785717,0.017820093577596192,63.235291378463465,,,,,,,,,
KOO.L,KOO,KOOTH PLC,LSE,SETSqx,GBX,GB00BMCZLK30,124.0,-0.4601542416452442,126.2460447595641,124.07883799962306,137.8207920906015,2.951492756050186,3.7946268716912708,57.57575757575757,,,,,,,,,
KP2.L,KP2,KORE POTASH PLC,LSE,SETSqx,GBX,GB00BYP2QJ94,3.5999999046325684,-0.4166666777045641,3.36492957406855,3.2007756258320272,2.9727831675124,0.13282805299152933,0.11325820803094155,73.33332697550456,,,,,,,,,
KRM.L,KRM,KRM22 PLC,LSE,SETSqx,GBX,GB00BFM6WC61,37.0,-0.9899999997118017,37.32128440261162,38.27807344617229,37.26828882782862,-0.31023167100437377,-0.3695792005973268,50.0,,,,,,,,,
KMK.L,KMK,KROMEK GROUP PLC,LSE,SETSqx,GBX,GB00BD7V5D43,11.024999618530273,-0.3379310081745016,10.685701158637725,9.76443407904029,7.628246286239076,0.22786288948592848,0.2801432071766474,39.99999749855948,,,,,,,,,
KRPZ.L,KRPZ,KROPZ PLC,LSE,SETSqx,GBX,GB00BZ1HLP69,1.399999976158142,-0.9931999997546276,0.9340288623678439,0.7798258844294973,0.5882474582128168,0.13225521900410142,0.06994300160900041,100.0,,,,,,,,,
LINV.L,LINV,LENDINVEST PLC,LSE,SETSqx,GBX,GB00BMC2XX17,32.5,-0.2727272727272727,33.913133633985524,35.05272473419162,35.25138245111528,-0.7603340841191439,-0.5594467432560928,16.666666666666657,,,,,,,,,
LST.L,LST,LIGHT SCIENCE TECHNOLOGIES HOLDINGS,LSE,SETSqx,GBX,GB00BNDQJN14,3.5,-0.45736432503883084,3.865573769171078,4.187216123247954,4.007691011627774,-0.22072564547892615,-0.2152504133541971,21.73912863199577,,,,,,,,,
LIKE.L,LIKE,LIKEWISE GROUP PLC,LSE,SETSqx,GBX,GB00BHNWH003,25.0,-0.23758867310899578,24.81134059925349,24.60185189878692,23.8862216601431,0.04461571879753379,0.1792751074689859,33.33333333333333,0.3875,2.0,Semi-Annual,2025-10-09,0.0155,,,,
LDG.L,LDG,LOGISTICS DEVELOPMENT GROUP PLC,LSE,SETSqx,GBX,GB00BD8QVC95,15.25,-0.19117647058823528,14.878494557442169,14.631166065845512,14.670033925250527,0.22436863427863685,0.2097081185211303,72.72730425374014,,,,,,,,,
SEA.L,SEA,LONGBOAT ENERGY PLC,LSE,SETSqx,GBX,GB00BKFW2482,81.5,-0.3295454545454546,77.02838372503783,72.46608392838799,64.48464849507977,3.8081140175127786,3.5156847518190895,73.6842105263158,,,,,,,,,
LORD.L,LORD,LORDS GROUP TRADING PLC,LSE,SETSqx,GBX,GB00BM9CLS53,24.5,-0.6145454406738281,24.051603231791812,24.61102451898031,29.715482823216004,0.1288145429449905,0.11427142386306786,56.8807353897939,0.8400000000000001,2.0,Semi-Annual,2025-09-18,0.03428571428571429,,,,
MTEC.L,MTEC,MADE TECH GROUP PLC,LSE,SETSqx,GBX,GB00BLGYDT21,37.25,-0.36585365853658536,37.45954840992596,35.57728931294062,33.555881817282206,0.8134829786450339,1.1780703180069434,51.42857142857143,,,,,,,,,
MAI.L,MAI,MAINTEL HOLDINGS PLC,LSE,SETSqx,GBX,GB00B046YG73,145.0,-0.9944897958210537,140.1289351053943,136.4721792717278,161.58011167661093,3.9893805997541847,4.132011244257226,100.0,,,,,,,,,
MLVN.L,MLVN,MALVERN INTERNATIONAL PLC,LSE,SETSqx,GBX,GB00BNBVJZ07,24.5,-0.9924444443649716,25.384773797160758,25.316519953228426,22.648683345748758,-0.20107140093413278,-0.07887098845462355,25.0,,,,,,,,,
MANO.L,MANO,MANOLETE PARTNERS PLC,LSE,SETSqx,GBX,GB00BYWQCY12,47.0,-0.6153846153846154,50.72925219610035,58.54758009790155,75.96302733930796,-3.792206776653103,-3.6066289662684943,23.118277364610023,,,,,,,,,
MRK.L,MRK,MARKS ELECTRICAL GROUP PLC,LSE,SETSqx,GBX,GB00BM8Q5G47,46.0,-0.2936507936507936,46.33291629547212,46.739417383929286,51.30993319084627,-0.04046195575398315,0.03428534195550326,0.0,0.65999997,1.0,Annual,2025-07-10,0.014347825434782609,,,,
MPAL.L,MPAL,MEDPAL AI PLC,LSE,SETSqx,GBX,GB00BTRC7N37,5.25,-0.5918367346938775,5.486025160632809,5.978380723595615,6.750528935607649,-0.2067906078666022,-0.22098323892523128,50.0,,,,,,,,,
MPL.L,MPL,MERCANTILE PORTS & LOGISTICS LTD,LSE,SETSqx,GBX,GG00BKSH7R87,0.375,-0.8181818083298107,0.45620107171725494,0.497894817633341,0.7613924219584558,-0.02499638729977488,-0.012458671573424687,12.500014901157627,,,,,,,,,
MERC.L,MERC,MERCIA ASSET MANAGEMENT PLC,LSE,SETSqx,GBX,GB00BSL71W47,29.5,-0.23529411764705888,27.996056216423984,28.453150002597756,29.479794701260367,0.13934230222991317,-0.1651765468872427,88.37209096014173,0.97,2.0,Semi-Annual,2025-12-11,0.03288135593220339,,,,
MTL.L,MTL,METALS EXPLORATION PLC,LSE,SETSqx,GBX,GB00B0394F60,15.0,-0.33125001192092896,15.674476955208037,15.024345930067419,12.62787389162446,0.04710944360609659,0.28252691774548905,30.337073594958767,,,,,,,,,
MET.L,MET,METIR PLC,LSE,SETSqx,GBX,GB00BMWC8365,0.7400000095367432,-0.4509803912402207,0.8141813821545301,0.8289966987154378,0.822502562403163,-0.02395163933480049,-0.009458639832324048,0.0,,,,,,,,,
MHA.L,MHA,MHA PLC,LSE,SETSqx,GBX,GB00BV0VHK88,155.5,-0.14035087719298245,160.99636404997617,158.4933107066078,143.30981670671403,0.9251561043977858,2.023851689716256,46.753246753246756,1.0,1.0,Annual,2025-11-27,0.006430868167202572,,,,
MBH.L,MBH,MICHELMERSH BRICK HLDGS PLC,LSE,SETSqx,GBX,GB00B013H060,96.5,-0.31034482758620685,87.24254629873447,86.43221406385886,93.42500571228258,1.847365237988953,0.707391010897775,72.09302325581396,4.6,2.0,Semi-Annual,2025-11-27,0.04766839378238342,,,,
SAAS.L,SAAS,MICROLISE GROUP PLC,LSE,SETSqx,GBX,GB00BLR8L223,81.0,-0.45084745762711864,88.09744005853199,95.0515671753688,109.3562836762742,-3.4374762386527067,-2.78337806263115,0.0,1.8399999999999999,2.0,Semi-Annual,2025-10-09,0.02271604938271605,,,,
SALT.L,SALT,MICROSALT PLC,LSE,SETSqx,GBX,GB00BQB6FF85,48.0,-0.5047619229271298,53.379468109053676,53.158303174950305,58.682530332207335,-0.4447676289636746,1.0345032853992684,14.705882352941174,,,,,,,,,
MCON.L,MCON,MINCON GROUP PLC,LSE,SETSqx,GBX,IE00BD64C665,50.5,-0.21052631578947367,47.340766874758934,45.53865941165411,41.17561879655662,1.485916810122248,0.921930591508682,100.0,1.825782,2.0,Semi-Annual,2025-11-13,0.03615409900990099,,,,
MIND.L,MIND,MIND GYM PLC,LSE,SETSqx,GBX,GB00BF3SQB83,13.0,-0.5106382978723405,12.74545361165027,12.7372934993002,15.340316699952027,0.22523742141438952,0.20776611787294347,75.0,,,,,,,,,
MAFL.L,MAFL,MINERAL & FINANCIAL INVESTMENTS LD,LSE,SETSqx,GBX,KYG6181G1055,51.0,-0.19999999999999996,49.83503453753322,45.51766911227449,34.84942386670397,1.8035505019530689,1.8671467639971833,47.76119402985074,,,,,,,,,
MIRI.L,MIRI,MIRRIAD ADVERTISING PLC,LSE,SETSqx,GBX,GB00BF52QY14,0.00800000037997961,-0.9842105259804101,0.007761411493513603,0.008148981445912955,0.03629081200739777,0.00013169544537196525,5.630185571870271e-05,,,,,,,,,,
MKA.L,MKA,MKANGO RESOURCES LTD,LSE,SETSqx,GBX,CA60686A4090,54.0,-0.4057971014492754,54.82440811185471,52.400449922305846,41.219806361933834,1.0173557801987627,1.613725321024663,41.49659908078775,,,,,,,,,
MBO.L,MBO,MOBILITYONE LD,LSE,SETSqx,GBX,JE00B1Z48326,6.25,-0.6511628061710266,5.937581392301514,4.752844409067525,2.696566243616935,0.34387922121032943,0.3879380792644509,59.25925882319421,,,,,,,,,
MPAC.L,MPAC,MPAC GROUP PLC,LSE,SETSqx,GBX,GB0005991111,362.5,-0.5126353790613718,358.0623139161944,345.13668825138996,359.5571937306629,7.6136649739535756,8.791223208260863,35.04273504273503,,,,,,,,,
MSI.L,MSI,MS INTERNATIONAL PLC,LSE,SETSqx,GBX,GB0005957005,1290.0,-0.29761904761904767,1326.029800414823,1373.5207957585903,1316.642989314828,-21.616593913650377,-25.223307543519322,48.93617021276596,24.0,2.0,Semi-Annual,2026-01-22,0.018604651162790697,,,,
MUL.L,MUL,MULBERRY GROUP PLC,LSE,SETSqx,GBX,GB0006094303,102.5,-0.2195121951219512,105.21744272426623,103.72923078137956,98.99241515343236,-0.5650096165761624,0.26994784680641876,0.0,,,,,,,,,
WINK.L,WINK,M WINKWORTH PLC,LSE,SETSqx,GBX,GB00B4TT7L53,186.0,-0.17045454545454541,185.99572888866143,187.20407676548615,193.7040618955942,-0.251365164451812,-0.4284718833272762,100.0,13.2,4.0,Quarterly,2026-01-22,0.07096774193548387,,,,
N4P.L,N4P,N4 PHARMA PLC,LSE,SETSqx,GBX,GB00BYW8QM32,0.4749999940395355,-0.347826073435619,0.47947073949694835,0.503720962388109,0.5204623952917076,-0.008023328640137661,-0.010551610389564179,,,,,,,,,,
NTVO.L,NTVO,NATIVO RESOURCES PLC,LSE,SETSqx,GBX,GB00BRYPS729,0.4449999928474426,-0.9249975044691064,0.49756232905670617,0.4657007593279453,0.69909298233889,0.006677881336939695,0.0230820423223209,26.41510367605315,,,,,,,,,
NET.L,NET,NETCALL PLC,LSE,SETSqx,GBX,GB0000060532,127.5,-0.21794871794871795,125.36382655606927,121.06799255291682,117.33489805010993,2.7695185434761527,3.1632718320703956,54.6875,0.94,1.0,Annual,2025-12-29,0.007372549019607843,,,,
NXQ.L,NXQ,NEXTEQ PLC,LSE,SETSqx,GBX,GB00B99PCP71,77.5,-0.25729444473844487,74.18866562848213,75.67787493814618,75.92230526258797,0.4876772599018864,0.044461113031569494,97.61908221950148,3.7,1.0,Annual,2025-05-01,0.04774193548387097,,,,
NEXS.L,NEXS,NEXUS INFRASTRUCTURE PLC,LSE,SETSqx,GBX,GB00BZ77SW60,117.5,-0.381578947368421,117.7451379829783,120.6751062541978,132.66057047484506,-0.5923542965315534,-0.8338646250746915,,3.0,2.0,Semi-Annual,2025-05-22,0.02553191489361702,,,,
NAR.L,NAR,NORTHAMBER PLC,LSE,SETSqx,GBX,GB00B2Q99X01,30.0,-0.9904615383881789,30.94881183424693,31.059600694380777,29.92139994930819,-0.3102569118820142,-0.2438521338385733,0.0,0.6,2.0,Semi-Annual,2026-01-08,0.02,,,,
CODE.L,CODE,NORTHCODERS GROUP PLC,LSE,SETSqx,GBX,GB00BL97B942,30.0,-0.8098360655737705,30.283446873565246,31.307675553477317,48.558348469138075,-0.41008219509452104,-0.47382486031560167,40.384616795376004,,,,,,,,,
NWF.L,NWF,NWF GROUP PLC,LSE,SETSqx,GBX,GB0006523608,135.0,-0.32065217391304346,133.46538693195453,136.8371095083288,154.43051170204257,0.030748529585423512,-0.02564018906248078,60.0,8.4,2.0,Semi-Annual,2025-10-30,0.06222222222222223,,,,
OBI.L,OBI,ONDINE BIOMEDICAL INC.,LSE,SETSqx,GBX,CA68234M2058,9.25,-0.5555555555555556,8.833745806542604,9.358648576667198,11.187496005755486,0.09643803548242502,-0.047981972506064126,100.0,,,,,,,,,
OMIP.L,OMIP,ONE MEDIA IP GROUP PLC,LSE,SETSqx,GBX,GB00B1DRDZ07,3.5999999046325684,-0.17241379688337033,3.670711602017743,3.7282942243230406,3.900994219958232,-0.0430382522043784,-0.030214098909696598,38.461532818495996,,,,,,,,,
ONWD.L,ONWD,ONWARD OPPORTUNITIES LIMITED,LSE,SETSqx,GBX,GG00BMZR1514,145.5,-0.20216606498194944,146.48338354276805,144.6750012387386,137.1579078342669,-0.26966344943758713,0.14947281944989022,35.0,,,,,,,,,
OPG.L,OPG,OPG POWER VENTURES PLC,LSE,SETSqx,GBX,IM00B2R3RX72,5.400000095367432,-0.5380434686835636,5.351682446363919,5.685324723386913,6.007259102247679,-0.1319964155195228,-0.18426380566315903,45.508984600580916,,,,,,,,,
OPTI.L,OPTI,OPTIBIOTIX HEALTH PLC,LSE,SETSqx,GBX,GB00BP0RTP38,6.300000190734863,-0.7121951172991496,7.1685512819816815,7.319347365599922,9.810231852008954,-0.03226346333282759,0.10513654881589914,14.035089186940894,,,,,,,,,
OPT.L,OPT,OPTIMA HEALTH PLC,LSE,SETSqx,GBX,GB00BRSCY602,213.0,-0.1806615776081425,212.46325058246816,208.26195253036047,202.91573529844393,2.304696024148285,3.1850435786198035,43.75,,,,,,,,,
ORCP.L,ORCP,ORACLE POWER PLC,LSE,SETSqx,GBX,GB00B23JN426,0.05299999937415123,-0.5616438083531012,0.054967333848770734,0.04969166224426459,0.035151243921283014,0.0009815233697914455,0.0026290512788350227,37.49999883584687,,,,,,,,,
ORCA.L,ORCA,ORCADIAN ENERGY PLC,LSE,SETSqx,GBX,GB00BN0TY502,18.0,-0.26086956521739135,17.66191648579268,16.182433783109374,12.790817918863931,0.41003870206654724,0.7550630236600098,44.31818132558141,,,,,,,,,
ORCH.L,ORCH,ORCHARD FUNDING GROUP PLC,LSE,SETSqx,GBX,GB00BYZFM569,61.0,-0.19402985074626866,60.38801866700204,59.989112646439,54.8994389847924,0.2667545799248643,0.18744058198086408,75.0,3.0,2.0,Semi-Annual,2025-12-04,0.04918032786885246,,,,
ORR.L,ORR,ORIOLE RESOURCES PLC,LSE,SETSqx,GBX,GB00B0T29327,0.33000001311302185,-0.5212766072123015,0.342197542747623,0.3222600913829999,0.2833057999856417,0.007349290063035974,0.011751272778666635,43.33334128061741,,,,,,,,,
OMI.L,OMI,OROSUR MINING INC,LSE,SETSqx,GBX,CA6871961059,24.0,-0.47183097882110947,29.86900550589254,27.92633327691687,20.86400749685661,-0.6918481295156873,1.0978648302057523,25.165560404347843,,,,,,,,,
OVB.L,OVB,OVOCA BIO PLC,LSE,SETSqx,GBX,IE00B4XVDC01,12.0,-0.19999999999999996,8.079952799429007,5.735541042843558,4.218460941664285,2.2373268616236626,1.5493875409945372,81.54981543322705,,,,,,,,,
OBD.L,OBD,OXFORD BIODYNAMICS PLC,LSE,SETSqx,GBX,GB00BD5H8572,0.30000001192092896,-0.6416666749450892,0.28175194652630176,0.28254933004642274,0.3579242300349782,0.008352023206073478,0.006972157677301999,62.50000931322769,,,,,,,,,
PCH.L,PCH,PACIFIC GLOBAL HOLDINGS PLC,LSE,SETSqx,GBX,GB00BKXP5L71,0.012500000186264515,-0.9937499999068677,0.08462811705339472,0.3064919095250194,0.47083968289143935,-0.11925620062104873,-0.15538782090922146,,,,,,,,,,
PAT.L,PAT,PANTHERA RESOURCES PLC,LSE,SETSqx,GBX,GB00BD2B4L05,20.0,-0.3945946049045872,20.65589217426377,20.95759225636313,17.66058185606976,-0.38378067957272677,-0.3190094147901,41.30436044558958,,,,,,,,,
PNS.L,PNS,PANTHER SECURITIES PLC,LSE,SETSqx,GBX,GB0005132070,290.0,-0.9907936504908971,289.76477674494464,289.0520407728175,290.43049248333585,0.29317009357095003,0.334206095286443,,22.0,2.0,Semi-Annual,2025-10-09,0.07586206896551724,,,,
PMG.L,PMG,PARKMEAD GROUP (THE) PLC,LSE,SETSqx,GBX,GB00BGCYZL73,18.75,-0.2272727272727273,16.693480602550423,15.50474606056567,15.024815268791965,1.1851028512572945,0.746541448655892,74.07407407407408,,,,,,,,,
PEB.L,PEB,PEBBLE BEACH SYSTEMS GROUP PLC,LSE,SETSqx,GBX,GB0001482891,16.5,-0.2325581395348837,18.644897423483503,18.45087963502494,15.211254626855705,-0.25628502179105084,-0.03158479293351088,32.55813128242494,,,,,,,,,
PEEL.L,PEEL,PEEL HUNT LIMITED,LSE,SETSqx,GBX,GG00BLGZJW08,121.5,-0.23118279569892475,113.85993193871575,109.54502709758029,101.52520400455992,3.5956670859644646,2.7850676969939605,77.77777777777777,,,,,,,,,
PGH.L,PGH,PERSONAL GROUP HOLDINGS PLC,LSE,SETSqx,GBX,GB0002760279,317.0,-0.24226804123711343,324.8523068634165,324.69087716063757,310.3177902008113,0.6895818020475417,2.127188213512983,37.037037037037045,18.2,2.0,Semi-Annual,2025-09-25,0.05741324921135647,,,,
MATD.L,MATD,PETRO MATAD LD,LSE,SETSqx,GBX,IM00B292WR19,1.125,-0.694623671406086,1.0762087449920796,1.0886707550889132,1.1539527092661133,-0.013640433551588282,-0.020617929486622374,50.0,,,,,,,,,
PTAL.L,PTAL,PETROTAL CORPORATION,LSE,SETSqx,GBX,CA71677J1012,21.0,-0.5341772248473349,20.869437388215978,21.959649249346278,28.64482829761968,0.05334767883634939,-0.06266236919836063,63.414637550294685,3.29832,3.0,Irregular,2025-08-28,0.15706285714285714,,0.07,,
PXC.L,PXC,PHOENIX COPPER LIMITED,LSE,SETSqx,GBX,VGG7060R1139,1.0,-0.8181818181818181,1.8809845721670402,2.277664195621787,2.960302997706668,-0.4085975441457763,-0.26034830587142577,15.476183853451118,,,,,,,,,
POS.L,POS,PLEXUS HOLDINGS PLC,LSE,SETSqx,GBX,GB00B0MDF233,5.875,-0.4519832941742843,6.087331404323349,6.255234846271522,6.978262665677721,-0.12151975024374906,-0.09216843716850409,40.25974122483476,,,,,,,,,
POLX.L,POLX,POLAREAN IMAGING PLC,LSE,SETSqx,GBX,GB00BF3DT583,0.07999999821186066,-0.9499999980131785,0.12296686889801783,0.22604507801353543,0.7081404044187928,-0.022575423055803984,-0.021066529970867623,42.857143617406116,,,,,,,,,
POLB.L,POLB,POOLBEG PHARMA PLC,LSE,SETSqx,GBX,GB00BKPG7Z60,4.699999809265137,-0.5102040717026832,4.506699290647489,4.302607335041685,3.906891665832007,0.08775433460024828,0.072757721381042,73.68420524280052,,,,,,,,,
PHE.L,PHE,POWERHOUSE ENERGY GROUP PLC,LSE,SETSqx,GBX,GB00B4WQVY43,0.4300000071525574,-0.5949999988079071,0.44311853258100603,0.4538316830387862,0.5471130206022803,0.001493409217793784,0.0007994322986058723,54.90197224234204,,,,,,,,,
POW.L,POW,POWER METAL RESOURCES PLC,LSE,SETSqx,GBX,GB00BMFSSJ73,16.75,-0.3581081081081081,15.771256294858228,14.858406673294754,14.160014366532318,0.603429760599866,0.5140838373320205,65.34653596230173,,,,,,,,,
PREM.L,PREM,PREMIER AFRICAN MINERALS LIMITED,LSE,SETSqx,GBX,VGG7223M1187,0.027000000700354576,-0.9530612253121216,0.030959561325532313,0.047725133223527255,0.13162982774969542,-0.0034965113896550104,-0.004000011637944088,33.33332643464372,,,,,,,,,
PMI.L,PMI,PREMIER MITON GROUP PLC,LSE,SETSqx,GBX,GB00BZB2KR63,45.0,-0.4155844155844156,47.3996814993223,50.71082191090371,56.18493737608092,-1.7495587041787246,-1.8815424038540494,42.857142857142854,6.0,2.0,Semi-Annual,2026-01-15,0.13333333333333333,,,,
PR1.L,PR1,PRI0R1TY INTELLIGENCE GROUP PLC,LSE,SETSqx,GBX,GB00BPVD4J91,2.0999999046325684,-0.8186813289021364,1.8986648953501073,1.9684620748871162,2.868027368503791,0.022409396843316998,-0.0210161609099851,76.92307551231579,,,,,,,,,
PRIM.L,PRIM,PRIMORUS INVESTMENTS PLC,LSE,SETSqx,GBX,GB00BKTCLJ25,3.8499999046325684,-0.2124999761581421,3.9470908033240737,3.953628204462232,3.8430962476163613,-0.030456799815652413,-0.0086957139478501,0.0,,,,,,,,,
TPFG.L,TPFG,PROPERTY FRANCHISE GROUP PLC (THE),LSE,SETSqx,GBX,GB00BH0WFH67,495.0,-0.19798657718120805,501.68088136429935,508.9284476338654,511.62139041548227,-4.300657405286017,-3.1930628584903102,40.816326530612244,19.0,2.0,Semi-Annual,2025-09-18,0.03838383838383838,,,,
PXEN.L,PXEN,PROSPEX ENERGY PLC,LSE,SETSqx,GBX,GB00BMFZVZ53,2.950000047683716,-0.6824324494125721,2.932026438916857,3.042138162586258,4.088172713922161,0.010672976684046986,0.009087417869607603,50.0,,,,,,,,,
QUBE.L,QUBE,QUANTUM BASE HOLDINGS PLC,LSE,SETSqx,GBX,GB00BTXYPJ53,25.0,-0.5,24.52156055652377,23.5945465584188,22.850276242230326,0.43000793239674806,0.46776848500343104,57.14285714285714,,,,,,,,,
QHE.L,QHE,QUANTUM HELIUM LIMITED,LSE,SETSqx,GBX,AU0000XINET1,0.03400000184774399,-0.6956521703919751,0.03724698050465069,0.03557841938280955,0.033272079637518125,-0.00033810637750642664,0.00041342662018098355,25.00001552204037,,,,,,,,,
QTX.L,QTX,QUARTIX TECHNOLOGIES PLC,LSE,SETSqx,GBX,GB00BLZH2C83,293.0,-0.2332268370607029,295.76802163132186,292.54061068832635,266.87534187352554,-2.5194510077045607,0.006192035897553239,32.05128205128206,5.5,2.0,Semi-Annual,2025-08-28,0.01877133105802048,,,,
RFX.L,RFX,RAMSDENS HOLDINGS PLC,LSE,SETSqx,GBX,GB00BDR6V192,430.0,-0.1806451612903226,419.20805399671497,399.7322186082721,350.1566880661582,7.4252191290466385,7.929830386893762,40.90909090909091,16.0,2.0,Semi-Annual,2026-02-12,0.037209302325581395,,,,
RCFX.L,RCFX,RC FORNAX PLC,LSE,SETSqx,GBX,GB00BTTQ2F04,11.5,-0.8955357159887042,12.247505280943585,11.444029986852941,16.904261853674264,0.20421341856919284,0.5092245228744549,35.0,,,,,,,,,
REAT.L,REAT,REACT GROUP PLC,LSE,SETSqx,GBX,GB00BPCTRB97,52.0,-0.38095238095238093,50.97506846236624,51.253639785054894,54.621742059010195,-0.22801675657953524,-0.17080774972300605,39.99999999999999,,,,,,,,,
RRR.L,RRR,RED ROCK RESOURCES PLC,LSE,SETSqx,GBX,GB00BYWKBV38,0.023000000044703484,-0.5217391339558509,0.026203292064735047,0.028564909912260496,0.03196630017568022,-0.0010240328451314763,-0.0007534931640492135,16.666666666666657,,,,,,,,,
RGG.L,RGG,RENTGUARANTOR HOLDINGS PLC,LSE,SETSqx,GBX,GB00BSVJ8W91,33.5,-0.6599999999999999,33.42812262837531,31.51242324544529,30.047833877832044,0.3782419985577974,0.5965574943685319,14.285714285714292,,,,,,,,,
RST.L,RST,RESTORE PLC,LSE,SETSqx,GBX,GB00B5NR1S72,251.0,-0.18279569892473113,261.2541148318926,262.2952225507781,253.91640071654524,-5.373055023431164,-2.757744600651323,20.0,6.0,2.0,Semi-Annual,2025-09-18,0.02390438247011952,,,,
RHR.L,RHR,RICHMOND HILL RESOURCES PLC,LSE,SETSqx,GBX,GB00BNTBWF32,2.8499999046325684,-0.23529408464794688,2.68039914858441,2.1990107170067716,1.653169610407166,0.2673506152014764,0.2811596597898193,59.999995231628986,,,,,,,,,
RVRG.L,RVRG,RIVER GLOBAL PLC,LSE,SETSqx,GBX,GB00BTDR2R10,4.300000190734863,-0.8821917755963051,4.4770571496187985,4.762293294920604,7.89528360115574,-0.1450403901265469,-0.13286383876081573,0.0,,,,,,,,,
RVRB.L,RVRB,RIVER GLOBAL PLC,LSE,SETSqx,GBX,GB00BTDR2S27,38.20000076293945,-0.19444444444444442,38.55221344457205,38.63414633668205,37.16657310640523,-0.409521360336889,-0.2742682994190391,20.833336644703024,,,,,,,,,
ROAD.L,ROAD,ROADSIDE REAL ESTATE PLC,LSE,SETSqx,GBX,GB00BL6TZZ70,70.5,-0.08292682926829265,72.9608905209506,70.8667013018549,57.99604635138396,-0.12775027228332192,0.3762239042789045,6.25,,,,,,,,,
ROCK.L,ROCK,ROCKFIRE RESOURCES PLC,LSE,SETSqx,GBX,GB00B42TN250,0.20000000298023224,-0.5999999720603222,0.19021704868297812,0.1740032123854353,0.15804413953049623,0.014377709933874078,0.013987326697793134,56.19834853231539,,,,,,,,,
RDT.L,RDT,ROSSLYN DATA TECHNOLOGIES PLC,LSE,SETSqx,GBX,GB00BMV2DB09,2.950000047683716,-0.3979591856594633,3.140532687268554,3.249586584546291,3.578816256455346,-0.07616855999209671,-0.06184291485254996,26.666673024495438,,,,,,,,,
SSTY.L,SSTY,SAFESTAY PLC,LSE,SETSqx,GBX,GB00BKT0J702,16.75,-0.32999999999999996,16.782939416721447,17.341106616669403,19.808502499292025,-0.08918255584827506,-0.12716331156617905,,,,,,,,,,
LEND.L,LEND,SANCUS LENDING GROUP LIMITED,LSE,SETSqx,GBX,GB00B0CL3P62,0.8500000238418579,-0.9927272725394688,0.7926581563024296,0.6164582242183898,0.5065397324818683,0.1308850997814045,0.1360712104078156,60.97561060708598,,,,,,,,,
SDG.L,SDG,SANDERSON DESIGN GROUP PLC,LSE,SETSqx,GBX,GB0003061511,63.0,-0.23809523809523814,50.63396830881242,47.69106399836398,47.61245493178894,3.286894812259085,1.7564429120496854,100.0,1.5,2.0,Semi-Annual,2025-10-23,0.023809523809523808,,,,
SAV.L,SAV,SAVANNAH RESOURCES PLC,LSE,SETSqx,GBX,GB00B647W791,5.050000190734863,-0.42342343464676335,4.986537135258764,4.602141466299519,4.21444221883754,0.1539502489967708,0.2223606783798097,26.666658189556244,,,,,,,,,
SCLP.L,SCLP,SCANCELL HOLDINGS PLC,LSE,SETSqx,GBX,GB00B63D3314,14.0,-0.26695276897095677,12.759832405294226,11.791355444254352,10.433924792778903,0.42541163487673295,0.5297610278175757,56.15763454228526,,,,,,,,,
SAG.L,SAG,SCIENCE GROUP PLC,LSE,SETSqx,GBX,GB00B39GTJ17,540.0,-0.11570247933884292,546.3916097506983,547.7132794940601,530.4241305438553,-2.1118141097382477,-1.1097387041551887,25.0,8.0,1.0,Annual,2025-05-22,0.014814814814814815,,,,
SDI.L,SDI,SDI GROUP PLC,LSE,SETSqx,GBX,GB00B3FBWW43,83.5,-0.3495145631067961,81.40125267885193,80.29695295328663,78.54662983417909,0.8248760894956177,0.8452571030340381,64.70588235294119,,,,,,,,,
SPDI.L,SPDI,SECURE PROPERTY DEV & INV PLC,LSE,SETSqx,GBX,CY0102102213,0.017500000074505806,-0.9970833333209157,0.019186956690609585,0.1677265365480749,1.6196114448093974,-0.008574774848405287,-0.012572182844855244,,,,,,,,,,
SEEN.L,SEEN,SEEEN PLC,LSE,SETSqx,GBX,GB00BK6SHS41,4.0,-0.9939130434523458,4.042212059821502,4.160854540337944,3.8377721077082163,-0.05264189784197004,-0.06834504088525861,50.0,,,,,,,,,
SWG.L,SWG,SHEARWATER GROUP PLC,LSE,SETSqx,GBX,GB00BKT6VH21,43.5,-0.4014598540145985,45.76678143334411,46.755767626808044,48.27850943023942,-0.5773527910432037,-0.003464307615129683,33.33333333333333,,,,,,,,,
STX.L,STX,SHIELD THERAPEUTICS PLC,LSE,SETSqx,GBX,GB00BYV81293,10.600000381469727,-0.44197533727691385,10.554681330747846,10.204366744157877,7.64176893405274,-0.022463201121048826,-0.012124100693699225,55.05050427207496,,,,,,,,,
SHOE.L,SHOE,SHOE ZONE PLC,LSE,SETSqx,GBX,GB00BLTVCF91,50.0,-0.5652173913043479,54.85016307560562,61.086587360011045,75.9479037645686,-3.1882518240770494,-3.365810587716968,0.0,,,,,,,,,
SKA.L,SKA,SHUKA MINERALS PLC,LSE,SETSqx,GBX,GB00BN47NP32,3.4000000953674316,-0.5846153772794284,3.756237398471882,4.122456510185601,4.2696882805587055,-0.2572838071168042,-0.24730333910005617,22.222210448460245,,,,,,,,,
SBDS.L,SBDS,SILVER BULLET DATA SERVICES GROUP P,LSE,SETSqx,GBX,GB00BNXM0Z89,19.0,-0.6576576576576576,20.854603510736723,21.895765911219154,27.775997421648615,-0.8974698802475558,-0.5396058717076798,0.0,,,,,,,,,
SKL.L,SKL,SKILLCAST GROUP PLC,LSE,SETSqx,GBX,GB00BNLXS042,71.5,-0.17647058823529416,74.13973569431145,71.59782889317212,60.670950829054085,-0.05636759212650588,0.9094467033481088,25.000000000000014,0.5509999999999999,2.0,Semi-Annual,2025-10-02,0.007706293706293705,,,,
SBTX.L,SBTX,SKINBIOTHERAPEUTICS PLC,LSE,SETSqx,GBX,GB00BF33H870,12.375,-0.5306513478560269,18.943120062158304,18.015653121735166,17.220138253201956,-0.0466320151499815,0.6521758911671892,23.300970873786397,,,,,,,,,
SFT.L,SFT,SOFTWARE CIRCLE PLC,LSE,SETSqx,GBX,GB0009638130,20.0,-0.3548387096774194,22.26945028162832,23.18572675779878,25.053206008573873,-0.855897191686747,-0.5166645461369709,2.631588193515512,,,,,,,,,
SOM.L,SOM,SOMERO ENTERPRISE INC,LSE,SETSqx,GBX,USU834501038,219.0,-0.2678571428571429,218.45333049599543,220.42981030230268,230.87859186058589,-0.6352654144794769,-0.28491408985180716,52.17391304347826,12.45299,2.0,Semi-Annual,2025-09-18,0.05686296803652968,,,,
SORT.L,SORT,SORTED GROUP HOLDINGS PLC,LSE,SETSqx,GBX,GB00BPDX2041,30.0,-0.5263157894736843,30.45880845035579,30.50434120544917,29.254542150736725,-0.11334103968871645,0.03183692085840864,50.0,,,,,,,,,
SOS.L,SOS,SOSANDAR PLC,LSE,SETSqx,GBX,GB00BDGS8G04,7.0,-0.5,7.293080057994487,7.24042451390924,6.8479777379535065,-0.09429623246125729,-0.05202825442607694,0.0,,,,,,,,,
SOU.L,SOU,SOUND ENERGY PLC,LSE,SETSqx,GBX,GB00B90XFF12,0.75,-0.41919193682822853,0.8731055419759779,0.8885386299166298,0.8030691954379461,-0.04900068329097007,-0.02933109501296163,24.9999940395341,,,,,,,,,
SOUC.L,SOUC,SOUTHERN ENERGY CORP.,LSE,SETSqx,GBX,CA8428133059,4.050000190734863,-0.6133333206176758,4.14428972684546,4.147970972474193,4.08690246186519,-0.11777680978459593,-0.08084404979353946,28.571441546586982,,,,,,,,,
SVML.L,SVML,SOVEREIGN METALS LIMITED,LSE,SETSqx,GBX,AU000000SVM6,36.400001525878906,-0.49278349728928394,36.63396442465662,33.77338315221521,33.552109310586566,1.6495811087887091,2.049678714388481,38.41808140953304,,,,,,,,,
SAL.L,SAL,SPACEANDPEOPLE PLC,LSE,SETSqx,GBX,GB00BPQDJM21,220.0,-0.25283018867924534,210.102666502135,210.17231799025936,182.30041315987864,1.7621329524616556,-0.7579746113364103,64.70588235294119,,,,,,,,,
SPR.L,SPR,SPRINGFIELD PROPERTIES PLC,LSE,SETSqx,GBX,GB00BF1QPG26,129.0,-0.18316831683168322,130.68674649570528,127.2699530816533,113.3726163047624,0.2273549394276415,0.9438948522967529,39.99999999999999,2.0,1.0,Annual,2025-11-06,0.015503875968992248,,,,
SRT.L,SRT,SRT MARINE SYSTEMS PLC,LSE,SETSqx,GBX,GB00B0M8KM36,90.0,-0.31304347826086953,90.41957760972575,88.96742562864024,80.65400076694327,-0.2529751140039309,0.35571260140389394,36.36363636363636,,,,,,,,,
STAR.L,STAR,STAR ENERGY GROUP PLC,LSE,SETSqx,GBX,GB00BZ042C28,10.5,-0.29494713999692046,10.06536509431171,9.539479066090868,8.335726822046954,0.27432591628430636,0.2562779463474473,83.33333333333333,,,,,,,,,
SML.L,SML,STRATEGIC MINERALS PLC,LSE,SETSqx,GBX,GB00B4W8PD74,3.240000009536743,-0.4337016527281804,2.7161136377255066,2.041465262655559,1.1370060148391408,0.5219174344137643,0.4631500175241015,68.10810774238203,,,,,,,,,
STG.L,STG,STRIP TINNING HOLDINGS PLC,LSE,SETSqx,GBX,GB00BMHN9M05,22.5,-0.4516129032258065,22.65442082308007,23.448854784648617,24.281240947927245,-0.31236361775028954,-0.42005243428561195,100.0,,,,,,,,,
SBAR.L,SBAR,SUNDAE BAR PLC,LSE,SETSqx,GBX,GB00BRXKJ754,4.949999809265137,-0.6857142789023263,4.938385706692719,5.252848949488979,6.944647525907062,-0.022004065289156216,-0.0435520206743172,50.0,,,,,,,,,
SNDA.L,SNDA,SUNDA ENERGY PLC,LSE,SETSqx,GBX,GB00B01QGH57,0.039000000804662704,-0.7317073259376328,0.028431634636893573,0.026591974813993446,0.031636047281988475,0.002363051403792754,0.0009218664137047311,75.86206741515878,,,,,,,,,
SUP.L,SUP,SUPREME PLC,LSE,SETSqx,GBX,GB00BDT89C08,143.0,-0.30243902439024395,147.2919377324847,150.8994409147922,164.17148026413437,-0.931201996611577,-0.543472367453655,33.33333333333333,5.0,2.0,Semi-Annual,2025-12-04,0.03496503496503497,,,,
SWT.L,SWT,SWITCH METALS PLC,LSE,SETSqx,GBX,GB00BNRR5980,14.0,-0.9923809525512514,12.440207923267696,11.13675133510175,9.340427037609286,0.9324945939386016,0.8163068056064303,72.22222222222223,,,,,,,,,
SLP.L,SLP,SYLVANIA PLATINUM LIMITED,LSE,SETSqx,GBX,BMG864081044,112.0,-0.26101697501489673,110.85505009015773,105.91118691549491,85.96523627428705,0.32465925629082903,1.0992476949596635,42.4,2.75,2.0,Semi-Annual,2025-10-30,0.024553571428571428,,,,
SYS.L,SYS,SYSGROUP PLC,LSE,SETSqx,GBX,GB00BYT18182,15.5,-0.3829787234042553,15.510932964277856,15.703828541196566,17.54330546410813,-0.04545628869608187,-0.06455156746777102,100.0,,,,,,,,,
SYS1.L,SYS1,SYSTEM1 GROUP PLC,LSE,SETSqx,GBX,GB00B1GVQH21,204.0,-0.6655737704918032,217.13770093202046,225.62464366760545,320.5593393287868,-4.108013824375291,-2.0857049564935464,22.222222222222214,11.0,1.0,Annual,2025-09-25,0.05392156862745098,,,,
TRAC.L,TRAC,T42 IOT TRACKING SOLUTIONS PLC,LSE,SETSqx,GBX,JE00BKVDPL34,2.0999999046325684,-0.3571428632249638,2.1552182136350226,2.12961854514274,2.1103824559090096,-0.01806097887444169,0.002322616010046357,46.66665395100912,,,,,,,,,
TAND.L,TAND,TAN DELTA SYSTEMS PLC,LSE,SETSqx,GBX,GB00BMV2DK99,37.0,-0.9899999998336615,36.257893298307245,34.29353647465361,27.85029254207518,0.9141943402486845,1.034058034625564,,,,,,,,,,
TAP.L,TAP,TAP GLOBAL GROUP PLC,LSE,SETSqx,GBX,GB00BMVSDN09,1.4500000476837158,-0.6826923006385033,1.6405292033659244,1.7914956760996064,2.0012836111630437,-0.07814317604003174,-0.07871868650250846,25.000003725289957,,,,,,,,,
TAVI.L,TAVI,TAVISTOCK INVESTMENTS PLC,LSE,SETSqx,GBX,GB00BLNMLS43,3.9000000953674316,-0.4843750151339916,3.585415971586166,3.7536404645568386,4.159399376379316,-0.031246302566256823,-0.1052083681971005,92.307700772256,0.1,1.0,Annual,2026-01-02,0.02564102501402085,,,,
TEAM.L,TEAM,TEAM PLC,LSE,SETSqx,GBX,JE00BM90BX45,27.5,-0.4320987654320988,27.506586601933698,27.70162269967109,27.307933738464634,-0.016753794705721248,-0.02377208892387605,,,,,,,,,,
TEK.L,TEK,TEKCAPITAL PLC,LSE,SETSqx,GBX,GB00BKXGY798,9.0,-0.38095238095238093,9.96944517471448,10.009289212870241,9.286095425418651,-0.4006685267046972,-0.06784775136024836,20.238100644411247,,,,,,,,,
TGP.L,TGP,TEKMAR GROUP PLC,LSE,SETSqx,GBX,GB00BDFGGK53,11.0,-0.3750000175307774,10.14728054951284,9.691191689476225,7.577332535072218,-0.10350234682273651,-0.19813067268135456,61.53846153846153,,,,,,,,,
TERN.L,TERN,TERN PLC,LSE,SETSqx,GBX,GB00BFPMV798,0.4000000059604645,-0.8333333286028057,0.48793102617373485,0.5139581568864328,0.7377758915727374,-0.016825843522716433,-0.017015153113191482,33.333339956071384,,,,,,,,,
ART.L,ART,THE ARTISANAL SPIRITS COMPANY PLC,LSE,SETSqx,GBX,GB00BNXM3P96,33.5,-0.40909090909090906,33.45789205717752,34.180921417356195,38.0544038725467,-0.013745502001420107,-0.04874415829256053,,,,,,,,,,
CCT.L,CCT,THE CHARACTER GROUP PLC,LSE,SETSqx,GBX,GB0008976119,242.0,-0.26708074534161486,246.14628573439433,249.9243550815552,262.6364854951498,0.9653811075587555,0.1947836869859001,50.0,6.0,2.0,Semi-Annual,2026-01-15,0.024793388429752067,,,,
PEBB.L,PEBB,THE PEBBLE GROUP PLC,LSE,SETSqx,GBX,GB00BK71XP16,50.0,-0.31764708446855305,49.21138903215803,47.87964897808132,47.38910564665258,1.0382035269225582,1.2100567557935655,30.0,1.85,1.0,Annual,2025-05-15,0.037000000000000005,,,,
TCF.L,TCF,THERACRYF PLC,LSE,SETSqx,GBX,GB00BSVYN304,0.20999999344348907,-0.8100000023841858,0.20942001489966466,0.20859976817689485,0.28233423186348905,0.000885519444400823,0.0011201454325220435,,,,,,,,,,
TRC.L,TRC,THE REVEL COLLECTIVE PLC,LSE,SETSqx,GBX,GB00BVDPPV41,0.0002500000118743628,-0.9991666666601992,0.0039352978059330095,0.04148270185501633,0.13803305420948708,-0.008551146287611913,-0.011987289091204955,,,,,,,,,,
THR.L,THR,THOR ENERGY PLC,LSE,SETSqx,GBX,GB00BRJ52319,0.6100000143051147,-0.4318181787394295,0.6287569838327626,0.6143991331813444,0.5944040394301777,0.0036060017366731367,0.017155304752428185,42.6966313204515,,,,,,,,,
THX.L,THX,THOR EXPLORATIONS LTD,LSE,SETSqx,GBX,CA8851491040,82.0,-0.2763157894736842,83.91962308866458,78.01396400209688,60.08625371432178,2.0341993142439208,3.1156104076865465,37.179488612640874,3.5048,4.0,Quarterly,2026-01-22,0.04274146341463415,,,,
THRU.L,THRU,THRUVISION GROUP PLC,LSE,SETSqx,GBX,GB00B627R876,0.925000011920929,-0.825000007947286,0.9491816678057666,0.9548305480683228,1.2931694916628744,0.0014560935187307722,0.003916284432964689,42.85715258850946,,,,,,,,,
TIA.L,TIA,TIALIS ESSENTIAL IT PLC,LSE,SETSqx,GBX,GB00BN4M3M55,62.5,-0.2638036809815951,67.84010595098648,70.57679562475211,66.12006967577321,-3.757172765321144,-2.819329895902806,0.0,,,,,,,,,
TMO.L,TMO,TIME OUT GROUP PLC,LSE,SETSqx,GBX,GB00BYYV0629,8.800000190734863,-0.7988505747126436,8.880652144902735,9.610607740529797,16.239602411775145,-0.15273230008971161,-0.20593462226276138,0.0,,,,,,,,,
TRX.L,TRX,TISSUE REGENIX GROUP PLC,LSE,SETSqx,GBX,GB00BNTXR104,,,,,,,,,,,,,,,,,
TON.L,TON,TITON HLDGS PLC,LSE,SETSqx,GBX,GB0008941402,95.0,-0.07999999999999996,94.18457536754343,93.34897970333992,88.53349424297538,0.24929798341656806,0.32110250954753705,50.0,,,,,,,,,
TOM.L,TOM,TOMCO ENERGY PLC,LSE,SETSqx,GBX,IM00BZBXMN96,0.06499999761581421,-0.5384615318485968,0.06709558268157777,0.06606340720113163,0.05712482829423884,-0.00074358750377089,-0.0004678066015253194,38.46152523566739,,,,,,,,,
MEX.L,MEX,TORTILLA MEXICAN GRILL PLC,LSE,SETSqx,GBX,GB00BNYDGZ21,62.0,-0.31313131313131315,57.34004995909903,51.104210593554576,44.88941925828694,3.960756816666688,3.346047012188864,81.81818181818181,,,,,,,,,
TXP.L,TXP,TOUCHSTONE EXPLORATION INC,LSE,SETSqx,GBX,CA89156L1085,8.649999618530273,-0.7607843174653894,9.16663487588619,9.1707424608002,12.617686475049725,-0.026226485674415656,0.09011104646111903,15.624996274710583,,,,,,,,,
TPX.L,TPX,TPXIMPACT HOLDINGS PLC,LSE,SETSqx,GBX,GB00BGGK0V60,32.29999923706055,-0.49090909090909096,25.422448093204043,22.533898640054602,20.765307649295615,2.4374335539248833,1.5353681041405212,91.04477144557083,,,,,,,,,
TRCS.L,TRCS,TRACSIS PLC,LSE,SETSqx,GBX,GB00B28HSF71,320.0,-0.4356435643564357,320.69695113173697,321.53023352976595,354.62529474894563,2.7408746377909097,4.1747433221855434,59.57446808510638,2.6000001,2.0,Semi-Annual,2026-01-29,0.0081250003125,,,,
TRAF.L,TRAF,TRAFALGAR PROPERTY GROUP PLC,LSE,SETSqx,GBX,GB00BMGS6031,0.023000000044703484,-0.9972307690872133,0.02262262976842956,0.01976399065228152,0.024251097672234313,0.0019363942623525747,0.0022830437143912747,0.0,,,,,,,,,
TRLS.L,TRLS,TRELLUS HEALTH PLC,LSE,SETSqx,GBX,GB00BNNFM402,0.550000011920929,-0.8706896594248259,0.676020418931431,0.6593815003247836,0.8669255847800102,-0.03604488374515502,0.012914526582382247,28.57142938237611,,,,,,,,,
TSTL.L,TSTL,TRISTEL PLC,LSE,SETSqx,GBX,GB00B07RVT99,420.0,-0.26027397260273977,419.5282801639201,407.7551262661988,382.1276366856061,4.621376022012896,4.744531262599884,59.09090909090909,14.1999995,2.0,Semi-Annual,2025-11-27,0.03380952261904762,,,,
TRU.L,TRU,TRUFIN PLC,LSE,SETSqx,GBX,JE00BYVWJZ03,126.0,-0.14457831325301207,122.30207665095026,119.3737032937855,107.26032529011265,1.801088979567382,1.3742174947763934,63.15789473684211,,,,,,,,,
TUN.L,TUN,TUNGSTEN WEST PLC,LSE,SETSqx,GBX,GB00BP6QM557,28.100000381469727,-0.44852940145248343,25.41842649974405,18.586852321003896,11.583953465769895,5.289571788791633,4.7979624869394435,61.166669358147864,,,,,,,,,
UKOG.L,UKOG,UK OIL & GAS PLC,LSE,SETSqx,GBX,GB00BS3D4G58,0.01600000075995922,-0.9950000000145519,0.016772390931390525,0.01707309885785023,0.013942195269007661,-0.0003176927060986878,-0.0001890222952950421,33.33331263725381,,,,,,,,,
UJO.L,UJO,UNION JACK OIL PLC,LSE,SETSqx,GBX,GB00BLH1S316,2.8499999046325684,-0.8239999961853027,3.012874779249231,3.0577658017334843,5.1230060397367945,0.01962116354254473,0.0818334218809391,27.777774834338842,,,,,,,,,
UPR.L,UPR,UNIPHAR PLC,LSE,SETSqx,GBX,IE00BJ5FQX74,345.0,-0.15536723163841804,335.34240535956707,327.09735151838305,311.4443136179922,8.228145763951318,7.510099064058299,71.7948717948718,1.7041612,2.0,Semi-Annual,2025-09-11,0.00493959768115942,,,,
UOG.L,UOG,UNITED OIL & GAS PLC,LSE,SETSqx,GBX,GB00BYX0MB92,0.17499999701976776,-0.5800000131130219,0.1589632198704738,0.1455325507772677,0.137352835591397,0.011325068820999706,0.010015586392977283,64.15093915239413,,,,,,,,,
URU.L,URU,URU METALS LD,LSE,SETSqx,GBX,VGG930042012,6.375,-0.6399999989403619,6.724991446902181,6.897492610156772,6.270112815449728,-0.18350072677630802,-0.13344973258436604,21.42857142857143,,,,,,,,,
VANL.L,VANL,VAN ELLE HOLDINGS PLC,LSE,SETSqx,GBX,GB00BYX4TP46,37.0,-0.2647058950449068,36.92107881201957,36.29152019440894,36.66080761509318,0.3475074453715692,0.3626057352321751,57.14285714285714,1.2000000000000002,2.0,Semi-Annual,2025-10-02,0.032432432432432434,,,,
VARE.L,VARE,VARIOUS EATERIES PLC,LSE,SETSqx,GBX,GB00BM9BZK23,13.5,-0.9925396825586047,11.97964912335748,11.853726526434492,12.346225108512636,0.27910778292439886,0.10219153767636324,83.33333333333333,,,,,,,,,
VAST.L,VAST,VAST RESOURCES PLC,LSE,SETSqx,GBX,GB00BQ7WTT20,0.0012000000569969416,-0.9977142855019188,0.004504011060887532,0.04200477397597047,0.17010069631906766,-0.00762260911228891,-0.010639176691445972,,,,,,,,,,
VEL.L,VEL,VELOCITY COMPOSITES PLC,LSE,SETSqx,GBX,GB00BF339H01,17.0,-0.6109510171994472,17.393443908756367,17.341592090547053,20.736829142646542,0.058945774974343834,0.27504218158692334,16.666666666666657,,,,,,,,,
VLG.L,VLG,VENTURE LIFE GROUP PLC,LSE,SETSqx,GBX,GB00BFPM8908,70.5,-0.18320610687022898,68.40163684162411,65.73318533456221,57.89324108465361,1.3621405009734389,1.136428541315314,68.57142857142857,,,,,,,,,
VRCI.L,VRCI,VERICI DX PLC,LSE,SETSqx,GBX,GB00BM8HZD43,0.675000011920929,-0.8444444515086986,0.7131530719293433,0.7326418072933069,1.0632134362065622,-0.01630200474297394,-0.011882926075219086,0.0,,,,,,,,,
VINO.L,VINO,VIRGIN WINES UK PLC,LSE,SETSqx,GBX,GB00BN33TR63,60.0,-0.4177215189873418,60.5657474124063,58.6452332442231,54.726180858927435,0.30711219723594496,0.6518292199178806,41.66666666666667,,,,,,,,,
VUL.L,VUL,VULCAN TWO GROUP PLC,LSE,SETSqx,GBX,GB00BTQLZH16,235.0,-0.9901999998092651,239.47315141175122,241.1014651286237,237.16238423937386,-2.6825313756313847,-1.8585145807818533,0.0,,,,,,,,,
W7L.L,W7L,WARPAINT LONDON PLC,LSE,SETSqx,GBX,GB00BYMF3676,215.0,-0.6414141414141414,207.9976027857757,205.25310770784466,266.27674961030095,6.199539334997837,4.903715127679884,61.083743842364534,11.500000499999999,2.0,Semi-Annual,2025-11-06,0.05348837441860464,,,,
WATR.L,WATR,WATER INTELLIGENCE PLC,LSE,SETSqx,GBX,GB00BZ973D04,286.0,-0.3417721518987342,304.9998012201273,304.69883417387234,314.37815628588237,-5.069524111652868,-0.8730546014959409,14.285714285714292,,,,,,,,,
WKOF.L,WKOF,WEISS KOREA OPPORTUNITY FUND LTD.,LSE,SETSqx,GBX,GG00BPCMLM76,120.0,-0.25,136.50784112214035,143.51580765563963,144.89912263445314,-7.199066753756597,-4.847386496589237,15.78947368421052,4.0787997,1.0,Annual,2025-05-22,0.0339899975,,,,
WNX.L,WNX,WELLNEX LIFE LIMITED,LSE,SETSqx,GBX,AU0000162281,8.5,-0.9980645161722937,8.134203000722424,8.211677833556406,12.589757698720385,0.3104371949360001,0.29545924866897644,48.63537117850652,,,,,,,,,
WSG.L,WSG,WESTMINSTER GROUP PLC,LSE,SETSqx,GBX,GB00B1XLC220,0.008500000461935997,-0.9969090907411142,0.06204355573704097,0.42322448746670865,1.2077988325406723,-0.10725378396316833,-0.14632723347467497,,,,,,,,,,
WPHO.L,WPHO,WINDAR PHOTONICS PLC,LSE,SETSqx,GBX,GB00BTFR4F17,43.5,-0.38636363636363635,43.96368007356696,46.068607923613214,50.31343356017662,-0.9545578652569233,-1.0024363268278156,39.99999999999999,,,,,,,,,
WKS.L,WKS,WINKING STUDIOS LIMITED,LSE,SETSqx,GBX,KYG9722U1040,12.5,-0.4054054054054054,12.447165823670847,12.692829848795103,13.726403071035758,-0.021846429381808363,-0.07159320980180212,75.0,,,,,,,,,
WVIA.L,WVIA,WINVIA ENTERTAINMENT PLC,LSE,SETSqx,GBX,GB00BP084X98,275.0,-0.09195402298850575,242.36694024064343,226.01364850506954,217.53795298728375,14.04365647715025,10.594443236260425,82.05128205128204,,,,,,,,,
WSBN.L,WSBN,WISHBONE GOLD PLC,LSE,SETSqx,GBX,GI000A41V1Y7,77.5,-0.7783783783783784,75.26862067165439,78.09222503950448,72.25790646038415,-1.2932501068284097,-1.008831688934138,38.095238095238095,,,,,,,,,
WYN.L,WYN,WYNNSTAY GROUP PLC,LSE,SETSqx,GBX,GB0034212331,377.5,-0.16176470588235292,384.74414743405094,370.3470245441339,353.0383660335665,5.771841336229215,9.562220071071915,29.927007299270073,17.600001,2.0,Semi-Annual,2025-09-25,0.04662251920529801,,,,
WSP.L,WSP,WYNNSTAY PROPERTIES PLC,LSE,SETSqx,GBX,GB0009842898,875.0,-0.09580838323353291,869.9163129924857,863.2772867261671,815.4512576424673,2.451649734779039,1.197331848923013,100.0,27.5,2.0,Semi-Annual,2025-11-13,0.03142857142857143,,,,
XSG.L,XSG,XEROS TECHNOLOGY GROUP,LSE,SETSqx,GBX,GB00BMGYBJ57,1.475000023841858,-0.38541668115390615,1.5686666301914582,1.665261293194982,1.6111239263848178,-0.06521423824473294,-0.060441588012312766,14.285704554341052,,,,,,,,,
XPF.L,XPF,XP FACTORY PLC,LSE,SETSqx,GBX,GB00BDB79J29,12.5,-0.30147060782851587,13.111935957551413,12.847298181754475,12.15023762455966,-0.18130975810901795,0.10650192104707779,31.578947368421055,,,,,,,,,
XTR.L,XTR,XTRACT RESOURCES PLC,LSE,SETSqx,GBX,GB00BYSX2795,0.8500000238418579,-0.5333333545260959,0.8812401486933437,0.8180057015071479,0.7654668976801923,0.025593688072348852,0.03888893799925781,46.6666687859436,,,,,,,,,
YU.L,YU.,YU GROUP PLC,LSE,SETSqx,GBX,GB00BYQDPD80,1920.0,-0.17613636363636365,1793.8402126509156,1683.1961316069353,1597.3920963041487,86.40763030727248,70.78100835164757,90.1639344262295,63.0,2.0,Semi-Annual,2025-11-20,0.0328125,,,,
ZAM.L,ZAM,ZAMBEEF PRODUCTS PLC,LSE,SETSqx,GBX,ZM0000000201,4.199999809265137,-0.25,4.381852504303022,4.527723488615115,4.445646899862681,-0.12076069112032695,-0.09365529558085518,27.272695746259856,,,,,,,,,
ZED.L,ZED,ZENOVA GROUP PLC,LSE,SETSqx,GBX,GB00BNVVH568,0.002050000010058284,-0.9955434783198475,0.002053625730134889,0.005319199861637524,0.09611038704600662,-4.648214499371238e-05,-6.835114196750093e-05,,,,,,,,,,
ZIN.L,ZIN,ZINC MEDIA GROUP PLC,LSE,SETSqx,GBX,GB00BJVLR251,47.5,-0.37671232876712324,46.91864363348721,48.248618366227575,55.49601097877224,-0.31474729021294934,-0.4979194272500782,50.0,,,,,,,,,
ZNWD.L,ZNWD,ZINNWALD LITHIUM PLC,LSE,SETSqx,GBX,GB00BFN4GY99,6.849999904632568,-0.3475177616763889,6.9799209900983366,6.677453908697578,6.169556571723764,0.10628972367199552,0.1561852022534948,38.70967841173204,,,,,,,,,
ZOO.L,ZOO,ZOO DIGITAL GROUP PLC,LSE,SETSqx,GBX,GB00B1FQDL10,14.5,-0.6928571292332241,12.844568713839104,11.61323048491463,12.96211912097003,1.288237486871468,1.0007633011022437,70.45454545454545,,,,,,,,,
AGZI.L,AGZI,ABERFORTH GEARED VALUE & INCOME TRU,LSE,SETSqx,GBX,GB00BPJMQ360,115.0,-0.99,114.99846955893052,114.85593433005558,112.04956754492046,0.005168955549592624,0.007425745072545189,,,,,,,,,,
AC8.L,AC8,ACCELER8 VENTURES PLC,LSE,SETSqx,GBX,JE00BNG2DL20,0.800000011920929,-0.9919999998807907,23.947231743466126,30.95742220501733,24.87343749405674,-9.93288666260868,-3.9438535514897968,0.0,,,,,,,,,
ZAIM.L,ZAIM,ADALAN VENTURES PLC,LSE,SETSqx,GBX,GB00BMXTZ463,0.04500000178813934,0.0,0.04500000178813934,0.04500000178813934,0.04500000178813934,0.0,0.0,,,,,,,,,,
AFP.L,AFP,AFRICAN PIONEER PLC,LSE,SETSqx,GBX,IM00B8C0HK22,1.2200000286102295,-0.48214283129390356,1.1523293659790537,1.0793657193986461,1.0114103072197627,0.06073700891577949,0.0535555115956999,54.5454541349543,,,,,,,,,
AIQ.L,AIQ,AIQ LD,LSE,SETSqx,GBX,KYG0180A1022,4.0,-0.41666666666666663,3.8222153248358794,3.8667125974148897,4.253016729598725,0.11498274320323087,0.08071422119480454,100.0,,,,,,,,,
CRWN.L,CRWN,ALBION CROWN VCT PLC,LSE,SETSqx,GBX,GB0002577434,0.2809999883174896,-0.9905387211751142,3.4221217836412845,10.01353055093242,16.258449613227775,-3.9324486733666593,-4.490292275512413,,1.54,2.0,Semi-Annual,2025-11-06,5.480427274110849,,,,
CRWC.L,CRWC,ALBION CROWN VCT PLC,LSE,SETSqx,GBX,GB00BSPT6546,0.3709999918937683,-0.9912085311567201,10.096375667572094,19.137612636854445,28.711507659521725,-7.683863001368295,-6.402832131483452,0.0,2.08,2.0,Semi-Annual,2025-11-06,5.60646912519498,,,,
AAEV.L,AAEV,ALBION ENTERPRISE VCT PLC,LSE,SETSqx,GBX,GB00B1G3LR35,104.5,-0.0669642857142857,105.9828347137066,106.78064440926639,107.73810647524029,-0.8089098464756006,-0.5267966964805963,0.0,5.7300002,2.0,Semi-Annual,2026-02-05,0.05483253779904306,,,,
AATG.L,AATG,ALBION TECHNOLOGY & GENERAL VCT PLC,LSE,SETSqx,GBX,GB0005581672,66.0,-0.9907042249827318,65.08299182336566,62.52500755150797,62.817516507276075,1.6987827264388216,2.0889604332737144,50.0,3.6,2.0,Semi-Annual,2025-10-02,0.05454545454545455,,,,
AIRE.L,AIRE,ALTERNATIVE INCOME REIT PLC,LSE,SETSqx,GBX,GB00BDVK7088,78.9000015258789,-0.162269163015193,77.50648184173465,75.74201839184539,73.03321744730097,0.9973104181154184,0.8636383837836714,56.05095850922646,5.9000002,4.0,Quarterly,2026-02-12,0.07477820134217389,,,,
REE.L,REE,ALTONA RARE EARTHS PLC,LSE,SETSqx,GBX,GB00BFZNKV91,2.299999952316284,-0.5374015866287349,1.6105472514074943,1.4958940335043838,1.551089047797334,0.19448253463560827,0.09374233509347743,70.32520096697138,,,,,,,,,
ALTR.L,ALTR,ALT RESOURCES PLC,LSE,SETSqx,GBX,GB00BNVSX371,,,,,,,,,,,,,,,,,
DISH.L,DISH,AMALA FOODS PLC,LSE,SETSqx,GBX,JE00BG12QT70,0.1080000028014183,-0.4615384394953229,0.11464817034581044,0.10584943274326891,0.06330578796261077,0.002503400501802977,0.003752352139954362,44.06779725227641,,,,,,,,,
AMIF.L,AMIF,AMICORP FS (UK) PLC,LSE,SETSqx,USD,GB00BNTWWT07,1.024999976158142,-0.3862275434141327,1.0997245124568527,1.2943823904747305,1.5116431156644414,-0.09800323081611406,-0.11523891915563887,0.0,,,,,,,,,
AMGO.L,AMGO,AMIGO HOLDINGS PLC,LSE,SETSqx,GBX,GB00BFFK8T45,1.850000023841858,-0.5578947450975964,1.8490338605170917,1.3334052248340242,0.6996047942893299,0.2548257176326769,0.34841354513261147,50.645995795146185,,,,,,,,,
AEX.L,AEX,AMINEX PLC,LSE,SETSqx,GBX,IE0003073255,2.0999999046325684,-0.423913010802746,2.037023443255487,1.8729993270711198,1.6609529044021392,0.10883240771918246,0.10293796153971237,54.464280012312614,,,,,,,,,
AMOI.L,AMOI,ANEMOI INTERNATIONAL LTD,LSE,SETSqx,GBX,VGG0419A1057,1.350000023841858,-0.8298969063296152,1.4275943999957494,1.4405213896343898,1.2045611908615095,-0.04448961910474303,-0.029771519030761594,8.333329194120012,,,,,,,,,
AEEE.L,AEEE,AQUILA ENERGY EFFICIENCY TRUST PLC,LSE,SETSqx,EUR,GB00BN6JYS78,,,,,,,,,,,,,,,,,
AEET.L,AEET,AQUILA ENERGY EFFICIENCY TRUST PLC,LSE,SETSqx,GBX,GB00BN6JYS78,24.799999237060547,-0.6571428571428571,25.17022625118066,25.636824387776596,31.75060874124973,-0.17864207678436728,-0.11150599363777955,34.88372505645523,40.836998,2.0,Semi-Annual,2025-10-02,1.646653195818415,,,,
ARB.L,ARB,ARGO BLOCKCHAIN PLC,LSE,SETSqx,GBX,GB00BZ15CS02,,,,,,,,,,,,,,,,,
ASHI.L,ASHI,ASHINGTON INNOVATION PLC,LSE,SETSqx,GBX,GB00BNM4K334,0.875,-0.9923529412331878,0.7491011508815403,0.5368851329637129,0.32329804109590093,0.13204256074450216,0.1374778215127781,,,,,,,,,,
ASIA.L,ASIA,ASIA STRATEGIC HOLDINGS LIMITED,LSE,SETSqx,USD,SG9999015747,4.25,0.0,4.25,4.25,4.25,0.0,0.0,,,,,,,,,,
ASBE.L,ASBE,ASSOCIATED BRITISH ENGINEERING PLC,LSE,SETSqx,GBX,GB0007395642,40.0,-0.99,39.301683222846,38.34610977902714,33.28044728927442,0.8399948678669986,0.9488939918628982,,,,,,,,,,
ATN.L,ATN,ATERIAN PLC,LSE,SETSqx,GBX,GB00BPJMN573,27.0,-0.5740740740740741,27.326573607453035,28.113187721863234,34.28148280878736,0.21025953537679243,0.2342424084568766,52.90697661524144,,,,,,,,,
ATY.L,ATY,ATHELNEY TRUST PLC,LSE,SETSqx,GBX,GB0000609296,130.0,-0.9919512196284969,134.98293410063573,138.15826287036063,154.77678434065393,-3.3645415305933852,-1.4985161349966667,12.5,10.0,2.0,Semi-Annual,2025-09-11,0.07692307692307693,,,,
AMG.L,AMG,ATLAS METALS GROUP PLC,LSE,SETSqx,GBX,GB00BS2GR553,10.75,-0.8169642857142857,11.715442984852304,14.8171683645667,17.55094730870566,-0.7291717068829566,-0.7220623626841456,48.82629103777142,,,,,,,,,
ARA.L,ARA,AURA RENEWABLE ACQUISITIONS PLC,LSE,SETSqx,GBX,GB00BKPH9N11,3.5,-0.993846153983703,3.6370215934059313,3.7601062083752446,3.9056649580064926,-0.009814944117533031,-0.019575505971693618,0.0,,,,,,,,,
AVAW.L,AVAW,AVATION PLC,LSE,SETSqx,GBX,GB00BNK93641,,,,,,,,,,,,,,,,,
BSRT.L,BSRT,BAKER STEEL RESOURCES TRUST LD,LSE,SETSqx,GBX,GG00B6686L20,112.0,-0.1636363636363637,100.03045149143064,89.58906546361254,73.97374438061917,7.146138332924252,6.145760157067755,67.04545454545455,,,,,,,,,
BMD.L,BMD,BARONSMEAD SECOND VENTURE TRUST PLC,LSE,SETSqx,GBX,GB0030028103,53.0,-0.990551401521558,47.83282848503967,42.629427232515084,45.11871510288125,4.815974911892283,4.819153315993927,77.5280937403829,1.75,1.0,Annual,2025-08-07,0.0330188679245283,,,,
BVT.L,BVT,BARONSMEAD VENTURE TRUST PLC,LSE,SETSqx,GBX,GB0002631934,50.79999923706055,-0.9904158416360912,49.19454517979901,47.506856122686635,46.74855613644483,0.9178044730416843,0.7611091310450517,100.0,1.75,1.0,Annual,2025-08-07,0.03444881941500715,,,,
BAY.L,BAY,BAY CAPITAL PLC,LSE,SETSqx,GBX,JE00BKVHVW88,6.0,-0.9947096772732273,5.990642314894136,5.741434285068601,5.357223228660821,0.03147347690813529,0.0456461538189478,,,,,,,,,,
BRS.L,BRS,BEACON RISE HOLDINGS PLC,LSE,SETSqx,GBX,GB00BMC0V753,1.600000023841858,-0.9919999998807907,1.605815425555053,2.995953576352732,24.166483055249625,-0.0470320117514329,-0.0691400312344243,,,,,,,,,,
BKY.L,BKY,BERKELEY ENERGIA LTD,LSE,SETSqx,GBX,AU000000BKY0,27.0,-0.2621950815292703,26.926795465827468,26.58627660718448,25.837815347487577,0.11374412337347906,0.2974054662154971,40.74073463582568,,,,,,,,,
BFSP.L,BFSP,BLACKFINCH SPRING VCT PLC,LSE,SETSqx,GBX,GB00BKV46W45,0.8849999904632568,-0.9910606061569368,1.2155883925402309,4.632560564484899,25.28505881753876,-0.816650830710604,-1.162543884638299,0.0,5.2,2.0,Semi-Annual,2025-07-03,5.875706278005765,,,,
BRIG.L,BRIG,BLACKROCK INCOME & GROWTH INV TRUST,LSE,SETSqx,GBX,GB0030961691,229.0,-0.11274509803921573,227.52034030897823,223.8347097025748,214.1918920174744,1.7069005779013082,1.6562020803987554,53.57142857142857,7.7,2.0,Semi-Annual,2026-02-12,0.033624454148471615,,,,
BRES.L,BRES,BLENCOWE RESOURCES PLC,LSE,SETSqx,GBX,GB00BFCMVS34,8.449999809265137,-0.3518072300231375,8.024929363241622,7.693114796742698,6.171252829090928,0.1552441385897083,0.14302474756754502,42.358066963791174,,,,,,,,,
BMV.L,BMV,BLUEBIRD MINING VENTURES LTD,LSE,SETSqx,GBX,VGG118701058,0.125,-0.924698793666597,0.1483002064523864,0.21631554952664747,0.5151361759399052,-0.014744688600232647,-0.016975390982626005,40.963857152115864,,,,,,,,,
BP-A.L,BP.A,BP PLC,LSE,SETSqx,GBX,GB0001385250,150.0,-0.07348242811501593,149.95972407237198,150.3722813042095,148.2959463400935,-0.39516378928982476,-0.4280644637078309,46.15384615384615,8.0,2.0,Semi-Annual,2026-01-02,0.05333333333333334,,,,
BP-B.L,BP.B,BP PLC,LSE,SETSqx,GBX,GB0001385474,164.0,-0.09455587392550147,164.0361397609099,164.26377640888776,163.14641395647976,-0.09358920927948589,-0.13592950658078073,,9.0,2.0,Semi-Annual,2026-01-02,0.054878048780487805,,,,
BWRA.L,BWRA,BRISTOL WATER PLC,LSE,SETSqx,GBX,GB0001257988,143.5,-0.05102040816326525,143.73093134533994,143.34462894429103,140.70851754102245,-0.004503306027601184,0.11833729063342083,44.444444444444436,8.75,2.0,Semi-Annual,2025-09-04,0.06097560975609756,,,,
BAF.L,BAF,BRITISH & AMERICAN INV TST PLC,LSE,SETSqx,GBX,GB0000653112,14.5,-0.3571428571428571,14.740935826230936,14.749036843003921,15.660202460108028,-0.06851521204065669,0.007388381772222733,0.0,,,,,,,,,
BSC.L,BSC,BRITISH SMALLER COMPANIES VCT2 PLC,LSE,SETSqx,GBX,GB0005001796,51.5,-0.9906422020098485,44.45526133648956,44.32948548199168,47.910911951941124,1.9385764515833728,0.0376343850309358,50.0,3.0,2.0,Semi-Annual,2025-09-25,0.05825242718446602,,,,
BSV.L,BSV,BRITISH SMALLER COMPANIES VCT PLC,LSE,SETSqx,GBX,GB0001403152,74.5,-0.9903205128816458,74.48623371496771,74.25426281795433,74.27923304700485,0.03838776610871264,0.054564256592236224,,4.0,2.0,Semi-Annual,2025-11-20,0.053691275167785234,,,,
BSFA.L,BSFA,BSF ENTERPRISE PLC,LSE,SETSqx,GBX,GB00BHNBDQ51,1.7999999523162842,-0.6438356388082729,2.0021371069451215,2.1469113148822125,2.32407299094299,-0.1053147728550563,-0.07416654449456202,38.461532818495996,,,,,,,,,
CFYN.L,CFYN,CAFFYNS PLC,LSE,SETSqx,GBX,GB0001615219,400.0,-0.9916999998092652,394.313913258669,383.90238100769545,421.0696459642195,11.449629323017291,14.07123025336935,0.0,10.0,2.0,Semi-Annual,2025-12-11,0.025,,,,
CGI.L,CGI,CANADIAN GENERAL INVESTMENTS LD,LSE,SETSqx,GBX,CA1358251074,2630.0,-0.23333333333333328,2638.0646778802716,2589.7522483853554,2402.4899006606724,9.29850458067267,19.1157017331512,42.15686274509803,58.114804,4.0,Quarterly,2025-11-27,0.022096883650190115,,,,
CDFF.L,CDFF,CARDIFF PROPERTY PLC,LSE,SETSqx,GBX,GB0001754257,2750.0,-0.99,2676.3783847753357,2495.217852676418,2226.1918176883573,84.24833694407153,97.51209653266706,100.0,27.5000005,2.0,Semi-Annual,2026-01-15,0.01000000018181818,,,,
CAU.L,CAU,CENTAUR MEDIA PLC,LSE,SETSqx,GBX,GB0034291418,43.79999923706055,-0.17482517249333873,43.993492425827824,43.80641252118706,39.08617218229621,-0.00974397200410948,0.011322052039316252,26.666700575000576,1.7999999999999998,2.0,Semi-Annual,2025-10-09,0.04109589112679627,,,,
SDV.L,SDV,CHELVERTON UK DIVIDEND TRUST PLC,LSE,SETSqx,GBX,GB0006615826,136.5,-0.16000000000000003,137.2221932850142,137.22936664403946,138.42571722348978,-0.3203050261255669,-0.21709275726140234,48.64864864864865,11.5,4.0,Quarterly,2025-12-11,0.08424908424908426,,,,
CHF.L,CHF,CHESTERFIELD RESOURCES PLC,LSE,SETSqx,GBX,GB00BF2F1X78,1.0499999523162842,-0.43750002328306403,1.075227441898831,1.1257874118771465,0.9573470571442745,-0.03157909898599942,-0.0360368909398398,,,,,,,,,,
CHLL.L,CHLL,CHILL BRANDS GROUP PLC,LSE,SETSqx,GBX,GB00BWC4X262,0.44999998807907104,-0.8023255846189639,0.5825865420682779,0.7291224076218292,0.7605735569847,-0.08425565416295056,-0.07309673247787739,24.576269046084192,,,,,,,,,
CINH.L,CINH,CINDRIGO HOLDINGS LIMITED,LSE,SETSqx,GBX,GG00BM9CCP98,5.5,-0.6557377049180328,6.156485785809776,7.198063342430716,4.774661478345702,-0.7555909966316579,-0.8421377059696036,14.285714285714292,,,,,,,,,
CIZ.L,CIZ,CIZZLE BIOTECHNOLOGY HOLDINGS PLC,LSE,SETSqx,GBX,GB00BNG2VN02,1.350000023841858,-0.45106382374312315,1.4908512543952857,1.5171592081616887,1.6022325532735155,-0.004922739124987752,-0.0068555368386518205,37.49999627470948,,,,,,,,,
CDL.L,CDL,CLOUDBREAK DISCOVERY PLC,LSE,SETSqx,GBX,GB00B44LQR57,0.5600000023841858,-0.5217391101534286,0.634910015447731,0.6880366157102169,0.5727310721308222,-0.03415029150712234,-0.029545332789522143,37.03703458417028,,,,,,,,,
COBR.L,COBR,COBRA RESOURCES PLC,LSE,SETSqx,GBX,GB00BGJW5255,4.599999904632568,-0.3965517439825208,4.4901841680638235,4.399948874847958,3.509562217204647,0.03761043326008284,0.02026655180845845,82.25805335189408,,,,,,,,,
CGO.L,CGO,CONTANGO HOLDINGS PLC,LSE,SETSqx,GBX,GB00BF0F5X78,0.949999988079071,-0.48000001907348633,0.8034955556366596,0.798755277833793,0.8800576512868703,0.017339349132613036,0.005323490703764334,78.57142978785002,,,,,,,,,
COR.L,COR,CORPUS RESOURCES PLC,LSE,SETSqx,GBX,GB00BD97ND60,0.014000000432133675,-0.5882353037853549,0.014684117723912966,0.015579971749894282,0.01695097363798128,-0.00034494218140387715,-0.0004205721953327417,50.0,,,,,,,,,
CRTM.L,CRTM,CRITICAL METALS PLC,LSE,SETSqx,GBX,GB00BPP06126,12.0,-0.6904761904761905,13.533380865429367,13.124316568391512,10.62022365849736,-0.7200321219688899,-0.22126270949893712,8.823529411764696,,,,,,,,,
CMRS.L,CMRS,CRITICAL MINERAL RESOURCES PLC,LSE,SETSqx,GBX,GB00BMDQ4L78,2.5,-0.5599999904632569,2.526523770133518,2.767356511397017,2.6767242656299555,-0.08716554715322422,-0.11738104334336845,51.999999237060116,,,,,,,,,
CMPG.L,CMPG,CT GLOBAL MANAGED PORTFOLIO TST PLC,LSE,SETSqx,GBX,GB00B2PP2527,315.0,-0.08270676691729328,313.3798884748206,307.8426214514031,288.1518073423973,1.6632485897675906,1.9730755793711625,80.0,,,,,,,,,
CMPI.L,CMPI,CT GLOBAL MANAGED PORTFOLIO TST PLC,LSE,SETSqx,GBX,GB00B2PP3J36,129.0,-0.09691629955947134,127.82793232585345,125.73288048850816,120.2461153727864,1.1427303969309435,0.8935623938422077,58.62068965517242,7.699999999999999,4.0,Quarterly,2025-12-11,0.05968992248062015,,,,
CHIB.L,CHIB,CT UK HIGH INCOME TRUST PLC,LSE,SETSqx,GBX,GB00B1N4H594,118.5,-0.09615384615384615,116.17579826741962,112.77733931003738,104.51974606949072,1.3556949639636855,1.1275614681067758,90.9090909090909,5.8500000000000005,4.0,Quarterly,2026-01-08,0.04936708860759494,,,,
CYK.L,CYK,CYKEL AI PLC,LSE,SETSqx,GBX,GB00BQYLVW97,60.5,-0.9589201877934272,70.01211614430834,64.96586682220048,132.75472588755406,4.23696188834964,7.339623997498017,43.21705306008267,,,,,,,,,
DVT.L,DVT,DAVICTUS PLC,LSE,SETSqx,GBX,JE00BYY5RQ34,0.029999999329447746,-0.2941176702613234,0.030304900575578587,0.032192286908615024,0.03610937017507501,-0.0006032379057792359,-0.0008216244599479418,,,,,,,,,,
ALRT.L,ALRT,DEFENCE HOLDINGS PLC,LSE,SETSqx,GBX,GB00BMWVF760,1.399999976158142,-0.7317073050175016,1.451855803915591,1.6082501416015702,1.3463411202582776,-0.10500369197186354,-0.10084352924080887,39.72602426547039,,,,,,,,,
DVNO.L,DVNO,DEVELOP NORTH PLC,LSE,SETSqx,GBX,GB00BD0ND667,77.5,-0.9900000003667978,76.59048321084254,73.98348985066572,73.39576412756239,1.6758509926532952,1.9735942877829498,0.0,4.0,4.0,Quarterly,2025-12-18,0.05161290322580645,,,,
EST.L,EST,EAST STAR RESOURCES PLC,LSE,SETSqx,GBX,GB00BN92HZ16,3.9000000953674316,-0.41666666666666663,3.7103923682382463,3.386903941645027,2.4410273773132634,0.1336076005259481,0.12535163224049695,64.55027062402851,,,,,,,,,
ELLA.L,ELLA,ECCLESIASTICAL INSURANCE OFFICE PLC,LSE,SETSqx,GBX,GB0003035382,149.5,-0.07236842105263153,148.0503335132222,147.12028725657314,145.1110773128138,0.6802713207314639,0.6082348875613233,60.869565217391305,8.625,2.0,Semi-Annual,2025-12-04,0.057692307692307696,,,,
RNEP.L,RNEP,ECOFIN U.S. RENEWABLES INFRASTRUCTU,LSE,SETSqx,GBX,GB00BLPK4430,0.14149999618530273,-0.3847826364416701,0.1519515545661135,0.15701181162561106,0.17295120928149843,-0.004021171011148211,-0.00245773618559328,33.62832348538315,,,,,,,,,
RNEW.L,RNEW,ECOFIN U.S. RENEWABLES INFRASTRUCTU,LSE,SETSqx,USD,GB00BLPK4430,0.1940000057220459,-0.32871971390595933,0.2094610058453293,0.21387009619560565,0.23451615951767554,-0.0026055175161372734,-0.0010411669513147057,0.0,,,,,,,,,
ESOZ.L,ESOZ,EPE SPECIAL OPPORTUNITIES LD,LSE,SETSqx,GBX,BMG3163K1137,123.5,-0.9900000004445092,119.65210051188646,110.87156932644729,103.98878959157061,4.888514125045745,5.812113573346649,50.0,,,,,,,,,
EVST.L,EVST,EVEREST GLOBAL PLC,LSE,SETSqx,GBX,GB00BVD9DK18,2.5,-0.9916666666666667,71.44028220823652,122.16252047129197,166.63858096511308,-45.235910699686414,-32.97522154778151,0.0,,,,,,,,,
FIL.L,FIL,FAIRVIEW INTERNATIONAL PLC,LSE,SETSqx,GBX,GB00BR83RJ78,0.07249999791383743,-0.9934090910987421,0.4322064398113722,1.563953315471768,3.6782648742691446,-0.5287081184050272,-0.6531595177421395,,,,,,,,,,
FHP.L,FHP,FANDANGO HOLDINGS PLC,LSE,SETSqx,GBX,GB00BF2P0G38,0.0044999998062849045,0.0,0.0044999998062849045,0.0044999998062849045,0.0044999998062849045,0.0,0.0,,,,,,,,,,
FAR.L,FAR,FERRO-ALLOY RESOURCES LIMITED,LSE,SETSqx,GBX,GG00BGDYDZ69,7.800000190734863,-0.6621621665160441,7.242659452475133,7.102025027901742,7.5209663971207,0.1516283447920479,0.0816381637064465,55.76923570689473,,,,,,,,,
FCM.L,FCM,FIRST CLASS METALS PLC,LSE,SETSqx,GBX,GB00BPJGTF16,1.9500000476837158,-0.65,1.8602644039969198,1.9805850397627678,2.0069939684995863,-0.0803369778682641,-0.0842891781038412,46.53465454046213,,,,,,,,,
1SN.L,1SN,FIRST TIN PLC,LSE,SETSqx,GBX,GB00BNR45554,16.600000381469727,-0.17777774952076097,15.711945970288765,13.294634220356592,9.103742026528156,1.1270762773176664,1.2888660489007902,40.78947665618713,,,,,,,,,
FTF.L,FTF,FORESIGHT ENTERPRISE VCT PLC,LSE,SETSqx,GBX,GB00B07YBS95,0.46799999475479126,-0.991540669824518,16.394804409770984,21.929015775717843,31.187089344466976,-7.236894412247517,-3.1166463463410254,0.0,5.9000002,2.0,Semi-Annual,2025-07-03,12.606838175481833,,,,
FWT.L,FWT,FORESIGHT TECHNOLOGY VCT PLC,LSE,SETSqx,GBX,GB00BKF2JH04,0.8799999952316284,-0.9912000000476837,14.559285672378845,29.70755887614631,52.57507725553309,-12.722468929326169,-11.890748084237154,,,,,,,,,,
FTV.L,FTV,FORESIGHT VCT PLC,LSE,SETSqx,GBX,GB00B68K3716,65.5,-0.9914569538950131,65.4573669506333,65.35949002582001,65.97142069620368,-0.018862044945635148,-0.03051313997150678,50.0,10.5,2.0,Semi-Annual,2025-06-12,0.16030534351145037,,,,
FVEN.L,FVEN,FORESIGHT VENTURES VCT PLC,LSE,SETSqx,GBX,GB00BRBQ0C76,86.0,-0.9912953370593373,82.6901509332674,81.28695302567549,84.41639549601086,1.1809499771431575,0.2856876418260351,50.0,3.8,2.0,Semi-Annual,2025-10-02,0.044186046511627906,,,,
FPP.L,FPP,FRAGRANT PROSPERITY HOLDINGS LD,LSE,SETSqx,GBX,VGG368811037,0.4399999976158142,-0.7492537320337362,0.4904492235356568,0.5788877217361537,0.6867004455586176,-0.04610449489666246,-0.05319552730049272,39.21568467038631,,,,,,,,,
FVV.L,FVV,FUEL VENTURES VCT PLC,LSE,SETSqx,GBX,GB00BP2RHT10,0.9200000166893005,-0.990799999833107,0.9235990884282069,1.0041222791793138,2.9591634253333794,-0.0070832046379412095,-0.009600395790999364,,,,,,,,,,
GCL.L,GCL,GEIGER COUNTER LD,LSE,SETSqx,GBX,GB00B15FW330,77.4000015258789,-0.4172736640044763,76.27787790727326,69.61322791827716,57.21624699532804,2.6419056903653484,3.653477556911403,38.52040726956794,,,,,,,,,
GEMR.L,GEMR,GEM RESOURCES PLC,LSE,SETSqx,GBX,GB00BL979W39,0.4000000059604645,-0.7476635537446144,0.4000571921202534,0.4067115415617425,0.39930705426486324,-0.0012705637837089334,-0.0021772606551625833,,,,,,,,,,
GENF.L,GENF,GENFLOW BIOSCIENCES PLC,LSE,SETSqx,GBX,GB00BP2C3V08,1.850000023841858,-0.6779220674668862,1.95683002341667,1.9010382359081617,1.6146555818078785,0.01731094511924658,0.03196145639632968,43.67088712650349,,,,,,,,,
GEX.L,GEX,GEORGINA ENERGY PLC,LSE,SETSqx,GBX,GB00BSMN5L80,6.5,-0.777272722937844,6.294473190695832,5.112036419118774,5.305903701994916,0.8892810840527803,1.070965298866743,52.61096656942136,,,,,,,,,
GCG.L,GCG,GOLDEN ROCK GLOBAL PLC,LSE,SETSqx,GBX,JE00BYZT0R68,0.03449999913573265,-0.9908000002304713,0.708747322865413,1.7673933224575613,1.8723465068188747,-0.7332247635660019,-0.7745431901464161,,,,,,,,,,
GVMH.L,GVMH,GRAND VISION MEDIA HOLDINGS PLC,LSE,SETSqx,GBX,GB00BDHBGL97,0.006000000052154064,-0.9938461539431437,0.006000000999889206,0.00610561352729044,0.015545983640459051,-8.142418345818969e-08,-1.1974144213264578e-07,,,,,,,,,,
GTE.L,GTE,GRAN TIERRA ENERGY INC.,LSE,SETSqx,GBX,US38500T2006,430.0,-0.3911111111111111,394.93658703997056,362.26591369508236,349.38405190324573,22.25537174226747,21.71004391504573,75.0,,,,,,,,,
GSCU.L,GSCU,GREAT SOUTHERN COPPER PLC,LSE,SETSqx,GBX,GB00BLB5BF24,2.9000000953674316,-0.6153846012770066,3.2201303240237973,3.197028935048197,2.9066923681252166,-0.11374502749444027,-0.040999571761182435,33.160621889671475,,,,,,,,,
GRX.L,GRX,GREENX METALS LIMITED,LSE,SETSqx,GBX,AU0000198939,51.0,-0.28260869565217395,50.37626209442052,47.3913422911373,41.902702790025856,1.1447320946907524,1.4487928744241285,31.034482758620683,,,,,,,,,
GHV1.L,GHV1,GRESHAM HOUSE INC. & GROWTH VCT PLC,LSE,SETSqx,GBX,GB00B29BN198,61.5,-0.9907575755408315,61.3615792871543,60.299186392614,60.041197958030175,0.2802108261624525,0.36861658068127134,57.14285714285714,5.0,2.0,Semi-Annual,2025-10-02,0.08130081300813008,,,,
GHV2.L,GHV2,GRESHAM HOUSE INC & GRWTH 2 VCT PLC,LSE,SETSqx,GBX,GB00B01WL239,0.5005000233650208,-0.9907314810487959,24.954116312494737,38.043957287427354,46.587950036949046,-13.389049940426734,-8.780193319743486,0.900010526404742,4.0,2.0,Semi-Annual,2025-09-18,7.992007618914238,,,,
GV1A.L,GV1A,GRESHAM HOUSE RENEW 1,LSE,SETSqx,GBX,GB00B4L13999,,,,,,,,,,,,,,,,,
GV1O.L,GV1O,GRESHAM HOUSE RENEW 1,LSE,SETSqx,GBX,GB00B4M2G812,0.33000001311302185,-0.9905714281967708,0.3314790302387121,0.5901927383771202,2.489039344503928,-0.010896960596778471,-0.016016978422523743,,,,,,,,,,
GV2O.L,GV2O,GRESHAM HOUSE RENEW 2 ,LSE,SETSqx,GBX,GB00B43GVJ82,0.3499999940395355,-0.990000000170299,0.3500015509811617,0.3709454763133655,1.0431707297475457,-6.046562614658857e-05,-8.8919970037859e-05,,,,,,,,,,
GV2A.L,GV2A,GRESHAM HOUSE RENEW 2 ,LSE,SETSqx,GBX,GB00B4KWC525,,,,,,,,,,,,,,,,,
GRIT.L,GRIT,GRIT INVESTMENT TRUST PLC,LSE,SETSqx,GBX,GB00BL594W83,0.012500000186264515,-0.9899999998509884,0.012500055791322571,0.013248053124374317,0.03725609788213723,-2.15948664738716e-06,-3.1757132146059494e-06,,,,,,,,,,
GSC.L,GSC,GS CHAIN PLC,LSE,SETSqx,GBX,GB00BP38X172,0.25,-0.9974999998567196,0.3393352953381388,0.3898565915011988,0.47227854082151594,-0.046221303293366045,-0.040525243607258,0.0,,,,,,,,,
GST.L,GST,GSTECHNOLOGIES LTD,LSE,SETSqx,GBX,VGG4164C1005,0.44999998807907104,-0.9963529412360752,0.545100261758161,0.5748264845448936,0.7856156364960921,-0.018448482797764565,-0.00903977169407527,36.26374115821084,,,,,,,,,
GVCT.L,GVCT,GUINNESS VCT PLC,LSE,SETSqx,GBX,GB00BQD0HG35,0.9200000166893005,-0.9902645500879439,0.9230356158313089,0.9807497447063849,2.8009140364558505,-0.0013976631224357217,-0.0008906189707384535,0.0,,,,,,,,,
HAMA.L,HAMA,HAMAK STRATEGY LIMITED,LSE,SETSqx,GBX,VGG4256S1048,1.0299999713897705,-0.8597122229353054,1.1987864875567946,1.3384566668781515,1.6775195785970387,-0.07658619768457142,-0.06804581910278133,32.544379699948195,,,,,,,,,
HREE.L,HREE,HARENA RARE EARTHS PLC,LSE,SETSqx,GBX,GB00BMGRFP88,2.299999952316284,-0.650000015894572,2.1809261045506516,2.007571659738858,1.9225099737673341,0.11997029532173142,0.13152117933580149,58.82351951203299,,,,,,,,,
HHV.L,HHV,HARGREAVE HALE AIM VCT PLC,LSE,SETSqx,GBX,GB00B02WHS05,31.399999618530273,-0.12676056338028174,31.512431749349908,32.161796330133974,33.262801811687176,-0.22453177337612829,-0.3074830982326614,,4.25,2.0,Semi-Annual,2026-01-08,0.13535032011567036,,,,
HELD.L,HELD,HELLENIC DYNAMICS PLC,LSE,SETSqx,GBX,GB00BRXCFB77,0.009499999694526196,0.0,0.009499999694526196,0.009499999694526196,0.009499999694526196,0.0,0.0,,,,,,,,,,
HUI.L,HUI,HYDROGEN UTOPIA INTERNATIONAL PLC,LSE,SETSqx,GBX,GB00BMFR8J48,2.799999952316284,-0.6969696925910269,2.916189236778873,2.8680204291676383,2.283650825122502,-0.062176026974301024,-0.05068405273694853,39.49579882441615,,,,,,,,,
ICFG.L,ICFG,ICFG LIMITED,LSE,SETSqx,GBX,GG00BPGZTM87,16.0,-0.9943636363202876,15.738263988950326,16.22725062799576,23.660920747972835,0.11844655093896783,0.038118810597097263,64.70588400289694,,,,,,,,,
ICON.L,ICON,ICONIC LABS PLC,LSE,SETSqx,GBX,GB00BRBJ3P08,2.375,-0.7307692307692308,2.3917624280413863,2.4013181747781416,2.9004049976317128,-0.020130766237000053,-0.020097255095724763,43.01675962771538,,,,,,,,,
IKIV.L,IKIV,IKIGAI VENTURES LIMITED,LSE,SETSqx,GBX,GG00BPG8J619,0.41999998688697815,-0.990869565502457,0.42000195814365043,0.45419978427354296,2.1275030242203745,-7.962664617688908e-05,-0.00011709791667139207,,,,,,,,,,
IBAI.L,IBAI,IMAGING BIOMETRICS LIMITED,LSE,SETSqx,GBX,JE00BD4H0R42,0.5,-0.7000000079472859,0.5407887397999591,0.663633559612366,0.8247959123045584,-0.0643810598729927,-0.0797444160281152,50.0,,,,,,,,,
IGLD.L,IGLD,IMARA GOLD PLC,LSE,SETSqx,GBX,GB00BYZC5R04,,,,,,,,,,,,,,,,,
IMC.L,IMC,IMC EXPLORATION GROUP PLC,LSE,SETSqx,GBX,IE00B6WC2H62,1.75,-0.9917322834518637,1.4386668692488565,1.0256316725536847,0.7152548947387669,0.3591561421012055,0.31162669471167476,72.70876074279779,,,,,,,,,
INV.L,INV,INVESTMENT CO PLC,LSE,SETSqx,GBX,GB00BV4FKD05,69.0,-0.9914600548512494,69.43678670809483,67.10788035245105,63.99363871035903,0.7817667993941342,1.0780275277749922,25.0,,,,,,,,,
JPEL.L,JPEL,JPEL PRIVATE EQUITY LTD,LSE,SETSqx,USD,GG00BS82YQ75,1.3300000429153442,-0.06000000238418579,1.2879950285017796,1.2329405436274052,1.0906063529497154,0.028558581474781963,0.026696065845404675,70.0000238418617,,,,,,,,,
JARE.L,JARE,JPMORGAN GLOBAL CORE REAL ASSETS LI,LSE,SETSqx,EUR,GG00BS9CXW59,0.8824999928474426,-0.10000002445318701,0.8858327071441705,0.8867690666121811,0.9059055463825654,-0.0008456775229396252,-0.0003164147385432954,0.0,,,,,,,,,
KNB.L,KNB,KANABO GROUP PLC,LSE,SETSqx,GBX,GB00BYQCS703,0.0022499999031424522,-0.9973529413646687,0.0022500005082660333,0.002459124937081521,0.09688904257182956,-6.849251433594175e-08,-1.0072428400114737e-07,,,,,,,,,,
KEN.L,KEN,KENDRICK RESOURCES PLC,LSE,SETSqx,GBX,GB00BNBQZW49,1.399999976158142,-0.39622639599708676,0.8151792062411967,0.5645971119103707,0.36704208969289215,0.20941793898941918,0.1686317817409413,78.7456441361802,,,,,,,,,
KR1.L,KR1,KR1 PLC,LSE,SETSqx,GBX,IM00BYYPQX37,17.5,-0.4732142857142857,19.085383963917142,19.52722548971684,10.798311320200026,-1.6930665223356947,-1.5888304332546916,30.392158329372165,,,,,,,,,
BTC.L,BTC,LONDON BTC COMPANY LIMITED,LSE,SETSqx,GBX,VGG9520B1004,1.899999976158142,-0.959550562869297,2.365259735378749,2.8103364817087892,6.710429090482705,-0.2847406908777521,-0.20831112790594464,20.689657723860847,,,,,,,,,
MIG3.L,MIG3,MAVEN INCOME AND GROWTH VCT 3 PLC,LSE,SETSqx,GBX,GB0031153769,44.400001525878906,-0.12244897959183676,44.29755559239286,44.05872406834929,44.79614675593667,0.14970042850279697,0.18584659706747705,,5.15,3.0,Irregular,2025-12-11,0.11599098700477027,,,,
MAV4.L,MAV4,MAVEN INCOME & GROWTH VCT 4 PLC,LSE,SETSqx,GBX,GB00B043QW84,51.5,-0.10530974801662751,51.425612951158854,51.31182277293473,52.40031995826986,0.10099022129060842,0.12173588449052267,,5.5,3.0,Irregular,2025-12-11,0.10679611650485436,,,,
MIG5.L,MIG5,MAVEN INCOME & GROWTH VCT 5 PLC,LSE,SETSqx,GBX,GB0002057536,29.0,-0.9909032256372513,28.311607963420563,27.12355136066686,27.533700035336587,0.6564432836079312,0.68356805318225,100.0,2.75,3.0,Irregular,2025-12-11,0.09482758620689655,,,,
MIG1.L,MIG1,MAVEN INCOME & GROWTH VCT PLC,LSE,SETSqx,GBX,GB0004122858,34.400001525878906,-0.1210525914242393,34.210608808167684,34.05307573907695,34.90377279563357,0.18960304678065398,0.19028503635757238,,3.75,3.0,Irregular,2025-12-11,0.10901162307155418,,,,
MRV.L,MRV,MAVEN RENOVAR VCT PLC ,LSE,SETSqx,GBX,GB00B641BB82,57.0,-0.2027972027972028,58.01106250392362,58.4138704208971,60.89922188659809,-0.39314115786766024,-0.1756709652389795,0.0,15.0,2.0,Semi-Annual,2025-10-16,0.2631578947368421,,,,
MCI.L,MCI,MEDCAW INVESTMENTS PLC,LSE,SETSqx,GBX,GB00BM8SQP62,0.027499999850988388,-0.9931250000372529,0.03125828097875175,0.13547696029511505,1.080925687157155,-0.013582749169984788,-0.019816775620932304,,,,,,,,,,
MHN.L,MHN,MENHADEN RESOURCE EFFICIENCY PLC,LSE,SETSqx,GBX,GB00BZ0XWD04,,,,,,,,,,,,,,,,,
MILA.L,MILA,MILA RESOURCES PLC,LSE,SETSqx,GBX,GB00BD4FCK53,1.2000000476837158,-0.6296296361706056,1.3954764441814551,1.62654406742516,1.293507449809502,-0.220757334101493,-0.1913994554247021,25.925935737386453,,,,,,,,,
MII.L,MII,MILTON CAPITAL PLC,LSE,SETSqx,GBX,GB00BMWLC750,0.002099999925121665,-0.9963478261414627,0.09839585717700282,0.130329489334857,0.14343074249024088,-0.05169097793348604,-0.029029921499122258,4.203448911474737,,,,,,,,,
MOH.L,MOH,MOH NIPPON PLC,LSE,SETSqx,GBX,GB00BMYX7295,0.30000001192092896,-0.9927272726189006,6.27904503633239,11.337723214018459,10.981926981659706,-4.666786462105099,-3.7937740043734065,0.0,,,,,,,,,
MVCT.L,MVCT,MOLTEN VENTURES VCT PLC,LSE,SETSqx,GBX,GB0002867140,38.70000076293945,-0.9908536585365854,38.14612584810256,36.14251991538007,33.24246167884894,0.9161210075043158,1.1965922819663182,,2.15,2.0,Semi-Annual,2025-08-21,0.055555554460322364,,,,
NARF.L,NARF,NARF INDUSTRIES PLC,LSE,SETSqx,GBX,GB00BMH18M70,0.4099999964237213,-0.4485294175653308,0.43056518799159893,0.4585578846109665,0.47387470788325675,-0.02125391538648358,-0.02194344953942702,0.0,,,,,,,,,
NEO.L,NEO,NEO ENERGY METALS PLC,LSE,SETSqx,GBX,GB00BYWLRL80,0.008500000461935997,-0.9921296295146516,0.31844114453560957,0.44302957470403787,0.23875420540037054,-0.20891598802053352,-0.15356681352930296,0.0,,,,,,,,,
NZI.L,NZI,NET ZERO INFRASTRUCTURE PLC,LSE,SETSqx,GBX,GB00BNK8T635,0.013500000350177288,0.0,0.013500000350177288,0.013500000350177288,0.013500000350177288,0.0,0.0,,,,,,,,,,
NFM.L,NFM,NEW FRONTIER MINERALS LIMITED,LSE,SETSqx,GBX,AU0000368748,0.949999988079071,-0.4285714285714286,0.9756025734056143,0.9421538634889539,0.8433278236796418,0.02967641934469345,0.027196332573407624,61.11110743181195,,,,,,,,,
NSI.L,NSI,NEW STAR INVESTMENT TRUST PLC,LSE,SETSqx,GBX,GB0002631041,125.0,-0.13043478260869568,126.55544489260659,125.42527343600011,118.69086321978844,-0.29736003179087334,0.17253869972942049,23.529411764705884,3.55,2.0,Semi-Annual,2025-11-13,0.028399999999999998,,,,
NTV.L,NTV,NORTHERN 2 VCT PLC,LSE,SETSqx,GBX,GB0005356430,53.5,-0.9906140346276132,53.01310526889975,49.937978639454684,46.6443211127151,0.9076530281004835,1.2098757209347253,,3.0000001000000003,2.0,Semi-Annual,2025-12-18,0.05607476822429907,,,,
NTN.L,NTN,NORTHERN 3 VCT PLC,LSE,SETSqx,GBX,GB0031152027,83.5,-0.9902923978560152,72.61050647771366,65.30488584911525,65.46044366533228,6.159220210677361,4.1534971230675986,50.15166221787756,4.5,2.0,Semi-Annual,2025-12-18,0.05389221556886228,,,,
NTEA.L,NTEA,NORTHERN ELECTRIC PLC,LSE,SETSqx,GBX,GB0006546898,134.5,-0.07971014492753625,134.17252633743547,132.8194661164442,130.1700573515438,0.4571109790075525,0.6268595897174589,60.0,8.061,2.0,Semi-Annual,2025-08-28,0.05993308550185873,,,,
NVT.L,NVT,NORTHERN VENTURE TRUST PLC,LSE,SETSqx,GBX,GB0006450703,57.0,-0.9903418803826357,44.49891769981581,36.09993895185697,41.45999848405221,8.413653522400665,6.660088779161585,100.0,3.1,2.0,Semi-Annual,2025-12-18,0.054385964912280704,,,,
NFX.L,NFX,NUFORMIX PLC,LSE,SETSqx,GBX,GB00BYW79Y38,0.2549999952316284,-0.618556707365782,0.2451218039332447,0.2555483138441716,0.2069820133708579,-0.006883512189822416,-0.011672979309233554,45.87155743817556,,,,,,,,,
OSEC.L,OSEC,OCTOPUS AIM VCT 2 PLC,LSE,SETSqx,GBX,GB00B0JQZZ80,35.599998474121094,-0.9907853405481041,32.70295113858985,28.863069403122296,29.108574791198773,3.4360018499864147,3.6836124285458207,98.89011789927243,3.6,2.0,Semi-Annual,2025-11-06,0.10112359983995416,,,,
OOA.L,OOA,OCTOPUS AIM VCT PLC,LSE,SETSqx,GBX,GB0034202076,44.79999923706055,-0.9908799999952316,45.18704838504202,43.04169816913762,42.108722014907364,0.3677652445649926,0.5754482901249715,0.0,5.0,2.0,Semi-Annual,2025-12-29,0.1116071447578012,,,,
OAP3.L,OAP3,OCTOPUS APOLLO VCT PLC,LSE,SETSqx,GBX,GB00B17B3479,46.29999923706055,-0.9905510204178947,45.81974231016163,43.758259204001895,43.921982368783375,0.9650957194171852,1.3248597455740718,50.0,3.9000003000000003,2.0,Semi-Annual,2025-12-04,0.08423326920658498,,,,
OFG.L,OFG,OCTOPUS FUTURE GENERATIONS VCT PLC,LSE,SETSqx,GBX,GB00BNGFHX14,0.7950000166893005,-0.9905917157788249,0.7950043300625487,0.8461883371304554,2.482457374185881,-0.00015371914278716758,-0.00022605681010856544,,5.6000004,1.0,Annual,2025-09-04,7.044025512503322,,,,
OTV2.L,OTV2,OCTOPUS TITAN VCT PLC,LSE,SETSqx,GBX,GB00B28V9347,21.5,-0.9943678159823363,21.739656472212086,22.654072545701787,27.492089128119108,-0.3671069154529789,-0.46021011610471396,,0.5,1.0,Annual,2025-04-24,0.023255813953488372,,,,
ONDO.L,ONDO,ONDO INSURTECH PLC,LSE,SETSqx,GBX,GB00BNVVGD77,17.25,-0.5854271277313066,17.911380474286954,20.400164913302795,26.345339259600664,-0.7462615999656421,-0.9367824769173596,35.294113247176,,,,,,,,,
ORNT.L,ORNT,ORIENT TELECOMS PLC,LSE,SETSqx,GBX,GB00BYPHCZ29,0.03999999910593033,-0.9956249999813735,0.14186148335296522,0.557642933276267,1.9637789440143194,-0.17640477185200001,-0.2324195948522761,,,,,,,,,,
OXH.L,OXH,OXFORD TECHNOLOGY 2 VCT PLC,LSE,SETSqx,GBX,GB0003105052,0.07000000029802322,-0.9912698415814554,1.5684232426243379,2.161594036191241,3.101454135254035,-0.9145520715479101,-0.5762172560585913,6.729475101212046,,,,,,,,,
OT1.L,OT1,OXFORD TECHNOLOGY 2 VCT PLC,LSE,SETSqx,GBX,GB00BN73FM99,14.5,-0.9904605264705799,8.67192114237177,4.735895838301358,6.179423189706844,3.967114181410949,3.055582286604325,100.0,,,,,,,,,
OT3.L,OT3,OXFORD TECHNOLOGY 2 VCT PLC,LSE,SETSqx,GBX,GB00BN73FN07,7.5,-0.9899999999574253,4.403439900848801,3.2346735595385656,3.8449158112070867,1.6573500869415012,0.9524617514191183,100.0,,,,,,,,,
OT4.L,OT4,OXFORD TECHNOLOGY 2 VCT PLC,LSE,SETSqx,GBX,GB00BN73FP21,0.07500000298023224,-0.9900000003667978,2.293267535488092,3.679834919623566,3.2082998208339366,-1.6337149119308076,-1.2942111508204786,6.309148267356804,,,,,,,,,
PALM.L,PALM,PANTHER METALS PLC,LSE,SETSqx,GBX,IM00BRF2WV49,82.5,-0.5858585858585859,79.24319904146199,72.42733134106577,65.37006427726952,3.41620299286069,3.8801591514053895,46.47887323943662,,,,,,,,,
PEMB.L,PEMB,PEMBROKE VCT PLC,LSE,SETSqx,GBX,GB00BQVC9S79,92.0,-0.9905729169646899,71.39022729398033,55.536582298966145,55.894168388731735,13.424226958106232,10.377121766836943,100.0,6.5,3.0,Irregular,2025-12-18,0.07065217391304347,,,,
PPP.L,PPP,PENNPETRO ENERGY PLC,LSE,SETSqx,GBX,GB00BF2K5076,0.09549999982118607,-0.9900000002184464,0.3127173371635724,1.0304822733299288,0.8488661111116479,-0.38387652743952355,-0.5137051142721164,,,,,,,,,,
PNPL.L,PNPL,PINEAPPLE POWER CORPORATION PLC,LSE,SETSqx,GBX,GB00BD0SN947,,,,,,,,,,,,,,,,,
PLAZ.L,PLAZ,PLAZA CENTERS N.V.,LSE,SETSqx,GBX,NL0011882741,0.17499999701976776,-0.9912500001490117,0.1766803411922715,0.23542072827129307,4.33650052260402,-0.002994457112114657,-0.003932798636397126,,,,,,,,,,
PGV.L,PGV,PRAETURA GROWTH VCT PLC,LSE,SETSqx,GBX,GB00BL690L89,1.0,-0.99,1.0000044484046453,1.0598442350577915,2.980487815967946,-0.0001727589318178957,-0.0002540570572075472,,,,,,,,,,
PRD.L,PRD,PREDATOR OIL & GAS HOLDINGS PLC,LSE,SETSqx,GBX,JE00BFZ1D698,3.2899999618530273,-0.5800000190734863,3.469873779169616,3.4677799163926015,3.4803951441947705,-0.10068544655894573,-0.06957178590410219,34.90565146530717,,,,,,,,,
PRIS.L,PRIS,PRISTINE CAPITAL PLC,LSE,SETSqx,GBX,GB00BMWKKM32,0.0044999998062849045,-0.9928000003099442,0.00450003212327437,0.005266691558850591,0.1040605792223452,-1.3929430287898392e-06,-2.0484443092722786e-06,,,,,,,,,,
PGOO.L,PGOO,PROVEN GROWTH & INCOME VCT PLC,LSE,SETSqx,GBX,GB00B5B7YS03,45.5,-0.9907489883957916,44.26364000541606,42.77065147128126,43.02190899023898,1.3629211723061516,1.445678868376735,0.0,2.75,2.0,Semi-Annual,2026-01-08,0.06043956043956044,,,,
PVN.L,PVN,PROVEN VCT PLC,LSE,SETSqx,GBX,GB00B8GH9P84,58.5,-0.9902500003576279,45.799559142681744,29.17363211690066,30.19499638717313,12.951979802194302,13.15929974308277,,3.25,2.0,Semi-Annual,2026-01-08,0.05555555555555555,,,,
PAIM.L,PAIM,PUMA AIM VCT PLC,LSE,SETSqx,GBX,GB00BRC89928,0.949999988079071,-0.9905000001192092,0.9500049201001639,1.015152735740452,3.431117305344718,-0.0001823221443617573,-0.00026812018416555623,,,,,,,,,,
PUAL.L,PUAL,PUMA ALPHA VCT PLC,LSE,SETSqx,GBX,GB00BGMG7F10,0.9049999713897705,-0.9911707319864412,18.7051141262527,18.527380467351133,29.68689903215752,-8.199845037026696,-2.274353065153348,0.0,3.0,1.0,Annual,2025-02-27,3.314917231868003,,,,
PU13.L,PU13,PUMA VCT 13 PLC,LSE,SETSqx,GBX,GB00BD5B1L68,1.1950000524520874,-0.9899999995610704,26.540595645337174,41.7221835807245,64.34222446872124,-15.03827350938056,-8.914399487111154,0.0,,,,,,,,,
MODE.L,MODE,R8 CAPITAL INVESTMENTS PLC,LSE,SETSqx,GBX,GB00BKX8NT01,0.014499999582767487,-0.992368421176464,0.014500095274044526,0.016851117615441395,0.26704939828521196,-4.2901836491242296e-06,-6.309090227534359e-06,,,,,,,,,,
RBW.L,RBW,RAINBOW RARE EARTHS LIMITED,LSE,SETSqx,GBX,GG00BD59ZW98,20.0,-0.34693877551020413,18.633444953257687,18.405783794818387,16.598151006526084,0.30549940388047503,0.10530589895158474,57.692307692307686,,,,,,,,,
RCGH.L,RCGH,RC365 HOLDING PLC,LSE,SETSqx,GBX,GB00BMG8BL95,1.600000023841858,-0.6071428419375904,1.5151701085980205,1.4470456975244763,1.3752989830244122,0.05484876232117575,0.04286077268871703,59.900990215870266,,,,,,,,,
RE-B.L,RE.B,R.E.A.HLDGS PLC,LSE,SETSqx,GBX,GB0007185639,98.5,-0.06914893617021278,98.60907637299856,97.82104800287917,92.77388006024076,0.34316010643635764,0.28583656834581916,50.0,9.0,2.0,Semi-Annual,2025-12-11,0.09137055837563451,,,,
REDC.L,REDC,RED CAPITAL PLC,LSE,SETSqx,GBX,JE00BLB56J12,0.10999999940395355,-0.9935294117997674,1.2063338599030098,1.8228703150977026,1.9906864083192555,-0.8950250384835927,-0.7341962796777843,,,,,,,,,,
RMMC.L,RMMC,RIVER UK MICRO CAP LIMITED,LSE,SETSqx,GBX,GG00BNDMJP11,244.0,-0.14447592067988668,244.21439909187328,231.70816708124704,208.5490510591589,6.469813781866918,7.633451872405922,60.0,,,,,,,,,
ROC.L,ROC,ROCKPOOL ACQUISITIONS PLC,LSE,SETSqx,GBX,GB00BF2MWC40,0.02850000001490116,0.0,0.02850000001490116,0.02850000001490116,0.02850000001490116,0.0,0.0,,,,,,,,,,
ROQ.L,ROQ,ROQUEFORT THERAPEUTICS PLC,LSE,SETSqx,GBX,GB00BMDQ2T15,1.100000023841858,-0.5849056663187255,1.198746372593347,1.3279587114488107,1.6225076885721657,-0.059330494512993104,-0.04877582371860163,27.272732198731674,,,,,,,,,
SBO.L,SBO,SCHRODER BRITISH OPP. TST PLC,LSE,SETSqx,GBX,GB00BN7JZR28,70.0,-0.1294964028776978,70.8908650040418,72.18947370602663,72.21336103218125,-0.7590516038487038,-0.7554570955419413,25.0,,,,,,,,,
SBSI.L,SBSI,SCHRODER BSC SOCIAL IMPACT TRST PLC,LSE,SETSqx,GBX,GB00BF781319,63.75,-0.197452229299363,64.76039856060224,65.80890586163424,68.99171777037809,-0.572519892115082,-0.4507525898115209,0.0,3.76,1.0,Annual,2025-11-13,0.058980392156862745,,,,
SCGL.L,SCGL,SEALAND CAPITAL GALAXY LIMITED,LSE,SETSqx,GBX,KYG7948E1026,0.3580000102519989,-0.916666663656331,0.38519568391858383,0.37810959749207096,0.5225409149179943,-0.0052119837145855885,0.0006135345077242678,27.516780805546674,,,,,,,,,
SCSP.L,SCSP,SEED CAPITAL SOLUTIONS PLC,LSE,SETSqx,GBX,GB00BL6CFR81,0.007499999832361937,-0.9914285716201577,0.007500000134336278,0.0075792122636980635,0.01987332719628115,-3.427900926826488e-08,-5.0410307086174936e-08,,,,,,,,,,
HYG.L,HYG,SENECA GROWTH CAPITAL VCT PLC,LSE,SETSqx,GBX,GB0031256109,7.0,-0.9952830189673894,4.755153339158453,3.891202127655659,4.2682337065476705,1.4008998028201614,0.9181592605055626,100.0,8.0,2.0,Semi-Annual,2025-10-23,1.1428571428571428,,,,
SVCT.L,SVCT,SENECA GROWTH CAPITAL VCT PLC,LSE,SETSqx,GBX,GB00BG13MH08,0.4399999976158142,-0.9904347826605258,0.7386529253018882,3.963887832130636,6.145494060819287,-0.8032395979363242,-1.153424453496824,,3.0,2.0,Semi-Annual,2025-12-04,6.818181855126846,,,,
SEFA.L,SEFA,SHEFA GEMS LTD,LSE,SETSqx,GBX,IL0011101057,,,,,,,,,,,,,,,,,
SMJ.L,SMJ,SMART(J.)& CO(CONTRACTORS) PLC,LSE,SETSqx,GBX,GB00B76BK617,132.5,-0.9903999996185303,132.48676158586218,131.52290412140877,124.77428282212944,0.06019589075489762,0.08811898532164383,,3.25000004,2.0,Semi-Annual,2025-12-18,0.024528302188679248,,,,
SVNS.L,SVNS,SOLVONIS THERAPEUTICS PLC,LSE,SETSqx,GBX,GB00BMD1Z199,0.25999999046325684,-0.38717948365258503,0.2648043087346515,0.27378643372261763,0.2651577567682258,-0.005648964949529045,-0.006005791842067493,45.454539297044974,,,,,,,,,
SPMU.L,SPMU,SPIRITUS MUNDI PLC,LSE,SETSqx,GBX,GB00BMHR3L94,0.03750000149011612,0.0,0.03750000149011612,0.03750000149011612,0.03750000149011612,0.0,0.0,,,,,,,,,,
SYME.L,SYME,SUPPLY@ME CAPITAL PLC,LSE,SETSqx,GBX,GB00BFMDJC60,0.003000000026077032,-0.9957142859548378,0.0038190533412215586,0.0035010157192648193,0.002594245267556931,0.000205715550623921,0.0002640693193470473,50.0,,,,,,,,,
TKO.L,TKO,TASEKO MINES LD,LSE,SETSqx,GBX,CA8765111064,580.0,-0.3076923076923077,564.2184854120601,494.97922059144287,348.60461430180885,30.92288524899095,36.91794505443434,47.524752475247524,,,,,,,,,
TMI.L,TMI,TAYLOR MARITIME LIMITED,LSE,SETSqx,USD,GG00BP2NJT37,0.8450000286102295,-0.13812155132783344,0.839576213274695,0.8452130717747808,0.8378426827920821,-0.0031200590223167124,-0.00645883191609199,45.73171330057748,0.02,1.0,Annual,2025-08-07,0.023668638251875537,,,,
TNE.L,TNE,TECHNOLOGIES NEW ENERGY PLC,LSE,SETSqx,GBX,GB00BNVRHQ51,33.0,-0.9907692304024329,31.261704017011926,27.504836827601153,19.28441034174117,2.165769537631146,2.4776729212999937,,,,,,,,,,
TM1.L,TM1,TECHNOLOGY MINERALS PLC,LSE,SETSqx,GBX,GB00BP094P47,0.0008999999845400453,-0.9930769229419089,0.0009673783139540579,0.0063134308652415295,0.04285660829566451,-0.0003500474371935492,-0.0005135746853215059,,,,,,,,,,
THS.L,THS,THARISA PLC,LSE,SETSqx,GBX,CY0103562118,130.5,-0.24031007751937983,131.97814257792749,122.29748386080038,99.06639874405012,3.481253679868331,4.877020631819181,42.574257425742566,3.4905,2.0,Semi-Annual,2025-06-12,0.02674712643678161,,,,
TGR.L,TGR,TIRUPATI GRAPHITE PLC,LSE,SETSqx,GBX,GB00BFYMWJ95,0.0625,0.0,0.0625,0.0625,0.0625,0.0,0.0,,,,,,,,,,
TRD.L,TRD,TRIAD GROUP PLC,LSE,SETSqx,GBX,GB0009035741,300.0,-0.4,284.8787244092082,276.3308600562266,290.8907918928766,9.953889930419848,8.659198976457319,88.88888888888889,7.0,2.0,Semi-Annual,2025-12-04,0.023333333333333334,,,,
UTLH.L,UTLH,UIL FINANCE LIMITED,LSE,SETSqx,GBX,BMG916101402,145.0,-0.990071428673608,144.23908902673782,143.42155639574204,139.70232840700479,0.3668063910496073,0.2980542786598288,60.0,,,,,,,,,
UTLI.L,UTLI,UIL FINANCE LIMITED,LSE,SETSqx,GBX,BMG916101576,125.5,-0.9901550389075464,124.98537660268506,124.03375290121028,121.01276976653112,0.7136487221461749,0.5567984565548834,66.66666666666666,,,,,,,,,
UAV.L,UAV,UNICORN AIM VCT PLC,LSE,SETSqx,GBX,GB00B1RTFN43,75.0,-0.9906134971080383,70.55101240246893,59.43229954676022,53.48234526661028,5.301903212107291,6.771612931948686,100.0,29.5,3.0,Irregular,2026-01-22,0.3933333333333333,,,,
UMR.L,UMR,UNICORN MINERAL RESOURCES PLC,LSE,SETSqx,GBX,IE000H00V4G5,5.050000190734863,-0.4545454545454546,5.6514710492623115,5.565495062542191,4.968924150096699,-0.20842716029036268,-0.07472278529105811,0.0,,,,,,,,,
UPL.L,UPL,UPLAND RESOURCES LIMITED,LSE,SETSqx,GBX,JE00BJXN4P16,3.4000000953674316,-0.5540540662449236,3.2079550846365446,3.0433415146751797,2.252500519204576,0.08352991294336398,0.06996341143374897,59.259263183846585,,,,,,,,,
USFP.L,USFP,US SOLAR FUND PLC,LSE,SETSqx,GBX,GB00BJCWFX49,0.2409999966621399,-0.258461521532408,0.24338139424321453,0.25226928072018984,0.2734121056289662,-0.0033169092865989735,-0.00401947759632428,0.0,2.06430002,4.0,Quarterly,2025-12-04,8.565560367596026,,,,
USF.L,USF,US SOLAR FUND PLC,LSE,SETSqx,USD,GB00BJCWFX49,0.32899999618530273,-0.21103117608827437,0.33063180400112807,0.33839867027136195,0.3637912875804918,-0.002077341890825035,-0.0025148177080671734,33.333222953305935,0.02565,4.0,Quarterly,2025-12-04,0.07796352673983967,,,,
EGY.L,EGY,"VAALCO ENERGY, INC.",LSE,SETSqx,GBX,US91851C2017,355.0,-0.9925714288439069,342.12970226923267,302.61832283082407,269.08158322252524,20.586503243351046,24.83109532924442,63.63636363636363,18.3237496,4.0,Quarterly,2025-11-21,0.05161619605633803,,,0.07,
VTA.L,VTA,VOLTA FINANCE LIMITED,LSE,SETSqx,EUR,GG00B1GHHH78,660.0,-0.9900358425673618,658.0251694794599,655.1560471077541,508.4597544033286,0.5289943323356283,-0.10093364600010052,75.0,0.61,4.0,Quarterly,2025-12-18,0.0009242424242424242,,,,
VTAS.L,VTAS,VOLTA FINANCE LIMITED,LSE,SETSqx,GBX,GG00B1GHHH78,660.0,-0.9900358425673618,658.0251694794599,655.1560471077541,508.4597544033286,0.5289943323356283,-0.10093364600010052,75.0,53.034619,4.0,Quarterly,2025-12-18,0.08035548333333334,,,,
VOX.L,VOX,VOX VALOR CAPITAL LIMITED,LSE,SETSqx,GBX,KYG9507A1094,0.17499999701976776,-0.9925000000465661,0.1520823216574893,0.12148480544557175,0.09923874021610392,0.022769680272245935,0.022908317389933864,,,,,,,,,,
WCW.L,WCW,WALKER CRIPS GROUP PLC,LSE,SETSqx,GBX,GB00B1YMRV88,13.5,-0.4642857142857143,13.375029938903513,12.755720384745773,11.754372743376603,0.12564079633835945,0.1469773851757394,50.0,,,,,,,,,
WCAT.L,WCAT,WILDCAT PETROLEUM PLC,LSE,SETSqx,GBX,GB00BMQC7357,0.06499999761581421,-0.9956000000238419,0.0695490966159696,0.07029389808910087,0.07604070167599256,-0.0012774540981169563,0.0001206410606614882,0.0,,,,,,,,,
WFR.L,WFR,WOLFRAM RESOURCES PLC,LSE,SETSqx,GBX,GB00BMWKKL25,0.012000000104308128,-0.9900000003104409,0.15244953119649857,0.3070339934739794,0.5480055698479877,-0.1420805392402239,-0.14229388334828252,,,,,,,,,,
CHSS.L,CHSS,WORLD CHESS PLC,LSE,SETSqx,GBX,GB00BN70RC41,0.5,-0.9988269230565332,0.5473303427323862,0.6973635732751524,1.6120576523658707,-0.07734209873873255,-0.08153454943412004,32.203384008738254,,,,,,,,,
ZEN.L,ZEN,ZENITH ENERGY LTD.,LSE,SETSqx,GBX,CA98936C8584,3.5999999046325684,-0.8588235238019157,3.582186703573508,3.554837476912882,5.142472575596833,0.04911424737233938,0.052843842892782406,47.058817342077916,,,,,,,,,
ZOYO.L,ZOYO,ZOYO LIMITED,LSE,SETSqx,GBX,KYG4598W1024,0.4749999940395355,-0.99,1.5926886692561224,3.9067353897585244,3.610688502767195,-1.5157064518383636,-1.8118832993523637,,,,,,,,,,
