ticker_yf,Symbol,Company Name,exchange,market,Currency,last_close,max_drawdown,EMA_20,EMA_52,EMA_200,MACD,MACD_signal,RSI_14,dividend_ttm,payments_ttm,div_freq,last_div_date,div_yield_ttm,next_earnings_date,eps_estimate,reported_eps,surprise_pct
A,A,"Agilent Technologies, Inc. Common Stock",NYSE,NYSE,USD,125.80999755859375,-0.2760480836005893,132.41318927108804,136.85583754273947,133.34803123336104,-3.8229952833846426,-3.162934426339928,26.81431939787427,,,,,,,,,
AA,AA,Alcoa Corporation Common Stock ,NYSE,NYSE,USD,59.95000076293945,-0.39409396792418205,60.04423694297497,55.467255033819846,42.81309248238724,1.0387190089862415,1.34759182495774,52.631581966519576,0.4,4.0,Quarterly,2025-11-04,0.006672226770800584,,0.19,-0.33,-273.14
AAM,AAM,AA Mission Acquisition Corp. Class A Ordinary Shares,NYSE,NYSE,USD,,,,,,,,,,,,,,,,,
AAM.U,AAM.U,"AA Mission Acquisition Corp. Units, each consisting of one Class A Ordinary Share and one",NYSE,NYSE,USD,,,,,,,,,,,,,,,,,
AAM.W,AAM.W,"AA Mission Acquisition Corp. Warrants, each whole warrant entitles the holder to purchase one Class A ordinary share at a price of $11.50 per share",NYSE,NYSE,USD,,,,,,,,,,,,,,,,,
AAMI,AAMI,Acadian Asset Management Inc. Common Stock,NYSE,NYSE,USD,51.849998474121094,-0.1821728119601287,52.349663242398805,50.748915054172116,43.823289083925026,0.16782635034149962,0.6162914991351928,38.22162201842294,0.04,4.0,Quarterly,2025-12-12,0.0007714561461359433,,0.93,1.3,39.29
AAP,AAP,Advance Auto Parts Inc.,NYSE,NYSE,USD,58.849998474121094,-0.4172932330827067,52.0899142374837,49.19732691831628,49.69855231644316,3.680066115571819,2.735605999570667,77.62578623384485,1.0,4.0,Quarterly,2026-01-09,0.016992353881533973,,3.34,2.84,-14.87
AAT,AAT,"American Assets Trust, Inc. Common Stock",NYSE,NYSE,USD,18.559999465942383,-0.23018692696739707,18.500970040402937,18.683211796996382,19.53990704911126,0.013108257255648681,-0.03733277162827388,60.335203567065484,1.36,4.0,Quarterly,2025-12-04,0.07327586417745331,,0.14,0.27,92.86
AAUC,AAUC,Allied Gold Corporation Common Shares,NYSE,NYSE,USD,31.469999313354492,-0.28452903801022855,30.37504028195732,26.88922690294386,19.420902889542386,1.4818163652038407,1.7780293331213786,48.19942768862711,,,,,,,,,
AB,AB,AllianceBernstein Holding L.P.  Units,NYSE,NYSE,USD,40.84000015258789,-0.15406302435587993,40.618541287404774,40.22924395925434,39.570180544531546,0.1787338046872904,0.3277105109485043,44.758058934007266,3.47,4.0,Quarterly,2025-11-03,0.08496571956501617,,0.71,0.71,-0.09
ABBV,ABBV,AbbVie Inc. Common Stock,NYSE,NYSE,USD,231.5,-0.2146219847412112,223.13924176612872,223.2984826848787,214.73223553528635,0.8348960935319383,-0.28214589280887026,62.35321357010527,6.6499999999999995,4.0,Quarterly,2026-01-16,0.02872570194384449,,3.57,3.66,2.43
ABCB,ABCB,Ameris Bancorp Common Stock,NYSE,NYSE,USD,84.0199966430664,-0.2377443815532484,82.36957396110773,79.58153506864161,73.11140221880477,1.6112397246107406,1.607575149680034,63.58856278782047,0.8,4.0,Quarterly,2025-12-31,0.009521542870306918,,1.34,1.18,-11.94
ABEV,ABEV,Ambev S.A. American Depositary Shares (Each representing 1 Common Share),NYSE,NYSE,USD,,,,,,,,,,,,,,,,,
ABG,ABG,Asbury Automotive Group Inc Common Stock,NYSE,NYSE,USD,,,,,,,,,,,,,,,,,
ABM,ABM,ABM Industries Incorporated Common Stock,NYSE,NYSE,USD,,,,,,,,,,,,,,,,,
ABR,ABR,Arbor Realty Trust Common Stock,NYSE,NYSE,USD,7.71999979019165,-0.4638728327682492,7.769018246428272,8.220812437840742,10.003194811766788,-0.12076652473949334,-0.13181895593657322,50.49019527637018,1.33,4.0,Quarterly,2025-11-14,0.17227979742820468,,0.35,0.41,16.48
ABR$D,ABR$D,"Arbor Realty Trust 6.375% Series D Cumulative Redeemable Preferred Stock, Liquidation Preference $25.00 per Share",NYSE,NYSE,USD,,,,,,,,,,,,,,,,,
ABR$E,ABR$E,Arbor Realty Trust 6.25% Series E Cumulative Redeemable Preferred Stock,NYSE,NYSE,USD,,,,,,,,,,,,,,,,,
ABR$F,ABR$F,Arbor Realty Trust 6.25% Series F Fixed,NYSE,NYSE,USD,,,,,,,,,,,,,,,,,
ABT,ABT,Abbott Laboratories Common Stock,NYSE,NYSE,USD,112.68000030517578,-0.24368847433657137,112.9250831354681,118.1227162682827,125.80138019997754,-2.43816695888853,-3.330959155194715,62.211133677903156,2.4,4.0,Quarterly,2026-01-15,0.021299254468405956,,0.94,1.15,21.81
ACA,ACA,"Arcosa, Inc. Common Stock ",NYSE,NYSE,USD,127.47000122070312,-0.29684540586914476,120.29577788194112,113.71941752318381,101.92553551272901,4.3976676108382975,3.4908562689860725,84.81466054196268,0.2,4.0,Quarterly,2026-01-15,0.0015689966116319207,,0.55,1.06,93.31
ACCO,ACCO,Acco Brands Corporation Common Stock,NYSE,NYSE,USD,4.110000133514404,-0.4212389511979542,4.011849566943736,3.8979327139364726,3.9685878992477597,0.07009956147579466,0.0656395465041624,60.273985577299925,0.3,4.0,Quarterly,2025-11-21,0.07299269835874048,,0.09,0.09,3.84
ACEL,ACEL,"Accel Entertainment, Inc. ",NYSE,NYSE,USD,10.829999923706055,-0.26020016735920015,11.186746208608172,11.123813183842143,11.152895782064606,-0.06821169097696433,-0.009705765077196763,37.57573060308205,,,,,,,0.19,0.18,-4.76
ACHR,ACHR,Archer Aviation Inc. Class A Common Stock,NYSE,NYSE,USD,,,,,,,,,,,,,,,,,
ACHR.W,ACHR.W,"Archer Aviation Inc. Redeemable Warrants, each whole warrant exercisable for one Class A common stock at an exercise price of $11.50",NYSE,NYSE,USD,,,,,,,,,,,,,,,,,
ACI,ACI,"Albertsons Companies, Inc. Class A Common Stock",NYSE,NYSE,USD,,,,,,,,,,,,,,,,,
ACLO,ACLO,TCW AAA CLO ETF,NYSE,NYSE,USD,,,,,,,,,,,,,,,,,
ACM,ACM,AECOM Common Stock,NYSE,NYSE,USD,88.30999755859375,-0.34268705957071866,97.0981931397784,101.19889865224035,109.07434611517547,-1.2685558910634285,-0.670684811378939,34.71312602829968,1.09,4.0,Quarterly,2026-01-07,0.012342883366934579,,0.9,0.92,2.74
ACN,ACN,Accenture plc Class A Ordinary Shares (Ireland),NYSE,NYSE,USD,,,,,,,,,,,,,,,,,
ACP,ACP,abrdn Income Credit Strategies Fund Common Shares,NYSE,NYSE,USD,,,,,,,,,,,,,,,,,
ACP$A,ACP$A,abrdn Income Credit Strategies Fund 5.250% Series A Perpetual Preferred Stock,NYSE,NYSE,USD,,,,,,,,,,,,,,,,,
ACR,ACR,ACRES Commercial Realty Corp. Common Stock,NYSE,NYSE,USD,18.59000015258789,-0.2970339032022201,19.161332755170157,20.121784543639215,20.195860794025165,-0.6501142721772979,-0.6561152209143787,42.24490709474254,,,,,,,0.46,0.52,14.29
ACR$C,ACR$C,ACRES Commercial Realty Corp. 8.625% Fixed,NYSE,NYSE,USD,,,,,,,,,,,,,,,,,
ACR$D,ACR$D,ACRES Commercial Realty Corp. 7.875% Series D Cumulative Redeemable Preferred Stock,NYSE,NYSE,USD,,,,,,,,,,,,,,,,,
ACRE,ACRE,Ares Commercial Real Estate Corporation Common Stock,NYSE,NYSE,USD,5.170000076293945,-0.3137254773630904,5.1883354152007115,5.0694094309941615,4.8735532556436745,0.09710454681432967,0.07812754456527776,58.823534911617976,0.6,4.0,Quarterly,2025-12-31,0.11605415689473317,,0.32,0.01,-96.91
ACV,ACV,Virtus Diversified Income & Convertible Fund Common Shares of Beneficial Interest,NYSE,NYSE,USD,26.84000015258789,-0.2360684884593277,27.473573896161344,26.918922816086507,24.83688229358495,0.09625569458474459,0.2431908214689258,33.33333333333333,2.544,13.0,Monthly,2026-02-12,0.09478390408111491,,,,
ACVA,ACVA,ACV Auctions Inc. Class A Common Stock,NYSE,NYSE,USD,,,,,,,,,,,,,,,,,
AD,AD,"Array Digital Infrastructure, Inc. Common Shares",NYSE,NYSE,USD,,,,,,,,,,,,,,,,,
ADC,ADC,Agree Realty Corporation Common Stock,NYSE,NYSE,USD,78.08000183105469,-0.11248737635140416,74.34911137829631,73.31430468592237,73.01813373869918,1.2743938426285126,0.7326643924871636,68.94627530465681,3.09,12.0,Monthly,2026-01-30,0.039574794153898404,,0.44,0.44,0.82
ADC$A,ADC$A,"Agree Realty Corporation Depositary Shares, each representing 1/1,000th of a 4.250% Series A Cumulative Redeemable Preferred Stock",NYSE,NYSE,USD,,,,,,,,,,,,,,,,,
ADCT,ADCT,ADC Therapeutics SA Common Shares,NYSE,NYSE,USD,3.990000009536743,-0.4054054001807471,3.8483514486876835,3.8052109201537525,3.3609882922382455,0.07988478503415486,0.054508842207858434,62.58503390327249,,,,,,,-0.35,-0.65,-84.21
ADM,ADM,Archer,NYSE,NYSE,USD,69.51000213623047,-0.17427385078948632,66.94853535677036,64.08520668283072,58.60765691840367,1.6981703656129525,1.707788215088168,60.63616631755532,2.04,4.0,Quarterly,2025-11-19,0.02934829430736987,,1.44,1.86,29.19
ADNT,ADNT,Adient plc Ordinary Shares ,NYSE,NYSE,USD,27.09000015258789,-0.4134996798185736,23.890431956126676,22.202729088801235,20.742744089321807,1.5929992900539673,1.1804566604003606,77.41627375881761,,,,,,,0.51,0.53,3.34
ADT,ADT,ADT Inc. Common Stock,NYSE,NYSE,USD,,,,,,,,,,,,,,,,,
ADX,ADX,Adams Diversified Equity Fund Inc.,NYSE,NYSE,USD,23.270000457763672,-0.18290352559813916,23.204126839478754,23.12435961074474,22.260997684679385,-0.0030083078858993417,-4.4646183532669604e-05,49.769579987782414,1.85,4.0,Quarterly,2026-01-26,0.079501502518569,,,,
AEE,AEE,Ameren Corporation Common Stock,NYSE,NYSE,USD,110.97000122070312,-0.0910581168973098,104.92622027436838,103.15425008400209,101.20755196218904,1.7383537456487659,1.1424496359185108,79.96900848475659,2.84,4.0,Quarterly,2025-12-09,0.025592502196622083,,0.94,1.0,6.71
AEFC,AEFC,Aegon Funding Company LLC 5.10% Subordinated Notes due 2049,NYSE,NYSE,USD,20.299999237060547,-0.0774647735977092,20.130213400417745,20.068788484364827,20.193816691068054,0.06968639638531116,0.05675990317381264,57.14274036653751,1.276,4.0,Quarterly,2025-11-28,0.06285714521951705,,,,
AEG,AEG,Aegon Ltd. New York Registry Shares,NYSE,NYSE,USD,7.579999923706055,-0.18370366979528352,7.742141217489719,7.712049172237042,7.445538461836509,0.0042113696536381084,0.025613060271137026,40.38460568563882,0.22,1.0,Annual,2025-06-17,0.02902374699397575,,0.31,0.17,-44.84
AEM,AEM,Agnico Eagle Mines Limited Common Stock,NYSE,NYSE,USD,,,,,,,,,,,,,,,,,
AEO,AEO,"American Eagle Outfitters, Inc. Common Stock",NYSE,NYSE,USD,,,,,,,,,,,,,,,,,
AER,AER,AerCap Holdings N.V. Ordinary Shares,NYSE,NYSE,USD,150.42999267578125,-0.15891470743601277,144.88097523220114,141.8843537267762,127.63954072775542,1.1710026161401856,0.6139509628316803,64.07806056366232,0.81,3.0,Irregular,2025-08-13,0.005384564511319074,,1.38,2.21,59.68
AERO,AERO,"Grupo Aeromexico, S.A.B. de C.V. American Depositary Shares (each representing ten (10) Common Shares)",NYSE,NYSE,USD,18.0,-0.21431688695391837,19.54215420643229,19.89766445931981,20.042129770209822,-0.5529001858895946,-0.3326407320287596,19.7556186158714,,,,,,,,,
AES,AES,The AES Corporation Common Stock,NYSE,NYSE,USD,,,,,,,,,,,,,,,,,
AESI,AESI,Atlas Energy Solutions Inc. Common Stock,NYSE,NYSE,USD,11.770000457763672,-0.6354635179218242,11.473143294614303,10.925512791727726,12.26947715907451,0.3127341509875272,0.3899957812680935,53.075175147993264,0.75,3.0,Irregular,2025-08-14,0.06372132292529255,,0.67,0.03,-95.55
AEXA,AEXA,American Exceptionalism Acquisition Corp. A Class A Ordinary Shares,NYSE,NYSE,USD,11.359999656677246,-0.07836457361415439,11.477240924666498,11.394075015863663,11.058719954330583,-0.018943747346153117,0.03238887939918122,36.05437895945581,,,,,,,,,
AFB,AFB,AllianceBernstein National Municipal Income Fund Inc,NYSE,NYSE,USD,,,,,,,,,,,,,,,,,
AFG,AFG,"American Financial Group, Inc. Common Stock",NYSE,NYSE,USD,128.9499969482422,-0.1515029614116108,129.9131955572865,132.14285777170937,132.10307976083433,-1.0382070181314305,-1.2616041098900654,53.295505421135616,8.86,7.0,Irregular,2026-02-13,0.06870880348726349,,2.94,2.89,-1.57
AFGB,AFGB,"American Financial Group, Inc. 5.875% Subordinated Debentures due 2059",NYSE,NYSE,USD,21.985000610351562,-0.09938973991131905,21.88299524502669,21.91278227120259,22.067725733433626,0.02536154298889315,0.02222615612498842,41.05760873756745,1.468,4.0,Quarterly,2025-12-15,0.066772797782357,,,,
AFGC,AFGC,"American Financial Group, Inc. 5.125% Subordinated Debentures due 2059",NYSE,NYSE,USD,19.1200008392334,-0.14081831243386211,19.166645393252733,19.24373891883634,19.49853863559036,-0.023301443155613555,-0.016135755849280804,29.802759990411943,1.28,4.0,Quarterly,2025-12-01,0.06694560375611995,,,,
AFGD,AFGD,"American Financial Group, Inc. 5.625% Subordinated Debentures due 2060",NYSE,NYSE,USD,,,,,,,,,,,,,,,,,
AFGE,AFGE,"American Financial Group, Inc. 4.500% Subordinated Debentures due 2060",NYSE,NYSE,USD,17.424999237060547,-0.12616823864476445,17.35960095521978,17.358727502416166,17.514802284414582,0.035721262532590004,0.04126054662272172,43.97233785828627,1.124,4.0,Quarterly,2025-12-01,0.06450502434510348,,,,
AFL,AFL,AFLAC Incorporated Common Stock,NYSE,NYSE,USD,114.91000366210938,-0.12770120942698737,113.02581556168127,111.33220077189897,108.50674171686893,1.6271208408211066,1.2037210595584207,66.30255882463238,2.32,4.0,Quarterly,2025-11-19,0.02018971304554053,,1.4,1.55,10.9
AG,AG,First Majestic Silver Corp. Ordinary Shares (Canada),NYSE,NYSE,USD,22.959999084472656,-0.3039791174562215,22.24161823357295,19.714815474300327,13.621583204076513,0.8944269813263652,1.1786367962643403,42.2033886798528,0.011,2.0,Semi-Annual,2025-05-16,0.00047909409575887387,,0.02,-0.02,-185.73
AGCO,AGCO,AGCO Corporation Common Stock,NYSE,NYSE,USD,140.49000549316406,-0.26308114308542896,124.6278317150531,116.17904828634816,108.28567264694098,7.601776714922607,5.310127956904431,93.47684357105389,1.16,4.0,Quarterly,2026-02-13,0.008256815108861556,,3.16,3.18,0.69
AGD,AGD,abrdn Global Dynamic Dividend Fund Common Shares of Beneficial Interest,NYSE,NYSE,USD,,,,,,,,,,,,,,,,,
AGI,AGI,Alamos Gold Inc. Class A Common Shares,NYSE,NYSE,USD,,,,,,,,,,,,,,,,,
AGL,AGL,"agilon health, inc. Common Stock",NYSE,NYSE,USD,0.3610000014305115,-0.936443659799176,0.6575706715178554,0.7525387915737151,1.4134964181299134,-0.11487643859648478,-0.05679556703868452,8.119655906272968,,,,,,,-0.05,-0.07,-40.0
AGM,AGM,Federal Agricultural Mortgage Corporation Common Stock,NYSE,NYSE,USD,,,,,,,,,,,,,,,,,
AGM$D,AGM$D,Federal Agricultural Mortgage Corporation 5.700% Non,NYSE,NYSE,USD,,,,,,,,,,,,,,,,,
AGM$E,AGM$E,Federal Agricultural Mortgage Corporation 5.750% Non,NYSE,NYSE,USD,,,,,,,,,,,,,,,,,
AGM$F,AGM$F,Federal Agricultural Mortgage Corporation 5.250% Non,NYSE,NYSE,USD,,,,,,,,,,,,,,,,,
AGM$G,AGM$G,Federal Agricultural Mortgage Corporation 4.875% Non,NYSE,NYSE,USD,,,,,,,,,,,,,,,,,
AGM$H,AGM$H,Federal Agricultural Mortgage Corporation 6.500% Non,NYSE,NYSE,USD,,,,,,,,,,,,,,,,,
AGM.A,AGM.A,Federal Agricultural Mortgage Corporation Common Stock,NYSE,NYSE,USD,,,,,,,,,,,,,,,,,
AGO,AGO,Assured Guaranty Ltd. Common Stock,NYSE,NYSE,USD,,,,,,,,,,,,,,,,,
AGRO,AGRO,Adecoagro S.A. Common Shares,NYSE,NYSE,USD,,,,,,,,,,,,,,,,,
AGX,AGX,"Argan, Inc. Common Stock",NYSE,NYSE,USD,,,,,,,,,,,,,,,,,
AHH,AHH,"Armada Hoffler Properties, Inc. Common Stock",NYSE,NYSE,USD,,,,,,,,,,,,,,,,,
AHH$A,AHH$A,"Armada Hoffler Properties, Inc. 6.75% Series A Cumulative Redeemable Perpetual Preferred Stock",NYSE,NYSE,USD,,,,,,,,,,,,,,,,,
AHL,AHL,Aspen Insurance Holdings Limited Class A Ordinary Shares,NYSE,NYSE,USD,37.34000015258789,-0.22854738231642835,37.31318637931243,37.13414151502373,35.482833657155666,0.04365582628081199,0.053241985922166266,50.0,,,,,,,,,
AHL$D,AHL$D,Aspen Insurance Holdings Limited 5.625% Perpetual Non,NYSE,NYSE,USD,,,,,,,,,,,,,,,,,
AHL$E,AHL$E,"Aspen Insurance Holdings Limited Depositary Shares, each representing a 1/1000th interest in a share of 5.625% Perpetual Non",NYSE,NYSE,USD,,,,,,,,,,,,,,,,,
AHL$F,AHL$F,"Aspen Insurance Holdings Limited Depositary Shares, each representing a 1/1,000th Interest in a 7.00% Perpetual Non",NYSE,NYSE,USD,,,,,,,,,,,,,,,,,
AHR,AHR,"American Healthcare REIT, Inc. Common Stock",NYSE,NYSE,USD,,,,,,,,,,,,,,,,,
AHT,AHT,Ashford Hospitality Trust Inc Common Stock,NYSE,NYSE,USD,,,,,,,,,,,,,,,,,
AHT$D,AHT$D,Ashford Hospitality Trust Inc 8.45% Series D Cumulative Preferred Stock,NYSE,NYSE,USD,,,,,,,,,,,,,,,,,
AHT$F,AHT$F,Ashford Hospitality Trust Inc 7.375% Series F Cumulative Preferred Stock,NYSE,NYSE,USD,,,,,,,,,,,,,,,,,
AHT$G,AHT$G,Ashford Hospitality Trust Inc 7.375% Series G Cumulative Preferred Stock,NYSE,NYSE,USD,,,,,,,,,,,,,,,,,
AHT$H,AHT$H,Ashford Hospitality Trust Inc 7.50% Series H Cumulative Preferred Stock,NYSE,NYSE,USD,,,,,,,,,,,,,,,,,
AHT$I,AHT$I,Ashford Hospitality Trust Inc 7.50% Series I Cumulative Preferred Stock,NYSE,NYSE,USD,,,,,,,,,,,,,,,,,
AI,AI,"C3.ai, Inc. Class A Common Stock",NYSE,NYSE,USD,,,,,,,,,,,,,,,,,
AIG,AIG,"American International Group, Inc. New Common Stock",NYSE,NYSE,USD,,,,,,,,,,,,,,,,,
AII,AII,"American Integrity Insurance Group, Inc. Common Stock",NYSE,NYSE,USD,17.829999923706055,-0.3230240862660487,18.53893023182567,19.50193714067889,19.621750530448193,-0.4928131961953177,-0.49630996296259855,41.637021304613135,,,,,,,,,
AIIA,AIIA,AI Infrastructure Acquisition Corp. Class A Ordinary Shares,NYSE,NYSE,USD,,,,,,,,,,,,,,,,,
AIIA.R,AIIA.R,"AI Infrastructure Acquisition Corp. Rights, each entitling the holder to receive one",NYSE,NYSE,USD,,,,,,,,,,,,,,,,,
AIIA.U,AIIA.U,"AI Infrastructure Acquisition Corp. Units, each consisting of one Class A Ordinary Share and one Right",NYSE,NYSE,USD,,,,,,,,,,,,,,,,,
AIN,AIN,Albany International Corporation Common Stock,NYSE,NYSE,USD,57.880001068115234,-0.49769586916300657,57.13592407558865,55.326125386919706,59.40009336650816,1.01699952259316,1.1172322785968352,51.71774773402662,1.09,4.0,Quarterly,2025-12-16,0.01883206599663413,,0.82,0.91,10.44
AIO,AIO,Virtus Artificial Intelligence & Technology Opportunities Fund Common Shares of Beneficial Interest,NYSE,NYSE,USD,22.59000015258789,-0.30422753923610646,22.653726424945198,22.818955695306144,23.369734871165168,-0.04783643354547351,-0.05429964142691417,49.36707332678235,2.991,13.0,Monthly,2026-02-12,0.13240371756515254,,,,
AIR,AIR,AAR Corp. Common Stock,NYSE,NYSE,USD,112.9800033569336,-0.3059882731726635,107.62706607490516,98.60446612056555,83.16685807478811,4.994599461449354,5.12038735761181,69.17328675617516,,,,,,,0.57,0.61,6.4
AIT,AIT,"Applied Industrial Technologies, Inc. Common Stock",NYSE,NYSE,USD,,,,,,,,,,,,,,,,,
AIV,AIV,Apartment Investment and Management Company Common Stock,NYSE,NYSE,USD,5.820000171661377,-0.419603521452946,5.876308139822373,5.914679549877959,6.839627299012133,0.0015722362834873493,0.011854214595126759,48.3333346578812,2.23,1.0,Annual,2025-10-16,0.38316150072611155,,,-0.01,
AIZ,AIZ,"Assurant, Inc. Common Stock",NYSE,NYSE,USD,217.47999572753906,-0.1628394723383012,232.39993753375123,232.17146521145264,218.85907775481826,-3.3684281813588086,-0.46918756498228487,31.530305578281542,2.48,3.0,Irregular,2025-12-01,0.01140334765826907,,2.32,2.75,18.68
AIZN,AIZN,"Assurant, Inc. 5.25% Subordinated Notes due 2061",NYSE,NYSE,USD,21.264999389648438,-0.09828851608281908,20.874330227835532,20.469906062865213,20.23139739599759,0.31238658400283725,0.29062036059090174,58.77795472276412,1.312,4.0,Quarterly,2025-12-31,0.061697626976592666,,,,
AJG,AJG,Arthur J. Gallagher & Co. Common Stock,NYSE,NYSE,USD,,,,,,,,,,,,,,,,,
AKA,AKA,a.k.a. Brands Holding Corp. Common Stock,NYSE,NYSE,USD,11.109999656677246,-0.5958635961018015,11.106479580767525,11.397875008318744,12.021671765837391,-0.20637179035049158,-0.1821640434603701,44.13751787665685,,,,,,,0.01,,-108.43
AKAF,AKAF,The Frontier Economic Fund,NYSE,NYSE,USD,32.222999572753906,-0.05047373546398248,31.780489686575084,30.786382815545444,28.574473129214056,0.5198490176998511,0.5413553234012586,54.886249801281664,0.656,1.0,Annual,2025-12-17,0.02035812955646375,,,,
AKO.A,AKO.A,Embotelladora Andina S.A. Common Stock,NYSE,NYSE,USD,,,,,,,,,,,,,,,,,
AKO.B,AKO.B,Embotelladora Andina S.A. Common Stock,NYSE,NYSE,USD,,,,,,,,,,,,,,,,,
AKR,AKR,Acadia Realty Trust Common Stock,NYSE,NYSE,USD,,,,,,,,,,,,,,,,,
AL,AL,Air Lease Corporation Class A Common Stock,NYSE,NYSE,USD,64.7300033569336,-0.20868378174739388,64.53337923814725,64.23874366920042,60.645985548163594,0.11949111038988747,0.11391068266465648,70.930624556423,0.88,4.0,Quarterly,2025-12-04,0.013594932092734678,,0.92,0.9,-1.82
ALB,ALB,Albemarle Corporation Common Stock,NYSE,NYSE,USD,,,,,,,,,,,,,,,,,
ALB$A,ALB$A,Albemarle Corporation Depositary Shares each representing a 1/20th of 7.25% Series A Mandatory Convertible Preferred Stock,NYSE,NYSE,USD,,,,,,,,,,,,,,,,,
ALC,ALC,Alcon Inc. Ordinary Shares,NYSE,NYSE,USD,,,,,,,,,,,,,,,,,
ALE,ALE,"Allete, Inc.",NYSE,NYSE,USD,,,,,,,,,,,,,,,,,
ALEX,ALEX,"Alexander & Baldwin, Inc. Common Stock REIT Holding Company",NYSE,NYSE,USD,,,,,,,,,,,,,,,,,
ALG,ALG,"Alamo Group, Inc. Common Stock",NYSE,NYSE,USD,210.83999633789062,-0.3210566892051452,199.7310052281224,189.89183530315833,189.40755196189667,7.235434286035087,6.46234067583449,81.67629294610751,1.24,4.0,Quarterly,2026-01-16,0.005881237059086195,,2.12,2.79,31.91
ALH,ALH,Alliance Laundry Holdings Inc. Common Stock,NYSE,NYSE,USD,,,,,,,,,,,,,,,,,
ALIT,ALIT,"Alight, Inc. Class A Common Stock",NYSE,NYSE,USD,1.2999999523162842,-0.8134863713847345,1.536000622431732,1.8136468898222655,3.287531257705222,-0.10404812127974528,-0.09686019282755541,35.44304485103676,0.16,4.0,Quarterly,2025-12-01,0.12307692759135788,,0.06,0.12,92.0
ALK,ALK,"Alaska Air Group, Inc. Common Stock",NYSE,NYSE,USD,55.27000045776367,-0.5062663126866574,54.42627218929885,51.66596741664325,52.81804231076508,2.0192086609782365,1.8572848311921881,62.38657156921185,,,,,,,0.94,0.92,-1.81
ALL,ALL,Allstate Corporation (The) Common Stock,NYSE,NYSE,USD,,,,,,,,,,,,,,,,,
ALL$B,ALL$B,Allstate Corporation (The) 5.100% Fixed,NYSE,NYSE,USD,,,,,,,,,,,,,,,,,
ALL$H,ALL$H,"Allstate Corporation (The) Depositary Shares each representing a 1/1,000th interest in a share of Fixed Rate Noncumulative Perpetual Preferred Stock, Series H",NYSE,NYSE,USD,,,,,,,,,,,,,,,,,
ALL$I,ALL$I,"Allstate Corporation (The) Depositary Shares each representing a 1/1,000th interest in a share of Fixed Rate Noncumulative Perpetual Preferred Stock, Series I",NYSE,NYSE,USD,,,,,,,,,,,,,,,,,
ALL$J,ALL$J,"Allstate Corporation (The) Depositary Shares each representing a 1/1,000th interest in a share of Fixed Rate Noncumulative Perpetual Preferred Stock, Series J",NYSE,NYSE,USD,,,,,,,,,,,,,,,,,
ALLE,ALLE,Allegion plc Ordinary Shares,NYSE,NYSE,USD,,,,,,,,,,,,,,,,,
ALLY,ALLY,Ally Financial Inc. Common Stock,NYSE,NYSE,USD,40.79999923706055,-0.23278941315523893,42.366378029715854,42.72061284254776,40.69057316657739,-0.65039668328631,-0.5250178515958295,40.856026507956685,1.2,4.0,Quarterly,2026-02-02,0.02941176525586755,,1.7,1.12,-34.14
ALSN,ALSN,"Allison Transmission Holdings, Inc. Common Stock",NYSE,NYSE,USD,117.79000091552734,-0.25414003054629275,112.18705693317582,104.98030991084605,96.60574236808829,3.5732069285283785,3.5241418536664013,72.39300205600198,1.08,4.0,Quarterly,2025-11-21,0.009168859764034793,,1.29,1.45,12.81
ALTG,ALTG,Alta Equipment Group Inc. Class A Common Stock,NYSE,NYSE,USD,,,,,,,,,,,,,,,,,
ALTG$A,ALTG$A,Alta Equipment Group Inc. Depositary Shares (each representing 1/1000th in a share of 10% Series A Cumulative Perpetual Preferred Stock),NYSE,NYSE,USD,,,,,,,,,,,,,,,,,
ALUB.U,ALUB.U,"Alussa Energy Acquisition Corp. II Units, each consisting of one Class A ordinary share and one",NYSE,NYSE,USD,,,,,,,,,,,,,,,,,
ALUR,ALUR,"Allurion Technologies, Inc. Common Stock",NYSE,NYSE,USD,1.1200000047683716,-0.810035849951137,1.274597648753834,1.4487449888604635,2.149029614418619,-0.12942790598344311,-0.10696026961165891,36.00000143051148,,,,,,,,,
ALUR.W,ALUR.W,"Allurion Technologies, Inc. Warrants, each whole warrant exercisable to purchase 1.420455 shares of common stock at an exercise price of $8.10 per share of common stock",NYSE,NYSE,USD,,,,,,,,,,,,,,,,,
ALV,ALV,"Autoliv, Inc. Common Stock",NYSE,NYSE,USD,124.9800033569336,-0.2371820637057479,124.90053439245932,123.45638431756365,116.74866348034155,0.42202521388334446,0.5476844555421453,45.774656505684284,2.25,3.0,Irregular,2025-09-05,0.018002879977320592,,1.27,1.23,-3.3
ALX,ALX,"Alexander's, Inc. Common Stock",NYSE,NYSE,USD,,,,,,,,,,,,,,,,,
AM,AM,Antero Midstream Corporation Common Stock,NYSE,NYSE,USD,,,,,,,,,,,,,,,,,
AMBP,AMBP,Ardagh Metal Packaging S.A. Ordinary Shares,NYSE,NYSE,USD,,,,,,,,,,,,,,,,,
AMBQ,AMBQ,"Ambiq Micro, Inc. Common Stock",NYSE,NYSE,USD,29.59000015258789,-0.4809577874372315,30.514589332580726,30.557602610820524,32.88366341551601,-0.5563547819017636,-0.25777728345699924,38.486498145130376,,,,,,,,,
AMC,AMC,"AMC Entertainment Holdings, Inc. Class A Common Stock",NYSE,NYSE,USD,,,,,,,,,,,,,,,,,
AMCR,AMCR,Amcor plc Ordinary Shares,NYSE,NYSE,USD,,,,,,,,,,,,,,,,,
AME,AME,"AMETEK, Inc.",NYSE,NYSE,USD,,,,,,,,,,,,,,,,,
AMG,AMG,"Affiliated Managers Group, Inc. Common Stock",NYSE,NYSE,USD,,,,,,,,,,,,,,,,,
AMH,AMH,American Homes 4 Rent Common Shares of Beneficial Interest,NYSE,NYSE,USD,31.6200008392334,-0.2327652303796618,31.371327679743153,31.58369355458741,33.20080876030801,-0.028243332857055492,-0.0987290092085258,47.30021660554639,1.2,4.0,Quarterly,2025-12-15,0.037950663129365465,,0.11,0.32,194.47
AMH$G,AMH$G,American Homes 4 Rent Series G cumulative redeemable perpetual preferred shares of beneficial interest,NYSE,NYSE,USD,,,,,,,,,,,,,,,,,
AMH$H,AMH$H,American Homes 4 Rent Series H cumulative redeemable perpetual Preferred Shares of Beneficial Interest,NYSE,NYSE,USD,,,,,,,,,,,,,,,,,
AMN,AMN,AMN Healthcare Services Inc,NYSE,NYSE,USD,,,,,,,,,,,,,,,,,
AMP,AMP,"Ameriprise Financial, Inc. Common Stock",NYSE,NYSE,USD,473.6700134277344,-0.23159944568027746,507.0050138143905,500.17067110977644,499.1143625672859,-1.7772229471231071,5.310698673978401,41.28714713929905,6.4,4.0,Quarterly,2026-02-09,0.013511516073576438,,5.85,6.43,9.99
AMPX,AMPX,"Amprius Technologies, Inc. Common Stock",NYSE,NYSE,USD,9.970000267028809,-0.47492627837541446,11.338029222872187,10.962725403363343,8.915570155690975,0.12350800180503363,0.4465327505679663,46.812888002104756,,,,,,,,,
AMPX.W,AMPX.W,"Amprius Technologies, Inc. Warrants to purchase one share of Common Stock at an exercise price of $11.50 per share",NYSE,NYSE,USD,,,,,,,,,,,,,,,,,
AMPY,AMPY,Amplify Energy Corp. Common Stock,NYSE,NYSE,USD,5.420000076293945,-0.5668549948962259,5.077703188634262,4.944710198117432,4.602891352741343,0.16382282157409644,0.10001731425744241,66.96428533415417,,,,,,,0.16,0.21,31.25
AMR,AMR,"Alpha Metallurgical Resources, Inc. Common Stock",NYSE,NYSE,USD,185.52000427246094,-0.4158689341117314,205.81535862238803,202.73306101497116,172.41856587482664,-6.820014304170911,-2.480809904641504,32.66503694846615,,,,,,,16.81,14.21,-15.45
AMRC,AMRC,"Ameresco, Inc. Class A Common Stock",NYSE,NYSE,USD,32.68000030517578,-0.5586136861882787,31.7705421842369,31.769671061461985,27.891677759545566,0.315504967354272,0.08773744221186563,52.2587823926106,,,,,,,0.47,0.54,15.12
AMRZ,AMRZ,Amrize Ltd Ordinary Shares,NYSE,NYSE,USD,,,,,,,,,,,,,,,,,
AMT,AMT,American Tower Corporation (REIT) Common Stock,NYSE,NYSE,USD,192.10000610351562,-0.27475795102083167,178.95089071278696,178.8864340711324,189.5418010470438,1.8411423708316192,0.2937942249401991,64.12605927326018,6.8,4.0,Quarterly,2025-12-29,0.03539822896380196,,1.13,1.8,59.39
AMTB,AMTB,Amerant Bancorp Inc. Class A Common Stock,NYSE,NYSE,USD,,,,,,,,,,,,,,,,,
AMTD,AMTD,"AMTD IDEA Group American Depositary Shares, each representing six (6) Class A Ordinary Shares",NYSE,NYSE,USD,,,,,,,,,,,,,,,,,
AMTM,AMTM,"Amentum Holdings, Inc. Common Stock",NYSE,NYSE,USD,31.0,-0.24390240905247162,33.769258796985405,31.941437528543606,26.6288859375715,-0.0802520682667236,0.8389478036583627,35.91600261642425,,,,,,,0.25,0.47,88.0
AMWL,AMWL,American Well Corporation Class A Common Stock,NYSE,NYSE,USD,5.400000095367432,-0.6973578830537186,4.598393552223899,4.692452264632975,6.143594437784722,-0.023247156020477888,-0.06482147071321226,63.281258731150956,,,,,,,-0.26,-0.25,2.6
AMX,AMX,"America Movil, S.A.B. de C.V. American Depositary Shares (each representing the right to receive twenty (20) Series B Shares",NYSE,NYSE,USD,,,,,,,,,,,,,,,,,
AN,AN,"AutoNation, Inc. Common Stock",NYSE,NYSE,USD,201.75999450683594,-0.1947144899546963,209.49603953790384,210.13308178195143,204.8720116411705,-1.5976113666171727,-0.6958552574938843,42.338635022290354,,,,,,,6.27,6.31,0.58
ANET,ANET,"Arista Networks, Inc. Common Stock",NYSE,NYSE,USD,141.58999633789062,-0.4204033480856031,137.56796534850932,135.2723635462671,126.68115086693352,1.868834886514378,2.0208814512702427,48.210981919629006,,,,,,,1.04,1.25,19.86
ANF,ANF,Abercrombie & Fitch Company Common Stock,NYSE,NYSE,USD,,,,,,,,,,,,,,,,,
ANG$D,ANG$D,"American National Group Inc. Depositary Shares, each representing a 1/1000th interest in a share of 7.375% Fixed",NYSE,NYSE,USD,,,,,,,,,,,,,,,,,
ANGX,ANGX,"Angel Studios, Inc. Class A Common Stock",NYSE,NYSE,USD,3.2699999809265137,-0.8106250017881393,3.7532841471180376,4.485117133904777,7.857650347488687,-0.3276768534048733,-0.31248808321376476,31.17409094462994,,,,,,,,,
ANRO,ANRO,"Alto Neuroscience, Inc. Common Stock",NYSE,NYSE,USD,16.889999389648438,-0.5443038150412667,16.25918004028694,15.562246288019017,10.096096681167374,0.0009777055387090172,-0.10625731113788565,52.830186769519564,,,,,,,,,
ANVS,ANVS,"Annovis Bio, Inc. Common Stock",NYSE,NYSE,USD,,,,,,,,,,,,,,,,,
AOD,AOD,abrdn Total Dynamic Dividend Fund Common Shares of Beneficial Interest,NYSE,NYSE,USD,10.359999656677246,-0.1625281756414133,10.101868402827352,9.9222896194291,9.422409658555754,0.11005590188700154,0.07833902519468795,76.00002543137978,1.17,12.0,Monthly,2026-01-23,0.11293436667692448,,,,
AOMD,AOMD,"Angel Oak Mortgage REIT, Inc. 9.750% Senior Notes due 2030",NYSE,NYSE,USD,25.200000762939453,-0.02524270363224368,25.60993837908052,25.50496220226383,25.180774779336517,0.029306021629217582,0.05767730065545551,27.23582089552238,1.218,2.0,Semi-Annual,2026-02-13,0.04833333187002358,,,,
AOMN,AOMN,"Angel Oak Mortgage REIT, Inc. 9.500% Senior Notes due 2029",NYSE,NYSE,USD,25.31999969482422,-0.06201915269727443,25.317977823624148,25.301760902328994,25.178727204888922,0.0017356066119447178,-0.013814166104682044,54.52048256569436,,,,,,,,,
AOMR,AOMR,"Angel Oak Mortgage REIT, Inc. Common Stock",NYSE,NYSE,USD,,,,,,,,,,,,,,,,,
AON,AON,Aon plc Class A Ordinary Shares (Ireland),NYSE,NYSE,USD,,,,,,,,,,,,,,,,,
AORT,AORT,"Artivion, Inc. Common Stock",NYSE,NYSE,USD,36.599998474121094,-0.2618096830241591,40.934122437232375,42.59863282181833,39.49427360702621,-1.3785214811431317,-1.1900798021717236,22.544865801655533,,,,,,,-0.11,-0.05,55.56
AOS,AOS,A.O. Smith Corporation Common Stock,NYSE,NYSE,USD,,,,,,,,,,,,,,,,,
AP,AP,Ampco,NYSE,NYSE,USD,7.789999961853027,-0.5079787158153887,6.680487626687992,5.419798052122997,3.6562741083125654,0.7629772193794784,0.6392416929804178,68.0608415343753,,,,,,,,,
APAM,APAM,Artisan Partners Asset Management Inc. Class A Common Stock,NYSE,NYSE,USD,42.59000015258789,-0.24052055853946996,44.057391316031335,43.496655960328,43.35998024784466,0.3022000445295703,0.5051979934864185,45.233639662038996,3.87,4.0,Quarterly,2026-02-13,0.09086640023796402,,0.61,0.64,4.4
APD,APD,"Air Products and Chemicals, Inc. Common Stock",NYSE,NYSE,USD,,,,,,,,,,,,,,,,,
APG,APG,APi Group Corporation Common Stock,NYSE,NYSE,USD,,,,,,,,,,,,,,,,,
APH,APH,Amphenol Corporation Common Stock,NYSE,NYSE,USD,,,,,,,,,,,,,,,,,
APLE,APLE,"Apple Hospitality REIT, Inc. Common Shares",NYSE,NYSE,USD,12.270000457763672,-0.3068920826988164,12.1385349137186,12.067589939218966,12.320971034316067,0.04428434283951965,0.007549589317549028,51.20968470711651,0.96,12.0,Monthly,2026-01-30,0.07823960588302777,,0.12,0.14,13.52
APO,APO,"Apollo Global Management, Inc. (New) Common Stock",NYSE,NYSE,USD,125.06999969482422,-0.33247342340839425,132.7209295043695,136.1508049556845,138.6154732170374,-3.774423097451006,-3.1809085062286,41.90571253217372,1.993,4.0,Quarterly,2025-11-17,0.01593507639612217,,1.23,1.33,7.82
APO$A,APO$A,"Apollo Global Management, Inc. 6.75% Series A Mandatory Convertible Preferred Stock",NYSE,NYSE,USD,,,,,,,,,,,,,,,,,
APOS,APOS,"Apollo Global Management, Inc. 7.625% Fixed",NYSE,NYSE,USD,26.3799991607666,-0.05914763936871381,26.373422068926345,26.32560362379982,26.38917518661946,0.016970956685401717,0.029522360800368182,32.14258952717661,1.908,4.0,Quarterly,2025-12-01,0.07232752315010132,,,,
APTV,APTV,Aptiv PLC Ordinary Shares,NYSE,NYSE,USD,85.19999694824219,-0.29133398073741557,81.32301358935837,80.30421997252645,76.41751192222289,1.1553182978560272,0.5105843575840026,68.88886769613978,,,,,,,0.58,0.22,-62.02
AQN,AQN,Algonquin Power & Utilities Corp. Common Shares,NYSE,NYSE,USD,,,,,,,,,,,,,,,,,
AQNB,AQNB,Algonquin Power & Utilities Corp. 6.20% Fixed,NYSE,NYSE,USD,25.8799991607666,-0.04615387549767125,25.84642607458573,25.76128600833341,25.659437235700313,0.06565045923787594,0.06544699573484904,46.3767314703988,1.6190000000000002,3.0,Irregular,2025-09-15,0.06255796184315035,,,,
AR,AR,Antero Resources Corporation Common Stock,NYSE,NYSE,USD,34.7599983215332,-0.31772495038627946,34.195813247585534,34.043823594155334,34.79302524024145,0.1631604106894713,0.1445805718472561,47.07422734061646,,,,,,,0.54,0.5,-7.78
ARCO,ARCO,Arcos Dorados Holdings Inc. Class A Shares,NYSE,NYSE,USD,,,,,,,,,,,,,,,,,
ARDC,ARDC,"Ares Dynamic Credit Allocation Fund, Inc. Common Shares",NYSE,NYSE,USD,13.229999542236328,-0.1950423865622125,13.375865784978885,13.457138520889695,13.874870182071822,-0.04878389754080459,-0.030311448408473066,30.508343072170845,1.356,12.0,Monthly,2026-01-20,0.10249433461210757,,,,
ARDT,ARDT,"Ardent Health, Inc. Common Stock",NYSE,NYSE,USD,9.600000381469727,-0.4698247788973222,8.892082502960005,9.266766505489834,11.393478664152996,0.11707952817087985,-0.03935036788579599,79.08161254489198,,,,,,,0.3,0.34,12.21
ARE,ARE,"Alexandria Real Estate Equities, Inc. Common Stock",NYSE,NYSE,USD,,,,,,,,,,,,,,,,,
ARES,ARES,Ares Management Corporation Class A Common Stock,NYSE,NYSE,USD,133.8800048828125,-0.371023594249387,143.95944698091571,153.50680522500892,162.9589237785269,-8.216851350005896,-7.676089629691074,37.494064616083556,4.48,4.0,Quarterly,2025-12-17,0.033462801289269616,,0.74,0.75,1.67
ARES$B,ARES$B,Ares Management Corporation 6.75% Series B Mandatory Convertible Preferred Stock,NYSE,NYSE,USD,,,,,,,,,,,,,,,,,
ARI,ARI,"Apollo Commercial Real Estate Finance, Inc",NYSE,NYSE,USD,10.619999885559082,-0.21224087572343442,10.524340999165602,10.293071765713382,10.090817874208863,0.16555126416277233,0.18321547356538895,67.04544530919381,1.0,4.0,Quarterly,2025-12-31,0.09416195958342571,,0.41,0.48,15.94
ARL,ARL,"American Realty Investors, Inc. Common Stock",NYSE,NYSE,USD,17.149999618530273,-0.32792203650343354,17.24885100105797,16.672753882629742,15.363634941074372,0.3275616725730437,0.37440852369280975,53.369269604289734,,,,,,,,,
ARLO,ARLO,"Arlo Technologies, Inc. Common Stock",NYSE,NYSE,USD,11.420000076293945,-0.4223251422981137,12.559522790832435,13.50217870299522,14.479593890871756,-0.5753682203238792,-0.4460307827108432,24.80211891787431,,,,,,,-0.13,-0.05,60.63
ARMK,ARMK,Aramark Common Stock,NYSE,NYSE,USD,,,,,,,,,,,,,,,,,
AROC,AROC,"Archrock, Inc. Common Stock",NYSE,NYSE,USD,32.65999984741211,-0.2534660282077411,30.04723027778174,27.910786603216334,25.98390667713392,1.5709915489557105,1.3491336909169023,81.31104951902576,0.83,4.0,Quarterly,2026-02-10,0.025413349781928028,,0.12,0.1,-13.04
ARR,ARR,"ARMOUR Residential REIT, Inc.",NYSE,NYSE,USD,18.299999237060547,-0.2716371196689209,17.91337488270174,17.678934437508314,17.06308233752886,-0.022864052230211485,-0.026972694075653326,50.14574811433859,2.6399999999999997,11.0,Monthly,2026-01-15,0.1442623010963607,,0.27,0.27,0.62
ARR$C,ARR$C,"ARMOUR Residential REIT, Inc. 7% Series C Cumulative Redeemable Preferred Stock (liquidation preference $25.00 per share)",NYSE,NYSE,USD,,,,,,,,,,,,,,,,,
ARW,ARW,"Arrow Electronics, Inc. Common Stock",NYSE,NYSE,USD,156.19000244140625,-0.2354398187726845,139.79158144668668,127.17005249094325,119.4949192115636,11.027352175637418,8.815268055984902,89.40357025633921,,,,,,,5.39,5.45,1.17
ARX,ARX,Accelerant Holdings Class A Common Shares,NYSE,NYSE,USD,10.670000076293945,-0.644925113238117,12.652368483795971,13.955324705624767,18.330766427088975,-1.0978104956226247,-0.9006757045390593,8.423331605871837,,,,,,,,,
AS,AS,"Amer Sports, Inc. Ordinary Shares",NYSE,NYSE,USD,39.810001373291016,-0.32831518979616114,38.06053685776652,37.26424102179791,35.26980439644789,0.5176314822958261,0.22881955392787257,57.05968582898836,,,,,,,,,
ASA,ASA,ASA  Gold and Precious Metals Limited,NYSE,NYSE,USD,71.51000213623047,-0.19442597284907515,68.08354804276593,62.92943859903605,48.037392517359486,1.970412487064337,2.141045221382769,48.11551565715382,0.06,2.0,Semi-Annual,2025-11-12,0.0008390434653560311,,,,
ASAN,ASAN,"Asana, Inc. Class A Common Stock",NYSE,NYSE,USD,7.559999942779541,-0.6852941171756429,9.49893425837506,11.257289229520724,14.013398862810355,-1.2812416116760321,-1.113474849447332,7.8891318261283345,,,,,,,-0.32,-0.26,18.79
ASB,ASB,Associated Banc,NYSE,NYSE,USD,,,,,,,,,,,,,,,,,
ASB$E,ASB$E,Associated Banc,NYSE,NYSE,USD,,,,,,,,,,,,,,,,,
ASB$F,ASB$F,Associated Banc,NYSE,NYSE,USD,,,,,,,,,,,,,,,,,
ASBA,ASBA,Associated Banc,NYSE,NYSE,USD,,,,,,,,,,,,,,,,,
ASC,ASC,Ardmore Shipping Corporation Common Stock,NYSE,NYSE,USD,13.579999923706055,-0.22592594005443434,12.67868763703119,12.17905680019198,11.484711794820495,0.4653766500270926,0.3867995149341892,74.30168624630384,0.2,3.0,Irregular,2025-08-29,0.014727540583477333,,0.68,0.81,18.81
ASG,ASG,Liberty All,NYSE,NYSE,USD,,,,,,,,,,,,,,,,,
ASGI,ASGI,abrdn Global Infrastructure Income Fund Common Shares of Beneficial Interest,NYSE,NYSE,USD,25.639999389648438,-0.09516131298185548,23.526007560999048,22.64129494020006,21.139859571445047,0.7484593540667,0.5041136417385482,87.05880240999001,2.46,12.0,Monthly,2026-01-23,0.09594384003742093,,,,
ASGN,ASGN,ASGN Incorporated Common Stock,NYSE,NYSE,USD,,,,,,,,,,,,,,,,,
ASH,ASH,Ashland Inc. Common Stock,NYSE,NYSE,USD,,,,,,,,,,,,,,,,,
ASIC,ASIC,Ategrity Specialty Insurance Company Holdings Common Stock,NYSE,NYSE,USD,17.299999237060547,-0.3363047423734651,18.08706462372551,18.636071628301565,20.319079264178598,-0.35334395845983124,-0.3524226598841098,45.588222403841065,,,,,,,,,
ASIX,ASIX,AdvanSix Inc. Common Stock ,NYSE,NYSE,USD,18.649999618530273,-0.5299145248234652,17.814529504244216,17.478348935490672,19.78257744418614,0.44718153041707254,0.2702369359847395,67.41153914185634,0.64,4.0,Quarterly,2025-11-18,0.03431635458931102,,0.29,0.35,22.09
ASPN,ASPN,"Aspen Aerogels, Inc. Common Stock",NYSE,NYSE,USD,3.5299999713897705,-0.6791383195436203,3.4182379361843305,3.663437528634372,5.333369194225271,0.004599326448186947,-0.0007220551930759132,48.9247320097767,,,,,,,-0.3,-0.2,32.75
ASR,ASR,"Grupo Aeroportuario del Sureste, S.A. de C.V. Common Stock",NYSE,NYSE,USD,373.510009765625,-0.1487263811656132,355.82926679964646,338.07450472792857,318.6729692311066,12.630980229096338,11.19870708891769,71.11289213159952,25.714,1.0,Annual,2025-05-28,0.06884420585176648,,4.73,4.49,-5.07
ASX,ASX,"ASE Technology Holding Co., Ltd. American Depositary Shares (each representing Two Common Shares) ",NYSE,NYSE,USD,,,,,,,,,,,,,,,,,
ATEN,ATEN,"A10 Networks, Inc. Common Stock",NYSE,NYSE,USD,20.700000762939453,-0.31224015678141737,19.0421398724958,18.28306388981348,18.220416918245963,0.8161314972701632,0.5046916965314378,70.97242926686127,0.24,4.0,Quarterly,2026-02-13,0.011594202471223454,,0.18,0.17,-5.29
ATGE,ATGE,Adtalem Global Education Inc. Common Stock,NYSE,NYSE,USD,95.5199966430664,-0.421430868397511,104.05158131273056,107.29281319960681,113.89609449526479,-3.692774644178783,-1.7699343096734517,24.038452301333933,,,,,,,0.75,0.88,16.81
ATH$A,ATH$A,"Athene Holding Ltd. Depositary Shares, Each Representing a 1/1,000th Interest in a 6.35% Fixed",NYSE,NYSE,USD,,,,,,,,,,,,,,,,,
ATH$B,ATH$B,"Athene Holding Ltd. Depositary Shares, Each Representing a 1/1,000th Interest in a 5.625% Fixed Rate Perpetual Non",NYSE,NYSE,USD,,,,,,,,,,,,,,,,,
ATH$D,ATH$D,"Athene Holding Ltd. Depositary Shares, Each Representing a 1/1,000th Interest in a 4.875% Fixed",NYSE,NYSE,USD,,,,,,,,,,,,,,,,,
ATH$E,ATH$E,"Athene Holding Ltd. Depositary Shares, Each Representing a 1/1,000th Interest in a 7.750% Fixed",NYSE,NYSE,USD,,,,,,,,,,,,,,,,,
ATHM,ATHM,"Autohome Inc. American Depositary Shares, each representing four class A ordinary shares.",NYSE,NYSE,USD,,,,,,,,,,,,,,,,,
ATHS,ATHS,Athene Holding Ltd. 7.250% Fixed,NYSE,NYSE,USD,25.260000228881836,-0.06872582260670645,25.252067048940795,25.233089057255413,25.296052962169586,0.03382480464216897,0.034189802643617186,53.571516153906934,1.812,4.0,Quarterly,2025-12-15,0.071733966095859,,,,
ATI,ATI,ATI Inc. Common Stock,NYSE,NYSE,USD,,,,,,,,,,,,,,,,,
ATKR,ATKR,Atkore Inc. Common Stock,NYSE,NYSE,USD,66.66000366210938,-0.32383225908059854,68.05341074200346,67.43855511378982,66.5239201447638,-0.3852569568044544,0.17173106698895546,36.63896407028824,1.31,4.0,Quarterly,2025-12-05,0.01965196411689706,,5.08,5.52,8.63
ATMU,ATMU,Atmus Filtration Technologies Inc. Common Stock,NYSE,NYSE,USD,,,,,,,,,,,,,,,,,
ATO,ATO,Atmos Energy Corporation Common Stock,NYSE,NYSE,USD,,,,,,,,,,,,,,,,,
ATR,ATR,"AptarGroup, Inc. Common Stock",NYSE,NYSE,USD,,,,,,,,,,,,,,,,,
ATS,ATS,ATS Corporation Common Shares,NYSE,NYSE,USD,31.18000030517578,-0.2855205202320924,29.76663636658917,28.805740472191452,28.13035403405458,0.6138080204384906,0.4529015670461375,63.0581898821212,,,,,,,,,
AU,AU,AngloGold Ashanti PLC Ordinary Shares,NYSE,NYSE,USD,,,,,,,,,,,,,,,,,
AUB,AUB,Atlantic Union Bankshares Corporation Common Stock,NYSE,NYSE,USD,,,,,,,,,,,,,,,,,
AUB$A,AUB$A,Atlantic Union Bankshares Corporation Depositary Shares each representing a 1/400th ownership interest in a share of 6.875% Perpetual Non,NYSE,NYSE,USD,,,,,,,,,,,,,,,,,
AUNA,AUNA,Auna SA Class A Ordinary Shares,NYSE,NYSE,USD,4.960000038146973,-0.4804147384427422,4.877025306402411,4.971713321039834,5.861562069483876,-0.0205075298782198,-0.017176024431277588,30.434774882464055,,,,,,,0.57,0.12,-79.09
AVA,AVA,Avista Corporation Common Stock,NYSE,NYSE,USD,43.08000183105469,-0.16214944658569763,41.27383915060082,40.277502947140064,38.9514949153251,0.7362406881003025,0.6406478791426311,69.88796857627823,1.96,4.0,Quarterly,2025-11-24,0.04549674829835111,,0.13,-0.08,-160.72
AVAL,AVAL,Grupo Aval Acciones y Valores S.A. ADR (Each representing 20 preferred shares),NYSE,NYSE,USD,4.429999828338623,-0.29141105842418047,4.573321801487786,4.401292542112393,3.754728837859837,0.0238474939752793,0.0933058309095399,32.9545368340401,0.11,10.0,Irregular,2025-11-28,0.024830700736449725,,0.16,0.01,-94.37
AVB,AVB,"AvalonBay Communities, Inc. Common Stock",NYSE,NYSE,USD,176.19000244140625,-0.2559628394165667,176.55468160521605,178.5312557995435,188.91483976229773,-0.9201880885401295,-1.2022858316229494,48.067513389692785,7.0,4.0,Quarterly,2025-12-31,0.039729836557144724,,1.13,1.05,-7.2
AVBC,AVBC,"Avidia Bancorp, Inc. Common Stock",NYSE,NYSE,USD,,,,,,,,,,,,,,,,,
AVD,AVD,American Vanguard Corporation Common Stock ($0.10 Par Value),NYSE,NYSE,USD,5.28000020980835,-0.3901996813931745,4.904849132577865,4.65741675790864,4.6963423734272824,0.23332235561010073,0.22664535342058686,72.32143085221878,,,,,,,0.26,0.23,-11.54
AVK,AVK,Advent Convertible and Income Fund,NYSE,NYSE,USD,12.65999984741211,-0.18551665907632953,12.702454132246892,12.675611466411834,12.457216111098964,-0.0001625569476519928,0.008868735222554991,44.56519710995242,1.4040000000000001,12.0,Monthly,2026-02-13,0.11090047527030567,,,,
AVNS,AVNS,"Avanos Medical, Inc. Common Stock",NYSE,NYSE,USD,,,,,,,,,,,,,,,,,
AVNT,AVNT,Avient Corporation Common Stock,NYSE,NYSE,USD,,,,,,,,,,,,,,,,,
AVTR,AVTR,"Avantor, Inc. Common Stock",NYSE,NYSE,USD,9.199999809265137,-0.4885282644611868,10.834313854507357,11.377180129898369,12.79545765590168,-0.5184267351585543,-0.28924307346140643,22.736829551628333,,,,,,,0.33,0.34,3.17
AVY,AVY,Avery Dennison Corporation Common Stock,NYSE,NYSE,USD,195.8000030517578,-0.1621535113560556,189.66092564983464,184.70318541716978,178.0905091693881,2.778350207725083,2.254764739333954,66.83148456118093,3.6999999999999997,4.0,Quarterly,2025-12-03,0.018896833209047198,,2.46,2.46,-0.13
AWF,AWF,Alliancebernstein Global High Income Fund,NYSE,NYSE,USD,,,,,,,,,,,,,,,,,
AWI,AWI,Armstrong World Industries Inc Common Stock,NYSE,NYSE,USD,200.27999877929688,-0.1821778553895519,194.22286357886756,192.04893294394046,182.49253774356194,2.377959437187485,1.0902634973064897,69.24680832506569,1.263,4.0,Quarterly,2025-11-06,0.006306171398531871,,1.47,1.36,-7.54
AWK,AWK,"American Water Works Company, Inc. Common Stock",NYSE,NYSE,USD,133.5,-0.1909055572776418,127.84437921769397,129.61098710842256,133.87967144439673,-0.7810183954468926,-1.2098605796339437,54.93914507098558,3.312,4.0,Quarterly,2026-02-10,0.024808988764044942,,1.65,1.7,2.76
AWP,AWP,abrdn Global Premier Properties Fund Common Shares of Beneficial Interest,NYSE,NYSE,USD,,,,,,,,,,,,,,,,,
AWR,AWR,American States Water Company Common Stock,NYSE,NYSE,USD,74.88999938964844,-0.13776142874812058,72.56794592096735,73.03083766955928,74.13074422060376,-0.29308212616084006,-0.4561123232131906,56.08918406072107,1.94,4.0,Quarterly,2025-11-14,0.025904660379369074,,0.53,0.93,77.14
AX,AX,"Axos Financial, Inc. Common Stock",NYSE,NYSE,USD,97.27999877929688,-0.19829305599237368,95.70599339775094,91.7955194313642,83.80481080070221,1.740734874242321,2.181399253921884,57.899094411133746,,,,,,,1.12,0.97,-13.52
AXIA,AXIA,AXIA Energia American Depositary Shares (Each representing one Common Share),NYSE,NYSE,USD,11.210000038146973,-0.29086532803799536,10.746316527910176,10.473340996812732,9.351769817937921,0.34078898582965067,0.24450082660761757,66.03175160626023,0.8360000000000001,3.0,Irregular,2025-11-17,0.074576270932662,,,,
AXIA$,AXIA$,AXIA Energia American Depositary Shares (Each representing one Preferred Share),NYSE,NYSE,USD,,,,,,,,,,,,,,,,,
AXL,AXL,"American Axle & Manufacturing Holdings, Inc. Common Stock",NYSE,NYSE,USD,7.25,-0.47278914212617795,8.067592549834794,7.475724448516696,6.205127151787489,0.23725853224361515,0.3472482281286599,41.176474025642385,,,,,,,0.24,0.27,13.33
AXP,AXP,American Express Company Common Stock,NYSE,NYSE,USD,,,,,,,,,,,,,,,,,
AXR,AXR,AMREP Corporation Common Stock,NYSE,NYSE,USD,,,,,,,,,,,,,,,,,
AXS,AXS,Axis Capital Holdings Limited Common Stock,NYSE,NYSE,USD,101.8499984741211,-0.1746937272221405,103.34820530193855,102.81075417537431,99.32121727442137,-0.20134077910333303,0.09981656816608359,45.46120708673776,0.88,2.0,Semi-Annual,2025-06-30,0.008640157223208971,,1.76,1.95,10.78
AXS$E,AXS$E,"Axis Capital Holdings Limited Depositary Shares, each representing 1/100th interest in a share of a 5.50% Series E Preferred Shares",NYSE,NYSE,USD,,,,,,,,,,,,,,,,,
AXTA,AXTA,Axalta Coating Systems Ltd. Common Shares,NYSE,NYSE,USD,,,,,,,,,,,,,,,,,
AYI,AYI,Acuity Inc. Common Stock,NYSE,NYSE,USD,,,,,,,,,,,,,,,,,
AZO,AZO,"AutoZone, Inc. Common Stock",NYSE,NYSE,USD,3858.159912109375,-0.2548191329586197,3681.267841037064,3652.7788312026905,3729.2226885191694,56.01829710895072,46.36847013271333,55.21871533444969,,,,,,,25.27,27.45,8.62
AZZ,AZZ,AZZ Inc.,NYSE,NYSE,USD,140.24000549316406,-0.23664276133372697,128.8154484408719,120.16327933180982,108.50871548337182,5.654577978575958,4.738756479395453,90.18777972193915,0.77,4.0,Quarterly,2026-02-05,0.00549058734911083,,0.79,0.88,11.86
B,B,Barrick Mining Corporation Common Shares,NYSE,NYSE,USD,47.90999984741211,-0.17006414494870503,47.402312262689655,45.29516070008209,34.599448999583466,-0.03540220609829703,0.35362198831027514,42.535329355644386,0.525,4.0,Quarterly,2025-11-28,0.010958046371781783,,0.4,0.41,3.38
BA,BA,Boeing Company (The) Common Stock,NYSE,NYSE,USD,242.9600067138672,-0.26623690133534694,238.78325862441966,229.63260163092517,213.89789500459213,2.9617727288774063,3.9770265871459705,43.52664616993698,,,,,,,0.07,-6.18,-8858.5
BA$A,BA$A,"Boeing Company (The) Depositary Shares, each representing a 1/20th interest in a share of 6.00% Series A Mandatory Convertible Preferred Stock, par value $1.00",NYSE,NYSE,USD,,,,,,,,,,,,,,,,,
BABA,BABA,Alibaba Group Holding Limited American Depositary Shares each representing eight Ordinary share,NYSE,NYSE,USD,,,,,,,,,,,,,,,,,
BAC,BAC,Bank of America Corporation Common Stock,NYSE,NYSE,USD,,,,,,,,,,,,,,,,,
BAC$B,BAC$B,"Bank of America Corporation Depositary Shares, each representing a 1/1,000th interest in a share of 6.000% Non",NYSE,NYSE,USD,,,,,,,,,,,,,,,,,
BAC$E,BAC$E,Bank of America Corporation Depositary Sh repstg 1/1000th Perp Pfd Ser E,NYSE,NYSE,USD,,,,,,,,,,,,,,,,,
BAC$K,BAC$K,"Bank of America Corporation Depositary Shares, each representing a 1/1,000th interest in a share of 5.875% Non",NYSE,NYSE,USD,,,,,,,,,,,,,,,,,
BAC$L,BAC$L,Bank of America Corporation Non Cumulative Perpetual Conv Pfd Ser L,NYSE,NYSE,USD,,,,,,,,,,,,,,,,,
BAC$M,BAC$M,"Bank of America Corporation Depositary Shares, each representing a 1/1,000th interest in a share of 5.375% Non",NYSE,NYSE,USD,,,,,,,,,,,,,,,,,
BAC$N,BAC$N,"Bank of America Corporation Depositary shares, each representing 1/1,000th interest in a share of 5.000% Non",NYSE,NYSE,USD,,,,,,,,,,,,,,,,,
BAC$O,BAC$O,"Bank of America Corporation Depositary shares, each representing 1/1,000th interest in a share of 4.375% Non",NYSE,NYSE,USD,,,,,,,,,,,,,,,,,
BAC$P,BAC$P,"Bank of America Corporation Depositary Shares, each representing a 1/1,000th interest in a share of 4.125% Non",NYSE,NYSE,USD,,,,,,,,,,,,,,,,,
BAC$Q,BAC$Q,"Bank of America Corporation Depositary shares, each representing 1/1,000th interest in a share of 4.250% Non",NYSE,NYSE,USD,,,,,,,,,,,,,,,,,
BAC$S,BAC$S,"Bank of America Corporation Depositary shares, each representing 1/1,000th interest in a share of 4.750% Non",NYSE,NYSE,USD,,,,,,,,,,,,,,,,,
BAH,BAH,Booz Allen Hamilton Holding Corporation Common Stock,NYSE,NYSE,USD,79.31999969482422,-0.3991055683695862,86.97756780457208,89.00350026013191,97.45571343300196,-2.5462333010697478,-1.233071727225521,29.57786012678828,2.24,4.0,Quarterly,2026-02-13,0.028240040451565515,,1.13,1.34,18.61
BAK,BAK,Braskem SA ADR,NYSE,NYSE,USD,3.8299999237060547,-0.4859611110985236,3.6291192943138695,3.324542144881429,3.2902455620334954,0.200825923632157,0.18914280897464442,52.674894494875915,,,,,,,-0.45,-0.39,13.78
BALL,BALL,Ball Corporation Common Stock,NYSE,NYSE,USD,67.29000091552734,-0.2226130778172034,62.04615757343529,57.16133325363518,53.10760059856793,3.5849439608021356,2.9925252042329133,84.95144860557264,0.8,4.0,Quarterly,2025-12-01,0.011888839190302314,,0.8,0.75,-6.08
BALY,BALY,Bally's Corporation Common Stock,NYSE,NYSE,USD,13.90999984741211,-0.5304162060718216,15.05923622766731,15.669095692636681,14.52017660357596,-0.6422416001832563,-0.5303608329754355,29.940112664940727,,,,,,,0.3,0.01,-96.67
BAM,BAM,Brookfield Asset Management Inc Class A Limited Voting Shares,NYSE,NYSE,USD,,,,,,,,,,,,,,,,,
BANC,BANC,"Banc of California, Inc. Common Stock",NYSE,NYSE,USD,,,,,,,,,,,,,,,,,
BANC$F,BANC$F,"Banc of California, Inc. Depositary Shares, each representing a 1/40th interest in a share of 7.75% non",NYSE,NYSE,USD,,,,,,,,,,,,,,,,,
BAP,BAP,Credicorp Ltd. Common Stock,NYSE,NYSE,USD,,,,,,,,,,,,,,,,,
BARK,BARK,"BARK, Inc. Class A Common Stock",NYSE,NYSE,USD,0.7839999794960022,-0.7258883179617899,0.8114751080675231,0.7809332368269489,0.9382129041637371,0.007784757344721727,0.025878789116641005,26.492529180698597,,,,,,,-0.07,-0.03,60.0
BARK.W,BARK.W,"BARK, Inc. Redeemable Warrants, each whole warrant exercisable for shares of Common Stock at an exercise price of $11.50 per share",NYSE,NYSE,USD,,,,,,,,,,,,,,,,,
BAX,BAX,Baxter International Inc. Common Stock,NYSE,NYSE,USD,19.790000915527344,-0.5236532616444235,20.443597730183594,20.166338009050836,23.195646763269824,0.2600835546276876,0.3475954628621324,50.886083773129904,0.52,4.0,Quarterly,2025-11-28,0.026275895702056545,,0.82,0.82,0.61
BB,BB,BlackBerry Limited Common Stock,NYSE,NYSE,USD,3.4600000381469727,-0.5271828987817715,3.5956314204315136,3.8298463248360894,4.181566155973997,-0.1313810921839904,-0.1310591688740411,29.411756456098985,,,,,,,-0.07,-0.05,28.57
BBAI,BBAI,"BigBear.ai, Inc. Common Stock",NYSE,NYSE,USD,4.079999923706055,-0.7350332612403517,4.971518521589666,5.548812057409981,6.041547641492973,-0.46582799631815863,-0.3681575680284926,31.531529306213613,,,,,,,-0.08,-0.45,-429.41
BBAI.W,BBAI.W,"BigBear.ai, Inc. Redeemable Warrants, each exercisable for one share of Common Stock at an exercise price of $11.50 per share",NYSE,NYSE,USD,,,,,,,,,,,,,,,,,
BBAR,BBAR,Banco BBVA Argentina S.A. ADS,NYSE,NYSE,USD,,,,,,,,,,,,,,,,,
BBBY,BBBY,"Bed Bath & Beyond, Inc. Common Stock",NYSE,NYSE,USD,4.989999771118164,-0.5978530120870938,5.786474440615602,6.256295381746011,7.179390021419481,-0.37633744885116993,-0.23320347500122157,21.739134297896683,,,,,,,0.2,0.38,87.83
BBBY.W,BBBY.W,"Bed Bath & Beyond, Inc. Warrants to Purchase Common Stock",NYSE,NYSE,USD,,,,,,,,,,,,,,,,,
BBD,BBD,Banco Bradesco Sa American Depositary Shares,NYSE,NYSE,USD,,,,,,,,,,,,,,,,,
BBDC,BBDC,"Barings BDC, Inc. Common Stock",NYSE,NYSE,USD,,,,,,,,,,,,,,,,,
BBDO,BBDO,Banco Bradesco Sa American Depositary Shares (each representing one Common Share),NYSE,NYSE,USD,3.569999933242798,-0.14436614781801238,3.4893612382395034,3.282339620085634,2.8633232421817065,0.1269296072122028,0.13709460082317193,54.94504717147971,0.10300000000000001,8.0,Irregular,2025-08-05,0.02885154115575579,,0.15,0.16,3.27
BBN,BBN,BlackRock Taxable Municipal Bond Trust Common Shares of Beneficial Interest,NYSE,NYSE,USD,16.579999923706055,-0.09123014782906336,16.40226199200664,16.508994443697443,16.513032892025993,0.006546208925115593,-0.051365244640654964,70.93025318926207,1.158,12.0,Monthly,2026-02-13,0.06984318488109843,,,,
BBT,BBT,Beacon Financial Corporation Common stock,NYSE,NYSE,USD,30.68000030517578,-0.22293857644736992,29.685527653788643,28.14983098604356,26.675498324481318,1.010920124432083,0.9402574212865139,69.268300701129,1.186,5.0,Irregular,2026-02-13,0.03865710522173363,,,,
BBU,BBU,Brookfield Business Partners L.P. Limited Partnership Units ,NYSE,NYSE,USD,,,,,,,,,,,,,,,,,
BBUC,BBUC,Brookfield Business Corporation Class A Exchangeable Subordinate Voting Shares,NYSE,NYSE,USD,,,,,,,,,,,,,,,,,
BBVA,BBVA,Banco Bilbao Vizcaya Argentaria S.A. Common Stock,NYSE,NYSE,USD,22.729999542236328,-0.1975725097942932,24.302957937548282,23.550440501447447,19.847617405800165,-0.05697669265576977,0.278264046244905,34.15783629024668,0.458,1.0,Annual,2025-04-09,0.02014958245595015,,0.16,0.24,47.5
BBW,BBW,Build,NYSE,NYSE,USD,50.13999938964844,-0.3791693988147632,56.82985209556282,58.17842165558386,54.28484230418336,-2.953652013239889,-1.5373103550437677,19.261823086486046,0.88,4.0,Quarterly,2025-11-26,0.017550857812369237,,0.38,0.51,34.21
BBWI,BBWI,"Bath & Body Works, Inc.",NYSE,NYSE,USD,,,,,,,,,,,,,,,,,
BBY,BBY,"Best Buy Co., Inc. Common Stock",NYSE,NYSE,USD,65.80000305175781,-0.3834248176754733,67.17487560282689,69.37040021364355,73.58262458990329,-0.7262495387031862,-0.8351768341721285,47.14715788026669,3.8,4.0,Quarterly,2025-12-16,0.057750757199979866,,1.03,1.38,33.71
BC,BC,Brunswick Corporation Common Stock,NYSE,NYSE,USD,87.04000091552734,-0.36062825351553607,85.3764964119435,80.67264781724097,69.59042979383482,1.6094950575097897,1.8716414816953342,53.603376360579645,1.72,4.0,Quarterly,2025-11-26,0.019761029203908976,,2.64,2.67,1.04
BC$C,BC$C,Brunswick Corporation 6.375% Notes due 2049,NYSE,NYSE,USD,,,,,,,,,,,,,,,,,
BCAT,BCAT,BlackRock Capital Allocation Term Trust Common Shares of Beneficial Interest,NYSE,NYSE,USD,14.949999809265137,-0.15167098629228049,14.801085107947673,14.63516911063153,14.727263627415313,0.1469621054527419,0.11643802951928317,59.72220290592211,3.265,12.0,Monthly,2026-02-13,0.21839465161575078,,,,
BCC,BCC,"Boise Cascade, L.L.C. Common Stock",NYSE,NYSE,USD,86.5,-0.45679518879568537,85.60307516322088,81.51271005675888,84.54720528170508,2.496375043151147,2.535147403075917,57.07116253216475,0.86,4.0,Quarterly,2025-12-01,0.009942196531791908,,1.67,2.43,45.67
BCE,BCE,"BCE, Inc. Common Stock",NYSE,NYSE,USD,,,,,,,,,,,,,,,,,
BCH,BCH,Banco De Chile ADS,NYSE,NYSE,USD,,,,,,,,,,,,,,,,,
BCO,BCO,Brinks Company (The) Common Stock,NYSE,NYSE,USD,130.69000244140625,-0.1477827730982908,127.56264534680649,123.07723825008989,110.94416682179256,2.3967174951492325,2.350677988409451,63.37466197873164,1.02,4.0,Quarterly,2026-02-02,0.007804728601618233,,1.31,1.34,2.68
BCS,BCS,Barclays PLC Common Stock,NYSE,NYSE,USD,25.309999465942383,-0.21907694889948914,26.139407878331333,25.235279869850526,21.614398929696446,0.09754954064576893,0.3222312870309076,42.721092778079665,0.43400000000000005,2.0,Semi-Annual,2025-08-08,0.01714737294182873,,,,
BCSF,BCSF,"Bain Capital Specialty Finance, Inc. Common Stock",NYSE,NYSE,USD,13.5600004196167,-0.33213948023977746,13.439876564652678,13.64132555267688,14.564345052235117,-0.06549701895460203,-0.1324660686057132,53.38645539426261,1.93218,5.0,Irregular,2025-12-31,0.1424911460330631,,0.4,0.49,22.27
BCSS,BCSS,Bain Capital GSS Investment Corp. Class A Ordinary Shares,NYSE,NYSE,USD,10.149999618530273,-0.005928801049494115,10.16135624956746,10.136884639004217,10.101162217493618,0.010352330280749555,0.012777839341239616,50.0,,,,,,,,,
BCSS.U,BCSS.U,"Bain Capital GSS Investment Corp. Units, each consisting of one Class A Ordinary Share and one",NYSE,NYSE,USD,,,,,,,,,,,,,,,,,
BCSS.W,BCSS.W,"Bain Capital GSS Investment Corp. Redeemable warrants, each whole warrant exercisable for one Class A ordinary share at an exercise price of $11.50",NYSE,NYSE,USD,,,,,,,,,,,,,,,,,
BCX,BCX,BlackRock Resources Common Shares of Beneficial Interest,NYSE,NYSE,USD,13.149999618530273,-0.1516437178046438,12.555415628483447,11.788051388897715,10.49873785577004,0.4241979770574389,0.4070607203451635,59.870541072639405,0.8400000000000001,12.0,Monthly,2026-02-13,0.06387832884925085,,,,
BDC,BDC,Belden Inc Common Stock,NYSE,NYSE,USD,149.6199951171875,-0.2434639055675364,131.6780818854709,124.27941400507885,119.125955393959,7.717126145088059,4.826472794678643,91.02955203950175,0.2,4.0,Quarterly,2025-12-11,0.001336719733504557,,1.56,1.77,13.21
BDJ,BDJ,Blackrock Enhanced Equity Dividend Trust,NYSE,NYSE,USD,9.479999542236328,-0.14988811394253776,9.56603475475496,9.434844596456676,9.109012128679206,0.04345082567510694,0.06555329611327826,50.0,0.857,12.0,Monthly,2026-02-13,0.09040084824707006,,,,
BDN,BDN,Brandywine Realty Trust Common Stock,NYSE,NYSE,USD,,,,,,,,,,,,,,,,,
BDX,BDX,"Becton, Dickinson and Company Common Stock",NYSE,NYSE,USD,175.88999938964844,-0.28851461917889776,165.9670583379419,160.00560488560646,155.05727315445495,4.580812503534332,2.9227295491010987,71.10338555477807,3.278302,4.0,Quarterly,2025-12-08,0.018638364951821907,,2.74,2.86,4.24
BE,BE,Bloom Energy Corporation Class A Common Stock,NYSE,NYSE,USD,139.74000549316406,-0.45936641244282106,144.06874200517433,129.03916838675397,86.9868157962091,5.814525163566884,8.842490519927788,50.043262573401975,,,,,,,-0.06,-0.2,-228.25
BEDU,BEDU,"Bright Scholar Education Holdings Limited American Depositary Shares, each  representing four Class A Ordinary Share",NYSE,NYSE,USD,2.25,-0.2347423174530997,2.1978541025908305,2.1282395074288964,1.8932783611932578,0.025523324501615985,0.02221193931154698,72.63906088313627,,,,,,,0.14,-1.2,-957.14
BEKE,BEKE,KE Holdings Inc American Depositary Shares (each representing three Class A Ordinary Shares),NYSE,NYSE,USD,17.549999237060547,-0.3782383305461767,18.108758111628642,17.69723144928816,18.230191400973325,0.23000903316463095,0.36180190047425365,44.46460640785814,0.36,1.0,Annual,2025-04-09,0.020512821404560726,,0.88,1.57,79.07
BEN,BEN,"Franklin Resources, Inc. Common Stock",NYSE,NYSE,USD,27.030000686645508,-0.2043935328313078,26.628462138265135,25.416178146382958,23.64883195178288,0.700236841543127,0.7199374624120699,62.71479391942268,1.29,4.0,Quarterly,2025-12-30,0.04772474906511341,,0.67,0.78,15.66
BEP,BEP,Brookfield Renewable Partners L.P. Limited Partnership Units,NYSE,NYSE,USD,31.770000457763672,-0.15387056824344447,29.8576746951549,28.886674056300432,26.96637733343347,0.8878918954515811,0.6784001671304565,76.51515764529087,0.746,2.0,Semi-Annual,2025-05-30,0.02348127130157781,,,-0.03,-757.14
BEP$A,BEP$A,"Brookfield Renewable Partners L.P. 5.25% Class A Preferred Limited Partnership Units, Series 17",NYSE,NYSE,USD,,,,,,,,,,,,,,,,,
BEPC,BEPC,Brookfield Renewable Corporation Brookfield Renewable Corporation Class A Subordinate Voting Shares,NYSE,NYSE,USD,43.84000015258789,-0.16615597305657448,41.47193612409988,40.37068923060695,36.78687640514305,1.0544517679726297,0.7600246941372772,70.00000337583852,1.492,4.0,Quarterly,2025-11-28,0.03403284659687499,,-0.11,-0.25,-127.27
BEPH,BEPH,Brookfield BRP Holdings (Canada) Inc. 4.625% Perpetual Subordinated Notes,NYSE,NYSE,USD,,,,,,,,,,,,,,,,,
BEPI,BEPI,Brookfield BRP Holdings (Canada) Inc. 4.875% Perpetual Subordinated Notes,NYSE,NYSE,USD,16.097999572753906,-0.13491122984826875,16.036217958125267,16.133722319293742,16.28169612893893,-0.0321191652682451,-0.04570365770738684,60.42218417023247,1.22,4.0,Quarterly,2026-01-15,0.0757858139134795,,,,
BEPJ,BEPJ,Brookfield BRP Holdings (Canada) Inc. 7.250% Perpetual Subordinated Notes,NYSE,NYSE,USD,24.8799991607666,-0.13863368459891845,24.908615566278144,25.032854561043536,24.888381803887917,-0.06681068887817787,-0.08833676380440061,44.573605014098085,1.812,4.0,Quarterly,2026-01-15,0.07282958445020175,,,,
BETA,BETA,"Beta Technologies, Inc. Class A Common Stock",NYSE,NYSE,USD,17.450000762939453,-0.5706521598287698,20.71641834553063,24.954114315551454,31.167531897342563,-2.7767883378221754,-2.663943434305832,25.515279057891632,,,,,,,,,
BF.A,BF.A,Brown Forman Inc Class A Common Stock,NYSE,NYSE,USD,,,,,,,,,,,,,,,,,
BF.B,BF.B,Brown Forman Inc Class B Common Stock,NYSE,NYSE,USD,,,,,,,,,,,,,,,,,
BFAM,BFAM,Bright Horizons Family Solutions Inc. Common Stock,NYSE,NYSE,USD,66.9000015258789,-0.4912547412480691,87.43684481656352,94.07491054153625,106.45197295948552,-5.435357574834256,-3.778787244514408,14.289688372120693,,,,,,,0.64,0.66,3.2
BFH,BFH,"Bread Financial Holdings, Inc. Common Stock",NYSE,NYSE,USD,,,,,,,,,,,,,,,,,
BFH$A,BFH$A,"Bread Financial Holdings, Inc. Depositary Shares, each representing a 1/40th interest in a share of 8.625% Non",NYSE,NYSE,USD,,,,,,,,,,,,,,,,,
BFK,BFK,BlackRock Municipal Income Trust,NYSE,NYSE,USD,10.09000015258789,-0.10068424037739776,10.085546749495096,10.035599483909664,9.945276767626792,0.027265218742487107,0.03391099441076295,47.50006556501547,0.6000000000000001,12.0,Monthly,2026-02-06,0.059464815750881,,,,
BFLY,BFLY,"Butterfly Network, Inc. Class A Common Stock",NYSE,NYSE,USD,3.0399999618530273,-0.7240663909651035,3.653492128426382,3.582626526473158,3.021523154613461,-0.21656135606345073,-0.08285387644208637,16.746432278892556,,,,,,,-0.27,-0.18,33.33
BFLY.W,BFLY.W,"Butterfly Network, Inc. Warrants",NYSE,NYSE,USD,,,,,,,,,,,,,,,,,
BFS,BFS,"Saul Centers, Inc. Common Stock",NYSE,NYSE,USD,34.41999816894531,-0.20934579420212884,33.18300455649362,32.259756909598046,32.531568278311745,0.7865175607809789,0.5876256357590809,75.98037550453571,2.36,4.0,Quarterly,2026-01-15,0.06856479156147248,,,0.4,
BFS$D,BFS$D,"Saul Centers, Inc. Depositary Shares, each representing 1/100th of a share of 6.125% Series D Cumulative Redeemable Preferred Stock",NYSE,NYSE,USD,,,,,,,,,,,,,,,,,
BFS$E,BFS$E,"Saul Centers, Inc. Depositary shares, each representing a 1/100th fractional interest in a share of 6.000% Series E Cumulative Redeemable Preferred Stock",NYSE,NYSE,USD,,,,,,,,,,,,,,,,,
BFZ,BFZ,BlackRock California Municipal Income Trust,NYSE,NYSE,USD,,,,,,,,,,,,,,,,,
BG,BG,Bunge Limited Common Shares,NYSE,NYSE,USD,122.52999877929688,-0.15391746600816425,114.69373902050214,105.95092023231227,91.33368129217958,5.274333384981659,5.171857242523718,70.6698459447048,2.78,4.0,Quarterly,2025-11-17,0.02268832145348653,,3.26,2.97,-8.82
BGB,BGB,Blackstone Strategic Credit 2027 Term Fund Common Shares of Beneficial Interest,NYSE,NYSE,USD,,,,,,,,,,,,,,,,,
BGH,BGH,Barings Global Short Duration High Yield Fund Common Shares of Beneficial Interests,NYSE,NYSE,USD,14.949999809265137,-0.16177389853596402,15.006871889094652,15.092879261862238,15.315958783770503,-0.057385805054121164,-0.04634021648790869,42.18746274706149,1.705,12.0,Monthly,2026-01-21,0.11404682419750538,,,,
BGR,BGR,BlackRock Energy and Resources Trust,NYSE,NYSE,USD,14.960000038146973,-0.18862489710582164,14.813744830852318,14.365629603678371,13.716898328590808,0.21527817470757782,0.26089361719520776,51.15606793025721,1.1640000000000001,12.0,Monthly,2026-02-13,0.0778074864326123,,,,
BGS,BGS,"B&G Foods, Inc. Common Stock",NYSE,NYSE,USD,5.230000019073486,-0.5019059551084771,4.761327854532822,4.574722365388489,4.726861892235658,0.2187633564377638,0.1355813580344804,80.98593866795792,0.76,4.0,Quarterly,2025-12-31,0.14531548704174513,,0.22,0.4,84.12
BGSF,BGSF,"BGSF, Inc. Common Stock",NYSE,NYSE,USD,,,,,,,,,,,,,,,,,
BGSI,BGSI,Boyd Group Services Inc. Common Shares,NYSE,NYSE,USD,169.0399932861328,-0.09662021914354368,169.41767762902663,165.14743562185703,160.60460073230664,3.225004380232633,3.123256196488402,51.98724293555179,,,,,,,,,
BGT,BGT,BlackRock Floating Rate Income Trust,NYSE,NYSE,USD,11.329999923706055,-0.1445312776486385,11.42626248302011,11.467183489061663,11.8752653508105,-0.020904792305767472,-0.007144764892071386,34.999964237093764,1.44,12.0,Monthly,2026-02-13,0.127096205621948,,,,
BGX,BGX,Blackstone Long Short Credit Income Fund Common Shares,NYSE,NYSE,USD,11.289999961853027,-0.14992269268109482,11.439736363459843,11.599129759488532,11.980969085840146,-0.11413421691028525,-0.09393649981223277,18.750012417621505,1.034,12.0,Monthly,2025-12-31,0.09158547418013363,,,,
BGY,BGY,Blackrock Enhanced International Dividend Trust,NYSE,NYSE,USD,6.110000133514404,-0.15000005754931034,6.051715709856802,5.947220661330388,5.7956715886278305,0.06828452099391136,0.060635849634279086,63.79312187538281,0.516,12.0,Monthly,2026-02-13,0.08445171664885096,,,,
BH,BH,Biglari Holdings Inc. Class B Common Stock,NYSE,NYSE,USD,396.75,-0.27013330078125,403.770308960612,385.0091145583358,330.0389314414719,3.1206845254299083,6.447426060722387,48.71446732018101,,,,,,,,,
BH.A,BH.A,Biglari Holdings Inc. Class A Common Stock,NYSE,NYSE,USD,,,,,,,,,,,,,,,,,
BHC,BHC,Bausch Health Companies Inc. Common Stock,NYSE,NYSE,USD,5.989999771118164,-0.4389610027699905,6.119109872748106,6.445376632349477,6.459754112917706,-0.23811071235523507,-0.2848619109947579,56.55171053021011,,,,,,,0.84,0.76,-9.7
BHE,BHE,"Benchmark Electronics, Inc. Common Stock",NYSE,NYSE,USD,59.22999954223633,-0.23656422639444596,54.461892619995574,50.03292353625031,44.042878799181146,3.18042034341763,2.763085693636623,89.080915635255,0.68,4.0,Quarterly,2025-12-31,0.011480668668840673,,0.52,0.57,9.09
BHK,BHK,Blackrock Core Bond Trust,NYSE,NYSE,USD,9.65999984741211,-0.14454546841708094,9.604998236510157,9.607190161654001,9.797274521466054,0.02058831962036045,0.002965860018416447,60.00008477162524,0.895158,12.0,Monthly,2026-02-13,0.09266646109107451,,,,
BHP,BHP,BHP Group Limited American Depositary Shares (Each representing two Ordinary Shares),NYSE,NYSE,USD,73.37999725341797,-0.22817116197243925,69.95026752095015,65.36600090109455,57.763255229331044,2.6084624243363095,2.534600277402821,61.44431938023491,1.0,1.0,Annual,2025-03-07,0.013627691979143826,,0.16,,
BHR,BHR,Braemar Hotels & Resorts Inc. Common Stock,NYSE,NYSE,USD,2.990000009536743,-0.38741720677948766,2.9338976306351094,2.864979663612798,2.6854053498178536,0.03976292677386706,0.026811747055732894,55.555562914155814,0.2,4.0,Quarterly,2025-12-31,0.06688963189367585,,-0.18,-0.19,-5.56
BHR$B,BHR$B,"Braemar Hotels & Resorts Inc. 5.50% Series B Cumulative Convertible Preferred Stock, par value $0.01 per share",NYSE,NYSE,USD,,,,,,,,,,,,,,,,,
BHR$D,BHR$D,"Braemar Hotels & Resorts Inc. 8.25% Series D Cumulative Preferred Stock,  par value $0.01 per share",NYSE,NYSE,USD,,,,,,,,,,,,,,,,,
BHV,BHV,BlackRock Virginia Municipal Bond Trust,NYSE,NYSE,USD,,,,,,,,,,,,,,,,,
BHVN,BHVN,Biohaven Ltd. Common Shares ,NYSE,NYSE,USD,,,,,,,,,,,,,,,,,
BILL,BILL,"BILL Holdings, Inc. Common Stock",NYSE,NYSE,USD,46.9900016784668,-0.4056305009041399,46.42229409796517,48.498274112634796,49.5921682721026,-0.9650530900894196,-1.7555385609137448,46.53959359931734,,,,,,,0.06,0.14,140.59
BIO,BIO,Bio,NYSE,NYSE,USD,,,,,,,,,,,,,,,,,
BIO.B,BIO.B,Bio,NYSE,NYSE,USD,,,,,,,,,,,,,,,,,
BIP,BIP,Brookfield Infrastructure Partners LP Limited Partnership Units,NYSE,NYSE,USD,38.75,-0.19384706869337842,37.01508136824483,35.80128066398148,33.89937647499947,1.0683869704507956,0.8022158464966258,84.12098285045091,1.29,3.0,Irregular,2025-08-29,0.03329032258064516,,0.11,0.13,21.87
BIP$A,BIP$A,"Brookfield Infrastructure Partners LP 5.125% Class A Preferred Limited Partnership Units, Series 13",NYSE,NYSE,USD,,,,,,,,,,,,,,,,,
BIP$B,BIP$B,"Brookfield Infrastructure Partners LP 5.000% Class A Preferred Limited Partnership Units, Series 14",NYSE,NYSE,USD,,,,,,,,,,,,,,,,,
BIPC,BIPC,Brookfield Infrastructure Corporation Brookfield Infrastructure Corporation,NYSE,NYSE,USD,49.560001373291016,-0.23366892428392927,48.35141980343884,46.729973820876786,43.70130828925304,1.304730040307902,1.1065613216429786,72.79413561980262,1.72,4.0,Quarterly,2025-11-28,0.034705406625088316,,,,
BIPH,BIPH,Brookfield Infrastructure Corporation 5.000% Subordinated Notes due 2081,NYSE,NYSE,USD,,,,,,,,,,,,,,,,,
BIPI,BIPI,BIP Bermuda Holdings I Limited 5.125% Perpetual Subordinated Notes,NYSE,NYSE,USD,17.040000915527344,-0.1249299971010438,16.971948775583,17.01984940583599,17.15604837022086,0.0061643354579423715,0.0031102078027441717,46.57534843110742,0.32,1.0,Annual,2025-03-14,0.018779341714025774,,,,
BIPJ,BIPJ,Brookfield Infrastructure Corporation 7.250% Subordinated Notes due 2084,NYSE,NYSE,USD,24.790000915527344,-0.1565217076636064,24.789014960956393,24.834767038050476,24.70108310285981,0.007674406301610759,-0.011838472717974346,51.61293725010042,1.812,4.0,Quarterly,2025-12-16,0.07309398681244278,,,,
BIRK,BIRK,Birkenstock Holding plc Ordinary Shares,NYSE,NYSE,USD,39.79999923706055,-0.35615249506651225,39.317952660693,40.613501337593505,44.97472067303007,-0.47210104875028946,-0.8218020694391188,51.41920601756511,,,,,,,,,
BIT,BIT,BlackRock Multi,NYSE,NYSE,USD,,,,,,,,,,,,,,,,,
BJ,BJ,"BJ's Wholesale Club Holdings, Inc. Common Stock",NYSE,NYSE,USD,102.77999877929688,-0.26654994638941487,97.14235696171511,94.95106678247751,98.18680248308478,2.091092666830022,1.4722082472170146,60.1734904498724,,,,,,,0.81,0.99,21.51
BK,BK,The Bank of New York Mellon Corporation Common Stock,NYSE,NYSE,USD,117.73999786376953,-0.17582911665246004,120.64325431434779,118.18266956434196,107.1022005473999,0.4679173420393994,1.0426715139672413,48.10426604546724,2.06,4.0,Quarterly,2026-01-23,0.01749617833680881,,0.87,0.62,-28.57
BK$K,BK$K,"The Bank Of New York Mellon Corporation  Depositary Shares, each representing a 1/4,000th interest in a share of Series K Noncumulative Perpetual Preferred Stock",NYSE,NYSE,USD,,,,,,,,,,,,,,,,,
BKD,BKD,Brookdale Senior Living Inc. Common Stock,NYSE,NYSE,USD,16.510000228881836,-0.1805111937899656,14.776579954072718,12.832052602105929,9.66118037253951,1.3234503686859576,1.207898046800079,78.52759488871781,,,,,,,-0.29,-0.2,31.9
BKE,BKE,"Buckle, Inc. (The) Common Stock",NYSE,NYSE,USD,,,,,,,,,,,,,,,,,
BKH,BKH,Black Hills Corporation Common Stock,NYSE,NYSE,USD,74.05000305175781,-0.1002263288355344,72.66611718721352,71.20677380283647,65.62805375193327,0.5289772775791732,0.5790979579921445,55.7805956071478,2.704,4.0,Quarterly,2025-11-17,0.036515866152092104,,1.66,1.73,3.97
BKKT,BKKT,"Bakkt Holdings, Inc. Class A Common Stock",NYSE,NYSE,USD,,,,,,,,,,,,,,,,,
BKKT.W,BKKT.W,"Bakkt Holdings, Inc. Warrant",NYSE,NYSE,USD,,,,,,,,,,,,,,,,,
BKN,BKN,BlackRock Investment Quality Municipal Trust Inc. (The),NYSE,NYSE,USD,,,,,,,,,,,,,,,,,
BKSY,BKSY,BlackSky Technology Inc. Class A Common Stock,NYSE,NYSE,USD,21.479999542236328,-0.6678356503734237,23.008196593076576,22.39346661245273,19.60264929248461,-0.47653796223335476,0.038863126881401464,43.97616017181565,,,,,,,-0.2,-0.12,40.0
BKSY.W,BKSY.W,"BlackSky Technology Inc. Redeemable Warrants, each whole Warrant exercisable for one share of Class A Common Stock",NYSE,NYSE,USD,,,,,,,,,,,,,,,,,
BKT,BKT,BlackRock Income Trust Inc. (The),NYSE,NYSE,USD,,,,,,,,,,,,,,,,,
BKU,BKU,"BankUnited, Inc. Common Stock",NYSE,NYSE,USD,48.72999954223633,-0.2749631172437733,48.55799562859253,46.44340014951959,41.63559234122064,0.9340755163452741,1.104092868182737,57.060192748189344,1.24,4.0,Quarterly,2026-01-09,0.025446337197792095,,1.02,1.12,9.33
BKV,BKV,BKV Corporation Common Stock,NYSE,NYSE,USD,,,,,,,,,,,,,,,,,
BLCO,BLCO,Bausch + Lomb Corporation Common Shares,NYSE,NYSE,USD,,,,,,,,,,,,,,,,,
BLD,BLD,TopBuild Corp. Common Stock,NYSE,NYSE,USD,,,,,,,,,,,,,,,,,
BLDR,BLDR,"Builders FirstSource, Inc. Common Stock",NYSE,NYSE,USD,114.7300033569336,-0.3836906937246616,120.16611728556501,117.05955145015572,121.84191563860988,1.7593113222904293,2.3300028617329223,44.75047230222888,,,,,,,3.32,5.2,56.67
BLE,BLE,BlackRock Municipal Income Trust II,NYSE,NYSE,USD,,,,,,,,,,,,,,,,,
BLK,BLK,"BlackRock, Inc. Common Stock",NYSE,NYSE,USD,1071.510009765625,-0.17552409925674284,1088.171237195195,1091.538771272138,1070.989169969422,-8.366461926223337,-3.4397724879847287,37.709452643220686,20.84,4.0,Quarterly,2025-12-05,0.019449188351080737,,7.9,7.36,-6.81
BLND,BLND,"Blend Labs, Inc. Class A Common Stock",NYSE,NYSE,USD,1.7100000381469727,-0.6109839605942635,2.257876403555385,2.680760855087889,3.1786863970673127,-0.33291131095862525,-0.2739758918122238,7.746479464438025,,,,,,,-0.17,-0.19,-13.68
BLSH,BLSH,Bullish Ordinary Shares,NYSE,NYSE,USD,,,,,,,,,,,,,,,,,
BLW,BLW,Blackrock Limited Duration Income Trust,NYSE,NYSE,USD,,,,,,,,,,,,,,,,,
BLX,BLX,"Banco Latinoamericano de Comercio Exterior, S.A.",NYSE,NYSE,USD,,,,,,,,,,,,,,,,,
BMA,BMA,Banco Macro S.A.  ADR (representing Ten Class B Common Shares),NYSE,NYSE,USD,86.58999633789062,-0.5932256050823432,93.8043279382652,90.44629329044804,80.63937864031885,-0.6571138834949863,0.9428613236336945,34.69494410305175,0.399,1.0,Annual,2025-07-18,0.004607922587766677,,1.07,1.35,25.65
BME,BME,Blackrock Health Sciences Trust,NYSE,NYSE,USD,,,,,,,,,,,,,,,,,
BMEZ,BMEZ,BlackRock Health Sciences Term Trust Common Shares of Beneficial Interest,NYSE,NYSE,USD,,,,,,,,,,,,,,,,,
BMI,BMI,"Badger Meter, Inc. Common Stock",NYSE,NYSE,USD,,,,,,,,,,,,,,,,,
BML$G,BML$G,Bank of America Corporation Depositary Shares (Each representing a 1/1200th interest in a share of Floating Rate Non,NYSE,NYSE,USD,,,,,,,,,,,,,,,,,
BML$H,BML$H,Bank of America Corporation Depositary Shares (Each representing a 1/1200th interest in a Share of Floating Rate Non,NYSE,NYSE,USD,,,,,,,,,,,,,,,,,
BML$J,BML$J,Bank of America Corporation Depositary Shares (Each representing a 1/1200th interest in a Share of Floating Rate Non,NYSE,NYSE,USD,,,,,,,,,,,,,,,,,
BML$L,BML$L,Bank of America Corporation Depositary Shares (Each representing a 1/1200th Interest in a Share of Floating Rate Non,NYSE,NYSE,USD,,,,,,,,,,,,,,,,,
BMN,BMN,BlackRock 2037 Municipal Target Term Trust Common Shares of Beneficial Interest,NYSE,NYSE,USD,,,,,,,,,,,,,,,,,
BMO,BMO,Bank Of Montreal Common Stock,NYSE,NYSE,USD,141.02000427246094,-0.15940079288853104,139.57730615191534,134.9672714662879,123.01054291173136,2.5014899305546976,2.6095631453186696,57.32774217926917,2.333,2.0,Semi-Annual,2025-07-30,0.0165437521579738,,3.06,3.04,-0.72
BMY,BMY,Bristol,NYSE,NYSE,USD,,,,,,,,,,,,,,,,,
BN,BN,Brookfield Corporation Class A Limited Voting Shares,NYSE,NYSE,USD,,,,,,,,,,,,,,,,,
BNED,BNED,"Barnes & Noble Education, Inc Common Stock",NYSE,NYSE,USD,7.699999809265137,-0.4975369677980679,8.587357908144247,8.726182459786877,9.256770248225703,-0.2270525326980195,-0.05728496802694895,34.80392764137926,,,,,,,-0.57,-1.01,-75.65
BNH,BNH,"Brookfield Finance Inc. 4.625% Subordinated Notes due October 16, 2080",NYSE,NYSE,USD,16.027000427246094,-0.13262917025413856,16.02748344168148,16.11158238540789,16.19556957683622,-0.036218542078088944,-0.05125522732015239,55.29225479960166,1.156,4.0,Quarterly,2026-01-02,0.07212828159876916,,,,
BNJ,BNJ,Brookfield Finance Inc. 4.50% Perpetual Subordinated Notes,NYSE,NYSE,USD,15.456999778747559,-0.09805113576105595,15.542178516080922,15.497745904768134,15.572502868251272,0.0001236270059870037,0.05355215539897947,29.262408697677742,1.124,4.0,Quarterly,2026-02-09,0.0727178634980271,,,,
BNL,BNL,"Broadstone Net Lease, Inc. Common Stock",NYSE,NYSE,USD,,,,,,,,,,,,,,,,,
BNS,BNS,Bank Nova Scotia Halifax Pfd 3 Ordinary Shares,NYSE,NYSE,USD,,,,,,,,,,,,,,,,,
BNT,BNT,Brookfield Wealth Solutions Ltd. Class A Exchangeable Limited Voting Shares,NYSE,NYSE,USD,,,,,,,,,,,,,,,,,
BNY,BNY,BlackRock New York Municipal Income Trust,NYSE,NYSE,USD,10.199999809265137,-0.11625704641834,10.196140445130045,10.180559448512797,10.088179681631544,0.007676775990349327,0.004339431857367031,54.360440133182145,0.612,12.0,Monthly,2026-02-06,0.060000001121969807,,,,
BOC,BOC,Boston Omaha Corporation Class A Common Stock,NYSE,NYSE,USD,12.5,-0.26406649768419954,12.476332586342416,12.59637241894319,13.28313868630455,-0.0086032435369372,-0.027256773771564696,58.447487590256145,,,,,,,-0.01,-0.05,-233.33
BOE,BOE,Blackrock Enhanced Global Dividend Trust Common Shares of Beneficial Interest,NYSE,NYSE,USD,,,,,,,,,,,,,,,,,
BOH,BOH,Bank of Hawaii Corporation Common Stock,NYSE,NYSE,USD,78.19999694824219,-0.18656514889716658,75.59305990358249,72.33391834969112,68.99306916576082,1.9725790330018924,1.9202778868266437,63.284570019089855,2.8,4.0,Quarterly,2025-11-28,0.035805627995781394,,1.43,1.45,1.47
BOH$A,BOH$A,Bank of Hawaii Corporation Depositary Shares Each Representing a 1/40th Interest in a Share of 4.375% Fixed Rate Non,NYSE,NYSE,USD,,,,,,,,,,,,,,,,,
BOH$B,BOH$B,"Bank of Hawaii Corporation Depositary Shares, Each Representing a 1/40th Interest in a Share of 8.000% Fixed Rate Non",NYSE,NYSE,USD,,,,,,,,,,,,,,,,,
BOND,BOND,PIMCO Active Bond Exchange,NYSE,NYSE,USD,,,,,,,,,,,,,,,,,
BOOT,BOOT,"Boot Barn Holdings, Inc. Common Stock",NYSE,NYSE,USD,,,,,,,,,,,,,,,,,
BORR,BORR,Borr Drilling Limited Common Shares,NYSE,NYSE,USD,5.639999866485596,-0.4856230174315206,5.007650431227664,4.41998169814257,3.389891602285395,0.38531489724817725,0.317069581792037,73.79031893676081,0.02,1.0,Annual,2025-03-03,0.003546099374726125,,-0.09,-0.09,
BOW,BOW,Bowhead Specialty Holdings Inc. Common Stock,NYSE,NYSE,USD,24.059999465942383,-0.4355871873238022,24.999690479434552,25.78713162414412,28.844738361373977,-0.40356980694048517,-0.4222921100326105,34.43579788195295,,,,,,,,,
BOX,BOX,"Box, Inc. Class A Common Stock",NYSE,NYSE,USD,23.190000534057617,-0.40856031936982584,25.204804468073444,27.37678911709378,30.663407417877217,-1.3409591010556916,-1.226269760727651,24.12342182221684,,,,,,,0.3,0.31,4.26
BP,BP,BP p.l.c. Common Stock,NYSE,NYSE,USD,37.65999984741211,-0.26054943090142346,37.42523069931402,36.40450097102614,34.67897113035708,0.6598038071111674,0.772194976589225,54.14365029017671,1.958,4.0,Quarterly,2025-11-14,0.051991503131526125,,1.94,2.58,32.96
BR,BR,"Broadridge Financial Solutions, Inc. Common Stock",NYSE,NYSE,USD,,,,,,,,,,,,,,,,,
BRBR,BRBR,"BellRing Brands, Inc. Common Stock ",NYSE,NYSE,USD,,,,,,,,,,,,,,,,,
BRC,BRC,Brady Corporation Common Stock,NYSE,NYSE,USD,,,,,,,,,,,,,,,,,
BRCC,BRCC,BRC Inc. Class A Common Stock,NYSE,NYSE,USD,,,,,,,,,,,,,,,,,
BRCE,BRCE,MFS Blended Research Core Equity ETF,NYSE,NYSE,USD,26.371000289916992,-0.054032313590371306,26.500687776267895,26.24887703802318,25.698559229504816,0.07462552576588877,0.11432482087277351,44.65909361839553,0.048,1.0,Annual,2025-12-11,0.00182018123970644,,,,
BRIE,BRIE,MFS Blended Research International Equity ETF,NYSE,NYSE,USD,28.979999542236328,-0.04547207208028303,28.412829684618398,27.473461351961397,25.989011235343522,0.513758380820228,0.49548327186455643,61.86660347057915,0.072,1.0,Annual,2025-12-16,0.002484472088933784,,,,
BRK.A,BRK.A,Berkshire Hathaway Inc. Common Stock,NYSE,NYSE,USD,,,,,,,,,,,,,,,,,
BRK.B,BRK.B,Berkshire Hathaway Inc. New Common Stock,NYSE,NYSE,USD,,,,,,,,,,,,,,,,,
BRO,BRO,"Brown & Brown, Inc. Common Stock",NYSE,NYSE,USD,,,,,,,,,,,,,,,,,
BROS,BROS,Dutch Bros Inc. Class A Common Stock,NYSE,NYSE,USD,,,,,,,,,,,,,,,,,
BRSL,BRSL,"Brightstar Lottery PLC Trading under the Legal Name to begin at the market open on July 21, 2025. Ordinary Shares",NYSE,NYSE,USD,,,,,,,,,,,,,,,,,
BRSP,BRSP,"BrightSpire Capital, Inc. Class A Common Stock",NYSE,NYSE,USD,,,,,,,,,,,,,,,,,
BRT,BRT,BRT Apartments Corp. (MD) Common Stock,NYSE,NYSE,USD,14.5,-0.2575516902069731,14.706321924105902,14.750014445220806,15.333508405906958,-0.032455164259937774,-0.009337296637504922,38.27158676887086,1.0,4.0,Quarterly,2025-12-22,0.06896551724137931,,-0.13,0.37,384.62
BRW,BRW,Saba Capital Income & Opportunities Fund SBI,NYSE,NYSE,USD,,,,,,,,,,,,,,,,,
BRX,BRX,Brixmor Property Group Inc. Common Stock,NYSE,NYSE,USD,,,,,,,,,,,,,,,,,
BSAC,BSAC,Banco Santander ,NYSE,NYSE,USD,35.650001525878906,-0.11200676384515018,35.633285511206125,33.49671691737415,28.717857491274653,0.9611370420715701,1.1835005930949485,46.4831879198937,1.329,1.0,Annual,2025-04-23,0.03727910078868461,,0.4,0.36,-11.69
BSBR,BSBR,"Banco Santander Brasil SA American Depositary Shares, each representing one unit",NYSE,NYSE,USD,6.590000152587891,-0.14882035165137963,6.710313425259091,6.441437077008165,5.7475964966917275,0.1147454413191813,0.15014518580590586,45.68965871609111,0.164,2.0,Semi-Annual,2025-07-21,0.02488619062255974,,0.15,0.06,-56.71
BSL,BSL,Blackstone Senior Floating Rate 2027 Term Fund Common Shares of Beneficial Interest,NYSE,NYSE,USD,13.199999809265137,-0.08587256282214162,13.366567347518256,13.51596910152501,13.851150483177388,-0.10028911399180096,-0.08321789663103638,11.904605121241786,1.141,12.0,Monthly,2025-12-31,0.08643939518840957,,,,
BSM,BSM,"Black Stone Minerals, L.P. Common units representing limited partner interests",NYSE,NYSE,USD,15.199999809265137,-0.2239583110203962,14.79629267816397,14.316682492838002,13.820477671632656,0.2986218193193597,0.2877007430509284,65.96858664885141,1.35,4.0,Quarterly,2025-11-06,0.08881579058817551,,0.45,0.6,32.16
BST,BST,BlackRock Science and Technology Trust Common Shares of Beneficial Interest,NYSE,NYSE,USD,,,,,,,,,,,,,,,,,
BSTZ,BSTZ,BlackRock Science and Technology Term Trust Common Shares of Beneficial Interest,NYSE,NYSE,USD,22.75,-0.2591911456950502,22.70554513586998,22.586273131597693,21.80007531306556,0.060445486348154276,0.015887388835721977,52.78513340814322,2.702,12.0,Monthly,2026-02-13,0.11876923076923077,,,,
BSX,BSX,Boston Scientific Corporation Common Stock,NYSE,NYSE,USD,74.7300033569336,-0.3206029070152191,83.09751434092766,89.7800757908336,97.43897129468618,-5.557559028725905,-4.21221485629524,17.280931359558195,,,,,,,0.44,0.43,-2.52
BTA,BTA,BlackRock Long,NYSE,NYSE,USD,9.729999542236328,-0.13438731937318715,9.619757167210736,9.536615510088875,9.456283474276605,0.06646385283700518,0.05632564615258938,84.09078101496833,0.6000000000000001,12.0,Monthly,2026-02-06,0.06166495665241285,,,,
BTE,BTE,Baytex Energy Corp Common Shares,NYSE,NYSE,USD,3.4700000286102295,-0.42412449123839535,3.439222564115509,3.2622044842214004,2.7106261429747693,0.06954789515407045,0.07778594607926567,55.555562348109994,0.033,2.0,Semi-Annual,2025-06-13,0.009510086376920532,,0.23,0.15,-34.07
BTI,BTI,"British American Tobacco  Industries, p.l.c. Common Stock ADR",NYSE,NYSE,USD,59.5,-0.14982286147345658,59.91775678020651,58.19943349902644,53.165504301531506,0.9062459551433051,1.1213412145250947,52.90101530002235,2.996,4.0,Quarterly,2025-12-30,0.050352941176470586,,,,
BTO,BTO,John Hancock Financial Opportunities Fund Common Stock,NYSE,NYSE,USD,,,,,,,,,,,,,,,,,
BTT,BTT,BlackRock Municipal 2030 Target Term Trust,NYSE,NYSE,USD,22.799999237060547,-0.0488145575656167,22.767354803474976,22.671813043010484,22.285550587997157,0.04941372997446791,0.05396842522886983,64.47363467759544,0.552,12.0,Monthly,2026-02-13,0.02421052712592835,,,,
BTU,BTU,Peabody Energy Corporation Common Stock ,NYSE,NYSE,USD,34.45000076293945,-0.36397279445299213,35.35937340392248,33.215386070235894,25.76928545432183,0.6585616316281886,0.981601661055008,45.70074333648341,0.3,4.0,Quarterly,2025-11-13,0.008708272666360383,,1.86,2.33,25.56
BTX,BTX,BlackRock Technology and Private Equity Term Trust Common Shares of Beneficial Interest,NYSE,NYSE,USD,,,,,,,,,,,,,,,,,
BTZ,BTZ,BlackRock Credit Allocation Income Trust,NYSE,NYSE,USD,10.760000228881836,-0.09124430322447385,10.709454649248856,10.75713028546384,10.830011545239197,0.005607781356049557,-0.015389113635451673,79.31045822563354,1.008,12.0,Monthly,2026-02-13,0.0936802954050448,,,,
BUD,BUD,Anheuser,NYSE,NYSE,USD,,,,,,,,,,,,,,,,,
BUI,BUI,"BlackRock Utility, Infrastructure & Power Opportunities Trust",NYSE,NYSE,USD,29.1299991607666,-0.11490818246865508,27.756125412586638,26.987139715558698,25.941433048943868,0.6862368941421018,0.5290440444494642,98.67846591806624,2.67,12.0,Monthly,2026-02-13,0.09165808708968513,,,,
BUR,BUR,Burford Capital Limited Ordinary Shares,NYSE,NYSE,USD,9.390000343322754,-0.46730767843521126,9.352066428251662,9.49587439282635,11.180449676421555,-0.06287266500422994,-0.03085499052049943,45.220605379349955,0.063,1.0,Annual,2025-05-23,0.006709264930410723,,,,
BURL,BURL,"Burlington Stores, Inc. Common Stock",NYSE,NYSE,USD,,,,,,,,,,,,,,,,,
BUXX,BUXX,Strive Enhanced Income Short Maturity ETF,NYSE,NYSE,USD,,,,,,,,,,,,,,,,,
BV,BV,"BrightView Holdings, Inc. Common Stock",NYSE,NYSE,USD,13.670000076293945,-0.30696579687143044,13.370017717147114,13.148495172073133,13.60801491161889,0.15984255400804237,0.147248797424013,54.72103592773686,,,,,,,-0.09,-0.01,88.4
BVN,BVN,Buenaventura Mining Company Inc.,NYSE,NYSE,USD,,,,,,,,,,,,,,,,,
BW,BW,"Babcock & Wilcox Enterprises, Inc. Common Stock",NYSE,NYSE,USD,9.75,-0.7992366237161341,9.268880660847453,7.889035674224123,4.655449993569666,0.5788527723889079,0.7277979267238847,47.71428789411272,,,,,,,-0.05,-0.24,-366.93
BW$A,BW$A,"Babcock & Wilcox Enterprises, Inc. 7.75% Series A Cumulative Perpetual Preferred Stock",NYSE,NYSE,USD,,,,,,,,,,,,,,,,,
BWA,BWA,BorgWarner Inc. Common Stock,NYSE,NYSE,USD,62.79999923706055,-0.17884297016238382,53.47572094496312,49.18944557984584,42.26538686994372,3.9438086403283705,2.2529105128996174,78.76002981681579,0.56,4.0,Quarterly,2025-12-01,0.008917197560561814,,1.04,1.24,19.39
BWG,BWG,BrandywineGLOBAL Global Income Opportunities Fund Inc.,NYSE,NYSE,USD,8.609999656677246,-0.11929824072189243,8.550027159686367,8.512537756391977,8.46808395995179,0.032012933608186245,0.02324941387591946,64.10250767218085,0.96,12.0,Monthly,2026-01-23,0.11149826228570156,,,,
BWLP,BWLP,BW LPG Limited Common Shares,NYSE,NYSE,USD,,,,,,,,,,,,,,,,,
BWMX,BWMX,"Betterware de Mexico, S.A.P.I. de C.V. Ordinary Shares",NYSE,NYSE,USD,,,,,,,,,,,,,,,,,
BWNB,BWNB,"Babcock & Wilcox Enterprises, Inc. 6.50% Senior Notes due 2026",NYSE,NYSE,USD,,,,,,,,,,,,,,,,,
BWXT,BWXT,"BWX Technologies, Inc. Common Stock",NYSE,NYSE,USD,,,,,,,,,,,,,,,,,
BX,BX,Blackstone Inc. Common Stock,NYSE,NYSE,USD,129.86000061035156,-0.3278036529872388,139.2536478197875,146.54187784438776,153.77027008875334,-6.326180574093087,-5.357478584268291,21.686727413969948,4.74,4.0,Quarterly,2026-02-09,0.03650084689451449,,1.44,1.49,3.76
BXC,BXC,Bluelinx Holdings Inc. Common Stock,NYSE,NYSE,USD,74.38999938964844,-0.47652721079540594,74.14691799592636,70.54779021344184,73.11471117680865,2.276237307845861,2.3968672787028655,56.936177009802314,,,,,,,2.46,2.53,2.85
BXMT,BXMT,"Blackstone Mortgage Trust, Inc. Common Stock",NYSE,NYSE,USD,19.540000915527344,-0.18509727930790132,19.568815513644005,19.453873447773148,19.345709092857785,0.07158077317686207,0.044961871601023995,56.3333511352539,1.88,4.0,Quarterly,2025-12-31,0.09621289211435345,,0.67,0.71,6.3
BXMX,BXMX,Nuveen S&P 500 Buy,NYSE,NYSE,USD,,,,,,,,,,,,,,,,,
BXP,BXP,"BXP, Inc. Common Stock",NYSE,NYSE,USD,61.4900016784668,-0.25161536213815594,64.09064981040092,66.47280027013062,68.97454391971976,-1.4604559068992842,-1.2373526098404264,41.15428053396673,3.36,4.0,Quarterly,2025-12-31,0.054643029895649516,,0.65,0.78,19.39
BXSL,BXSL,Blackstone Secured Lending Fund Common Shares of Beneficial Interest,NYSE,NYSE,USD,24.6200008392334,-0.29014493417048803,25.483289381426232,26.17348380092024,28.25550373402514,-0.42912137827325125,-0.4204508306587079,35.87173896756971,3.08,4.0,Quarterly,2025-12-31,0.12510153919620676,,0.6,0.62,3.33
BY,BY,"Byline Bancorp, Inc. Common Stock",NYSE,NYSE,USD,32.880001068115234,-0.22162707242171265,32.18002401097406,30.850245322967467,28.893022976008982,0.7439972640414538,0.7790260852790651,65.20981177928365,0.42000000000000004,4.0,Quarterly,2026-02-03,0.012773722212779585,,0.59,0.65,9.64
BYD,BYD,Boyd Gaming Corporation Common Stock,NYSE,NYSE,USD,,,,,,,,,,,,,,,,,
BYM,BYM,Blackrock Municipal Income Quality Trust Common Shares of Beneficial Interest,NYSE,NYSE,USD,11.050000190734863,-0.1030274993688104,11.044083081693069,10.988196008435038,10.884398608809725,0.0354955399318122,0.037184975440247695,62.79081630389943,0.666,12.0,Monthly,2026-02-06,0.06027149217231902,,,,
BZH,BZH,"Beazer Homes USA, Inc. Common Stock",NYSE,NYSE,USD,27.709999084472656,-0.2852589537288627,24.662300309733478,23.447483908527964,23.146674542140904,1.1534657321492716,0.793687090273484,70.2941207269768,,,,,,,2.06,2.82,36.89
C,C,"Citigroup, Inc. Common Stock",NYSE,NYSE,USD,110.86000061035156,-0.3131276975698174,116.48649220964985,113.91091011019202,100.84514877769274,0.1289491973889767,0.8055862416829926,42.67751673373893,2.36,4.0,Quarterly,2026-02-02,0.021288111013952445,,1.3,1.37,5.63
C$N,C$N,Citigroup Capital XIII 7.875% Fixed rate Floating Rate trust Preferred Securities (TruPS),NYSE,NYSE,USD,,,,,,,,,,,,,,,,,
CAAP,CAAP,Corporacion America Airports SA Common Shares,NYSE,NYSE,USD,,,,,,,,,,,,,,,,,
CABO,CABO,"Cable One, Inc. Common Stock",NYSE,NYSE,USD,113.58000183105469,-0.753084758176642,99.03026309587646,105.74759858955017,148.0299170061614,2.5480778954088095,-1.8326036794325136,83.63672144051954,2.95,1.0,Annual,2025-02-18,0.02597288213102864,,12.46,11.53,-7.47
CACI,CACI,"CACI International, Inc. Class A Common Stock",NYSE,NYSE,USD,573.2999877929688,-0.15222215288864616,604.7148743377757,594.6852803928213,526.5549274267923,-3.2961686073369947,5.212447321260142,31.221616599709478,,,,,,,4.39,4.28,-2.44
CADE,CADE,Cadence Bank Common Stock,NYSE,NYSE,USD,42.11000061035156,-0.2342028963393059,43.42882225620369,42.38537616564253,38.135301041102096,-0.06885855215630698,0.30448013190342055,36.38790862915909,1.1,4.0,Quarterly,2025-12-15,0.026122060889488468,,0.74,0.52,-29.99
CADE$A,CADE$A,Cadence Bank 5.50% Series A ,NYSE,NYSE,USD,,,,,,,,,,,,,,,,,
CAE,CAE,CAE Inc. Ordinary Shares,NYSE,NYSE,USD,,,,,,,,,,,,,,,,,
CAF,CAF,Morgan Stanley China A Share Fund Inc. Common Stock,NYSE,NYSE,USD,,,,,,,,,,,,,,,,,
CAG,CAG,"ConAgra Brands, Inc. Common Stock",NYSE,NYSE,USD,19.760000228881836,-0.41781319930791283,18.78559931093778,18.130856919784154,19.423096817979648,0.663426434007345,0.5340011458373992,68.51441232307862,1.4,4.0,Quarterly,2026-01-27,0.07085020160848561,,0.52,0.57,9.12
CAH,CAH,"Cardinal Health, Inc. Common Stock",NYSE,NYSE,USD,220.7899932861328,-0.13071432567778085,216.41135778957522,208.17548311047983,179.0501726213821,3.91579954228402,3.855220043530785,56.705663916609566,2.039,4.0,Quarterly,2026-01-02,0.009235019982801294,,0.94,1.2,27.36
CAL,CAL,"Caleres, Inc. Common Stock",NYSE,NYSE,USD,,,,,,,,,,,,,,,,,
CALX,CALX,"Calix, Inc Common Stock",NYSE,NYSE,USD,53.31999969482422,-0.347120734223868,52.64791113237661,54.026623690381875,53.18611726774407,-0.4018551683212195,-0.7454751753610908,45.66727836645611,,,,,,,0.25,0.34,34.98
CANG,CANG,Cango Inc. Class A Ordinary Shares,NYSE,NYSE,USD,,,,,,,,,,,,,,,,,
CAPL,CAPL,CrossAmerica Partners LP Common Units representing limited partner interests,NYSE,NYSE,USD,23.15999984741211,-0.2195703533981761,22.275823278364413,21.67971960689587,21.437166924598184,0.3574357260048693,0.3352333188944288,55.75220442279907,2.1,4.0,Quarterly,2026-02-02,0.0906735757269296,,0.17,0.43,152.94
CARR,CARR,Carrier Global Corporation Common Stock ,NYSE,NYSE,USD,65.4000015258789,-0.3761922641363753,61.595616933921,58.54325089473849,60.7674666288549,2.797335935744158,2.3608900960941606,78.01814176665934,0.915,4.0,Quarterly,2026-01-20,0.01399082536164671,,0.65,0.7,7.26
CARS,CARS,Cars.com Inc. Common Stock ,NYSE,NYSE,USD,11.079999923706055,-0.4283276317207051,11.408228841854253,11.744375944185029,12.367615514488618,-0.30783897711810937,-0.28304486579833293,25.00001241762766,,,,,,,0.11,-0.04,-139.09
CAT,CAT,"Caterpillar, Inc. Common Stock",NYSE,NYSE,USD,774.2000122070312,-0.22615818519376762,698.3569774504376,642.392078907616,519.9856407775244,39.21274243209564,30.635754506787315,79.21983788624799,5.9399999999999995,4.0,Quarterly,2026-01-20,0.007672435942059332,,3.16,3.95,25.04
CATO,CATO,Cato Corporation (The) Class A Common Stock,NYSE,NYSE,USD,3.069999933242798,-0.41794873707236424,3.1115336010794605,3.252337383495545,3.386345071673283,-0.07319685159306744,-0.06687575432958909,28.57141640720893,,,,,,,,,
CAVA,CAVA,"CAVA Group, Inc. Common Stock",NYSE,NYSE,USD,63.5,-0.6730177709782885,65.3103300749489,62.93834440465804,71.5696318606827,0.8315533209275685,1.1159988612852147,51.700681387052676,,,,,,,,,
CB,CB,Chubb Limited  Common Stock,NYSE,NYSE,USD,324.95001220703125,-0.12057793510226855,318.50338194272587,309.4143853190104,292.3174571787242,6.536564016860268,4.994836411891231,71.10546459502353,1.88,2.0,Semi-Annual,2025-06-13,0.005785505245041257,,4.25,4.05,-4.81
CBAN,CBAN,"Colony Bankcorp, Inc. Common Stock",NYSE,NYSE,USD,20.360000610351562,-0.20307165587698273,19.887221260191197,18.863654459374448,17.522289877546065,0.6335106177831094,0.6333001877364434,75.3581605516771,0.465,4.0,Quarterly,2026-02-11,0.02283889911887241,,0.35,0.31,-11.43
CBL,CBL,"CBL & Associates Properties, Inc. Common Stock",NYSE,NYSE,USD,35.04999923706055,-0.32101757221440175,36.05936515433675,35.60216784769465,32.385944704209706,-0.13230437799742845,-0.07873643710777477,46.45425105658928,2.5,4.0,Quarterly,2025-11-25,0.07132667772947036,,,,
CBNA,CBNA,"Chain Bridge Bancorp, Inc. Class A Common Stock",NYSE,NYSE,USD,35.150001525878906,-0.1603872546397177,35.21089870351121,34.31557470533745,30.83407505462403,0.44385005003793765,0.4922785747699777,58.942322434777765,,,,,,,,,
CBRE,CBRE,CBRE Group Inc Common Stock Class A,NYSE,NYSE,USD,142.30999755859375,-0.20764951305045576,161.4322138536951,162.44055787624688,154.55760583613718,-3.9981036138404136,-0.5325269748586046,26.572950365511446,,,,,,,1.26,1.13,-10.32
CBT,CBT,Cabot Corporation Common Stock,NYSE,NYSE,USD,,,,,,,,,,,,,,,,,
CBU,CBU,"Community Financial System, Inc. Common Stock",NYSE,NYSE,USD,66.33999633789062,-0.22356169668982306,64.26027147435735,61.86719053551748,59.61189305543891,1.577602384627511,1.4174637521387288,81.08846220718254,1.8599999999999999,4.0,Quarterly,2025-12-12,0.028037384725293477,,0.9,0.9,-0.24
CBZ,CBZ,"CBIZ, Inc. Common Stock",NYSE,NYSE,USD,27.84000015258789,-0.6821192102017495,37.83152121330535,44.48766340796078,57.21281737479097,-5.039154401133636,-4.1296591970759104,23.348465156793097,,,,,,,0.45,0.51,14.18
CC,CC,Chemours Company (The) Common Stock,NYSE,NYSE,USD,20.520000457763672,-0.4622425706695601,17.432827298664936,15.400032065075488,14.23069510020314,1.66476547349977,1.282101295306512,73.83837462372026,0.514,4.0,Quarterly,2025-11-14,0.025048732384678377,,0.08,,-100.0
CCI,CCI,Crown Castle Inc. Common Stock,NYSE,NYSE,USD,,,,,,,,,,,,,,,,,
CCID,CCID,Carlyle Credit Income Fund 7.375% Series D Term Preferred Shares due 2028,NYSE,NYSE,USD,,,,,,,,,,,,,,,,,
CCIF,CCIF,Carlyle Credit Income Fund Shares of Beneficial Interest,NYSE,NYSE,USD,,,,,,,,,,,,,,,,,
CCJ,CCJ,Cameco Corporation Common Stock,NYSE,NYSE,USD,,,,,,,,,,,,,,,,,
CCK,CCK,"Crown Holdings, Inc.",NYSE,NYSE,USD,,,,,,,,,,,,,,,,,
CCL,CCL,Carnival Corporation Common Stock,NYSE,NYSE,USD,,,,,,,,,,,,,,,,,
CCM,CCM,Concord Medical Services Holdings Limited American Depositary Shares (Each represents thirty (30) Class A ordinary shares),NYSE,NYSE,USD,,,,,,,,,,,,,,,,,
CCO,CCO,"Clear Channel Outdoor Holdings, Inc. Common Stock",NYSE,NYSE,USD,2.390000104904175,-0.405594367119109,2.2077081552916615,2.0930576271848556,1.7065219667993696,0.07091569663610642,0.04351753068639649,71.57893997150524,,,,,,,-0.04,-0.14,-229.41
CCS,CCS,"Century Communities, Inc. Common Stock",NYSE,NYSE,USD,74.83999633789062,-0.3165506064949767,68.51662044595056,65.46627676129364,63.77593357688755,2.5041003586511437,1.7553448134776595,78.73831525808039,1.16,4.0,Quarterly,2025-11-26,0.015499733521669152,,4.2,4.44,5.8
CCU,CCU,"Compania Cervecerias Unidas, S.A. Common Stock",NYSE,NYSE,USD,,,,,,,,,,,,,,,,,
CCZ,CCZ,Comcast Holdings ZONES,NYSE,NYSE,USD,64.37999725341797,-0.16968750953674316,63.979797927886196,63.209343843640326,62.349970997010644,0.43421298323416835,0.5238988255280672,44.01541785661157,1.806,4.0,Quarterly,2025-12-31,0.028052191317919303,,,,
CDE,CDE,"Coeur Mining, Inc. Common Stock",NYSE,NYSE,USD,22.420000076293945,-0.40173162482238334,21.954770929619446,20.44193095488079,15.525048668383416,0.4058141364647305,0.6436901079125139,40.933569124734575,,,,,,,-0.09,-0.11,-22.22
CDLR,CDLR,Cadeler A/S American Depositary Share (each representing four (4) Ordinary Shares),NYSE,NYSE,USD,25.899999618530273,-0.2933866137993325,23.86231913306628,21.787409447573456,20.328514647526585,1.3927141307426716,1.3012681866935736,70.76371777252663,,,,,,,,,
CDP,CDP,COPT Defense Properties Common Shares of Beneficial Interest,NYSE,NYSE,USD,,,,,,,,,,,,,,,,,
CDR$B,CDR$B,"Cedar Realty Trust, Inc. 7.25% Series B Cumulative Redeemable Preferred Stock",NYSE,NYSE,USD,,,,,,,,,,,,,,,,,
CDR$C,CDR$C,"Cedar Realty Trust, Inc. 6.50% Series C Cumulative Redeemable Preferred Stock",NYSE,NYSE,USD,,,,,,,,,,,,,,,,,
CDRE,CDRE,"Cadre Holdings, Inc. Common Stock",NYSE,NYSE,USD,,,,,,,,,,,,,,,,,
CE,CE,Celanese Corporation Common Stock,NYSE,NYSE,USD,,,,,,,,,,,,,,,,,
CEE,CEE,"The Central and Eastern Europe Fund, Inc. (The) Common Stock",NYSE,NYSE,USD,19.739999771118164,-0.2192134443604522,19.088711392024532,18.154995512957388,16.617916586921233,0.515732607515254,0.4957534349656362,58.749984353793806,0.387,1.0,Annual,2025-12-30,0.019604863449199452,,,,
CELG.R,CELG.R,Bristol,NYSE,NYSE,USD,,,,,,,,,,,,,,,,,
CEPU,CEPU,Central Puerto S.A. American Depositary Shares (each represents ten Common Shares),NYSE,NYSE,USD,,,,,,,,,,,,,,,,,
CF,CF,"CF Industries Holdings, Inc. Common Stock",NYSE,NYSE,USD,,,,,,,,,,,,,,,,,
CFG,CFG,"Citizens Financial Group, Inc. Common Stock",NYSE,NYSE,USD,65.0999984741211,-0.27685163749444175,64.62767335791564,61.23656886374435,53.50334626445973,1.6490708457455483,1.8147178779505955,61.43615105511116,1.76,4.0,Quarterly,2026-02-04,0.027035330894817838,2027-01-20 09:00:00,,,
CFG$E,CFG$E,"Citizens Financial Group, Inc. Depositary Shares Each Representing 1/40th Interest in a Share of 5.000% Fixed",NYSE,NYSE,USD,,,,,,,,,,,,,,,,,
CFG$H,CFG$H,"Citizens Financial Group, Inc. Depositary Shares Each Representing a 1/40th Interest in a Share of 7.375% Fixed",NYSE,NYSE,USD,,,,,,,,,,,,,,,,,
CFG$I,CFG$I,"Citizens Financial Group, Inc. Depositary Shares, Each Representing a 1/40th Interest in a Share of 6.500% Fixed",NYSE,NYSE,USD,,,,,,,,,,,,,,,,,
CFND,CFND,C1 Fund Inc. Common Stock,NYSE,NYSE,USD,4.159999847412109,-0.5842812875688012,4.48959232731473,5.029637131812841,6.941149442536799,-0.24616111455557022,-0.20732966882095313,31.122438428996375,,,,,,,,,
CFR,CFR,"Cullen/Frost Bankers, Inc. Common Stock",NYSE,NYSE,USD,144.47999572753906,-0.27059634039438474,141.3839486426668,136.02056427070607,131.28622944490218,3.181144227678004,3.048003407993087,72.2555843341967,3.95,4.0,Quarterly,2025-11-28,0.02733942495021197,,2.23,2.59,16.14
CFR$B,CFR$B,"Cullen/Frost Bankers, Inc. Depositary Shares, each representing a 1/40th ownership interest in a share of 4.450% non",NYSE,NYSE,USD,,,,,,,,,,,,,,,,,
CGAU,CGAU,Centerra Gold Inc. Common Shares,NYSE,NYSE,USD,,,,,,,,,,,,,,,,,
CGV,CGV,Conductor Global Equity Value ETF,NYSE,NYSE,USD,,,,,,,,,,,,,,,,,
CHCT,CHCT,Community Healthcare Trust Incorporated Common Stock,NYSE,NYSE,USD,17.639999389648438,-0.3308194656585176,17.458628374128928,16.728745535671486,16.34807750965204,0.3625387430945963,0.3949353474418035,60.48108479055527,1.886,4.0,Quarterly,2025-11-07,0.10691610347258564,,0.24,-0.32,-233.33
CHD,CHD,"Church & Dwight Company, Inc. Common Stock",NYSE,NYSE,USD,101.44999694824219,-0.27915193750905654,96.34438624003272,91.71552709566971,92.31638226291159,3.4130037946301854,3.2070944345434,78.84848801514042,1.193,4.0,Quarterly,2026-02-13,0.011759487785974458,,0.65,0.76,16.54
CHE,CHE,Chemed Corp,NYSE,NYSE,USD,,,,,,,,,,,,,,,,,
CHGG,CHGG,"Chegg, Inc. Common Stock",NYSE,NYSE,USD,0.5600000023841858,-0.7051281889632368,0.724703184137945,0.8453630857289934,1.07636524871394,-0.07418542757986424,-0.05765469429196735,31.372551082052098,,,,,,,0.14,0.21,54.32
CHH,CHH,"Choice Hotels International, Inc. Common Stock",NYSE,NYSE,USD,110.04000091552734,-0.44575780008901966,106.1131278098405,102.73767794066083,110.76561282645798,2.22229811594417,1.9820521950920866,58.63563327074788,1.152,4.0,Quarterly,2026-01-02,0.010468920305483615,,1.69,1.56,-7.92
CHMI,CHMI,Cherry Hill Mortgage Investment Corporation Common Stock,NYSE,NYSE,USD,,,,,,,,,,,,,,,,,
CHMI$A,CHMI$A,Cherry Hill Mortgage Investment Corporation 8.20% Series A Cumulative Redeemable Preferred Stock,NYSE,NYSE,USD,,,,,,,,,,,,,,,,,
CHMI$B,CHMI$B,Cherry Hill Mortgage Investment Corporation 8.250% Series B Fixed,NYSE,NYSE,USD,,,,,,,,,,,,,,,,,
CHPT,CHPT,"ChargePoint Holdings, Inc. Common Stock",NYSE,NYSE,USD,5.900000095367432,-0.6804123587458604,6.261218209827167,7.106469445448207,10.000862219372678,-0.3264275106786041,-0.35823384468115177,39.556967087077986,,,,,,,-0.19,-0.16,15.79
CHT,CHT,"Chunghwa Telecom Co., Ltd.",NYSE,NYSE,USD,,,,,,,,,,,,,,,,,
CHWY,CHWY,"Chewy, Inc. Class A Common Stock",NYSE,NYSE,USD,24.229999542236328,-0.49740717688500724,28.35175756183167,30.916667661220266,34.89828192559126,-1.942118269219879,-1.4929074634568245,17.391303596664912,,,,,,,-0.09,0.01,111.48
CI,CI,The Cigna Group Common Stock,NYSE,NYSE,USD,,,,,,,,,,,,,,,,,
CIA,CIA,"Citizens, Inc. Class A Common Stock ($1.00 Par)",NYSE,NYSE,USD,5.980000019073486,-0.39226518293906454,5.717750366021062,5.526026806827466,5.183144615303176,0.1764388866868627,0.1556666893876733,60.13985664210678,,,,,,,,,
CIB,CIB,Grupo Cibest S.A. American Depositary Shares each representing four Preferred Shares,NYSE,NYSE,USD,,,,,,,,,,,,,,,,,
CICB,CICB,CION Investment Corporation 7.50% Notes due 2029,NYSE,NYSE,USD,25.25,-0.03785492778850452,25.281834718805445,25.321726262038588,25.243338126761255,-0.021053657690032423,-0.022534413278991455,43.918922402016634,1.876,4.0,Quarterly,2025-12-15,0.0742970297029703,,,,
CIEN,CIEN,Ciena Corporation Common Stock,NYSE,NYSE,USD,303.9200134277344,-0.40423164608174533,268.3176460017414,241.8619225652315,171.614776615242,16.797315085600246,12.673406572885526,75.38058641147987,,,,,,,0.08,0.61,693.44
CIF,CIF,MFS Intermediate High Income Fund Common Stock,NYSE,NYSE,USD,,,,,,,,,,,,,,,,,
CIG,CIG,Comp En De Mn Cemig ADS American Depositary Shares,NYSE,NYSE,USD,2.2200000286102295,-0.18181818729151922,2.1605344490311134,2.105952383200504,2.023718612285043,0.043640080593692954,0.038427978137610085,58.0,0.19,3.0,Irregular,2025-06-30,0.08558558448260216,,0.02,0.15,621.93
CIG.C,CIG.C,Comp En De Mn Cemig ADS American Depositary Receipts,NYSE,NYSE,USD,,,,,,,,,,,,,,,,,
CII,CII,"BlackRock Enhanced Large Cap Core Fund, Inc. Common Stock",NYSE,NYSE,USD,,,,,,,,,,,,,,,,,
CIM,CIM,Chimera Investment Corporation Common Stock,NYSE,NYSE,USD,,,,,,,,,,,,,,,,,
CIM$A,CIM$A,Chimera Investment Corporation 8.00% Series A Cumulative Redeemable Preferred Stock,NYSE,NYSE,USD,,,,,,,,,,,,,,,,,
CIM$B,CIM$B,Chimera Investment Corporation 8.00% Series B Fixed,NYSE,NYSE,USD,,,,,,,,,,,,,,,,,
CIM$C,CIM$C,Chimera Investment Corporation 7.75% Series C Fixed,NYSE,NYSE,USD,,,,,,,,,,,,,,,,,
CIM$D,CIM$D,Chimera Investment Corporation 8.00% Series D Fixed,NYSE,NYSE,USD,,,,,,,,,,,,,,,,,
CIMN,CIMN,Chimera Investment Corporation 9.000% Senior Notes due 2029,NYSE,NYSE,USD,25.219999313354492,-0.037375767328641785,25.272538588441446,25.283636294902298,25.20967724263278,-0.04400010936241827,-0.022327399822538688,29.712051687895382,2.252,4.0,Quarterly,2026-01-30,0.08929421337484021,,,,
CIMO,CIMO,Chimera Investment Corporation 9.250% Senior Notes due 2029,NYSE,NYSE,USD,25.3799991607666,-0.041469164680724035,25.45506822939494,25.439243314220587,25.347993222260968,-0.02117637494420066,-0.007257459387763256,36.25807754442649,2.312,4.0,Quarterly,2026-01-30,0.09109535368204347,,,,
CIMP,CIMP,Chimera Investment Corporation 8.875% Senior Notes due 2030,NYSE,NYSE,USD,25.299999237060547,-0.019276151441680156,25.162021681594776,25.103211596752264,24.968348768088624,0.036743839087225894,0.02350660061284134,45.99805770242383,0.364,1.0,Annual,2025-10-31,0.01438735221251694,,,,
CINT,CINT,CI&T Inc Class A Common Shares,NYSE,NYSE,USD,4.929999828338623,-0.46226415518722996,4.91346830283459,4.784522447284966,5.174737104355871,0.08724887172821294,0.10708438490186403,42.741927420812395,,,,,,,0.35,0.52,48.15
CIO,CIO,"City Office REIT, Inc. Common Stock",NYSE,NYSE,USD,,,,,,,,,,,,,,,,,
CIO$A,CIO$A,"City Office REIT, Inc. 6.625% Series A Cumulative Redeemable Preferred Stock",NYSE,NYSE,USD,,,,,,,,,,,,,,,,,
CION,CION,CION Investment Corporation Common Stock,NYSE,NYSE,USD,8.640000343322754,-0.31155376796716683,9.042681797594366,9.348939952182375,9.882769277177562,-0.22911900890265713,-0.19656386781946444,25.547423406666525,1.64,6.0,Irregular,2026-02-13,0.18981480727225203,,0.31,0.45,45.16
CIVI,CIVI,"Civitas Resources, Inc. Common Stock",NYSE,NYSE,USD,27.3799991607666,-0.5248532013373388,27.196116463971116,27.783214179957966,31.42180110863188,-0.01983879836014779,-0.22318672108948523,60.599990615848306,2.0,4.0,Quarterly,2025-12-15,0.07304602123092259,,2.63,2.49,-5.48
CL,CL,Colgate,NYSE,NYSE,USD,96.66999816894531,-0.2309743245442708,90.85807372178876,85.81232233242893,84.15311357498375,3.7641270577550756,3.364140856992025,88.51578808215767,2.08,4.0,Quarterly,2026-01-21,0.021516499838604406,,0.73,0.74,1.08
CLB,CLB,Core Laboratories Inc. Common Stock,NYSE,NYSE,USD,,,,,,,,,,,,,,,,,
CLCO,CLCO,Cool Company Ltd. Common Shares,NYSE,NYSE,USD,9.670000076293945,-0.41296061591608535,9.737543469056341,9.606124962539559,8.468892960478142,-0.018008129398481287,0.004253850667561971,33.33333333333333,,,,,,,0.47,0.84,78.72
CLDT,CLDT,Chatham Lodging Trust (REIT) Common Shares of Beneficial Interest,NYSE,NYSE,USD,7.489999771118164,-0.28454330669708294,7.313458759264547,7.082950132747504,7.0948430312739585,0.17060773147671693,0.14606545087727538,64.99998467309238,0.36,4.0,Quarterly,2025-12-31,0.04806408691602089,,0.06,0.21,250.0
CLDT$A,CLDT$A,Chatham Lodging Trust (REIT) 6.625% Series A Cumulative Redeemable Preferred Shares of Beneficial Interest,NYSE,NYSE,USD,,,,,,,,,,,,,,,,,
CLF,CLF,Cleveland,NYSE,NYSE,USD,10.380000114440918,-0.5149750664160349,13.032918372851704,13.096661307000566,11.805867651421318,-0.506200700663511,-0.05937115994082649,27.750597008608835,,,,,,,-0.19,-0.11,43.15
CLH,CLH,"Clean Harbors, Inc. Common Stock",NYSE,NYSE,USD,273.82000732421875,-0.20750279802019567,262.9390524378741,252.10236145063664,236.98524699087238,5.794655724008635,5.457070185078551,69.45646650124941,,,,,,,2.11,2.43,15.34
CLPR,CLPR,Clipper Realty Inc. Common Stock,NYSE,NYSE,USD,,,,,,,,,,,,,,,,,
CLS,CLS,"Celestica, Inc. Common Stock",NYSE,NYSE,USD,280.6600036621094,-0.49996216733640864,298.1611087275015,300.65600644517343,247.26421646081428,-5.157478146012238,-2.9065568920690428,44.0771137619682,,,,,,,0.54,0.56,3.84
CLVT,CLVT,Clarivate Plc Ordinary Shares,NYSE,NYSE,USD,1.809999942779541,-0.6306122637649018,2.3912635784135055,2.8901944848639123,3.6273949672231036,-0.3619941687439683,-0.3089163767410284,11.971852860248532,,,,,,,0.18,0.2,11.81
CLW,CLW,Clearwater Paper Corporation Common Stock,NYSE,NYSE,USD,17.59000015258789,-0.4617379928878903,17.80983016766127,18.217781397513864,21.01927281278581,-0.2533302081264992,-0.2585289042894181,48.47020716357382,,,,,,,1.4,1.83,31.03
CLX,CLX,Clorox Company (The) Common Stock,NYSE,NYSE,USD,125.94000244140625,-0.38041335259029707,116.66744951334468,111.70452587785759,118.65153988774597,4.767088016315725,3.7672848819108853,76.36145069989502,4.9399999999999995,4.0,Quarterly,2026-01-28,0.03922502703061596,,0.74,0.93,25.15
CM,CM,Canadian Imperial Bank of Commerce Common Stock,NYSE,NYSE,USD,95.81999969482422,-0.12289159077717116,94.69258479413249,91.95647583300968,81.5134920486992,1.3665381793938565,1.276159794792719,62.91391549787448,1.389,2.0,Semi-Annual,2025-06-27,0.01449592991467133,,1.72,1.39,-19.05
CMA,CMA,Comerica Incorporated Common Stock,NYSE,NYSE,USD,88.66999816894531,-0.25699973894114436,91.8113694105016,87.6897312993932,75.92768173011011,1.3960228463614897,1.9950202863799478,43.59782703289135,2.84,4.0,Quarterly,2025-12-15,0.032028871756474744,2026-10-21 08:00:00,,,
CMA$B,CMA$B,"Comerica Incorporated Depositary Shares, each representing a 1/40th interest in a share of 6.875% Fixed",NYSE,NYSE,USD,,,,,,,,,,,,,,,,,
CMBT,CMBT,CMB.TECH NV Ordinary Shares,NYSE,NYSE,USD,12.850000381469727,-0.22408686626671337,12.250092352469732,11.35338728401341,10.151706503553156,0.4959571524772919,0.53674351729622,64.55696997132941,,,,,,,0.27,0.95,248.94
CMC,CMC,Commercial Metals Company Common Stock,NYSE,NYSE,USD,,,,,,,,,,,,,,,,,
CMCM,CMCM,"Cheetah Mobile Inc. American Depositary Shares, each representing fifty (50) Class A Ordinary Shares",NYSE,NYSE,USD,5.559999942779541,-0.47716535699146534,6.212244337658211,6.511812364519194,6.328107100858569,-0.23670897071636432,-0.15945705288185505,26.800003051757812,,,,,,,2.06,0.85,-58.8
CMDB,CMDB,Costamare Bulkers Holdings Limited Common Stock,NYSE,NYSE,USD,19.309999465942383,-0.35999997456868493,17.567685684266518,16.26590431708905,13.907769463747467,1.0047752336496778,0.77754128568432,76.98864205933049,,,,,,,,,
CMG,CMG,"Chipotle Mexican Grill, Inc. Common Stock",NYSE,NYSE,USD,36.29999923706055,-0.488152496448775,38.418388957167316,38.075194888225894,41.85209168395152,-0.3260440441799588,0.16632786881565192,31.923885118773754,,,,,,,8.9,8.29,-6.86
CMI,CMI,Cummins Inc. Common Stock,NYSE,NYSE,USD,,,,,,,,,,,,,,,,,
CMP,CMP,Compass Minerals Intl Inc Common Stock,NYSE,NYSE,USD,23.989999771118164,-0.26292332790169637,23.590283055434668,22.200606647030565,19.082798658290397,0.3506528956364363,0.6431825723098304,45.50084996853197,,,,,,,0.6,-0.46,-176.67
CMPO,CMPO,"CompoSecure, Inc. Class A Common Stock",NYSE,NYSE,USD,24.6299991607666,-0.43895353543687265,23.944856900008205,22.482941653796196,19.157997404763943,0.7227074353071359,0.797493241957141,48.7364560450217,0.0025,1.0,Annual,2026-02-13,0.00010150223650767628,,0.22,0.22,
CMRE,CMRE,Costamare Inc. Common Stock $0.0001 par value,NYSE,NYSE,USD,16.940000534057617,-0.3392689652928692,16.328190618010215,15.748815133306232,13.23319895256092,0.17368259855171075,0.17383424673710435,57.352956129201914,0.20037500000000003,2.0,Semi-Annual,2025-07-21,0.011828512023783535,,0.85,0.88,3.45
CMRE$B,CMRE$B,Costamare Inc. Perpetual Preferred Stock Series B (Marshall Islands),NYSE,NYSE,USD,,,,,,,,,,,,,,,,,
CMRE$C,CMRE$C,Costamare Inc. Perpetual Preferred Series C (Marshall Islands),NYSE,NYSE,USD,,,,,,,,,,,,,,,,,
CMRE$D,CMRE$D,Costamare Inc. 8.75% Series D Cumulative Redeemable Perpetual Preferred Stock,NYSE,NYSE,USD,,,,,,,,,,,,,,,,,
CMS,CMS,CMS Energy Corporation Common Stock,NYSE,NYSE,USD,76.73999786376953,-0.09190838624114361,72.72458159607811,71.98391108589097,71.73711581033209,1.0639564957821648,0.5846882127885231,76.44669995716694,1.629,3.0,Irregular,2025-11-07,0.021227522092088603,,0.55,0.56,2.42
CMS$B,CMS$B,CMS Energy Corporation Preferred Stock,NYSE,NYSE,USD,,,,,,,,,,,,,,,,,
CMS$C,CMS$C,"CMS Energy Corporation Depositary Shares, each representing a 1/1,000th interest in a share of 4.200% Cumulative Redeemable Perpetual Preferred Stock, Series C",NYSE,NYSE,USD,,,,,,,,,,,,,,,,,
CMSA,CMSA,CMS Energy Corporation 5.625% Junior Subordinated Notes due 2078,NYSE,NYSE,USD,22.8799991607666,-0.11771891973363935,22.754391117950206,22.65031621423,22.627006833293247,0.09966612794835683,0.11630141226746883,41.780780757242034,1.408,4.0,Quarterly,2025-11-28,0.061538463795678934,,,,
CMSC,CMSC,CMS Energy Corporation 5.875% Junior Subordinated Notes due 2078,NYSE,NYSE,USD,23.75,-0.08202962221350674,23.603387647240986,23.51669764360373,23.376519812362524,0.08247600015928569,0.08715666223021186,47.945141053544695,1.468,4.0,Quarterly,2025-12-31,0.061810526315789475,,,,
CMSD,CMSD,CMS Energy Corporation 5.875% Junior Subordinated Notes due 2079,NYSE,NYSE,USD,,,,,,,,,,,,,,,,,
CMTG,CMTG,"Claros Mortgage Trust, Inc. Common Stock",NYSE,NYSE,USD,,,,,,,,,,,,,,,,,
CMU,CMU,MFS Municipal Income Trust Common Stock,NYSE,NYSE,USD,,,,,,,,,,,,,,,,,
CNA,CNA,CNA Financial Corporation Common Stock,NYSE,NYSE,USD,,,,,,,,,,,,,,,,,
CNC,CNC,Centene Corporation Common Stock,NYSE,NYSE,USD,40.58000183105469,-0.6078706062300907,41.49512116206735,41.244553259738005,41.91320850369334,-0.9546406555493192,-0.5392891166307612,33.63950187318737,,,,,,,1.24,1.3,4.92
CNF,CNF,"CNFinance Holdings Limited American Depositary Shares, each representing two hundred (200) Ordinary Shares",NYSE,NYSE,USD,5.619999885559082,-0.799999992052714,5.580570938158314,5.486812406828403,6.087197359599741,0.06799174088262738,0.052581790272179026,49.18032915032751,,,,,,,0.03,0.25,733.33
CNH,CNH,CNH Industrial N.V. Common Shares,NYSE,NYSE,USD,12.75,-0.3318840478553765,11.649027242394698,10.883326534863755,11.181522738654428,0.6558750989041329,0.5317084845095006,84.73280747796903,0.25,1.0,Annual,2025-05-21,0.0196078431372549,,0.26,0.33,26.4
CNI,CNI,Canadian National Railway Company Common Stock,NYSE,NYSE,USD,107.5999984741211,-0.1592526960946008,101.81504715768334,99.5567434266455,98.36696996388045,2.055974576204676,1.0849975981234918,67.29474824539335,1.907,3.0,Irregular,2025-09-08,0.017723048578468643,,2.0,2.13,6.24
CNK,CNK,"Cinemark Holdings Inc Cinemark Holdings, Inc. Common Stock",NYSE,NYSE,USD,24.8799991607666,-0.35060704744130056,24.713290904690627,24.711980891676056,26.78070952755744,0.41458567421240033,0.32339076841784603,61.338285350035754,0.33,4.0,Quarterly,2025-11-28,0.013263666042255286,,-0.14,-0.2,-43.51
CNM,CNM,"Core & Main, Inc. Class A Common Stock",NYSE,NYSE,USD,58.18000030517578,-0.33875785763240696,56.562773958861975,55.17207940351293,54.676237397756154,0.7297740723083805,0.6085075691869494,54.17335871566543,,,,,,,0.57,0.67,17.52
CNMD,CNMD,CONMED Corporation Common Stock,NYSE,NYSE,USD,41.79999923706055,-0.40918447392275425,41.069397056542456,41.66718681706307,47.472548671558165,0.13949357142634256,-0.16261242291879047,53.6412082364978,0.6000000000000001,3.0,Irregular,2025-09-15,0.01435406724763838,,0.75,0.77,2.39
CNNE,CNNE,"Cannae Holdings, Inc. Common Stock",NYSE,NYSE,USD,,,,,,,,,,,,,,,,,
CNO,CNO,"CNO Financial Group, Inc. Common Stock",NYSE,NYSE,USD,43.060001373291016,-0.1623789810445464,42.5729169836183,42.056680112850124,40.60106987802663,0.3100895651107862,0.18722250601565446,60.90794645567325,0.67,4.0,Quarterly,2025-12-10,0.01555968366539773,,0.61,0.51,-16.85
CNO$A,CNO$A,"CNO Financial Group, Inc. 5.125% Subordinated Debentures due 2060",NYSE,NYSE,USD,,,,,,,,,,,,,,,,,
CNP,CNP,"CenterPoint Energy, Inc (Holding Co) Common Stock",NYSE,NYSE,USD,42.52000045776367,-0.08937254627286484,40.22937876045075,39.44257638337488,38.13937977917899,0.7391664965896325,0.5119424622302394,82.29169564115136,0.88,4.0,Quarterly,2025-11-20,0.02069614276872196,,0.3,0.32,6.97
CNQ,CNQ,Canadian Natural Resources Limited Common Stock,NYSE,NYSE,USD,,,,,,,,,,,,,,,,,
CNR,CNR,"Core Natural Resources, Inc. Common Stock",NYSE,NYSE,USD,91.51000213623047,-0.24134144840765803,92.60060545375492,90.728655996165,83.4385609582663,-0.3137462256647723,0.28403156898510495,43.757583155776516,0.4,4.0,Quarterly,2025-11-28,0.0043711068808032815,,0.1,0.11,10.0
CNS,CNS,Cohen & Steers Inc Common Stock,NYSE,NYSE,USD,66.66000366210938,-0.3222743485120543,65.00793351042022,65.19683859563236,69.82016448283703,-0.0943142402600472,-0.28912870300043053,55.195300245242734,2.48,4.0,Quarterly,2025-11-10,0.03720371832817153,,0.76,0.79,3.95
CNX,CNX,CNX Resources Corporation Common Stock,NYSE,NYSE,USD,40.599998474121094,-0.20142045451466706,38.50536341022052,37.46472661477901,34.41801120224539,0.8136601831921837,0.5672722571079035,63.818647914455006,,,,,,,0.76,-0.53,-169.56
CODI,CODI,D/B/A Compass Diversified Holdings Shares of Beneficial Interest,NYSE,NYSE,USD,6.389999866485596,-0.7875742245307522,6.285192996754456,6.041796381522434,8.2648970554582,0.27386333200693525,0.2990469591668596,51.31578831791539,0.25,1.0,Annual,2025-04-17,0.039123631490386286,,0.4,0.56,40.0
CODI$A,CODI$A,Compass Diversified Holdings 7.250% Series A Preferred Shares representing beneficial interest in Compass Diversified Holdings,NYSE,NYSE,USD,,,,,,,,,,,,,,,,,
CODI$B,CODI$B,Compass Diversified Holdings 7.875% Series B Fixed,NYSE,NYSE,USD,,,,,,,,,,,,,,,,,
CODI$C,CODI$C,Compass Diversified Holdings 7.875% Series C Cumulative Preferred Shares,NYSE,NYSE,USD,,,,,,,,,,,,,,,,,
COF,COF,Capital One Financial Corporation Common Stock,NYSE,NYSE,USD,,,,,,,,,,,,,,,,,
COF$I,COF$I,Capital One Financial Corporation Depositary shares each representing a 1/40th interest in a share of Fixed Rate Non,NYSE,NYSE,USD,,,,,,,,,,,,,,,,,
COF$J,COF$J,"Capital One Financial Corporation Depositary Shares, Each Representing a 1/40th Interest in a Share of Fixed Rate Non",NYSE,NYSE,USD,,,,,,,,,,,,,,,,,
COF$K,COF$K,"Capital One Financial Corporation Depositary Shares, Each Representing a 1/40th Ownership Interest in a Share of Fixed Rate Non",NYSE,NYSE,USD,,,,,,,,,,,,,,,,,
COF$L,COF$L,"Capital One Financial Corporation Depositary Shares, Each Representing a 1/40th Interest in a Share of Fixed Rate Non",NYSE,NYSE,USD,,,,,,,,,,,,,,,,,
COF$N,COF$N,"Capital One Financial Corporation Depositary Shares, Each Representing a 1/40th Ownership Interest in a Share of Fixed Rate Non",NYSE,NYSE,USD,,,,,,,,,,,,,,,,,
COHR,COHR,Coherent Corp. Common Stock,NYSE,NYSE,USD,,,,,,,,,,,,,,,,,
COLD,COLD,"Americold Realty Trust, Inc. Common Stock",NYSE,NYSE,USD,12.359999656677246,-0.5609544372874506,12.682642541293932,12.650690723195767,14.400547477425432,-0.07173343365445284,-0.012395171354102459,39.361694212751914,0.92,4.0,Quarterly,2025-12-31,0.07443365902546674,,,-0.03,
COMP,COMP,"Compass, Inc. Class A Common Stock",NYSE,NYSE,USD,,,,,,,,,,,,,,,,,
CON,CON,"Concentra Group Holdings Parent, Inc. Common Stock",NYSE,NYSE,USD,23.540000915527344,-0.21386555948547747,22.62933697986378,21.503636147847644,21.142119176222355,0.855809423901853,0.7721538636763323,63.991763087107664,0.252,4.0,Quarterly,2025-12-02,0.010705182251449147,,,,
COOK,COOK,"Traeger, Inc. Common Stock",NYSE,NYSE,USD,0.890999972820282,-0.7077550993597245,0.9680991074572991,0.9981233119929905,1.2794679513573484,-0.04328115057689552,-0.016756958602088035,31.72146814616808,,,,,,,-0.2,-0.21,-4.42
COP,COP,ConocoPhillips Common Stock,NYSE,NYSE,USD,,,,,,,,,,,,,,,,,
COPL,COPL,Copley Acquisition Corp Ordinary Shares,NYSE,NYSE,USD,,,,,,,,,,,,,,,,,
COPL.U,COPL.U,"Copley Acquisition Corp Units, each consisting of one ordinary share and one",NYSE,NYSE,USD,,,,,,,,,,,,,,,,,
COPL.W,COPL.W,"Copley Acquisition Corp Redeemable warrants, each whole warrant exercisable for one Class A ordinary share at an exercise price of $11.50",NYSE,NYSE,USD,,,,,,,,,,,,,,,,,
COR,COR,"Cencora, Inc. Common Stock",NYSE,NYSE,USD,360.8299865722656,-0.11949299207284025,354.72003058199687,349.09941283529844,320.33270199301427,3.159356249279597,2.925291031567532,52.225559444300174,2.3,4.0,Quarterly,2026-02-13,0.0063741930703959514,,0.45,0.46,3.37
COSO,COSO,"CoastalSouth Bancshares, Inc. Common Stock",NYSE,NYSE,USD,25.030000686645508,-0.11646420565164883,24.577746076871474,23.84652877886698,22.397392731663285,0.427997439218629,0.4019881901462715,72.91667080587384,0.05,1.0,Annual,2026-02-12,0.001997602821748102,,,,
COTY,COTY,Coty Inc. Class A Common Stock,NYSE,NYSE,USD,2.509999990463257,-0.5847176066576607,2.9052738207186906,3.149929605236757,3.960108024369828,-0.17934973312699798,-0.1060210547318666,26.797387556047838,,,,,,,0.03,0.19,497.67
COUR,COUR,"Coursera, Inc. Common Stock",NYSE,NYSE,USD,5.920000076293945,-0.5480315072972982,6.174807685110348,6.944150519747013,8.407670752762652,-0.3312767704260908,-0.3597126087052362,37.500007095785726,,,,,,,-0.11,-0.06,45.25
CP,CP,Canadian Pacific Kansas City Limited Common Shares,NYSE,NYSE,USD,83.77999877929688,-0.16417917494781353,78.27393581913357,75.56550072338293,75.24362048153966,2.834367826683504,1.9013999036690978,82.32584595382832,0.464,3.0,Irregular,2025-09-26,0.005538314714259228,,1.01,1.01,0.48
CPA,CPA,"Copa Holdings, S.A. Class A Common Stock",NYSE,NYSE,USD,,,,,,,,,,,,,,,,,
CPAC,CPAC,Cementos Pacasmayo S.A.A. American Depositary Shares (Each representing five Common Shares),NYSE,NYSE,USD,,,,,,,,,,,,,,,,,
CPAI,CPAI,Counterpoint Quantitative Equity ETF,NYSE,NYSE,USD,,,,,,,,,,,,,,,,,
CPAY,CPAY,"Corpay, Inc. Common Stock",NYSE,NYSE,USD,337.1199951171875,-0.34057410925687215,328.18051774645215,317.5066142936054,317.1709472856335,6.77525708347946,5.388244823068156,54.200282001460025,,,,,,,4.09,4.1,0.21
CPF,CPF,Central Pacific Financial Corp New,NYSE,NYSE,USD,34.09000015258789,-0.19232067662886387,33.255430377290594,32.20525850781104,30.253346557061775,0.6815090833176427,0.5968581211195788,82.62029671992448,1.09,4.0,Quarterly,2025-11-28,0.03197418583517531,,0.6,0.61,1.67
CPK,CPK,Chesapeake Utilities Corporation Common Stock,NYSE,NYSE,USD,,,,,,,,,,,,,,,,,
CPNG,CPNG,"Coupang, Inc. Class A Common Stock",NYSE,NYSE,USD,16.979999542236328,-0.49925435351061376,19.165779219907932,21.90898981889112,25.825016591288097,-1.3961989448623768,-1.321129222599805,34.11043148664575,,,,,,,-0.03,0.05,264.31
CPRI,CPRI,Capri Holdings Limited Ordinary Shares,NYSE,NYSE,USD,20.420000076293945,-0.45335087236345395,21.888929704647293,23.089018211982296,21.989161803168265,-1.2759709565162964,-1.1086188844606715,29.424088747006166,,,,,,,1.54,1.79,15.89
CPS,CPS,Cooper,NYSE,NYSE,USD,45.20000076293945,-0.3669880670075516,34.632895567635146,33.39433360426996,29.310954523216765,1.500425837305393,0.5705480285420961,84.38589926897569,,,,,,,-1.89,-2.68,-41.8
CPT,CPT,Camden Property Trust Common Stock,NYSE,NYSE,USD,,,,,,,,,,,,,,,,,
CQP,CQP,"Cheniere Energy Partners, LP Common Units",NYSE,NYSE,USD,59.63999938964844,-0.2579364932526842,56.974664089529305,55.594190757859174,55.6454621215456,0.8942665286657103,0.8124314398746356,64.40350108631947,3.3,4.0,Quarterly,2026-02-09,0.05533199251797397,,1.0,0.25,-74.9
CR,CR,Crane Company Common Stock,NYSE,NYSE,USD,200.52000427246094,-0.23494850675388423,195.79864118170883,193.39117095939935,185.49945870022728,1.1002568268716288,0.22503064588802751,42.414302267670735,0.92,4.0,Quarterly,2025-11-28,0.004588070917602465,,1.85,1.86,0.63
CRBD,CRBD,Corebridge Financial Inc. 6.375% Junior Subordinated Notes due 2064,NYSE,NYSE,USD,,,,,,,,,,,,,,,,,
CRBG,CRBG,Corebridge Financial Inc. Common Stock,NYSE,NYSE,USD,31.06999969482422,-0.2673010489097424,30.738093676811168,30.683094937779156,31.598788033914296,0.1370468100418165,0.10052327630060053,54.15676464598619,0.96,4.0,Quarterly,2025-12-17,0.030897972624052555,,0.85,0.97,14.52
CRC,CRC,California Resources Corporation Common Stock,NYSE,NYSE,USD,,,,,,,,,,,,,,,,,
CRCL,CRCL,"Circle Internet Group, Inc. Class A Common Stock",NYSE,NYSE,USD,,,,,,,,,,,,,,,,,
CRD.A,CRD.A,Crawford & Company Common Stock,NYSE,NYSE,USD,,,,,,,,,,,,,,,,,
CRD.B,CRD.B,Crawford & Company Common Stock,NYSE,NYSE,USD,,,,,,,,,,,,,,,,,
CRGY,CRGY,Crescent Energy Company Class A Common Stock,NYSE,NYSE,USD,,,,,,,,,,,,,,,,,
CRH,CRH,CRH PLC Ordinary Shares,NYSE,NYSE,USD,125.97000122070312,-0.2729165060093821,124.824279522023,123.34308550303793,114.39758502100517,0.5033543481360852,0.2543476744901145,55.56323885077119,0.74,2.0,Semi-Annual,2025-05-23,0.005874414486219607,,0.27,0.28,1.47
CRI,CRI,"Carter's, Inc. Common Stock",NYSE,NYSE,USD,,,,,,,,,,,,,,,,,
CRK,CRK,"Comstock Resources, Inc. Common Stock",NYSE,NYSE,USD,19.020000457763672,-0.5110605125282837,21.47277954175009,22.077673331373216,21.18387235832741,-0.83033258667448,-0.45213435868600615,26.35983196815573,,,,,,,0.35,0.33,-4.44
CRL,CRL,"Charles River Laboratories International, Inc. Common Stock",NYSE,NYSE,USD,161.35000610351562,-0.43624958390609125,192.41305021697045,195.94904412652778,176.51936617114987,-11.13229373703092,-4.896281616242698,13.314897009615564,,,,,,,2.5,2.63,5.41
CRM,CRM,"Salesforce, Inc. Common Stock",NYSE,NYSE,USD,189.72000122070312,-0.4376215807226421,207.55318532031404,227.0894621354943,251.6403095302254,-15.149122565550869,-13.850435282761492,18.68686722731171,1.664,4.0,Quarterly,2025-12-18,0.008770820099585876,,1.21,1.4,15.23
CRS,CRS,Carpenter Technology Corporation Common Stock,NYSE,NYSE,USD,,,,,,,,,,,,,,,,,
CRT,CRT,Cross Timbers Royalty Trust Common Stock,NYSE,NYSE,USD,,,,,,,,,,,,,,,,,
CSAN,CSAN,Cosan S.A. ADS,NYSE,NYSE,USD,,,,,,,,,,,,,,,,,
CSL,CSL,Carlisle Companies Incorporated Common Stock,NYSE,NYSE,USD,409.0400085449219,-0.32106820434510963,380.9196104504904,357.8567443034443,352.5320159083803,19.55907163358654,14.739312655751121,78.52643936406237,4.2,4.0,Quarterly,2025-11-14,0.010267944240810725,,5.43,5.66,4.3
CSR,CSR,D/B/A Centerspace Common Stock,NYSE,NYSE,USD,63.56999969482422,-0.19655539592625615,64.30378965200134,64.36132993183132,62.44789646123551,-0.37762406941475035,-0.3238678132542073,47.64226078973812,3.08,4.0,Quarterly,2025-12-30,0.04845052721072719,,-0.04,2.76,6233.33
CSTM,CSTM,Constellium SE Ordinary Shares (France),NYSE,NYSE,USD,,,,,,,,,,,,,,,,,
CSV,CSV,"Carriage Services, Inc. Common Stock",NYSE,NYSE,USD,43.15999984741211,-0.15655417746865574,43.401136369837936,43.20718328689286,43.17118212137344,0.21625563545407545,0.1981195518520107,51.762830897591236,0.452,4.0,Quarterly,2026-02-02,0.01047265990727528,,0.52,0.56,8.74
CSW,CSW,"CSW Industrials, Inc. Common Stock",NYSE,NYSE,USD,309.4800109863281,-0.3109413180422814,301.4394401306527,296.97964481144726,286.69350024952956,0.39156973917368987,-2.6234603094616187,47.481355718987686,1.08,4.0,Quarterly,2026-01-30,0.0034897245756130954,,2.23,2.17,-2.47
CTA$A,CTA$A,"EIDP, Inc. Preferred Stock $3.50 Series",NYSE,NYSE,USD,,,,,,,,,,,,,,,,,
CTA$B,CTA$B,"EIDP, Inc. Preferred Stock $4.50 Series",NYSE,NYSE,USD,,,,,,,,,,,,,,,,,
CTBB,CTBB,Qwest Corporation 6.5% Notes due 2056,NYSE,NYSE,USD,,,,,,,,,,,,,,,,,
CTDD,CTDD,Qwest Corporation 6.75% Notes due 2057,NYSE,NYSE,USD,,,,,,,,,,,,,,,,,
CTEV,CTEV,Claritev Corporation Class A Common Stock,NYSE,NYSE,USD,,,,,,,,,,,,,,,,,
CTO,CTO,"CTO Realty Growth, Inc. Common Stock",NYSE,NYSE,USD,,,,,,,,,,,,,,,,,
CTO$A,CTO$A,"CTO Realty Growth, Inc. 6.375% Series A Cumulative Redeemable Preferred Stock",NYSE,NYSE,USD,,,,,,,,,,,,,,,,,
CTOS,CTOS,"Custom Truck One Source, Inc. Common Stock",NYSE,NYSE,USD,7.260000228881836,-0.349328199600189,6.673154327227562,6.382530708511687,5.84788371136978,0.24429313782413775,0.17702136599299273,82.39436714310084,,,,,,,0.03,0.06,102.22
CTRA,CTRA,Coterra Energy Inc. Common Stock,NYSE,NYSE,USD,31.3700008392334,-0.2309264491041958,29.181703129373254,27.515437604574775,26.028857759655384,1.325840221066727,1.0913869563328622,73.52246443843582,0.88,4.0,Quarterly,2025-11-13,0.02805227849721361,,0.7,0.87,23.66
CTRE,CTRE,"CareTrust REIT, Inc. Common Stock",NYSE,NYSE,USD,,,,,,,,,,,,,,,,,
CTRI,CTRI,"Centuri Holdings, Inc. Common Stock",NYSE,NYSE,USD,31.010000228881836,-0.2670207157779644,28.923392156522834,26.94752469376891,23.26961454862235,1.1362830961705228,0.8991657753987193,67.00288026032277,,,,,,,,,
CTS,CTS,CTS Corporation Common Stock,NYSE,NYSE,USD,,,,,,,,,,,,,,,,,
CTVA,CTVA,"Corteva, Inc. Common Stock ",NYSE,NYSE,USD,75.02999877929688,-0.2090249244356578,72.91294280689644,70.39949151297915,68.14587061849777,1.4760531226278033,1.5002409636061738,59.836080438903195,0.7,4.0,Quarterly,2025-12-01,0.009329601644524508,,1.58,1.6,0.96
CUBB,CUBB,"Customers Bancorp, Inc 5.375% Subordinated Notes Due 2034",NYSE,NYSE,USD,22.700000762939453,-0.08760888089595531,22.496231849781378,22.216029333639607,21.326273035743977,0.12723090216782396,0.0997905986188167,62.64883444358979,1.344,4.0,Quarterly,2025-12-15,0.059207046468220635,,,,
CUBE,CUBE,CubeSmart Common Shares,NYSE,NYSE,USD,38.93000030517578,-0.19047618215877982,38.13498511099377,37.78963708445002,39.12447369444241,0.35564398048416024,0.3180280844276687,62.30766973553901,2.09,4.0,Quarterly,2026-01-02,0.0536861028414154,,0.33,0.43,31.63
CUBI,CUBI,"Customers Bancorp, Inc Common Stock",NYSE,NYSE,USD,72.7300033569336,-0.24960507137106258,75.51628853234291,74.57437390869624,67.36955641656654,-0.8433548646567743,0.0285685510974088,34.65729308506114,,,,,,,1.59,0.77,-51.63
CUBI$F,CUBI$F,"Customers Bancorp, Inc Fixed",NYSE,NYSE,USD,,,,,,,,,,,,,,,,,
CUK,CUK,Carnival Plc ADS ADS,NYSE,NYSE,USD,31.559999465942383,-0.37826451679925044,31.203143291387324,29.553823434406283,26.54480153390213,0.9240303039476565,0.8485165642349185,61.96077774323774,0.15,1.0,Annual,2026-02-13,0.004752851791454268,,,,
CULP,CULP,"Culp, Inc. Common Stock",NYSE,NYSE,USD,3.5799999237060547,-0.3964285407139325,3.5720860208193925,3.6620739517676495,4.064122625193547,-0.03295723060769973,-0.03228405635275598,48.051949258316704,,,,,,,-0.61,-0.73,-18.7
CURB,CURB,Curbline Properties Corp. Common Stock,NYSE,NYSE,USD,,,,,,,,,,,,,,,,,
CURV,CURV,Torrid Holdings Inc. Common Stock,NYSE,NYSE,USD,,,,,,,,,,,,,,,,,
CUZ,CUZ,Cousins Properties Incorporated Common Stock,NYSE,NYSE,USD,22.459999084472656,-0.287585997025086,24.81066258291265,25.45691872597596,26.925198126623595,-0.7041014598483315,-0.3180855987693946,29.948582494414637,1.28,4.0,Quarterly,2026-01-05,0.05699020713161589,,0.14,0.19,40.74
CVE,CVE,Cenovus Energy Inc Common Stock,NYSE,NYSE,USD,,,,,,,,,,,,,,,,,
CVE.W,CVE.W,Cenovus Energy Inc Warrants (each warrant entitles the holder to purchase one common share at an exercise price of C$6.54 per share),NYSE,NYSE,USD,,,,,,,,,,,,,,,,,
CVEO,CVEO,Civeo Corporation (Canada) Common Shares,NYSE,NYSE,USD,,,,,,,,,,,,,,,,,
CVI,CVI,CVR Energy Inc. Common Stock,NYSE,NYSE,USD,,,,,,,,,,,,,,,,,
CVLG,CVLG,"Covenant Logistics Group, Inc. Class A Common Stock",NYSE,NYSE,USD,28.56999969482422,-0.3464799081941682,27.306454219641303,25.216845716118,23.611194624425618,1.2284242286496188,1.204734537342682,63.91213109468627,0.28,4.0,Quarterly,2025-12-05,0.009800490129186988,,1.42,1.37,-3.18
CVNA,CVNA,Carvana Co. Class A Common Stock,NYSE,NYSE,USD,342.8699951171875,-0.43023861853004153,402.8883083094562,410.45290648038,365.18453379680375,-20.78676679224543,-11.267889898648797,23.62096523419845,,,,,,,-1.94,-2.67,-37.35
CVS,CVS,CVS Health Corporation Common Stock,NYSE,NYSE,USD,78.4800033569336,-0.16286691729086267,77.4868136004007,78.01899387118253,74.24260527722167,-0.5256313113048634,-0.7307888792756103,39.9552814826779,2.66,4.0,Quarterly,2026-01-22,0.033893984279053845,,1.99,2.09,4.9
CVX,CVX,Chevron Corporation Common Stock,NYSE,NYSE,USD,,,,,,,,,,,,,,,,,
CW,CW,Curtiss,NYSE,NYSE,USD,684.219970703125,-0.16586644430876685,646.7873454196313,615.6074892384521,527.0944281077528,14.144518690395785,15.250243698463764,58.566461248283765,0.9299999999999999,4.0,Quarterly,2025-11-28,0.0013592120075716352,,1.39,1.53,9.81
CWAN,CWAN,"Clearwater Analytics Holdings, Inc. Class A Common Stock",NYSE,NYSE,USD,,,,,,,,,,,,,,,,,
CWEN,CWEN,"Clearway Energy, Inc. Class C Common Stock",NYSE,NYSE,USD,,,,,,,,,,,,,,,,,
CWEN.A,CWEN.A,"Clearway Energy, Inc. Class A Common Stock",NYSE,NYSE,USD,,,,,,,,,,,,,,,,,
CWH,CWH,"Camping World Holdings, Inc. Class A Common Stock",NYSE,NYSE,USD,11.479999542236328,-0.5825285363377115,12.753211654587766,12.462407697329587,14.568741374327141,0.06657760014417491,0.39177563113708247,23.163835516846632,0.5,4.0,Quarterly,2025-12-15,0.04355400870535217,,-0.06,0.14,337.69
CWK,CWK,Cushman & Wakefield Ltd. Common Shares,NYSE,NYSE,USD,12.890000343322754,-0.40332324532206176,15.36262210724951,15.8081787165685,14.722722683716933,-0.6748478335047565,-0.291178927562468,27.445990452833044,,,,,,,0.54,0.43,-20.19
CWT,CWT,California Water Service Group Common Stock,NYSE,NYSE,USD,46.560001373291016,-0.17620714816028504,44.725534574979605,44.65402947074509,45.47422134204241,0.26093667807496246,0.13087296477495625,63.94560188669257,1.2349999999999999,4.0,Quarterly,2026-02-09,0.026524913306992585,,1.1,1.03,-6.15
CX,CX,"Cemex, S.A.B. de C.V. Sponsored ADR",NYSE,NYSE,USD,,,,,,,,,,,,,,,,,
CXE,CXE,MFS High Income Municipal Trust Common Stock,NYSE,NYSE,USD,3.8299999237060547,-0.11428567005221058,3.7857248777908854,3.7529376508034638,3.693011618225481,0.02370410385610011,0.019397222970446902,73.6842105263158,0.209,12.0,Monthly,2026-01-20,0.05456919168754541,,,,
CXH,CXH,MFS Investment Grade Municipal Trust Common Stock,NYSE,NYSE,USD,8.140000343322754,-0.10146703784571276,8.072829088182303,8.018308257833656,7.894796237272584,0.033871161441043185,0.02866503378200553,72.41396320107864,0.383,12.0,Monthly,2026-01-20,0.047051595067090515,,,,
CXM,CXM,"Sprinklr, Inc. Class A Common Stock",NYSE,NYSE,USD,5.489999771118164,-0.4278131822896809,6.203293292418276,6.818983137348694,7.667807760834073,-0.44399608678884306,-0.3910529667649033,18.446603739606218,,,,,,,-0.01,0.02,275.44
CXT,CXT,"Crane NXT, Co. Common Stock",NYSE,NYSE,USD,,,,,,,,,,,,,,,,,
CXW,CXW,"CoreCivic, Inc. Common Stock",NYSE,NYSE,USD,18.920000076293945,-0.30052040180706807,18.835369829468192,18.938111223658364,19.369023597723913,-0.20232233804964395,-0.15448788301720978,53.892221040122294,,,,,,,0.14,0.11,-24.14
CYD,CYD,China Yuchai International Limited Common Stock,NYSE,NYSE,USD,53.61000061035156,-0.44458130566623466,47.64228797773895,43.07818642989572,33.54601925701639,3.0515105708656165,2.676703386325702,78.69250501718346,0.53,1.0,Annual,2025-06-25,0.009886215145792448,,4.34,5.99,38.02
CYH,CYH,"Community Health Systems, Inc. Common Stock",NYSE,NYSE,USD,,,,,,,,,,,,,,,,,
D,D,"Dominion Energy, Inc. Common Stock",NYSE,NYSE,USD,66.51000213623047,-0.13529514916376228,62.27666939657614,60.92160200046069,59.24351655224654,1.4127507372080927,0.903309567133387,84.48842183717174,2.672,4.0,Quarterly,2025-12-05,0.04017440857281919,,1.08,1.11,3.14
DAC,DAC,Danaos Corporation Common Stock,NYSE,NYSE,USD,,,,,,,,,,,,,,,,,
DAL,DAL,"Delta Air Lines, Inc. Common Stock",NYSE,NYSE,USD,69.0,-0.4512922250646906,70.28091095002071,68.44269083236551,62.21387972072366,0.6797643082736329,0.653460632979743,53.57142857142858,0.6759999999999999,4.0,Quarterly,2025-10-16,0.00979710144927536,,1.53,1.51,-1.46
DAN,DAN,Dana Incorporated Common Stock ,NYSE,NYSE,USD,,,,,,,,,,,,,,,,,
DAO,DAO,"Youdao, Inc. American Depositary Shares, each representing one Class A Ordinary Share",NYSE,NYSE,USD,9.279999732971191,-0.41027954266286504,10.123019968207648,10.269899148420372,9.827139789868372,-0.38997038282401064,-0.21154677208178896,29.53367286785776,,,,,,,-0.86,-1.33,-53.82
DAR,DAR,Darling Ingredients Inc. Common Stock,NYSE,NYSE,USD,,,,,,,,,,,,,,,,,
DAVA,DAVA,Endava plc American Depositary Shares (each representing one Class A Ordinary Share),NYSE,NYSE,USD,5.099999904632568,-0.8535943877801272,5.843104886389865,6.510848444618274,11.517043572902978,-0.4138221194633127,-0.31167609754770587,19.53641631238081,,,,,,,48.71,51.0,4.7
DAY,DAY,"Dayforce, Inc. Common Stock",NYSE,NYSE,USD,69.86000061035156,-0.27742779761708525,69.2964255754874,69.03499193869806,66.11284411872535,0.04742396436944318,0.035623543297969545,60.32395666986876,,,,,,,0.32,0.5,54.38
DB,DB,Deutsche Bank AG Common Stock,NYSE,NYSE,USD,35.279998779296875,-0.2277227722772277,37.886211223979586,37.81872139538236,33.9286964792845,-0.5263137872745318,-0.1547775737147509,31.50806565388845,0.767,1.0,Annual,2025-05-23,0.021740363564017283,,0.32,0.69,119.05
DBD,DBD,Diebold Nixdorf Incorporated Common stock,NYSE,NYSE,USD,,,,,,,,,,,,,,,,,
DBI,DBI,Designer Brands Inc. Class A Common Stock,NYSE,NYSE,USD,,,,,,,,,,,,,,,,,
DBL,DBL,DoubleLine Opportunistic Credit Fund Common Shares of Beneficial Interest,NYSE,NYSE,USD,15.119999885559082,-0.04755865429482409,15.1435899744755,15.212961292196054,15.380454391973716,-0.024128492697915505,-0.031220896468507543,57.14280153521576,1.32,12.0,Monthly,2026-01-14,0.08730158796235939,,,,
DBRG,DBRG,"DigitalBridge Group, Inc.",NYSE,NYSE,USD,15.40999984741211,-0.44444441847292115,15.31481568902046,14.471534754768285,12.363644501001454,0.2199626572838067,0.30164446038553594,50.0,0.04,4.0,Quarterly,2025-12-31,0.00259571709254218,,-0.21,-0.39,-85.71
DBRG$H,DBRG$H,"DigitalBridge Group, Inc. 7.125% Series H ",NYSE,NYSE,USD,,,,,,,,,,,,,,,,,
DBRG$I,DBRG$I,"DigitalBridge Group, Inc. 7.15% Series I ",NYSE,NYSE,USD,,,,,,,,,,,,,,,,,
DBRG$J,DBRG$J,"DigitalBridge Group, Inc. 7.125% Series J ",NYSE,NYSE,USD,,,,,,,,,,,,,,,,,
DCI,DCI,"Donaldson Company, Inc. Common Stock",NYSE,NYSE,USD,109.45999908447266,-0.15517490753784147,104.79798195261003,98.35537406591595,85.10410384478419,3.870013610843941,3.5854618175583997,77.93929281043229,1.2,4.0,Quarterly,2026-02-12,0.010962908916835766,,0.71,0.7,-0.94
DCO,DCO,Ducommun Incorporated Common Stock,NYSE,NYSE,USD,123.95999908447266,-0.1453673913088519,116.3925655895924,108.00752444527456,92.09279211600538,4.770254180045498,4.736013321770745,78.24268503680625,,,,,,,0.85,0.96,12.5
DD,DD,"DuPont de Nemours, Inc. Common Stock",NYSE,NYSE,USD,,,,,,,,,,,,,,,,,
DDD,DDD,3D Systems Corporation Common Stock,NYSE,NYSE,USD,2.0799999237060547,-0.7085106254541367,2.23026823465535,2.2473780373453525,2.455214629672463,-0.040857636543870424,-0.0034229506593874658,33.64485210805486,,,,,,,-0.07,-0.09,-23.78
DDL,DDL,Dingdong (Cayman) Limited American Depositary Shares (each two representing three Ordinary Shares),NYSE,NYSE,USD,2.890000104904175,-0.5498652453063673,2.861768189079272,2.6459344581291426,2.4400200704274937,0.06759442450389042,0.08736972719385422,54.48276168242585,,,,,,,-2.62,-1.97,24.81
DDS,DDS,"Dillard's, Inc. Common Stock",NYSE,NYSE,USD,,,,,,,,,,,,,,,,,
DDT,DDT,Dillard's Capital Trust I,NYSE,NYSE,USD,26.270000457763672,-0.04557541839789525,26.243958929032313,26.191614556070668,26.0711631819428,0.02329880590382416,0.012703908559511186,60.00004768398867,1.876,4.0,Quarterly,2026-01-16,0.07141225608336746,,,,
DE,DE,Deere & Company Common Stock,NYSE,NYSE,USD,602.9199829101562,-0.18905492343219965,556.9353585757026,520.8246956201435,493.58376464419825,28.342221767439355,23.012973758938422,85.18817249750619,6.48,4.0,Quarterly,2025-12-31,0.010747694857819323,,7.11,7.44,4.67
DEA,DEA,"Easterly Government Properties, Inc. Common Stock",NYSE,NYSE,USD,23.959999084472656,-0.30218339278708384,23.49924888562948,22.80277936420625,22.818041067734498,0.4683037221017017,0.4655313791059721,60.09853397011941,2.0125,4.0,Quarterly,2025-11-07,0.08399416013768575,,0.08,0.01,-87.5
DEC,DEC,Diversified Energy Company Common Stock,NYSE,NYSE,USD,,,,,,,,,,,,,,,,,
DECK,DECK,Deckers Outdoor Corporation Common Stock,NYSE,NYSE,USD,115.7300033569336,-0.4896047049239557,110.36618112953377,104.93570714810444,107.9413415864271,3.869493753283564,3.2895201950344615,67.63628341078666,,,,,,,3.68,3.8,3.17
DEI,DEI,"Douglas Emmett, Inc. Common Stock",NYSE,NYSE,USD,10.109999656677246,-0.43153046078713797,10.536252353589804,11.128001558580193,13.235394020931752,-0.2487121172438247,-0.22743648879747277,40.598264473049284,0.76,4.0,Quarterly,2025-12-31,0.0751730984973922,,0.1,0.1,-3.15
DELL,DELL,Dell Technologies Inc. Class C Common Stock ,NYSE,NYSE,USD,117.48999786376953,-0.4078207854201866,119.324788083908,123.63103847307693,125.74957665361164,-0.9827884460363805,-1.4674219722822288,51.38839245458485,2.1,4.0,Quarterly,2026-01-20,0.01787386193022971,,1.6,2.3,44.16
DEO,DEO,Diageo plc Common Stock,NYSE,NYSE,USD,99.16999816894531,-0.2646220065090106,94.90046687778127,92.62477710003103,97.54572282005346,2.76730106849125,2.0534549020579362,77.44006627891008,4.139,2.0,Semi-Annual,2025-10-17,0.04173641299205057,,0.72,0.77,6.67
DFH,DFH,"Dream Finders Homes, Inc. Class A Common Stock",NYSE,NYSE,USD,21.049999237060547,-0.45208132727831685,19.524629357173175,19.459578829302018,21.741866320759346,0.4802467485278932,0.246616343194348,69.83869985288807,,,,,,,0.69,0.64,-7.58
DFIN,DFIN,"Donnelley Financial Solutions, Inc. Common Stock ",NYSE,NYSE,USD,39.119998931884766,-0.418678820556984,46.963296968529946,48.52153413714541,51.81680050749564,-2.479350726860851,-0.9500659404236794,12.007985962223302,,,,,,,0.94,0.77,-18.09
DFP,DFP,Flaherty & Crumrine Dynamic Preferred and Income Fund Inc. Common Stock,NYSE,NYSE,USD,,,,,,,,,,,,,,,,,
DG,DG,Dollar General Corporation Common Stock,NYSE,NYSE,USD,153.83999633789062,-0.17520630422014005,146.50978005748752,138.17355538571488,115.83093004259618,2.621570387340199,2.7460471462276965,55.56258980558225,2.36,4.0,Quarterly,2026-01-06,0.01534061398972313,,2.54,2.33,-8.09
DGX,DGX,Quest Diagnostics Incorporated Common Stock,NYSE,NYSE,USD,206.8699951171875,-0.09805042896750316,192.71136889589252,186.61203762298544,180.51560994862228,6.289944199999013,3.9631113205138147,80.21350183158509,3.2,4.0,Quarterly,2026-01-13,0.015468652175426733,,2.19,2.36,7.6
DHF,DHF,BNY Mellon High Yield Strategies Fund Common Stock,NYSE,NYSE,USD,2.559999942779541,-0.12260534333509965,2.5382372818430503,2.5297060393104824,2.5433240109641795,0.010806629440256899,0.00854291950087196,57.89473684210526,0.21599999999999997,12.0,Monthly,2026-02-05,0.08437500188592824,,,,
DHI,DHI,"D.R. Horton, Inc. Common Stock",NYSE,NYSE,USD,,,,,,,,,,,,,,,,,
DHR,DHR,Danaher Corporation Common Stock,NYSE,NYSE,USD,212.5800018310547,-0.18700246089797634,222.4127587689582,224.75153233204753,214.62331951407577,-4.452615221389152,-3.3263748387220398,24.60533001200534,1.28,4.0,Quarterly,2025-12-26,0.006021262531633921,,2.26,2.56,13.25
DHT,DHT,"DHT Holdings, Inc.",NYSE,NYSE,USD,,,,,,,,,,,,,,,,,
DHX,DHX,"DHI Group, Inc. Common Stock",NYSE,NYSE,USD,2.4000000953674316,-0.6019736666676078,2.0430546984668894,1.8990003363843049,2.1352367241007983,0.19584959359947662,0.12680275736569938,65.80311172059518,,,,,,,0.01,-0.02,-300.0
DIAX,DIAX,Nuveen Dow 30SM Dynamic Overwrite Fund Common Shares of Beneficial Interest,NYSE,NYSE,USD,,,,,,,,,,,,,,,,,
DIN,DIN,"Dine Brands Global, Inc. Common Stock",NYSE,NYSE,USD,31.729999542236328,-0.3181983294730252,34.67555172985009,33.66680850064868,28.936845456338354,-0.2681780439344337,0.13415604322385,32.65581976436752,1.72,4.0,Quarterly,2025-12-23,0.05420737550627694,,1.3,1.66,27.26
DINO,DINO,HF Sinclair Corporation Common Stock,NYSE,NYSE,USD,58.529998779296875,-0.32666319761847096,54.54938837136785,52.166897028222195,47.80296251225812,2.4222645769846096,1.9013712294811291,81.65515681028336,2.0,4.0,Quarterly,2025-11-19,0.03417051156179823,,4.21,4.58,8.7
DIS,DIS,Walt Disney Company (The) Common Stock,NYSE,NYSE,USD,105.44999694824219,-0.28189807531432365,108.36337158395558,109.8771504031082,110.91841164867475,-1.5955744033688717,-1.1973608376339064,42.13634047976307,1.25,2.0,Semi-Annual,2025-12-15,0.011853959565437779,,0.55,0.3,-45.32
DIVY,DIVY,Sound Equity Dividend Income ETF,NYSE,NYSE,USD,28.965999603271484,-0.1744260841479608,28.122179897529477,27.278749943176198,26.259931261009534,0.590554410824673,0.5105643529582466,77.89960971942523,0.95,24.0,Monthly,2026-02-12,0.032797072878945455,,,,
DK,DK,"Delek US Holdings, Inc. Common Stock",NYSE,NYSE,USD,,,,,,,,,,,,,,,,,
DKL,DKL,"Delek Logistics Partners, L.P. Common Units representing Limited Partner Interests",NYSE,NYSE,USD,54.93000030517578,-0.17810713410179402,51.33905337045043,48.76646461419503,45.393680922103776,1.852463821380752,1.5754365228902323,70.05312714038493,4.470000000000001,4.0,Quarterly,2026-02-05,0.08137629665330286,,1.02,0.74,-27.45
DKS,DKS,Dick's Sporting Goods Inc Common Stock,NYSE,NYSE,USD,,,,,,,,,,,,,,,,,
DLB,DLB,Dolby Laboratories Common Stock,NYSE,NYSE,USD,66.0199966430664,-0.27739643345217735,64.95893419938035,65.14456272281365,69.90992579539338,0.7397740814440397,0.19598909014096644,59.84847944812503,1.38,4.0,Quarterly,2026-02-10,0.020902757803228866,,0.6,0.54,-10.0
DLNG,DLNG,Dynagas LNG Partners LP Common Units,NYSE,NYSE,USD,,,,,,,,,,,,,,,,,
DLNG$A,DLNG$A,Dynagas LNG Partners LP 9.00% Series A Cumulative Redeemable Preferred Units,NYSE,NYSE,USD,,,,,,,,,,,,,,,,,
DLR,DLR,"Digital Realty Trust, Inc. Common Stock",NYSE,NYSE,USD,180.97000122070312,-0.2086627871491188,168.39991179200555,164.02700445683132,164.71379627448871,4.941241770056422,3.393268118487297,82.70396409503456,4.88,4.0,Quarterly,2025-12-15,0.026965795253814276,,0.32,0.75,137.81
DLR$J,DLR$J,"Digital Realty Trust, Inc. 5.250% Series J Cumulative Redeemable Preferred Stock",NYSE,NYSE,USD,,,,,,,,,,,,,,,,,
DLR$K,DLR$K,"Digital Realty Trust, Inc. 5.850% Series K Cumulative Redeemable Preferred Stock, par value $0.01 per share",NYSE,NYSE,USD,,,,,,,,,,,,,,,,,
DLR$L,DLR$L,"Digital Realty Trust, Inc. 5.200% Series L Cumulative Redeemable Preferred Stock",NYSE,NYSE,USD,,,,,,,,,,,,,,,,,
DLX,DLX,Deluxe Corporation Common Stock,NYSE,NYSE,USD,26.209999084472656,-0.2790697522029524,25.953203454449422,24.05749256540013,20.50894632916733,0.925492522592819,1.1163341352955518,59.547237479551384,1.5,5.0,Irregular,2026-02-09,0.05723006685981271,,0.94,0.99,5.88
DLY,DLY,DoubleLine Yield Opportunities Fund Common Shares of Beneficial Interest,NYSE,NYSE,USD,14.949999809265137,-0.12759458522559286,14.83797249402838,14.770905307947192,15.08895617094964,0.07036406931993255,0.05616574232905416,75.51021599760219,1.4040000000000001,12.0,Monthly,2026-01-14,0.09391304467642086,,,,
DMA,DMA,Destra Multi,NYSE,NYSE,USD,8.670000076293945,-0.16572082241145358,8.849312803080018,8.883530925701148,8.759474503971749,-0.07131088765845561,-0.041328947298498786,25.454513928023374,0.46799999999999997,6.0,Irregular,2025-08-18,0.05397923827932075,,,,
DMB,DMB,"BNY Mellon Municipal Bond Infrastructure Fund, Inc. Common Stock",NYSE,NYSE,USD,11.1899995803833,-0.11059914476951405,11.096770544792346,10.962986759675372,10.653807301535949,0.06585121453701781,0.06346340261947087,73.33334746184772,0.444,12.0,Monthly,2026-01-20,0.03967828567021191,,,,
DMO,DMO,Western Asset Mortgage Opportunity Fund Inc. Common Stock,NYSE,NYSE,USD,,,,,,,,,,,,,,,,,
DNA,DNA,"Ginkgo Bioworks Holdings, Inc. Class A Common Stock",NYSE,NYSE,USD,9.289999961853027,-0.6218601259497574,9.272606659154187,9.437405714760368,10.451442435366216,-0.018164656107430233,0.006374208636337492,45.286191421072765,,,,,,,-0.3,-0.41,-38.51
DNOW,DNOW,DNOW Inc. Common Stock,NYSE,NYSE,USD,,,,,,,,,,,,,,,,,
DNP,DNP,"DNP Select Income Fund, Inc. Common Stock",NYSE,NYSE,USD,10.4399995803833,-0.1038306174445105,10.155939692243575,10.088143241285739,9.91760055722883,0.06999106572854252,0.04298514972427445,72.72730650568924,0.78,12.0,Monthly,2026-01-30,0.07471264668109906,,,,
DOC,DOC,"Healthpeak Properties, Inc. Common Stock",NYSE,NYSE,USD,,,,,,,,,,,,,,,,,
DOCN,DOCN,"DigitalOcean Holdings, Inc. Common Stock",NYSE,NYSE,USD,68.16000366210938,-0.44870420800583166,59.5439722277422,53.94647465526316,43.8818361093933,3.5502433294421536,2.9197719911045255,65.90753136825086,,,,,,,0.23,0.38,65.82
DOCS,DOCS,"Doximity, Inc. Class A Common Stock",NYSE,NYSE,USD,,,,,,,,,,,,,,,,,
DOLE,DOLE,Dole plc Ordinary Shares,NYSE,NYSE,USD,15.90999984741211,-0.16524024651383062,15.680172333265482,15.150272207367104,14.352526427524571,0.2757393322861237,0.3136026065025221,62.9955845345276,0.165,2.0,Semi-Annual,2025-06-09,0.010370836051694783,,0.1,0.14,37.25
DOUG,DOUG,Douglas Elliman Inc. Common Stock,NYSE,NYSE,USD,2.5,-0.30263160784158716,2.6141290520833573,2.5958714841552943,2.5037464084852656,-0.005194036322638151,0.024109698846751605,40.740735835007236,,,,,,,-0.04,-0.24,-500.0
DOV,DOV,Dover Corporation Common Stock,NYSE,NYSE,USD,231.6300048828125,-0.26783895387222734,217.18333463821395,205.51922330419805,190.81406974847127,8.001864366537319,6.054723665545158,75.84792763594878,2.0700000000000003,4.0,Quarterly,2025-11-28,0.008936666046556732,,2.18,2.26,3.5
DOW,DOW,Dow Inc. Common Stock ,NYSE,NYSE,USD,32.4900016784668,-0.4801108010095694,30.22676206946369,27.473717616733804,27.077425022255756,1.9333731381964867,1.7049942975100147,66.61526972877711,2.0999999999999996,4.0,Quarterly,2025-11-28,0.06463526905238062,,0.7,0.75,6.97
DPG,DPG,Duff & Phelps Utility and Infrastructure Fund Inc.,NYSE,NYSE,USD,14.5600004196167,-0.12693249995596334,13.698935359440545,13.302071484661287,12.802935748919529,0.3509766057470465,0.2549977938531526,88.69045287575166,0.8400000000000001,12.0,Monthly,2026-01-30,0.05769230602962535,,,,
DQ,DQ,"DAQO New Energy Corp. American Depositary Shares, each representing five ordinary shares",NYSE,NYSE,USD,,,,,,,,,,,,,,,,,
DRD,DRD,DRDGOLD Limited American Depositary Shares,NYSE,NYSE,USD,35.650001525878906,-0.24842174126960537,34.39277808198325,32.76747848090956,25.113326543070077,0.34473823918313684,0.42387735287906586,46.426965336654376,0.163,1.0,Annual,2025-03-14,0.0045722298183262546,,,,
DRH$A,DRH$A,Diamondrock Hospitality Company 8.250% Series A Cumulative Redeemable Preferred Stock,NYSE,NYSE,USD,,,,,,,,,,,,,,,,,
DRI,DRI,"Darden Restaurants, Inc. Common Stock",NYSE,NYSE,USD,211.5,-0.2505536024948235,207.56932425340733,199.7266552100645,196.15951768317484,4.415113420383818,4.336191995184071,72.07737861586182,5.9,4.0,Quarterly,2026-01-09,0.02789598108747045,,1.44,1.52,5.8
DRLL,DRLL,Strive U.S. Energy ETF,NYSE,NYSE,USD,34.04899978637695,-0.1980692603728904,32.424703349581,30.84868245350093,29.135258747357593,1.1654762523120255,1.0273535056150327,72.22300442499437,0.854,4.0,Quarterly,2025-12-11,0.0250815003482624,,,,
DSL,DSL,DoubleLine Income Solutions Fund Common Shares of Beneficial Interests,NYSE,NYSE,USD,,,,,,,,,,,,,,,,,
DSM,DSM,"BNY Mellon Strategic Municipal Bond Fund, Inc. Common Stock",NYSE,NYSE,USD,,,,,,,,,,,,,,,,,
DSMC,DSMC,Distillate Small/Mid Cash Flow ETF,NYSE,NYSE,USD,,,,,,,,,,,,,,,,,
DSTX,DSTX,Distillate International Fundamental Stability & Value ETF,NYSE,NYSE,USD,34.242000579833984,-0.1354621373258882,33.510427690012136,32.68150654550922,30.224720591434654,0.44710372748453864,0.39730524325656214,58.57643679373991,0.929,4.0,Quarterly,2025-12-29,0.027130424165319144,,,,
DSU,DSU,"Blackrock Debt Strategies Fund, Inc. Common Stock",NYSE,NYSE,USD,10.050000190734863,-0.1538461402484591,10.15747050518145,10.210798115456278,10.364879861848705,-0.036422922696909055,-0.027003088655165746,31.249944120425695,1.1880000000000002,12.0,Monthly,2026-02-13,0.11820895298044096,,,,
DSX,DSX,Diana Shipping inc. common stock,NYSE,NYSE,USD,2.390000104904175,-0.3089004840209306,2.232350894738001,2.0427815927546087,1.817545994025372,0.11998713147567752,0.11992055217008941,63.41463698296964,0.03,3.0,Irregular,2025-08-21,0.01255230070427249,,0.28,0.37,30.63
DSX$B,DSX$B,Diana Shipping Inc. Perpetual Preferred Shares Series B (Marshall Islands),NYSE,NYSE,USD,,,,,,,,,,,,,,,,,
DSX.W,DSX.W,Diana Shipping inc. Warrants,NYSE,NYSE,USD,,,,,,,,,,,,,,,,,
DT,DT,"Dynatrace, Inc. Common Stock",NYSE,NYSE,USD,,,,,,,,,,,,,,,,,
DTB,DTB,DTE Energy Company 2020 Series G 4.375% Junior Subordinated Debentures due 2080,NYSE,NYSE,USD,17.579999923706055,-0.10639416639217703,17.530584717215827,17.569784022792277,17.814505219100134,-0.006271890647060019,0.004384711996373627,39.046481389992906,1.092,4.0,Quarterly,2025-12-31,0.062116041225203526,,,,
DTE,DTE,DTE Energy Company Common Stock,NYSE,NYSE,USD,,,,,,,,,,,,,,,,,
DTF,DTF,DTF Tax,NYSE,NYSE,USD,,,,,,,,,,,,,,,,,
DTG,DTG,DTE Energy Company 2021 Series E 4.375% Junior Subordinated Debentures,NYSE,NYSE,USD,,,,,,,,,,,,,,,,,
DTK,DTK,DTE Energy Company 2025 Series H 6.25% Junior Subordinated Debentures due 2085,NYSE,NYSE,USD,25.149999618530273,-0.032131648907347876,24.953204637797977,24.94870876022063,25.08192088783581,0.05642936817558564,0.017460036756180883,63.99993896484375,,,,,,,,,
DTM,DTM,"DT Midstream, Inc. Common Stock ",NYSE,NYSE,USD,,,,,,,,,,,,,,,,,
DTW,DTW,DTE Energy Company 2017 Series E 5.25% Junior Subordinated Debentures due 2077,NYSE,NYSE,USD,,,,,,,,,,,,,,,,,
DUK,DUK,Duke Energy Corporation (Holding Company) Common Stock,NYSE,NYSE,USD,,,,,,,,,,,,,,,,,
DUK$A,DUK$A,"Duke Energy Corporation Depositary Shares, each representing a 1/1,000th interest in a share of 5.75% Series A Cumulative Redeemable Perpetual Preferred Stock",NYSE,NYSE,USD,,,,,,,,,,,,,,,,,
DUKB,DUKB,Duke Energy Corporation 5.625% Junior Subordinated Debentures due 2078,NYSE,NYSE,USD,24.709999084472656,-0.05531066236138471,24.64424948695008,24.690487173851267,24.676649771582515,-0.017552239101757294,-0.03286888511836431,41.666556287004774,1.408,4.0,Quarterly,2025-12-12,0.05698098147177849,,,,
DV,DV,"DoubleVerify Holdings, Inc. Common Stock",NYSE,NYSE,USD,,,,,,,,,,,,,,,,,
DVA,DVA,DaVita Inc. Common Stock,NYSE,NYSE,USD,148.9499969482422,-0.3401727610547466,129.66349156272233,122.27222872770794,129.1908348220785,9.55920016951518,6.245249601416435,79.41509716591429,,,,,,,1.77,1.13,-36.06
DVN,DVN,Devon Energy Corporation Common Stock,NYSE,NYSE,USD,44.65999984741211,-0.304798968418759,41.4840393867222,38.8732469751851,35.809464628304674,1.986525592976868,1.6646185458966938,82.52425027036192,0.96,4.0,Quarterly,2025-12-15,0.02149574570712025,,1.38,1.46,5.81
DX,DX,"Dynex Capital, Inc. Common Stock",NYSE,NYSE,USD,14.050000190734863,-0.2281553359532702,14.10398590136842,13.978862993817863,13.415248232555573,-0.031105620578452786,0.009814271376255764,36.453195490576235,2.02,12.0,Monthly,2026-01-21,0.14377224004111186,,0.32,0.24,-26.08
DX$C,DX$C,"Dynex Capital, Inc. 6.900% Series C Fixed",NYSE,NYSE,USD,,,,,,,,,,,,,,,,,
DXC,DXC,DXC Technology Company Common Stock ,NYSE,NYSE,USD,13.390000343322754,-0.43761726347355745,14.293185694622387,14.380175327763299,14.886519109005382,-0.2705884893131021,-0.12331773347066968,41.41414469814345,,,,,,,0.73,0.75,2.51
DXYZ,DXYZ,Destiny Tech100 Inc. Common Stock,NYSE,NYSE,USD,30.0,-0.6144444500958478,30.980932135039627,29.987708519313998,31.700242325757145,0.2085937646879401,0.45318728471911013,51.46656239528976,,,,,,,,,
DY,DY,"Dycom Industries, Inc. Common Stock",NYSE,NYSE,USD,427.4800109863281,-0.239221140472879,390.2717882604744,363.9248136147394,296.57829637351796,17.624038527237246,13.144489159609432,66.26658476388482,,,,,,,1.33,1.8,35.85
E,E,ENI S.p.A. Common Stock,NYSE,NYSE,USD,43.45000076293945,-0.19955509743630395,41.39613876114658,39.56447529491988,35.87796666160476,1.27469940435153,1.1093708727687017,71.90293424691171,1.091,2.0,Semi-Annual,2025-05-20,0.025109320617793064,,,,
EAF,EAF,GrafTech International Ltd. Common Stock,NYSE,NYSE,USD,,,,,,,,,,,,,,,,,
EAI,EAI,"Entergy Arkansas, LLC First Mortgage Bonds, 4.875% Series Due September 1, 2066",NYSE,NYSE,USD,21.229999542236328,-0.0037664747913432883,21.20914166801816,21.222924979674588,21.234667467648844,-0.009304493928627977,-0.010986839164323753,,,,,,,,,,
EARN,EARN,Ellington Credit Company Common Shares of Beneficial Interest,NYSE,NYSE,USD,,,,,,,,,,,,,,,,,
EAT,EAT,"Brinker International, Inc. Common Stock",NYSE,NYSE,USD,,,,,,,,,,,,,,,,,
EB,EB,"Eventbrite, Inc. Class A Common Stock",NYSE,NYSE,USD,,,,,,,,,,,,,,,,,
EBF,EBF,"Ennis, Inc. Common Stock",NYSE,NYSE,USD,20.760000228881836,-0.24550898887499983,19.869958272401334,19.024215957799026,18.58104454032114,0.5424680574569898,0.496423682075495,77.73725625596917,1.0,4.0,Quarterly,2026-01-08,0.04816955630900113,,0.42,0.44,4.76
EBS,EBS,Emergent BioSolutions Inc. Common Stock,NYSE,NYSE,USD,10.829999923706055,-0.561728383554456,11.365273591418633,11.442917883020938,9.8508662746209,-0.302975782742422,-0.2359586588332553,35.863874214841374,,,,,,,-0.06,-1.27,-1959.35
EC,EC,Ecopetrol S.A. American Depositary Shares,NYSE,NYSE,USD,11.899999618530273,-0.2797074573411611,12.021426553150963,11.281279787337668,10.092054769845726,0.24450723603172797,0.39765787505384353,38.18180504580528,0.992,2.0,Semi-Annual,2025-04-28,0.08336134721006977,,0.82,0.69,-15.79
ECAT,ECAT,BlackRock ESG Capital Allocation Term Trust Common Shares of Beneficial Interest,NYSE,NYSE,USD,15.220000267028809,-0.17153072728255891,15.472437743953666,15.633393854006117,15.991090270519324,-0.07892067229846944,-0.07682181956529541,39.86486181714847,3.479,12.0,Monthly,2026-02-13,0.22858081070711816,,,,
ECC,ECC,Eagle Point Credit Company Inc. Common Stock,NYSE,NYSE,USD,4.46999979019165,-0.4954853314443549,5.1639277228473315,5.549551651418691,6.500610366037149,-0.2974306284042205,-0.21770259306599626,21.487613076366813,1.6800000000000002,12.0,Monthly,2026-02-09,0.3758389438152458,,0.41,,
ECC$D,ECC$D,Eagle Point Credit Company Inc. 6.75% Series D Preferred Stock,NYSE,NYSE,USD,,,,,,,,,,,,,,,,,
ECCC,ECCC,Eagle Point Credit Company Inc. 6.50% Series C Term Preferred Stock due 2031,NYSE,NYSE,USD,,,,,,,,,,,,,,,,,
ECCF,ECCF,Eagle Point Credit Company Inc. 8.00% Series F Term Preferred Stock due 2029,NYSE,NYSE,USD,24.989999771118164,-0.03456499152150572,25.023622608150003,25.101587214376234,25.11663188345984,-0.046524626305508576,-0.05209721971277145,34.99988079059676,2.000004,12.0,Monthly,2026-02-09,0.0800321736021573,,,,
ECCU,ECCU,Eagle Point Credit Company Inc. 7.75% Notes due 2030,NYSE,NYSE,USD,25.299999237060547,-0.04722054187551927,25.29408674933566,25.23534008780891,25.079239588011543,0.030926906665321496,0.038852032197131736,48.571402621229595,2.049,4.0,Quarterly,2025-12-15,0.0809881447347451,,,,
ECCV,ECCV,Eagle Point Credit Company Inc. 5.375% Notes due 2029,NYSE,NYSE,USD,,,,,,,,,,,,,,,,,
ECCW,ECCW,Eagle Point Credit Company Inc. 6.75% Notes due 2031,NYSE,NYSE,USD,24.8700008392334,-0.0696720853347792,24.846383587435277,24.700832525491077,24.190776097116657,0.014431721127539987,0.03358295074386162,46.31582328801227,1.688,4.0,Quarterly,2025-12-15,0.06787293699391896,,,,
ECCX,ECCX,Eagle Point Credit Company Inc. 6.6875% Notes due 2028,NYSE,NYSE,USD,24.899999618530273,-0.0540117104490907,25.068210546369315,25.043471445535513,24.925320523313413,-0.012091094096359,0.004433512205220458,40.495425564758996,1.672,4.0,Quarterly,2025-12-15,0.06714859540623118,,,,
ECG,ECG,"Everus Construction Group, Inc. Common Stock",NYSE,NYSE,USD,105.16000366210938,-0.30203575197082133,95.20904853089144,91.88941144156858,79.30954117557636,3.1579968036010087,1.7894394429944958,63.950618679358456,,,,,,,,,
ECL,ECL,Ecolab Inc. Common Stock,NYSE,NYSE,USD,299.1700134277344,-0.16370177239918016,287.76469433013506,278.3201291757887,269.8786789336108,7.237697295246676,5.921650124320049,69.40416427889207,2.68,4.0,Quarterly,2025-12-16,0.00895811705623152,,1.31,1.3,-0.96
ECO,ECO,Okeanis Eco Tankers Corp. Common Stock,NYSE,NYSE,USD,42.97999954223633,-0.24202773469044647,40.0949291536533,37.87113181718741,31.823058765676,1.3167893609567187,1.1566490002631724,70.3703770790646,0.6699999999999999,2.0,Semi-Annual,2025-06-02,0.015588646047834243,,0.88,1.23,39.77
ECVT,ECVT,Ecovyst Inc. Common Stock,NYSE,NYSE,USD,11.619999885559082,-0.36698338771844186,10.998100164428916,10.327600734944705,9.084154783350655,0.3361019013917712,0.31059228769546604,61.718728172147,,,,,,,0.24,0.23,-4.32
ED,ED,"Consolidated Edison, Inc. Common Stock",NYSE,NYSE,USD,,,,,,,,,,,,,,,,,
EDD,EDD,"Morgan Stanley Emerging Markets Domestic Debt Fund, Inc. Common Stock",NYSE,NYSE,USD,6.170000076293945,-0.10288065560986637,5.946929092913226,5.7543447250067645,5.3938806454634625,0.1280678768822483,0.1116834669963287,78.57144681775026,0.53,4.0,Quarterly,2025-12-19,0.08589951271416325,,,,
EDF,EDF,Virtus Stone Harbor Emerging Markets Income Fund Common Shares of Beneficial Interest,NYSE,NYSE,USD,,,,,,,,,,,,,,,,,
EDN,EDN,Empresa Distribuidora Y Comercializadora Norte S.A. (Edenor) American Depositary Shares,NYSE,NYSE,USD,28.389999389648438,-0.6224848877633697,29.18993874895683,29.30716127030887,29.01632815487858,-0.3278667725135094,-0.2538485981172808,41.29464139997133,,,,,,,,,
EDU,EDU,"New Oriental Education & Technology Group, Inc. Sponsored ADR representing 10 Ordinary Share (Cayman Islands)",NYSE,NYSE,USD,58.70000076293945,-0.25702953206906964,59.61534668802536,57.58952391316161,54.059945149898404,1.119756931688599,1.3429183871773132,59.41759922703926,,,,,,,0.38,0.48,25.65
EE,EE,"Excelerate Energy, Inc. Class A Common Stock",NYSE,NYSE,USD,,,,,,,,,,,,,,,,,
EEA,EEA,"The European Equity Fund, Inc. Common Stock",NYSE,NYSE,USD,10.90999984741211,-0.14074073550795974,10.86413230688105,10.785398937223409,10.418560622395182,0.05524406784203428,0.054022873236410196,53.5087763327628,0.195,2.0,Semi-Annual,2025-12-30,0.017873510790768224,,,,
EEX,EEX,"Emerald Holding, Inc. Common Stock",NYSE,NYSE,USD,,,,,,,,,,,,,,,,,
EFC,EFC,Ellington Financial Inc. Common Stock ,NYSE,NYSE,USD,12.9399995803833,-0.19651571941001655,13.154727447929922,13.399235910077902,13.361545638342157,-0.21366819469384346,-0.20366279819219443,30.172409540690666,1.56,12.0,Monthly,2026-01-30,0.12055641812886293,,0.43,0.45,4.55
EFC$A,EFC$A,Ellington Financial Inc. 6.750% Series A Fixed,NYSE,NYSE,USD,,,,,,,,,,,,,,,,,
EFC$B,EFC$B,Ellington Financial Inc. 6.250% Series B Fixed,NYSE,NYSE,USD,,,,,,,,,,,,,,,,,
EFC$C,EFC$C,Ellington Financial Inc. 8.625% Series C Fixed,NYSE,NYSE,USD,,,,,,,,,,,,,,,,,
EFC$D,EFC$D,Ellington Financial Inc. 7.00% Series D Cumulative Perpetual Redeemable Preferred Stock,NYSE,NYSE,USD,,,,,,,,,,,,,,,,,
EFR,EFR,Eaton Vance Senior Floating,NYSE,NYSE,USD,,,,,,,,,,,,,,,,,
EFT,EFT,Eaton Vance Floating Rate Income Trust Common Shares of Beneficial Interest,NYSE,NYSE,USD,11.350000381469727,-0.16704453219497917,11.384090113131094,11.41963446734997,11.81400476547692,-0.02610562134260519,-0.015251291999895143,32.43249512851442,0.984,11.0,Monthly,2025-12-30,0.08669603232846593,,,,
EFX,EFX,"Equifax, Inc. Common Stock",NYSE,NYSE,USD,192.8000030517578,-0.37602481742375904,200.02193253648738,208.62258665852846,227.96857176051108,-5.80518707908459,-5.62734597326841,37.426089990202534,1.8900000000000001,4.0,Quarterly,2025-11-24,0.00980290440914891,,1.63,1.73,6.44
EFXT,EFXT,Enerflex Ltd Common Shares,NYSE,NYSE,USD,18.950000762939453,-0.30702704352301524,17.647739985573903,16.236489654176598,12.586154429121127,0.7102591426729639,0.7076879761190824,61.97853995392813,0.053,2.0,Semi-Annual,2025-05-21,0.00279683366048471,,0.12,0.08,-33.33
EG,EG,"Everest Group, Ltd. Common Stock",NYSE,NYSE,USD,338.0299987792969,-0.1703355131563301,329.7950224689681,328.6984977823696,333.0449234057132,1.6418579632521642,0.5596167527932948,61.21943548528568,4.0,2.0,Semi-Annual,2025-05-28,0.011833269279190926,,11.64,15.21,30.71
EGO,EGO,Eldorado Gold Corporation Ordinary Shares,NYSE,NYSE,USD,47.369998931884766,-0.25588408047223354,42.796428925494105,39.107252004325645,29.50554095433006,1.4753434460704469,1.3816427262096846,48.58156129103996,,,,,,,0.04,0.11,163.98
EGP,EGP,"EastGroup Properties, Inc. Common Stock",NYSE,NYSE,USD,,,,,,,,,,,,,,,,,
EGY,EGY,"VAALCO Energy, Inc.  Common Stock",NYSE,NYSE,USD,4.929999828338623,-0.3049327627538436,4.7342117291962325,4.324709349752264,3.9852784173244213,0.22300205792655348,0.2757540951923021,54.09835905389202,0.252,4.0,Quarterly,2025-11-21,0.05111562044109083,,0.17,0.07,-58.82
EHAB,EHAB,"Enhabit, Inc. Common Stock",NYSE,NYSE,USD,11.15999984741211,-0.39629630872415067,10.821430156164084,10.15634055620927,9.074569792015131,0.3243633983158034,0.32872486723552025,64.42954265869079,,,,,,,0.23,0.32,37.78
EHC,EHC,Encompass Health Corporation Common Stock,NYSE,NYSE,USD,110.13999938964844,-0.2622267525876383,103.66488692215735,105.48292153142557,110.85441445530567,1.6998290015977489,-0.46516267310027215,73.08239586928804,0.72,4.0,Quarterly,2026-01-02,0.006537134592245781,,0.7,0.88,25.15
EHI,EHI,Western Asset Global High Income Fund Inc Common Stock,NYSE,NYSE,USD,,,,,,,,,,,,,,,,,
EIC,EIC,Eagle Point Income Company Inc. Common Stock,NYSE,NYSE,USD,,,,,,,,,,,,,,,,,
EICA,EICA,Eagle Point Income Company Inc. 5.00% Series A Term Preferred Stock due 2026,NYSE,NYSE,USD,24.719999313354492,-0.015667294313860602,24.779955570961434,24.73059805359728,24.559014142268694,0.018347978297825307,0.03534190541391916,43.46403293617524,1.248,12.0,Monthly,2026-02-09,0.05048543829553396,,,,
EICB,EICB,Eagle Point Income Company Inc. 7.75% Series B Term Preferred Stock Due 2028,NYSE,NYSE,USD,,,,,,,,,,,,,,,,,
EICC,EICC,Eagle Point Income Company Inc. 8.00% Series C Term Preferred Stock due 2029,NYSE,NYSE,USD,,,,,,,,,,,,,,,,,
EIG,EIG,Employers Holdings Inc Common Stock,NYSE,NYSE,USD,42.5,-0.307027671203578,43.89836492603604,43.23905655969262,43.759824208333306,-0.03063240002550316,0.2973382613195854,40.22276316211894,1.26,4.0,Quarterly,2025-11-12,0.029647058823529412,,0.58,0.6,2.87
EIIA,EIIA,Eagle Point Institutional Income Fund 8.125% Series A Term Preferred Shares Due 2029,NYSE,NYSE,USD,25.235000610351562,-0.030230717873237944,25.230045924117185,25.215798931363114,25.1269723431609,0.00018981528751638166,0.0031281244136635382,52.46477454364733,2.028,12.0,Monthly,2026-02-09,0.08036457106991712,,,,
EIX,EIX,Edison International Common Stock,NYSE,NYSE,USD,,,,,,,,,,,,,,,,,
EL,EL,"Estee Lauder Companies, Inc. (The) Common Stock",NYSE,NYSE,USD,108.23999786376953,-0.33342207203184804,108.94413266790724,107.16473799415604,93.45162184198368,-1.531704366168725,-0.3652227090878381,41.38295478103606,1.4,4.0,Quarterly,2025-11-28,0.012934220506563893,,0.51,0.47,-7.11
ELAN,ELAN,Elanco Animal Health Incorporated Common Stock,NYSE,NYSE,USD,25.1299991607666,-0.2844522438306032,24.60018228762952,23.592278527300365,19.493538384985534,0.47630508433910634,0.4771758077742708,54.18993580010123,,,,,,,0.16,0.2,25.79
ELC,ELC,"Entergy Louisiana, Inc. Collateral Trust Mortgage Bonds, 4.875 % Series due September 1, 2066",NYSE,NYSE,USD,20.940000534057617,-0.08179291129101063,20.845977450098836,20.855871226773125,20.970480459930183,0.022404691714822178,0.021206051633621905,47.0001220703125,1.22,4.0,Quarterly,2025-11-28,0.05826169860959389,,,,
ELF,ELF,"e.l.f. Beauty, Inc. Common Stock",NYSE,NYSE,USD,81.5,-0.5335106086922146,81.4795097316087,85.07002556953802,94.32701626241644,-2.0745254117758094,-1.0828964178578653,41.234383004546125,,,,,,,0.16,0.36,123.71
ELME,ELME,Elme Communities Common Stock,NYSE,NYSE,USD,2.180000066757202,-0.8769230666819979,3.4479896136242667,7.85670055741535,13.54530071148995,-1.9340751588653333,-2.4450305618133195,41.935483870967744,15.21,4.0,Quarterly,2026-01-08,6.977064006527857,,0.01,-0.04,-500.0
ELP,ELP,Companhia Paranaense de Energia (COPEL) American Depositary Shares (each representing four (4) Class A Preferred Shares),NYSE,NYSE,USD,,,,,,,,,,,,,,,,,
ELPC,ELPC,Companhia Paranaense de Energia (COPEL) American Depositary Shares (each representing four (4) Common Shares),NYSE,NYSE,USD,10.6899995803833,-0.16234499163465266,10.283180089553339,9.906038121478302,8.914793225546251,0.3035108540385423,0.2531016152832304,55.41400267940096,0.282,1.0,Annual,2025-04-28,0.026379795235678447,,,,
ELS,ELS,"Equity Lifestyle Properties, Inc. Common Stock",NYSE,NYSE,USD,67.81999969482422,-0.153924089620753,64.68174410360562,63.1462302146664,62.60804450666209,1.3624533155665688,1.0283234966483896,76.35777971243171,2.06,4.0,Quarterly,2025-12-26,0.030374520927006314,,0.3,0.39,30.0
ELV,ELV,"Elevance Health, Inc. Common Stock",NYSE,NYSE,USD,346.79998779296875,-0.39327132876617954,343.86150263753876,346.3226828193554,349.1658549105345,-5.937601727996764,-5.053146157306349,39.07779073343525,6.84,4.0,Quarterly,2025-12-05,0.019723184085240843,,7.15,7.53,5.34
EMA,EMA,Emera Incorporated Common Shares,NYSE,NYSE,USD,,,,,,,,,,,,,,,,,
EMBJ,EMBJ,Embraer S.A. Common Stock,NYSE,NYSE,USD,71.04000091552734,-0.2833333851879638,72.2728568757108,69.77286560352574,60.83412029590047,0.3257574483793775,0.9876949465500594,32.82193418657101,0.049,1.0,Annual,2025-05-16,0.0006897522433630766,,,,
EMD,EMD,Western Asset Emerging Markets Debt Fund Inc Common Stock,NYSE,NYSE,USD,,,,,,,,,,,,,,,,,
EME,EME,"EMCOR Group, Inc. Common Stock",NYSE,NYSE,USD,,,,,,,,,,,,,,,,,
EMF,EMF,Templeton Emerging Markets Fund Common Stock,NYSE,NYSE,USD,,,,,,,,,,,,,,,,,
EMN,EMN,Eastman Chemical Company Common Stock,NYSE,NYSE,USD,80.08000183105469,-0.45520442382476944,74.63509047825274,69.71621363557774,71.42094976580444,3.7132558076752957,3.0692043078477402,79.1558129697305,3.33,4.0,Quarterly,2025-12-15,0.04158341563259855,,1.26,0.89,-29.26
EMO,EMO,ClearBridge Energy Midstream Opportunity Fund Inc. Common Stock,NYSE,NYSE,USD,,,,,,,,,,,,,,,,,
EMP,EMP,"Entergy Mississippi, LLC First Mortgage Bonds, 4.90% Series Due October 1, 2066",NYSE,NYSE,USD,20.8700008392334,-0.0114777509741526,20.844864102181564,20.874552617901738,20.899083907703133,-0.019841522711967485,-0.02548050486285086,,,,,,,,,,
EMR,EMR,Emerson Electric Company Common Stock,NYSE,NYSE,USD,148.1300048828125,-0.24686025184386184,150.5275600082489,144.75484465059344,134.74907802163256,2.655943416543977,3.511264713044815,49.10104320468441,2.1660000000000004,4.0,Quarterly,2026-02-13,0.014622290748680863,,1.38,1.53,10.65
ENB,ENB,Enbridge Inc Common Stock,NYSE,NYSE,USD,53.880001068115234,-0.10364644544446067,49.855977161410465,48.570220544773946,47.11789109080251,1.3174245904028012,0.8928941964901005,86.31956965093252,1.363,2.0,Semi-Annual,2025-08-15,0.02529695569747469,,0.65,0.67,3.67
ENIC,ENIC,Enel Chile S.A. American Depositary Shares (Each representing 50 shares of Common Stock),NYSE,NYSE,USD,4.21999979019165,-0.21410582794093969,4.296985738780124,4.172933341476328,3.83455354526092,0.027550905828190864,0.05476769454411909,34.24659502796679,0.176,1.0,Annual,2025-05-16,0.04170616321097186,,47.22,72.5,53.53
ENJ,ENJ,"Entergy New Orleans, LLC First Mortgage Bonds, 5.0% Series due December 1, 2052",NYSE,NYSE,USD,21.40999984741211,-0.0873015659432983,21.221163416133987,21.264839847503218,21.352010696187627,0.06291600235006811,0.019531822730527157,82.69229358471188,1.252,4.0,Quarterly,2025-11-28,0.05847734745086105,,,,
ENO,ENO,"Entergy New Orleans, LLC First Mortgage Bonds, 5.50% Series due April 1, 2066",NYSE,NYSE,USD,22.461999893188477,-0.06523573777263902,22.533703007766167,22.582151672656035,22.585267679360225,0.007923430700977008,-0.003942610723715262,44.74704200473873,0.344,1.0,Annual,2025-03-31,0.015314753879253502,,,,
ENOV,ENOV,Enovis Corporation Common Stock,NYSE,NYSE,USD,,,,,,,,,,,,,,,,,
ENR,ENR,"Energizer Holdings, Inc. Common Stock",NYSE,NYSE,USD,22.770000457763672,-0.4569240467486644,22.118121219436517,21.573916937148695,23.63410223510862,0.6345916563577205,0.6036782088203887,65.24591999009428,1.2,4.0,Quarterly,2025-11-25,0.052700921206650535,,0.78,0.82,5.53
ENS,ENS,EnerSys Common Stock,NYSE,NYSE,USD,179.1999969482422,-0.23914729685073077,174.49727362277173,162.16758334503058,129.7275668524372,4.732191907136041,5.8286360756592135,52.521156132026995,1.006,4.0,Quarterly,2025-12-12,0.005613839381317401,,1.38,1.82,32.12
ENVA,ENVA,"Enova International, Inc. Common Stock",NYSE,NYSE,USD,149.1199951171875,-0.2247089111550412,157.16567918038575,152.6740149888292,130.18634304410904,-1.0820087701791863,0.7071663622147163,40.73491054463593,,,,,,,1.64,1.74,6.1
EOD,EOD,Allspring Global Dividend Opportunity Fund Common Shares of Beneficial Interest,NYSE,NYSE,USD,6.079999923706055,-0.15619050888788133,6.0538712950119535,5.963372971608612,5.688825385598898,0.04558959188444156,0.04815236323674975,57.1428733618604,0.509,4.0,Quarterly,2025-12-11,0.08371710631366913,,,,
EOG,EOG,"EOG Resources, Inc. Common Stock",NYSE,NYSE,USD,120.7300033569336,-0.24979730115015075,112.61116950716986,109.97018549617384,113.23842177034376,2.85640643361441,1.9641079973379985,73.43805838105449,3.99,4.0,Quarterly,2026-01-16,0.033048951288469026,,2.48,2.69,8.37
EOI,EOI,Eaton Vance Enhance Equity Income Fund Eaton Vance Enhanced Equity Income Fund Shares of Beneficial Interest,NYSE,NYSE,USD,,,,,,,,,,,,,,,,,
EOS,EOS,Eaton Vance Enhance Equity Income Fund II Common Stock,NYSE,NYSE,USD,22.0,-0.24336460351875844,22.339136907313986,22.65870334050175,23.16409831423104,-0.21184459602899608,-0.19512262239471317,37.65181560967172,1.672,11.0,Monthly,2026-01-15,0.076,,,,
EOT,EOT,Eaton Vance Municipal Income Trust EATON VANCE NATIONAL MUNICIPAL OPPORTUNITIES TRUST,NYSE,NYSE,USD,,,,,,,,,,,,,,,,,
EP$C,EP$C,El Paso Corporation Preferred Stock,NYSE,NYSE,USD,,,,,,,,,,,,,,,,,
EPAC,EPAC,Enerpac Tool Group Corp. Common Stock,NYSE,NYSE,USD,43.02000045776367,-0.24227671085263658,41.530553645101044,40.622843360136024,41.04373349728404,0.7232011199139521,0.6038223549784778,65.57178942307559,0.04,1.0,Annual,2025-10-07,0.0009298000830862691,,,,
EPAM,EPAM,"EPAM Systems, Inc. Common Stock",NYSE,NYSE,USD,166.3699951171875,-0.46565459357676753,192.48549529548453,196.4332560182293,190.000126900201,-9.74803874880999,-5.4414287130293735,21.841473896205287,,,,,,,2.53,3.1,22.52
EPC,EPC,Edgewell Personal Care Company Common Stock,NYSE,NYSE,USD,21.889999389648438,-0.5051322210791973,19.96743919945423,19.1426229906795,21.59612522765223,0.803167507007867,0.641481757605495,74.08760445178302,0.6,4.0,Quarterly,2025-12-04,0.027409776917752406,,0.76,0.79,3.8
EPD,EPD,Enterprise Products Partners L.P. Common Stock,NYSE,NYSE,USD,37.209999084472656,-0.15400351460464934,34.43200858053887,33.27496577640979,32.31366882649001,0.9386366352269064,0.7052340498046945,80.49848279333827,2.1750000000000003,4.0,Quarterly,2026-01-30,0.0584520304626292,,0.63,0.64,1.97
EPR,EPR,EPR Properties Common Stock,NYSE,NYSE,USD,58.4900016784668,-0.1999672936913095,55.4490816956811,53.814231369525274,53.10874647990448,1.397668412603835,1.1064480392371294,79.33468924259432,3.53,12.0,Monthly,2026-01-30,0.060352195224839186,,0.62,0.69,11.29
EPR$C,EPR$C,EPR Properties 5.75% Series C Cumulative Convertible Preferred Shares,NYSE,NYSE,USD,,,,,,,,,,,,,,,,,
EPR$E,EPR$E,EPR Properties Series E Cumulative Conv Pfd Shs Ser E,NYSE,NYSE,USD,,,,,,,,,,,,,,,,,
EPR$G,EPR$G,EPR Properties 5.750% Series G Cumulative Redeemable Preferred Shares,NYSE,NYSE,USD,,,,,,,,,,,,,,,,,
EPRT,EPRT,"Essential Properties Realty Trust, Inc. Common Stock",NYSE,NYSE,USD,,,,,,,,,,,,,,,,,
EQBK,EQBK,"Equity Bancshares, Inc. Class A Common Stock",NYSE,NYSE,USD,,,,,,,,,,,,,,,,,
EQH,EQH,"Equitable Holdings, Inc. Common Stock",NYSE,NYSE,USD,44.38999938964844,-0.23493762323818435,45.51888266596606,46.50801565656582,49.31703908870199,-0.714699785903079,-0.6058394348314591,41.738294023452944,1.05,4.0,Quarterly,2025-11-24,0.023653976445984264,,1.19,0.96,-19.27
EQH$A,EQH$A,"Equitable Holdings, Inc. Depositary Shares",NYSE,NYSE,USD,,,,,,,,,,,,,,,,,
EQH$C,EQH$C,"Equitable Holdings, Inc. Depositary Shares, each representing a 1/1,000th interest in a share of Fixed Rate Noncumulative Perpetual Preferred Stock, Series C",NYSE,NYSE,USD,,,,,,,,,,,,,,,,,
EQNR,EQNR,Equinor ASA,NYSE,NYSE,USD,28.100000381469727,-0.20192308018872696,26.633195471149847,25.309895008646535,24.443800877942692,0.9845687076006975,0.887481563312671,67.3699086404227,1.1099999999999999,3.0,Irregular,2025-11-14,0.039501778823176764,,,1.12,
EQR,EQR,Equity Residential Common Shares of Beneficial Interest,NYSE,NYSE,USD,63.86000061035156,-0.2175419436203787,62.889187717482905,62.23856121081045,64.0998749456682,0.6758614660913551,0.4844142467123417,56.39706032911277,2.772,4.0,Quarterly,2026-01-02,0.0434074533903256,,0.33,0.56,67.66
EQS,EQS,"Equus Total Return, Inc. Common Stock",NYSE,NYSE,USD,1.3700000047683716,-0.47791166773603944,1.3749597744880357,1.4976154728496966,1.605567429693785,-0.03499892299377194,-0.048196862971424406,43.47826763001586,,,,,,,,,
EQT,EQT,EQT Corporation Common Stock,NYSE,NYSE,USD,58.70000076293945,-0.18613501415647815,55.75648453480415,55.237489630410366,54.573405944224,0.8358334966483909,0.5276610016412483,57.34445623300636,0.639,4.0,Quarterly,2025-11-05,0.010885860165157543,,1.27,1.7,34.09
ERO,ERO,Ero Copper Corp. Common Shares,NYSE,NYSE,USD,30.719999313354492,-0.3321799483801495,31.87571119985594,29.503392301065276,22.26000802782089,0.38223951817093393,1.0773170768560352,44.14029208209755,,,,,,,0.41,0.4,-2.68
ES,ES,Eversource Energy (D/B/A) Common Stock,NYSE,NYSE,USD,73.36000061035156,-0.15130873974277892,69.39024319574337,68.97984004206916,67.19060715720883,0.4939081042403899,0.18477686120044892,63.466679506672506,3.012,4.0,Quarterly,2025-12-17,0.04105779682306856,,1.34,1.41,4.84
ESAB,ESAB,ESAB Corporation Common Stock,NYSE,NYSE,USD,134.82000732421875,-0.22195721238512833,126.33555600086314,120.76776506603947,119.12988458682263,4.705905400096796,3.4831400018885317,69.50489279315198,0.38,4.0,Quarterly,2025-12-31,0.002818572758909335,,0.85,0.92,8.24
ESE,ESE,ESCO Technologies Inc. Common Stock,NYSE,NYSE,USD,268.4100036621094,-0.17559678371877707,245.485402907349,227.31946668494805,204.64435429946008,16.10515323570536,12.197086988620331,75.66522794589997,0.32,4.0,Quarterly,2026-01-02,0.0011922059373123634,,1.16,1.21,4.01
ESI,ESI,Element Solutions Inc. Common Stock,NYSE,NYSE,USD,,,,,,,,,,,,,,,,,
ESNT,ESNT,Essent Group Ltd. Common Shares,NYSE,NYSE,USD,61.41999816894531,-0.11942531545468482,63.598616564393446,63.232993553669516,61.27231922868241,0.29640417566609045,0.23424985994620773,47.336375219802285,0.62,2.0,Semi-Annual,2025-05-30,0.01009443208211425,,1.51,1.66,10.27
ESRT,ESRT,"Empire State Realty Trust, Inc. Class A Common Stock",NYSE,NYSE,USD,6.269999980926514,-0.3354908799111138,6.544344468593553,6.670263480506133,7.300561060881292,-0.03883946959996809,-0.010410756344152693,37.74835001736824,0.14,4.0,Quarterly,2025-12-15,0.022328548712262086,,,,
ESS,ESS,"Essex Property Trust, Inc. Common Stock",NYSE,NYSE,USD,251.16000366210938,-0.21784294741554477,254.2756447091951,255.5763274354541,265.1235465594094,0.008098979978086618,-0.4035453850543617,48.11983472413934,10.28,4.0,Quarterly,2026-01-02,0.040930083811552616,,1.29,2.38,84.85
ESTC,ESTC,Elastic N.V. Ordinary Shares,NYSE,NYSE,USD,61.56999969482422,-0.5087659028223908,65.33139585906538,71.10916966834947,81.91113090780281,-3.693700127297525,-3.5177219126111576,26.673529541178297,,,,,,,-0.1,,101.03
ET,ET,Energy Transfer LP Common Units ,NYSE,NYSE,USD,,,,,,,,,,,,,,,,,
ET$I,ET$I,Energy Transfer L.P. Series I Fixed Rate Perpetual Preferred Units,NYSE,NYSE,USD,,,,,,,,,,,,,,,,,
ETB,ETB,Eaton Vance Tax,NYSE,NYSE,USD,15.390000343322754,-0.1969292322705064,15.407941946609853,15.320277356287072,14.953656880115085,0.028147232821643442,0.0392298254276888,44.89800088944509,1.166,11.0,Monthly,2026-01-15,0.07576348109088193,,,,
ETD,ETD,Ethan Allen Interiors Inc. Common Stock,NYSE,NYSE,USD,23.850000381469727,-0.28215224772404124,23.949507571062743,24.14296325315476,26.09129704217647,-0.001337936748864621,0.018420093825678933,43.759630426726176,1.81,4.0,Quarterly,2026-02-11,0.07589098411110638,,0.79,1.11,40.51
ETG,ETG,Eaton Vance Tax,NYSE,NYSE,USD,23.09000015258789,-0.17542941657965605,23.200384991789665,22.88127645905028,21.536180453042544,0.06340236091222451,0.11393532885270553,43.406605498818394,1.419,11.0,Monthly,2026-01-15,0.06145517499448612,,,,
ETI$,ETI$,"Entergy Texas Inc 5.375% Series A Preferred Stock, Cumulative, No Par Value",NYSE,NYSE,USD,,,,,,,,,,,,,,,,,
ETJ,ETJ,Eaton Vance Risk,NYSE,NYSE,USD,8.710000038146973,-0.1501631883149882,8.808629309694673,8.819790047370713,8.857738032236156,-0.017898772595966506,-0.0035388953253761507,40.298513836084986,0.7150000000000001,11.0,Monthly,2026-01-15,0.0820895518792804,,,,
ETN,ETN,"Eaton Corporation, PLC Ordinary Shares",NYSE,NYSE,USD,389.25,-0.21269798123176709,363.0555367818455,350.74050007602625,343.9256701631756,14.352615724112127,10.423769758469998,79.30256249264215,3.12,3.0,Irregular,2025-08-07,0.008015414258188825,,2.01,2.02,0.64
ETO,ETO,Eaton Vance Tax,NYSE,NYSE,USD,,,,,,,,,,,,,,,,,
ETR,ETR,Entergy Corporation Common Stock,NYSE,NYSE,USD,,,,,,,,,,,,,,,,,
ETSY,ETSY,"Etsy, Inc. Common Stock",NYSE,NYSE,USD,,,,,,,,,,,,,,,,,
ETV,ETV,Eaton Vance Corporation Eaton Vance Tax,NYSE,NYSE,USD,14.649999618530273,-0.20864790840956182,14.605906886673989,14.485434411745308,14.200341321121238,0.07087620180089615,0.06735359820538248,55.11807535075679,1.089,11.0,Monthly,2026-01-15,0.0743344729253482,,,,
ETW,ETW,Eaton Vance Corporation Eaton Vance Tax,NYSE,NYSE,USD,9.430000305175781,-0.16955020231754958,9.378996203030928,9.27440692689731,8.980749633190177,0.06022961894191958,0.05646512089159547,57.89471702895777,0.726,11.0,Monthly,2026-01-15,0.07698833260922858,,,,
ETX,ETX,Eaton Vance Municipal Income 2028 Term Trust Common Shares of Beneficial Interest,NYSE,NYSE,USD,,,,,,,,,,,,,,,,,
ETY,ETY,Eaton Vance Tax,NYSE,NYSE,USD,14.930000305175781,-0.21825143967087945,15.091697340987231,15.241741702354027,15.34981894609572,-0.09996511376344763,-0.08343583320042944,39.53490263280655,1.089,11.0,Monthly,2026-01-15,0.07294038698863767,,,,
EVAC,EVAC,EQV Ventures Acquisition Corp. II Class A Ordinary Shares,NYSE,NYSE,USD,,,,,,,,,,,,,,,,,
EVAC.U,EVAC.U,"EQV Ventures Acquisition Corp. II Units, each unit consists of one Class A ordinary share and one",NYSE,NYSE,USD,,,,,,,,,,,,,,,,,
EVAC.W,EVAC.W,"EQV Ventures Acquisition Corp. II Redeemable Warrants, each whole warrant exercisable for one Class A ordinary share at an exercise price of $11.50 per share",NYSE,NYSE,USD,,,,,,,,,,,,,,,,,
EVC,EVC,Entravision Communications Corporation Common Stock,NYSE,NYSE,USD,2.9100000858306885,-0.2500000225775161,3.0367553543918855,2.9861964152679157,2.6150121335248055,-0.03161096549479936,-0.011538201551451004,32.394355319121786,0.2,4.0,Quarterly,2025-12-16,0.06872852030961643,,0.14,0.11,-21.43
EVEX,EVEX,"Eve Holding, Inc. Common Stock",NYSE,NYSE,USD,,,,,,,,,,,,,,,,,
EVEX.W,EVEX.W,"Eve Holding, Inc. Warrants, each exercisable for one share of Common Stock at an exercise price of $11.50 per share",NYSE,NYSE,USD,,,,,,,,,,,,,,,,,
EVF,EVF,Eaton Vance Senior Income Trust Common Stock,NYSE,NYSE,USD,5.25,-0.17467944162366722,5.2874873090143915,5.315251988262124,5.499790612143176,-0.014681502155070802,-0.01073840674704123,38.095194844710065,0.492,12.0,Monthly,2026-02-13,0.09371428571428571,,,,
EVG,EVG,Eaton Vance Short Diversified Income Fund Eaton Vance Short Duration Diversified Income Fund Common Shares of Beneficial Interest,NYSE,NYSE,USD,11.100000381469727,-0.0886524843681531,11.024060384291756,11.009771763871445,11.050161187848456,0.0306340587602989,0.01908570718387565,70.27024937173788,0.817,11.0,Monthly,2026-01-15,0.07360360107409498,,,,
EVH,EVH,"Evolent Health, Inc Class A Common Stock",NYSE,NYSE,USD,,,,,,,,,,,,,,,,,
EVMN,EVMN,"Evommune, Inc. Common Stock",NYSE,NYSE,USD,,,,,,,,,,,,,,,,,
EVN,EVN,Eaton Vance Municipal Income Trust Common Stock,NYSE,NYSE,USD,,,,,,,,,,,,,,,,,
EVR,EVR,Evercore Inc. Class A Common Stock,NYSE,NYSE,USD,322.2799987792969,-0.4054024302820186,350.53688089564014,347.6672482885988,314.5833406100405,-5.346341695818921,-0.7239510149012593,30.731461963186717,3.32,4.0,Quarterly,2025-11-28,0.010301601131237422,,1.37,2.2,60.45
EVT,EVT,Eaton Vance Tax Advantaged Dividend Income Fund Common Shares of Beneficial Interest,NYSE,NYSE,USD,26.389999389648438,-0.16385349113102554,26.01579147103832,25.474720466265374,24.55727945504483,0.2943116420133016,0.28626325133996605,69.94220609118251,1.8150000000000002,11.0,Monthly,2026-01-15,0.06877605312533427,,,,
EVTC,EVTC,"Evertec, Inc. Common Stock",NYSE,NYSE,USD,26.360000610351562,-0.3161323820284705,27.997189149914036,28.932555821267318,31.464478746469428,-0.835534862249407,-0.5386980414701871,25.00000745058105,0.15000000000000002,3.0,Irregular,2025-08-04,0.005690439928938965,,0.58,0.4,-31.43
EVTL,EVTL,Vertical Aerospace Ltd. Ordinary Shares,NYSE,NYSE,USD,,,,,,,,,,,,,,,,,
EVTR,EVTR,Eaton Vance Total Return Bond ETF,NYSE,NYSE,USD,52.04999923706055,-0.023935671796836866,51.683549179437456,51.63266904076001,51.29410873823523,0.06264754362725711,0.018621594443761075,62.711869886108325,2.343,12.0,Monthly,2026-01-30,0.04501440988171507,,,,
EW,EW,Edwards Lifesciences Corporation Common Stock,NYSE,NYSE,USD,75.87000274658203,-0.12732918546079997,80.18813604197554,82.00954124566078,80.05695519572298,-1.995445353736244,-1.4930318843477612,25.666290353807753,,,,,,,0.62,0.61,-2.03
EXG,EXG,Eaton Vance Tax,NYSE,NYSE,USD,9.619999885559082,-0.15807961483171273,9.634805673573208,9.512168527052998,9.09427937712449,0.035119774250203406,0.0492974510823918,47.4576545151545,0.726,11.0,Monthly,2026-01-15,0.0754677763655511,,,,
EXK,EXK,Endeavour Silver Corporation Ordinary Shares (Canada),NYSE,NYSE,USD,11.75,-0.35975608810554927,11.735433777712505,10.805462448294914,7.986556467231695,0.20789054113256533,0.38347210172150503,38.9558242929764,,,,,,,0.02,-0.01,-155.56
EXP,EXP,Eagle Materials Inc Common Stock,NYSE,NYSE,USD,,,,,,,,,,,,,,,,,
EXPD,EXPD,"Expeditors International of Washington, Inc. Common Stock",NYSE,NYSE,USD,146.5,-0.18690707140740304,157.98610757874954,153.81312208728392,135.2318272812247,-0.7321841753788192,1.5429708360992198,36.2153685667436,1.54,2.0,Semi-Annual,2025-12-01,0.010511945392491468,,1.95,2.54,30.52
EXR,EXR,Extra Space Storage Inc Common Stock,NYSE,NYSE,USD,,,,,,,,,,,,,,,,,
F,F,Ford Motor Company Common Stock,NYSE,NYSE,USD,14.119999885559082,-0.1563107359745297,13.78497556237345,13.545264975798329,12.280647500641386,0.082832833315857,0.06896062318113823,66.19046581035889,0.8999999999999999,5.0,Irregular,2026-02-13,0.0637393772871383,,0.27,0.3,10.46
F$B,F$B,"Ford Motor Company 6.20% Notes due June 1, 2059",NYSE,NYSE,USD,,,,,,,,,,,,,,,,,
F$C,F$C,"Ford Motor Company 6% Notes due December 1, 2059",NYSE,NYSE,USD,,,,,,,,,,,,,,,,,
F$D,F$D,"Ford Motor Company 6.500% Notes due August 15, 2062",NYSE,NYSE,USD,,,,,,,,,,,,,,,,,
FAF,FAF,First American Corporation (New) Common Stock,NYSE,NYSE,USD,,,,,,,,,,,,,,,,,
FBIN,FBIN,"Fortune Brands Innovations, Inc. Common Stock",NYSE,NYSE,USD,,,,,,,,,,,,,,,,,
FBK,FBK,FB Financial Corporation Common Stock,NYSE,NYSE,USD,,,,,,,,,,,,,,,,,
FBP,FBP,First BanCorp. New Common Stock,NYSE,NYSE,USD,22.43000030517578,-0.18172982434319973,22.2801862159357,21.655718217409444,20.996910921814695,0.40536851480725744,0.42537823700240046,72.12645284627973,0.54,3.0,Irregular,2025-08-28,0.024074899360362185,,0.39,0.4,1.68
FBRT,FBRT,"Franklin BSP Realty Trust, Inc. Common Stock",NYSE,NYSE,USD,8.850000381469727,-0.3571955781888001,9.983579410854647,10.18436354227619,10.83238341010102,-0.20697471320812255,-0.05567673246724826,27.852350711543565,1.42,4.0,Quarterly,2025-12-31,0.1604519704850204,,0.37,0.42,14.13
FBRT$E,FBRT$E,"Franklin BSP Realty Trust, Inc. 7.50% Series E Cumulative Redeemable Preferred Stock",NYSE,NYSE,USD,,,,,,,,,,,,,,,,,
FC,FC,Franklin Covey Company Common Stock,NYSE,NYSE,USD,,,,,,,,,,,,,,,,,
FCF,FCF,First Commonwealth Financial Corporation Common Stock,NYSE,NYSE,USD,18.3700008392334,-0.15149835885461704,18.143555922683493,17.576981606125393,16.838480159038383,0.3183712927128326,0.3479545668791131,68.1034539457458,0.54,4.0,Quarterly,2026-02-06,0.029395752603707276,,0.43,0.38,-11.86
FCN,FCN,"FTI Consulting, Inc. Common Stock",NYSE,NYSE,USD,162.80999755859375,-0.20235596468909578,172.39061337002502,172.52001395473846,169.83180513721715,-2.8445902395258997,-0.6900764017973108,30.071264548914584,,,,,,,2.04,2.15,5.39
FCPT,FCPT,"Four Corners Property Trust, Inc. Common Stock",NYSE,NYSE,USD,24.3700008392334,-0.2190378776278673,24.648216763083138,24.30861545706189,25.120722163144563,0.2375272341440997,0.2900719639701007,50.704242000278306,1.432,4.0,Quarterly,2025-12-31,0.05876076941674188,,0.27,0.27,-0.3
FCRS,FCRS,FutureCrest Acquisition Corp. Class A Ordinary Shares,NYSE,NYSE,USD,,,,,,,,,,,,,,,,,
FCRS.U,FCRS.U,"FutureCrest Acquisition Corp. Units, each consisting of one Class A ordinary share and one",NYSE,NYSE,USD,,,,,,,,,,,,,,,,,
FCRS.W,FCRS.W,"FutureCrest Acquisition Corp. Redeemable warrants, each whole warrant exercisable for one Class A ordinary share at an exercise price of $11.50",NYSE,NYSE,USD,,,,,,,,,,,,,,,,,
FCRX,FCRX,"Crescent Capital BDC, Inc. 5.00% Notes due 2026",NYSE,NYSE,USD,25.1200008392334,-0.019207664931277013,25.066958955250985,25.03034214364058,24.94221857357827,0.030997344753185274,0.025791402426061042,61.111130733936854,1.252,4.0,Quarterly,2025-12-01,0.049840762666081506,,,,
FCT,FCT,First Trust Senior Floating Rate Income Fund II Common Shares of Beneficial Interest,NYSE,NYSE,USD,9.9399995803833,-0.1327602968359054,9.969600000560721,9.936957985712844,9.956551707223518,-0.01612378890636279,-1.0492788019700241e-05,31.707197934475417,1.1640000000000001,12.0,Monthly,2026-02-02,0.11710262063764741,,,,
FCX,FCX,Freeport,NYSE,NYSE,USD,62.84000015258789,-0.3222506218063218,61.21450171544544,56.04085411086502,47.011184059616696,2.1362806578721987,2.4898292147647623,52.79171250107611,0.6,4.0,Quarterly,2026-01-15,0.009548058538241278,,0.24,0.26,6.43
FDP,FDP,"Fresh Del Monte Produce, Inc. Common Stock",NYSE,NYSE,USD,40.45000076293945,-0.16104484973304856,38.83829699955343,37.6955097807243,35.45707952486419,0.7421670670995155,0.685477992123289,65.06408865245409,1.2,4.0,Quarterly,2025-11-12,0.029666254075808265,,0.1,0.54,468.42
FDS,FDS,FactSet Research Systems Inc. Common Stock,NYSE,NYSE,USD,205.7899932861328,-0.5906363738938409,234.8563732500461,261.715985877083,326.1337012840652,-22.75423026636193,-18.513965341687612,16.14258339064682,4.34,4.0,Quarterly,2025-11-28,0.021089460817298407,,3.61,3.99,10.58
FDX,FDX,FedEx Corporation Common Stock,NYSE,NYSE,USD,374.7200012207031,-0.2621991595445531,344.02670359977935,314.82780313135294,271.0257483710584,19.328815432905685,16.49288572364353,93.31605422033617,5.7299999999999995,4.0,Quarterly,2025-12-15,0.015291417541987934,,2.82,3.18,12.85
FE,FE,FirstEnergy Corp. Common Stock,NYSE,NYSE,USD,50.099998474121094,-0.1275861893577137,47.30562378124572,46.41949073891851,44.416084260158215,0.7311632949463842,0.5131009268766952,76.38669824021977,1.78,4.0,Quarterly,2026-02-06,0.035528943197861575,,0.61,0.6,-1.5
FEDU,FEDU,"Four Seasons Education (Cayman) Inc. American Depositary Shares, each ADS representing 10 ordinary shares",NYSE,NYSE,USD,,,,,,,,,,,,,,,,,
FEGE,FEGE,First Eagle Global Equity ETF,NYSE,NYSE,USD,,,,,,,,,,,,,,,,,
FENG,FENG,"Phoenix New Media Limited American Depositary Shares, each representing 48 Class A ordinary shares.",NYSE,NYSE,USD,1.7599999904632568,-0.49488055107401874,1.8081518080051124,1.9096289071996657,2.1394238410598794,-0.03965168850914669,-0.03927713516206872,32.14285866338331,,,,,,,-2.19,-3.12,-42.47
FEOE,FEOE,First Eagle Overseas Equity ETF,NYSE,NYSE,USD,,,,,,,,,,,,,,,,,
FERG,FERG,Ferguson Enterprises Inc. Common Stock,NYSE,NYSE,USD,261.3599853515625,-0.20204849448808115,255.79240228982414,247.0754623548328,227.94528450477338,6.321940140362585,6.137120619569686,57.2119324069826,3.38,4.0,Quarterly,2026-01-02,0.012932354566264109,,2.79,2.85,2.06
FET,FET,"Forum Energy Technologies, Inc. Common Stock",NYSE,NYSE,USD,50.20000076293945,-0.3568720640051952,45.69952998470212,40.86488932318565,30.520622907887343,2.624483372863203,2.4867431557077326,70.58118483272585,,,,,,,,,
FF,FF,FutureFuel Corp.  Common shares,NYSE,NYSE,USD,3.759999990463257,-0.3699187283412231,3.5354712050283545,3.46045705621066,3.760999839519615,0.11630766313420926,0.07868944695797368,91.07143617406261,0.24,4.0,Quarterly,2025-12-04,0.06382978739593838,,0.14,0.19,35.71
FFA,FFA,First Trust Enhanced Equity Income Fund Common Shares of Beneficial Interest,NYSE,NYSE,USD,21.860000610351562,-0.21357380470705045,21.982293505263108,21.869774361529227,21.301366105173084,0.03548532906751589,0.047627216343641504,46.15387033827077,1.476,4.0,Quarterly,2025-12-22,0.0675205836591357,,,,
FFC,FFC,Flaherty & Crumrine Preferred and Income Securities Fund Incorporated,NYSE,NYSE,USD,16.8799991607666,-0.11460256987912132,16.717547008895806,16.649057293008017,16.45746037173946,0.06927388412721314,0.05112222227602238,77.14284157263876,1.18,12.0,Monthly,2026-01-23,0.06990521674566307,,,,
FFWM,FFWM,First Foundation Inc. Common Stock,NYSE,NYSE,USD,,,,,,,,,,,,,,,,,
FG,FG,"F&G Annuities & Life, Inc. Common Stock",NYSE,NYSE,USD,28.440000534057617,-0.4277210979515952,28.550632499619926,29.555217599617244,32.66306558870459,-0.39102340957750314,-0.5022209295538002,48.446331678949946,0.91,4.0,Quarterly,2025-12-17,0.03199718645962232,,0.72,1.1,52.14
FGN,FGN,"F&G Annuities & Life, Inc. 7.950% Senior Notes due 2053",NYSE,NYSE,USD,,,,,,,,,,,,,,,,,
FGSN,FGSN,"F&G Annuities & Life, Inc. 7.300% Junior Subordinated Notes due 2065",NYSE,NYSE,USD,22.25,-0.11619507731823808,22.342466297157372,22.614338593835505,23.43790633414799,-0.09720063365260145,-0.09166068761535623,37.41496422107031,1.834,4.0,Quarterly,2025-12-31,0.08242696629213483,,,,
FHI,FHI,"Federated Hermes, Inc. Common Stock",NYSE,NYSE,USD,,,,,,,,,,,,,,,,,
FHN,FHN,First Horizon Corporation Common Stock,NYSE,NYSE,USD,24.559999465942383,-0.26883179843532024,24.925371296110058,24.211373892689274,22.59925903573398,0.2784946128505972,0.3724892685266041,54.24164700886845,0.6,4.0,Quarterly,2025-12-12,0.024429967957940165,,0.43,0.44,2.21
FHN$C,FHN$C,"First Horizon Corporation Depositary Shares, each representing a 1/400th interest in a share of Non",NYSE,NYSE,USD,,,,,,,,,,,,,,,,,
FHN$E,FHN$E,"First Horizon Corporation Depositary Shares, each representing a 1/4,000th interest in a share of Non",NYSE,NYSE,USD,,,,,,,,,,,,,,,,,
FHN$F,FHN$F,"First Horizon Corporation Depositary Shares, each representing 1/4000th Interest in a Share of Non",NYSE,NYSE,USD,,,,,,,,,,,,,,,,,
FICO,FICO,Fair Isaac Corporation Common Stock,NYSE,NYSE,USD,1344.739990234375,-0.4055965276853216,1443.4951948015726,1552.420281795779,1648.0486765022974,-76.13178554534579,-72.61485947669897,25.533292544662146,,,,,,,4.12,4.4,6.88
FIG,FIG,"Figma, Inc. Class A Common Stock",NYSE,NYSE,USD,,,,,,,,,,,,,,,,,
FIGS,FIGS,"FIGS, Inc. Class A Common Stock",NYSE,NYSE,USD,10.25,-0.36491227952764005,10.891314304515047,10.815973097289538,8.574073381775937,-0.2906193873472329,-0.19076326498902585,30.19608283125207,,,,,,,0.02,0.02,-2.44
FIHL,FIHL,Fidelis Insurance Holdings Limited Common Shares,NYSE,NYSE,USD,19.649999618530273,-0.16507578150158786,19.237938348708358,19.00107168772654,17.94869165491525,0.1810474669811981,0.09795480582507952,65.76921101859662,0.2,2.0,Semi-Annual,2025-06-16,0.010178117245936062,,,,
FINS,FINS,Angel Oak Financial Strategies Income Term Trust Common Shares of Beneficial Interest,NYSE,NYSE,USD,,,,,,,,,,,,,,,,,
FINV,FINV,FinVolution Group American Depositary Shares,NYSE,NYSE,USD,,,,,,,,,,,,,,,,,
FIS,FIS,"Fidelity National Information Services, Inc. Common Stock",NYSE,NYSE,USD,46.79999923706055,-0.43169398780538304,53.94609622941481,59.447314262674354,66.51818407774472,-4.227685265367768,-3.624590242775309,14.937297833604859,1.6,4.0,Quarterly,2025-12-09,0.034188034745371805,,1.75,1.74,-0.61
FIX,FIX,"Comfort Systems USA, Inc. Common Stock",NYSE,NYSE,USD,1337.949951171875,-0.2509725136722394,1199.085041628762,1092.3573679055182,835.8846559498721,70.57285377777816,58.063378374172174,68.96383879335309,1.95,4.0,Quarterly,2025-11-13,0.0014574536202135561,,1.06,1.51,43.13
FIXT,FIXT,TCW Core Plus Bond ETF,NYSE,NYSE,USD,,,,,,,,,,,,,,,,,
FLC,FLC,Flaherty & Crumrine Total Return Fund Inc Common Stock,NYSE,NYSE,USD,18.020000457763672,-0.10859459967774443,17.7961600076075,17.643976390532494,17.386448567281548,0.1231692332042087,0.10033027498840487,86.15385518269423,1.203,12.0,Monthly,2026-01-23,0.06675915479689702,,,,
FLG,FLG,"Flagstar Bank, N.A. Common Stock",NYSE,NYSE,USD,14.180000305175781,-0.24810897279828026,13.635985396727039,13.084795352516174,12.395241349684598,0.34190539148838717,0.3113339492219376,68.53581712286523,0.04,4.0,Quarterly,2025-12-05,0.002820874410376407,,-0.4,-0.69,-71.44
FLG$A,FLG$A,"Flagstar Bank, N.A. Depositary shares, each representing a 1/40th interest in a share of Fixed",NYSE,NYSE,USD,,,,,,,,,,,,,,,,,
FLG$U,FLG$U,"Flagstar Bank, N.A. Bifurcated Option Note Unit SecuritiES",NYSE,NYSE,USD,,,,,,,,,,,,,,,,,
FLNG,FLNG,FLEX LNG Ltd. Ordinary Shares,NYSE,NYSE,USD,25.989999771118164,-0.1863929565086122,26.21112501623988,25.99076044759669,25.264537986290343,0.02409735759307452,0.14727887833683295,47.005976739484744,3.75,5.0,Irregular,2025-11-28,0.14428626521833418,,-0.04,0.02,146.51
FLO,FLO,"Flowers Foods, Inc. Common Stock",NYSE,NYSE,USD,10.359999656677246,-0.4862385579745009,11.290778534158509,11.277085157697355,13.346851314365495,0.1009273374365165,0.17120718658343087,35.69132000418267,0.984,4.0,Quarterly,2025-11-28,0.09498069812828522,,0.28,0.3,5.26
FLOC,FLOC,Flowco Holdings Inc. Class A Common Stock,NYSE,NYSE,USD,21.81999969482422,-0.480874331368359,21.295363791830567,19.853207854886364,19.05171364299542,0.7660682357920408,0.8055726965742245,56.55940269771805,0.32,4.0,Quarterly,2026-02-13,0.014665444751399567,,,,
FLR,FLR,Fluor Corporation Common Stock,NYSE,NYSE,USD,,,,,,,,,,,,,,,,,
FLS,FLS,Flowserve Corporation Common Stock,NYSE,NYSE,USD,,,,,,,,,,,,,,,,,
FLUT,FLUT,Flutter Entertainment plc Ordinary Shares,NYSE,NYSE,USD,,,,,,,,,,,,,,,,,
FLXR,FLXR,TCW Flexible Income ETF,NYSE,NYSE,USD,,,,,,,,,,,,,,,,,
FMC,FMC,FMC Corporation Common Stock,NYSE,NYSE,USD,14.34000015258789,-0.7259842498061113,15.311118285335919,16.031980466914217,25.355322662713586,-0.008778014524180477,0.16152186818454448,40.303361501346195,1.8199999999999998,4.0,Quarterly,2025-12-31,0.12691771134127572,,2.33,2.37,1.82
FMN,FMN,Federated Hermes Premier Municipal Income Fund,NYSE,NYSE,USD,,,,,,,,,,,,,,,,,
FMS,FMS,Fresenius Medical Care AG American Depositary Shares (Each representing 1/2 of an Ordinary Share),NYSE,NYSE,USD,24.440000534057617,-0.29279730852344577,23.462028553577696,23.478544115095552,24.50797284418219,0.3726570757084282,0.15292971398899047,79.0697754650827,0.815,1.0,Annual,2025-05-23,0.03334697144806857,2026-02-24 05:59:00,,,
FMX,FMX,Fomento Economico Mexicano S.A.B. de C.V. Common Stock,NYSE,NYSE,USD,114.38999938964844,-0.22412832891068035,108.63771928717723,104.51437518671933,98.90696119107709,2.7956503333976173,2.1820805147738076,68.43232775476848,3.789,2.0,Semi-Annual,2025-07-17,0.033123524960372366,,0.98,1.48,51.08
FMY,FMY,First Trust Mortgage Income Fund Common Shares of Beneficial Interest,NYSE,NYSE,USD,12.079999923706055,-0.04210529892322068,12.12396534581382,12.113935753024808,12.108970330152394,-0.012356273741731982,-0.0006755142392301174,37.80489932347328,0.8300000000000001,12.0,Monthly,2026-02-02,0.0687086097054678,,,,
FN,FN,Fabrinet Ordinary Shares,NYSE,NYSE,USD,,,,,,,,,,,,,,,,,
FNB,FNB,F.N.B. Corporation Common Stock,NYSE,NYSE,USD,18.06999969482422,-0.2636305689624586,18.044507527624873,17.53172224773372,16.292915464987534,0.2739495673059409,0.2830987383814722,60.68110541007043,0.48,4.0,Quarterly,2025-12-01,0.02656336514147735,,0.42,0.44,5.42
FND,FND,"Floor & Decor Holdings, Inc. Common Stock",NYSE,NYSE,USD,,,,,,,,,,,,,,,,,
FNF,FNF,"Fidelity National Financial, Inc. Common Stock",NYSE,NYSE,USD,56.7400016784668,-0.2308154485836913,55.72524324847543,55.288886135290056,55.63894447835968,0.6746112344945132,0.42661518225002854,62.7631765191282,1.96648,4.0,Quarterly,2025-12-17,0.03465773602094009,,1.42,1.07,-24.9
FNV,FNV,Franco,NYSE,NYSE,USD,,,,,,,,,,,,,,,,,
FOA,FOA,Finance of America Companies Inc. Class A Common Stock,NYSE,NYSE,USD,,,,,,,,,,,,,,,,,
FOF,FOF,Cohen & Steers Closed,NYSE,NYSE,USD,,,,,,,,,,,,,,,,,
FOR,FOR,Forestar Group Inc Common Stock ,NYSE,NYSE,USD,30.309999465942383,-0.22315786261307569,27.943017620005154,26.76198622933278,25.13616057031304,1.0935853783195881,0.770765385888609,90.97318602185568,,,,,,,0.48,1.02,111.4
FOUR,FOUR,"Shift4 Payments, Inc. Class A Common Stock",NYSE,NYSE,USD,55.0099983215332,-0.5693140430155523,59.609614822306256,63.66999458490107,78.3573781789197,-2.28945179689444,-2.0152519964253717,30.06507164268868,,,,,,,0.43,0.44,2.4
FOUR$A,FOUR$A,"Shift4 Payments, Inc. 6.00% Series A Mandatory Convertible Preferred Stock",NYSE,NYSE,USD,,,,,,,,,,,,,,,,,
FPF,FPF,First Trust Intermediate Duration Preferred & Income Fund Common Shares of Beneficial Interest,NYSE,NYSE,USD,19.049999237060547,-0.13022758941012536,18.87432774659917,18.806547831346016,18.74582940177187,0.05204604817250669,0.04575092716163542,58.44151983770166,1.6560000000000001,12.0,Monthly,2026-02-02,0.08692913733972014,,,,
FPH,FPH,"Five Point Holdings, LLC Class A Common Shares",NYSE,NYSE,USD,,,,,,,,,,,,,,,,,
FPI,FPI,Farmland Partners Inc. Common Stock,NYSE,NYSE,USD,11.979999542236328,-0.24860116334542537,11.365539323680139,10.791922794735665,10.686968107379997,0.43106106139278566,0.3911149163166534,72.36841279713964,0.44,5.0,Irregular,2026-01-02,0.036727881203062585,,,0.02,700.0
FR,FR,"First Industrial Realty Trust, Inc. Common Stock",NYSE,NYSE,USD,58.91999816894531,-0.2572857656802373,58.675713504933746,57.9151433375576,54.96462545852214,0.2886166984599967,0.25507526218532467,60.36033404357688,1.78,4.0,Quarterly,2025-12-31,0.030210455792888606,,0.28,0.42,48.67
FRA,FRA,Blackrock Floating Rate Income Strategies Fund Inc  Common Stock,NYSE,NYSE,USD,11.630000114440918,-0.14209725738916434,11.774834067046333,11.89534718524169,12.406459665767438,-0.05873329078258038,-0.04734301003965222,29.310361837237366,1.488,12.0,Monthly,2026-02-13,0.12794496864641963,,,,
FRGE,FRGE,"Forge Global Holdings, Inc. Common Stock",NYSE,NYSE,USD,,,,,,,,,,,,,,,,,
FRO,FRO,Frontline Plc Ordinary Shares,NYSE,NYSE,USD,,,,,,,,,,,,,,,,,
FRT,FRT,Federal Realty Investment Trust Common Stock,NYSE,NYSE,USD,104.80000305175781,-0.208936857603772,103.60830255634517,101.77582968933244,99.58887085731341,1.2780196609957386,0.9896513599490295,61.38125815562341,4.46,4.0,Quarterly,2026-01-02,0.042557250669137195,,0.63,1.89,201.92
FRT$C,FRT$C,"Federal Realty Investment Trust Depositary Shares, each representing a 1/1000th interest in a 5.000% Series C Cumulative Redeemable Preferred Share",NYSE,NYSE,USD,,,,,,,,,,,,,,,,,
FSCO,FSCO,FS Credit Opportunities Corp. Common Stock,NYSE,NYSE,USD,5.769999980926514,-0.23878627453792722,6.018344047512768,6.189041721323737,6.613517993871594,-0.12276423588684349,-0.1019709072425215,30.208308498040992,0.804,12.0,Monthly,2026-01-23,0.1393414216044587,,,,
FSK,FSK,FS KKR Capital Corp. Common Stock,NYSE,NYSE,USD,13.319999694824219,-0.4700748012048799,13.684802186716288,14.333142216715917,16.888121346572106,-0.35607456691284867,-0.372375271481968,32.39436714310084,2.8,4.0,Quarterly,2025-12-03,0.21021021502635634,,0.74,0.78,4.98
FSM,FSM,Fortuna Mining Corp. Common Shares,NYSE,NYSE,USD,11.050000190734863,-0.18672200483702805,10.692514610415627,10.217087079880123,8.477352067933566,0.1518845506557529,0.1665192599329008,47.106329818086934,,,,,,,0.02,0.02,
FSS,FSS,Federal Signal Corporation Common Stock,NYSE,NYSE,USD,,,,,,,,,,,,,,,,,
FSSL,FSSL,FS Specialty Lending Fund Common Shares of Beneficial Interest,NYSE,NYSE,USD,13.079999923706055,-0.08850177170752094,13.45409454788685,13.64370386319767,13.842858601536575,-0.1650516125691297,-0.1386169728898717,32.40744747078277,0.138,1.0,Annual,2026-01-23,0.01055045877713579,,,,
FT,FT,Franklin Universal Trust Common Stock,NYSE,NYSE,USD,,,,,,,,,,,,,,,,,
FTHY,FTHY,First Trust High Yield Opportunities 2027 Term Fund Common Stock,NYSE,NYSE,USD,,,,,,,,,,,,,,,,,
FTI,FTI,TechnipFMC plc Ordinary Share,NYSE,NYSE,USD,61.36000061035156,-0.2893929777993266,56.88801450031792,51.82492650983907,42.21666125955352,3.0525834268278302,2.7933007363898987,78.88414279750161,0.2,4.0,Quarterly,2025-11-18,0.003259452379572819,,0.1,0.03,-68.89
FTK,FTK,"Flotek Industries, Inc. Common Stock",NYSE,NYSE,USD,,,,,,,,,,,,,,,,,
FTS,FTS,Fortis Inc. Common Shares,NYSE,NYSE,USD,,,,,,,,,,,,,,,,,
FTV,FTV,Fortive Corporation Common Stock ,NYSE,NYSE,USD,56.900001525878906,-0.2555814903446696,56.82544771293266,55.18883046768769,53.49064557356627,1.0834550665552456,0.9511344368103323,55.78268172955342,0.240572,4.0,Quarterly,2025-11-28,0.004227978796987985,,0.76,0.79,3.76
FTW,FTW,EQV Ventures Acquisition Corp. Class A Ordinary Shares,NYSE,NYSE,USD,10.569999694824219,-0.030046920778047825,10.553489302087103,10.519928598862746,10.409837925625972,0.013913153009129431,0.01696649872012424,56.25003725404877,,,,,,,,,
FTW.U,FTW.U,"EQV Ventures Acquisition Corp. Units, each consisting of one Class A ordinary share and one",NYSE,NYSE,USD,,,,,,,,,,,,,,,,,
FTW.W,FTW.W,"EQV Ventures Acquisition Corp. Redeemable warrants, each whole warrant exercisable for one Class A ordinary share at an exercise price of $11.50 per share",NYSE,NYSE,USD,,,,,,,,,,,,,,,,,
FTWO,FTWO,Strive Natural Resources and Security ETF,NYSE,NYSE,USD,46.630001068115234,-0.1763262769818762,45.06647062154971,43.278079435892565,39.10035750115742,0.9200759816687736,0.9030248244166015,57.6037000836773,0.416,4.0,Quarterly,2025-12-11,0.00892129509909991,,,,
FUBO,FUBO,FuboTV Inc. Class A Common Stock,NYSE,NYSE,USD,1.340000033378601,-0.7083333202621391,1.8813862313064562,2.3807358634694697,3.1278848795359644,-0.3346493786429041,-0.2708024343253382,13.953479345967736,,,,,,,-0.73,-0.82,-11.89
FUL,FUL,H. B. Fuller Company Common Stock,NYSE,NYSE,USD,67.48999786376953,-0.20436994981106693,64.01635795490564,62.024365648318124,59.88270617548358,1.629156364583615,1.1111011367971035,79.26823063179364,0.94,4.0,Quarterly,2026-02-05,0.013927989772609218,,0.59,0.55,-6.78
FUN,FUN,Six Flags Entertainment Corporation Common Stock New,NYSE,NYSE,USD,,,,,,,,,,,,,,,,,
FVR,FVR,"FrontView REIT, Inc. Common Stock",NYSE,NYSE,USD,16.15999984741211,-0.3712983885184561,16.20894851541501,15.699168500826305,14.6301213417918,0.15501384491857806,0.23255275764926547,50.82507180900787,0.86,4.0,Quarterly,2025-12-31,0.053217822284677925,,-0.17,-0.12,29.41
FVRR,FVRR,"Fiverr International Ltd. Ordinary Shares, no par value",NYSE,NYSE,USD,,,,,,,,,,,,,,,,,
FXED,FXED,Sound Enhanced Fixed Income ETF,NYSE,NYSE,USD,17.899999618530273,-0.08920521646510948,17.97532236065055,18.05291414782147,18.19672811959215,-0.04247508862101057,-0.03943054667539709,40.93253085870714,1.246,24.0,Monthly,2026-02-12,0.06960894003093315,,,,
G,G,Genpact Limited Common Stock,NYSE,NYSE,USD,,,,,,,,,,,,,,,,,
GAB,GAB,"Gabelli Equity Trust, Inc. (The) Common Stock",NYSE,NYSE,USD,6.300000190734863,-0.1234568389212144,6.197206627785929,6.150011584935417,5.985780534177608,0.043037639946077455,0.022822498045643864,67.2414204170356,0.6,4.0,Quarterly,2025-12-12,0.09523809235472626,,,,
GAB$G,GAB$G,"Gabelli Equity Trust, Inc. (The) Series G Cumulative Preferred Stock",NYSE,NYSE,USD,,,,,,,,,,,,,,,,,
GAB$H,GAB$H,"Gabelli Equity Trust, Inc. (The) Pfd Ser H",NYSE,NYSE,USD,,,,,,,,,,,,,,,,,
GAB$K,GAB$K,"Gabelli Equity Trust, Inc. (The) 5.00% Series K Cumulative Preferred Stock",NYSE,NYSE,USD,,,,,,,,,,,,,,,,,
GAM,GAM,"General American Investors, Inc. Common Stock",NYSE,NYSE,USD,,,,,,,,,,,,,,,,,
GAM$B,GAM$B,"General American Investors Company, Inc. Cumulative Preferred Stock",NYSE,NYSE,USD,,,,,,,,,,,,,,,,,
GAP,GAP,"Gap, Inc. (The) Common Stock",NYSE,NYSE,USD,27.670000076293945,-0.3478712166626614,27.621362637101125,26.797756751737737,24.361224095167316,0.25639789145169445,0.3653075354889033,56.96379170467641,0.66,4.0,Quarterly,2026-01-07,0.023852547820028734,,0.4,0.54,34.08
GATX,GATX,GATX Corporation Common Stock,NYSE,NYSE,USD,,,,,,,,,,,,,,,,,
GBAB,GBAB,Guggenheim Taxable Municipal Bond & Investment Grade Debt Trust Common Shares of Beneficial Interest,NYSE,NYSE,USD,15.420000076293945,-0.08742134735830409,15.212452408943435,15.190252257173013,15.26864695651414,0.0712899582170099,0.03384240871564748,70.64220825637584,1.512,12.0,Monthly,2026-02-13,0.09805447422302446,,,,
GBCI,GBCI,"Glacier Bancorp, Inc. Common Stock",NYSE,NYSE,USD,,,,,,,,,,,,,,,,,
GBTG,GBTG,"Global Business Travel Group, Inc. Class A Common Stock",NYSE,NYSE,USD,,,,,,,,,,,,,,,,,
GBX,GBX,"Greenbrier Companies, Inc. (The) Common Stock",NYSE,NYSE,USD,57.2400016784668,-0.32750719730380595,52.74089835739677,49.895689395389745,48.46774638525748,2.00420310239938,1.5938741847816549,79.98066088706835,1.28,4.0,Quarterly,2026-01-27,0.022361983970407975,,0.43,0.6,41.18
GCO,GCO,Genesco Inc. Common Stock,NYSE,NYSE,USD,27.68000030517578,-0.5793592316048373,29.512836921546516,29.52555436146666,29.265930075419014,-0.6214200535683396,-0.13117449179510846,20.396275111762208,,,,,,,1.57,1.65,4.87
GCTS,GCTS,"GCT Semiconductor Holding, Inc. Common Stock",NYSE,NYSE,USD,1.2599999904632568,-0.5500000054186039,1.1963278338647794,1.226830694719476,1.4079361404447344,0.019643376638745824,0.0009417131593264052,73.68421162704804,,,,,,,-0.16,-0.16,
GCTS.W,GCTS.W,"GCT Semiconductor Holding, Inc. Warrants, each whole warrant exercisable for one share of Common Stock at an exercise price of $11.50",NYSE,NYSE,USD,,,,,,,,,,,,,,,,,
GCV,GCV,"Gabelli Convertible and Income Securities Fund, Inc. (The) Common Stock",NYSE,NYSE,USD,4.53000020980835,-0.17929293719886108,4.446860849378322,4.350307558539996,4.139549863682241,0.05673827047132196,0.05920630779980924,65.30612443497259,0.48,4.0,Quarterly,2025-12-12,0.10596025999308006,,,,
GD,GD,General Dynamics Corporation Common Stock,NYSE,NYSE,USD,347.6400146484375,-0.10273878782511847,353.3679770378685,350.38502627913266,323.9297838248521,-1.0617136407272483,0.7909695721836877,38.97365287760421,6.0,4.0,Quarterly,2026-01-16,0.0172592329627753,,3.15,3.26,3.38
GDDY,GDDY,GoDaddy Inc. Class A Common Stock,NYSE,NYSE,USD,,,,,,,,,,,,,,,,,
GDIV,GDIV,Harbor Dividend Growth Leaders ETF,NYSE,NYSE,USD,17.81599998474121,-0.1907663120539761,17.572564634048014,17.162413530172635,16.30714982169247,0.24963840135572823,0.22494486599124341,66.46308206679848,0.199,4.0,Quarterly,2025-12-19,0.011169735079166852,,,,
GDL,GDL,"GDL Fund, The Common Shares of Beneficial Interest",NYSE,NYSE,USD,,,,,,,,,,,,,,,,,
GDO,GDO,Western Asset Global Corporate Opportunity Fund Inc. Common Stock,NYSE,NYSE,USD,,,,,,,,,,,,,,,,,
GDOT,GDOT,"Green Dot Corporation Class A Common Stock, $0.001 par value",NYSE,NYSE,USD,11.90999984741211,-0.336125651731528,12.09438084637547,12.310123086452178,11.74134058150712,-0.17602997215034755,-0.16001438204832744,42.857159076072456,,,,,,,0.35,0.44,25.4
GDV,GDV,Gabelli Dividend & Income Trust Common Shares of Beneficial Interest,NYSE,NYSE,USD,29.079999923706055,-0.16561259893523206,28.744048815926877,28.20226161914591,26.914220677236912,0.2921674323134802,0.2781328411217919,62.06896929716386,1.7000000000000002,12.0,Monthly,2026-02-12,0.05845942243672972,,,,
GDV$H,GDV$H,The Gabelli Dividend & Income Trust 5.375% Series H Cumulative Preferred Shares,NYSE,NYSE,USD,,,,,,,,,,,,,,,,,
GDV$K,GDV$K,The Gabelli Dividend & Income Trust 4.250% Series K Cumulative Preferred Shares,NYSE,NYSE,USD,,,,,,,,,,,,,,,,,
GE,GE,GE Aerospace Common Stock,NYSE,NYSE,USD,315.4100036621094,-0.21364260727403928,311.12618313799186,307.97337359225617,281.568407416296,1.5069490364759304,0.5484393629913836,68.95847228879765,1.44,4.0,Quarterly,2025-12-29,0.0045654861395665654,,1.13,1.24,9.26
GEF,GEF,Greif Inc. Class A Common Stock,NYSE,NYSE,USD,,,,,,,,,,,,,,,,,
GEF.B,GEF.B,"Greif, Inc. Corporation Class B Common Stock",NYSE,NYSE,USD,,,,,,,,,,,,,,,,,
GEL,GEL,"Genesis Energy, L.P. Common Units",NYSE,NYSE,USD,,,,,,,,,,,,,,,,,
GENI,GENI,Genius Sports Limited Ordinary Shares,NYSE,NYSE,USD,5.789999961853027,-0.5726937357674667,7.763676718445583,9.165696360444414,10.342729011821614,-1.1452603434481752,-0.9085914587986799,11.63264773876017,,,,,,,-0.09,-0.02,77.01
GEO,GEO,Geo Group Inc (The) REIT,NYSE,NYSE,USD,14.210000038146973,-0.5746763424509256,15.873343134967149,16.451233115782998,19.802182425007675,-0.5505015067843733,-0.3006882523807579,27.993269282263157,,,,,,,0.34,0.26,-23.53
GES,GES,"Guess?, Inc. Common Stock",NYSE,NYSE,USD,,,,,,,,,,,,,,,,,
GETY,GETY,"Getty Images Holdings, Inc. Class A Common Stock",NYSE,NYSE,USD,1.0,-0.6212121362637986,1.1796164315976658,1.3209644590591583,1.6921878836708515,-0.07687273721227328,-0.05665955638836952,25.80645099266748,,,,,,,0.11,-0.93,-945.45
GEV,GEV,GE Vernova Inc. Common Stock,NYSE,NYSE,USD,802.1300048828125,-0.2800373238427356,747.8731525549426,693.9519775776789,592.0514699765474,39.74783250611699,32.55044912123519,73.7874015344963,1.25,4.0,Quarterly,2026-01-05,0.001558350881267207,,,,
GF,GF,"New Germany Fund, Inc. (The) Common Stock",NYSE,NYSE,USD,,,,,,,,,,,,,,,,,
GFF,GFF,Griffon Corporation Common Stock,NYSE,NYSE,USD,93.5999984741211,-0.19189353076279825,87.5589218537767,82.33551056501635,77.23515432817923,3.8278277575112583,3.124953481021824,73.4077309116937,0.76,4.0,Quarterly,2025-11-28,0.008119658252025805,,0.99,1.23,24.75
GFI,GFI,Gold Fields Limited American Depositary Shares,NYSE,NYSE,USD,,,,,,,,,,,,,,,,,
GFL,GFL,"GFL Environmental Inc. Subordinate voting shares, no par value",NYSE,NYSE,USD,43.310001373291016,-0.19872042722241234,43.0062841572731,43.478247323993756,45.5133274485918,-0.1467068874260491,-0.14016502468252762,43.478262767236195,0.03,2.0,Semi-Annual,2025-07-14,0.0006926806522453909,,-0.04,0.08,301.36
GFR,GFR,Greenfire Resources Ltd. Common Shares,NYSE,NYSE,USD,5.78000020980835,-0.4012157898322084,5.52942079653172,5.18923427604627,5.042912053319833,0.24994674816092743,0.2345544652208366,61.60713620484232,,,,,,,,,
GFR.R,GFR.R,"Greenfire Resources Ltd. Rights (expiring December 16, 2025) Rights",NYSE,NYSE,USD,,,,,,,,,,,,,,,,,
GGB,GGB,Gerdau S.A. Common Stock,NYSE,NYSE,USD,4.119999885559082,-0.25324675023083254,4.229667556861636,4.015170821169827,3.4844600908350882,0.06251235167581903,0.10431846396658506,42.44604884180136,0.06,3.0,Irregular,2025-08-13,0.014563107200634794,,1.39,1.21,-13.26
GGG,GGG,Graco Inc. Common Stock,NYSE,NYSE,USD,,,,,,,,,,,,,,,,,
GGT,GGT,Gabelli Multi,NYSE,NYSE,USD,,,,,,,,,,,,,,,,,
GGT$E,GGT$E,Gabelli Multi,NYSE,NYSE,USD,,,,,,,,,,,,,,,,,
GGT$G,GGT$G,Gabelli Multi,NYSE,NYSE,USD,,,,,,,,,,,,,,,,,
GGZ,GGZ,Gabelli Global Small and Mid Cap Value Trust (The) Common Shares of Beneficial Interest,NYSE,NYSE,USD,16.40999984741211,-0.15714289174328477,15.867855621950811,15.328937834030299,14.230821634979,0.2969023720680468,0.2761470887449221,59.78832481418501,0.69,4.0,Quarterly,2025-12-12,0.0420475323836651,,,,
GHC,GHC,Graham Holdings Company Common Stock,NYSE,NYSE,USD,1057.6800537109375,-0.19831196175679866,1131.8363510653428,1123.2349444567917,1062.0213199170387,-9.654006153355567,3.821980935466424,30.207943505239072,7.28,4.0,Quarterly,2026-02-04,0.0068829888343432954,,13.58,15.65,15.24
GHG,GHG,"GreenTree Hospitality Group Ltd. American depositary shares, each representing one Class A ordinary share",NYSE,NYSE,USD,1.399999976158142,-0.5394736862743991,1.5137597028949852,1.643277348867146,1.9827356637380025,-0.06929135693247113,-0.06522864668984464,26.865678546315834,,,,,,,1.14,0.77,-32.46
GHI,GHI,Greystone Housing Impact Investors LP Beneficial Unit Certificates representing assignments of limited partnership interests,NYSE,NYSE,USD,7.699999809265137,-0.5330798445169962,7.683139044611776,7.637524617570621,9.198184133278057,0.06056130883598332,0.10713910248660381,45.83332608971539,1.22,4.0,Quarterly,2025-12-31,0.15844156236627657,,0.81,0.74,-8.54
GHM,GHM,Graham Corporation Common Stock,NYSE,NYSE,USD,,,,,,,,,,,,,,,,,
GHY,GHY,"PGIM Global High Yield Fund, Inc.",NYSE,NYSE,USD,,,,,,,,,,,,,,,,,
GIB,GIB,CGI Inc. Common Stock,NYSE,NYSE,USD,74.52999877929688,-0.3805684926169185,83.00805588998976,86.97386709240911,94.44751607231683,-3.8052653098762192,-2.74935063459745,17.794381871815503,0.216,2.0,Semi-Annual,2025-08-15,0.0028981618615026867,,1.72,1.82,5.88
GIC,GIC,Global Industrial Company Common Stock,NYSE,NYSE,USD,32.16999816894531,-0.3070722763150142,31.688225341349597,31.00149913954249,30.05658974041679,0.574889688053279,0.5312518801839058,66.8478304061378,1.04,4.0,Quarterly,2025-11-10,0.03232825797932261,,0.59,0.53,-10.17
GIL,GIL,"Gildan Activewear, Inc. Class A Sub. Vot. Common Stock",NYSE,NYSE,USD,72.58000183105469,-0.31602831365383943,68.58889405116918,64.96468837970015,58.086770060605325,2.4322074278406376,1.9960771096683558,70.73175270322614,0.678,3.0,Irregular,2025-08-21,0.00934141613247942,,0.79,0.84,5.75
GIS,GIS,"General Mills, Inc. Common Stock",NYSE,NYSE,USD,,,,,,,,,,,,,,,,,
GJH,GJH,Synthetic Fixed,NYSE,NYSE,USD,9.640000343322754,-0.06639424117088999,9.721237418005265,9.74080450470459,9.682761576155587,-0.026946832511233865,-0.005548090931964053,25.00006622744624,0.636,2.0,Semi-Annual,2025-12-12,0.06597510138477661,,,,
GJO,GJO,Synthetic Fixed,NYSE,NYSE,USD,24.799999237060547,-0.03173341000052965,24.819743785949235,24.845770256675998,24.895849783147156,-0.015342061692503961,-0.013673040823413718,0.0,1.216,12.0,Monthly,2026-02-13,0.04903225957292925,,,,
GJP,GJP,Synthetic Fixed,NYSE,NYSE,USD,25.020000457763672,-0.051587345438538046,24.76880647496521,24.778566854164435,24.803888109980694,0.04025782063785144,-0.026979546986912992,59.64921380122673,1.314,12.0,Monthly,2026-02-13,0.052517984650646464,,,,
GJR,GJR,Synthetic Fixed,NYSE,NYSE,USD,24.850000381469727,-0.03294118245442712,24.815219376470793,24.8408244947505,24.895057582321925,-0.007372245779457387,-0.014654513901637618,44.06782400672421,1.201,12.0,Monthly,2026-02-13,0.04832997913736725,,,,
GJS,GJS,"Goldman Sachs Group Securities STRATS Trust for Goldman Sachs Group Securities, Series 2006",NYSE,NYSE,USD,23.479999542236328,-0.039638009704222044,23.450374123937532,23.3439613114708,23.10126285695225,0.07055739880188128,0.05580828645384496,49.7854028066677,1.171,12.0,Monthly,2026-02-13,0.049872232658845675,,,,
GJT,GJT,Synthetic Fixed,NYSE,NYSE,USD,23.010000228881836,-0.037891941052956124,23.16753683997404,23.120878260027542,22.904591213597612,-0.009065409928663115,0.017412120647184056,25.510215997602188,1.234,12.0,Monthly,2026-01-30,0.05362885648523811,,,,
GKOS,GKOS,Glaukos Corporation Common Stock,NYSE,NYSE,USD,109.47000122070312,-0.5349981484773851,114.08198957935898,111.2533693265927,105.6897607523857,-1.225944770673152,0.3170876198916684,28.362582688013802,,,,,,,-0.52,-0.45,13.81
GL,GL,Globe Life Inc. Common Stock,NYSE,NYSE,USD,,,,,,,,,,,,,,,,,
GL$D,GL$D,Globe Life Inc. 4.25% Junior Subordinated Debentures due 2061,NYSE,NYSE,USD,,,,,,,,,,,,,,,,,
GLOB,GLOB,Globant S.A. Common Shares,NYSE,NYSE,USD,49.400001525878906,-0.7804508718467736,60.58804386207714,63.644330919390036,84.56692091902296,-3.732888545217449,-2.1174289236929726,19.27972449855264,,,,,,,1.26,1.27,0.79
GLOP$A,GLOP$A,GasLog Partners LP 8.625% Series A Cumulative Redeemable Perpetual Fixed to Floating Rate Preference Units,NYSE,NYSE,USD,,,,,,,,,,,,,,,,,
GLOP$B,GLOP$B,GasLog Partners LP 8.200% Series B Cumulative Redeemable Perpetual Fixed to Floating Rate Preference Units,NYSE,NYSE,USD,,,,,,,,,,,,,,,,,
GLOP$C,GLOP$C,GasLog Partners LP 8.500% Series C Cumulative Redeemable Perpetual Fixed to Floating Rate Preference Units,NYSE,NYSE,USD,,,,,,,,,,,,,,,,,
GLP,GLP,Global Partners LP Common Units representing Limited Partner Interests,NYSE,NYSE,USD,48.75,-0.33901133725713717,46.631555765539105,45.36705770419331,47.78971456777619,1.155817458984373,1.0359298044255165,69.26554748697507,3.01,4.0,Quarterly,2026-02-09,0.06174358974358974,,1.21,4.61,280.99
GLP$B,GLP$B,Global Partners LP 9.50% Series B Fixed Rate Cumulative Redeemable Perpetual Preferred Units representing limited partner interests,NYSE,NYSE,USD,,,,,,,,,,,,,,,,,
GLW,GLW,Corning Incorporated Common Stock,NYSE,NYSE,USD,,,,,,,,,,,,,,,,,
GM,GM,General Motors Company Common Stock,NYSE,NYSE,USD,,,,,,,,,,,,,,,,,
GME,GME,GameStop Corporation Common Stock,NYSE,NYSE,USD,23.56999969482422,-0.4304484007417576,23.683228518181913,22.918777401838277,23.619062854033313,0.59664318308511,0.7166627351905549,47.522518217014714,,,,,,,-0.28,-0.31,-12.05
GME.W,GME.W,GameStop Corporation Warrants to Purchase Common Stock,NYSE,NYSE,USD,,,,,,,,,,,,,,,,,
GMED,GMED,"Globus Medical, Inc. Class A Common Stock",NYSE,NYSE,USD,88.08999633789062,-0.388306044210735,89.2389691327969,87.28197082420552,76.61219696287142,-0.6555388869670509,-0.2363832641205426,28.38194175084743,,,,,,,0.52,0.5,-3.88
GMRE,GMRE,Global Medical REIT Inc. Common Stock,NYSE,NYSE,USD,36.06999969482422,-0.33590311442293297,35.72408811148124,34.91678233753174,35.15985491658617,0.4659516406708377,0.42632119018517306,57.86516974330802,3.3,4.0,Quarterly,2025-12-19,0.09148877260660265,,0.02,0.01,-33.33
GMRE$A,GMRE$A,Global Medical REIT Inc. Series A Cumulative Redeemable Preferred Stock,NYSE,NYSE,USD,,,,,,,,,,,,,,,,,
GMRE$B,GMRE$B,"Global Medical REIT Inc. 8.00% Series B Cumulative Redeemable Preferred Stock, $0.001 par value per share",NYSE,NYSE,USD,,,,,,,,,,,,,,,,,
GNE,GNE,Genie Energy Ltd. Class B Common Stock Stock,NYSE,NYSE,USD,14.600000381469727,-0.5091496270815301,14.129486656749748,14.268061043842376,15.474388165984418,0.013432330889337152,-0.0351312747270567,59.70697391054044,0.3,4.0,Quarterly,2025-11-10,0.02054794466860145,,,,
GNK,GNK,Genco Shipping & Trading Limited Ordinary Shares New (Marshall Islands),NYSE,NYSE,USD,22.209999084472656,-0.23501687778724956,20.76387922397064,19.681544421418874,17.406654840426334,0.6838887083651066,0.5889900881221135,67.12803864331295,0.75,4.0,Quarterly,2025-11-17,0.033768574106981225,,0.13,0.06,-52.92
GNL,GNL,"Global Net Lease, Inc. Common Stock",NYSE,NYSE,USD,9.850000381469727,-0.1743341425325109,9.526506736876366,9.046237345120415,8.205067100542133,0.24997032848650136,0.24512379407877857,67.93893574348354,0.76,4.0,Quarterly,2026-01-12,0.07715735741794964,,-0.02,-0.06,-200.0
GNL$A,GNL$A,"Global Net Lease, Inc. 7.25% Series A Cumulative Redeemable Preferred Stock, $0.01 par value per share",NYSE,NYSE,USD,,,,,,,,,,,,,,,,,
GNL$B,GNL$B,"Global Net Lease, Inc. 6.875% Series B Cumulative Redeemable Perpetual Preferred Stock",NYSE,NYSE,USD,,,,,,,,,,,,,,,,,
GNL$D,GNL$D,"Global Net Lease, Inc. 7.50% Series D Cumulative Redeemable Perpetual Preferred Stock",NYSE,NYSE,USD,,,,,,,,,,,,,,,,,
GNL$E,GNL$E,"Global Net Lease, Inc. 7.375% Series E Cumulative Redeemable Perpetual Preferred Stock",NYSE,NYSE,USD,,,,,,,,,,,,,,,,,
GNRC,GNRC,Generac Holdlings Inc. Common Stock,NYSE,NYSE,USD,,,,,,,,,,,,,,,,,
GNT,GNT,"GAMCO Natural Resources, Gold & Income Trust",NYSE,NYSE,USD,,,,,,,,,,,,,,,,,
GNT$A,GNT$A,"GAMCO Natural Resources, Gold & Income Tust  5.20% Series A Cumulative Preferred Shares (Liquidation Preference $25.00 per share)",NYSE,NYSE,USD,,,,,,,,,,,,,,,,,
GNW,GNW,Genworth Financial Inc Common Stock,NYSE,NYSE,USD,8.920000076293945,-0.1707317356833522,8.744671798756999,8.702065351589996,8.302761068374522,0.09131585804478881,0.0216472757454121,68.32300086600806,,,,,,,0.2,0.12,-38.78
GOF,GOF,Guggenheim Strategic Opportunities Fund Common Shares of Beneficial Interest,NYSE,NYSE,USD,,,,,,,,,,,,,,,,,
GOLD,GOLD,"Gold.com, Inc. Common Stock",NYSE,NYSE,USD,,,,,,,,,,,,,,,,,
GOLF,GOLF,Acushnet Holdings Corp. Common Stock,NYSE,NYSE,USD,,,,,,,,,,,,,,,,,
GOOS,GOOS,Canada Goose Holdings Inc. Subordinate Voting Shares,NYSE,NYSE,USD,,,,,,,,,,,,,,,,,
GOTU,GOTU,Gaotu Techedu Inc. American Depositary Shares,NYSE,NYSE,USD,2.119999885559082,-0.4876237740622773,2.2206529281259475,2.3774542740144637,2.8462446855066434,-0.075110085310365,-0.069731366674786,36.956516105424484,,,,,,,,,
GPC,GPC,Genuine Parts Company Common Stock,NYSE,NYSE,USD,147.16000366210938,-0.18198730878468394,142.24595758713812,136.30096684909137,131.12429344481293,4.501561639223922,4.26677508547559,67.40843708932002,4.12,4.0,Quarterly,2025-12-05,0.027996737547383018,,2.05,2.23,8.9
GPI,GPI,"Group 1 Automotive, Inc. Common Stock",NYSE,NYSE,USD,333.8599853515625,-0.3162109875032002,359.1590640949992,381.5569068156508,415.19390204189415,-17.029107294628545,-14.401674678613595,24.102331604050576,2.0,4.0,Quarterly,2025-12-01,0.005990535217612115,,11.3,12.0,6.15
GPJA,GPJA,"Georgia Power Company Series 2017A 5.00% Junior Subordinated Notes due October 1, 2077",NYSE,NYSE,USD,23.405000686645508,-0.11541767773807832,23.141712308952144,23.026713069136534,22.82051835499757,0.09737841767145028,0.08095196486575214,61.688324556232075,1.252,4.0,Quarterly,2025-12-31,0.053492841840178613,,,,
GPK,GPK,Graphic Packaging Holding Company,NYSE,NYSE,USD,,,,,,,,,,,,,,,,,
GPMT,GPMT,Granite Point Mortgage Trust Inc. Common Stock,NYSE,NYSE,USD,,,,,,,,,,,,,,,,,
GPMT$A,GPMT$A,Granite Point Mortgage Trust Inc. 7.00% Series A Fixed,NYSE,NYSE,USD,,,,,,,,,,,,,,,,,
GPN,GPN,Global Payments Inc. Common Stock,NYSE,NYSE,USD,,,,,,,,,,,,,,,,,
GPOR,GPOR,Gulfport Energy Corporation Common Shares,NYSE,NYSE,USD,,,,,,,,,,,,,,,,,
GPRK,GPRK,Geopark Ltd Common Shares,NYSE,NYSE,USD,,,,,,,,,,,,,,,,,
GRBK,GRBK,"Green Brick Partners, Inc. Common Stock",NYSE,NYSE,USD,,,,,,,,,,,,,,,,,
GRBK$A,GRBK$A,"Green Brick Partners, Inc. Depositary Shares (each representing a 1/1000th fractional interest in a share of 5.75% Series A Cumulative Perpetual Preferred Stock)",NYSE,NYSE,USD,,,,,,,,,,,,,,,,,
GRC,GRC,Gorman,NYSE,NYSE,USD,67.4000015258789,-0.21126755698660016,59.643770745294006,54.0956143575297,46.26637039893363,4.350459009562236,3.326875619086171,97.54147866724313,0.75,4.0,Quarterly,2026-02-13,0.011127596187249789,,0.36,0.25,-30.56
GRDN,GRDN,"Guardian Pharmacy Services, Inc. Class A Common Stock",NYSE,NYSE,USD,,,,,,,,,,,,,,,,,
GRMN,GRMN,Garmin Ltd. Common Stock (Switzerland),NYSE,NYSE,USD,214.74000549316406,-0.2823130238527305,206.06778184053533,207.4746642826396,214.12669964326628,0.28874020177013904,-0.4374310875663425,57.28934529989902,3.45,4.0,Quarterly,2025-12-12,0.016065939795786334,,1.13,1.24,9.93
GRND,GRND,Grindr Inc. Common Stock,NYSE,NYSE,USD,10.079999923706055,-0.6016983192964914,11.034344646253395,12.163690054233813,15.063165651795728,-0.7201574986515507,-0.6771546159591406,26.550862673019125,,,,,,,,,
GRNT,GRNT,"Granite Ridge Resources, Inc. Common Stock",NYSE,NYSE,USD,5.050000190734863,-0.36786784765725455,4.907953585963909,4.886306568171281,5.242108908835991,0.09670541010226241,0.07786654214244844,64.18919615540257,0.44,4.0,Quarterly,2025-11-28,0.08712870958049851,,0.47,0.42,-10.64
GROV,GROV,"Grove Collaborative Holdings, Inc. Class A Common Stock",NYSE,NYSE,USD,1.5199999809265137,-0.3905325819433343,1.4473358988714076,1.3788910950671922,1.3973857111091,0.05896248957033623,0.06158745206795174,60.97562110261688,,,,,,,,,
GRP.U,GRP.U,Granite Real Estate Inc. Units,NYSE,NYSE,USD,,,,,,,,,,,,,,,,,
GRX,GRX,The Gabelli Healthcare & Wellness Trust Common Shares of Beneficial Interest,NYSE,NYSE,USD,9.819999694824219,-0.11984285171470266,9.679398018484376,9.607734466832087,9.542470312187493,0.03573479859118933,0.0250886438454114,58.97433389412731,0.66,4.0,Quarterly,2025-12-12,0.06720977805608926,,,,
GS,GS,"Goldman Sachs Group, Inc. (The) Common Stock",NYSE,NYSE,USD,905.1400146484375,-0.3123670397626984,927.5013465542586,903.7969108251016,795.8652336471279,1.261747631837352,6.043686041932397,42.882274134387764,14.0,4.0,Quarterly,2025-12-02,0.015467220290153336,,8.1,9.87,21.91
GS$A,GS$A,"Goldman Sachs Group, Inc. (The) Depositary Shares each representing 1/1000th Interest in a Share of Floating Rate Non",NYSE,NYSE,USD,,,,,,,,,,,,,,,,,
GS$C,GS$C,"Goldman Sachs Group, Inc. (The) Depositary Share repstg 1/1000th Preferred Series C",NYSE,NYSE,USD,,,,,,,,,,,,,,,,,
GS$D,GS$D,"Goldman Sachs Group, Inc. (The) Dep Shs repstg 1/1000 Pfd Ser D Fltg",NYSE,NYSE,USD,,,,,,,,,,,,,,,,,
GSBD,GSBD,"Goldman Sachs BDC, Inc. Common Stock",NYSE,NYSE,USD,9.229999542236328,-0.32631579626677387,9.355008456212662,9.500384046574233,10.414072385416803,-0.024802556368168638,-0.037784352085918745,41.79104158941792,1.88,7.0,Irregular,2025-12-31,0.20368365040508946,,0.53,0.45,-15.06
GSK,GSK,GSK plc American Depositary Shares (Each representing two Ordinary Shares),NYSE,NYSE,USD,,,,,,,,,,,,,,,,,
GSL,GSL,Global Ship Lease Inc New Class A Common Shares,NYSE,NYSE,USD,38.150001525878906,-0.23576211719539553,36.86478176230459,35.70257660604579,31.32616678111407,0.528291495533594,0.4997370770412474,60.456284242833306,2.125,4.0,Quarterly,2025-11-21,0.055701177326520274,,1.85,2.38,28.42
GSL$B,GSL$B,"Global Ship Lease, Inc. Depository Shares Representing 1/100th Perpetual Preferred Series B% (Marshall Island)",NYSE,NYSE,USD,,,,,,,,,,,,,,,,,
GTES,GTES,Gates Industrial Corporation plc Ordinary Shares,NYSE,NYSE,USD,27.969999313354492,-0.3381539656260245,25.129856403046904,23.840514423400037,23.21971373303187,1.2915067531371953,0.9275152276050855,85.06848949991404,,,,,,,0.31,0.31,-0.54
GTLS,GTLS,"Chart Industries, Inc. Common Stock",NYSE,NYSE,USD,,,,,,,,,,,,,,,,,
GTLS$B,GTLS$B,"Chart Industries, Inc. Depositary Shares, each Representing a 1/20th Interest in a Share of 6.75% Series B Mandatory Convertible Preferred Stock",NYSE,NYSE,USD,,,,,,,,,,,,,,,,,
GTN,GTN,"Gray Media, Inc. Common Stock",NYSE,NYSE,USD,,,,,,,,,,,,,,,,,
GTN.A,GTN.A,"Gray Media, Inc. Class A Common Stock",NYSE,NYSE,USD,,,,,,,,,,,,,,,,,
GTY,GTY,Getty Realty Corporation Common Stock,NYSE,NYSE,USD,,,,,,,,,,,,,,,,,
GUG,GUG,Guggenheim Active Allocation Fund Common Shares of Beneficial Interest,NYSE,NYSE,USD,,,,,,,,,,,,,,,,,
GUT,GUT,Gabelli Utility Trust (The) Common Stock,NYSE,NYSE,USD,6.079999923706055,-0.08839779636242606,6.05288561974839,6.048688396713746,5.901833944782246,-0.0016370329981141296,-0.006758310139044883,49.05658170563838,0.6000000000000001,12.0,Monthly,2026-02-12,0.09868421176463947,,,,
GUT$C,GUT$C,Gabelli Utility Trust (The) 5.375% Series C Cumulative Preferred Shares,NYSE,NYSE,USD,,,,,,,,,,,,,,,,,
GVA,GVA,Granite Construction Incorporated Common Stock,NYSE,NYSE,USD,130.92999267578125,-0.1911110728554576,125.8551745963983,119.91656491989384,106.56783816023145,3.5490215924826174,2.9620924356691005,72.72725328366435,0.52,4.0,Quarterly,2025-12-31,0.003971588093552127,,0.62,0.38,-38.73
GWH,GWH,"ESS Tech, Inc. Common Stock",NYSE,NYSE,USD,,,,,,,,,,,,,,,,,
GWH.W,GWH.W,"ESS Tech, Inc. Warrant",NYSE,NYSE,USD,,,,,,,,,,,,,,,,,
GWRE,GWRE,"Guidewire Software, Inc. Common Stock",NYSE,NYSE,USD,127.02999877929688,-0.5213838628345129,143.22775003317022,169.23526888153324,202.35784181839426,-14.666016093092395,-14.833235313484371,24.13180298644555,,,,,,,-0.39,-0.12,69.32
GWW,GWW,"W.W. Grainger, Inc. Common Stock",NYSE,NYSE,USD,,,,,,,,,,,,,,,,,
GXO,GXO,"GXO Logistics, Inc. Common Stock ",NYSE,NYSE,USD,,,,,,,,,,,,,,,,,
GYLD,GYLD,Arrow Dow Jones Global Yield ETF ETF,NYSE,NYSE,USD,,,,,,,,,,,,,,,,,
H,H,Hyatt Hotels Corporation Class A Common Stock,NYSE,NYSE,USD,,,,,,,,,,,,,,,,,
HAE,HAE,Haemonetics Corporation Common Stock,NYSE,NYSE,USD,57.7599983215332,-0.3901752681902553,64.71394916769098,69.37068302169249,66.80381097805672,-4.812383474074373,-4.222974124723838,20.931500801922354,,,,,,,0.67,0.83,23.17
HAFN,HAFN,Hafnia Limited Common Shares,NYSE,NYSE,USD,6.730000019073486,-0.2940038604440618,6.202885777369873,5.985225564376749,5.712168719823805,0.23531756641630253,0.17300432131073587,84.61539744048454,0.131,2.0,Semi-Annual,2025-05-22,0.01946508166845959,,,,
HAL,HAL,Halliburton Company Common Stock,NYSE,NYSE,USD,33.959999084472656,-0.2864023567168813,33.589667371943996,31.400287054463806,26.928726439943926,0.9255944546545791,1.0771928167772584,48.756212532056075,0.68,4.0,Quarterly,2025-12-03,0.020023557665845543,,0.56,0.6,6.78
HASI,HASI,"HA Sustainable Infrastructure Capital, Inc. Common Stock",NYSE,NYSE,USD,,,,,,,,,,,,,,,,,
HAYW,HAYW,"Hayward Holdings, Inc. Common Stock",NYSE,NYSE,USD,,,,,,,,,,,,,,,,,
HBB,HBB,Hamilton Beach Brands Holding Company Class A Common Stock ,NYSE,NYSE,USD,19.06999969482422,-0.35795173290281657,18.935164677472798,17.874865168862623,16.65451703989636,0.3684764704220562,0.5246633494519691,51.20771121816018,0.475,4.0,Quarterly,2025-12-01,0.024908233225033535,,0.34,0.43,26.47
HBM,HBM,Hudbay Minerals Inc. Ordinary Shares (Canada),NYSE,NYSE,USD,26.100000381469727,-0.33442618508369926,24.76440361817428,22.23651422051241,16.203261482975126,1.0906542856684673,1.2307704879627623,52.079453667241246,0.007,1.0,Annual,2025-03-04,0.0002681992297965561,,0.12,0.12,1.05
HCA,HCA,"HCA Healthcare, Inc. Common Stock",NYSE,NYSE,USD,,,,,,,,,,,,,,,,,
HCC,HCC,"Warrior Met Coal, Inc. Common Stock",NYSE,NYSE,USD,,,,,,,,,,,,,,,,,
HCI,HCI,"HCI Group, Inc. Common Stock",NYSE,NYSE,USD,157.9600067138672,-0.2628391550593163,163.2815476585987,170.7693706065863,166.77830638398197,-3.8536207322829057,-4.832819151578044,49.11077624823754,1.6,4.0,Quarterly,2025-11-21,0.010129146188872232,,-6.21,-5.62,9.55
HCXY,HCXY,"Hercules Capital, Inc. 6.25% Notes due 2033",NYSE,NYSE,USD,,,,,,,,,,,,,,,,,
HD,HD,"Home Depot, Inc. (The) Common Stock",NYSE,NYSE,USD,391.04998779296875,-0.21501111345191481,381.35346321751877,373.34720182466776,376.969710075779,6.352179757297051,6.056767564474038,54.277052731768144,9.2,4.0,Quarterly,2025-12-04,0.02352640400763981,,3.8,3.82,0.63
HDB,HDB,HDFC Bank Limited Common Stock,NYSE,NYSE,USD,32.52000045776367,-0.18773751249658832,33.34737121066272,34.072039280050035,34.80202175121043,-0.20401035701363668,-0.26540479899159086,53.333328751107466,0.4625,2.0,Semi-Annual,2025-08-11,0.014222017019977776,,0.56,0.55,-1.9
HE,HE,"Hawaiian Electric Industries, Inc. Common Stock",NYSE,NYSE,USD,16.81999969482422,-0.1832461059755185,15.773636775900762,14.2908401163771,12.270516896699178,0.8592852773045347,0.8837144930710821,69.00211488834827,,,,,,,0.55,0.57,3.64
HEI,HEI,Heico Corporation Common Stock,NYSE,NYSE,USD,,,,,,,,,,,,,,,,,
HEI.A,HEI.A,Heico Corporation Common Stock,NYSE,NYSE,USD,,,,,,,,,,,,,,,,,
HEQ,HEQ,John Hancock Diversified Income Fund Common Shares of Beneficial Interest,NYSE,NYSE,USD,11.40999984741211,-0.11267604246456675,11.175412297435587,11.010344235751392,10.764844828547492,0.11817291614918624,0.09622301830323673,76.92308820918669,1.0,4.0,Quarterly,2025-12-11,0.08764242010281963,,,,
HESM,HESM,Hess Midstream LP Class A Representing Limited Partner Interests,NYSE,NYSE,USD,,,,,,,,,,,,,,,,,
HF,HF,DGA Core Plus Absolute Return ETF,NYSE,NYSE,USD,21.375,-0.033932101908339285,21.379501951060064,21.307269564256966,20.973799879970688,0.021043607790851127,0.03486224510915251,42.94113027185316,0.198,1.0,Annual,2025-12-29,0.009263157894736843,,,,
HFGM,HFGM,Unlimited HFGM Global Macro ETF,NYSE,NYSE,USD,33.34000015258789,-0.14089960039426497,32.81086974141773,32.12265534587315,30.1475569951613,0.5093926006378453,0.49089010371984687,51.38857683399626,3.24,1.0,Annual,2025-12-24,0.0971805634424542,,,,
HFND,HFND,Unlimited HFND Multi,NYSE,NYSE,USD,,,,,,,,,,,,,,,,,
HFRO,HFRO,Highland Opportunities and Income Fund Common Shares of Beneficial Interest,NYSE,NYSE,USD,6.420000076293945,-0.23327618375848447,6.303126458869445,6.231345688394935,6.014191046557711,0.06487226919878708,0.057464982345706905,63.23529205520642,0.46799999999999997,12.0,Monthly,2026-01-23,0.07289719539538712,,,,
HFRO$A,HFRO$A,Highland Opportunities and Income Fund 5.375% Series A Cumulative Preferred Shares,NYSE,NYSE,USD,,,,,,,,,,,,,,,,,
HFRO$B,HFRO$B,Highland Opportunities and Income Fund 5.375% Series B Cumulative Preferred Shares,NYSE,NYSE,USD,,,,,,,,,,,,,,,,,
HG,HG,"Hamilton Insurance Group, Ltd. Class B Common Shares",NYSE,NYSE,USD,,,,,,,,,,,,,,,,,
HGER,HGER,Harbor Commodity All,NYSE,NYSE,USD,26.93000030517578,-0.09734517755537409,26.75400301816035,26.331140067985874,25.47784785576793,0.2891137849561183,0.331470402974559,49.79536990584518,1.759,1.0,Annual,2025-12-12,0.06531748904815017,,,,
HGLB,HGLB,Highland Global Allocation Fund Common Stock,NYSE,NYSE,USD,8.739999771118164,-0.16826005950891243,8.818363417905482,9.01729614886362,8.964222536843321,-0.08333289252582432,-0.09460908179198739,47.47473482524138,1.053,12.0,Monthly,2026-01-23,0.12048055235421166,,,,
HGTY,HGTY,"Hagerty, Inc. Class A Common Stock",NYSE,NYSE,USD,12.0600004196167,-0.17665131412214352,12.396000959365884,12.580168001359375,11.737761864765101,-0.22215491609112803,-0.17687219408794985,41.056919236579844,,,,,,,0.07,0.07,
HGV,HGV,Hilton Grand Vacations Inc. Common Stock ,NYSE,NYSE,USD,,,,,,,,,,,,,,,,,
HHH,HHH,Howard Hughes Holdings Inc. Common Stock,NYSE,NYSE,USD,,,,,,,,,,,,,,,,,
HI,HI,Hillenbrand Inc Common Stock,NYSE,NYSE,USD,31.979999542236328,-0.4676957952286185,31.88527533171529,31.508503157019035,29.043102642575448,0.0580507192873867,0.05620405447579123,72.22239883014909,0.9025000000000001,4.0,Quarterly,2025-12-16,0.02822076338081427,,0.71,0.74,4.77
HIG,HIG,"The Hartford Insurance Group, Inc. Common Stock",NYSE,NYSE,USD,141.25,-0.12037480943317258,137.93646638874762,135.64157138043606,129.8813167335562,2.1666340767289682,1.4001182265280394,77.27034814895171,2.16,4.0,Quarterly,2025-12-01,0.01529203539823009,,1.87,2.31,23.21
HIG$G,HIG$G,"The Hartford Insurance Group, Inc. Depositary Shares each representing a 1/1000th interest in a share of 6.000% Non",NYSE,NYSE,USD,,,,,,,,,,,,,,,,,
HII,HII,"Huntington Ingalls Industries, Inc. Common Stock",NYSE,NYSE,USD,418.7799987792969,-0.14025697726254405,404.1454072645736,378.41604255412886,304.3202694400338,6.908114433025958,10.492956614715549,51.56250028546284,5.43,4.0,Quarterly,2025-11-28,0.012966235292583035,,3.42,3.44,0.58
HIMS,HIMS,"Hims & Hers Health, Inc. Class A Common Stock",NYSE,NYSE,USD,,,,,,,,,,,,,,,,,
HIO,HIO,"Western Asset High Income Opportunity Fund, Inc. Common Stock",NYSE,NYSE,USD,3.809999942779541,-0.14043587071501784,3.771821790158035,3.767136974465464,3.839125977109374,0.015095112862226756,0.010500203188320567,70.0,0.43199999999999994,12.0,Monthly,2026-01-23,0.11338582847453782,,,,
HIPO,HIPO,Hippo Holdings Inc. Common Stock,NYSE,NYSE,USD,,,,,,,,,,,,,,,,,
HIW,HIW,"Highwoods Properties, Inc. Common Stock",NYSE,NYSE,USD,23.1200008392334,-0.3209000733894163,25.25995163463181,26.23543827440096,28.201450864024302,-0.7551322478269604,-0.39905710436952757,30.958247826818436,2.0,4.0,Quarterly,2025-11-17,0.08650518717136496,,0.23,0.31,34.78
HIX,HIX,Western Asset High Income Fund II Inc. Common Stock,NYSE,NYSE,USD,,,,,,,,,,,,,,,,,
HKD,HKD,AMTD Digital Inc. American Depositary Shares (every five of which represent two Class A Ordinary Shares),NYSE,NYSE,USD,1.590000033378601,-0.5694915388480439,1.4508728115765082,1.4652439932636139,1.7341088909541418,0.02972736561125333,0.010510862787506577,64.51614267744986,,,,,,,,,
HL,HL,Hecla Mining Company Common Stock,NYSE,NYSE,USD,22.600000381469727,-0.34328828228952113,23.620714704794057,21.7814114430435,14.5096824363905,-0.1582605805961741,0.44683389550571984,32.65883226862927,0.016,4.0,Quarterly,2025-11-24,0.0007079645898200417,,0.03,0.01,-60.0
HL$B,HL$B,Hecla Mining Company Preferred Stock,NYSE,NYSE,USD,,,,,,,,,,,,,,,,,
HLF,HLF,Herbalife Ltd. Common Shares,NYSE,NYSE,USD,15.899999618530273,-0.2996633133579055,16.342843996064378,14.884540807908532,11.17814700676351,0.38860004458264186,0.6447490461396562,37.72608494653016,,,,,,,0.8,0.91,14.39
HLI,HLI,"Houlihan Lokey, Inc. Class A Common Stock",NYSE,NYSE,USD,,,,,,,,,,,,,,,,,
HLIO,HLIO,"Helios Technologies, Inc. Common Stock",NYSE,NYSE,USD,75.6500015258789,-0.38167393092150537,68.98952686247719,63.16790375316383,52.23714063533209,3.8141912253447288,3.395019312536463,77.27530908976422,0.36,4.0,Quarterly,2026-01-07,0.004758757339573199,,0.77,0.72,-6.25
HLLY,HLLY,Holley Inc. Common Stock,NYSE,NYSE,USD,4.150000095367432,-0.4060402786585131,4.109857388098929,4.026688634027029,3.433167204143459,0.014456200445597922,0.0027075285432180767,53.95683971511893,,,,,,,0.06,-0.04,-162.83
HLLY.W,HLLY.W,Holley Inc. Warrants,NYSE,NYSE,USD,,,,,,,,,,,,,,,,,
HLN,HLN,Haleon plc American Depositary Shares (Each representing two Ordinary Shares),NYSE,NYSE,USD,11.199999809265137,-0.2357580733003618,10.678370539930789,10.259672404646924,9.919240584784928,0.29989768236252523,0.24394617505719451,79.43262459316655,0.176,2.0,Semi-Annual,2025-08-15,0.015714285981898408,,,,
HLT,HLT,Hilton Worldwide Holdings Inc. Common Stock ,NYSE,NYSE,USD,314.6199951171875,-0.2531631795259228,308.28099193649933,296.6839256889473,276.1887945697334,7.293284755642048,6.001077490214881,70.42485289717763,0.6,4.0,Quarterly,2025-11-21,0.0019070625176779248,,1.24,1.31,5.37
HLX,HLX,"Helix Energy Solutions Group, Inc. Common Stock",NYSE,NYSE,USD,8.600000381469727,-0.35665913881053124,8.060762694704366,7.467360267473752,7.027232607779097,0.4246498772244953,0.3910977920922505,68.3501751614343,,,,,,,-0.04,-0.03,18.61
HMC,HMC,"Honda Motor Company, Ltd. Common Stock",NYSE,NYSE,USD,31.780000686645508,-0.18278333459942608,31.147140616561103,30.747165855716275,30.605079337287787,0.41732188797062264,0.3270744869581045,60.0,0.712,1.0,Annual,2025-03-28,0.022404027206305077,,,,
HMN,HMN,Horace Mann Educators Corporation Common Stock,NYSE,NYSE,USD,,,,,,,,,,,,,,,,,
HMY,HMY,Harmony Gold Mining Company Limited,NYSE,NYSE,USD,,,,,,,,,,,,,,,,,
HNGE,HNGE,"Hinge Health, Inc. Class A Common Stock",NYSE,NYSE,USD,38.939998626708984,-0.48521881966902036,37.85393981846113,41.96172468629329,44.89346991650506,-2.2307002023923417,-2.9516005279776865,43.52766173589443,,,,,,,,,
HNI,HNI,HNI Corporation Common Stock,NYSE,NYSE,USD,50.029998779296875,-0.27104761032831104,49.02040713575313,46.34819904550473,45.48834917967894,1.7325752871678262,1.7979234057894256,64.16380889887625,1.35,4.0,Quarterly,2025-11-17,0.0269838103725609,,0.65,0.71,10.08
HOG,HOG,Harley,NYSE,NYSE,USD,20.420000076293945,-0.36964231282274873,20.362508234365368,21.35035052208565,23.90115985208534,-0.2180892169707107,-0.3175968644445817,53.62318339805761,0.72,4.0,Quarterly,2025-12-09,0.03525954932957443,,1.4,1.78,27.39
HOMB,HOMB,"Home BancShares, Inc. Common Stock",NYSE,NYSE,USD,,,,,,,,,,,,,,,,,
HOUS,HOUS,"Anywhere Real Estate Inc. Common Stock,",NYSE,NYSE,USD,17.639999389648438,-0.26530610755402495,14.758711233835264,13.313390746105346,8.857993454904076,0.6659159032647306,0.45123926006234316,82.75191871444746,,,,,,,0.67,0.58,-13.22
HOV,HOV,"Hovnanian Enterprises, Inc. Class A Common Stock",NYSE,NYSE,USD,130.1300048828125,-0.38345289112811265,121.52538690323931,117.91891215899936,119.98436634249647,4.13976089596639,3.2099517327882525,69.3317205612862,,,,,,,,7.24,
HP,HP,"Helmerich & Payne, Inc. Common Stock",NYSE,NYSE,USD,33.20000076293945,-0.4515195303119385,33.57021940045918,31.362580318884376,26.09450483698808,0.8741562758375281,1.1809854109169975,53.26855543420276,1.0,4.0,Quarterly,2026-02-13,0.03012048123553905,,1.05,1.26,19.75
HPE,HPE,Hewlett Packard Enterprise Company Common Stock,NYSE,NYSE,USD,22.690000534057617,-0.42745995375399815,22.672237248634897,22.75735900111833,22.07295736278513,0.15458382666850667,0.014834394225627084,58.967393135304164,0.533,4.0,Quarterly,2025-12-19,0.02349052390721493,,0.56,0.57,1.36
HPE$C,HPE$C,Hewlett Packard Enterprise Company 7.625% Series C Mandatory Convertible Preferred Stock,NYSE,NYSE,USD,,,,,,,,,,,,,,,,,
HPF,HPF,John Hancock Pfd Income Fund II Pfd Income Fund II,NYSE,NYSE,USD,16.149999618530273,-0.13333331871763465,16.138268763252118,16.1871819521397,16.348609001375426,-0.001523744091727508,-0.007299629136370664,47.05873553116293,1.488,12.0,Monthly,2026-02-12,0.09213622508651273,,,,
HPI,HPI,John Hancock Preferred Income Fund Common Shares of Beneficial Interest,NYSE,NYSE,USD,,,,,,,,,,,,,,,,,
HPP,HPP,"Hudson Pacific Properties, Inc. Common Stock",NYSE,NYSE,USD,6.579999923706055,-0.7351281058289417,8.156398892219897,10.130953596372514,14.568134837997372,-1.0112384100214715,-0.8712841107548842,22.717155748584304,,,,,,,-0.01,-0.12,-1699.1
HPP$C,HPP$C,"Hudson Pacific Properties, Inc. 4.750% Series C Cumulative Redeemable Preferred Stock",NYSE,NYSE,USD,,,,,,,,,,,,,,,,,
HPQ,HPQ,HP Inc. Common Stock,NYSE,NYSE,USD,,,,,,,,,,,,,,,,,
HPS,HPS,John Hancock Preferred Income Fund III Preferred Income Fund III,NYSE,NYSE,USD,,,,,,,,,,,,,,,,,
HQH,HQH,abrdn Healthcare Investors Shares of Beneficial Interest,NYSE,NYSE,USD,,,,,,,,,,,,,,,,,
HQL,HQL,abrdn Life Sciences Investors Shares of Beneficial Interest,NYSE,NYSE,USD,16.979999542236328,-0.23826212075240694,16.95323769832766,16.865928662708633,15.54321908772162,-0.010368374183791218,0.006305653187633842,42.162130953510136,1.8199999999999998,4.0,Quarterly,2025-11-21,0.10718492632893789,,,,
HR,HR,Healthcare Realty Trust Incorporated Common Stock,NYSE,NYSE,USD,,,,,,,,,,,,,,,,,
HRB,HRB,"H&R Block, Inc. Common Stock",NYSE,NYSE,USD,31.049999237060547,-0.550444166544936,35.63483429412777,39.89363917463706,47.13315506646755,-3.199808576707973,-2.482180052661813,20.30864667027572,1.5899999999999999,4.0,Quarterly,2025-12-04,0.05120773072684051,,-1.08,-0.99,8.76
HRI,HRI,Herc Holdings Inc. Common Stock ,NYSE,NYSE,USD,173.1199951171875,-0.4901863428444726,167.02556013633594,157.75812588828967,146.82011164971743,5.768626202048182,4.323770134816008,61.855828071469965,2.8,4.0,Quarterly,2025-12-15,0.016173752766713276,,3.53,3.42,-3.02
HRL,HRL,Hormel Foods Corporation Common Stock,NYSE,NYSE,USD,23.780000686645508,-0.32498413768129786,24.27919824396634,24.085604307068753,25.539750727960215,0.02041452868240512,0.1850401999081752,38.031326592614334,1.1629999999999998,4.0,Quarterly,2026-01-12,0.04890664282668096,,0.5,0.51,2.35
HRTG,HRTG,"Heritage Insurance Holdings, Inc. Common Stock",NYSE,NYSE,USD,,,,,,,,,,,,,,,,,
HSBC,HSBC,"HSBC Holdings, plc. Common Stock",NYSE,NYSE,USD,85.1500015258789,-0.2419616934529687,86.57249251125683,81.9283298998627,71.09487987746192,1.9366692340102105,2.501359405723539,50.13915866423252,3.3,4.0,Quarterly,2025-11-07,0.03875513729729129,,,,
HSHP,HSHP,Himalaya Shipping Ltd. Common Shares,NYSE,NYSE,USD,,,,,,,,,,,,,,,,,
HSY,HSY,The Hershey Company Common Stock,NYSE,NYSE,USD,222.5800018310547,-0.1881841983760476,210.90023006260256,198.22903430810575,183.60657781370668,10.465678308647739,8.313055212488877,78.54016201073003,4.11,3.0,Irregular,2025-11-17,0.01846527076192416,,2.1,2.17,3.21
HTB,HTB,"HomeTrust Bancshares, Inc. Common Stock",NYSE,NYSE,USD,,,,,,,,,,,,,,,,,
HTD,HTD,John Hancock Tax Advantaged Dividend Income Fund Common Shares of Beneficial Interest,NYSE,NYSE,USD,25.510000228881836,-0.13269552464938583,24.62947041403541,24.346550492994652,24.065666623096746,0.3192989904711041,0.2364387685112313,80.7692150941243,1.816,12.0,Monthly,2026-02-12,0.07118776886344229,,,,
HTFB,HTFB,Horizon Technology Finance Corporation 4.875% Notes due 2026,NYSE,NYSE,USD,25.719999313354492,-0.022988503140283667,25.052613880756276,25.03076458668167,24.9654767904958,0.05334056629993,-0.0011468708588743253,100.0,1.22,4.0,Quarterly,2025-12-15,0.04743390484332339,,,,
HTFC,HTFC,Horizon Technology Finance Corporation 6.25% Notes due 2027,NYSE,NYSE,USD,,,,,,,,,,,,,,,,,
HTGC,HTGC,"Hercules Capital, Inc. Common Stock",NYSE,NYSE,USD,15.579999923706055,-0.2918181852860884,17.40615001159271,17.97298883499894,18.546549437193875,-0.6228333818330896,-0.4167698482417904,18.16240012911281,1.88,4.0,Quarterly,2025-11-12,0.120667523055597,,0.36,0.39,9.34
HTH,HTH,Hilltop Holdings Inc.,NYSE,NYSE,USD,,,,,,,,,,,,,,,,,
HUBB,HUBB,Hubbell Inc Common Stock,NYSE,NYSE,USD,524.1199951171875,-0.20126403187561326,496.3764419764025,475.82064993898405,437.89064326634383,12.837383672962062,10.994449042549741,68.24496110515342,5.38,4.0,Quarterly,2025-11-28,0.010264824944900434,,2.71,2.88,6.32
HUBS,HUBS,"HubSpot, Inc. Common Stock",NYSE,NYSE,USD,,,,,,,,,,,,,,,,,
HUM,HUM,Humana Inc. Common Stock,NYSE,NYSE,USD,,,,,,,,,,,,,,,,,
HUN,HUN,Huntsman Corporation Common Stock,NYSE,NYSE,USD,,,,,,,,,,,,,,,,,
HUYA,HUYA,"HUYA Inc. American depositary shares, each  representing one Class A ordinary share",NYSE,NYSE,USD,4.28000020980835,-0.4889867945514528,4.180423001998136,3.7103865192395835,3.4341036956512543,0.2921676122450121,0.3199029187209209,63.39623235646189,1.47,1.0,Annual,2025-07-01,0.34345792708870543,,-0.21,0.02,109.64
HVT,HVT,"Haverty Furniture Companies, Inc. Common Stock",NYSE,NYSE,USD,,,,,,,,,,,,,,,,,
HVT.A,HVT.A,"Haverty Furniture Companies, Inc. Common Stock",NYSE,NYSE,USD,,,,,,,,,,,,,,,,,
HWM,HWM,Howmet Aerospace Inc. Common Stock,NYSE,NYSE,USD,250.2100067138672,-0.19413155661871184,222.52988434352528,213.71987012357184,190.084558713749,6.87381541401777,3.433944513095152,77.82040172221001,0.45999999999999996,4.0,Quarterly,2026-02-06,0.0018384556478831897,,0.36,0.36,0.56
HXL,HXL,Hexcel Corporation Common Stock,NYSE,NYSE,USD,89.79000091552734,-0.29477273149560157,84.42476569663037,80.03002303319805,70.04766000667314,2.4620543303865077,2.01095763183567,71.35791574357498,0.6900000000000001,4.0,Quarterly,2026-02-09,0.0076845973155645515,,0.32,0.4,23.86
HY,HY,Hyster,NYSE,NYSE,USD,,,,,,,,,,,,,,,,,
HYAC,HYAC,Haymaker Acquisition Corp. 4 Class A Ordinary Shares,NYSE,NYSE,USD,11.4350004196167,-0.013169496723722696,11.419698283974075,11.386715789483413,11.248860866340088,0.018604119352159998,0.015471812340553965,58.88338634174206,,,,,,,,,
HYAC.U,HYAC.U,"Haymaker Acquisition Corp. 4 Units, each consisting one Class A Ordinary Share and one",NYSE,NYSE,USD,,,,,,,,,,,,,,,,,
HYAC.W,HYAC.W,"Haymaker Acquisition Corp. 4 Warrants, each whole warrant exercisable for one Class A ordinary share at an exercise price of $11.50 per share",NYSE,NYSE,USD,,,,,,,,,,,,,,,,,
HYBX,HYBX,TCW High Yield Bond ETF,NYSE,NYSE,USD,29.957000732421875,-0.053698526279995495,30.110643466224527,30.16561032440832,30.317478529780647,-0.04550319455751861,-0.025349330571597474,38.61705268433532,2.33,12.0,Monthly,2026-02-02,0.07777814677816818,,,,
HYI,HYI,Western Asset High Yield Opportunity Fund Inc. Common Stock,NYSE,NYSE,USD,11.220000267028809,-0.10720134132494707,11.159582471178526,11.176363295073264,11.488709884197977,0.01369125916452596,0.008547776447802104,68.00016784796027,1.1400000000000001,12.0,Monthly,2026-01-23,0.10160427565674969,,,,
HYT,HYT,"Blackrock Corporate High Yield Fund, Inc. Common Stock",NYSE,NYSE,USD,,,,,,,,,,,,,,,,,
HYTR,HYTR,Counterpoint High Yield Trend ETF,NYSE,NYSE,USD,,,,,,,,,,,,,,,,,
HZO,HZO,"MarineMax, Inc.  (FL) Common Stock",NYSE,NYSE,USD,,,,,,,,,,,,,,,,,
IAE,IAE,Voya Asia Pacific High Dividend Equity Income Fund ING Asia Pacific High Dividend Equity Income Fund Common Shares of Beneficial Interest,NYSE,NYSE,USD,8.029999732971191,-0.152276264932227,7.984754413686116,7.781291118514402,7.288480332819335,0.08406494789717112,0.1143665519873523,44.3478192363637,0.78,12.0,Monthly,2026-02-02,0.09713574420149963,,,,
IAG,IAG,Iamgold Corporation Ordinary Shares,NYSE,NYSE,USD,,,,,,,,,,,,,,,,,
IBM,IBM,International Business Machines Corporation Common Stock,NYSE,NYSE,USD,,,,,,,,,,,,,,,,,
IBN,IBN,ICICI Bank Limited Common Stock,NYSE,NYSE,USD,30.6200008392334,-0.1528625472887768,30.563015537568585,30.499033531512218,31.006908004734548,0.21097159707826307,0.11273663148097851,62.67857124610824,0.257,1.0,Annual,2025-08-12,0.0083932068241718,,0.22,,
IBP,IBP,"Installed Building Products, Inc. Common Stock",NYSE,NYSE,USD,344.19000244140625,-0.15862168260430354,314.3860192315792,293.8322565785265,250.10044012605871,14.151478339083269,11.143777479428309,79.01662530238278,3.1799999999999997,4.0,Quarterly,2025-12-15,0.009239082999051816,,2.3,2.51,9.14
IBTA,IBTA,"Ibotta, Inc. Class A Common Stock",NYSE,NYSE,USD,21.440000534057617,-0.7394775996885877,21.36512668321791,22.709132655430235,32.28586849774261,-0.5087217239337569,-0.5533464127598395,44.01665287593762,,,,,,,0.33,0.33,-0.86
ICE,ICE,Intercontinental Exchange Inc. Common Stock,NYSE,NYSE,USD,152.27999877929688,-0.22743433963611615,164.31062083760315,164.38826533014083,166.20561207842712,-2.8313581185705345,-0.13494007101026584,25.119914289897125,1.92,4.0,Quarterly,2025-12-16,0.012608353134955712,,1.27,1.31,3.39
ICL,ICL,ICL Group Ltd. Ordinary Shares,NYSE,NYSE,USD,5.730000019073486,-0.3324213197482796,5.548743847069515,5.535206618138274,5.882386996820685,0.07328833305192273,0.04038918255382012,68.88890537215568,0.08299999999999999,2.0,Semi-Annual,2025-06-04,0.014485165745849455,,0.45,0.49,8.31
ICR$A,ICR$A,"InPoint Commercial Real Estate Income, Inc. 6.75% Series A Cumulative Redeemable Preferred Stock",NYSE,NYSE,USD,,,,,,,,,,,,,,,,,
IDA,IDA,"IDACORP, Inc. Common Stock",NYSE,NYSE,USD,144.25999450683594,-0.09419022424658208,135.2698868722501,132.1020509475867,126.16517828304988,2.743599861222691,1.8790302929752594,80.60167846955993,3.48,4.0,Quarterly,2026-02-05,0.024123111968059142,,2.03,2.1,3.7
IDE,IDE,"Voya Infrastructure, Industrials and Materials Fund Common Shares of Beneficial Interest",NYSE,NYSE,USD,,,,,,,,,,,,,,,,,
IDT,IDT,IDT Corporation Class B Common Stock,NYSE,NYSE,USD,,,,,,,,,,,,,,,,,
IEX,IEX,IDEX Corporation Common Stock,NYSE,NYSE,USD,,,,,,,,,,,,,,,,,
IFF,IFF,"International Flavors & Fragrances, Inc. Common Stock",NYSE,NYSE,USD,83.0,-0.3111625061975043,74.3847804977905,70.83941743928754,70.5781382509051,2.8139958588599967,1.8717430030390179,72.80122535767396,1.6,4.0,Quarterly,2025-12-19,0.01927710843373494,,0.87,0.87,-0.13
IFN,IFN,"India Fund, Inc. (The) Common Stock",NYSE,NYSE,USD,13.979999542236328,-0.1944113890261001,13.974631665382178,14.058788289927994,14.769055439753528,0.0460814572797954,0.01942758332402368,57.14283944944469,1.7,4.0,Quarterly,2025-11-21,0.12160229296603091,,,,
IFS,IFS,Intercorp Financial Services Inc. Common Shares,NYSE,NYSE,USD,,,,,,,,,,,,,,,,,
IGA,IGA,Voya Global Advantage and Premium Opportunity Fund Common Shares of Beneficial Interest,NYSE,NYSE,USD,,,,,,,,,,,,,,,,,
IGCB,IGCB,TCW Corporate Bond ETF,NYSE,NYSE,USD,46.790000915527344,-0.028946684417316848,46.509822344334744,46.52785176816241,46.34460446942577,0.03305851282753025,-0.005952645016430336,59.22509809441698,2.14,12.0,Monthly,2026-02-02,0.04573626753851671,,,,
IGD,IGD,Voya Global Equity Dividend and Premium Opportunity Fund,NYSE,NYSE,USD,,,,,,,,,,,,,,,,,
IGI,IGI,Western Asset Investment Grade Opportunity Trust Inc. Common Stock,NYSE,NYSE,USD,,,,,,,,,,,,,,,,,
IGR,IGR,CBRE Global Real Estate Income Fund Common Shares of Beneficial Interest,NYSE,NYSE,USD,5.039999961853027,-0.21268662591903464,4.788965413738989,4.699398546222062,4.852517535628602,0.0919946859969425,0.07399744020226323,74.66662767203309,0.72,12.0,Monthly,2026-01-20,0.14285714393840626,,,,
IH,IH,"iHuman Inc. American depositary shares, each representing five Class A ordinary shares",NYSE,NYSE,USD,2.0,-0.43584905915007377,1.9274952289509275,2.091186758628278,2.3526148894023517,-0.020964431749995516,-0.06062833318773983,70.27026954462308,0.1,1.0,Annual,2025-04-17,0.05,,,,
IHD,IHD,Voya Emerging Markets High Income Dividend Equity Fund Common Shares,NYSE,NYSE,USD,7.079999923706055,-0.16000002080743958,6.902355796252641,6.659026514036017,6.167451241464612,0.14075782117349345,0.13355450974834407,60.256403986360006,0.66,12.0,Monthly,2026-02-02,0.09322033998759147,,,,
IHG,IHG,Intercontinental Hotels Group American Depositary Shares (Each representing one Ordinary Share),NYSE,NYSE,USD,,,,,,,,,,,,,,,,,
IHS,IHS,IHS Holding Limited Ordinary Shares,NYSE,NYSE,USD,,,,,,,,,,,,,,,,,
IIF,IIF,"Morgan Stanley India Investment Fund, Inc. Common Stock",NYSE,NYSE,USD,24.219999313354492,-0.18188232647582026,24.27052274469857,24.88488222160473,25.746509771449155,-0.1073356213617167,-0.24308293509330567,64.03158807342908,1.985,1.0,Annual,2025-12-19,0.08195706260427123,,,,
IIIN,IIIN,"Insteel Industries, Inc. Common Stock",NYSE,NYSE,USD,,,,,,,,,,,,,,,,,
IIM,IIM,Invesco Value Municipal Income Trust Common Stock,NYSE,NYSE,USD,12.819999694824219,-0.10088072473751808,12.50793705935691,12.438335295541954,12.26350716207038,0.09161195470614025,0.03907074043158118,94.28571817826358,0.9239999999999999,12.0,Monthly,2026-01-15,0.07207488471103816,,,,
IIPR,IIPR,"Innovative Industrial Properties, Inc. Common Stock",NYSE,NYSE,USD,45.93000030517578,-0.39707870761321507,48.22347679209526,49.61327042187015,54.03053420761589,-0.9807282345429797,-0.7444449413709626,33.51649457223438,7.6,4.0,Quarterly,2025-12-31,0.16546919114963662,,1.31,1.43,9.37
IIPR$A,IIPR$A,"Innovative Industrial Properties, Inc. 9.00% Series A Cumulative Redeemable Preferred Stock",NYSE,NYSE,USD,,,,,,,,,,,,,,,,,
IMAX,IMAX,Imax Corporation Common Stock,NYSE,NYSE,USD,36.08000183105469,-0.2166605817810371,35.8579061264429,35.633903284064196,32.314630862695026,0.08025483328972172,-0.015142755860539137,59.97003145553332,,,,,,,0.12,0.07,-41.45
INFY,INFY,Infosys Limited American Depositary Shares,NYSE,NYSE,USD,,,,,,,,,,,,,,,,,
ING,ING,"ING Group, N.V. Common Stock",NYSE,NYSE,USD,,,,,,,,,,,,,,,,,
INGM,INGM,Ingram Micro Holding Corporation Common Stock,NYSE,NYSE,USD,21.56999969482422,-0.38380429266886273,21.403171881243484,21.412851080990492,21.176866559584145,0.038526615960709165,-0.0044601444921852276,52.14408446520247,0.308,4.0,Quarterly,2025-11-10,0.014279091532574544,,,,
INGR,INGR,Ingredion Incorporated Common Stock,NYSE,NYSE,USD,118.30999755859375,-0.24895350902899216,117.48230858076212,115.40777410561613,120.13447108583833,1.4749288498271795,1.708588862920377,55.23930922919461,3.24,4.0,Quarterly,2026-01-02,0.027385682248834215,,1.62,1.73,7.01
INN,INN,"Summit Hotel Properties, Inc. Common Stock",NYSE,NYSE,USD,,,,,,,,,,,,,,,,,
INN$E,INN$E,"Summit Hotel Properties, Inc. 6.250% Series E Cumulative Redeemable Preferred Stock",NYSE,NYSE,USD,,,,,,,,,,,,,,,,,
INN$F,INN$F,"Summit Hotel Properties, Inc. 5.875% Series F Cumulative Redeemable Preferred Stock, $0.01 par value per share",NYSE,NYSE,USD,,,,,,,,,,,,,,,,,
INR,INR,"Infinity Natural Resources, Inc. Class A Common Stock",NYSE,NYSE,USD,16.350000381469727,-0.45893722722381636,15.882270165166135,14.953321641840489,15.0360374580542,0.5958212701182912,0.6039735430800124,58.27464936531992,,,,,,,0.56,,
INSP,INSP,"Inspire Medical Systems, Inc. Common Stock",NYSE,NYSE,USD,59.7599983215332,-0.6966074902563307,74.17519682619898,85.99672028245031,107.32407279926015,-8.83515343730383,-8.102927618852961,11.9844830426145,,,,,,,-0.77,-0.6,21.67
INSW,INSW,"International Seaways, Inc. Common Stock ",NYSE,NYSE,USD,63.95000076293945,-0.25414939822064564,59.359869522565894,55.561286976310704,47.975545908637294,2.410062171703302,2.2450407239235686,73.24323606804901,2.9299999999999997,4.0,Quarterly,2025-12-09,0.04581704401945847,,2.46,2.29,-6.93
INVH,INVH,Invitation Homes Inc. Common Stock,NYSE,NYSE,USD,,,,,,,,,,,,,,,,,
INVX,INVX,"Innovex International, Inc. Common Stock",NYSE,NYSE,USD,24.760000228881836,-0.2952879701926352,24.786181497808208,23.67542371063523,20.203103425526283,0.36123482147265307,0.49316758239060055,43.65193210820458,,,,,,,0.26,-0.17,-166.67
IONQ,IONQ,"IonQ, Inc. Common Stock",NYSE,NYSE,USD,34.11000061035156,-0.6293092744221493,38.956982754936114,44.56142483561303,46.249389694325416,-4.124825142840699,-3.534192088296666,34.48391710090168,,,,,,,-0.1,-0.01,90.24
IONQ.W,IONQ.W,"IonQ, Inc. Redeemable warrants, each whole warrant exercisable for one share of Common Stock, each at an exercise price of $11.50 per share",NYSE,NYSE,USD,,,,,,,,,,,,,,,,,
IOT,IOT,Samsara Inc. Class A Common Stock,NYSE,NYSE,USD,27.31999969482422,-0.6021981567552745,28.7430218436521,32.402034762801065,38.31200638447687,-2.104572195929979,-2.3481873613274757,33.05497810066288,,,,,,,-0.06,-0.02,66.67
IP,IP,International Paper Company Common Stock,NYSE,NYSE,USD,49.099998474121094,-0.3784916335056163,44.87241151455732,42.818142925027026,45.07256420795283,2.0535500062534595,1.3739904963470733,70.4423566445796,1.852,4.0,Quarterly,2025-11-14,0.03771894210905373,,0.45,0.53,16.51
IPB,IPB,"Merrill Lynch & Co., Inc. 6.0518% Index Plus Trust Certificates Series 2003",NYSE,NYSE,USD,,,,,,,,,,,,,,,,,
IPI,IPI,"Intrepid Potash, Inc Common Stock",NYSE,NYSE,USD,33.099998474121094,-0.3852079769299954,32.981385196423005,31.046108402357046,29.761074256987108,0.8343954676454928,1.1189863283790686,49.58834349781071,,,,,,,0.67,0.37,-44.78
IQI,IQI,Invesco Quality Municipal Income Trust Common Stock,NYSE,NYSE,USD,10.390000343322754,-0.10297028936366126,10.111260053350941,10.04109050878108,9.869035548934818,0.07090177930852803,0.02862625048099733,91.22804669317989,0.756,12.0,Monthly,2026-01-15,0.07276226901049639,,,,
IQV,IQV,"IQVIA Holdings, Inc. Common Stock",NYSE,NYSE,USD,,,,,,,,,,,,,,,,,
IR,IR,Ingersoll Rand Inc. Common Stock,NYSE,NYSE,USD,98.5199966430664,-0.23072487515955387,92.42675900594458,87.20241710552708,82.91349310503631,3.6535306804786813,3.2755033874300574,68.46079401367862,0.08,4.0,Quarterly,2025-11-13,0.0008120178920614103,,0.52,0.65,24.25
IRM,IRM,Iron Mountain Incorporated (Delaware)Common Stock REIT,NYSE,NYSE,USD,,,,,,,,,,,,,,,,,
IRS,IRS,IRSA Inversiones Y Representaciones S.A. Global Depositary Shares (Each representing ten shares of Common Stock),NYSE,NYSE,USD,15.210000038146973,-0.30642202519823303,16.275098508475864,16.050111036164733,14.94106207734457,-0.25549874080746804,0.014688154541996873,26.785713272029454,,,,,,,,,
IRS.W,IRS.W,IRSA Inversiones Y Representaciones S.A. Warrants to purchase Common Shares,NYSE,NYSE,USD,,,,,,,,,,,,,,,,,
IRT,IRT,"Independence Realty Trust, Inc. Common Stock",NYSE,NYSE,USD,,,,,,,,,,,,,,,,,
ISD,ISD,"PGIM High Yield Bond Fund, Inc.",NYSE,NYSE,USD,,,,,,,,,,,,,,,,,
IT,IT,"Gartner, Inc. Common Stock",NYSE,NYSE,USD,,,,,,,,,,,,,,,,,
ITGR,ITGR,Integer Holdings Corporation Common Stock,NYSE,NYSE,USD,85.91999816894531,-0.5578521281593316,85.21655455858902,83.07482233921941,95.76449035168487,1.2688612499088237,1.6414376001265911,48.467431410220335,,,,,,,0.89,0.95,6.74
ITT,ITT,ITT Inc. Common Stock ,NYSE,NYSE,USD,203.11000061035156,-0.24766291198146118,192.39634609094833,185.69068584646197,172.3259504445237,5.796995992694832,4.434705274589149,69.01634532646901,1.404,4.0,Quarterly,2025-12-01,0.006912510441538764,,1.17,1.2,2.33
ITUB,ITUB,Itau Unibanco Banco Holding SA American Depositary Shares (Each repstg 500 Preferred shares),NYSE,NYSE,USD,9.15999984741211,-0.12763321809037176,8.6946461624601,8.041425919141473,7.0524902046941245,0.4570855206938802,0.4257235741499307,63.23023705861822,0.7892359999999999,15.0,Monthly,2026-01-05,0.086161136806457,,0.17,0.18,3.45
ITW,ITW,Illinois Tool Works Inc. Common Stock,NYSE,NYSE,USD,299.6000061035156,-0.2042771971726991,279.25178824231966,265.8463385149805,256.8274634977857,11.589554298269945,8.85670456937507,88.56058137640515,6.220000000000001,4.0,Quarterly,2025-12-31,0.020761014263300487,,2.25,2.35,4.39
IVR,IVR,INVESCO MORTGAGE CAPITAL INC Common Stock,NYSE,NYSE,USD,8.710000038146973,-0.2935267972370267,8.84079554764842,8.611068472317836,8.148802914429066,0.04405689047173489,0.07580271952849346,46.15385085638096,1.5,5.0,Irregular,2026-01-26,0.17221584310338542,,0.87,1.46,67.96
IVR$C,IVR$C,INVESCO MORTGAGE CAPITAL INC 7.5% Fixed,NYSE,NYSE,USD,,,,,,,,,,,,,,,,,
IVT,IVT,InvenTrust Properties Corp. Common Stock,NYSE,NYSE,USD,30.700000762939453,-0.1386401445460298,29.819123178299357,29.173437771918515,28.71297377671897,0.5074680056816518,0.42028189354583506,75.78945307853196,0.952,4.0,Quarterly,2025-12-30,0.031009771216332967,,0.01,0.02,100.0
IVZ,IVZ,Invesco Ltd Common Stock,NYSE,NYSE,USD,26.520000457763672,-0.3444924382691573,27.101958639451777,26.696562778617725,23.04966984449963,-0.26442000248515996,-0.09544765422929669,36.31647551529974,0.84,4.0,Quarterly,2026-02-13,0.03167420759806555,,0.41,0.34,-17.48
IX,IX,ORIX Corporation American Depositary Shares,NYSE,NYSE,USD,,,,,,,,,,,,,,,,,
J,J,Jacobs Solutions Inc. Common Stock,NYSE,NYSE,USD,132.7899932861328,-0.21691801045585213,139.7479885679699,139.98374039092187,139.3608617651437,0.4375720902267801,1.0369682486626366,45.491712576564844,1.276832,4.0,Quarterly,2025-12-02,0.009615423334262182,,1.81,1.86,2.77
JACS,JACS,Jackson Acquisition Company II Class A Ordinary Shares,NYSE,NYSE,USD,,,,,,,,,,,,,,,,,
JACS.R,JACS.R,"Jackson Acquisition Company II Rights, each right to acquire one",NYSE,NYSE,USD,,,,,,,,,,,,,,,,,
JACS.U,JACS.U,"Jackson Acquisition Company II Units, each consisting of one Class A ordinary share and one right to acquire one",NYSE,NYSE,USD,,,,,,,,,,,,,,,,,
JBGS,JBGS,JBG SMITH Properties Common Shares ,NYSE,NYSE,USD,,,,,,,,,,,,,,,,,
JBI,JBI,"Janus International Group, Inc. Common Stock",NYSE,NYSE,USD,7.099999904632568,-0.46161050227560263,7.050288242183269,7.0957195641515645,7.909047176242158,0.08433717733239199,0.06700605148420549,54.166660753510214,,,,,,,0.17,0.22,28.15
JBK,JBK,Lehman ABS 3.50 3.50% Adjustable Corp Backed Tr Certs GS Cap I,NYSE,NYSE,USD,25.3799991607666,-0.05895440092950188,26.139657787093533,25.978141004819108,25.862250105395617,0.07550887929441075,0.11112974598230546,38.21425919631173,1.586,2.0,Semi-Annual,2026-02-13,0.06249015179053674,,,,
JBL,JBL,Jabil Inc. Common Stock,NYSE,NYSE,USD,,,,,,,,,,,,,,,,,
JBND,JBND,JPMorgan Active Bond ETF,NYSE,NYSE,USD,54.68000030517578,-0.029318946636709753,54.20934595756721,54.16808016634722,53.83453076599253,0.0781023412732651,0.014183723748989645,67.39117815353231,2.391,13.0,Monthly,2026-02-02,0.04372713947797249,,,,
JBS,JBS,JBS N.V. Class A Common Shares,NYSE,NYSE,USD,,,,,,,,,,,,,,,,,
JBTM,JBTM,JBT Marel Corporation Common Stock,NYSE,NYSE,USD,,,,,,,,,,,,,,,,,
JCE,JCE,Nuveen Core Equity Alpha Fund Common Shares of Beneficial Interest,NYSE,NYSE,USD,15.710000038146973,-0.20789630612088328,15.92189824413237,15.907513804082244,15.690460368659034,-0.042311009728340565,-0.00457004507576329,33.08274935842232,1.28,4.0,Quarterly,2025-12-15,0.08147676619299224,,,,
JCI,JCI,Johnson Controls International plc Ordinary Share,NYSE,NYSE,USD,,,,,,,,,,,,,,,,,
JEF,JEF,Jefferies Financial Group Inc. Common Stock,NYSE,NYSE,USD,53.720001220703125,-0.4291672292633577,59.16375593525694,60.0376286449666,59.777597211089684,-1.5904503041018287,-0.8848379821168404,24.740586075671416,1.2000000000000002,3.0,Irregular,2025-11-17,0.02233804863611084,,0.73,1.1,51.1
JELD,JELD,JELD,NYSE,NYSE,USD,2.240000009536743,-0.79408419219174,2.6843100668670647,2.824821266017231,4.116418025841106,-0.056647417233563147,-0.0041069248012641614,33.50785327243298,,,,,,,0.06,0.35,463.33
JENA,JENA,Jena Acquisition Corporation II Class A Ordinary Shares,NYSE,NYSE,USD,10.279999732971191,-0.008763402977246648,10.282066754055611,10.244465423751983,10.18052710446061,0.021840271980957837,0.02580996804830183,43.181640845131476,,,,,,,,,
JENA.R,JENA.R,"Jena Acquisition Corporation II Rights, each right to acquire one",NYSE,NYSE,USD,,,,,,,,,,,,,,,,,
JENA.U,JENA.U,"Jena Acquisition Corporation II Units, each consisting of one Class A ordinary share and one right",NYSE,NYSE,USD,,,,,,,,,,,,,,,,,
JFR,JFR,Nuveen Floating Rate Income Fund Common Stock,NYSE,NYSE,USD,,,,,,,,,,,,,,,,,
JGH,JGH,Nuveen Global High Income Fund Common Shares of Beneficial Interest,NYSE,NYSE,USD,12.850000381469727,-0.14392247033084316,12.87266416226562,12.802996644374238,12.910582122514775,0.055918054116029126,0.0666416784550723,52.38100644411243,1.244688,12.0,Monthly,2026-02-13,0.09686287650192568,,,,
JHG,JHG,Janus Henderson Group plc Ordinary Shares,NYSE,NYSE,USD,49.04999923706055,-0.33144287456465893,48.13791092497364,47.111030549727865,44.1612514296367,0.3688186833774907,0.3751392575916418,81.3951992619026,1.2000000000000002,3.0,Irregular,2025-11-10,0.024464832184815207,,0.48,0.61,27.65
JHI,JHI,John Hancock Investors Trust Common Stock,NYSE,NYSE,USD,,,,,,,,,,,,,,,,,
JHS,JHS,John Hancock Income Securities Trust Common Stock,NYSE,NYSE,USD,,,,,,,,,,,,,,,,,
JHX,JHX,James Hardie Industries plc. Ordinary Shares,NYSE,NYSE,USD,25.8799991607666,-0.48882083448514213,23.977885090553094,22.623784461536232,23.251094086134934,0.8312387753479094,0.686601844170811,61.585362485160616,,,,,,,,,
JILL,JILL,"J. Jill, Inc. Common Stock",NYSE,NYSE,USD,,,,,,,,,,,,,,,,,
JKS,JKS,JinkoSolar Holding Company Limited American Depositary Shares (each representing 4 Common Shares),NYSE,NYSE,USD,26.559999465942383,-0.4182732707718735,27.364974918782316,26.981177645479313,24.77969958346529,0.10056332190206163,0.07800013446564644,43.64406539941163,1.3,1.0,Annual,2025-07-02,0.04894578411671193,,0.58,-1.11,-292.64
JLL,JLL,Jones Lang LaSalle Incorporated Common Stock,NYSE,NYSE,USD,,,,,,,,,,,,,,,,,
JLS,JLS,Nuveen Mortgage and Income Fund,NYSE,NYSE,USD,,,,,,,,,,,,,,,,,
JMIA,JMIA,"Jumia Technologies AG American Depositary Shares, each representing two Ordinary Shares",NYSE,NYSE,USD,9.319999694824219,-0.5831325351041188,11.523630918806584,11.928607630308989,9.410228489794633,-0.7789492850685047,-0.409965918911863,31.39158639309767,,,,,,,-0.61,,
JMM,JMM,Nuveen Multi,NYSE,NYSE,USD,6.210000038146973,-0.09922478843584837,6.148028153142767,6.132050016855985,6.175465469286989,0.022915103988350616,0.018736748823544726,56.66665607029211,0.34800000000000003,12.0,Monthly,2026-02-13,0.05603864699875931,,,,
JNJ,JNJ,Johnson & Johnson Common Stock,NYSE,NYSE,USD,,,,,,,,,,,,,,,,,
JOBY,JOBY,"Joby Aviation, Inc. Common Stock",NYSE,NYSE,USD,9.899999618530273,-0.5360470661441211,11.496587738411895,13.0461587807424,12.979169882006355,-1.1993710527038122,-1.0794487219821285,24.393928907020907,,,,,,,-0.15,-0.14,8.2
JOBY.W,JOBY.W,"Joby Aviation, Inc. Warrants",NYSE,NYSE,USD,,,,,,,,,,,,,,,,,
JOE,JOE,St. Joe Company (The) Common Stock,NYSE,NYSE,USD,,,,,,,,,,,,,,,,,
JOF,JOF,Japan Smaller Capitalization Fund Inc Common Stock,NYSE,NYSE,USD,12.289999961853027,-0.09787729854641136,11.643323511750737,11.247988716764528,10.322556977727801,0.2568528374566146,0.2011302633001789,68.58638063772324,0.712,8.0,Irregular,2026-02-13,0.05793327926850929,,,,
JPC,JPC,Nuveen Preferred & Income Opportunities Fund,NYSE,NYSE,USD,,,,,,,,,,,,,,,,,
JPM,JPM,JP Morgan Chase & Co. Common Stock,NYSE,NYSE,USD,,,,,,,,,,,,,,,,,
JPM$C,JPM$C,"J P Morgan Chase & Co Depositary Shares, each representing a 1/400th interest in a share of 6.00% Non",NYSE,NYSE,USD,,,,,,,,,,,,,,,,,
JPM$D,JPM$D,"J P Morgan Chase & Co Depositary Shares, each representing a 1/400th  interest in a share of 5.75% Non",NYSE,NYSE,USD,,,,,,,,,,,,,,,,,
JPM$J,JPM$J,"J P Morgan Chase & Co Depositary Shares, each representing a 1/400th interest in a share of JPMorgan Chase & Co. 4.75% Non",NYSE,NYSE,USD,,,,,,,,,,,,,,,,,
JPM$K,JPM$K,"J P Morgan Chase & Co Depositary Shares, each representing a 1/400th interest in a share of 4.55% Non",NYSE,NYSE,USD,,,,,,,,,,,,,,,,,
JPM$L,JPM$L,"J P Morgan Chase & Co Depositary Shares, each representing a 1/400th interest in a share of 4.625% Non",NYSE,NYSE,USD,,,,,,,,,,,,,,,,,
JPM$M,JPM$M,"J P Morgan Chase & Co Depositary Shares, each representing a 1/400th interest in a share of 4.20% Non",NYSE,NYSE,USD,,,,,,,,,,,,,,,,,
JQC,JQC,Nuveen Credit Strategies Income Fund Shares of Beneficial Interest,NYSE,NYSE,USD,5.079999923706055,-0.13595710342333245,5.087154232287426,5.092017262963512,5.21716297106797,-0.0025205391779330455,0.0004056028941793684,45.4545060464498,0.648,12.0,Monthly,2026-02-13,0.12755905703385506,,,,
JRI,JRI,Nuveen Real Asset Income and Growth Fund Common Shares of Beneficial Interest,NYSE,NYSE,USD,13.239999771118164,-0.14307454238480055,13.1678902164809,13.343494066031537,13.331283335105303,-0.11796122130701647,-0.13431625955962465,39.68182870185631,1.597759,12.0,Monthly,2026-02-13,0.12067666371757525,,,,
JRS,JRS,Nuveen Real Estate Income Fund Common Shares of Beneficial Interest,NYSE,NYSE,USD,8.09000015258789,-0.22072072217201466,7.869504671919647,7.808270357197579,7.923424863158435,0.09080750090347411,0.05631618420802215,71.2643797858399,0.68,4.0,Quarterly,2025-12-15,0.08405438654812343,,,,
JXN,JXN,Jackson Financial Inc. Class A Common Stock ,NYSE,NYSE,USD,,,,,,,,,,,,,,,,,
JXN$A,JXN$A,"Jackson Financial Inc. Depositary Shares, each representing a 1/1,000th interest in a share of Fixed",NYSE,NYSE,USD,,,,,,,,,,,,,,,,,
KAI,KAI,Kadant Inc Common Stock,NYSE,NYSE,USD,334.0,-0.37879970223166914,327.35165178531065,313.21594639867,314.9613533604011,7.966431857343025,8.463489872970733,61.82218552160749,1.36,4.0,Quarterly,2026-01-08,0.00407185628742515,,2.19,2.4,9.39
KAR,KAR,"OPENLANE, Inc. Common Stock",NYSE,NYSE,USD,28.299999237060547,-0.21210761004760503,29.370919502589594,29.12652983103959,26.68821377827577,-0.3286551395010626,-0.09699496781923941,32.07125416091063,,,,,,,0.13,0.09,-31.43
KB,KB,KB Financial Group Inc,NYSE,NYSE,USD,,,,,,,,,,,,,,,,,
KBDC,KBDC,"Kayne Anderson BDC, Inc. Common Stock",NYSE,NYSE,USD,13.970000267028809,-0.26674105539176696,14.236960041697774,14.479056557022783,15.071842518629877,-0.1695556947410406,-0.1752070792643171,41.74755933157536,1.8,6.0,Irregular,2025-12-31,0.12884752795948448,,0.52,0.52,
KBH,KBH,KB Home Common Stock,NYSE,NYSE,USD,66.36000061035156,-0.22834277312945706,61.32995192136783,60.768441569653746,60.56104583125122,1.151849396061344,0.4034783858756825,80.59237530204646,1.0,4.0,Quarterly,2026-02-05,0.015069318728185921,,2.86,2.47,-13.64
KBR,KBR,"KBR, Inc. Common Stock",NYSE,NYSE,USD,41.29999923706055,-0.29116180441165807,42.55678679227277,42.86819128456449,45.72600132867646,-0.3633032164939962,-0.07356039827858585,39.99998567248519,0.66,4.0,Quarterly,2025-12-15,0.01598062983516351,,0.63,0.65,3.08
KD,KD,"Kyndryl Holdings, Inc. Common Stock",NYSE,NYSE,USD,12.239999771118164,-0.7560469894076902,19.22353582016348,23.12264398306361,29.426906941501475,-3.601834886692611,-2.3652400695740283,23.305637162058588,,,,,,,-1.03,-3.24,-213.55
KEN,KEN,Kenon Holdings Ltd. Ordinary Shares,NYSE,NYSE,USD,79.2300033569336,-0.21588654213763303,73.50026813426692,68.17016683933873,53.70661343466269,2.6530028721966517,2.317663696593547,60.97028671578644,4.8,1.0,Annual,2025-04-14,0.06058310989052787,,-0.41,0.24,158.54
KEP,KEP,Korea Electric Power Corporation Common Stock,NYSE,NYSE,USD,21.520000457763672,-0.15587041251756129,20.718631752654982,19.153961316525542,15.163432550073527,0.7269949190645271,0.8278187115475588,54.733228872336646,,,,,,,,,
KEX,KEX,Kirby Corporation Common Stock,NYSE,NYSE,USD,,,,,,,,,,,,,,,,,
KEY,KEY,KeyCorp Common Stock,NYSE,NYSE,USD,21.700000762939453,-0.2662230150642453,21.984693226529092,21.062325734745755,19.06330565597095,0.3861496034847356,0.46569681468418783,55.189880508021986,0.82,4.0,Quarterly,2025-12-02,0.03778801710460972,2027-01-20 10:00:00,,,
KEY$I,KEY$I,KeyCorp Depositary Shares Each Representing a 1/40th Ownership Interest in a Share of Fixed,NYSE,NYSE,USD,,,,,,,,,,,,,,,,,
KEY$J,KEY$J,KeyCorp Depositary Shares each representing a 1/40th ownership interest in a share of Fixed Rate Perpetual Non,NYSE,NYSE,USD,,,,,,,,,,,,,,,,,
KEY$K,KEY$K,"KeyCorp Depositary Shares, each representing a 1/40th ownership interest in a share of Fixed Rate Perpetual Non",NYSE,NYSE,USD,,,,,,,,,,,,,,,,,
KEY$L,KEY$L,KeyCorp Depositary Shares each representing a 1/40th ownership interest in a share of Fixed Rate Perpetual Non,NYSE,NYSE,USD,,,,,,,,,,,,,,,,,
KEYS,KEYS,Keysight Technologies Inc. Common Stock,NYSE,NYSE,USD,,,,,,,,,,,,,,,,,
KF,KF,"Korea Fund, Inc. (The) New Common Stock",NYSE,NYSE,USD,50.0,-0.1449883682859774,45.85370254277943,41.709425211199125,33.32228108816359,2.4125695013459563,2.310841401674448,76.90215616686667,1.382,1.0,Annual,2025-12-23,0.027639999999999998,,,,
KFRC,KFRC,"Kforce, Inc. Common Stock",NYSE,NYSE,USD,,,,,,,,,,,,,,,,,
KFS,KFS,"Kingsway Financial Services, Inc. Common Stock (DE)",NYSE,NYSE,USD,12.229999542236328,-0.28786961930840016,13.0319676501827,13.146301255103612,12.686592841675482,-0.10739095682477284,0.003366225315698263,24.324297620494903,,,,,,,-0.88,-2.48,-181.82
KFY,KFY,Korn Ferry Common Stock,NYSE,NYSE,USD,,,,,,,,,,,,,,,,,
KGC,KGC,Kinross Gold Corporation Common Stock,NYSE,NYSE,USD,,,,,,,,,,,,,,,,,
KGS,KGS,"Kodiak Gas Services, Inc. Common Stock",NYSE,NYSE,USD,,,,,,,,,,,,,,,,,
KIM,KIM,Kimco Realty Corporation (HC) Common Stock,NYSE,NYSE,USD,,,,,,,,,,,,,,,,,
KIM$L,KIM$L,"Kimco Realty Corporation Class L Depositary Shares, each of which represents a one",NYSE,NYSE,USD,,,,,,,,,,,,,,,,,
KIM$M,KIM$M,"Kimco Realty Corporation Class M Depositary Shares, each of which represents a one",NYSE,NYSE,USD,,,,,,,,,,,,,,,,,
KIM$N,KIM$N,"Kimco Realty Corporation Depositary Shares, each representing 1/1,000th interest in a share of 7.25% Class N Cumulative Convertible Perpetual Preferred Stock",NYSE,NYSE,USD,,,,,,,,,,,,,,,,,
KIO,KIO,KKR Income Opportunities Fund Common Shares,NYSE,NYSE,USD,,,,,,,,,,,,,,,,,
KKR,KKR,KKR & Co. Inc. Common Stock,NYSE,NYSE,USD,,,,,,,,,,,,,,,,,
KKR$D,KKR$D,KKR & Co. Inc. 6.25% Series D Mandatory Convertible Preferred Stock,NYSE,NYSE,USD,,,,,,,,,,,,,,,,,
KKRS,KKRS,KKR Group Finance Co. IX LLC 4.625% Subordinated Notes due 2061,NYSE,NYSE,USD,,,,,,,,,,,,,,,,,
KKRT,KKRT,KKR & Co. Inc. 6.875% Subordinated Notes due 2065,NYSE,NYSE,USD,,,,,,,,,,,,,,,,,
KLAR,KLAR,Klarna Group plc Ordinary Shares,NYSE,NYSE,USD,18.110000610351562,-0.6086191860989343,22.747771168167844,27.03303133720235,35.03689293562747,-2.837806286348407,-2.419070727098849,8.941602409663702,,,,,,,,,
KLC,KLC,"KinderCare Learning Companies, Inc. Common Stock",NYSE,NYSE,USD,4.329999923706055,-0.8255097183436653,4.602242131192448,4.6614848702954035,7.664064089428968,0.06819462080626515,0.07941239245863316,52.466369630746435,,,,,,,-0.02,0.05,350.0
KMI,KMI,"Kinder Morgan, Inc. Common Stock",NYSE,NYSE,USD,32.31999969482422,-0.1282849578849904,30.185108459952342,28.830863638895405,27.678993610403598,1.0110918775942643,0.8591047579870946,78.3270008855032,1.172,4.0,Quarterly,2026-02-02,0.03626237658002472,,0.29,0.25,-12.59
KMPB,KMPB,Kemper Corporation 5.875% Fixed,NYSE,NYSE,USD,,,,,,,,,,,,,,,,,
KMPR,KMPR,Kemper Corporation,NYSE,NYSE,USD,32.04999923706055,-0.5341570084967942,35.905054957635635,38.56557065671011,48.108486240903154,-1.9025963840930373,-1.3242185851412551,20.385680142107063,1.28,4.0,Quarterly,2025-11-17,0.039937598454601236,,-0.57,-0.48,16.27
KMT,KMT,Kennametal Inc. Common Stock,NYSE,NYSE,USD,,,,,,,,,,,,,,,,,
KMX,KMX,CarMax Inc,NYSE,NYSE,USD,41.43000030517578,-0.6537728633761015,44.804783655349055,43.87627624834287,52.419003250319086,0.028400731603085205,0.7683835622627188,39.17104106335919,,,,,,,0.7,0.24,-65.61
KN,KN,Knowles Corporation Common Stock,NYSE,NYSE,USD,27.290000915527344,-0.3042529922181424,25.422491227797234,24.149785625688217,21.703416449551373,0.985076938220903,0.78836143601909,72.9689837523208,,,,,,,0.19,0.25,28.87
KNF,KNF,Knife Riv Holding Co. Common Stock,NYSE,NYSE,USD,80.7699966430664,-0.4292380923316592,76.76707279008129,75.23634878220942,79.21274903463579,1.4964081429885425,0.573435687810653,64.6273453924961,,,,,,,0.58,1.0,72.41
KNOP,KNOP,KNOT Offshore Partners LP Common Units representing Limited Partner Interests,NYSE,NYSE,USD,10.300000190734863,-0.18922470853564188,10.44126527776953,10.303777098289247,8.835862901696155,-0.03978071661344984,0.003418355541762218,47.02383216271924,0.104,4.0,Quarterly,2026-01-26,0.010097087191663441,,0.17,0.18,8.11
KNSL,KNSL,"Kinsale Capital Group, Inc. Common Stock",NYSE,NYSE,USD,,,,,,,,,,,,,,,,,
KNTK,KNTK,Kinetik Holdings Inc. Class A Common Stock,NYSE,NYSE,USD,,,,,,,,,,,,,,,,,
KNX,KNX,Knight,NYSE,NYSE,USD,,,,,,,,,,,,,,,,,
KO,KO,Coca,NYSE,NYSE,USD,,,,,,,,,,,,,,,,,
KODK,KODK,Eastman Kodak Company Common New,NYSE,NYSE,USD,7.670000076293945,-0.3222506298732132,7.602934619426362,7.664882517936741,7.202166874347041,-0.05433464711606284,-0.1083039400431117,50.270276679189884,,,,,,,,,
KOF,KOF,"Coca Cola Femsa S.A.B. de C.V.  American Depositary Shares, each representing 10 Units (each Unit consists of 3 Series B Shares and 5 Series L Shares)",NYSE,NYSE,USD,112.73999786376953,-0.184975762575463,107.54060873652321,100.96866811924575,92.55194949421363,3.973567856675672,3.6244201482814815,64.64390686799956,1.8599999999999999,2.0,Semi-Annual,2025-07-15,0.016498137619689764,,0.83,1.03,23.58
KOP,KOP,Koppers Holdings Inc. Common Stock,NYSE,NYSE,USD,34.29999923706055,-0.27176945563549704,31.32276293938239,29.774409624170186,29.30692812073481,1.4619670694621547,1.0342757813597792,96.9146992879809,0.32,4.0,Quarterly,2025-11-28,0.009329446271656053,,1.17,1.19,1.71
KORE,KORE,"KORE Group Holdings, Inc. Common Stock",NYSE,NYSE,USD,5.010000228881836,-0.25704226800549335,4.890670814618961,4.608994759265542,3.5880434116879947,0.09302722088788862,0.10352453517341914,75.0000165568506,,,,,,,-0.13,-0.17,-25.93
KOS,KOS,Kosmos Energy Ltd. Common Shares (DE),NYSE,NYSE,USD,,,,,,,,,,,,,,,,,
KR,KR,Kroger Company (The) Common Stock,NYSE,NYSE,USD,,,,,,,,,,,,,,,,,
KRC,KRC,Kilroy Realty Corporation Common Stock,NYSE,NYSE,USD,31.75,-0.31795678662047255,34.383557513613205,36.76547529728622,37.868098612782774,-1.5804125009693593,-1.3419953084171121,29.518061214406686,2.16,4.0,Quarterly,2025-12-31,0.06803149606299214,,0.45,0.48,7.3
KREF,KREF,KKR Real Estate Finance Trust Inc. Common Stock,NYSE,NYSE,USD,,,,,,,,,,,,,,,,,
KREF$A,KREF$A,KKR Real Estate Finance Trust Inc. 6.50% Series A Cumulative Redeemable Preferred Stock,NYSE,NYSE,USD,,,,,,,,,,,,,,,,,
KRG,KRG,Kite Realty Group Trust Common Stock,NYSE,NYSE,USD,25.030000686645508,-0.16252140041922414,24.15008700001611,23.654495222775957,22.866150127280733,0.3809995237201882,0.25096484200159075,73.78639293467015,1.245,4.0,Quarterly,2026-01-09,0.04974031026152775,,-0.03,0.02,166.67
KRMN,KRMN,Karman Holdings Inc. Common Stock,NYSE,NYSE,USD,,,,,,,,,,,,,,,,,
KRO,KRO,Kronos Worldwide Inc Common Stock,NYSE,NYSE,USD,,,,,,,,,,,,,,,,,
KRP,KRP,Kimbell Royalty Partners Common Units Representing Limited Partner Interests,NYSE,NYSE,USD,14.079999923706055,-0.29221182575222626,13.435747169561584,12.962757046771241,13.345535897288574,0.4690497886723257,0.4141923881583764,75.65221032938291,1.6,4.0,Quarterly,2025-11-17,0.11363636425211411,,0.42,0.55,30.25
KRSP,KRSP,Rice Acquisition Corporation 3 Class A Ordinary Shares,NYSE,NYSE,USD,10.34000015258789,-0.026666641235351562,10.352879520862587,10.359618806171738,10.381545001547012,-0.00468398697128336,-0.00043251424463045917,38.88885945439037,,,,,,,,,
KRSP.U,KRSP.U,"Rice Acquisition Corporation 3 Units, each consisting of one Class A ordinary share, and one",NYSE,NYSE,USD,,,,,,,,,,,,,,,,,
KRSP.W,KRSP.W,"Rice Acquisition Corporation 3 Redeemable warrants, each whole warrant exercisable for one Class A ordinary share at an exercise price of $11.50",NYSE,NYSE,USD,,,,,,,,,,,,,,,,,
KSS,KSS,Kohl's Corporation Common Stock,NYSE,NYSE,USD,19.850000381469727,-0.5004075072741953,18.55130387537663,19.012154207285505,16.142045202549756,-0.2872323796700549,-0.5929517818183484,65.00690523016775,0.5,4.0,Quarterly,2025-12-10,0.025188916392503324,,0.78,0.82,5.08
KT,KT,KT Corporation Common Stock,NYSE,NYSE,USD,23.559999465942383,-0.17352662442011202,21.38653351959338,20.187973710489807,19.32648824161071,1.0235745555297164,0.7518742609250421,88.51065194030238,0.6,3.0,Irregular,2025-07-30,0.025466893616332278,,,,
KTB,KTB,"Kontoor Brands, Inc. Common Stock ",NYSE,NYSE,USD,67.45999908447266,-0.4167318001485486,63.97904781503988,64.95139824903434,70.03935583261439,1.3998693864275467,0.46057179543627014,83.90019857751948,2.09,4.0,Quarterly,2025-12-08,0.030981322685506196,,0.88,1.11,25.8
KTF,KTF,DWS Municipal Income Trust,NYSE,NYSE,USD,,,,,,,,,,,,,,,,,
KTH,KTH,Structures Products Cp 8% CorTS Issued by Peco Energy Cap Tr II Preferred Stock,NYSE,NYSE,USD,,,,,,,,,,,,,,,,,
KTN,KTN,Structured Products Corp 8.205% CorTS 8.205% Corporate Backed Trust Securities (CorTS),NYSE,NYSE,USD,,,,,,,,,,,,,,,,,
KVUE,KVUE,Kenvue Inc. Common Stock,NYSE,NYSE,USD,,,,,,,,,,,,,,,,,
KVYO,KVYO,"Klaviyo, Inc. Series A Common Stock",NYSE,NYSE,USD,18.600000381469727,-0.6084197154721682,22.11977954110099,25.24985836178735,30.082254840920818,-2.3268838620148564,-2.1507642421056,25.086867859455324,,,,,,,,,
KW,KW,Kennedy,NYSE,NYSE,USD,,,,,,,,,,,,,,,,,
KWR,KWR,Quaker Houghton Common Stock,NYSE,NYSE,USD,179.33999633789062,-0.3310406317867056,165.15730240830501,153.97741033193535,139.04034146929482,7.830270069144888,6.32175219666841,81.72948461670597,1.986,4.0,Quarterly,2026-01-16,0.011073937997959029,,1.33,1.89,42.53
KYN,KYN,"Kayne Anderson Energy Infrastructure Fund, Inc.",NYSE,NYSE,USD,13.770000457763672,-0.19307694068321812,13.130661969505624,12.66346499175961,12.36254813050888,0.3383048934365309,0.2951994088422318,82.53013121058555,0.97,12.0,Monthly,2026-02-13,0.07044298966984447,,,,
L,L,Loews Corporation Common Stock,NYSE,NYSE,USD,,,,,,,,,,,,,,,,,
LAC,LAC,Lithium Americas Corp. Common Shares,NYSE,NYSE,USD,,,,,,,,,,,,,,,,,
LAD,LAD,"Lithia Motors, Inc. Common Stock",NYSE,NYSE,USD,301.32000732421875,-0.2836520574806414,325.38204703085177,326.93133885585314,326.65313565793,-4.411482355431019,-1.406957163388311,38.402001240795904,2.18,4.0,Quarterly,2025-11-07,0.007234833223850056,,11.84,11.08,-6.38
LADR,LADR,Ladder Capital Corp Class A Common Stock,NYSE,NYSE,USD,10.380000114440918,-0.16933447752827535,10.706926274633458,10.87695705230207,11.001951554223576,-0.18766004464769637,-0.13100980076169538,31.97969690588397,0.92,4.0,Quarterly,2025-12-31,0.08863198360856209,,0.24,0.27,11.57
LANV,LANV,Lanvin Group Holdings Limited Ordinary Shares,NYSE,NYSE,USD,1.4500000476837158,-0.5617529768839413,1.531469865325367,1.7190576015359273,1.9581819471953328,-0.10586306852196992,-0.11692095208231178,47.933885518844335,,,,,,,,,
LANV.W,LANV.W,"Lanvin Group Holdings Limited Redeemable Warrants, each whole warrant exercisable for one Ordinary Share at an exercise price of $11.50",NYSE,NYSE,USD,,,,,,,,,,,,,,,,,
LAR,LAR,Lithium Argentina AG Common Shares,NYSE,NYSE,USD,6.909999847412109,-0.3446969885115664,7.069288405986851,6.540208701121086,4.632081948586332,-0.009597593680073402,0.12896854797756444,40.1119393192597,,,,,,,0.01,-0.03,-600.0
LAW,LAW,"CS Disco, Inc. Common Stock",NYSE,NYSE,USD,3.7100000381469727,-0.6217732948067456,5.152021076849567,6.172409392616149,5.948307627097807,-0.9489514935532375,-0.7477079067249786,13.250003665685213,,,,,,,-0.31,-0.24,21.68
LAZ,LAZ,"Lazard, Inc. Common Stock",NYSE,NYSE,USD,,,,,,,,,,,,,,,,,
LB,LB,LandBridge Company LLC Class A Shares Representing Limited Liability Company Interests,NYSE,NYSE,USD,,,,,,,,,,,,,,,,,
LBRT,LBRT,Liberty Energy Inc. Class A common stock,NYSE,NYSE,USD,25.899999618530273,-0.4475138237987155,23.553331827894727,21.085601722016655,16.952056164417023,1.4247785766888192,1.4237881260248613,67.46724399816873,0.33,4.0,Quarterly,2025-12-04,0.012741312928973946,,0.75,,
LC,LC,LendingClub Corporation Common Stock,NYSE,NYSE,USD,15.59000015258789,-0.40389967797552206,17.52282014345557,18.23853264183279,16.438864968488236,-0.9888711224885718,-0.7461320227810704,23.170729743497347,,,,,,,0.33,0.36,10.43
LCII,LCII,LCI Industries,NYSE,NYSE,USD,157.1300048828125,-0.3207564063065521,148.92680481050928,135.87411736749377,113.84427834941583,6.608345570787378,6.862873502102178,72.86661525625142,4.6,4.0,Quarterly,2025-11-28,0.02927512160029956,,2.38,2.4,1.02
LDI,LDI,"loanDepot, Inc. Class A Common Stock",NYSE,NYSE,USD,2.0299999713897705,-0.5548245620914664,2.2446310571415022,2.415926943115396,2.3208795294028874,-0.12999330502197592,-0.10022648528248794,14.285727555761298,,,,,,,-0.27,-0.36,-33.96
LDOS,LDOS,"Leidos Holdings, Inc. Common Stock",NYSE,NYSE,USD,,,,,,,,,,,,,,,,,
LDP,LDP,"Cohen & Steers Limited Duration Preferred and Income Fund, Inc.",NYSE,NYSE,USD,,,,,,,,,,,,,,,,,
LEA,LEA,Lear Corporation Common Stock,NYSE,NYSE,USD,137.8699951171875,-0.24335748949921654,129.7234869184983,121.9759338385543,108.76584550123033,5.321044487269333,4.1052120926708024,74.47337019602752,3.08,4.0,Quarterly,2025-12-10,0.022339886190479986,,2.12,2.33,10.03
LEG,LEG,"Leggett & Platt, Incorporated Common Stock",NYSE,NYSE,USD,11.729999542236328,-0.3722487978455904,12.155240515355626,11.613448976979441,10.344901344569436,0.11859280989014387,0.23306865280139083,45.3124945672879,0.2,4.0,Quarterly,2025-12-15,0.017050299045610187,,0.26,0.39,51.46
LEN,LEN,Lennar Corporation Class A Common Stock,NYSE,NYSE,USD,122.27999877929688,-0.27808983526722064,115.80081890302267,115.89414801892167,118.74858677348183,1.637246605433191,0.48800392449470276,78.39804243127251,2.0,4.0,Quarterly,2026-02-04,0.0163559046447964,,2.32,3.01,29.71
LEN.B,LEN.B,Lennar Corporation Class B,NYSE,NYSE,USD,,,,,,,,,,,,,,,,,
LEO,LEO,"BNY Mellon Strategic Municipals, Inc. Common Stock",NYSE,NYSE,USD,6.489999771118164,-0.1061806786639703,6.459849502592408,6.38892439068861,6.218171773997863,0.037681285947761545,0.03808731389731303,76.47051398743116,0.267,12.0,Monthly,2026-02-12,0.04114021716737264,,,,
LEU,LEU,Centrus Energy Corp. Class A Common Stock,NYSE,NYSE,USD,,,,,,,,,,,,,,,,,
LEVI,LEVI,Levi Strauss & Co Class A Common Stock,NYSE,NYSE,USD,21.90999984741211,-0.34320464428805064,21.130306841246643,21.205938645859227,20.544418185605068,0.0932530249899095,-0.11180160085323548,55.86206851192684,0.55,4.0,Quarterly,2026-02-10,0.025102693009145003,,0.37,0.4,8.48
LFT,LFT,"Lument Finance Trust, Inc. Common Stock",NYSE,NYSE,USD,1.3300000429153442,-0.5406360468682077,1.3556199721779185,1.4331021965710253,1.8529771870586385,-0.030771551690599308,-0.029017895650413343,47.916669771073586,0.22,4.0,Quarterly,2025-12-31,0.165413528497159,,0.05,,-100.0
LFT$A,LFT$A,"Lument Finance Trust, Inc. 7.875% Series A Cumulative Redeemable Preferred Stock",NYSE,NYSE,USD,,,,,,,,,,,,,,,,,
LGI,LGI,Lazard Global Total Return and Income Fund Common Stock,NYSE,NYSE,USD,,,,,,,,,,,,,,,,,
LH,LH,Labcorp Holdings Inc. Common Stock,NYSE,NYSE,USD,,,,,,,,,,,,,,,,,
LHX,LHX,"L3Harris Technologies, Inc. Common Stock",NYSE,NYSE,USD,,,,,,,,,,,,,,,,,
LII,LII,"Lennox International, Inc. Common Stock",NYSE,NYSE,USD,566.6500244140625,-0.33147737614764683,527.8663619719024,515.9627642499412,537.6590318266944,12.921768482355674,6.972695412434223,69.0610205583935,5.05,4.0,Quarterly,2025-12-31,0.008912026440344532,,4.1,4.1,-0.06
LION,LION,Lionsgate Studios Corp Common Shares,NYSE,NYSE,USD,,,,,,,,,,,,,,,,,
LITB,LITB,"LightInTheBox Holding Co., Ltd. American Depositary Shares, each representing twelve ordinary shares",NYSE,NYSE,USD,2.6500000953674316,-0.5564304245139859,2.6346788427449916,2.5032866567216883,2.0286870022422483,0.04867698418383526,0.06614652631429965,53.608253504135945,,,,,,,-0.07,0.15,314.29
LLY,LLY,Eli Lilly and Company Common Stock,NYSE,NYSE,USD,1040.0,-0.327055410092032,1043.6760918675,1030.597075907886,918.3872309345654,-5.13387430820444,-3.555808216813332,47.12018018652816,6.23,4.0,Quarterly,2026-02-13,0.005990384615384616,,1.73,1.62,-6.24
LMND,LMND,"Lemonade, Inc. Common Stock",NYSE,NYSE,USD,,,,,,,,,,,,,,,,,
LMT,LMT,Lockheed Martin Corporation Common Stock,NYSE,NYSE,USD,652.5800170898438,-0.15563782520871716,608.6402961764402,559.7592082450685,496.39353893791275,27.777190976451607,28.5394030806277,72.64659083201644,13.35,4.0,Quarterly,2025-12-01,0.020457261409158416,,6.66,6.71,0.74
LNC,LNC,Lincoln National Corporation Common Stock,NYSE,NYSE,USD,40.880001068115234,-0.2594013648008936,40.833455876187145,41.67328469889471,40.08796414710766,-0.7547519393189361,-0.8053146561961366,48.44961498199109,1.8,4.0,Quarterly,2026-01-12,0.044031310004145965,,1.85,2.02,9.34
LNC$D,LNC$D,"Lincoln National Corporation Depositary Shares Each Representing a 1/1,000th Interest in a Share of 9.000% Non",NYSE,NYSE,USD,,,,,,,,,,,,,,,,,
LND,LND,Brasilagro Brazilian Agric Real Estate Co Sponsored ADR (Brazil),NYSE,NYSE,USD,3.880000114440918,-0.1271820947062755,3.886025451270708,3.8122763703477744,3.772501918788421,0.024826735648952436,0.05118892732414481,38.53211169712007,,,,,,2026-05-08 06:59:00,,,
LNG,LNG,"Cheniere Energy, Inc. Common Stock",NYSE,NYSE,USD,220.7899932861328,-0.22715180118721656,211.44042574228075,207.53634614695022,215.8491382752206,4.875658936127763,4.066117196222697,69.62614744891582,2.1100000000000003,4.0,Quarterly,2026-02-06,0.009556592527567794,,5.47,-9.54,-274.32
LNN,LNN,Lindsay Corporation Common Stock,NYSE,NYSE,USD,,,,,,,,,,,,,,,,,
LOAR,LOAR,Loar Holdings Inc. Common Stock,NYSE,NYSE,USD,64.45999908447266,-0.35832745478592487,67.38442116136208,69.34758404645328,72.8994082577754,-1.7330246591046574,-1.201172962546056,15.569973703692455,,,,,,,,,
LOB,LOB,"Live Oak Bancshares, Inc. Common Stock",NYSE,NYSE,USD,40.540000915527344,-0.31712349343069335,39.73966840315583,37.59568284574001,34.453368367148244,1.1441542197090513,1.2808384174790275,56.461232830533675,0.12,4.0,Quarterly,2025-12-02,0.0029600394003454116,,0.43,0.04,-90.64
LOB$A,LOB$A,"Live Oak Bancshares, Inc. Depositary Shares, Each Representing a 1/40th Interest in a Share of 8.375% Fixed Rate Series A Non",NYSE,NYSE,USD,,,,,,,,,,,,,,,,,
LOCL,LOCL,Local Bounti Corporation Common Stock,NYSE,NYSE,USD,1.7200000286102295,-0.6378947308188991,2.0416955586073815,2.2219810884754647,2.43567020303977,-0.12249677411362869,-0.08383755231864574,17.532466728222005,,,,,,,-0.27,-0.3,-12.78
LOMA,LOMA,Loma Negra Compania Industrial Argentina Sociedad Anonima ADS,NYSE,NYSE,USD,11.470000267028809,-0.48258343595021436,11.643265968315275,11.689247326154794,11.10837315851161,-0.18492977101619346,-0.2030847106648797,44.192637851839564,,,,,,,20.08,-10.37,-151.64
LOW,LOW,"Lowe's Companies, Inc. Common Stock",NYSE,NYSE,USD,,,,,,,,,,,,,,,,,
LPG,LPG,Dorian LPG Ltd. Common Stock,NYSE,NYSE,USD,,,,,,,,,,,,,,,,,
LPL,LPL,"LG Display Co, Ltd AMERICAN DEPOSITORY SHARES",NYSE,NYSE,USD,4.0,-0.29636365717107604,4.066627131797561,4.207651836580729,4.137063797444202,-0.07141942249995292,-0.078802325691085,28.421067161238668,,,,,,,0.47,0.21,-55.74
LPX,LPX,Louisiana,NYSE,NYSE,USD,93.62000274658203,-0.3394723139586978,92.10177221279022,88.9580772063917,90.38750968410302,2.273133599219932,2.0424833982111217,55.18072466352544,1.12,4.0,Quarterly,2025-11-14,0.011963255363618221,,1.48,1.72,15.87
LRN,LRN,"Stride, Inc. Common Stock",NYSE,NYSE,USD,84.88999938964844,-0.6406571972494821,81.55320694887214,79.56154765554531,106.30205280916351,4.238754317103584,4.285173734041992,79.0555297758186,,,,,,,-0.13,-0.54,-302.99
LSPD,LSPD,Lightspeed Commerce Inc. Subordinate Voting Shares,NYSE,NYSE,USD,8.989999771118164,-0.42711370404247384,10.114812370753802,10.975989247862179,11.639798052798328,-0.7543833566252118,-0.5975471707683774,18.68686272701241,,,,,,,-0.07,-0.05,28.06
LTC,LTC,"LTC Properties, Inc. Common Stock",NYSE,NYSE,USD,,,,,,,,,,,,,,,,,
LTH,LTH,"Life Time Group Holdings, Inc. Common Stock",NYSE,NYSE,USD,29.059999465942383,-0.2600060038720957,29.031116018235732,28.064879715353598,28.150550410264465,0.530010526132358,0.6274014335751759,46.104929663096684,,,,,,,-0.09,0.12,237.93
LTM,LTM,"LATAM Airlines Group S.A. American Depositary Shares (each representing two thousand (2,000) shares of Common Stock)",NYSE,NYSE,USD,,,,,,,,,,,,,,,,,
LU,LU,"Lufax Holding Ltd American Depositary Shares, each representing two (2) Ordinary Shares",NYSE,NYSE,USD,,,,,,,,,,,,,,,,,
LUCK,LUCK,Lucky Strike Entertainment Corporation Class A Common Stock,NYSE,NYSE,USD,7.829999923706055,-0.48371333139647354,7.833560996529513,8.272839116083146,9.165859081957821,-0.35627885220506794,-0.35809357476742887,39.953276650625035,0.225,4.0,Quarterly,2025-11-24,0.02873563246390227,,0.07,0.16,133.34
LUMN,LUMN,"Lumen Technologies, Inc. Common Stock",NYSE,NYSE,USD,8.390000343322754,-0.47337277605647043,8.090586478125257,8.104934790092246,6.80557423175869,-0.09579542026615329,-0.077850720919515,48.2035951225571,,,,,,,0.37,0.14,-62.03
LUV,LUV,Southwest Airlines Company Common Stock,NYSE,NYSE,USD,51.11000061035156,-0.3099884956877169,48.760628005140276,44.06487884997241,36.78202967854727,2.8408072664452746,2.730927388265913,70.80661121192732,0.72,4.0,Quarterly,2025-12-26,0.01408726259835291,,-0.12,-0.38,-226.94
LUXE,LUXE,"LuxExperience B.V. American Depositary Shares, each representing one Ordinary Share",NYSE,NYSE,USD,10.510000228881836,-0.4593023048581548,8.636509128348491,8.586243279100545,8.828420187117953,0.3143125588166935,-0.01342159521545104,74.65438096870454,,,,,,,-0.01,-0.06,-799.55
LVS,LVS,Las Vegas Sands Corp. Common Stock,NYSE,NYSE,USD,57.150001525878906,-0.3333333057206129,58.11144388134031,60.00693444937723,55.396116789225864,-1.3092323539382278,-1.5559247609936957,40.11658782891152,1.05,4.0,Quarterly,2026-02-09,0.01837270292153071,,-0.24,-0.27,-11.94
LVWR,LVWR,"LiveWire Group, Inc. Common Stock",NYSE,NYSE,USD,,,,,,,,,,,,,,,,,
LVWR.W,LVWR.W,"LiveWire Group, Inc. Warrants, each exercisable for one share of Common Stock at an exercise price of $11.50 per share",NYSE,NYSE,USD,,,,,,,,,,,,,,,,,
LW,LW,"Lamb Weston Holdings, Inc. Common Stock ",NYSE,NYSE,USD,49.81999969482422,-0.3947724034816261,47.629866667008564,48.88089538433896,53.561967626257044,1.0939148122715139,0.3789971333553004,79.32693295225462,1.49,4.0,Quarterly,2026-01-30,0.029907667786573583,,0.49,0.75,51.73
LXFR,LXFR,Luxfer Holdings PLC Ordinary Shares,NYSE,NYSE,USD,,,,,,,,,,,,,,,,,
LXP,LXP,LXP Industrial Trust Common Stock (Maryland REIT),NYSE,NYSE,USD,47.65999984741211,-0.21691974687620963,49.997065210311284,49.517170413552215,46.53104213955363,-0.011444078986201589,0.1900269169189577,41.80496923707633,2.725,4.0,Quarterly,2025-12-31,0.05717582897029667,,0.01,0.08,700.0
LXP$C,LXP$C,LXP Industrial Trust 6.5% Series C Cumulative Convertible Preferred Stock,NYSE,NYSE,USD,,,,,,,,,,,,,,,,,
LXU,LXU,"LSB Industries, Inc. Common Stock",NYSE,NYSE,USD,9.850000381469727,-0.37593984872550334,9.65073765942123,9.328974237026268,8.590716517153984,0.1914283524933751,0.17503250596383998,52.67606299728727,,,,,,,0.25,0.21,-15.03
LYB,LYB,LyondellBasell Industries NV Ordinary Shares Class A (Netherlands),NYSE,NYSE,USD,57.61000061035156,-0.4594733045324182,53.647814294670084,50.23115565324659,53.40741567268375,2.7457785960426833,2.30570104237527,66.2964758532047,5.45,4.0,Quarterly,2025-12-01,0.09460163065890899,,2.84,1.96,-31.08
LYG,LYG,Lloyds Banking Group Plc American Depositary Shares,NYSE,NYSE,USD,5.610000133514404,-0.14871798665173885,5.770266008684413,5.496670498292834,4.752506272643571,0.09717258706414711,0.1485708694826346,47.435900570920644,0.16999999999999998,2.0,Semi-Annual,2025-08-04,0.03030302958183762,,,,
LYV,LYV,"Live Nation Entertainment, Inc. Common Stock",NYSE,NYSE,USD,158.27000427246094,-0.27835227868443746,147.1171698401898,145.1547196797221,146.86816229428356,2.3897922784018704,1.026789912669395,65.52950815219852,,,,,,,1.03,1.39,35.08
LZB,LZB,La,NYSE,NYSE,USD,,,,,,,,,,,,,,,,,
LZM,LZM,Lifezone Metals Limited Ordinary Shares,NYSE,NYSE,USD,,,,,,,,,,,,,,,,,
LZM.W,LZM.W,Lifezone Metals Limited Warrants,NYSE,NYSE,USD,,,,,,,,,,,,,,,,,
M,M,Macy's Inc Common Stock,NYSE,NYSE,USD,21.6299991607666,-0.36501897165260455,21.448427970365604,21.3378914831074,18.283535429143498,-0.02176970349298557,-0.15551451789941376,60.89029859571772,0.728,4.0,Quarterly,2025-12-15,0.03365695923467611,,0.19,0.52,176.04
MA,MA,Mastercard Incorporated Common Stock,NYSE,NYSE,USD,,,,,,,,,,,,,,,,,
MAA,MAA,Mid,NYSE,NYSE,USD,,,,,,,,,,,,,,,,,
MAA$I,MAA$I,Mid,NYSE,NYSE,USD,,,,,,,,,,,,,,,,,
MAC,MAC,Macerich Company (The) Common Stock,NYSE,NYSE,USD,18.520000457763672,-0.36376741418053715,18.687617035784,18.394253914813255,17.89852174955497,0.10184827655833928,0.1644732419641105,54.03088135125214,0.68,4.0,Quarterly,2025-12-15,0.03671706172744401,,-0.02,-0.07,-180.0
MAGN,MAGN,Magnera Corporation Common Stock,NYSE,NYSE,USD,,,,,,,,,,,,,,,,,
MAIN,MAIN,Main Street Capital Corporation Common Stock,NYSE,NYSE,USD,59.439998626708984,-0.22107761149888827,61.75955593575175,61.46344753500309,60.8138066712146,-0.3589233248920962,0.05766892140099868,30.06416449271029,4.25,16.0,Monthly,2026-02-06,0.07150067459944875,,0.98,1.02,4.04
MAN,MAN,ManpowerGroup Common Stock,NYSE,NYSE,USD,28.65999984741211,-0.5750079919308133,32.32249739248341,31.697449380904743,36.88964493908703,0.2594346312490572,0.9435845952808766,46.02739840561356,1.44,2.0,Semi-Annual,2025-12-01,0.050244243114677706,,2.17,2.21,2.01
MANU,MANU,Manchester United Ltd. Class A Ordinary Shares,NYSE,NYSE,USD,,,,,,,,,,,,,,,,,
MAS,MAS,Masco Corporation Common Stock,NYSE,NYSE,USD,76.19000244140625,-0.2507972955796228,71.52240219480356,68.65997748110067,68.3113351744107,2.5187393484841465,1.7173160925348543,68.00948792675783,1.24,4.0,Quarterly,2025-11-07,0.01627510119787198,,1.06,0.98,-7.28
MATV,MATV,"Mativ Holdings, Inc. Common Stock",NYSE,NYSE,USD,14.779999732971191,-0.49670332618531754,13.650317636289323,12.928105486624446,10.972654688792828,0.5894176929834014,0.39782483324873086,72.05882087769706,0.4,4.0,Quarterly,2025-11-28,0.027063599947683415,,0.26,0.25,-3.85
MATX,MATX,"Matson, Inc. Common Stock",NYSE,NYSE,USD,162.17999267578125,-0.4092982390050933,156.33542092241427,141.2278946570763,123.40376011929813,6.945028232026232,8.345130733884599,55.378608153355444,1.42,4.0,Quarterly,2026-02-05,0.00875570393469411,,7.07,6.89,-2.5
MAX,MAX,"MediaAlpha, Inc. Class A Common Stock",NYSE,NYSE,USD,7.170000076293945,-0.47702406591218116,9.365515894074171,10.707822052016311,11.296515477883656,-1.0998536680341982,-0.8816657748379089,10.810803844597444,,,,,,,-0.28,-0.34,-23.46
MBC,MBC,"MasterBrand, Inc. Common Stock",NYSE,NYSE,USD,,,,,,,,,,,,,,,,,
MBI,MBI,MBIA Inc. Common Stock,NYSE,NYSE,USD,6.039999961853027,-0.4585635082570547,6.471778206342586,6.7808066545531425,6.646925597883836,-0.21481936628352827,-0.18867142700281508,39.41176256094048,,,,,,,-0.16,-0.45,-172.73
MC,MC,Moelis & Company Class A Common Stock,NYSE,NYSE,USD,65.94000244140625,-0.37157555485078375,71.11519956918534,70.97603202105954,69.03195868344608,-1.1670140309671524,-0.27005211386928263,27.493129344864442,2.6,4.0,Quarterly,2025-11-10,0.03942978319284017,,0.35,0.37,5.41
MCB,MCB,Metropolitan Bank Holding Corp. Common Stock,NYSE,NYSE,USD,93.20999908447266,-0.21182347193973172,91.2297234779281,85.28039854927415,75.58367318819356,3.251213287107973,3.6929718925534587,66.49333306125965,0.5,3.0,Irregular,2026-01-27,0.005364231358342458,,2.33,2.44,4.95
MCD,MCD,McDonald's Corporation Common Stock,NYSE,NYSE,USD,,,,,,,,,,,,,,,,,
MCI,MCI,Barings Corporate Investors Common Stock,NYSE,NYSE,USD,,,,,,,,,,,,,,,,,
MCK,MCK,McKesson Corporation Common Stock,NYSE,NYSE,USD,934.75,-0.10600712534361789,886.1725733757012,851.2633776533207,774.1293511714874,30.616478898881724,22.22567143944525,66.04445711544969,3.0599999999999996,4.0,Quarterly,2025-12-01,0.003273602567531425,,6.09,6.06,-0.46
MCN,MCN,XAI Madison Equity Premium Income Fund Common Shares,NYSE,NYSE,USD,,,,,,,,,,,,,,,,,
MCO,MCO,Moody's Corporation Common Stock,NYSE,NYSE,USD,,,,,,,,,,,,,,,,,
MCR,MCR,MFS Charter Income Trust Common Stock,NYSE,NYSE,USD,,,,,,,,,,,,,,,,,
MCS,MCS,Marcus Corporation (The) Common Stock,NYSE,NYSE,USD,,,,,,,,,,,,,,,,,
MCY,MCY,Mercury General Corporation Common Stock,NYSE,NYSE,USD,,,,,,,,,,,,,,,,,
MD,MD,"Pediatrix Medical Group, Inc. Common Stock",NYSE,NYSE,USD,21.520000457763672,-0.30470111082304696,21.31210004339577,21.332143803032764,18.582355990004697,-0.1734739195587487,-0.22648810448500917,52.493445678352884,,,,,,,0.55,0.4,-26.91
MDST,MDST,Westwood Salient Enhanced Midstream Income ETF,NYSE,NYSE,USD,,,,,,,,,,,,,,,,,
MDT,MDT,Medtronic plc. Ordinary Shares,NYSE,NYSE,USD,99.48999786376953,-0.14624338301401285,100.88294761822236,99.61170139202703,95.44511029581372,0.5372996626703355,0.8326900209370052,43.385652813166345,2.12,3.0,Irregular,2025-09-26,0.02130867469615278,2026-05-20 08:00:00,,,
MDU,MDU,"MDU Resources Group, Inc. Common Stock (Holding Company)",NYSE,NYSE,USD,20.799999237060547,-0.10754503506739888,20.46390137766738,20.155544159974824,18.740135667201418,0.1275156091440799,0.12804600940412286,55.62914074588688,0.54,4.0,Quarterly,2025-12-11,0.025961539413802054,,0.77,0.73,-5.19
MDV,MDV,"Modiv Industrial, Inc. Class C Common Stock",NYSE,NYSE,USD,14.930000305175781,-0.16646844755426193,14.975037430494885,14.829889234260172,14.754715206646766,0.05919065638853915,0.11072022835390577,41.53225496333737,1.178,12.0,Monthly,2026-01-30,0.0789015389096558,,-0.04,0.35,975.0
MDV$A,MDV$A,"Modiv Industrial, Inc. 7.375% Series A Cumulative Redeemable Perpetual Preferred Stock",NYSE,NYSE,USD,,,,,,,,,,,,,,,,,
MEC,MEC,"Mayville Engineering Company, Inc. Common Stock",NYSE,NYSE,USD,,,,,,,,,,,,,,,,,
MED,MED,MEDIFAST INC Common Stock,NYSE,NYSE,USD,10.770000457763672,-0.3584207152428346,11.193677683336338,11.417519287222602,12.640737004738131,-0.14338205167937623,-0.07345583553025707,31.0769301194411,,,,,,,1.91,3.27,71.2
MEG,MEG,"Montrose Environmental Group, Inc. Common Stock",NYSE,NYSE,USD,20.489999771118164,-0.5356679567314689,23.425433019864386,24.338447040810657,24.05259165206946,-0.4641199982152493,-0.38340794076361967,35.212761704983066,,,,,,,-0.37,-0.63,-68.75
MEGI,MEGI,NYLI CBRE Global Infrastructure Megatrends Term Fund Common Shares,NYSE,NYSE,USD,15.40999984741211,-0.1352549859440526,14.48295950029262,14.183917804651157,13.960155448379469,0.3368338950509564,0.22185194298252173,92.57142203194755,1.5,12.0,Monthly,2026-01-26,0.09733939097033176,,,,
MEI,MEI,"Methode Electronics, Inc. Common Stock",NYSE,NYSE,USD,,,,,,,,,,,,,,,,,
MER$K,MER$K,"Bank of America Corporation Income Capital Obligation Notes initially due December 15, 2066",NYSE,NYSE,USD,,,,,,,,,,,,,,,,,
MET,MET,"MetLife, Inc. Common Stock",NYSE,NYSE,USD,77.30999755859375,-0.20608032111092767,77.59257778253752,78.17307253358528,78.88403797350635,-0.2927494847950243,-0.41529089784852674,50.422703533479044,2.272,4.0,Quarterly,2026-02-03,0.0293881783954014,,1.83,1.52,-16.91
MET$A,MET$A,"MetLife, Inc. Preferred Series A Floating Rate",NYSE,NYSE,USD,,,,,,,,,,,,,,,,,
MET$E,MET$E,"MetLife, Inc. Depositary Shares ",NYSE,NYSE,USD,,,,,,,,,,,,,,,,,
MET$F,MET$F,"MetLife, Inc. Depositary Shares, each representing a 1/1,000th interest in a share of 4.75% Non",NYSE,NYSE,USD,,,,,,,,,,,,,,,,,
MFA,MFA,"MFA Financial, Inc.",NYSE,NYSE,USD,9.890000343322754,-0.25727272033691406,9.764292045629809,9.681887904692315,9.678302753781214,0.01247535014314849,0.020453781127858877,50.0,1.44,4.0,Quarterly,2025-12-31,0.14560161274131986,,-0.82,-0.62,24.08
MFA$B,MFA$B,"MFA Financial, Inc. Preferred Series B",NYSE,NYSE,USD,,,,,,,,,,,,,,,,,
MFA$C,MFA$C,"MFA Financial, Inc. 6.50% Series C Fixed",NYSE,NYSE,USD,,,,,,,,,,,,,,,,,
MFAN,MFAN,"MFA Financial, Inc. 8.875% Senior Notes due 2029",NYSE,NYSE,USD,25.06999969482422,-0.043273028252095114,25.20932803169192,25.215344795233246,25.138001737053894,-0.05369206141277161,-0.02466107957643341,26.470621234390606,2.22,4.0,Quarterly,2026-01-30,0.08855205532604479,,,,
MFAO,MFAO,"MFA Financial, Inc. 9.000% Senior Notes due 2029",NYSE,NYSE,USD,,,,,,,,,,,,,,,,,
MFC,MFC,Manulife Financial Corporation Common Stock,NYSE,NYSE,USD,36.77000045776367,-0.16754245516521826,37.367504913822245,36.53673817268509,33.62150017863802,0.13564868914193795,0.3373894872257724,47.67597257065044,0.622,2.0,Semi-Annual,2025-05-21,0.016915963890576185,,0.78,0.83,6.4
MFG,MFG,"Mizuho Financial Group, Inc. Sponosred ADR (Japan)",NYSE,NYSE,USD,9.899999618530273,-0.2963576114500287,9.145251216331808,8.315298312489093,6.9828111035126685,0.5457267531351366,0.4662080225123573,78.13762556062123,0.103,1.0,Annual,2025-03-31,0.010404040804931979,,,,
MFM,MFM,MFS Municipal Income Trust Common Stock,NYSE,NYSE,USD,,,,,,,,,,,,,,,,,
MFSB,MFSB,MFS Active Core Plus Bond ETF,NYSE,NYSE,USD,25.458999633789062,-0.027794429840041324,25.287737529211416,25.27323467291229,25.13195995117139,0.0264444144063134,0.0039052920887358445,62.003478696279515,1.064,12.0,Monthly,2026-01-30,0.04179268688106128,,,,
MFSG,MFSG,MFS Active Growth ETF,NYSE,NYSE,USD,,,,,,,,,,,,,,,,,
MFSI,MFSI,MFS Active International ETF,NYSE,NYSE,USD,31.799999237060547,-0.1367393381758396,31.427745422636914,30.906659731603728,29.365188617763565,0.2749572275501144,0.24949401709302843,58.09249335596431,0.247,2.0,Semi-Annual,2025-12-16,0.0077672957838357355,,,,
MFSM,MFSM,MFS Active Intermediate Muni Bond ETF,NYSE,NYSE,USD,25.3700008392334,-0.04293717343141945,25.231344532482176,25.14093732567377,24.886011911103136,0.05692515755421468,0.04558702795765093,77.40890944807046,0.889,12.0,Monthly,2026-01-30,0.03504138630634995,,,,
MFSV,MFSV,MFS Active Value ETF,NYSE,NYSE,USD,28.010000228881836,-0.13087540079892035,27.621921761584755,27.124726931023552,26.080993990443705,0.27346427036368226,0.25193789647711523,70.2381465982139,0.40700000000000003,4.0,Quarterly,2025-12-11,0.014530524693831733,,,,
MG,MG,Mistras Group Inc Common Stock,NYSE,NYSE,USD,14.5600004196167,-0.326869804874535,14.251248288424446,13.447500236503789,11.261168335607332,0.2785149253505068,0.3383384137866466,54.200550340208665,,,,,,,0.08,0.09,12.5
MGA,MGA,"Magna International, Inc. Common Stock",NYSE,NYSE,USD,,,,,,,,,,,,,,,,,
MGF,MGF,MFS Government Markets Income Trust Common Stock,NYSE,NYSE,USD,3.0399999618530273,-0.0630914961735699,3.0285961925992164,3.037159248278272,3.0655657422550457,0.0007779427094676272,-0.0029221790808123035,57.142857142857146,0.22799999999999998,12.0,Monthly,2026-01-20,0.07500000094112598,,,,
MGM,MGM,MGM Resorts International Common Stock,NYSE,NYSE,USD,,,,,,,,,,,,,,,,,
MGR,MGR,"Affiliated Managers Group, Inc. 5.875% Junior Subordinated Notes due 2059",NYSE,NYSE,USD,21.40999984741211,-0.13706897416381258,21.42011357244096,21.441040874952932,21.612601704690512,-0.009376871868667536,0.005405614418858801,34.343457696346164,1.468,4.0,Quarterly,2025-12-29,0.06856609110053037,,,,
MGRB,MGRB,"Affiliated Managers Group, Inc. 4.750% Junior Subordinated Notes due 2060",NYSE,NYSE,USD,,,,,,,,,,,,,,,,,
MGRD,MGRD,"Affiliated Managers Group, Inc. 4.200% Junior Subordinated Notes due 2061",NYSE,NYSE,USD,15.720000267028809,-0.10539065699552741,15.613274039871285,15.649726159135641,15.792621584707096,0.0019869351827512816,-0.009245893436200112,49.27541439938523,1.052,4.0,Quarterly,2025-12-29,0.06692111845611537,,,,
MGRE,MGRE,"Affiliated Managers Group, Inc. 6.750% Junior Subordinated Notes due 2064",NYSE,NYSE,USD,,,,,,,,,,,,,,,,,
MGY,MGY,Magnolia Oil & Gas Corporation Class A Common Stock,NYSE,NYSE,USD,26.780000686645508,-0.23794708768546124,25.43731309409604,24.13412804210511,23.41709395454339,1.0382418576405854,0.9818293940541513,66.04278374858096,0.615,4.0,Quarterly,2026-02-10,0.022964898589666,,0.77,1.2,55.3
MH,MH,"McGraw Hill, Inc. Common Stock",NYSE,NYSE,USD,,,,,,,,,,,,,,,,,
MHD,MHD,"Blackrock MuniHoldings Fund, Inc. Common Stock",NYSE,NYSE,USD,11.729999542236328,-0.11374797978304141,11.821449343215875,11.784575878393657,11.666247638751349,-0.009338491337048893,0.020721978512560617,44.64280544481361,0.72,12.0,Monthly,2026-02-06,0.061381076564196675,,,,
MHF,MHF,"Western Asset Municipal High Income Fund, Inc. Common Stock",NYSE,NYSE,USD,7.0,-0.14705883249656138,6.95555293430559,6.949142158131494,7.04050808864156,0.025906896110914346,0.013528905809689502,84.61525764725516,0.40800000000000003,12.0,Monthly,2026-01-23,0.05828571428571429,,,,
MHK,MHK,"Mohawk Industries, Inc. Common Stock",NYSE,NYSE,USD,132.60000610351562,-0.2581037545246814,126.88621173687255,121.01831407373591,118.05978017364146,4.821533567606366,4.140648420071468,73.89766453293812,,,,,,,1.3,1.75,34.84
MHLA,MHLA,"Maiden Holdings, Ltd. 6.625% Notes due 2046",NYSE,NYSE,USD,,,,,,,,,,,,,,,,,
MHN,MHN,"Blackrock MuniHoldings New York Quality Fund, Inc. Common Stock",NYSE,NYSE,USD,10.300000190734863,-0.10869561690199347,10.29651637579223,10.286282324037652,10.19312204061269,0.006877319055451636,0.001964228590236233,51.35137921613304,0.618,12.0,Monthly,2026-02-06,0.05999999888892315,,,,
MHNC,MHNC,"Maiden Holdings North America, Ltd. 7.75% Notes due 2043",NYSE,NYSE,USD,14.90999984741211,-0.18076927349512817,15.52357745124419,15.873981917833957,16.65197441051607,-0.1224606473716996,-0.1116507100337817,33.139530370657866,1.936,4.0,Quarterly,2026-02-13,0.12984574244217895,,,,
MHO,MHO,"M/I Homes, Inc. Common Stock",NYSE,NYSE,USD,149.5800018310547,-0.21205955799785903,139.74452585181717,136.1270546487748,130.58928118205733,3.572499824972141,2.2682795953392487,74.29911650984788,,,,,,,4.05,4.67,15.31
MIAX,MIAX,"Miami International Holdings, Inc. Common Stock",NYSE,NYSE,USD,42.13999938964844,-0.20231549732769072,41.993915108546524,42.79434368571693,39.31771278592672,-0.5733313618250122,-0.6685739090275585,44.1860378248273,,,,,,,,,
MICC,MICC,The Magnum Ice Cream Company N.V. Ordinary Shares,NYSE,NYSE,USD,,,,,,,,,,,,,,,,,
MIN,MIN,MFS Intermediate Income Trust Common Stock,NYSE,NYSE,USD,2.5899999141693115,-0.05514709330502232,2.601181537808701,2.6157379301556016,2.6477555793843957,-0.008258075747929805,-0.008560636253131984,50.0,0.23399999999999999,12.0,Monthly,2026-01-20,0.09034749334153959,,,,
MIR,MIR,"Mirion Technologies, Inc. Class A Common Stock",NYSE,NYSE,USD,22.510000228881836,-0.2924370004349396,23.987804895198796,24.541536911895886,22.62904465611607,-0.7972026951543505,-0.4123336504100066,33.18284798561609,,,,,,,0.05,0.06,31.38
MITN,MITN,"AG Mortgage Investment Trust, Inc. 9.500% Senior Notes due 2029",NYSE,NYSE,USD,,,,,,,,,,,,,,,,,
MITP,MITP,"AG Mortgage Investment Trust, Inc. 9.500% Senior Notes due 2029",NYSE,NYSE,USD,25.280000686645508,-0.03211734686739154,25.344676624943713,25.353176300379197,25.26945635446329,-0.04080429686904452,-0.02833118997186907,36.956528950292736,0.594,1.0,Annual,2025-10-31,0.023496834804826103,,,,
MITT,MITT,"AG Mortgage Investment Trust, Inc. Common Stock",NYSE,NYSE,USD,,,,,,,,,,,,,,,,,
MITT$A,MITT$A,"AG Mortgage Investment Trust, Inc. 8.25% Preferred Series A",NYSE,NYSE,USD,,,,,,,,,,,,,,,,,
MITT$B,MITT$B,"AG Mortgage Investment Trust, Inc. Preferred Series B",NYSE,NYSE,USD,,,,,,,,,,,,,,,,,
MITT$C,MITT$C,"AG Mortgage Investment Trust, Inc. 8.00% Series C Fixed",NYSE,NYSE,USD,,,,,,,,,,,,,,,,,
MIY,MIY,"Blackrock MuniYield Michigan Quality Fund, Inc. Common Stock",NYSE,NYSE,USD,12.5,-0.09207160834212214,12.220437396961396,11.998410408283615,11.615498982060052,0.13076513757877883,0.11193958003593119,66.66664258399373,0.66,12.0,Monthly,2026-02-13,0.0528,,,,
MKC,MKC,"McCormick & Company, Incorporated Common Stock",NYSE,NYSE,USD,,,,,,,,,,,,,,,,,
MKC.V,MKC.V,"McCormick & Company, Incorporated Common Stock",NYSE,NYSE,USD,,,,,,,,,,,,,,,,,
MKL,MKL,Markel Group Inc. Common Stock,NYSE,NYSE,USD,,,,,,,,,,,,,,,,,
MLI,MLI,"Mueller Industries, Inc. Common Stock",NYSE,NYSE,USD,119.45999908447266,-0.17624653284071345,123.28416676506217,120.40239173491668,103.92075631532467,-1.3738163565987662,0.3021322997433195,33.87964429264065,1.0,4.0,Quarterly,2025-12-05,0.008371002910295347,,2.35,2.74,16.6
MLM,MLM,"Martin Marietta Materials, Inc. Common Stock",NYSE,NYSE,USD,678.8599853515625,-0.15258709331421627,665.1563503370971,648.4844512551076,606.8509284321595,10.23036289018728,9.899682677644124,60.29367855562381,3.24,4.0,Quarterly,2025-12-01,0.004772707288561271,,4.63,4.69,1.38
MLP,MLP,"Maui Land & Pineapple Company, Inc. Common Stock",NYSE,NYSE,USD,,,,,,,,,,,,,,,,,
MLR,MLR,"Miller Industries, Inc. Common Stock",NYSE,NYSE,USD,44.43000030517578,-0.4304139985298837,42.55028799934178,40.861871740219875,42.77076631228439,1.342917112435238,1.1972878478355788,75.48638632844003,0.8,4.0,Quarterly,2025-12-02,0.018005851778191542,,,,
MMC,MMC,"Marsh & McLennan Companies, Inc. Common Stock",NYSE,NYSE,USD,,,,,,,,,,,,,,,,,
MMD,MMD,NYLI MacKay DefinedTerm Muni Opportunities Fund Common Shares,NYSE,NYSE,USD,15.6899995803833,-0.1041533035461939,15.489324619811583,15.272225637347056,15.064949953976162,0.1539669819174172,0.14366299112038,78.4945707292112,0.73,12.0,Monthly,2026-02-13,0.046526451212445884,,,,
MMI,MMI,"Marcus & Millichap, Inc. Common Stock",NYSE,NYSE,USD,25.850000381469727,-0.36651467784021263,26.386887513939804,27.192043733808458,29.937153991226136,-0.35844606149885294,-0.3353007811432813,44.23529681037454,0.5,2.0,Semi-Annual,2025-09-15,0.01934235948245553,,0.55,0.53,-3.64
MMID,MMID,MFS Active Mid Cap ETF,NYSE,NYSE,USD,26.020999908447266,-0.04956351236120826,25.937417803926692,25.63259160958323,25.137962934925138,0.13154121723076528,0.14670037651289083,50.75756116200586,0.071,1.0,Annual,2025-12-11,0.002728565399093333,,,,
MMKT,MMKT,Texas Capital Government Money Market ETF,NYSE,NYSE,USD,100.21499633789062,-0.0039992085223952145,100.23967025874039,100.24073450597982,100.25184873063812,-0.0022376089446112246,-0.0012184083890752618,47.72672099878619,4.154,51.0,Monthly,2026-02-13,0.041450882121415594,,,,
MMM,MMM,3M Company Common Stock,NYSE,NYSE,USD,,,,,,,,,,,,,,,,,
MMS,MMS,"Maximus, Inc. Common Stock",NYSE,NYSE,USD,,,,,,,,,,,,,,,,,
MMT,MMT,MFS Multimarket Income Trust Common Stock,NYSE,NYSE,USD,4.789999961853027,-0.07627111709312784,4.731344525638095,4.710544109524726,4.696323477184359,0.021591485956572676,0.01477813341236895,66.66666666666666,0.403,12.0,Monthly,2026-01-20,0.08413361236105274,,,,
MMU,MMU,"Western Asset Managed Municipals Fund, Inc. Common Stock",NYSE,NYSE,USD,,,,,,,,,,,,,,,,,
MNR,MNR,Mach Natural Resources LP Common Units representing Limited Partner Interests,NYSE,NYSE,USD,13.100000381469727,-0.34146338768618023,12.05928540430426,11.82413739995013,12.885099268399536,0.396529789804827,0.25212215795409687,75.50432039048414,1.94,4.0,Quarterly,2025-11-20,0.14809159874103345,,0.08,0.14,75.0
MNSO,MNSO,"MINISO Group Holding Limited American Depositary Shares, each representing four Ordinary Shares",NYSE,NYSE,USD,,,,,,,,,,,,,,,,,
MNTN,MNTN,"MNTN, Inc. Class A Common Stock",NYSE,NYSE,USD,,,,,,,,,,,,,,,,,
MO,MO,"Altria Group, Inc.",NYSE,NYSE,USD,,,,,,,,,,,,,,,,,
MOD,MOD,Modine Manufacturing Company Common Stock,NYSE,NYSE,USD,216.5,-0.27550094717368323,188.55186675974494,165.40232687642754,137.783509451943,21.03493715639752,17.593207723432954,92.60743239225692,,,,,,,0.45,0.67,47.98
MODG,MODG,Topgolf Callaway Brands Corp. Common Stock,NYSE,NYSE,USD,12.59000015258789,-0.2543506923554447,14.376012931351038,13.395078501502367,10.665282288926594,0.20189336427516302,0.4512379439254119,23.428576618634793,,,,,,,0.18,0.23,31.01
MOG.A,MOG.A,Moog Inc. Class A Common Stock,NYSE,NYSE,USD,,,,,,,,,,,,,,,,,
MOG.B,MOG.B,Moog Inc. Class B Common Stock,NYSE,NYSE,USD,,,,,,,,,,,,,,,,,
MOGU,MOGU,MOGU Inc. American Depositary Shares (each  representing 25 Class A Ordinary Shares),NYSE,NYSE,USD,,,,,,,,,,,,,,,,,
MOH,MOH,Molina Healthcare Inc Common Stock,NYSE,NYSE,USD,135.35000610351562,-0.6527856275714974,158.39918875056355,166.74707650092228,196.30891637534634,-13.270283748923163,-6.608003952969454,17.30693184479165,,,,,,,5.1,5.65,10.86
MOS,MOS,Mosaic Company (The) Common Stock,NYSE,NYSE,USD,,,,,,,,,,,,,,,,,
MOV,MOV,Movado Group Inc. Common Stock,NYSE,NYSE,USD,,,,,,,,,,,,,,,,,
MP,MP,MP Materials Corp. Common Stock,NYSE,NYSE,USD,58.029998779296875,-0.48869743693336853,61.27185771155366,61.357794379878335,54.985302451105326,-0.641286364699468,0.1175481416042701,42.9169953375597,,,,,,,0.3,0.36,21.36
MPA,MPA,Blackrock MuniYield Pennsylvania Quality Fund Common Stock,NYSE,NYSE,USD,,,,,,,,,,,,,,,,,
MPC,MPC,Marathon Petroleum Corporation Common Stock,NYSE,NYSE,USD,,,,,,,,,,,,,,,,,
MPLX,MPLX,MPLX LP Common Units Representing Limited Partner Interests,NYSE,NYSE,USD,56.83000183105469,-0.14583716373601596,55.47826885983187,54.59883098260212,52.82989008379976,0.3785929450332759,0.3952571010319886,63.00505591757174,4.068,4.0,Quarterly,2026-02-09,0.07158190865616065,,0.81,0.83,2.32
MPV,MPV,Barings Participation Investors Common Stock,NYSE,NYSE,USD,19.219999313354492,-0.23125300993362297,18.951600740677446,18.93035926207291,18.833587704050107,0.1106049482612903,0.10783010737984486,52.941148971341164,1.48,4.0,Quarterly,2025-12-30,0.0770031244991597,,,,
MPW,MPW,"Medical Properties Trust, Inc. common stock",NYSE,NYSE,USD,,,,,,,,,,,,,,,,,
MPX,MPX,Marine Products Corporation Common Stock,NYSE,NYSE,USD,7.980000019073486,-0.20724341578522942,8.776082945256425,8.921885521879089,8.808029830890572,-0.3233121262564005,-0.12639336832175072,31.700287352807436,0.56,4.0,Quarterly,2026-02-10,0.07017543842876063,,0.21,0.12,-42.86
MQT,MQT,"Blackrock MuniYield Quality Fund II, Inc. Common Stock",NYSE,NYSE,USD,,,,,,,,,,,,,,,,,
MQY,MQY,"Blackrock MuniYield Quality Fund, Inc. Common Stock",NYSE,NYSE,USD,11.6899995803833,-0.11681854872098607,11.646937853802818,11.557344797911032,11.467556164956086,0.05846011303598253,0.06209388427301058,70.66668362091986,0.6960000000000001,12.0,Monthly,2026-02-06,0.05953806886083558,,,,
MRK,MRK,"Merck & Company, Inc. Common Stock (new)",NYSE,NYSE,USD,121.41000366210938,-0.2284994368284473,114.84622386886191,108.25623312222224,94.6578735986136,3.6746578639079672,3.1922093091065635,77.20389570333113,3.2800000000000002,4.0,Quarterly,2025-12-15,0.027015895733999137,2026-10-29 09:00:00,,,
MRP,MRP,"Millrose Properties, Inc. Class A Common Stock",NYSE,NYSE,USD,31.969999313354492,-0.18788732609278724,30.852628824987,30.737433110519362,29.964499212989644,0.3717988564960528,0.17461217398538204,73.82549762818815,2.55,4.0,Quarterly,2026-01-05,0.07976227884793276,,,,
MS,MS,Morgan Stanley Common Stock,NYSE,NYSE,USD,171.14999389648438,-0.2905266358628047,178.88593658858147,177.47968634316513,160.27810459246,-1.9484096067721453,-0.41003095038393733,35.503918795789716,3.925,4.0,Quarterly,2026-01-30,0.02293310043805163,,1.62,1.7,4.97
MS$A,MS$A,Morgan Stanley Dep Shs repstg 1/1000 Pfd Ser A,NYSE,NYSE,USD,,,,,,,,,,,,,,,,,
MS$E,MS$E,Morgan Stanley DEPOSITARY SHARES REP 1/1000TH SHARES FIXED/FLTG PREFERRED STOCK SERIES E,NYSE,NYSE,USD,,,,,,,,,,,,,,,,,
MS$F,MS$F,Morgan Stanley Dep Shs Rpstg 1/1000th Int Prd Ser F Fxd to Flag,NYSE,NYSE,USD,,,,,,,,,,,,,,,,,
MS$I,MS$I,Morgan Stanley Depository Shares Representing 1/1000th Preferred Series 1 Fixed to Floating Non (Cum),NYSE,NYSE,USD,,,,,,,,,,,,,,,,,
MS$K,MS$K,"Morgan Stanley Depositary Shares, each representing 1/1,000th of a share of Fixed",NYSE,NYSE,USD,,,,,,,,,,,,,,,,,
MS$L,MS$L,"Morgan Stanley Depositary Shares, each representing 1/1,000th of a share of 4.875% Non",NYSE,NYSE,USD,,,,,,,,,,,,,,,,,
MS$O,MS$O,"Morgan Stanley Depositary Shares, each representing 1/1,000th of a share of 4.250% Non",NYSE,NYSE,USD,,,,,,,,,,,,,,,,,
MS$P,MS$P,"Morgan Stanley Depositary Shares, each representing 1/1,000th of a share of 6.500% Non",NYSE,NYSE,USD,,,,,,,,,,,,,,,,,
MS$Q,MS$Q,"Morgan Stanley Depositary Shares, each representing 1/1,000th of a share of 6.625% Non",NYSE,NYSE,USD,,,,,,,,,,,,,,,,,
MSA,MSA,MSA Safety Incorporated Common Stock,NYSE,NYSE,USD,,,,,,,,,,,,,,,,,
MSB,MSB,Mesabi Trust Common Stock,NYSE,NYSE,USD,33.97999954223633,-0.2997535371740261,35.34045845516332,35.50109994740363,32.21361525085618,-0.6399666817451504,-0.5396261417576759,49.357607441518525,1.28,4.0,Quarterly,2026-01-30,0.037669217694043536,,,,
MSC,MSC,"Studio City International Holdings Limited American depositary shares, each representing four  Class A ordinary shares",NYSE,NYSE,USD,,,,,,,,,,,,,,,,,
MSCI,MSCI,MSCI Inc. Common Stock,NYSE,NYSE,USD,,,,,,,,,,,,,,,,,
MSD,MSD,"Morgan Stanley Emerging Markets Debt Fund, Inc. Common Stock",NYSE,NYSE,USD,,,,,,,,,,,,,,,,,
MSDL,MSDL,Morgan Stanley Direct Lending Fund Common Stock,NYSE,NYSE,USD,15.789999961853027,-0.28979981202887894,15.938603196162774,16.363225802091282,17.595618763492563,-0.23713639242322415,-0.27967227286298646,42.99066558960026,2.0,4.0,Quarterly,2025-12-31,0.12666244489118358,,0.66,0.67,1.21
MSGE,MSGE,Madison Square Garden Entertainment Corp. Class A Common Stock,NYSE,NYSE,USD,62.5099983215332,-0.2368629407539321,59.86886628897065,56.511464245411354,47.45392589795288,1.2283246437326767,1.4699528664238408,60.966247820224744,,,,,,,-0.54,-1.88,-248.79
MSGS,MSGS,Madison Square Garden Sports Corp. Class A Common Stock (New),NYSE,NYSE,USD,,,,,,,,,,,,,,,,,
MSI,MSI,"Motorola Solutions, Inc. Common Stock",NYSE,NYSE,USD,461.760009765625,-0.2579441247591987,416.3804460782146,403.49144977160944,415.55932051819616,14.323108588365528,9.861561110882361,91.2464637414238,4.48,4.0,Quarterly,2025-12-15,0.009702009496824787,,2.88,3.0,4.19
MSIF,MSIF,"MSC Income Fund, Inc. Common Stock",NYSE,NYSE,USD,12.989999771118164,-0.3398220140286662,13.11594595658067,13.26620811557883,14.212995209786625,-0.0999076911142538,-0.09130901121475575,42.180105925519484,1.44,4.0,Quarterly,2025-12-31,0.11085450541744285,,0.36,0.35,-1.41
MSM,MSM,"MSC Industrial Direct Company, Inc. Common Stock",NYSE,NYSE,USD,94.04000091552734,-0.15522638785566512,90.42317926004968,88.08573769298478,86.12161181615994,2.395678779520992,1.8643023254060749,74.53727451483286,3.44,4.0,Quarterly,2026-01-14,0.036580178291257405,,1.78,1.79,0.6
MT,MT,Arcelor Mittal NY Registry Shares NEW,NYSE,NYSE,USD,61.5099983215332,-0.30828178301624387,57.349598966520354,51.29684385322882,40.91617571932808,3.889321907060932,3.488467832444862,66.65259302771959,0.55,2.0,Semi-Annual,2025-11-13,0.008941635750418448,,4.19,4.24,1.19
MTB,MTB,M&T Bank Corporation Common Stock,NYSE,NYSE,USD,,,,,,,,,,,,,,,,,
MTB$H,MTB$H,M&T Bank Corporation Perpetual Fixed,NYSE,NYSE,USD,,,,,,,,,,,,,,,,,
MTB$J,MTB$J,M&T Bank Corporation Depositary Shares each representing a 1/400th ownership interest in a share of Perpetual 7.500% Non,NYSE,NYSE,USD,,,,,,,,,,,,,,,,,
MTB$K,MTB$K,M&T Bank Corporation Depositary Shares each representing a 1/400th interest in a share of Perpetual 6.350% Non,NYSE,NYSE,USD,,,,,,,,,,,,,,,,,
MTD,MTD,Mettler,NYSE,NYSE,USD,1360.949951171875,-0.2594104856515639,1395.966689157623,1406.389866175065,1337.9944214582056,-16.59487679015956,-13.401815041941033,32.85104626708387,,,,,,,8.6,8.69,1.03
MTDR,MTDR,Matador Resources Company Common Stock,NYSE,NYSE,USD,47.79999923706055,-0.36557095756096436,45.54798956410223,44.09674194086609,45.55733408920706,1.32636923654686,1.0576357981661637,66.75174874713898,1.314,4.0,Quarterly,2025-11-10,0.027489540187716627,,1.33,1.5,12.74
MTG,MTG,MGIC Investment Corporation Common Stock,NYSE,NYSE,USD,,,,,,,,,,,,,,,,,
MTH,MTH,Meritage Homes Corporation Common Stock,NYSE,NYSE,USD,80.5999984741211,-0.22057230313390064,74.76225396108512,72.60579756891575,71.51821177341064,1.8833110710605752,1.2482085692161313,73.24973422691022,1.72,4.0,Quarterly,2025-12-17,0.021339950776205718,,7.0,7.09,1.28
MTN,MTN,"Vail Resorts, Inc. Common Stock",NYSE,NYSE,USD,134.32000732421875,-0.24335316625036252,137.3022900871214,139.86717009906542,147.75454118211567,-0.6096163142545947,-1.0958103161549855,45.72554162077084,8.88,4.0,Quarterly,2025-12-30,0.06611077662142802,,-3.43,-3.4,0.92
MTR,MTR,Mesa Royalty Trust Common Stock,NYSE,NYSE,USD,,,,,,,,,,,,,,,,,
MTRN,MTRN,Materion Corporation,NYSE,NYSE,USD,,,,,,,,,,,,,,,,,
MTUS,MTUS,Metallus Inc. Common Shares,NYSE,NYSE,USD,,,,,,,,,,,,,,,,,
MTW,MTW,"Manitowoc Company, Inc. (The) Common Stock",NYSE,NYSE,USD,14.300000190734863,-0.4046052745091949,13.981637619823896,13.183786103994668,11.750898120896945,0.42300014069370206,0.40530514130540957,61.016947021699224,,,,,,,0.15,0.46,211.0
MTX,MTX,Minerals Technologies Inc. Common Stock,NYSE,NYSE,USD,72.97000122070312,-0.2953790652281577,69.83930544681532,66.07411668632508,62.942317957455714,2.4478398820681093,2.1526016899289715,66.78271911252554,0.45999999999999996,4.0,Quarterly,2026-02-13,0.006303960426267449,,1.04,1.14,9.35
MTZ,MTZ,"MasTec, Inc. Common Stock",NYSE,NYSE,USD,,,,,,,,,,,,,,,,,
MUA,MUA,"Blackrock MuniAssets Fund, Inc Common Stock",NYSE,NYSE,USD,11.180000305175781,-0.1215370605608781,11.093936390046544,10.96871506410741,10.833604220465189,0.08733846722276972,0.08473965590553165,80.00021798424518,0.672,12.0,Monthly,2026-02-06,0.06010733288521447,,,,
MUC,MUC,"Blackrock MuniHoldings California Quality Fund, Inc.  Common Stock",NYSE,NYSE,USD,,,,,,,,,,,,,,,,,
MUE,MUE,"Blackrock MuniHoldings Quality Fund II, Inc. Common Stock",NYSE,NYSE,USD,10.069999694824219,-0.11111110096132015,10.091942669185435,10.051299250206638,9.950114082226712,0.020885345528686372,0.025386436533624428,50.980318825674345,0.612,12.0,Monthly,2026-02-06,0.060774579796120144,,,,
MUFG,MUFG,"Mitsubishi UFJ Financial Group, Inc. Common Stock",NYSE,NYSE,USD,19.729999542236328,-0.27970625556893614,18.596172274977587,17.49542979254885,15.581709049908367,0.6756356576595657,0.5997514359636421,79.19253977740881,0.269,1.0,Annual,2025-03-31,0.013634060123729216,,-0.02,0.07,425.0
MUJ,MUJ,"Blackrock MuniHoldings New Jersey Quality Fund, Inc. Common Stock",NYSE,NYSE,USD,,,,,,,,,,,,,,,,,
MUR,MUR,Murphy Oil Corporation Common Stock,NYSE,NYSE,USD,,,,,,,,,,,,,,,,,
MUSA,MUSA,Murphy USA Inc. Common Stock,NYSE,NYSE,USD,,,,,,,,,,,,,,,,,
MUSE,MUSE,TCW Multisector Credit Income ETF,NYSE,NYSE,USD,49.95800018310547,-0.04212973823321353,50.27155758845181,50.32542184793215,50.27204599984208,-0.07581195507466987,-0.014802255509352838,21.46556741985023,3.73,13.0,Monthly,2026-02-02,0.07466271640835999,,,,
MUX,MUX,McEwen Inc. Common Stock,NYSE,NYSE,USD,,,,,,,,,,,,,,,,,
MVF,MVF,"Blackrock MuniVest Fund, Inc. Common Stock",NYSE,NYSE,USD,,,,,,,,,,,,,,,,,
MVO,MVO,MV Oil Trust Units of Beneficial Interests,NYSE,NYSE,USD,1.4600000381469727,-0.8430769260113056,1.5070688686500109,1.8312371203826296,3.6708850813559826,-0.05174275786950333,-0.039844406087719816,40.20619025480183,0.805,4.0,Quarterly,2026-01-16,0.5513698486074723,,0.57,0.6,5.26
MVT,MVT,"Blackrock MuniVest Fund II, Inc.  Common Stock",NYSE,NYSE,USD,,,,,,,,,,,,,,,,,
MWA,MWA,MUELLER WATER PRODUCTS Common Stock,NYSE,NYSE,USD,30.1299991607666,-0.19192634986623236,28.010410826873247,26.54366011142363,25.678852977839792,1.1629013176830085,0.9537154533901777,82.61757694143932,0.274,4.0,Quarterly,2026-02-10,0.009093926572583037,,0.15,0.14,-9.48
MX,MX,Magnachip Semiconductor Corporation Common Stock,NYSE,NYSE,USD,3.009999990463257,-0.548707776095102,2.9550531201313275,2.8866522987890675,3.1669588166059572,0.04648373706712894,0.045633468634201084,54.838705956004844,,,,,,,-0.06,0.02,135.29
MXE,MXE,"Mexico Equity and Income Fund, Inc. (The) Common Stock",NYSE,NYSE,USD,,,,,,,,,,,,,,,,,
MXF,MXF,"Mexico Fund, Inc. (The) Common Stock",NYSE,NYSE,USD,22.729999542236328,-0.10444745113190346,21.95632874170885,21.047381443695702,18.914871277087883,0.5349437377286463,0.4981881735293957,66.41603434948652,1.0699999999999998,4.0,Quarterly,2026-01-21,0.047074352025909726,,,,
MYD,MYD,"Blackrock MuniYield Fund, Inc.  Common Stock",NYSE,NYSE,USD,,,,,,,,,,,,,,,,,
MYE,MYE,"Myers Industries, Inc. Common Stock",NYSE,NYSE,USD,22.079999923706055,-0.30411583886596494,21.197559436187422,20.019666917638624,17.09386196803588,0.6937647628455323,0.639650496796458,66.66666666666666,0.54,4.0,Quarterly,2025-12-03,0.024456521823636078,,0.33,0.41,26.15
MYI,MYI,"Blackrock MuniYield Quality Fund III, Inc Common Stock",NYSE,NYSE,USD,,,,,,,,,,,,,,,,,
MYN,MYN,"Blackrock MuniYield New York Quality Fund, Inc.Common Stock",NYSE,NYSE,USD,,,,,,,,,,,,,,,,,
NABL,NABL,N,NYSE,NYSE,USD,5.349999904632568,-0.4844660345194912,5.978049297474354,6.632074323061979,7.5591440237182,-0.4406278444290157,-0.40568670232946197,21.599987640376156,,,,,,,0.07,0.07,-6.42
NAC,NAC,Nuveen California Quality Municipal Income Fund,NYSE,NYSE,USD,11.880000114440918,-0.09474586221566073,11.888629966235872,11.85923979367032,11.60514382070085,0.008424166297537283,0.007850194148455253,52.00004577636719,0.8879999999999999,12.0,Monthly,2026-02-13,0.07474747402742679,,,,
NAD,NAD,Nuveen Quality Municipal Income Fund Common Stock,NYSE,NYSE,USD,,,,,,,,,,,,,,,,,
NAN,NAN,Nuveen New York Quality Municipal Income Fund Common Stock,NYSE,NYSE,USD,11.539999961853027,-0.086075985226016,11.453263984961957,11.416487693991893,11.402503087016088,0.05312117737718758,0.03307687373673641,74.41864591349939,0.8639999999999999,12.0,Monthly,2026-02-13,0.07487001757851511,,,,
NAT,NAT,Nordic American Tankers Limited Common Stock,NYSE,NYSE,USD,,,,,,,,,,,,,,,,,
NATL,NATL,NCR Atleos Corporation Common Stock,NYSE,NYSE,USD,,,,,,,,,,,,,,,,,
NAZ,NAZ,Nuveen Arizona Quality Municipal Income Fund Common Stock,NYSE,NYSE,USD,,,,,,,,,,,,,,,,,
NBB,NBB,Nuveen Taxable Municipal Income Fund Common Shares of Beneficial Interest,NYSE,NYSE,USD,16.25,-0.09957495191385135,15.960349500522538,15.965051039151005,15.959289561322965,0.06125817735406436,0.00928773224946513,77.27272727272728,1.1640000000000001,12.0,Monthly,2026-02-13,0.07163076923076923,,,,
NBHC,NBHC,National Bank Holdings Corporation Common Stock,NYSE,NYSE,USD,41.84000015258789,-0.2128104421250936,40.96347410723577,39.98118564395752,39.08560764897438,0.515645985111874,0.5199370220205058,62.64461163248783,1.2,4.0,Quarterly,2025-11-28,0.02868068823192338,,0.83,0.91,9.74
NBR,NBR,Nabors Industries Ltd.,NYSE,NYSE,USD,68.0999984741211,-0.4788135596644909,66.28407500032691,60.87157782125216,48.810322350825736,2.2825162030178205,2.753910310985043,53.0833945502508,,,,,,,1.53,4.11,168.94
NBXG,NBXG,Neuberger Berman Next Generation Connectivity Fund Inc. Common Stock,NYSE,NYSE,USD,13.399999618530273,-0.22704268695912766,13.858475074041186,14.237465078595433,14.309802046825356,-0.3195551508680037,-0.2475699928616361,28.879305560865163,1.28,12.0,Monthly,2026-01-15,0.09552239077902241,,,,
NC,NC,"NACCO Industries, Inc. Common Stock",NYSE,NYSE,USD,55.5,-0.18979913307972618,52.08377705607542,49.61022453369355,43.64614778467327,1.8526798573660699,1.5026777151862416,75.36873293267763,0.987,4.0,Quarterly,2025-12-01,0.017783783783783782,,,,
NCA,NCA,Nuveen California Municipal Value Fund,NYSE,NYSE,USD,,,,,,,,,,,,,,,,,
NCDL,NCDL,Nuveen Churchill Direct Lending Corp. Common Stock,NYSE,NYSE,USD,14.050000190734863,-0.2661426116369261,13.715539355899475,13.843459149902557,14.876907221236072,0.0748266847324679,-0.032498114065017215,65.4545604296045,1.8,4.0,Quarterly,2025-12-31,0.1281138772643571,,0.62,0.66,6.45
NCLH,NCLH,Norwegian Cruise Line Holdings Ltd. Ordinary Shares,NYSE,NYSE,USD,21.489999771118164,-0.4301470748074735,22.422482429146005,22.074201066454712,22.19746142830953,0.1769201153938056,0.1742706492113949,52.84090583622648,,,,,,,-0.7,-0.64,8.9
NCV,NCV,Virtus Convertible & Income Fund Common Shares of Beneficial Interest,NYSE,NYSE,USD,16.530000686645508,-0.17124731665677928,16.111050679926045,15.767990988726549,15.006020098515888,0.23698635498339016,0.1948582544506397,63.1818278367779,1.6320000000000001,12.0,Monthly,2026-02-12,0.09872957847596966,,,,
NCV$A,NCV$A,Virtus Convertible & Income Fund 5.625% Series A Cumulative Preferred Shares,NYSE,NYSE,USD,,,,,,,,,,,,,,,,,
NCZ,NCZ,Virtus Convertible & Income Fund II Common Shares of Beneficial Interest,NYSE,NYSE,USD,14.890000343322754,-0.2036474419642792,14.551644047491177,14.276542760609477,13.635598602740194,0.1858838171243118,0.1556663292016502,66.89189711655192,1.44,12.0,Monthly,2026-02-12,0.09670919857605988,,,,
NCZ$A,NCZ$A,Virtus Convertible & Income Fund II 5.50% Series A Cumulative Preferred Shares,NYSE,NYSE,USD,,,,,,,,,,,,,,,,,
NDMO,NDMO,Nuveen Dynamic Municipal Opportunities Fund Common Shares of Beneficial Interest,NYSE,NYSE,USD,,,,,,,,,,,,,,,,,
NE,NE,Noble Corporation plc A Ordinary Shares,NYSE,NYSE,USD,,,,,,,,,,,,,,,,,
NE.A,NE.A,Noble Corporation plc Tranche 2 Warrants,NYSE,NYSE,USD,,,,,,,,,,,,,,,,,
NE.W,NE.W,Noble Corporation plc Tranche 1 Warrants,NYSE,NYSE,USD,,,,,,,,,,,,,,,,,
NEA,NEA,Nuveen AMT,NYSE,NYSE,USD,11.75,-0.11293106694283761,11.705994822382776,11.640960392961658,11.410621130828478,0.03298573422285145,0.02474610098059324,79.06974681073793,0.846,12.0,Monthly,2026-02-13,0.072,,,,
NEE,NEE,"NextEra Energy, Inc. Common Stock",NYSE,NYSE,USD,,,,,,,,,,,,,,,,,
NEE$N,NEE$N,"NextEra Energy, Inc. Series N Junior Subordinated Debentures due March 1, 2079",NYSE,NYSE,USD,,,,,,,,,,,,,,,,,
NEE$S,NEE$S,"NextEra Energy, Inc. 7.299% Corporate Units",NYSE,NYSE,USD,,,,,,,,,,,,,,,,,
NEE$T,NEE$T,"NextEra Energy, Inc. 7.234% Corporate Units",NYSE,NYSE,USD,,,,,,,,,,,,,,,,,
NEE$U,NEE$U,"NextEra Energy, Inc. Series U Junior Subordinated Debentures due June 1, 2085",NYSE,NYSE,USD,,,,,,,,,,,,,,,,,
NEM,NEM,Newmont Corporation,NYSE,NYSE,USD,125.80000305175781,-0.1998575359779884,118.23369982212094,109.83367290705371,85.68228543832538,3.234280856385382,3.5158722832751925,49.913373428599066,1.0,4.0,Quarterly,2025-11-26,0.007949125403348127,,0.36,0.27,-24.24
NET,NET,"Cloudflare, Inc. Class A Common Stock",NYSE,NYSE,USD,,,,,,,,,,,,,,,,,
NEU,NEU,NewMarket Corp Common Stock,NYSE,NYSE,USD,,,,,,,,,,,,,,,,,
NEXA,NEXA,Nexa Resources S.A. Common Shares,NYSE,NYSE,USD,11.930000305175781,-0.2544000244140625,12.140474374526754,10.588548250834636,7.495725653721816,0.40917680934620115,0.7399149060270139,31.746031964468813,0.101,1.0,Annual,2025-06-10,0.008466051753257842,,0.06,-0.15,-350.0
NFG,NFG,National Fuel Gas Company Common Stock,NYSE,NYSE,USD,87.33999633789062,-0.16784040921948662,83.98297328601673,82.82793068202935,82.14710070764832,1.2504013297401428,0.9598578195338989,76.62648520357607,2.12,4.0,Quarterly,2025-12-31,0.024272957280630003,,1.76,1.84,4.84
NFJ,NFJ,"Virtus Dividend, Interest & Premium Strategy Fund Common Shares of Beneficial Interest",NYSE,NYSE,USD,13.800000190734863,-0.18083456528553155,13.513708255131052,13.283276280302491,12.900699691173816,0.14260726564279302,0.12762118022621693,69.76739286165774,1.22,4.0,Quarterly,2025-12-11,0.08840579587956034,,,,
NGG,NGG,"National Grid Transco, PLC National Grid PLC (NEW) American Depositary Shares",NYSE,NYSE,USD,92.4000015258789,-0.09583510260375772,86.24368338719019,81.9286637249955,75.00095069403304,3.1004161551083627,2.568937400337953,87.94437261175977,3.1210000000000004,2.0,Semi-Annual,2025-11-21,0.033777055719267354,,,,
NGL,NGL,NGL ENERGY PARTNERS LP Common Units representing Limited Partner Interests,NYSE,NYSE,USD,12.0,-0.43434342218046174,11.374162490998511,10.389525171799159,7.6757107540904075,0.5301553121853093,0.5373914376903176,61.47958674762518,,,,,,,0.06,-0.04,-166.67
NGL$B,NGL$B,NGL ENERGY PARTNERS LP 9.00% Class B Fixed,NYSE,NYSE,USD,,,,,,,,,,,,,,,,,
NGL$C,NGL$C,NGL ENERGY PARTNERS LP 9.625% Class C Fixed,NYSE,NYSE,USD,,,,,,,,,,,,,,,,,
NGS,NGS,"Natural Gas Services Group, Inc. Common Stock",NYSE,NYSE,USD,37.11000061035156,-0.3754499657082343,35.42093685293517,33.84044260054329,29.55612425442748,0.8078229528519785,0.6419199397267343,62.69925822146658,0.21000000000000002,2.0,Semi-Annual,2025-11-20,0.00565885196836731,,-0.06,0.03,146.15
NGVC,NGVC,"Natural Grocers by Vitamin Cottage, Inc. Common Stock",NYSE,NYSE,USD,26.84000015258789,-0.6031135182739894,26.145682539714247,27.112053427011585,34.234333671847104,-0.0759349352663854,-0.006663442709094065,53.16326798721298,0.51,4.0,Quarterly,2025-12-01,0.019001490204940488,,0.15,0.09,-40.0
NGVT,NGVT,Ingevity Corporation Common Stock ,NYSE,NYSE,USD,76.56999969482422,-0.388581955927327,70.30844521122097,64.78295848155182,55.23639274160762,3.348657853754432,2.895823950288487,71.47061648255874,,,,,,,1.13,1.09,-3.66
NHI,NHI,"National Health Investors, Inc. Common Stock",NYSE,NYSE,USD,,,,,,,,,,,,,,,,,
NI,NI,NiSource Inc Common Stock,NYSE,NYSE,USD,46.36000061035156,-0.09992721265165694,44.2304502135568,43.37215107169673,42.023346803638546,0.672214466688942,0.5437164654070388,78.55480674410478,1.1400000000000001,4.0,Quarterly,2026-02-03,0.024590163610684973,,0.11,0.1,-11.74
NIC,NIC,Nicolet Bankshares Inc. Common Stock,NYSE,NYSE,USD,155.19000244140625,-0.1806851512349067,146.27501227934366,137.92976747699055,129.416040267788,5.873028499129759,5.665518398571868,77.95459028798054,1.24,4.0,Quarterly,2025-12-08,0.007990205428781897,,1.82,1.71,-6.17
NIE,NIE,Virtus Equity & Convertible Income Fund Common Shares of Beneficial Interest,NYSE,NYSE,USD,,,,,,,,,,,,,,,,,
NIM,NIM,Nuveen Select Maturities Municipal Fund Common Stock,NYSE,NYSE,USD,9.699999809265137,-0.053418805378193546,9.561096175587222,9.442046120832469,9.288207958914882,0.10203832551933623,0.08115207211488258,81.15939224648488,0.342,12.0,Monthly,2026-02-13,0.035257732652049366,,,,
NINE,NINE,"Nine Energy Service, Inc. Common Stock",NYSE,NYSE,USD,0.01850000023841858,-0.9887692300925064,0.2212021011979438,0.34623260617302776,0.582844752336419,-0.1193971098247826,-0.07946267835603542,23.689941489993927,,,,,,,0.08,0.03,-62.5
NIO,NIO,"NIO Inc. American depositary shares, each  representing one Class A ordinary share",NYSE,NYSE,USD,4.949999809265137,-0.4372623406395384,4.819076964769618,5.032013750634159,5.213997400720275,0.014725206641372779,-0.046698239434412786,59.999988780304044,,,,,,,-1.15,-1.34,-16.28
NIQ,NIQ,NIQ Global Intelligence plc Ordinary Shares,NYSE,NYSE,USD,10.770000457763672,-0.47112463518575154,13.487091878497905,14.871465120563297,16.283943093521458,-1.658008184689658,-1.1451201636945514,9.163814565542978,,,,,,,,,
NJR,NJR,NewJersey Resources Corporation Common Stock,NYSE,NYSE,USD,54.22999954223633,-0.11687012227184645,50.91078761585654,48.82675595406589,47.17179792120203,1.6891689201313653,1.374083868169636,84.66257237980541,1.85,4.0,Quarterly,2025-12-12,0.03411395935121024,,1.21,1.16,-4.13
NKE,NKE,"Nike, Inc. Common Stock",NYSE,NYSE,USD,,,,,,,,,,,,,,,,,
NKX,NKX,Nuveen California AMT,NYSE,NYSE,USD,,,,,,,,,,,,,,,,,
NL,NL,"NL Industries, Inc. Common Stock",NYSE,NYSE,USD,6.300000190734863,-0.4244762992472386,6.157984655874298,5.990200561035251,6.248294625225857,0.10750597488262414,0.10694983779129055,58.53658749332355,0.57,5.0,Irregular,2025-11-21,0.09047618773698994,,,,
NLOP,NLOP,Net Lease Office Properties Common Shares of Beneficial Interest,NYSE,NYSE,USD,19.799999237060547,-0.4521354944482392,19.84720359713117,22.09769244544158,27.11466069355499,-0.6619693840325915,-0.9562172297150304,72.90076752669745,12.299999999999999,3.0,Irregular,2026-01-02,0.6212121451488511,,,,
NLY,NLY,Annaly Capital Management Inc. Common Stock,NYSE,NYSE,USD,,,,,,,,,,,,,,,,,
NLY$F,NLY$F,Annaly Capital Management Inc 6.95% Series F,NYSE,NYSE,USD,,,,,,,,,,,,,,,,,
NLY$G,NLY$G,Annaly Capital Management Inc 6.50% Series G Fixed,NYSE,NYSE,USD,,,,,,,,,,,,,,,,,
NLY$I,NLY$I,Annaly Capital Management Inc 6.750% Series I Fixed,NYSE,NYSE,USD,,,,,,,,,,,,,,,,,
NLY$J,NLY$J,Annaly Capital Management Inc. 8.875% Series J Fixed,NYSE,NYSE,USD,,,,,,,,,,,,,,,,,
NMAI,NMAI,Nuveen Multi,NYSE,NYSE,USD,13.680000305175781,-0.1515390737752511,13.55384093387239,13.329568124428752,12.933186896103722,0.15751711369316013,0.14051901314807413,62.595422070216664,1.522,10.0,Irregular,2026-02-13,0.1112573074595734,,,,
NMAX,NMAX,"Newsmax, Inc. Class B Common Stock",NYSE,NYSE,USD,5.400000095367432,-0.9772532180655156,6.583153474802404,7.6571103391064534,19.124965404398154,-0.6277056649366903,-0.5213301371891985,13.380272703919289,,,,,,,,,
NMCO,NMCO,Nuveen Municipal Credit Opportunities Fund Common Shares,NYSE,NYSE,USD,,,,,,,,,,,,,,,,,
NMG,NMG,Nouveau Monde Graphite Inc. Common Shares,NYSE,NYSE,USD,,,,,,,,,,,,,,,,,
NMI,NMI,"Nuveen Municipal Income Fund, Inc. Common Stock",NYSE,NYSE,USD,,,,,,,,,,,,,,,,,
NMM,NMM,Navios Maritime Partners LP Common Units Representing Limited Partner Interests,NYSE,NYSE,USD,61.939998626708984,-0.3471823002093405,59.37450741750542,56.172950513179075,49.220659133614845,1.785195669944443,1.7676430015010944,64.03509970505786,0.1,2.0,Semi-Annual,2025-08-11,0.0016144656476772873,,4.93,3.68,-25.29
NMR,NMR,Nomura Holdings Inc ADR American Depositary Shares,NYSE,NYSE,USD,9.539999961853027,-0.2677515322978161,9.077380741098791,8.652450846935805,7.601739220778051,0.18078333337703079,0.15175317292714835,60.0,0.238,1.0,Annual,2025-03-31,0.024947589198288784,,,,
NMS,NMS,Nuveen Minnesota Quality Municipal Income Fund ,NYSE,NYSE,USD,,,,,,,,,,,,,,,,,
NMT,NMT,Nuveen Massachusetts Quality Municipal Income Fund Common Stock,NYSE,NYSE,USD,11.8100004196167,-0.08545603577101468,11.697106140060201,11.601540411398108,11.595471875268439,0.07870116234852631,0.0715175406043711,60.86958324522231,0.8099999999999999,12.0,Monthly,2026-02-13,0.06858594167825516,,,,
NMZ,NMZ,"Nuveen Municipal High Income Opportunity Fund Common Stock, $0.01 par value, per share",NYSE,NYSE,USD,,,,,,,,,,,,,,,,,
NNI,NNI,"Nelnet, Inc. Common Stock",NYSE,NYSE,USD,,,,,,,,,,,,,,,,,
NNN,NNN,"NNN REIT, Inc. Common Stock",NYSE,NYSE,USD,,,,,,,,,,,,,,,,,
NNY,NNY,Nuveen New York Municipal Value Fund Common Stock,NYSE,NYSE,USD,8.5,-0.047846846286744515,8.50649402070394,8.50358249188096,8.367949138763926,-0.014411189714957473,-0.017149047466283374,56.25001241757215,0.36,12.0,Monthly,2026-02-13,0.042352941176470586,,,,
NOA,NOA,North American Construction Group Ltd. Common Shares (no par),NYSE,NYSE,USD,,,,,,,,,,,,,,,,,
NOAH,NOAH,Noah Holdings Limited American Depositary Shares,NYSE,NYSE,USD,,,,,,,,,,,,,,,,,
NOC,NOC,Northrop Grumman Corporation Common Stock,NYSE,NYSE,USD,702.5700073242188,-0.1556098828180149,678.2497955315675,640.4504649450762,576.4189670248833,20.184487483612884,23.154510131248642,63.569962932095535,8.99,4.0,Quarterly,2025-12-01,0.012795877857409498,,6.11,5.89,-3.63
NOG,NOG,"Northern Oil and Gas, Inc. Common Stock",NYSE,NYSE,USD,,,,,,,,,,,,,,,,,
NOK,NOK,Nokia Corporation Sponsored American Depositary Shares,NYSE,NYSE,USD,7.03000020980835,-0.25414358770357237,6.844214129273221,6.586011766659449,5.812856389288025,0.1582727031174862,0.1280587739152941,52.54237938803636,0.093,2.0,Semi-Annual,2025-07-29,0.013229018097360106,,0.1,0.1,0.86
NOM,NOM,Nuveen Missouri Quality Municipal Income Fund ,NYSE,NYSE,USD,11.109999656677246,-0.15748032744319174,11.367937583835213,11.376162920223422,11.14147665200344,-0.08280741051450491,-0.027921500027311183,39.814801732861675,0.774,12.0,Monthly,2026-02-13,0.06966696884952796,,,,
NOMD,NOMD,Nomad Foods Limited Ordinary Shares,NYSE,NYSE,USD,12.899999618530273,-0.45715681005148545,12.61058498471095,12.463535341974824,14.091442288792921,0.2031096530754084,0.1651447869438723,69.99998092651367,0.68,4.0,Quarterly,2026-02-11,0.05271317985337073,,0.43,0.52,21.84
NOTE,NOTE,"FiscalNote Holdings, Inc. Class A common stock",NYSE,NYSE,USD,0.9179999828338623,-0.958333335214793,1.2508570262437915,1.7289579462048221,5.218312206382837,-0.1834975923754374,-0.16694142078732332,28.451181441242213,,,,,,,-0.33,-3.06,-813.43
NOTE.W,NOTE.W,"FiscalNote Holdings, Inc. Warrants to purchase one share of Class A common stock, each at an exercise price of $11.50 per share",NYSE,NYSE,USD,,,,,,,,,,,,,,,,,
NOV,NOV,NOV Inc. Common Stock,NYSE,NYSE,USD,19.200000762939453,-0.2887324111347399,18.531652577141173,17.398229455174913,15.278329186957581,0.5298325464783389,0.5615395132093542,54.85437327686593,0.51,5.0,Irregular,2025-12-05,0.026562498944501124,,0.22,0.32,44.86
NOW,NOW,"ServiceNow, Inc. Common Stock",NYSE,NYSE,USD,,,,,,,,,,,,,,,,,
NP,NP,Neptune Insurance Holdings Inc. Class A Common Stock,NYSE,NYSE,USD,,,,,,,,,,,,,,,,,
NPB,NPB,"Northpointe Bancshares, Inc. Common Stock",NYSE,NYSE,USD,,,,,,,,,,,,,,,,,
NPCT,NPCT,Nuveen Core Plus Impact Fund Common Shares of Beneficial Interest,NYSE,NYSE,USD,10.579999923706055,-0.11230907341844087,10.412172659133557,10.387907933200884,10.575989136652387,0.08259698693488282,0.05106804751531524,92.68298923510639,1.302,12.0,Monthly,2026-02-13,0.12306238273997304,,,,
NPFD,NPFD,Nuveen Variable Rate Preferred & Income Fund Common Shares,NYSE,NYSE,USD,19.56999969482422,-0.09963483775746351,19.507237578326656,19.425295027843493,19.35198534792403,0.11830061258236668,0.09714118439229022,66.9999427797593,1.983,12.0,Monthly,2026-02-13,0.1013285657088924,,,,
NPK,NPK,"National Presto Industries, Inc. Common Stock",NYSE,NYSE,USD,124.47000122070312,-0.23317151318025142,124.43887690750483,117.46499781929879,107.19245544375197,2.9679182954538987,4.400566264823992,53.844026093550426,1.0,1.0,Annual,2025-03-04,0.008034064354405018,,,,
NPKI,NPKI,NPK International Inc. Common Stock,NYSE,NYSE,USD,14.4399995803833,-0.29386595611356914,13.894028609223385,13.252637566320528,11.116305681770237,0.34280962555692085,0.34646867589210284,59.80148900990851,,,,,,,0.08,0.08,6.67
NPO,NPO,Enpro Inc. Common Stock,NYSE,NYSE,USD,,,,,,,,,,,,,,,,,
NPV,NPV,Nuveen Virginia Quality Municipal Income Fund Common Stock,NYSE,NYSE,USD,,,,,,,,,,,,,,,,,
NPWR,NPWR,NET Power Inc. Class A Common Stock,NYSE,NYSE,USD,2.130000114440918,-0.8161764671508278,2.251772462874896,2.4732682416482854,3.146577795952263,-0.13462843041294636,-0.11802834686088043,37.362657228440746,,,,,,,-0.08,-0.74,-830.82
NPWR.W,NPWR.W,"NET Power Inc. Redeemable warrants, each whole warrant exercisable for one share of Class A Common Stock at an exercise price of $11.50",NYSE,NYSE,USD,,,,,,,,,,,,,,,,,
NQP,NQP,Nuveen Pennsylvania Quality Municipal Income Fund Common Stock,NYSE,NYSE,USD,12.010000228881836,-0.09298397198341846,12.00274825155923,11.98085555311085,11.722122119760042,0.022920553036717806,0.011163186599818927,65.11631517431196,0.9359999999999999,12.0,Monthly,2026-02-13,0.07793505263630991,,,,
NRDY,NRDY,Nerdy Inc. Class A Common Stock,NYSE,NYSE,USD,1.0,-0.5712820488053824,1.0285465224555788,1.071593361094429,1.281784851054661,-0.019141678783275662,-0.021556551565015465,45.39170582859723,,,,,,,-0.29,-0.18,38.72
NREF,NREF,"NexPoint Real Estate Finance, Inc. Common Stock",NYSE,NYSE,USD,15.079999923706055,-0.23234758592047478,14.764816169088986,14.534283471486503,14.474804173114137,0.14018261806653953,0.1361811037262994,67.90126509251246,2.0,4.0,Quarterly,2025-12-15,0.1326259953659523,,0.4,0.48,20.0
NREF$A,NREF$A,"NexPoint Real Estate Finance, Inc. 8.50% Series A Cumulative Redeemable Preferred Stock",NYSE,NYSE,USD,,,,,,,,,,,,,,,,,
NRG,NRG,"NRG Energy, Inc. Common Stock",NYSE,NYSE,USD,172.35000610351562,-0.2622430136814773,155.80470025026153,156.83433408640832,151.0618773309994,1.8096952235383696,-0.5476619116907182,71.28752835308148,1.795,4.0,Quarterly,2026-02-02,0.010414853126967109,,1.43,0.29,-79.74
NRGV,NRGV,"Energy Vault Holdings, Inc. Common Stock",NYSE,NYSE,USD,,,,,,,,,,,,,,,,,
NRK,NRK,Nuveen New York AMT,NYSE,NYSE,USD,,,,,,,,,,,,,,,,,
NRP,NRP,Natural Resource Partners LP Limited Partnership,NYSE,NYSE,USD,125.41000366210938,-0.18742021996859504,118.50301180004601,112.87351052720577,105.96685863963998,3.7473142190002307,3.2583632133643388,87.04191174267768,4.21,5.0,Irregular,2025-11-18,0.03356988977803518,,,,
NRT,NRT,North European Oil Royality Trust Common Stock,NYSE,NYSE,USD,,,,,,,,,,,,,,,,,
NRUC,NRUC,National Rural Utilities Cooperative Finance Corporation 5.500% Subordinated Notes due 2064 (Subordinated Deferrable Interest Notes),NYSE,NYSE,USD,24.43000030517578,-0.06350876723128307,24.35114858987397,24.158331491384033,23.912495269848304,0.043340035809642075,0.08160716161105748,40.66670735677084,1.376,4.0,Quarterly,2026-01-30,0.05632419086415149,,,,
NSA,NSA,National Storage Affiliates Trust Common Shares of Beneficial Interest,NYSE,NYSE,USD,33.470001220703125,-0.3046223647249482,32.387005205400676,31.341874562961458,31.89533700044057,0.65621607702397,0.6453680195758078,68.09952027244832,2.28,4.0,Quarterly,2025-12-15,0.06812070262458456,,0.28,0.24,-14.29
NSA$A,NSA$A,National Storage Affiliates Trust 6.000% Series A Cumulative Redeemable Preferred Shares of Beneficial Interest (Liquidation Preference $25.00 per share),NYSE,NYSE,USD,,,,,,,,,,,,,,,,,
NSA$B,NSA$B,National Storage Affiliates Trust 6.000% Series B Cumulative Redeemable Preferred Shares of Beneficial Interest,NYSE,NYSE,USD,,,,,,,,,,,,,,,,,
NSC,NSC,Norfolk Southern Corporation Common Stock,NYSE,NYSE,USD,,,,,,,,,,,,,,,,,
NSP,NSP,"Insperity, Inc. Common Stock",NYSE,NYSE,USD,25.68000030517578,-0.7274174657177312,37.329645954195314,39.749069085031486,50.62621073271447,-3.4254464186014033,-1.3654513970892004,12.053238082916124,2.4,4.0,Quarterly,2025-12-09,0.09345794281459888,,0.97,1.23,27.46
NTB,NTB,Bank of N.T. Butterfield & Son Limited (The) Voting Ordinary Shares,NYSE,NYSE,USD,,,,,,,,,,,,,,,,,
NTR,NTR,Nutrien Ltd. Common Shares,NYSE,NYSE,USD,,,,,,,,,,,,,,,,,
NTST,NTST,NetSTREIT Corp. Common Stock,NYSE,NYSE,USD,,,,,,,,,,,,,,,,,
NTZ,NTZ,"Natuzzi, S.p.A.",NYSE,NYSE,USD,,,,,,,,,,,,,,,,,
NU,NU,Nu Holdings Ltd. Class A Ordinary Shares,NYSE,NYSE,USD,16.81999969482422,-0.29927003539245545,17.42919172896011,17.11029339050661,15.411930127916516,-0.011914444112996136,0.12834468757925394,35.77405991306007,,,,,,,0.01,0.01,62.5
NUE,NUE,Nucor Corporation Common Stock,NYSE,NYSE,USD,183.22999572753906,-0.27575078496788774,183.2764374472958,172.80812214347918,152.05024878053865,5.582933175307318,5.774436571114812,55.52907575743347,2.21,4.0,Quarterly,2025-12-31,0.012061343947670255,,4.19,4.89,16.65
NUS,NUS,"Nu Skin Enterprises, Inc. Common Stock",NYSE,NYSE,USD,8.359999656677246,-0.3489096917968264,10.220506541725351,10.336286528403878,9.816004586880831,-0.22946215492804,-0.04157684886053311,25.140720565877473,0.24,4.0,Quarterly,2025-11-28,0.028708135150257896,,0.78,0.47,-39.59
NUV,NUV,"Nuveen Municipal Value Fund, Inc. Common Stock",NYSE,NYSE,USD,,,,,,,,,,,,,,,,,
NUVB,NUVB,Nuvation Bio Inc. Class A Common Stock,NYSE,NYSE,USD,,,,,,,,,,,,,,,,,
NUVB.W,NUVB.W,Nuvation Bio Inc. Warrants,NYSE,NYSE,USD,,,,,,,,,,,,,,,,,
NUW,NUW,Nuveen AMT,NYSE,NYSE,USD,,,,,,,,,,,,,,,,,
NVG,NVG,Nuveen AMT,NYSE,NYSE,USD,,,,,,,,,,,,,,,,,
NVGS,NVGS,Navigator Holdings Ltd. Ordinary Shares (Marshall Islands),NYSE,NYSE,USD,,,,,,,,,,,,,,,,,
NVO,NVO,Novo Nordisk A/S Common Stock,NYSE,NYSE,USD,,,,,,,,,,,,,,,,,
NVR,NVR,"NVR, Inc. Common Stock",NYSE,NYSE,USD,7507.43017578125,-0.17215031906604827,7792.851389543799,7651.679611159816,7574.936960374413,107.67343338638784,116.51128609170163,45.3307651704621,,,,,,,121.71,118.51,-2.63
NVRI,NVRI,Enviri Corporation Common Stock,NYSE,NYSE,USD,18.920000076293945,-0.467829871991324,18.905104946361092,17.95675678523414,13.854195371237864,0.2532081968215181,0.31019940680406977,55.27275123284251,,,,,,,-0.04,0.01,125.21
NVS,NVS,Novartis AG Common Stock,NYSE,NYSE,USD,163.10000610351562,-0.11776413123033935,152.8516892654195,144.7320549539027,129.8608539696351,5.244825975059939,4.390392026562119,77.41175344219917,3.994,1.0,Annual,2025-03-12,0.02448804322830684,,1.55,1.58,1.9
NVST,NVST,Envista Holdings Corporation Common Stock,NYSE,NYSE,USD,28.969999313354492,-0.3336342897029263,26.235493749076955,24.057090036628747,21.493663418587236,1.6867144471153068,1.2088141598431303,73.5181625706389,,,,,,,0.47,0.47,-0.24
NVT,NVT,nVent Electric plc Ordinary Shares ,NYSE,NYSE,USD,113.25,-0.3434049510827667,112.3793921760253,109.05451116804687,94.81166715547423,1.4884229343808926,1.991652075901252,54.50860877053121,0.81,4.0,Quarterly,2026-01-23,0.007152317880794703,,0.54,0.57,6.21
NWAX.U,NWAX.U,"New America Acquisition I Corp. Units, each consisting of one share of Class A Common Stock and one",NYSE,NYSE,USD,,,,,,,,,,,,,,,,,
NWG,NWG,"NatWest Group plc American Depositary Shares, (each representing two (2) Ordinary Shares)",NYSE,NYSE,USD,16.06999969482422,-0.15910899352078056,17.419089375531883,17.171888645147046,15.294987020661093,-0.21063165035997145,0.07546974296716887,33.747789018217375,0.645,2.0,Semi-Annual,2025-08-08,0.040136901820087764,,,,
NWN,NWN,Northwest Natural Holding Company Common Stock,NYSE,NYSE,USD,,,,,,,,,,,,,,,,,
NX,NX,Quanex Building Products Corporation Common Stock,NYSE,NYSE,USD,22.040000915527344,-0.5127760967667592,20.020040417537157,17.949671701517662,17.451231639929915,1.387588725491998,1.2167698010205064,86.40168357409948,0.32,4.0,Quarterly,2025-12-15,0.014519055658230832,,0.41,0.66,60.98
NXC,NXC,Nuveen California Select Tax,NYSE,NYSE,USD,13.289999961853027,-0.06043103828921703,13.212906639482977,13.17667447277325,13.050208508441282,0.020868921142156438,0.006601718574372801,62.37630493571633,0.39949999999999997,9.0,Irregular,2025-12-15,0.030060195722099732,,,,
NXDR,NXDR,"Nextdoor Holdings, Inc. Class A Common Stock",NYSE,NYSE,USD,1.600000023841858,-0.5054545402526855,1.8192579590923317,1.9139621649978793,1.9700046423568178,-0.1000716585826098,-0.07090861889404494,16.393446147009286,,,,,,,,,
NXDT,NXDT,NexPoint Diversified Real Estate Trust Common Stock,NYSE,NYSE,USD,,,,,,,,,,,,,,,,,
NXDT$A,NXDT$A,NexPoint Diversified Real Estate Trust 5.50% Series A Cumulative Preferred Shares ($25.00 liquidation preference per share),NYSE,NYSE,USD,,,,,,,,,,,,,,,,,
NXE,NXE,Nexgen Energy Ltd. Common Shares,NYSE,NYSE,USD,11.619999885559082,-0.33983741791519817,11.730488347242163,10.888829632821693,8.731960813008152,0.20356546639659,0.39238851731258084,45.894424318308026,,,,,,,-0.02,-0.01,50.0
NXG,NXG,NXG NextGen Infrastructure Income Fund Common Shares of Beneficial Interest,NYSE,NYSE,USD,,,,,,,,,,,,,,,,,
NXJ,NXJ,Nuveen New Jersey Qualified Municipal Fund ,NYSE,NYSE,USD,12.59000015258789,-0.10227267097554071,12.476174841076453,12.503092239988993,12.235127106220016,0.008958022159204049,-0.0272542221359103,85.71431004269392,0.948,12.0,Monthly,2026-02-13,0.07529785452823345,,,,
NXN,NXN,Nuveen New York Select Tax,NYSE,NYSE,USD,12.140000343322754,-0.049789040809694374,12.096701527763903,12.076208838278621,11.888128980754905,0.0020376964014356957,-0.004106107356986734,52.37534318566912,0.378,9.0,Irregular,2025-12-15,0.031136737175457136,,,,
NXP,NXP,Nuveen Select Tax Free Income Portfolio Common Stock,NYSE,NYSE,USD,14.510000228881836,-0.0802968694256384,14.256975174650881,14.228541938955662,14.268718463183973,0.07938200859935307,0.028769045005509787,98.27582521478193,0.636,12.0,Monthly,2026-02-13,0.04383183941886203,,,,
NXRT,NXRT,"NexPoint Residential Trust, Inc. Common Stock",NYSE,NYSE,USD,29.760000228881836,-0.33748528696789115,30.296106180481416,30.374573124023495,32.418581972219755,-0.004490057743527842,0.04705597315127098,46.45670000874077,2.06,4.0,Quarterly,2025-12-15,0.06922042957515796,,0.37,-0.02,-105.37
NYC,NYC,American Strategic Investment Co. Class A Common Stock,NYSE,NYSE,USD,8.270000457763672,-0.5451693732211715,9.298084507000858,9.18502549785745,9.961818381487875,-0.16046687467265563,0.09181830483373761,34.12139322568325,,,,,,,,,
NYT,NYT,New York Times Company (The) Common Stock,NYSE,NYSE,USD,72.94000244140625,-0.11767555812345465,71.07001739448833,69.1871377497443,61.651986159319534,0.3472443154519169,0.3757552045299226,50.30427302810599,0.72,4.0,Quarterly,2026-01-06,0.009871126623259799,,0.13,0.21,59.26
NZF,NZF,Nuveen Municipal Credit Income Fund ,NYSE,NYSE,USD,12.970000267028809,-0.10638293715015501,12.695857473410864,12.612659168512891,12.422664658166092,0.10759008254521696,0.04332390580297388,90.62499379118925,0.96,12.0,Monthly,2026-02-13,0.0740169606966337,,,,
O,O,Realty Income Corporation Common Stock,NYSE,NYSE,USD,,,,,,,,,,,,,,,,,
OAK$A,OAK$A,"Brookfield Oaktree Holdings, LLC 6.625% Series A Preferred Units",NYSE,NYSE,USD,,,,,,,,,,,,,,,,,
OAK$B,OAK$B,"Brookfield Oaktree Holdings, LLC 6.550% Series B Preferred Units",NYSE,NYSE,USD,,,,,,,,,,,,,,,,,
OBDC,OBDC,Blue Owl Capital Corporation Common Stock,NYSE,NYSE,USD,11.470000267028809,-0.30242969258821284,11.886614524584404,12.284849118411206,13.264855974517175,-0.244679970871033,-0.2635730745999324,37.68545716953901,1.56,7.0,Irregular,2025-12-31,0.13600697155032437,,0.46,0.48,4.35
OBK,OBK,"Origin Bancorp, Inc. Common Stock",NYSE,NYSE,USD,,,,,,,,,,,,,,,,,
OC,OC,Owens Corning Inc Common Stock New,NYSE,NYSE,USD,,,,,,,,,,,,,,,,,
ODC,ODC,Oil,NYSE,NYSE,USD,64.4000015258789,-0.32941522814224533,61.047432295352486,57.547958893058755,55.04075111970172,3.065665112517138,2.835760192514301,79.57878314587626,0.6699999999999999,4.0,Quarterly,2025-11-07,0.010403726461571013,,,,
ODV,ODV,Osisko Development Corp. Common Shares,NYSE,NYSE,USD,3.700000047683716,-0.22340423305847346,3.708235197329137,3.611604368241313,2.9968079245678885,0.04670612722566103,0.03311272441272621,46.72489492146713,,,,,,,,,
OEC,OEC,Orion S.A. Common Shares,NYSE,NYSE,USD,7.110000133514404,-0.7128712861938297,6.697425407736403,6.243969008713432,8.021691907430737,0.37879187807499726,0.35255247497278064,62.46153575287808,0.063,3.0,Irregular,2025-07-07,0.008860759327280027,,0.53,0.74,40.52
OFG,OFG,OFG Bancorp Common Stock,NYSE,NYSE,USD,41.90999984741211,-0.18297777592836317,41.026395407017404,40.96521132186196,41.45679624810688,0.31880694826278244,0.0457351439976007,85.73576489065381,0.8999999999999999,3.0,Irregular,2025-09-30,0.021474588481907947,,0.85,0.87,2.35
OGE,OGE,OGE Energy Corp Common Stock,NYSE,NYSE,USD,,,,,,,,,,,,,,,,,
OGN,OGN,Organon & Co. Common Stock ,NYSE,NYSE,USD,,,,,,,,,,,,,,,,,
OGS,OGS,"ONE Gas, Inc. Common Stock",NYSE,NYSE,USD,86.04000091552734,-0.12029984327771848,81.34447981962717,79.92014677131111,77.727387137192,1.676081929582537,1.0657711900190576,81.0572654651441,2.68,4.0,Quarterly,2025-11-14,0.03114830278339002,,0.42,0.45,6.72
OHI,OHI,"Omega Healthcare Investors, Inc. Common Stock",NYSE,NYSE,USD,,,,,,,,,,,,,,,,,
OI,OI,O,NYSE,NYSE,USD,14.789999961853027,-0.2854430490150567,15.6145026636165,15.074413671515222,13.753815520798778,0.12395737461123879,0.2536883291653307,41.33015653177719,,,,,,,0.85,1.29,51.13
OIA,OIA,Invesco Municipal Income Opportunities Trust Common Stock,NYSE,NYSE,USD,6.340000152587891,-0.10967739504160101,6.231525553980296,6.148940354773526,6.0118075986311075,0.05652033816558788,0.04492164435653506,81.48144223569138,0.34800000000000003,12.0,Monthly,2026-01-15,0.05488958858430812,,,,
OII,OII,"Oceaneering International, Inc. Common Stock",NYSE,NYSE,USD,33.150001525878906,-0.37913587085683464,30.753360918544917,28.228276426682996,24.951946751685117,1.703333315405402,1.5506194462071214,63.181827864937866,,,,,,,0.08,0.05,-39.13
OIS,OIS,"Oil States International, Inc. Common Stock",NYSE,NYSE,USD,9.399999618530273,-0.40693430863354574,8.692846231063951,7.919511961643351,6.495487831167961,0.4211360517557168,0.40671500976589103,64.8734162889441,,,,,,,0.01,0.03,125.06
OKE,OKE,"ONEOK, Inc. Common Stock",NYSE,NYSE,USD,,,,,,,,,,,,,,,,,
OKLO,OKLO,Oklo Inc. Class A common stock,NYSE,NYSE,USD,,,,,,,,,,,,,,,,,
OLN,OLN,Olin Corporation Common Stock,NYSE,NYSE,USD,,,,,,,,,,,,,,,,,
OLP,OLP,"One Liberty Properties, Inc. Common Stock",NYSE,NYSE,USD,,,,,,,,,,,,,,,,,
OMC,OMC,Omnicom Group Inc. Common Stock,NYSE,NYSE,USD,69.0,-0.21330844389531123,73.035239433717,75.36505143812096,76.46838587901821,-2.5372797583007127,-1.9353397286609435,29.375459176380247,2.9,4.0,Quarterly,2025-12-19,0.042028985507246375,,1.68,1.77,5.26
OMF,OMF,"OneMain Holdings, Inc. Common Stock",NYSE,NYSE,USD,56.90999984741211,-0.2993586560733268,62.70025425845492,63.865182222914996,60.25210555110102,-2.0226593915853073,-1.2521566935074693,12.95021882178122,3.13,3.0,Irregular,2025-11-10,0.054999121567250044,,1.35,1.51,11.69
OMI,OMI,"Owens & Minor, Inc. Common Stock",NYSE,NYSE,USD,2.240000009536743,-0.8107036731677828,2.307847400913558,2.605664436104637,4.487958519782192,-0.046261644254152134,-0.07603535078891918,62.35294480637324,,,,,,,0.39,0.41,4.37
ONIT,ONIT,Onity Group Inc. Common Stock,NYSE,NYSE,USD,,,,,,,,,,,,,,,,,
ONL,ONL,Orion Properties Inc. Common Stock,NYSE,NYSE,USD,2.6500000953674316,-0.6337349527718659,2.418154752988732,2.3294358316685133,2.5118960124502037,0.11252722842137564,0.08427294745109867,66.66666666666666,0.08,4.0,Quarterly,2025-12-31,0.030188678158861622,,,,
ONON,ONON,On Holding AG Class A Ordinary Shares,NYSE,NYSE,USD,,,,,,,,,,,,,,,,,
ONTF,ONTF,"ON24, Inc. Common Stock",NYSE,NYSE,USD,7.920000076293945,-0.3582733581947315,7.853757128558803,7.286254205384544,6.286590987658761,0.1639919725376835,0.23069669975917934,43.243305938921246,,,,,,,-0.16,-0.07,55.04
ONTO,ONTO,Onto Innovation Inc. Common Stock,NYSE,NYSE,USD,,,,,,,,,,,,,,,,,
OOMA,OOMA,"Ooma, Inc. Common Stock",NYSE,NYSE,USD,11.640000343322754,-0.31609568577350355,11.69238148786878,11.672579960464802,12.190657456632353,-0.041955187131888394,0.006920779831707254,42.384104078095206,,,,,,,0.11,0.14,23.67
OPAD,OPAD,Offerpad Solutions Inc. Class A Common Stock,NYSE,NYSE,USD,0.8050000071525574,-0.8752808976509225,1.0384947129483175,1.3871937162506025,1.952120193655439,-0.17233366630422464,-0.16228922166941026,24.669598935903636,,,,,,,-0.13,-0.32,-140.01
OPFI,OPFI,OppFi Inc. Class A Common Stock,NYSE,NYSE,USD,8.90999984741211,-0.398357278000639,9.386461993566895,9.825000035379349,10.59793218427072,-0.34915104323038015,-0.3094113958487064,30.522058820713212,0.25,1.0,Annual,2025-04-08,0.02805836187220721,,0.06,0.08,32.23
OPFI.W,OPFI.W,OppFi Inc. Warrants,NYSE,NYSE,USD,,,,,,,,,,,,,,,,,
OPP,OPP,"RiverNorth/DoubleLine Strategic Opportunity Fund, Inc. Common Stock",NYSE,NYSE,USD,7.940000057220459,-0.11373701755114063,7.912291329836244,7.942298318635877,8.20718779875006,0.015473472391786203,0.004401714810457061,68.75004967058467,1.1320000000000001,12.0,Monthly,2026-02-13,0.14256926849396992,,,,
OPP$A,OPP$A,"RiverNorth/DoubleLine Strategic Opportunity Fund, Inc. 4.375% Series A Cumulative Preferred Stock",NYSE,NYSE,USD,,,,,,,,,,,,,,,,,
OPP$B,OPP$B,"RiverNorth/DoubleLine Strategic Opportunity Fund, Inc. 4.75% Series B Cumulative Preferred Stock",NYSE,NYSE,USD,,,,,,,,,,,,,,,,,
OPTU,OPTU,"Optimum Communications, Inc. Class A common stock",NYSE,NYSE,USD,,,,,,,,,,,,,,,,,
OPY,OPY,"Oppenheimer Holdings, Inc. Class A Common Stock (DE)",NYSE,NYSE,USD,,,,,,,,,,,,,,,,,
OR,OR,OR Royalties Inc. Common Shares,NYSE,NYSE,USD,42.689998626708984,-0.24485798145537796,41.567949907697745,39.488689015907454,33.35025489986943,0.6785788587792894,0.9296833143859475,44.32088845176923,0.1,2.0,Semi-Annual,2025-06-30,0.002342469037640939,,0.09,0.14,55.56
ORA,ORA,"Ormat Technologies, Inc. Common Stock",NYSE,NYSE,USD,,,,,,,,,,,,,,,,,
ORC,ORC,"Orchid Island Capital, Inc. Common Stock",NYSE,NYSE,USD,7.53000020980835,-0.32174886334210673,7.7071847039928105,7.6237398645712595,7.5055528065221875,-0.05478859043285489,0.01775919633323469,26.81160897573004,1.44,12.0,Monthly,2026-01-30,0.19123505443257488,,0.3,-0.09,-130.0
ORCL,ORCL,Oracle Corporation Common Stock,NYSE,NYSE,USD,160.13999938964844,-0.5843206490141901,164.63267111231906,185.1899011236343,208.25979241428647,-9.828796447357092,-10.84366476328071,35.41339750912903,2.0,4.0,Quarterly,2026-01-09,0.012489072109546176,,1.18,1.21,2.68
ORI,ORI,Old Republic International Corporation Common Stock,NYSE,NYSE,USD,42.56999969482422,-0.1861861969979428,41.524494136234,42.17398205001989,40.85798382552264,-0.11421258745206586,-0.5769239011472017,85.13759156147087,3.66,5.0,Irregular,2026-01-02,0.08597604008075653,,0.59,0.68,14.61
ORN,ORN,"Orion Group Holdings, Inc. Common",NYSE,NYSE,USD,13.84000015258789,-0.3632911203687267,12.934044751229614,11.655695133779805,9.587363990637753,0.8514987384537847,0.793528934147031,69.13043568400211,,,,,,,-0.09,-0.32,-255.56
OSCR,OSCR,"Oscar Health, Inc. Class A Common Stock",NYSE,NYSE,USD,,,,,,,,,,,,,,,,,
OSG,OSG,"Octave Specialty Group, Inc. Common Stock",NYSE,NYSE,USD,5.760000228881836,-0.5235293900795749,6.130547440977722,6.869172660667209,8.108063359590682,-0.30122153634687265,-0.36461042150530126,37.662345302672485,,,,,,,,,
OSK,OSK,Oshkosh Corporation (Holding Company)Common Stock,NYSE,NYSE,USD,,,,,,,,,,,,,,,,,
OTF,OTF,Blue Owl Technology Finance Corp. Common Stock,NYSE,NYSE,USD,12.65999984741211,-0.28743957902879325,13.11354935881679,13.571118890351807,14.55176862516167,-0.3235284400615299,-0.3329004149476737,39.86331821864001,1.15,5.0,Irregular,2025-12-31,0.09083728387525035,,,,
OTIS,OTIS,Otis Worldwide Corporation Common Stock ,NYSE,NYSE,USD,,,,,,,,,,,,,,,,,
OUT,OUT,OUTFRONT Media Inc. Common Stock,NYSE,NYSE,USD,25.040000915527344,-0.31508265439868477,25.35181896756219,24.201070823028363,20.87922008318562,0.4366860169461013,0.5139633663130578,55.14834380211506,1.2,4.0,Quarterly,2025-12-05,0.04792332093150516,,0.25,0.23,-6.79
OVV,OVV,Ovintiv Inc. (DE),NYSE,NYSE,USD,,,,,,,,,,,,,,,,,
OWL,OWL,Blue Owl Capital Inc. Class A Common Stock,NYSE,NYSE,USD,12.300000190734863,-0.5182269921917222,13.413765941441156,14.487051449704575,16.961549445931645,-0.794829617318916,-0.7231792350281974,26.853711704432044,0.855,4.0,Quarterly,2025-11-10,0.06951219404403261,,0.13,0.14,8.99
OWLT,OWLT,"Owlet, Inc. Class A Common Stock",NYSE,NYSE,USD,10.930000305175781,-0.4636015201423057,12.179202576430136,12.667562890170451,10.012737063681776,-0.8410345781485855,-0.6866561799190637,32.63433872865576,,,,,,,-0.14,-0.17,-21.14
OXM,OXM,"Oxford Industries, Inc. Common Stock",NYSE,NYSE,USD,,,,,,,,,,,,,,,,,
OXY,OXY,Occidental Petroleum Corporation Common Stock,NYSE,NYSE,USD,46.06999969482422,-0.3067767228916475,45.06910996876182,43.67488983629895,43.73873085439992,1.028196405306801,1.0206330132758232,58.35276744980129,0.96,4.0,Quarterly,2025-12-10,0.020837855575411523,,1.24,1.09,-12.27
OXY.W,OXY.W,Occidental Petroleum Corporation Warrants ,NYSE,NYSE,USD,,,,,,,,,,,,,,,,,
PAAS,PAAS,Pan American Silver Corp. Common Stock,NYSE,NYSE,USD,,,,,,,,,,,,,,,,,
PAC,PAC,"Grupo Aeroportuario Del Pacifico, S.A. B. de C.V. Grupo Aeroportuario Del Pacifico, S.A. de C.V. (each representing 10 Series B shares)",NYSE,NYSE,USD,283.5299987792969,-0.1899684576076517,280.0746512875719,267.0020801893968,240.5507032701785,6.025584585742877,6.205169244124028,52.209030972294514,8.802,2.0,Semi-Annual,2025-08-13,0.031044334066574666,,1.97,2.27,15.42
PACK,PACK,Ranpak Holdings Corp Class A Common Stock,NYSE,NYSE,USD,5.96999979019165,-0.6065359538641044,5.59347794484598,5.472715192264656,5.2717899388431375,0.09770510603098703,0.012637277470291561,60.9561706818829,,,,,,,-0.15,-0.1,34.78
PACS,PACS,"PACS Group, Inc. Common Stock",NYSE,NYSE,USD,37.810001373291016,-0.42804152077382895,37.33177842184177,34.266042417382685,22.71180991656078,0.6734063878330403,0.48586529521051225,62.12915310080552,,,,,,,0.3,0.38,26.67
PAG,PAG,"Penske Automotive Group, Inc. Common Stock",NYSE,NYSE,USD,171.35000610351562,-0.19531074780661473,165.49747435850486,164.45833482441716,167.11268480103953,2.216260299259517,0.6259832811328964,63.1868183942336,5.18,4.0,Quarterly,2025-11-14,0.030230521245915035,,4.38,4.61,5.31
PAGS,PAGS,PagSeguro Digital Ltd. Class A Common Shares,NYSE,NYSE,USD,,,,,,,,,,,,,,,,,
PAI,PAI,Western Asset Investment Grade Income Fund Inc.,NYSE,NYSE,USD,,,,,,,,,,,,,,,,,
PAII,PAII,Pyrophyte Acquisition Corp. II Class A Ordinary Shares,NYSE,NYSE,USD,10.130000114440918,-0.007920784226189581,10.134883260605527,10.108161155278305,10.02829366124401,0.012596552561186414,0.016402286529017665,52.941242468781205,,,,,,,,,
PAII.U,PAII.U,"Pyrophyte Acquisition Corp. II Units, each consisting of one Class A ordinary share and one",NYSE,NYSE,USD,,,,,,,,,,,,,,,,,
PAII.W,PAII.W,"Pyrophyte Acquisition Corp. II Warrants, each whole warrant exercisable for one Class A Ordinary Share at an exercise price of $11.50 per share",NYSE,NYSE,USD,,,,,,,,,,,,,,,,,
PAM,PAM,Pampa Energia S.A.,NYSE,NYSE,USD,,,,,,,,,,,,,,,,,
PAR,PAR,PAR Technology Corporation Common Stock,NYSE,NYSE,USD,20.860000610351562,-0.7143057781494708,26.04894355611511,31.1025001591579,43.57626605642945,-3.730188316972672,-3.342655392265252,19.545450555390772,,,,,,,-0.41,-0.44,-7.38
PARR,PARR,"Par Pacific Holdings, Inc.  Common Stock",NYSE,NYSE,USD,,,,,,,,,,,,,,,,,
PATH,PATH,"UiPath, Inc. Class A Common Stock",NYSE,NYSE,USD,11.319999694824219,-0.42042510240751085,13.1293629169568,14.297919624595208,14.03441962589098,-1.036393416480525,-0.9095654042685822,20.428333335428178,,,,,,,-0.03,0.05,277.62
PAXS,PAXS,PIMCO Access Income Fund Common Shares of Beneficial Interest,NYSE,NYSE,USD,15.829999923706055,-0.12923079270582938,15.841417117991597,15.78561241353608,15.751209498959517,0.03561998518156706,0.05201457249807686,46.42855115490943,1.7879999999999998,12.0,Monthly,2026-02-12,0.11295009530116287,,,,
PAY,PAY,"Paymentus Holdings, Inc. Class A Common Stock",NYSE,NYSE,USD,,,,,,,,,,,,,,,,,
PAYC,PAYC,"Paycom Software, Inc. Common Stock",NYSE,NYSE,USD,,,,,,,,,,,,,,,,,
PB,PB,"Prosperity Bancshares, Inc. Common Stock",NYSE,NYSE,USD,72.62999725341797,-0.21289582155036713,72.78027939708522,71.34142875226674,70.18086418426651,0.8832472986374285,0.6548351016664005,51.733182775680994,2.34,4.0,Quarterly,2025-12-15,0.03221809291600764,,1.49,1.49,-0.28
PBA,PBA,Pembina Pipeline Corp. Ordinary Shares (Canada),NYSE,NYSE,USD,,,,,,,,,,,,,,,,,
PBF,PBF,PBF Energy Inc. Class A Common Stock,NYSE,NYSE,USD,34.540000915527344,-0.4105824290312554,33.59558325661678,32.354537602328605,28.899088326254695,1.0261604509646958,1.0411930306154085,59.357439366214706,1.1,4.0,Quarterly,2025-11-14,0.031847132913812366,,6.49,7.96,22.64
PBH,PBH,Prestige Consumer Healthcare Inc. Common Stock,NYSE,NYSE,USD,66.79000091552734,-0.3549219487815748,65.4555209994201,64.17211052425311,68.42644071119405,0.775329820615255,0.7317519682237601,54.12106976249821,,,,,,,1.0,1.02,1.81
PBI,PBI,Pitney Bowes Inc. Common Stock,NYSE,NYSE,USD,,,,,,,,,,,,,,,,,
PBI$B,PBI$B,Pitney Bowes Inc 6.70% Notes Due 2043,NYSE,NYSE,USD,,,,,,,,,,,,,,,,,
PBR,PBR,Petroleo Brasileiro S.A. Petrobras ADS,NYSE,NYSE,USD,15.1899995803833,-0.2553619571135475,14.644999387516224,13.610576653885374,12.922114509094953,0.6976122196377545,0.7376300317660238,60.8142386199148,0.831,3.0,Irregular,2025-08-25,0.05470704561922251,,1.11,1.27,14.21
PBR.A,PBR.A,Petroleo Brasileiro S.A. Petrobras American Depositary Shares representing Preferred Shares,NYSE,NYSE,USD,,,,,,,,,,,,,,,,,
PBT,PBT,Permian Basin Royalty Trust Common Stock,NYSE,NYSE,USD,,,,,,,,,,,,,,,,,
PCF,PCF,High Income Securities Fund Common Stock,NYSE,NYSE,USD,,,,,,,,,,,,,,,,,
PCG,PCG,Pacific Gas & Electric Co. Common Stock,NYSE,NYSE,USD,18.15999984741211,-0.27252381704097983,16.268056736752445,15.914649521795848,15.665019060075627,0.48352840678055387,0.19810743868543507,84.77754026484466,0.125,4.0,Quarterly,2025-12-31,0.006883259969730293,,0.28,0.25,-10.66
PCG$X,PCG$X,PG&E Corp 6.000% Series A Mandatory Convertible Preferred Stock,NYSE,NYSE,USD,,,,,,,,,,,,,,,,,
PCM,PCM,"PCM Fund, Inc. Common Stock",NYSE,NYSE,USD,6.070000171661377,-0.11555558663827403,6.069937889310968,6.112504454008347,6.2811153959812325,0.0017344326789103803,-0.010427457100326654,63.33337042058533,0.768,12.0,Monthly,2026-02-12,0.12652388439550838,,,,
PCN,PCN,Pimco Corporate & Income Strategy Fund Common Stock,NYSE,NYSE,USD,12.779999732971191,-0.1472081028706842,12.807749560517463,12.789529564278244,12.918924832024503,0.018643432019954886,0.02439774780429956,47.9999694826547,1.356,12.0,Monthly,2026-02-12,0.10610328860192761,,,,
PCOR,PCOR,"Procore Technologies, Inc. Common Stock",NYSE,NYSE,USD,52.34000015258789,-0.45794180826925124,56.7249450126591,64.13428897065721,70.36236389729206,-5.413126979495203,-5.123353792010996,28.186828367936798,,,,,,,-0.17,-0.09,47.72
PCQ,PCQ,PIMCO California Municipal Income Fund Common Stock,NYSE,NYSE,USD,9.119999885559082,-0.1241969837752841,9.005539752354519,8.899757988404277,8.777593164162298,0.08004166372291799,0.06601139618469527,78.26071632928922,0.43199999999999994,12.0,Monthly,2026-02-12,0.047368421647026926,,,,
PD,PD,"PagerDuty, Inc. Common Stock",NYSE,NYSE,USD,6.940000057220459,-0.6540816286810733,9.150948120211636,11.119259074985047,14.207507230617345,-1.3614518890708815,-1.1208592330231621,7.602337115715002,,,,,,,-0.04,0.04,208.43
PDCC,PDCC,Pearl Diver Credit Company Inc. Common Stock,NYSE,NYSE,USD,12.680000305175781,-0.39359156395474104,13.648221090106306,14.251895070879101,16.11315631719888,-0.2827369005773708,-0.2351734629554349,14.454996251406087,2.64,12.0,Monthly,2026-02-13,0.20820188773358253,,,,
PDI,PDI,PIMCO Dynamic Income Fund Common Stock,NYSE,NYSE,USD,18.610000610351562,-0.15112213938124275,18.472586391120306,18.305951521345285,18.671791692902612,0.1939491827719948,0.16368811824536614,68.10348371269359,2.652,12.0,Monthly,2026-02-12,0.14250402541764887,,,,
PDM,PDM,"Piedmont Realty Trust, Inc. Class A Common Stock",NYSE,NYSE,USD,8.25,-0.24242425765439846,8.437898305181237,8.41579719751606,8.088230871661343,-0.010191071088872405,0.028006305260253807,48.68914292449713,0.125,1.0,Annual,2025-02-21,0.015151515151515152,,-0.01,-0.01,
PDO,PDO,PIMCO Dynamic Income Opportunities Fund Common Shares of Beneficial Interest,NYSE,NYSE,USD,14.09000015258789,-0.13068182972713938,14.037810300848221,13.977337032859298,13.841959135341883,0.04248206514147057,0.036253852886087026,63.82979155126199,1.536,12.0,Monthly,2026-02-12,0.10901348356038769,,,,
PDPA,PDPA,Pearl Diver Credit Company Inc. 8.00% Series A Preferred Stock Due 2029,NYSE,NYSE,USD,,,,,,,,,,,,,,,,,
PDS,PDS,Precision Drilling Corporation Common Stock,NYSE,NYSE,USD,,,,,,,,,,,,,,,,,
PDT,PDT,John Hancock Premium Dividend Fund,NYSE,NYSE,USD,13.449999809265137,-0.10550459652066357,13.127763431904116,12.985669602550317,12.999746246811085,0.15141977088415537,0.11862273209058517,78.12499689559154,0.996,12.0,Monthly,2026-02-12,0.07405204565979977,,,,
PDX,PDX,PIMCO Dynamic Income Strategy Fund Common Shares of Beneficial Interest,NYSE,NYSE,USD,20.110000610351562,-0.28355898706138827,20.075255488576964,20.437861628752614,22.228454190664014,0.02823309773773275,-0.018124237915518343,57.40742703040643,4.566000000000001,13.0,Monthly,2026-02-12,0.22705121140820184,,,,
PEB,PEB,Pebblebrook Hotel Trust Common Shares of Beneficial Interest,NYSE,NYSE,USD,12.75,-0.3909952503101325,12.154254102444485,11.790409512353492,11.205852905074153,0.2540101411556357,0.15735535895154473,64.0000025431315,0.04,4.0,Quarterly,2025-12-31,0.003137254901960784,,-0.25,-0.34,-36.0
PEB$E,PEB$E,Pebblebrook Hotel Trust 6.375% Series E Cumulative Redeemable Preferred Shares of Beneficial Interest,NYSE,NYSE,USD,,,,,,,,,,,,,,,,,
PEB$F,PEB$F,Pebblebrook Hotel Trust 6.3% Series F Cumulative Redeemable Preferred Shares of Beneficial Interest,NYSE,NYSE,USD,,,,,,,,,,,,,,,,,
PEB$G,PEB$G,Pebblebrook Hotel Trust 6.375% Series G Cumulative Redeemable Preferred Shares of Beneficial Interest,NYSE,NYSE,USD,,,,,,,,,,,,,,,,,
PEB$H,PEB$H,Pebblebrook Hotel Trust 5.700% Series H Cumulative Redeemable Preferred Shares of Beneficial Interest,NYSE,NYSE,USD,,,,,,,,,,,,,,,,,
PEG,PEG,Public Service Enterprise Group Incorporated Common Stock,NYSE,NYSE,USD,86.37000274658203,-0.14100287520006638,81.76245241126222,81.01068456467362,81.74001293919765,1.180528245310967,0.5908485979683158,74.46524111897114,2.52,4.0,Quarterly,2025-12-10,0.029176796571304096,,0.83,0.86,3.13
PEN,PEN,"Penumbra, Inc. Common Stock",NYSE,NYSE,USD,339.29998779296875,-0.25750597170392886,341.82417099643277,325.63133532080053,289.197028289308,3.355337537285493,6.806895032173883,16.15115337665226,,,,,,,0.01,0.01,19.62
PEO,PEO,"Adams Natural Resources Fund, Inc. Common Stock",NYSE,NYSE,USD,25.610000610351562,-0.17937605733681738,24.595169207040115,23.420844288737044,22.193616384963683,0.764907966090064,0.718235983587797,73.62639435592389,2.01,4.0,Quarterly,2026-01-26,0.07848496493934318,,,,
PERF,PERF,Perfect Corp. Class A Ordinary Share,NYSE,NYSE,USD,1.4900000095367432,-0.47709921198106187,1.563821406175836,1.6685025601024874,1.8787498016194735,-0.06410814167644996,-0.06277916394453015,37.14285957570004,,,,,,,0.02,,
PERF.W,PERF.W,"Perfect Corp. Warrants, each exercisable for one Class A Ordinary Share at a price of $11.50 per share",NYSE,NYSE,USD,,,,,,,,,,,,,,,,,
PEW,PEW,GrabAGun Digital Holdings Inc. Common Stock,NYSE,NYSE,USD,2.869999885559082,-0.8364269158537294,3.0267517224067353,3.335542880632183,5.9835822746291685,-0.11360048429013991,-0.10108781760447605,34.61539284481802,,,,,,,,,
PEW.W,PEW.W,"GrabAGun Digital Holdings Inc. Warrants, each whole warrant exercisable to purchase one share of Common Stock at an exercise price of $11.50 per share",NYSE,NYSE,USD,,,,,,,,,,,,,,,,,
PFD,PFD,Flaherty & Crumrine Preferred and Income Fund Incorporated,NYSE,NYSE,USD,,,,,,,,,,,,,,,,,
PFE,PFE,"Pfizer, Inc. Common Stock",NYSE,NYSE,USD,,,,,,,,,,,,,,,,,
PFGC,PFGC,Performance Food Group Company Common Stock,NYSE,NYSE,USD,98.0,-0.21035690295988507,93.95835295463881,94.06625366045,93.83811062913928,0.33399519537729816,0.16014268987162297,56.18826469871765,,,,,,,0.8,1.08,35.55
PFH,PFH,"Prudential Financial, Inc. 4.125% Junior Subordinated Notes due 2060",NYSE,NYSE,USD,17.514999389648438,-0.10091246620803618,17.66348640780135,17.661566409310144,17.78837045450014,-0.005988505820436529,0.020512263538167055,27.967142568975945,1.032,4.0,Quarterly,2026-02-13,0.05892092697473479,,,,
PFL,PFL,PIMCO Income Strategy Fund Shares of Beneficial Interest,NYSE,NYSE,USD,,,,,,,,,,,,,,,,,
PFLT,PFLT,PennantPark Floating Rate Capital Ltd. Common Stock,NYSE,NYSE,USD,8.630000114440918,-0.26182134423316816,9.257991279754203,9.314954656533644,9.705752069986518,-0.11561537614353767,-0.028724445378320283,26.92306886158515,1.236,12.0,Monthly,2026-01-16,0.14322131907411595,,0.35,0.35,0.82
PFN,PFN,PIMCO Income Strategy Fund II,NYSE,NYSE,USD,,,,,,,,,,,,,,,,,
PFO,PFO,Flaherty & Crumrine Preferred and Income Opportunity Fund Incorporated,NYSE,NYSE,USD,9.65999984741211,-0.09569895968490605,9.631927335662075,9.57654055558025,9.442278179038283,0.04099414039860605,0.04477270918651864,65.62497206021285,0.651,12.0,Monthly,2026-01-23,0.0673913054123289,,,,
PFS,PFS,"Provident Financial Services, Inc Common Stock",NYSE,NYSE,USD,,,,,,,,,,,,,,,,,
PFSI,PFSI,"PennyMac Financial Services, Inc. Common Stock",NYSE,NYSE,USD,,,,,,,,,,,,,,,,,
PG,PG,Procter & Gamble Company (The) Common Stock,NYSE,NYSE,USD,160.07000732421875,-0.21683877460475487,154.3092925717137,150.1694009988702,152.96901461887478,4.008276577409617,3.329899003356606,75.3838674272627,4.228,4.0,Quarterly,2026-01-23,0.02641344290961558,,1.54,1.57,1.82
PGP,PGP,Pimco Global StocksPlus & Income Fund Common Shares of Beneficial Interest,NYSE,NYSE,USD,9.3100004196167,-0.1602959024575753,9.225585158977825,9.065355799952192,8.628194508898535,0.07879468143730861,0.07410203710972013,65.45457382836614,0.8280000000000001,12.0,Monthly,2026-02-12,0.08893662327397506,,,,
PGR,PGR,Progressive Corporation (The) Common Stock,NYSE,NYSE,USD,204.52999877929688,-0.30969714327092224,206.6994985526882,213.20406236407976,233.70015447472815,-2.675345864087575,-3.3029578713531786,45.62862055019291,13.9,4.0,Quarterly,2026-01-02,0.06796069076888392,,1.37,0.63,-54.11
PGRE,PGRE,"Paramount Group, Inc. Common Stock",NYSE,NYSE,USD,,,,,,,,,,,,,,,,,
PGZ,PGZ,Principal Real Estate Income Fund Common Shares of Beneficial Interest,NYSE,NYSE,USD,,,,,,,,,,,,,,,,,
PH,PH,Parker,NYSE,NYSE,USD,,,,,,,,,,,,,,,,,
PHG,PHG,Koninklijke Philips N.V. NY Registry Shares,NYSE,NYSE,USD,31.25,-0.2345460796506379,29.998211319668407,29.007892638441362,27.60767719673819,0.7531861606637236,0.5439052172991683,61.645425401775405,0.967,1.0,Annual,2025-05-13,0.030944,,,,
PHI,PHI,PLDT Inc. Sponsored ADR,NYSE,NYSE,USD,23.950000762939453,-0.25309875512900226,23.29666124921928,22.4423113277251,21.838716912759967,0.5581794209585986,0.47348808824343475,61.915896596718646,0.821,1.0,Annual,2025-03-12,0.03427974838608048,,,,
PHIN,PHIN,PHINIA Inc. Common Stock,NYSE,NYSE,USD,75.73999786376953,-0.29380863173677874,71.75896176971351,66.62312869987322,57.463404493285026,2.738277438067854,2.5423552665671254,70.61249046325443,1.08,4.0,Quarterly,2025-11-24,0.014259308561673746,,,,
PHK,PHK,Pimco High Income Fund,NYSE,NYSE,USD,4.909999847412109,-0.10323891153329112,4.936587497752337,4.911392394147687,4.878356385851896,0.011484035811720972,0.016745366829714906,40.90907120501461,0.5760000000000001,12.0,Monthly,2026-02-12,0.11731161260699217,,,,
PHM,PHM,"PulteGroup, Inc. Common Stock",NYSE,NYSE,USD,142.55999755859375,-0.19749682270402535,132.44186333877138,128.12399674522155,121.13631040708539,3.8007066389837973,2.600877905507043,76.68595548322735,0.92,4.0,Quarterly,2025-12-16,0.006453423230607659,,2.93,3.63,23.84
PHR,PHR,"Phreesia, Inc. Common Stock",NYSE,NYSE,USD,,,,,,,,,,,,,,,,,
PII,PII,Polaris Inc. Common Stock,NYSE,NYSE,USD,,,,,,,,,,,,,,,,,
PIM,PIM,Putnam Master Intermediate Income Trust Common Stock,NYSE,NYSE,USD,,,,,,,,,,,,,,,,,
PINE,PINE,"Alpine Income Property Trust, Inc. Common Stock",NYSE,NYSE,USD,20.530000686645508,-0.2305895533630633,18.650314553019832,17.611750693914363,16.20044658718466,0.775886712699986,0.5467105747982162,78.47082811562755,1.14,4.0,Quarterly,2025-12-11,0.05552849302832974,,-0.04,0.21,660.0
PINE$A,PINE$A,"Alpine Income Property Trust, Inc. 8.00% Series A Cumulative Redeemable Preferred Stock",NYSE,NYSE,USD,,,,,,,,,,,,,,,,,
PINS,PINS,"Pinterest, Inc. Class A Common Stock",NYSE,NYSE,USD,,,,,,,,,,,,,,,,,
PIPR,PIPR,Piper Sandler Companies Common Stock,NYSE,NYSE,USD,,,,,,,,,,,,,,,,,
PJT,PJT,PJT Partners Inc. Class A Common Stock,NYSE,NYSE,USD,,,,,,,,,,,,,,,,,
PK,PK,Park Hotels & Resorts Inc. Common Stock ,NYSE,NYSE,USD,11.199999809265137,-0.32750756199970144,11.288774343001222,11.101930662281442,11.115197800604912,0.11786095929374696,0.11038964281729212,50.87108291810867,1.0,4.0,Quarterly,2025-12-31,0.08928571580624096,,0.09,0.15,61.53
PKE,PKE,Park Aerospace Corp. Common Stock,NYSE,NYSE,USD,,,,,,,,,,,,,,,,,
PKG,PKG,Packaging Corporation of America Common Stock,NYSE,NYSE,USD,,,,,,,,,,,,,,,,,
PKST,PKST,Peakstone Realty Trust Common Shares,NYSE,NYSE,USD,20.81999969482422,-0.16250942501293908,18.46786210197299,16.28391045795626,14.039209318610395,1.818942339201179,1.5449133391354288,96.96088668729693,0.65,4.0,Quarterly,2025-12-31,0.031219981245320952,,-0.5,-11.59,-2218.0
PKX,PKX,POSCO HOLDINGS INC. American Depositary Shares (Each representing 1/4th of a share of Common Stock),NYSE,NYSE,USD,,,,,,,,,,,,,,,,,
PL,PL,Planet Labs PBC Class A Common Stock,NYSE,NYSE,USD,,,,,,,,,,,,,,,,,
PL.W,PL.W,"Planet Labs PBC Redeemable warrants, each whole warrant exercisable for one share of Class A common stock, each at an exercise price of $11.50 per share",NYSE,NYSE,USD,,,,,,,,,,,,,,,,,
PLD,PLD,"Prologis, Inc. Common Stock",NYSE,NYSE,USD,138.97000122070312,-0.27636245184037,134.0784108677635,130.4163213173471,121.74000664780051,2.630728206389705,1.9120093634714928,74.45398780308182,4.04,4.0,Quarterly,2025-12-16,0.029071022267488755,,1.22,1.36,11.61
PLNT,PLNT,"Planet Fitness, Inc. Common Stock",NYSE,NYSE,USD,,,,,,,,,,,,,,,,,
PLOW,PLOW,"Douglas Dynamics, Inc. Common Stock",NYSE,NYSE,USD,,,,,,,,,,,,,,,,,
PLYM,PLYM,"Plymouth Industrial REIT, Inc. Common Stock",NYSE,NYSE,USD,21.979999542236328,-0.22953631555910703,21.93005623036757,21.845442428097147,19.956389307202972,0.00903297882630838,-0.0010514589301372247,62.96306761988188,0.72,3.0,Irregular,2025-09-30,0.0327570525475427,,-0.11,-0.1,6.25
PM,PM,Philip Morris International Inc Common Stock,NYSE,NYSE,USD,,,,,,,,,,,,,,,,,
PML,PML,Pimco Municipal Income Fund II Common Shares of Beneficial Interest,NYSE,NYSE,USD,,,,,,,,,,,,,,,,,
PMM,PMM,Putnam Managed Municipal Income Trust Common Stock,NYSE,NYSE,USD,6.340000152587891,-0.09874609767089715,6.2782663473383185,6.223779700335193,6.133524529994686,0.036678304391390526,0.026301093878816295,82.35296592579296,0.315,12.0,Monthly,2026-01-23,0.049684541390968555,,,,
PMO,PMO,Putnam Municipal Opportunities Trust Common Stock,NYSE,NYSE,USD,,,,,,,,,,,,,,,,,
PMT,PMT,PennyMac Mortgage Investment Trust Common Shares of Beneficial Interest,NYSE,NYSE,USD,,,,,,,,,,,,,,,,,
PMT$A,PMT$A,PennyMac Mortgage Investment Trust 8.125% Series A Fixed,NYSE,NYSE,USD,,,,,,,,,,,,,,,,,
PMT$B,PMT$B,PennyMac Mortgage Investment Trust 8.00% Series B Fixed,NYSE,NYSE,USD,,,,,,,,,,,,,,,,,
PMT$C,PMT$C,PennyMac Mortgage Investment Trust 6.75% Series C Cumulative Redeemable Preferred Shares of Beneficial Interest,NYSE,NYSE,USD,,,,,,,,,,,,,,,,,
PMTU,PMTU,PennyMac Mortgage Investment Trust 8.50% Senior Notes due 2028,NYSE,NYSE,USD,,,,,,,,,,,,,,,,,
PMTV,PMTV,PennyMac Mortgage Investment Trust 9.00% Senior Notes due 2030,NYSE,NYSE,USD,25.34600067138672,-0.03430795999430991,25.40480345957154,25.47794144308906,25.44101605007815,-0.0794731876446626,-0.07136941862958839,31.050721785246523,1.126,2.0,Semi-Annual,2026-01-30,0.04442515466635923,,,,
PMTW,PMTW,PennyMac Mortgage Investment Trust 9.00% Senior Notes due 2030,NYSE,NYSE,USD,25.75,-0.022480617862690067,25.618966250064883,25.553325299979154,25.363526315432637,0.06248747299661872,0.04592938743045562,66.99023732630144,,,,,,,,,
PNC,PNC,"PNC Financial Services Group, Inc. (The) Common Stock",NYSE,NYSE,USD,229.32000732421875,-0.2379402032822856,229.19303342165753,218.27376123344249,200.45867489865296,5.510308825196972,6.133253457727267,60.243856174102724,6.7,4.0,Quarterly,2026-01-20,0.029216813997948995,,3.28,3.36,2.3
PNI,PNI,Pimco New York Municipal Income Fund II Common Shares of Beneficial Interest,NYSE,NYSE,USD,7.070000171661377,-0.13806973251225296,7.029404884830641,6.982546627557182,6.928540007751885,0.03464108966041923,0.027639458356092158,67.6470794479358,0.36,12.0,Monthly,2026-02-12,0.05091937641571566,,,,
PNNT,PNNT,PennantPark Investment Corporation Common Stock,NYSE,NYSE,USD,5.159999847412109,-0.30645163874637715,5.641099130849204,5.8814890921035055,6.416862361792018,-0.18484855462252536,-0.1184656443036825,17.7966087996638,0.96,12.0,Monthly,2026-01-16,0.1860465171295437,,0.2,0.26,31.65
PNR,PNR,Pentair plc. Ordinary Share,NYSE,NYSE,USD,101.37000274658203,-0.21255044427241343,101.43545713564443,103.41561740231093,103.2206807111838,-1.5558775243069647,-1.4227140400483382,38.00072907408693,1.02,4.0,Quarterly,2026-01-23,0.010062148292033979,,1.0,1.02,2.49
PNW,PNW,Pinnacle West Capital Corporation Common Stock,NYSE,NYSE,USD,99.38999938964844,-0.10017811514221753,94.11471345781813,91.94076100971644,90.57320607340448,1.6937459082827075,1.286871954982752,69.4628848425913,3.6100000000000003,4.0,Quarterly,2026-02-02,0.036321561748354186,,2.6,2.88,10.62
POR,POR,Portland General Electric Co Common Stock,NYSE,NYSE,USD,,,,,,,,,,,,,,,,,
POST,POST,"Post Holdings, Inc. Common Stock",NYSE,NYSE,USD,,,,,,,,,,,,,,,,,
PPG,PPG,"PPG Industries, Inc. Common Stock",NYSE,NYSE,USD,131.33999633789062,-0.23142711705298868,121.23713567382799,112.94503948648358,108.95183240650164,6.357669041274633,5.261893236177101,82.57230437683505,2.7800000000000002,4.0,Quarterly,2025-11-10,0.021166438842042137,,1.13,1.22,8.3
PPL,PPL,PPL Corporation Common Stock,NYSE,NYSE,USD,37.81999969482422,-0.1240453712864722,36.11227768781866,35.82558103877476,35.583934766500434,0.2870519217239007,0.19369557584385472,62.89063431323463,1.092,4.0,Quarterly,2025-12-10,0.028873612078570258,,0.42,0.41,-2.73
PPT,PPT,Putnam Premier Income Trust Common Stock,NYSE,NYSE,USD,3.619999885559082,-0.06666666666666665,3.6203768927094346,3.608372263156116,3.621452275776285,0.010793959047204371,0.01201849745185746,59.09086968301273,0.312,12.0,Monthly,2026-01-23,0.08618784802856808,,,,
PR,PR,Permian Resources Corporation Class A Common Stock,NYSE,NYSE,USD,,,,,,,,,,,,,,,,,
PRA,PRA,ProAssurance Corporation Common Stock,NYSE,NYSE,USD,24.489999771118164,-0.0632361783731723,24.319214958769145,24.196334325149657,22.991751541115136,0.08556380608332503,0.0708826328210067,67.28961300557943,,,,,,,0.14,0.06,-55.56
PRCS,PRCS,Parnassus Core Select ETF,NYSE,NYSE,USD,,,,,,,,,,,,,,,,,
PRG,PRG,"PROG Holdings, Inc. Common Stock",NYSE,NYSE,USD,33.369998931884766,-0.4390471595293579,33.160072705178855,31.97984228485857,31.968478108174928,0.7101173545028914,0.7840323083001833,50.24629523607887,0.52,4.0,Quarterly,2025-11-18,0.015582859354039242,,0.64,0.68,6.25
PRGO,PRGO,Perrigo Company plc Ordinary Shares,NYSE,NYSE,USD,14.539999961853027,-0.5839836947900385,14.42815913688572,14.80937727814585,19.127479438182526,0.01333333394220304,0.0078593538751981,51.85185652397797,0.8699999999999999,3.0,Irregular,2025-08-29,0.0598349382587704,,0.67,0.56,-16.1
PRH,PRH,"Prudential Financial, Inc. 5.950% Junior Subordinated Notes due 2062",NYSE,NYSE,USD,,,,,,,,,,,,,,,,,
PRI,PRI,"Primerica, Inc. Common Stock",NYSE,NYSE,USD,,,,,,,,,,,,,,,,,
PRIF$D,PRIF$D,"Priority Income Fund, Inc. 7.00% Series D Term Preferred Stock due 2029",NYSE,NYSE,USD,,,,,,,,,,,,,,,,,
PRIF$J,PRIF$J,"Priority Income Fund, Inc. 6.000% Series J Term Preferred Stock due 2028",NYSE,NYSE,USD,,,,,,,,,,,,,,,,,
PRIF$K,PRIF$K,"Priority Income Fund, Inc. 7.000% Series K Cumulative Preferred Stock",NYSE,NYSE,USD,,,,,,,,,,,,,,,,,
PRIF$L,PRIF$L,"Priority Income Fund, Inc. 6.375% Series L Term Preferred Stock Due 2029",NYSE,NYSE,USD,,,,,,,,,,,,,,,,,
PRIM,PRIM,Primoris Services Corporation Common Stock,NYSE,NYSE,USD,,,,,,,,,,,,,,,,,
PRKS,PRKS,United Parks & Resorts Inc. Common Stock,NYSE,NYSE,USD,33.959999084472656,-0.45465969495161895,36.354528243952025,37.390907505908366,43.024635883283665,-0.5271719460994575,-0.14693249225117433,36.10747737494066,,,,,,,0.8,0.62,-22.65
PRLB,PRLB,"Proto Labs, Inc. Common stock",NYSE,NYSE,USD,67.5199966430664,-0.3030235212602085,59.37827622096134,55.49735669453423,49.48123982923798,3.620304803645567,2.1940532772596324,80.28228139589166,,,,,,,0.4,0.4,0.91
PRM,PRM,"Perimeter Solutions, SA Common Stock",NYSE,NYSE,USD,,,,,,,,,,,,,,,,,
PRMB,PRMB,Primo Brands Corporation Class A Common Stock,NYSE,NYSE,USD,,,,,,,,,,,,,,,,,
PRS,PRS,"Prudential Financial, Inc. 5.625% Junior Subordinated Notes due 2058",NYSE,NYSE,USD,24.0,-0.05850395322508495,24.029654181942085,24.08757677452102,24.100015458309734,-0.041506916813666805,-0.020676541284896297,25.973926247395966,1.408,4.0,Quarterly,2026-01-30,0.058666666666666666,,,,
PRSU,PRSU,"Pursuit Attractions and Hospitality, Inc. Common Stock",NYSE,NYSE,USD,,,,,,,,,,,,,,,,,
PRT,PRT,PermRock Royalty Trust Units of Beneficial Interest,NYSE,NYSE,USD,,,,,,,,,,,,,,,,,
PRU,PRU,"Prudential Financial, Inc. Common Stock",NYSE,NYSE,USD,104.61000061035156,-0.17709139406381735,106.83803837772318,109.0052714081346,107.96120569965542,-2.4310769927542992,-2.2769054969678577,41.58644842172739,5.4,4.0,Quarterly,2025-11-18,0.0516203036850537,,2.51,2.42,-3.74
PRVS,PRVS,Parnassus Value Select ETF,NYSE,NYSE,USD,28.900999069213867,-0.17406036341266162,29.067157386944842,28.62050329779841,26.907751730108842,0.0957165555528583,0.18584258633540915,44.37989585485104,0.169,1.0,Annual,2025-12-19,0.005847548716058865,,,,
PSA,PSA,Public Storage Common Stock,NYSE,NYSE,USD,,,,,,,,,,,,,,,,,
PSA$F,PSA$F,"Public Storage Depositary Shares Each Representing 1/1,000 of a 5.15% Cumulative Preferred Share of Beneficial Interest, Series F, par value $0.01 per share",NYSE,NYSE,USD,,,,,,,,,,,,,,,,,
PSA$G,PSA$G,"Public Storage Depositary Shares, Each Representing 1/1,000 of a 5.05% Cumulative Preferred Share of Beneficial Interest, Series G",NYSE,NYSE,USD,,,,,,,,,,,,,,,,,
PSA$H,PSA$H,"Public Storage Depositary Shares Each Representing 1/1,000 of a  5.60% Cumulative Preferred  Share of Beneficial Interest, Series H",NYSE,NYSE,USD,,,,,,,,,,,,,,,,,
PSA$I,PSA$I,"Public Storage Depositary Shares Each Representing 1/1,000 of a 4.875% Cumulative Preferred Share of Beneficial Interest, Series I, par value $0.01 per share",NYSE,NYSE,USD,,,,,,,,,,,,,,,,,
PSA$J,PSA$J,"Public Storage Depositary Shares Each Representing 1/1,000 of a 4.700% Cumulative Preferred Share of Beneficial Interest, Series J, par value $0.01 per share",NYSE,NYSE,USD,,,,,,,,,,,,,,,,,
PSA$K,PSA$K,"Public Storage Depositary Shares Each Representing 1/1,000 of a 4.75% Cumulative Preferred Share of Beneficial Interest, Series K",NYSE,NYSE,USD,,,,,,,,,,,,,,,,,
PSA$L,PSA$L,"Public Storage Depositary Shares Each Representing 1/1,000 of a 4.625% Cumulative Preferred Share of Beneficial Interest, Series L, par value $0.01 per share",NYSE,NYSE,USD,,,,,,,,,,,,,,,,,
PSA$M,PSA$M,"Public Storage Depositary Shares Each Representing 1/1,000 of a 4.125% Cumulative Preferred Share of Beneficial Interest, Series M",NYSE,NYSE,USD,,,,,,,,,,,,,,,,,
PSA$N,PSA$N,"Public Storage Depositary Shares Each Representing 1/1,000 of a 3.875% Cumulative Preferred Share of Beneficial Interest, Series N",NYSE,NYSE,USD,,,,,,,,,,,,,,,,,
PSA$O,PSA$O,"Public Storage Depositary Shares Each Representing 1/1,000 of a 3.900% Cumulative Preferred Share of Beneficial Interest, Series O",NYSE,NYSE,USD,,,,,,,,,,,,,,,,,
PSA$P,PSA$P,"Public Storage Depositary Shares Each Representing 1/1,000 of a 4.000% Cumulative Preferred Share of Bene cial Interest, Series P",NYSE,NYSE,USD,,,,,,,,,,,,,,,,,
PSA$Q,PSA$Q,"Public Storage Depositary Shares Each Representing 1/1,000 of a 3.950% Cumulative Preferred Share of Beneficial Interest, Series Q, par value $0.01 per share",NYSE,NYSE,USD,,,,,,,,,,,,,,,,,
PSA$R,PSA$R,"Public Storage Depositary Shares Each Representing 1/1,000 of a 4.00% Cumulative Preferred Share of Bene cial Interest, Series R",NYSE,NYSE,USD,,,,,,,,,,,,,,,,,
PSA$S,PSA$S,"Public Storage Depositary Shares Each Representing 1/1,000 of a 4.100% Cumulative Preferred Share of Beneficial Interest, Series S",NYSE,NYSE,USD,,,,,,,,,,,,,,,,,
PSBD,PSBD,Palmer Square Capital BDC Inc. Common Stock,NYSE,NYSE,USD,11.350000381469727,-0.28119060108358906,11.639400305982509,11.89724757732221,12.876662121687358,-0.16031555008949994,-0.13737606657573284,33.64486730987768,1.66,4.0,Quarterly,2025-12-29,0.14625550169233073,,0.57,0.81,42.11
PSEC$A,PSEC$A,Prospect Capital Corporation 5.35% Series A Fixed Rate Cumulative Perpetual Preferred Stock,NYSE,NYSE,USD,,,,,,,,,,,,,,,,,
PSF,PSF,"Cohen & Steers Select Preferred and Income Fund, Inc. Common Stock",NYSE,NYSE,USD,20.5,-0.10707270333122743,20.481640374895836,20.451373582053623,20.37239152005385,0.03189773777875615,0.03869307424564515,49.48452391954522,1.512,12.0,Monthly,2026-02-10,0.0737560975609756,,,,
PSFE,PSFE,Paysafe Limited Common Shares,NYSE,NYSE,USD,6.110000133514404,-0.7084923473092732,7.001105174326481,7.7662060182893144,11.039026741164339,-0.3389906509084408,-0.3110374361922455,30.96773826368765,,,,,,,0.05,,-100.0
PSN,PSN,Parsons Corporation Common Stock,NYSE,NYSE,USD,,,,,,,,,,,,,,,,,
PSO,PSO,"Pearson, Plc Common Stock",NYSE,NYSE,USD,12.5600004196167,-0.32056335664131275,12.699900727736477,13.170904726984428,14.196666029314747,-0.32321129849568386,-0.3241382692006312,38.6973318673786,0.298,2.0,Semi-Annual,2025-08-15,0.023726113857016434,,,,
PSQH,PSQH,"PSQ Holdings, Inc. Class A Common Stock",NYSE,NYSE,USD,0.7519999742507935,-0.82142858312493,0.8434086602581763,1.0691263823058554,1.7387574938782662,-0.10427255696846183,-0.10639624011250293,31.979696097005288,,,,,,,-0.47,-0.2,56.38
PSQH.W,PSQH.W,"PSQ Holdings, Inc. Warrants, each exercisable for one share of Class A common stock at an exercise price of $11.50 per share",NYSE,NYSE,USD,,,,,,,,,,,,,,,,,
PSTG,PSTG,"Pure Storage, Inc. Class A Common Stock",NYSE,NYSE,USD,73.8499984741211,-0.4604556910563705,71.5696720024934,73.00274891535571,71.6531882881878,0.3271742240687274,-0.14313707931287817,51.49856019932285,,,,,,,0.39,0.53,36.34
PSTL,PSTL,"Postal Realty Trust, Inc. Class A Common Stock",NYSE,NYSE,USD,18.850000381469727,-0.12508687614938796,18.290748634758902,17.250099613326324,15.61575426169029,0.6105624379612635,0.6279586018687349,67.60128868031482,0.974,4.0,Quarterly,2026-02-13,0.05167108648748248,,,,100.0
PSX,PSX,Phillips 66 Common Stock,NYSE,NYSE,USD,159.77000427246094,-0.294032682689922,150.15305382595287,143.16947213874613,133.56601536801918,5.69221641754595,4.577628200917946,77.06700900864038,4.75,4.0,Quarterly,2025-11-17,0.029730236420972188,,5.04,6.46,28.05
PTA,PTA,Cohen & Steers Tax,NYSE,NYSE,USD,19.770000457763672,-0.11817720501496132,19.656485880966322,19.618536659667868,19.733414912658453,0.04278731587922735,0.05103336055909425,56.962055878007085,0.9380000000000001,7.0,Irregular,2025-09-09,0.04744562358528666,,,,
PTY,PTY,Pimco Corporate & Income Opportunity Fund,NYSE,NYSE,USD,,,,,,,,,,,,,,,,,
PUK,PUK,Prudential Public Limited Company Common Stock,NYSE,NYSE,USD,29.530000686645508,-0.17746347518745664,31.897614490467685,31.195816979687276,27.527962505538863,-0.11159044254266703,0.31750331648915836,33.78712336650814,0.48,2.0,Semi-Annual,2025-09-05,0.016254655903786438,,,,
PUMP,PUMP,ProPetro Holding Corp. Common Stock,NYSE,NYSE,USD,,,,,,,,,,,,,,,,,
PVH,PVH,PVH Corp. Common Stock,NYSE,NYSE,USD,68.70999908447266,-0.31601874622077775,65.95503343878134,68.54209709066572,73.95721673319714,0.16696717493586277,-0.8560778546160163,75.7716079362192,0.152,4.0,Quarterly,2025-11-26,0.002212196216348801,,1.94,2.14,10.59
PVL,PVL,Permianville Royalty Trust Units of Beneficial Interest,NYSE,NYSE,USD,1.7400000095367432,-0.14649682254103324,1.7774571899190805,1.794200197871351,1.7587891379958582,-0.01378214224948171,-0.008065042652936701,32.00000190734772,0.145,7.0,Irregular,2026-01-30,0.08333333287659275,,0.07,0.07,
PWR,PWR,"Quanta Services, Inc. Common Stock",NYSE,NYSE,USD,,,,,,,,,,,,,,,,,
PX,PX,"P10, Inc. Class A Common Stock",NYSE,NYSE,USD,8.699999809265137,-0.3656716237330543,10.156319501568426,10.27231261136621,10.820184489132261,-0.24276914649781034,-0.02062231314673968,32.07885280156363,0.1475,4.0,Quarterly,2025-11-28,0.016954023360198082,,0.18,0.19,7.55
PXED,PXED,"Phoenix Education Partners, Inc. Common Stock",NYSE,NYSE,USD,,,,,,,,,,,,,,,,,
PYT,PYT,PPlus Tr GSC,NYSE,NYSE,USD,23.579999923706055,-0.06538612664561438,23.67194877897125,23.564820255352227,23.343623727597173,0.0700525706341999,0.08295181934755498,45.94592156423055,1.3359999999999999,4.0,Quarterly,2026-02-13,0.05665818508577932,,,,
Q,Q,"Qnity Electronics, Inc. Common Stock",NYSE,NYSE,USD,111.69000244140625,-0.27123180807949143,101.22202515214197,94.8154523643449,92.94082684374993,5.1063079893186085,4.067475622980261,63.54412198734701,0.06,1.0,Annual,2025-11-28,0.0005372011701000421,,,,
QBTS,QBTS,D,NYSE,NYSE,USD,19.670000076293945,-0.6156766513260972,22.163903855770247,24.536996568381316,21.695214081642003,-2.0383051033098134,-1.8142802599010872,38.056206258984666,,,,,,,,-0.12,
QD,QD,"Qudian Inc. American Depositary Shares, each representing one Class A Ordinary Share",NYSE,NYSE,USD,,,,,,,,,,,,,,,,,
QGEN,QGEN,Qiagen N.V. Common Shares,NYSE,NYSE,USD,50.40999984741211,-0.16856534828944092,51.17004854276524,49.55185661682193,46.729374784525106,0.4754998509286352,0.9751314109064929,6.802778755718791,0.25,1.0,Annual,2025-07-02,0.004959333480593815,,0.47,0.51,9.23
QS,QS,QuantumScape Corporation Class A Common Stock,NYSE,NYSE,USD,,,,,,,,,,,,,,,,,
QSR,QSR,Restaurant Brands International Inc. Common Shares,NYSE,NYSE,USD,66.13999938964844,-0.14083332485622835,68.58253713409101,68.69624913242373,67.60518991173227,-0.11165763647095162,-0.010219498064009722,45.503595147922496,2.48,4.0,Quarterly,2025-12-23,0.03749622048512061,,0.8,0.96,19.7
QTWO,QTWO,"Q2 Holdings, Inc. Common Stock",NYSE,NYSE,USD,53.22999954223633,-0.4494594036835554,59.98787143174816,65.14631698119987,73.67472122770481,-4.016759572039,-3.4615263150714535,17.081421628117212,,,,,,,0.04,0.1,178.4
QUAD,QUAD,"Quad Graphics, Inc Class A Common Stock",NYSE,NYSE,USD,,,,,,,,,,,,,,,,,
QVCC,QVCC,"QVC, Inc. 6.250% Senior Secured Notes due 2068",NYSE,NYSE,USD,8.489999771118164,-0.39711766630927425,8.45655753351437,8.770774705255345,9.618140084315161,-0.06354164773558146,-0.11390898680228273,56.208609827024254,1.564,4.0,Quarterly,2025-12-01,0.18421673052577897,,,,
QVCD,QVCD,"QVC, Inc. 6.375% Senior Secured Notes due 2067",NYSE,NYSE,USD,8.489999771118164,-0.38486058383560817,8.525353598535053,8.84645173548488,9.69219958545801,-0.07739628638435647,-0.11703401850218752,53.43510227793493,1.592,4.0,Quarterly,2025-12-01,0.18751472825897708,,,,
QXO,QXO,"QXO, Inc. Common Stock",NYSE,NYSE,USD,27.06999969482422,-0.3325041533463964,23.936278655960567,22.618904654426064,19.814398312840535,0.7708720529750472,0.4156682710299741,61.58401181172898,,,,,,,,,
QXO$B,QXO$B,"QXO, Inc.  Depositary Shares, each representing a 1/20th interest in a share of 5.50% Series B Mandatory Convertible Preferred Stock",NYSE,NYSE,USD,,,,,,,,,,,,,,,,,
R,R,"Ryder System, Inc. Common Stock",NYSE,NYSE,USD,213.77000427246094,-0.2385911491701984,204.60576351066086,195.44257264035699,180.28523819601682,6.417276885550166,5.421110779587346,70.93631913354976,3.4400000000000004,4.0,Quarterly,2025-11-17,0.016092061239871346,,2.91,3.61,23.99
RA,RA,Brookfield Real Assets Income Fund Inc. Common Stock,NYSE,NYSE,USD,,,,,,,,,,,,,,,,,
RAC,RAC,Rithm Acquisition Corp. Class A Ordinary Shares,NYSE,NYSE,USD,10.420000076293945,-0.011627896231359958,10.406025055916576,10.383033876907536,10.26443444297611,0.012511449622436999,0.0131552225428532,58.92866265901466,,,,,,,,,
RAC.U,RAC.U,Rithm Acquisition Corp. Units (each consists of one Class A Ordinary Share and one,NYSE,NYSE,USD,,,,,,,,,,,,,,,,,
RAC.W,RAC.W,"Rithm Acquisition Corp. Redeemable warrants, each whole warrant exercisable for one Class A ordinary share at an exercise price of $11.50",NYSE,NYSE,USD,,,,,,,,,,,,,,,,,
RACE,RACE,Ferrari N.V. Common Shares,NYSE,NYSE,USD,,,,,,,,,,,,,,,,,
RAL,RAL,Ralliant Corporation Common Stock,NYSE,NYSE,USD,,,,,,,,,,,,,,,,,
RAMP,RAMP,"LiveRamp Holdings, Inc. Common Stock",NYSE,NYSE,USD,24.360000610351562,-0.3444444568378726,24.445318339693284,26.156987038845223,28.37931013867552,-0.996009080222958,-1.1436144582063412,39.63554010753272,,,,,,,0.09,0.22,138.48
RBA,RBA,"RB Global, Inc. Common Stock",NYSE,NYSE,USD,102.0,-0.196635866970311,112.08208688306561,109.54350480924394,106.06370289767594,-0.03746083327861527,1.8095092520171558,25.823108886815305,0.29,1.0,Annual,2025-05-29,0.0028431372549019606,,0.33,0.38,15.74
RBC,RBC,RBC Bearings Incorporated Common Stock,NYSE,NYSE,USD,,,,,,,,,,,,,,,,,
RBLX,RBLX,Roblox Corporation Class A Common Stock,NYSE,NYSE,USD,63.16999816894531,-0.572124888814346,70.36993930394632,80.0636923243801,93.19683599360908,-4.22364299516984,-4.261214433774458,38.53152404009839,,,,,,,-0.35,-0.5,-43.58
RBOT,RBOT,Vicarious Surgical Inc. Class A Common Stock,NYSE,NYSE,USD,,,,,,,,,,,,,,,,,
RBOT.W,RBOT.W,"Vicarious Surgical Inc. Warrants, each whole warrant exercisable for one share of Class A Common Stock at an exercise price of $11.50 per share",NYSE,NYSE,USD,,,,,,,,,,,,,,,,,
RBRK,RBRK,"Rubrik, Inc. Class A Common Stock",NYSE,NYSE,USD,54.54999923706055,-0.5153398717873108,58.27154583920945,65.798183263281,74.74512005647912,-4.710697471803826,-5.017945634024157,29.342937105804666,,,,,,,,,
RC,RC,Ready Capital Corporation Common Stock,NYSE,NYSE,USD,1.690000057220459,-0.7604617593447528,2.0081221635167443,2.254547295980724,3.4030329397001076,-0.13335447340300055,-0.08927399898818816,19.565215137820203,0.385,4.0,Quarterly,2025-12-31,0.22781064317430205,,0.43,0.42,-1.18
RC$C,RC$C,Ready Capital Corporation 6.25% Series C Cumulative Convertible Preferred Stock,NYSE,NYSE,USD,,,,,,,,,,,,,,,,,
RC$E,RC$E,Ready Capital Corporation 6.50% Series E Cumulative Redeemable Preferred Stock,NYSE,NYSE,USD,,,,,,,,,,,,,,,,,
RCB,RCB,Ready Capital Corporation 6.20% Senior Notes due 2026,NYSE,NYSE,USD,24.75,-0.04921343992121319,24.653448466076693,24.608156242759826,24.466391297123067,0.032478618672076465,0.021937061192768243,60.526447878062854,1.552,4.0,Quarterly,2026-01-15,0.06270707070707071,,,,
RCC,RCC,Ready Capital Corporation 5.75% Senior Notes due 2026,NYSE,NYSE,USD,,,,,,,,,,,,,,,,,
RCD,RCD,Ready Capital Corporation 9.00% Senior Notes due 2029,NYSE,NYSE,USD,21.360000610351562,-0.18925322438762693,21.365112508021983,21.758756659591292,22.956368434443306,-0.09306763987391165,-0.11189391766714418,33.33337842426144,1.6889999999999998,3.0,Irregular,2025-12-01,0.07907303144839192,,,,
RCI,RCI,"Rogers Communication, Inc. Common Stock",NYSE,NYSE,USD,,,,,,,,,,,,,,,,,
RCL,RCL,Royal Caribbean Cruises Ltd. Common Stock,NYSE,NYSE,USD,319.6099853515625,-0.32604830841929566,319.9159086312973,303.40948901917795,291.177707277306,12.529823904716636,12.620633029454446,58.71885720192823,3.5,4.0,Quarterly,2025-12-26,0.010950846845883407,,0.19,0.26,39.17
RCS,RCS,"PIMCO Strategic Income Fund, Inc.",NYSE,NYSE,USD,,,,,,,,,,,,,,,,,
RCUS,RCUS,"Arcus Biosciences, Inc. Common Stock",NYSE,NYSE,USD,,,,,,,,,,,,,,,,,
RDDT,RDDT,"Reddit, Inc. Class A Common Stock",NYSE,NYSE,USD,139.64999389648438,-0.5574396501620829,171.75681592666268,197.24797914387523,195.59660611528537,-23.93248910058648,-20.13380965973183,16.80723724657109,,,,,,,,,
RDN,RDN,Radian Group Inc. Common Stock,NYSE,NYSE,USD,,,,,,,,,,,,,,,,,
RDW,RDW,Redwire Corporation Common Stock,NYSE,NYSE,USD,8.020000457763672,-0.7857747771805852,9.950192155568194,9.478180385409603,10.922535212296454,-0.3178470809914966,0.20570371528892428,38.70967942773683,,,,,,,-0.13,-0.43,-230.77
RDY,RDY,Dr. Reddy's Laboratories Ltd Common Stock,NYSE,NYSE,USD,,,,,,,,,,,,,,,,,
RELX,RELX,RELX PLC PLC American Depositary Shares (Each representing One Ordinary Share),NYSE,NYSE,USD,31.059999465942383,-0.5017966292084777,33.458916337076474,37.486335992265026,44.0017899374256,-3.1030559282728305,-2.7084488551517727,23.47771592763185,0.8220000000000001,2.0,Semi-Annual,2025-08-08,0.02646490708737235,,,,
RERE,RERE,ATRenew Inc. American Depositary Shares (every three of which representing two Class A ordinary shares),NYSE,NYSE,USD,5.650000095367432,-0.4252873594717741,5.806166502188997,5.508535917721535,4.465078952512545,0.05553554071307598,0.09896226251480265,47.08333507180276,,,,,,,-0.44,-0.05,88.64
RES,RES,"RPC, Inc. Common Stock",NYSE,NYSE,USD,,,,,,,,,,,,,,,,,
REVG,REVG,"REV Group, Inc. Common Stock",NYSE,NYSE,USD,,,,,,,,,,,,,,,,,
REX,REX,REX American Resources Corporation,NYSE,NYSE,USD,,,,,,,,,,,,,,,,,
REXR,REXR,"Rexford Industrial Realty, Inc. Common Stock",NYSE,NYSE,USD,37.20000076293945,-0.23743964900363612,39.00597221094524,39.77773771310351,39.7451617336438,-0.6824233498696728,-0.3723154618766004,37.457425591668446,1.72,4.0,Quarterly,2025-12-31,0.04623655819151359,,0.22,0.3,36.36
REXR$B,REXR$B,"Rexford Industrial Realty, Inc. 5.875% Series B Cumulative Redeemable Preferred Stock",NYSE,NYSE,USD,,,,,,,,,,,,,,,,,
REXR$C,REXR$C,"Rexford Industrial Realty, Inc. 5.625% Series C Cumulative Redeemable Preferred Stock, par value $0.01 per share",NYSE,NYSE,USD,,,,,,,,,,,,,,,,,
REZI,REZI,"Resideo Technologies, Inc. Common Stock ",NYSE,NYSE,USD,35.83000183105469,-0.3521348331751448,35.721172951637094,35.69775329458607,32.25322358815456,0.024604711542018265,-0.03238608014044686,52.92276118615513,,,,,,,0.56,0.42,-25.0
RF,RF,Regions Financial Corporation Common Stock,NYSE,NYSE,USD,29.739999771118164,-0.2562854717733284,29.457280595224866,28.23871584951995,26.0001962417416,0.7146855413475457,0.6853154250504755,70.92049073898946,1.03,4.0,Quarterly,2025-12-01,0.03463349051536573,,0.66,0.62,-5.63
RF$C,RF$C,"Regions Financial Corporation Depositary Shares, each Representing a 1/40th Interest in a  Share of 5.700% Fixed",NYSE,NYSE,USD,,,,,,,,,,,,,,,,,
RF$E,RF$E,"Regions Financial Corporation Depositary Shares, Each Representing a 1/40th Interest in a Share of 4.45% Non",NYSE,NYSE,USD,,,,,,,,,,,,,,,,,
RF$F,RF$F,Regions Financial Corporation Depositary Shares Each Representing a 1/40th Interest in a Share of Non,NYSE,NYSE,USD,,,,,,,,,,,,,,,,,
RFI,RFI,"Cohen & Steers Total Return Realty Fund, Inc. Common Stock",NYSE,NYSE,USD,11.9399995803833,-0.1370967630293065,11.412663431372561,11.299104984078626,11.575475460559657,0.1806697471800227,0.10060181884626557,79.68752211894872,0.96,12.0,Monthly,2026-02-10,0.08040201287588168,,,,
RFL,RFL,"Rafael Holdings, Inc. Class B Common Stock",NYSE,NYSE,USD,1.2000000476837158,-0.5929824542324151,1.206240923347108,1.237549127055933,1.447864763330149,-0.00941572256360268,-0.012795781551035458,50.0,,,,,,,,,
RFM,RFM,"RiverNorth Flexible Municipal Income Fund, Inc. Common Stock",NYSE,NYSE,USD,14.65999984741211,-0.13558243852761676,14.491657737651414,14.331726439764331,14.35691763204661,0.1492651823115363,0.1258491514063827,80.95238095238095,1.116,12.0,Monthly,2026-02-13,0.07612551238852874,,,,
RFMZ,RFMZ,"RiverNorth Flexible Municipal Income Fund II, Inc. Common Stock",NYSE,NYSE,USD,13.100000381469727,-0.14305749853504657,13.068485765866908,12.982188732833794,13.01361228516723,0.07098237440826694,0.06348784533991966,73.77050205509113,1.02,12.0,Monthly,2026-02-13,0.07786259315250213,,,,
RGA,RGA,"Reinsurance Group of America, Incorporated Common Stock",NYSE,NYSE,USD,219.74000549316406,-0.16956926687651108,209.91359960295458,203.190555086316,197.01431946136637,5.9193403955919734,3.831712026634075,69.09615293031747,3.64,4.0,Quarterly,2025-11-10,0.016565030986645888,,3.38,5.16,52.76
RGR,RGR,"Sturm, Ruger & Company, Inc. Common Stock",NYSE,NYSE,USD,,,,,,,,,,,,,,,,,
RGT,RGT,"Royce Global Trust, Inc. Common Stock",NYSE,NYSE,USD,14.34000015258789,-0.16829915108545634,14.136890454747558,13.64563159508149,12.700061750894786,0.25929230792349145,0.28484175384387633,55.762086397172865,0.19,1.0,Annual,2025-12-11,0.013249651183979336,,,,
RH,RH,RH Common Stock,NYSE,NYSE,USD,205.05999755859375,-0.6405924190956013,205.0801527340716,197.91569611481611,211.4017754381757,0.46276793429672125,2.4794552012534243,42.530082934626876,,,,,,,4.7,5.67,20.57
RHI,RHI,Robert Half Inc. Common Stock,NYSE,NYSE,USD,,,,,,,,,,,,,,,,,
RHLD,RHLD,Resolute Holdings Management Common Stock ,NYSE,NYSE,USD,,,,,,,,,,,,,,,,,
RHP,RHP,"Ryman Hospitality Properties, Inc. (REIT)",NYSE,NYSE,USD,,,,,,,,,,,,,,,,,
RIG,RIG,Transocean Ltd (Switzerland) Common Stock,NYSE,NYSE,USD,,,,,,,,,,,,,,,,,
RIO,RIO,Rio Tinto Plc Common Stock,NYSE,NYSE,USD,,,,,,,,,,,,,,,,,
RITM,RITM,Rithm Capital Corp. Common Stock,NYSE,NYSE,USD,,,,,,,,,,,,,,,,,
RITM$A,RITM$A,Rithm Capital Corp. 7.50% Series A Fixed,NYSE,NYSE,USD,,,,,,,,,,,,,,,,,
RITM$B,RITM$B,Rithm Capital Corp. 7.125% Series B Fixed,NYSE,NYSE,USD,,,,,,,,,,,,,,,,,
RITM$C,RITM$C,Rithm Capital Corp. 6.375% Series C Fixed,NYSE,NYSE,USD,,,,,,,,,,,,,,,,,
RITM$D,RITM$D,Rithm Capital Corp. 7.00% Fixed,NYSE,NYSE,USD,,,,,,,,,,,,,,,,,
RITM$E,RITM$E,Rithm Capital Corp. 8.75% Series E Fixed,NYSE,NYSE,USD,,,,,,,,,,,,,,,,,
RIV,RIV,"RiverNorth Opportunities Fund, Inc. Common Stock",NYSE,NYSE,USD,11.920000076293945,-0.16103060472822117,11.994299028860798,11.89212902454492,11.810370290431978,0.05082677658974788,0.06277016886261338,45.52242842461562,1.519632,12.0,Monthly,2026-02-13,0.1274859052242951,,,,
RIV$A,RIV$A,"RiverNorth Opportunities Fund, Inc. 6.00% Series A Perpetual Preferred Stock",NYSE,NYSE,USD,,,,,,,,,,,,,,,,,
RJF,RJF,"Raymond James Financial, Inc. Common Stock",NYSE,NYSE,USD,158.67999267578125,-0.23160574861514538,165.3248386237476,165.30241267449506,161.68285295711263,-1.5952619642966397,-0.10764729767499437,34.954890861489886,2.04,4.0,Quarterly,2026-01-02,0.01285606310915439,,2.0,2.08,3.98
RJF$B,RJF$B,"Raymond James Financial, Inc. Depositary Shares, each representing a 1/40th interest in a share of 6.375% Fixed",NYSE,NYSE,USD,,,,,,,,,,,,,,,,,
RKT,RKT,"Rocket Companies, Inc. Class A Common Stock",NYSE,NYSE,USD,18.68000030517578,-0.2954978228166302,19.7516326598017,19.774671657343802,17.68459769725608,-0.5370251052006623,-0.28744076486317427,39.44954785185487,0.8,1.0,Annual,2025-03-20,0.04282655176286797,,-0.03,-0.08,-194.77
RL,RL,Ralph Lauren Corporation Common Stock,NYSE,NYSE,USD,,,,,,,,,,,,,,,,,
RLI,RLI,RLI Corp. Common Stock (DE),NYSE,NYSE,USD,61.619998931884766,-0.29510020495147893,60.71691195923413,61.27700342463545,65.49888755421061,0.3221003617372702,-0.19325377408734395,62.80586803638959,2.63,4.0,Quarterly,2025-11-28,0.042680948484066394,,1.16,1.53,31.41
RLJ,RLJ,RLJ Lodging Trust Common Shares of Beneficial Interest $0.01 par value,NYSE,NYSE,USD,8.289999961853027,-0.3480492757851903,7.874089498221937,7.677818514530596,7.689040477091729,0.1781067205825151,0.09709419105523001,66.66666666666666,0.6,4.0,Quarterly,2025-12-31,0.07237635738973931,,,,100.0
RLJ$A,RLJ$A,RLJ Lodging Trust $1.95 Series A Cumulative Convertible  Preferred Shares,NYSE,NYSE,USD,,,,,,,,,,,,,,,,,
RLTY,RLTY,Cohen & Steers Real Estate Opportunities and Income Fund Common Shares of Beneficial Interest,NYSE,NYSE,USD,,,,,,,,,,,,,,,,,
RLX,RLX,"RLX Technology Inc. American Depositary Shares, each representing the right to receive one (1) Class A ordinary share",NYSE,NYSE,USD,,,,,,,,,,,,,,,,,
RM,RM,Regional Management Corp. Common Stock,NYSE,NYSE,USD,,,,,,,,,,,,,,,,,
RMAX,RMAX,"RE/MAX Holdings, Inc. Class A Common Stock",NYSE,NYSE,USD,,,,,,,,,,,,,,,,,
RMD,RMD,ResMed Inc. Common Stock,NYSE,NYSE,USD,,,,,,,,,,,,,,,,,
RMI,RMI,"RiverNorth Opportunistic Municipal Income Fund, Inc. Common Stock",NYSE,NYSE,USD,,,,,,,,,,,,,,,,,
RMM,RMM,"RiverNorth Managed Duration Municipal Income Fund, Inc. Common Stock",NYSE,NYSE,USD,14.569999694824219,-0.14088212302599923,14.279407536412803,14.086180010924593,14.040148103286326,0.17482201299845812,0.13774371566226706,77.90697158639779,1.08,12.0,Monthly,2026-02-13,0.07412491575985787,,,,
RMMZ,RMMZ,"RiverNorth Managed Duration Municipal Income Fund II, Inc. Common Stock",NYSE,NYSE,USD,,,,,,,,,,,,,,,,,
RMT,RMT,Royce Micro,NYSE,NYSE,USD,,,,,,,,,,,,,,,,,
RNG,RNG,"RingCentral, Inc. Class A Common Stock",NYSE,NYSE,USD,30.190000534057617,-0.3637977120617879,27.576516227066385,27.901129969296314,28.59593987326728,0.14992895510976822,-0.31259179863283826,60.11949488171092,,,,,,,0.51,0.55,8.9
RNGR,RNGR,"Ranger Energy Services, Inc. Class A Common Stock",NYSE,NYSE,USD,16.899999618530273,-0.4109513460469514,15.852851519394235,14.994018557532986,14.253648429548463,0.5730711882738788,0.528213585151211,65.15427552724724,0.24,4.0,Quarterly,2025-11-21,0.01420118375250424,,0.29,0.25,-14.09
RNP,RNP,"Cohen & Steers REIT and Preferred and Income Fund, Inc. Common Shares",NYSE,NYSE,USD,,,,,,,,,,,,,,,,,
RNR,RNR,RenaissanceRe Holdings Ltd. Common Stock,NYSE,NYSE,USD,301.3699951171875,-0.13271917988022686,290.5410438418425,279.8204011851589,259.79027484203544,7.907800283905829,6.0058041678727365,65.72057398761599,1.2000000000000002,3.0,Irregular,2025-09-15,0.003981816436415248,,6.4,7.33,14.53
RNR$F,RNR$F,"RenaissanceRe Holdings Ltd. Depositary Shares, each Representing a 1/1,000th Interest in a 5.750% Series F Preference Share",NYSE,NYSE,USD,,,,,,,,,,,,,,,,,
RNR$G,RNR$G,"RenaissanceRe Holdings Ltd. Depositary Shares, each representing a 1/1,000th interest in a share of 4.20% Series G Preference Shares",NYSE,NYSE,USD,,,,,,,,,,,,,,,,,
RNST,RNST,Renasant Corporation Common Stock,NYSE,NYSE,USD,40.72999954223633,-0.28010403755685953,39.30212028193964,37.759851620474095,36.68727553627101,1.1909147537724465,1.0537255644109702,72.46753542715709,0.89,4.0,Quarterly,2025-12-18,0.021851215565988034,,0.77,0.79,1.97
ROG,ROG,Rogers Corporation Common Stock,NYSE,NYSE,USD,107.79000091552734,-0.41964976213919514,102.4118769547693,96.60846189581524,85.82328829074747,3.574121981651672,2.8750976115501365,70.60824843972294,,,,,,,,,
ROK,ROK,"Rockwell Automation, Inc. Common Stock",NYSE,NYSE,USD,394.3699951171875,-0.27775576716611294,410.42319199949577,404.0538094968656,363.5662662825718,-2.3190759234117877,2.062682862550604,38.407410115571025,5.3100000000000005,4.0,Quarterly,2025-11-17,0.013464513187475451,,2.97,3.04,2.23
ROL,ROL,"Rollins, Inc. Common Stock",NYSE,NYSE,USD,,,,,,,,,,,,,,,,,
RPM,RPM,RPM International Inc. Common Stock,NYSE,NYSE,USD,118.20999908447266,-0.22224894944375728,113.80216763439441,110.92266326883907,112.9299605390842,2.9627939358267668,2.1247848116499233,76.61083264852051,2.1,4.0,Quarterly,2026-01-16,0.01776499463889974,,1.33,1.47,10.34
RPT,RPT,Rithm Property Trust Inc. Common stock,NYSE,NYSE,USD,,,,,,,,,,,,,,,,,
RPT$C,RPT$C,Rithm Property Trust Inc. 9.875% Series C Fixed,NYSE,NYSE,USD,,,,,,,,,,,,,,,,,
RQI,RQI,Cohen & Steers Quality Income Realty Fund Inc Common Shares,NYSE,NYSE,USD,13.210000038146973,-0.1876876919878182,12.470045055846528,12.149533190302211,12.19622463028343,0.29903788344632254,0.22329147742975733,80.6060746178077,1.11,13.0,Monthly,2026-02-10,0.08402725183910786,,,,
RRC,RRC,Range Resources Corporation Common Stock,NYSE,NYSE,USD,,,,,,,,,,,,,,,,,
RRX,RRX,Regal Rexnord Corporation Common Stock,NYSE,NYSE,USD,220.19000244140625,-0.3142815570884179,188.29818563584115,167.37114809106663,148.81808683796436,18.339926701197783,13.508225295808385,87.64660146387571,1.4,4.0,Quarterly,2025-12-31,0.006358145167706002,,2.09,2.22,6.05
RS,RS,"Reliance, Inc. Common Stock",NYSE,NYSE,USD,,,,,,,,,,,,,,,,,
RSF,RSF,RiverNorth Capital and Income Fund Common Stock,NYSE,NYSE,USD,,,,,,,,,,,,,,,,,
RSG,RSG,"Republic Services, Inc. Common Stock",NYSE,NYSE,USD,223.1699981689453,-0.20905184901728124,218.62614154266595,216.4439213305701,223.59956020640786,2.6177889332898303,1.9658370313417604,56.9676243396091,2.41,4.0,Quarterly,2026-01-02,0.010798942598796678,,1.22,1.34,9.77
RSI,RSI,"Rush Street Interactive, Inc. Class A Common Stock",NYSE,NYSE,USD,,,,,,,,,,,,,,,,,
RSKD,RSKD,Riskified Ltd. Class A Ordinary Shares,NYSE,NYSE,USD,4.489999771118164,-0.3049403742335066,4.466525633082365,4.621643571254155,4.853586812574015,-0.08763071579290038,-0.11627437785095066,45.37814587289446,,,,,,,-0.15,-0.08,45.27
RTO,RTO,Rentokil Initial plc American Depositary Shares (each representing five (5) Ordinary Shares),NYSE,NYSE,USD,,,,,,,,,,,,,,,,,
RTX,RTX,RTX Corporation Common Stock,NYSE,NYSE,USD,200.05999755859375,-0.16150673058126241,197.0721038330912,190.13820001202905,167.4305200217373,2.3982150258470654,3.015627766253261,58.790388540656345,2.67,4.0,Quarterly,2025-11-21,0.013345996364005793,,1.14,1.21,6.35
RVLV,RVLV,"Revolve Group, Inc. Class A Common Stock",NYSE,NYSE,USD,25.09000015258789,-0.453760009765625,27.334885896915704,27.45289644418419,25.309926417711353,-0.9905523956354543,-0.6199849941914836,16.620904313014492,,,,,,,0.09,0.16,87.13
RVT,RVT,Royce Small,NYSE,NYSE,USD,18.3700008392334,-0.23265811556307414,17.639265039119614,17.048877367541163,16.162285072758838,0.3665991385317753,0.3256984889771629,69.154219885749,1.42,4.0,Quarterly,2025-12-11,0.07729994203197098,,,,
RVTY,RVTY,"Revvity, Inc. Common Stock",NYSE,NYSE,USD,96.02999877929688,-0.30220758134519843,103.8575540417738,103.03835857520015,99.37119773198543,-1.941962985814314,-0.25471032443581193,24.119785860987307,0.28,4.0,Quarterly,2026-01-16,0.002915755530139247,,1.06,1.01,-5.05
RWT,RWT,"Redwood Trust, Inc. Common Stock",NYSE,NYSE,USD,6.590000152587891,-0.2589820454387277,5.806541627324045,5.687520918495684,5.759223845081794,0.12757148896011827,0.03748871793093453,65.39924616177625,0.72,4.0,Quarterly,2025-12-23,0.10925644663562811,,-0.07,-0.44,-493.79
RWT$A,RWT$A,"Redwood Trust, Inc. 10.00% Series A Fixed",NYSE,NYSE,USD,,,,,,,,,,,,,,,,,
RWTN,RWTN,"Redwood Trust, Inc. 9.125% Senior Notes Due 2029",NYSE,NYSE,USD,,,,,,,,,,,,,,,,,
RWTO,RWTO,"Redwood Trust, Inc. 9.00% Senior Notes Due 2029",NYSE,NYSE,USD,24.81999969482422,-0.07074342227737418,25.118055702232475,25.032357194783355,24.76519751854501,0.021535211000628607,0.040122214495132175,35.80244587901059,,,,,,,,,
RWTP,RWTP,"Redwood Trust, Inc. 9.125% Senior Notes Due 2030",NYSE,NYSE,USD,24.5,-0.05599998474121093,24.977926504383028,24.848670503569778,24.69174226774398,0.07925860539806351,0.10661658238529083,36.55171688046555,,,,,,,,,
RWTQ,RWTQ,"Redwood Trust, Inc. 9.500% Senior Notes Due 2030",NYSE,NYSE,USD,24.850000381469727,-0.051526730616715644,25.147301234514963,25.206162478817635,25.061719060584974,-0.08591553421601716,-0.08509454271204106,35.483965243286235,,,,,,,,,
RXO,RXO,"RXO, Inc. Common Stock",NYSE,NYSE,USD,13.510000228881836,-0.5255772082460319,15.181867922726266,14.838400190552681,15.736142699434586,0.11637544716176684,0.39792431037057313,41.71011403915971,,,,,,,,,
RY,RY,Royal Bank Of Canada Common Stock,NYSE,NYSE,USD,,,,,,,,,,,,,,,,,
RYAM,RYAM,Rayonier Advanced Materials Inc. Common Stock,NYSE,NYSE,USD,8.239999771118164,-0.5310077232836264,8.015172625908807,7.432583486700691,6.463003698420668,0.2587518415817476,0.3131501583179438,44.77611657035817,,,,,,,0.07,0.02,-69.23
RYAN,RYAN,"Ryan Specialty Holdings, Inc. Class A Common Stock",NYSE,NYSE,USD,38.709999084472656,-0.4901883454643686,46.50212066655487,49.77803409876651,56.67580590214364,-2.3587811440446274,-1.7430864427658552,24.56915675486151,0.48,4.0,Quarterly,2025-11-10,0.012399896960796814,,0.26,0.25,-2.34
RYI,RYI,Ryerson Holding Corporation Common Stock,NYSE,NYSE,USD,,,,,,,,,,,,,,,,,
RYN,RYN,Rayonier Inc. REIT Common Stock,NYSE,NYSE,USD,23.600000381469727,-0.24610477733426817,22.807701139365708,22.797119428935243,23.707598391282723,-0.016087765925941966,0.005460421184010843,53.04878970683842,2.492,5.0,Irregular,2025-12-10,0.10559321863217727,,0.11,0.01,-90.93
RZB,RZB,"Reinsurance Group of America, Incorporated 5.75% Fixed",NYSE,NYSE,USD,25.139999389648438,-0.02435124637051722,25.09116260926104,25.020879978228194,24.92788257831458,0.048827964126985535,0.04527295507653524,54.09829401906096,1.436,4.0,Quarterly,2025-12-01,0.05712012867396021,,3.14,3.1,-1.27
RZC,RZC,"Reinsurance Group of America, Incorporated 7.125% Fixed",NYSE,NYSE,USD,25.549999237060547,-0.05154640526693299,25.47585412457177,25.525511544536418,25.66474580474586,-0.011330458178832714,-0.028380786204549487,66.66666666666666,1.78,4.0,Quarterly,2025-12-31,0.06966732106269855,,,,
S,S,"SentinelOne, Inc. Class A Common Stock",NYSE,NYSE,USD,13.869999885559082,-0.478629003913295,13.877587566055416,14.625862001469656,17.00367928202808,-0.34680133550360104,-0.3685805839821569,44.651156119960156,,,,,,,-0.22,-0.16,27.0
SA,SA,"Seabridge Gold, Inc. Ordinary Shares (Canada)",NYSE,NYSE,USD,34.0099983215332,-0.24715753925787298,31.849331887842048,30.37353917276986,23.354065177439605,0.4271375323182838,0.2728231370794817,50.5371483955046,,,,,,,-0.06,0.06,192.31
SABA,SABA,Saba Capital Income & Opportunities Fund II Shares of Beneficial Interest,NYSE,NYSE,USD,8.010000228881836,-0.15217387473425403,8.127985107874204,8.324047783061516,8.711596269573036,-0.0962037770714872,-0.0969075357646385,21.875158324516832,0.796,13.0,Monthly,2026-02-10,0.0993757774350424,,,,
SAC.U,SAC.U,"Safeguard Acquisition Corp. Units, each consisting of one Class A ordinary share and one",NYSE,NYSE,USD,,,,,,,,,,,,,,,,,
SAFE,SAFE,Safehold Inc. New Common Stock ,NYSE,NYSE,USD,,,,,,,,,,,,,,,,,
SAH,SAH,"Sonic Automotive, Inc. Common Stock",NYSE,NYSE,USD,,,,,,,,,,,,,,,,,
SAJ,SAJ,Saratoga Investment Corp 8.00% Notes due 2027,NYSE,NYSE,USD,25.30500030517578,-0.043091296228160436,25.702063019794405,25.600207577793682,25.482476803502006,0.020629978219396605,0.07432351630816866,30.58396356629561,2.0,4.0,Quarterly,2026-02-13,0.07903576272990316,,,,
SAM,SAM,"Boston Beer Company, Inc. (The) Common Stock",NYSE,NYSE,USD,,,,,,,,,,,,,,,,,
SAN,SAN,"Banco Santander, S.A. Sponsored ADR (Spain)",NYSE,NYSE,USD,11.859999656677246,-0.1988795662251025,12.360869588349605,11.918249385427039,10.099153384876416,0.07921647474159066,0.19378422273669435,39.8496303500411,0.124,1.0,Annual,2025-04-30,0.010455312275678466,,,,
SAP,SAP,SAP  SE ADS,NYSE,NYSE,USD,204.52999877929688,-0.36751836014949923,213.89727270338213,228.71375863187438,256.82280043923305,-9.078967097817952,-9.187205192665282,30.747468254293693,2.63,1.0,Annual,2025-05-13,0.01285874940447228,,1.1,1.27,15.98
SAR,SAR,Saratoga Investment Corp New,NYSE,NYSE,USD,,,,,,,,,,,,,,,,,
SARO,SARO,"StandardAero, Inc. Common Stock",NYSE,NYSE,USD,,,,,,,,,,,,,,,,,
SAT,SAT,Saratoga Investment Corp 6.00% Notes due 2027,NYSE,NYSE,USD,,,,,,,,,,,,,,,,,
SAY,SAY,Saratoga Investment Corp 8.125% Notes due 2027,NYSE,NYSE,USD,,,,,,,,,,,,,,,,,
SAZ,SAZ,Saratoga Investment Corp 8.50% Notes due 2028,NYSE,NYSE,USD,25.229999542236328,-0.022512668092080523,25.546030399704954,25.484974625931162,25.418702130752266,0.03433235891466424,0.05577049111028144,34.749374084501184,2.124,4.0,Quarterly,2026-02-13,0.08418549498759657,,,,
SB,SB,"Safe Bulkers, Inc Common Stock ($0.001 par value)",NYSE,NYSE,USD,,,,,,,,,,,,,,,,,
SB$C,SB$C,"Safe Bulkers, Inc Cumulative Redeemable Perpetual Preferred Series C (Marshall Islands)",NYSE,NYSE,USD,,,,,,,,,,,,,,,,,
SB$D,SB$D,"Safe Bulkers, Inc Perpetual Preferred Series D (Marshall Islands)",NYSE,NYSE,USD,,,,,,,,,,,,,,,,,
SBDS,SBDS,"Solo Brands, Inc. Class A Common Stock",NYSE,NYSE,USD,7.920000076293945,-0.9779116467906322,6.620417866494435,7.404624113735179,12.31231354587817,0.019241755598665478,-0.18657402763574527,42.391307406125634,,,,,,,,,
SBH,SBH,"Sally Beauty Holdings, Inc. (Name to be changed from Sally Holdings, Inc.) Common Stock",NYSE,NYSE,USD,16.31999969482422,-0.18684759667101958,15.819451798765886,15.49987697048527,13.585771025146451,0.14859049203640673,0.192251351635351,56.606610455225045,,,,,,,0.48,0.5,3.81
SBI,SBI,Western Asset Intermediate Muni Fund Inc Common Stock,NYSE,NYSE,USD,,,,,,,,,,,,,,,,,
SBR,SBR,Sabine Royalty Trust Common Stock,NYSE,NYSE,USD,,,,,,,,,,,,,,,,,
SBS,SBS,Companhia de saneamento Basico Do Estado De Sao Paulo ,NYSE,NYSE,USD,,,,,,,,,,,,,,,,,
SBSI,SBSI,"Southside Bancshares, Inc. Common Stock",NYSE,NYSE,USD,,,,,,,,,,,,,,,,,
SBSW,SBSW,D/B/A Sibanye,NYSE,NYSE,USD,,,,,,,,,,,,,,,,,
SBXD,SBXD,SilverBox Corp IV Class A Ordinary Shares,NYSE,NYSE,USD,10.640000343322754,-0.07589280734560844,10.63104130602575,10.601476937349572,10.517135970077371,0.013265759360681528,0.01603279881369281,50.0,,,,,,,,,
SBXD.U,SBXD.U,"SilverBox Corp IV Units, each consisting of one Class A ordinary share and one",NYSE,NYSE,USD,,,,,,,,,,,,,,,,,
SBXD.W,SBXD.W,"SilverBox Corp IV Redeemable warrants, each whole warrant exercisable for one Class A Ordinary Share at an exercise price of $11.50",NYSE,NYSE,USD,,,,,,,,,,,,,,,,,
SBXE.U,SBXE.U,"SilverBox Corp V Units, each consisting of one Class A Ordinary Share and one",NYSE,NYSE,USD,,,,,,,,,,,,,,,,,
SCCO,SCCO,Southern Copper Corporation Common Stock,NYSE,NYSE,USD,198.0,-0.25473001760670966,191.69575003808086,171.72599710669252,132.61681833058742,9.702420711511337,10.952449070858183,54.251566377648615,3.33169,4.0,Quarterly,2026-02-10,0.016826717171717173,,1.1,1.02,-7.04
SCD,SCD,LMP Capital and Income Fund Inc. Common Stock,NYSE,NYSE,USD,16.059999465942383,-0.21921747122652513,15.655296922152715,15.345773691389534,15.425377376300482,0.21872462026220418,0.19415440557363908,75.6756478108461,1.424182,12.0,Monthly,2026-01-23,0.08867883233870523,,,,
SCE$G,SCE$G,SCE Trust II Trust Preferred Securities,NYSE,NYSE,USD,,,,,,,,,,,,,,,,,
SCE$J,SCE$J,Southern California Edison Company 5.375% Fixed,NYSE,NYSE,USD,,,,,,,,,,,,,,,,,
SCE$K,SCE$K,Southern California Edison Company 5.45% Fixed,NYSE,NYSE,USD,,,,,,,,,,,,,,,,,
SCE$L,SCE$L,SCE TRUST VI,NYSE,NYSE,USD,,,,,,,,,,,,,,,,,
SCE$M,SCE$M,SCE Trust VII 7.50% Trust Preference Securities,NYSE,NYSE,USD,,,,,,,,,,,,,,,,,
SCE$N,SCE$N,SCE Trust VIII 6.95% Trust Preference Securities,NYSE,NYSE,USD,,,,,,,,,,,,,,,,,
SCHW,SCHW,Charles Schwab Corporation (The) Common Stock,NYSE,NYSE,USD,93.72000122070312,-0.1579076239520747,100.78471997129192,99.90938867584418,94.17584793394019,-0.9682306201805204,0.36358717861536755,31.485925440222573,1.1300000000000001,4.0,Quarterly,2026-02-13,0.01205719147761149,,1.05,1.1,4.36
SCHW$D,SCHW$D,The Charles Schwab Corporation Depositary Shares each representing 1/40th interest in a share of 5.95% Non,NYSE,NYSE,USD,,,,,,,,,,,,,,,,,
SCHW$J,SCHW$J,"The Charles Schwab Corporation Depositary Shares, Each Representing a 1/40th Interest in a Share of 4.450% Non",NYSE,NYSE,USD,,,,,,,,,,,,,,,,,
SCI,SCI,Service Corporation International Common Stock,NYSE,NYSE,USD,,,,,,,,,,,,,,,,,
SCL,SCL,Stepan Company Common Stock,NYSE,NYSE,USD,,,,,,,,,,,,,,,,,
SCM,SCM,Stellus Capital Investment Corporation Common Stock,NYSE,NYSE,USD,,,,,,,,,,,,,,,,,
SD,SD,"SandRidge Energy, Inc. Common Stock",NYSE,NYSE,USD,16.899999618530273,-0.27555915629380845,16.01885025508164,15.046865033384428,13.06365283729599,0.607837720419921,0.548428481336777,70.02517748070011,0.45999999999999996,4.0,Quarterly,2025-11-14,0.027218935525633127,,,,
SDHC,SDHC,Smith Douglas Homes Corp. Class A Common Stock,NYSE,NYSE,USD,,,,,,,,,,,,,,,,,
SDHY,SDHY,PGIM Short Duration High Yield Opportunities Fund Common Shares,NYSE,NYSE,USD,,,,,,,,,,,,,,,,,
SDRL,SDRL,Seadrill Limited Common Shares,NYSE,NYSE,USD,42.65999984741211,-0.39974374813320235,39.14517241808042,36.25046828286517,31.993435197897583,1.8434002849496736,1.6223944906682866,59.33682388964315,,,,,,,-2.15,-2.28,-6.19
SE,SE,"Sea Limited American Depositary Shares, each representing one Class A Ordinary Share",NYSE,NYSE,USD,106.73999786376953,-0.4592366303499722,115.62857019559327,125.50572411984366,143.0006245400058,-5.238161122170283,-4.8891590361296,24.836077021489956,,,,,,,-1.19,-1.36,-14.37
SEAL$A,SEAL$A,Seapeak LLC 9.00% Series A Cumulative Redeemable Perpetual Preferred Units,NYSE,NYSE,USD,,,,,,,,,,,,,,,,,
SEAL$B,SEAL$B,Seapeak LLC 8.50% Series B Fixed,NYSE,NYSE,USD,,,,,,,,,,,,,,,,,
SEE,SEE,Sealed Air Corporation Common Stock,NYSE,NYSE,USD,41.93000030517578,-0.29988296982103513,41.81797120442255,41.15867199735672,37.02732290515233,0.10058581398242694,0.11506307411458765,63.04327995555076,0.8,4.0,Quarterly,2025-12-05,0.01907941793888442,,0.9,0.98,8.76
SEG,SEG,Seaport Entertainment Group Inc. Common Stock,NYSE,NYSE,USD,20.280000686645508,-0.3631102765531389,20.092502960361884,20.56018755076894,21.935568950396615,-0.03291046572762113,-0.16432403215924102,46.284227200724146,,,,,,,,,
SEI,SEI,"Solaris Energy Infrastructure, Inc. Class A Common Stock",NYSE,NYSE,USD,,,,,,,,,,,,,,,,,
SEM,SEM,Select Medical Holdings Corporation Common Stock,NYSE,NYSE,USD,16.3799991607666,-0.38857140479149754,15.555460223084692,15.10903124805619,14.915208207966643,0.30300449533050866,0.18019474240709935,78.13954354880778,0.252,4.0,Quarterly,2025-11-12,0.015384616172850044,,0.44,0.56,28.09
SEMR,SEMR,"SEMrush Holdings, Inc. Class A Common Stock",NYSE,NYSE,USD,,,,,,,,,,,,,,,,,
SES,SES,SES AI Corporation Class A Common Stock,NYSE,NYSE,USD,1.7000000476837158,-0.6049019562011038,1.9677959482014546,2.032474919183009,1.716373863698448,-0.09688049969848644,-0.05006542372025241,38.76405028649069,,,,,,,-0.08,-0.08,
SES.W,SES.W,"SES AI Corporation Warrants, each whole warrant exercisable for one share of Class A Common Stock at an exercise price of $11.50 per share",NYSE,NYSE,USD,,,,,,,,,,,,,,,,,
SF,SF,Stifel Financial Corporation Common Stock,NYSE,NYSE,USD,119.0,-0.31312861490179145,125.75758780960749,125.54168109952725,116.99020875737155,-1.3895957289155092,-0.48133344889051943,31.541343851569877,1.84,4.0,Quarterly,2025-12-01,0.01546218487394958,,1.45,1.29,-11.28
SF$B,SF$B,"Stifel Financial Corporation Depositary Shares, Each Representing 1/1,000th  Interest in a Share of 6.25% Non",NYSE,NYSE,USD,,,,,,,,,,,,,,,,,
SF$C,SF$C,"Stifel Financial Corporation Depositary Shares, Each Representing 1/1,000th Interest in a Share of 6.125% Non Cumulative Preferred Stock, Series C",NYSE,NYSE,USD,,,,,,,,,,,,,,,,,
SF$D,SF$D,"Stifel Financial Corporation Depositary Shares, Each Representing 1/1,000th Interest in a Share of 4.50% Non",NYSE,NYSE,USD,,,,,,,,,,,,,,,,,
SFB,SFB,Stifel Financial Corporation 5.20% Senior Notes due 2047,NYSE,NYSE,USD,,,,,,,,,,,,,,,,,
SFBS,SFBS,"ServisFirst Bancshares, Inc. Common Stock",NYSE,NYSE,USD,,,,,,,,,,,,,,,,,
SFL,SFL,SFL Corporation Ltd,NYSE,NYSE,USD,10.300000190734863,-0.2955715627480867,9.10497080001869,8.564073759026318,8.366348230309036,0.4609182703854824,0.3169144713930012,88.4758544870029,0.54,2.0,Semi-Annual,2025-06-12,0.05242718349517557,,0.24,0.39,64.21
SG,SG,"Sweetgreen, Inc. Class A Common Stock",NYSE,NYSE,USD,5.139999866485596,-0.8113276935020582,6.089726406180676,6.62406758320148,10.478198559630815,-0.4771418478159326,-0.3425610905944496,22.661863531570134,,,,,,,-0.37,-0.33,9.68
SGHC,SGHC,Super Group (SGHC) Limited Ordinary Shares,NYSE,NYSE,USD,8.960000038146973,-0.3953158008874247,9.389657911829527,10.271070077900216,10.612688111680876,-0.5194339775165595,-0.5191843848467984,37.29903458097048,0.08,2.0,Semi-Annual,2025-06-23,0.008928571390558263,,0.08,0.06,-20.0
SGI,SGI,Somnigroup International Inc. Common Stock,NYSE,NYSE,USD,,,,,,,,,,,,,,,,,
SGU,SGU,Star Group L.P. Common Stock,NYSE,NYSE,USD,,,,,,,,,,,,,,,,,
SHAK,SHAK,"Shake Shack, Inc. Class A Common Stock",NYSE,NYSE,USD,,,,,,,,,,,,,,,,,
SHCO,SHCO,Soho House & Co Inc. Class A Common Stock,NYSE,NYSE,USD,,,,,,,,,,,,,,,,,
SHEL,SHEL,Shell PLC American Depositary Shares (each representing two (2) Ordinary Shares) ,NYSE,NYSE,USD,,,,,,,,,,,,,,,,,
SHG,SHG,Shinhan Financial Group Co Ltd American Depositary Shares,NYSE,NYSE,USD,69.83000183105469,-0.15433894040507556,62.317619027129176,58.02511585714058,50.3360590750722,3.568601069722682,2.590887889281931,81.06416291001018,1.1989999999999998,3.0,Irregular,2025-08-01,0.017170270207078564,,1.75,,
SHO,SHO,"Sunstone Hotel Investors, Inc. Sunstone Hotel Investors, Inc. Common Shares",NYSE,NYSE,USD,9.220000267028809,-0.3251748187622757,9.101257323563718,9.12057267433759,9.312038046821911,0.024460734701092335,-0.01664746903104447,55.36724533669543,0.36,4.0,Quarterly,2025-12-31,0.039045552014502466,,0.07,0.08,23.08
SHO$H,SHO$H,"Sunstone Hotel Investors, Inc. 6.125% Series H Cumulative Redeemable Preferred Stock",NYSE,NYSE,USD,,,,,,,,,,,,,,,,,
SHO$I,SHO$I,"Sunstone Hotel Investors, Inc. 5.70% Series I Cumulative Redeemable Preferred Stock",NYSE,NYSE,USD,,,,,,,,,,,,,,,,,
SHOC,SHOC,Strive U.S. Semiconductor ETF,NYSE,NYSE,USD,76.41000366210938,-0.3052997441178764,75.36728809787911,72.70791246623453,63.09474549931815,1.0445980336058796,1.1771833461540364,53.103009886198656,0.159,4.0,Quarterly,2025-12-11,0.0020808793663079726,,,,
SHW,SHW,Sherwin,NYSE,NYSE,USD,368.8900146484375,-0.14489786009346317,358.6075211203374,349.05324004051585,346.2262483969054,6.972068139609576,6.261219801793278,70.16479368912424,3.16,4.0,Quarterly,2025-11-14,0.008566238918154423,,2.56,2.83,10.43
SI,SI,"Shoulder Innovations, Inc. Common Stock",NYSE,NYSE,USD,,,,,,,,,,,,,,,,,
SID,SID,Companhia Siderurgica Nacional S.A. Common Stock,NYSE,NYSE,USD,1.690000057220459,-0.3093922433608327,1.8509023753803038,1.7921289424607512,1.6412897546964882,-0.0041426798712695945,0.032121182552781034,40.540540250281616,,,,,,,0.57,0.14,-76.0
SIG,SIG,Signet Jewelers Limited Common Shares,NYSE,NYSE,USD,,,,,,,,,,,,,,,,,
SII,SII,Sprott Inc. Common Shares,NYSE,NYSE,USD,,,,,,,,,,,,,,,,,
SILA,SILA,"Sila Realty Trust, Inc. Common Stock",NYSE,NYSE,USD,25.639999389648438,-0.1900036142189936,24.71166369748353,24.151493457320274,24.322410256769647,0.5001640978237774,0.39329742955870584,76.70806956729832,1.6,4.0,Quarterly,2025-11-20,0.06240249758531443,,,,
SITC,SITC,SITE Centers Corp. Common Stock,NYSE,NYSE,USD,,,,,,,,,,,,,,,,,
SITE,SITE,"SiteOne Landscape Supply, Inc. Common Stock",NYSE,NYSE,USD,157.0399932861328,-0.28270241945136876,148.63932489737857,141.13781734541183,134.2629959517003,4.963914333169754,4.153800362693556,62.54816606059047,,,,,,,1.52,1.6,5.5
SJM,SJM,The J.M. Smucker Company Common Stock,NYSE,NYSE,USD,,,,,,,,,,,,,,,,,
SJT,SJT,San Juan Basin Royalty Trust Common Stock,NYSE,NYSE,USD,5.690000057220459,-0.25710226599250197,5.747816538565327,5.767747570477539,5.736422419827376,-0.047118248455076284,-0.008441053642614925,21.839089909576302,,,,,,,0.62,0.66,6.45
SKE,SKE,Skeena Resources Limited Common Shares,NYSE,NYSE,USD,33.060001373291016,-0.24416340634662848,30.89264822150831,27.367688280015173,20.204241511864993,1.7016595700658321,1.8131812160672922,51.94805787936267,,,,,,,,,
SKIL,SKIL,Skillsoft Corp. Class A Common Stock,NYSE,NYSE,USD,5.699999809265137,-0.8086398840064211,7.860856010611171,8.74428640554348,13.448713101097628,-0.6390054634699736,-0.2630793620850126,25.310558684284956,,,,,,,-0.31,-0.53,-72.82
SKLZ,SKLZ,Skillz Inc. Class A Common Stock,NYSE,NYSE,USD,3.7899999618530273,-0.6556655597470129,3.803942540095177,4.459391806744367,5.773306790944843,-0.265069363005908,-0.2970687180357527,45.80419166518698,,,,,,,-0.13,-0.07,47.82
SKM,SKM,"SK Telecom Co., Ltd. Common Stock",NYSE,NYSE,USD,,,,,,,,,,,,,,,,,
SKT,SKT,Tanger Inc. Common Stock,NYSE,NYSE,USD,,,,,,,,,,,,,,,,,
SKY,SKY,"Champion Homes, Inc. Common Stock",NYSE,NYSE,USD,96.13999938964844,-0.4383727158869395,88.04742113406785,86.36099922034995,83.0375005067794,0.7586577517593724,-0.42326984146067137,58.221022540440416,,,,,,,0.92,1.44,55.84
SKYH,SKYH,Sky Harbour Group Corporation Class A Common Stock,NYSE,NYSE,USD,8.829999923706055,-0.39416056158470325,9.024971510830591,9.20040505486964,9.82939574229873,-0.13747423670220726,-0.07923557513443269,43.124993294479054,,,,,,,-0.06,-0.01,83.33
SKYH.W,SKYH.W,"Sky Harbour Group Corporation Warrants, each whole warrant exercisable for one share of Class A common stock at an exercise price of $11.50 per share",NYSE,NYSE,USD,,,,,,,,,,,,,,,,,
SLAI,SLAI,SOLAI Limited American Depositary Shares (each representing one hundred (100) Class A Ordinary Shares),NYSE,NYSE,USD,,,,,,,,,,,,,,,,,
SLB,SLB,SLB Limited Common Shares,NYSE,NYSE,USD,,,,,,,,,,,,,,,,,
SLF,SLF,Sun Life Financial Inc. Common Stock,NYSE,NYSE,USD,,,,,,,,,,,,,,,,,
SLG,SLG,SL Green Realty Corp Common Stock,NYSE,NYSE,USD,,,,,,,,,,,,,,,,,
SLG$I,SLG$I,SL Green Realty Corporation Preferred Series I,NYSE,NYSE,USD,,,,,,,,,,,,,,,,,
SLGN,SLGN,Silgan Holdings Inc. Common Stock,NYSE,NYSE,USD,48.650001525878906,-0.3382663410149931,45.91297222044623,43.62109071145816,45.38520834149131,1.9131911166705962,1.5727987409874478,83.08826073094497,0.8,4.0,Quarterly,2025-12-01,0.016443987151253173,,1.22,1.27,4.11
SLNZ,SLNZ,TCW Senior Loan ETF,NYSE,NYSE,USD,,,,,,,,,,,,,,,,,
SLQT,SLQT,"SelectQuote, Inc. Common Stock",NYSE,NYSE,USD,0.8949999809265137,-0.8606611622846253,1.209560560582476,1.392222095950499,2.1610680617415308,-0.16244443067079062,-0.0987262700309118,16.055507562049073,,,,,,,-0.17,-0.34,-104.2
SLVM,SLVM,Sylvamo Corporation Common Stock,NYSE,NYSE,USD,51.369998931884766,-0.4618022259288481,50.8255790587016,49.501507649321255,50.79941337903108,0.7186610014003705,0.46861056324093553,53.37620184376135,1.8,4.0,Quarterly,2026-01-05,0.03503990728881952,,2.64,2.51,-4.92
SM,SM,SM Energy Company Common Stock,NYSE,NYSE,USD,21.459999084472656,-0.5475148373345573,20.04945907854553,19.72416673840884,23.355981265548195,0.693604487412486,0.45090739882909203,65.8774365859399,0.8,4.0,Quarterly,2025-12-26,0.03727865955869675,,1.28,1.33,3.71
SMA,SMA,"SmartStop Self Storage REIT, Inc. Common Stock",NYSE,NYSE,USD,,,,,,,,,,,,,,,,,
SMBK,SMBK,"SmartFinancial, Inc. Common Stock",NYSE,NYSE,USD,41.470001220703125,-0.24715351641268013,40.98503609521413,39.355011911822466,36.59194141800182,0.954642351303562,1.006506180632389,69.54396402508502,0.32,4.0,Quarterly,2026-02-13,0.007716421282385832,,0.74,0.77,3.91
SMC,SMC,Summit Midstream Corporation Common Stock,NYSE,NYSE,USD,29.110000610351562,-0.5725681263243774,28.16131773336733,26.991777479798387,27.235916560556177,0.561031079576253,0.536091714112189,61.42858088190358,,,,,,,,,
SMFG,SMFG,Sumitomo Mitsui Financial Group Inc Unsponsored American Depositary Shares (Japan),NYSE,NYSE,USD,,,,,,,,,,,,,,,,,
SMG,SMG,Scotts Miracle,NYSE,NYSE,USD,,,,,,,,,,,,,,,,,
SMHI,SMHI,SEACOR Marine Holdings Inc. Common Stock ,NYSE,NYSE,USD,7.21999979019165,-0.42143904694185286,6.880991343281598,6.6927438778377315,6.373363430338077,0.215811747561796,0.16382468578766096,62.751677691262564,,,,,,,,,
SMP,SMP,"Standard Motor Products, Inc. Common Stock",NYSE,NYSE,USD,44.36000061035156,-0.30934346748753294,42.2077139665291,40.25751861518782,36.81398003627043,1.5972640030177487,1.3355220988336771,76.27117479714221,1.26,4.0,Quarterly,2026-02-13,0.02840396714751114,,1.18,0.93,-21.5
SMR,SMR,NuScale Power Corporation Class A Common Stock,NYSE,NYSE,USD,14.3100004196167,-0.7381620870070826,17.036500168754696,19.592183395864748,26.302811874852576,-1.0835289308954223,-0.7203813670434849,38.22683009251519,,,,,,,-0.08,-0.19,-137.5
SMRT,SMRT,"SmartRent, Inc. Class A Common Stock",NYSE,NYSE,USD,1.6200000047683716,-0.5414012709835867,1.7183234668562124,1.7412609077112347,1.5276364097204236,-0.039791850915991134,-0.03900935162011935,39.622641933817256,,,,,,,-0.11,-0.13,-16.85
SMWB,SMWB,Similarweb Ltd. Ordinary Shares,NYSE,NYSE,USD,,,,,,,,,,,,,,,,,
SN,SN,"SharkNinja, Inc. Ordinary Shares",NYSE,NYSE,USD,131.05999755859375,-0.4147124521036958,121.41397363086924,116.22879433002838,107.61403308696444,2.2137193456929083,1.4583423737412733,62.151261569431725,,,,,,,,,
SNA,SNA,Snap,NYSE,NYSE,USD,,,,,,,,,,,,,,,,,
SNAP,SNAP,Snap Inc. Class A Common Stock,NYSE,NYSE,USD,4.829999923706055,-0.5634057800438292,6.138675180173505,7.013844862093628,8.021124735787302,-0.781691771907087,-0.6058069480721892,10.434774676431374,,,,,,,-0.01,0.08,685.22
SNDA,SNDA,"Sonida Senior Living, Inc. Common Stock",NYSE,NYSE,USD,,,,,,,,,,,,,,,,,
SNDR,SNDR,"Schneider National, Inc. Common Stock",NYSE,NYSE,USD,28.729999542236328,-0.27000720378218845,29.153471170294615,27.8329329117712,25.61278685772868,0.32015030249011645,0.5236694618411657,44.317093542977744,0.38,4.0,Quarterly,2025-12-12,0.013226592622856026,,0.68,0.7,3.07
SNN,SNN,"Smith & Nephew SNATS, Inc. Common Stock",NYSE,NYSE,USD,36.18000030517578,-0.1769940940087753,34.543883854192806,34.00058806493941,32.80112682378467,0.6473060806484696,0.4679942853651107,76.6004245848256,0.762,2.0,Semi-Annual,2025-10-03,0.021061359689678913,,0.36,0.34,-5.03
SNOW,SNOW,Snowflake Inc. Common Stock,NYSE,NYSE,USD,,,,,,,,,,,,,,,,,
SNV,SNV,Synovus Financial Corp. Common Stock,NYSE,NYSE,USD,,,,,,,,,,,,,,,,,
SNV$D,SNV$D,Synovus Financial Corp. Fixed,NYSE,NYSE,USD,,,,,,,,,,,,,,,,,
SNV$E,SNV$E,Synovus Financial Corp. 5.875% Fixed,NYSE,NYSE,USD,,,,,,,,,,,,,,,,,
SNX,SNX,TD SYNNEX Corporation Common Stock,NYSE,NYSE,USD,,,,,,,,,,,,,,,,,
SO,SO,Southern Company (The) Common Stock,NYSE,NYSE,USD,,,,,,,,,,,,,,,,,
SOBO,SOBO,South Bow Corporation Common Shares,NYSE,NYSE,USD,,,,,,,,,,,,,,,,,
SOC,SOC,Sable Offshore Corp. Common Stock,NYSE,NYSE,USD,8.890000343322754,-0.875227140265215,8.969882488127917,9.358805020113898,15.77867612202264,-0.3114290026805602,-0.1539064375664988,39.57056008883793,,,,,,,-0.7,-1.61,-130.0
SOJC,SOJC,"Southern Company (The) Series 2017B 5.25% Junior Subordinated Notes due December 1, 2077",NYSE,NYSE,USD,22.290000915527344,-0.1012922187728108,22.18579026476769,22.13850798190114,22.256530168667446,0.06930837132518164,0.07184358292998598,53.703782195283914,1.312,4.0,Quarterly,2025-11-28,0.05886047313197072,,,,
SOJD,SOJD,"Southern Company (The) Series 2020A 4.95% Junior Subordinated Notes due January 30, 2080",NYSE,NYSE,USD,,,,,,,,,,,,,,,,,
SOJE,SOJE,"Southern Company (The) Series 2020C 4.20% Junior Subordinated Notes due October 15, 2060",NYSE,NYSE,USD,18.309999465942383,-0.10000004865685197,18.23684051499904,18.18953361724718,18.234542219118357,0.0317679401032116,0.04585773849092054,38.805917037638025,1.052,4.0,Quarterly,2026-01-14,0.05745494433010654,,,,
SOJF,SOJF,"Southern Company (The) Series 2025A 6.50% Junior Subordinated Notes due March 15, 2085",NYSE,NYSE,USD,25.940000534057617,-0.04745756526329381,25.769034366257657,25.736020480451202,25.844141467812417,0.06883005234077189,0.05266241766973385,64.91224547842526,1.4980000000000002,4.0,Quarterly,2025-12-12,0.05774864954351943,,,,
SOL,SOL,"Emeren Group Ltd American Depositary Shares, each representing 10 shares",NYSE,NYSE,USD,,,,,,,,,,,,,,,,,
SOLV,SOLV,Solventum Corporation Common Stock,NYSE,NYSE,USD,75.55000305175781,-0.25023801005347934,78.3265298534626,78.83301110759635,76.24290072354636,-0.7644980081329891,-0.7746928777850695,39.14681023065741,,,,,,,1.75,2.08,19.2
SOMN,SOMN,Southern Company (The) 2025 Series A Corporate Units,NYSE,NYSE,USD,52.79999923706055,-0.058339922672474676,50.994006603953814,50.378980214410326,50.0663335390268,0.5585047320094105,0.38376368205787625,69.71153787372126,,,,,,,,,
SON,SON,Sonoco Products Company Common Stock,NYSE,NYSE,USD,51.66999816894531,-0.19330320025514902,49.60705763488343,47.03516077647625,45.234042460635635,1.4871610974485492,1.4259849485930838,65.81692710209649,2.1100000000000003,4.0,Quarterly,2025-11-10,0.040836076539057284,,1.32,1.4,6.13
SONY,SONY,Sony Group Corporation American Depositary Shares ,NYSE,NYSE,USD,,,,,,,,,,,,,,,,,
SOR,SOR,"Source Capital, Inc. Cmn Shs of BI",NYSE,NYSE,USD,48.689998626708984,-0.07713822850294516,48.22736405315247,47.61939135622052,45.57432610631137,0.2562802224836602,0.28805708051530604,57.47663051616078,2.496,12.0,Monthly,2026-02-13,0.05126309448344931,,,,
SOS,SOS,SOS Limited Class A Ordinary Shares,NYSE,NYSE,USD,1.2999999523162842,-0.8731428555079869,1.4387473343250803,1.540780704727956,2.7311494002715153,-0.08549152367997537,-0.05971021424354084,31.111103752510843,,,,,,,,,
SOUL,SOUL,Soulpower Acquisition Corporation Class A Ordinary Shares,NYSE,NYSE,USD,,,,,,,,,,,,,,,,,
SOUL.R,SOUL.R,"Soulpower Acquisition Corporation Rights, each right entitling the holder to receive one",NYSE,NYSE,USD,,,,,,,,,,,,,,,,,
SOUL.U,SOUL.U,"Soulpower Acquisition Corporation Units, each consisting of one Class A ordinary share and one right",NYSE,NYSE,USD,,,,,,,,,,,,,,,,,
SPB,SPB,"Spectrum Brands Holdings, Inc. Common Stock",NYSE,NYSE,USD,,,,,,,,,,,,,,,,,
SPCE,SPCE,"Virgin Galactic Holdings, Inc. Common Stock",NYSE,NYSE,USD,,,,,,,,,,,,,,,,,
SPE,SPE,"Special Opportunities Fund, Inc Common Stock",NYSE,NYSE,USD,15.039999961853027,-0.14322412241135918,14.968700946826305,15.041717427651108,15.21588592279592,-0.007448586643468147,-0.02865465333694961,55.17241757302179,2.019,13.0,Monthly,2026-01-20,0.1342420216170829,,,,
SPE$C,SPE$C,"Special Opportunities Fund Inc. 2.75% Convertible Preferred Stock, Series C",NYSE,NYSE,USD,,,,,,,,,,,,,,,,,
SPG,SPG,"Simon Property Group, Inc. Common Stock",NYSE,NYSE,USD,196.8300018310547,-0.25247632319899893,191.66050893235519,187.62234390128103,180.07069194835685,2.9129317276398012,2.560502309411753,66.54198313106828,8.55,4.0,Quarterly,2025-12-10,0.04343849982452742,,1.43,1.51,5.59
SPG$J,SPG$J,"Simon Property Group, Inc. Simon Property Group 8 3/8% Series J Cumulative Redeemable Preferred Stock",NYSE,NYSE,USD,,,,,,,,,,,,,,,,,
SPGI,SPGI,S&P Global Inc. Common Stock,NYSE,NYSE,USD,,,,,,,,,,,,,,,,,
SPH,SPH,"Suburban Propane Partners, L.P. Common Stock",NYSE,NYSE,USD,20.260000228881836,-0.21306312103741887,19.85143852783912,19.407402836485442,19.259067060737003,0.27372556618579935,0.2984197252764468,55.607487880724406,1.3,4.0,Quarterly,2026-02-03,0.06416584330274452,,-0.18,-0.04,77.78
SPHR,SPHR,Sphere Entertainment Co. Class A Common Stock,NYSE,NYSE,USD,115.69999694824219,-0.49626555389363847,98.21362200193138,91.86144194850456,69.60116577851535,3.5168669455789967,1.6333695216415471,71.74664667784853,,,,,,,-0.14,-1.64,-1090.56
SPIR,SPIR,"Spire Global, Inc. Class A Common Stock",NYSE,NYSE,USD,,,,,,,,,,,,,,,,,
SPMA,SPMA,"Sound Point Meridian Capital, Inc. 8.00% Series A Preferred Shares Due 2029",NYSE,NYSE,USD,25.09000015258789,-0.0423830250396513,25.20431072895296,25.195117828687902,25.087930749182362,-0.016647368074558244,0.001326995729444452,31.111214719557836,2.004,12.0,Monthly,2026-02-13,0.07987245866131647,,,,
SPMC,SPMC,"Sound Point Meridian Capital, Inc. Common Stock",NYSE,NYSE,USD,11.010000228881836,-0.50203528154915,13.101042066783398,13.931134466586354,16.28005183315817,-0.6404609204081737,-0.3569102893050856,12.442907436289417,2.99,12.0,Monthly,2026-02-13,0.2715712931736843,,0.57,0.86,49.57
SPME,SPME,"Sound Point Meridian Capital, Inc. 7.875% Series B Preferred Shares due 2030",NYSE,NYSE,USD,,,,,,,,,,,,,,,,,
SPNT,SPNT,SiriusPoint Ltd. Common Shares,NYSE,NYSE,USD,20.510000228881836,-0.16283523731738714,20.342346343634503,20.4296976090037,19.181091840558945,-0.07659069507181471,-0.1556034316990405,61.71693109166197,,,,,,,0.3,0.78,160.0
SPNT$B,SPNT$B,"SiriusPoint Ltd. 8.00% Resettable Fixed Rate Preference Shares, Series B, $25.00 liquidation preference per share",NYSE,NYSE,USD,,,,,,,,,,,,,,,,,
SPOT,SPOT,Spotify Technology S.A. Ordinary Shares,NYSE,NYSE,USD,,,,,,,,,,,,,,,,,
SPRU,SPRU,Spruce Power Holding Corporation Class A Common Stock,NYSE,NYSE,USD,4.420000076293945,-0.557251901797749,5.003936332765474,4.947075222446799,3.6016339179703234,-0.2735625369111707,-0.09009103045133987,36.296290453022515,,,,,,,,,
SPXC,SPXC,"SPX Technologies, Inc. Common Stock",NYSE,NYSE,USD,,,,,,,,,,,,,,,,,
SPXX,SPXX,Nuveen S&P 500 Dynamic Overwrite Fund,NYSE,NYSE,USD,17.809999465942383,-0.19282999566313885,17.90897424815097,17.88701893205849,17.768984041455784,-0.02604765449575197,-0.017740558119761836,42.94475368919167,1.352,4.0,Quarterly,2025-12-15,0.0759124110354633,,,,
SQM,SQM,Sociedad Quimica y Minera S.A. Common Stock,NYSE,NYSE,USD,70.91000366210938,-0.34159174994990127,74.69907660010035,71.14829550953323,55.18889931694085,-0.8522534132830515,0.49570720652297917,31.156513350885035,,,,,,,3.05,2.63,-13.65
SQNS,SQNS,Sequans Communications S.A. American Depositary Shares (each representing one hundred (100) Ordinary Shares),NYSE,NYSE,USD,,,,,,,,,,,,,,,,,
SR,SR,Spire Inc. Common Stock,NYSE,NYSE,USD,91.83999633789062,-0.10168206584745476,86.0636980287072,84.73852496889326,81.18883191765998,1.5285143358239281,0.8112896105119234,79.07326163141443,3.18,4.0,Quarterly,2025-12-11,0.03462543692075498,,-0.64,-0.66,-2.95
SR$A,SR$A,"Spire Inc. Depositary Shares, each representing a 1/1,000th interest in a share of 5.90% Series A Cumulative Redeemable Perpetual Preferred Stock",NYSE,NYSE,USD,,,,,,,,,,,,,,,,,
SRE,SRE,DBA Sempra Common Stock,NYSE,NYSE,USD,94.77999877929688,-0.2684102023854854,89.07618278784237,88.86968358671953,85.88907995881678,0.8394009580489694,-0.03719226791481417,85.94305107754964,2.58,4.0,Quarterly,2025-12-11,0.027220933036808167,,1.79,1.97,10.01
SREA,SREA,DBA Sempra 5.750% Junior Subordinated Notes due 2079,NYSE,NYSE,USD,,,,,,,,,,,,,,,,,
SRFM,SRFM,Surf Air Mobility Inc. Common Stock,NYSE,NYSE,USD,1.9900000095367432,-0.7965909178345655,2.1729550904908645,2.429202149789492,3.2390251167376616,-0.12825875097399475,-0.11307777200031445,40.19607361900094,,,,,,,,,
SRG,SRG,Seritage Growth Properties Class A Common Stock,NYSE,NYSE,USD,3.140000104904175,-0.37468354460941333,3.240667176305997,3.404882233714603,3.50656409016539,-0.11750453598639599,-0.0932669447675143,30.208345492263447,,,,,,,,-0.03,
SRG$A,SRG$A,Seritage Growth Properties 7.00% Series A Cumulative Redeemable Preferred Shares of Beneficial Interest,NYSE,NYSE,USD,,,,,,,,,,,,,,,,,
SRI,SRI,"Stoneridge, Inc. Common Stock",NYSE,NYSE,USD,8.819999694824219,-0.38917089876464483,7.705220309911394,6.919621331558997,6.431907487765516,0.7552429717589462,0.602501826634887,78.89907283620951,,,,,,,-0.3,-0.25,16.67
SRL,SRL,Scully Royalty Ltd.,NYSE,NYSE,USD,,,,,,,,,,,,,,,,,
SRV,SRV,NXG Cushing Midstream Energy Fund Common Shares of Beneficial Interest,NYSE,NYSE,USD,43.849998474121094,-0.2439384275854969,41.40476927564553,40.95657960579377,42.12244947687594,0.8004746641114906,0.4784787856600923,89.6685752528257,7.54,13.0,Monthly,2026-01-16,0.17194983494582955,,0.4,,
SSB,SSB,SouthState Bank Corporation Common Stock,NYSE,NYSE,USD,,,,,,,,,,,,,,,,,
SSD,SSD,"Simpson Manufacturing Company, Inc. Common Stock",NYSE,NYSE,USD,209.00999450683594,-0.20809971599033772,191.71185347326937,181.974743353676,174.19363769411396,8.246032537178706,5.914142330641015,80.32671195145561,1.15,4.0,Quarterly,2026-01-02,0.00550212922933878,,1.52,2.06,35.64
SSL,SSL,Sasol Ltd. American Depositary Shares,NYSE,NYSE,USD,7.960000038146973,-0.3895833436813615,7.226062575195722,6.889305326338572,6.044072902329952,0.23161338435127288,0.1808462560657397,62.01298947598855,,,,,,,0.72,,
SST,SST,"System1, Inc. Class A Common Stock",NYSE,NYSE,USD,3.319999933242798,-0.6970260296358719,3.852817460394156,4.2394641538620945,5.232769765310304,-0.24511870948193692,-0.1689203152423103,19.875782468123376,,,,,,,0.11,-0.33,-409.37
SSTK,SSTK,"Shutterstock, Inc. Common Stock",NYSE,NYSE,USD,17.270000457763672,-0.4930313657160804,18.57670293234354,19.189842127829706,20.670816663106663,-0.3764979158945856,-0.18055017127184692,38.2926808277243,1.32,4.0,Quarterly,2025-12-04,0.07643311899314967,,0.9,1.0,11.73
ST,ST,Sensata Technologies Holding plc Ordinary Shares,NYSE,NYSE,USD,,,,,,,,,,,,,,,,,
STAG,STAG,"Stag Industrial, Inc. Common Stock",NYSE,NYSE,USD,,,,,,,,,,,,,,,,,
STC,STC,Stewart Information Services Corporation Common Stock,NYSE,NYSE,USD,,,,,,,,,,,,,,,,,
STE,STE,STERIS plc (Ireland) Ordinary Shares,NYSE,NYSE,USD,,,,,,,,,,,,,,,,,
STEL,STEL,"Stellar Bancorp, Inc. Common Stock",NYSE,NYSE,USD,38.4900016784668,-0.14969244818364158,36.88917183662436,34.316639888191645,31.25127910316892,1.8802233856326822,1.748988605469018,85.4415536292896,0.5700000000000001,4.0,Quarterly,2025-12-15,0.014809040663640348,,0.81,0.52,-35.4
STEM,STEM,"Stem, Inc. Class A Common Stock",NYSE,NYSE,USD,,,,,,,,,,,,,,,,,
STEW,STEW,"SRH Total Return Fund, Inc. Common Stock",NYSE,NYSE,USD,18.049999237060547,-0.1049596123880423,18.107470853346747,18.10860861636446,17.832851759605315,0.0020286139770568923,-0.02356332784636198,60.12656088539504,0.6950000000000001,4.0,Quarterly,2026-01-23,0.03850415675215182,,,,
STG,STG,"Sunlands Technology Group American Depositary Shares, representing Class A ordinary shares",NYSE,NYSE,USD,,,,,,,,,,,,,,,,,
STK,STK,Columbia Seligman Premium Technology Growth Fund Inc,NYSE,NYSE,USD,,,,,,,,,,,,,,,,,
STLA,STLA,Stellantis N.V. Common Shares,NYSE,NYSE,USD,7.75,-0.4876847156745199,8.944512920074814,9.807771750021539,10.485707490545504,-0.7560847258913519,-0.590370569284263,27.917611248209397,0.77,1.0,Annual,2025-04-23,0.09935483870967741,,,,
STM,STM,STMicroelectronics N.V. Common Stock,NYSE,NYSE,USD,33.61000061035156,-0.3699503501323079,30.551461106344192,28.534277234665492,26.851818109173415,1.6040322210972242,1.1296707670845736,66.60039610658248,0.36,4.0,Quarterly,2025-12-16,0.010711097693021861,,1.04,1.16,11.77
STN,STN,Stantec Inc Common Stock,NYSE,NYSE,USD,87.02999877929688,-0.234564633991027,97.68247041713028,98.80113268931547,99.37489778827509,-1.238495701753422,0.219380806189172,27.37390332400203,0.321,2.0,Semi-Annual,2025-06-30,0.0036883833678320248,,0.71,0.82,15.49
STNG,STNG,Scorpio Tankers Inc. Common Shares,NYSE,NYSE,USD,70.51000213623047,-0.2780421518418902,64.2375251471948,60.1084265016521,53.51097376697045,3.4705974429987165,2.971218968897829,83.22350053285858,1.2000000000000002,3.0,Irregular,2025-08-13,0.01701886205706692,,3.95,4.81,21.73
STRV,STRV,Strive 500 ETF,NYSE,NYSE,USD,43.875999450683594,-0.19182227862214518,44.392567164376395,44.2481923591705,42.41123823829116,-0.0620311409494505,0.013828085982104148,39.605660379110574,0.463,4.0,Quarterly,2025-12-11,0.010552466172774246,,,,
STT,STT,State Street Corporation Common Stock,NYSE,NYSE,USD,127.97000122070312,-0.25,130.12039249751166,127.92709618213323,116.49760260905184,0.18809197060292604,0.5766928584066344,50.653378710936074,3.2,4.0,Quarterly,2026-01-02,0.02500586051008258,,1.98,2.07,4.38
STT$G,STT$G,"State Street Corporation Depositary shares, each representing a 1/4,000th ownership interest in a share of Fixed",NYSE,NYSE,USD,,,,,,,,,,,,,,,,,
STUB,STUB,"StubHub Holdings, Inc. Class A Common Stock",NYSE,NYSE,USD,,,,,,,,,,,,,,,,,
STVN,STVN,Stevanato Group S.p.A. Ordinary Shares,NYSE,NYSE,USD,,,,,,,,,,,,,,,,,
STWD,STWD,"STARWOOD PROPERTY TRUST, INC. Starwood Property Trust Inc.",NYSE,NYSE,USD,18.06999969482422,-0.16356692942964457,18.15090630333494,18.269982279848442,18.920994805788855,-0.0525266083468523,-0.04894514468894688,48.543704602165676,1.92,4.0,Quarterly,2025-12-31,0.1062534605659094,,0.51,0.51,0.25
STXD,STXD,Strive 1000 Dividend Growth ETF,NYSE,NYSE,USD,37.82500076293945,-0.14906304849716334,37.76805991735146,37.51219606630582,36.14937023991068,0.05662429412063119,0.0745711352803152,48.38907909753314,0.426,4.0,Quarterly,2025-12-11,0.011262392370323239,,,,
STXE,STXE,Strive Emerging Markets Ex,NYSE,NYSE,USD,,,,,,,,,,,,,,,,,
STXG,STXG,Strive 1000 Growth ETF,NYSE,NYSE,USD,49.25299835205078,-0.21175953748062193,50.34155411186315,50.57722066147423,48.71097828467949,-0.36600993859219955,-0.2309167669578753,33.52609070021407,0.244,4.0,Quarterly,2025-12-11,0.004954013119281304,,,,
STXI,STXI,Strive International Developed Markets ETF,NYSE,NYSE,USD,33.5369987487793,-0.1399078369140625,32.890145444089114,32.06727343239003,30.11662140377632,0.4749997801799921,0.43269780958367443,62.369727998994335,0.972,4.0,Quarterly,2025-12-11,0.0289829154743723,,,,
STXK,STXK,Strive Small,NYSE,NYSE,USD,,,,,,,,,,,,,,,,,
STXM,STXM,Strive Mid,NYSE,NYSE,USD,30.827999114990234,-0.20771741941044652,30.549232009138777,29.84937613135523,28.262354974195606,0.34308624537061405,0.34425433954153734,57.38367808375101,0.325,4.0,Quarterly,2025-12-11,0.010542364387248458,,,,
STXT,STXT,Strive Total Return Bond ETF,NYSE,NYSE,USD,20.291000366210938,-0.026561682744968396,20.155342978238206,20.16110448704546,20.15956910689586,0.022280126256028154,0.0008237074680673942,64.4172449166657,0.971,12.0,Monthly,2026-01-29,0.04785372739024403,,,,
STXV,STXV,Strive 1000 Value ETF,NYSE,NYSE,USD,,,,,,,,,,,,,,,,,
STZ,STZ,"Constellation Brands, Inc. Common Stock",NYSE,NYSE,USD,149.3000030517578,-0.34745933589554945,158.67756239391173,152.15987338520702,153.15845068945117,2.785950520619622,4.123930866849399,35.49608611698868,4.08,4.0,Quarterly,2026-01-29,0.02732752790758877,,1.82,1.98,9.05
SU,SU,Suncor Energy  Inc. Common Stock,NYSE,NYSE,USD,,,,,,,,,,,,,,,,,
SUI,SUI,"Sun Communities, Inc. Common Stock",NYSE,NYSE,USD,,,,,,,,,,,,,,,,,
SUN,SUN,Sunoco LP Common Units representing limited partner interests,NYSE,NYSE,USD,,,,,,,,,,,,,,,,,
SUNC,SUNC,"SunocoCorp LLC Common Units, representing limited liability company interests",NYSE,NYSE,USD,55.119998931884766,-0.07410917308191611,53.88757245712061,52.590942224449044,50.85691696995505,0.710463534279711,0.7115838109008098,61.77607940490507,0.932,1.0,Annual,2026-02-06,0.016908563462632333,,,,
SUPV,SUPV,Grupo Supervielle S.A. American Depositary Shares each Representing five Class B shares,NYSE,NYSE,USD,,,,,,,,,,,,,,,,,
SUZ,SUZ,Suzano S.A. American Depositary Shares (each representing One Ordinary Share),NYSE,NYSE,USD,11.180000305175781,-0.18225654427968763,10.022408346658677,9.650662858937014,9.480233783015642,0.34835608039770705,0.1740624460036928,76.42586089047069,,,,,,,-0.08,-0.12,-49.85
SVV,SVV,"Savers Value Village, Inc. Common Stock",NYSE,NYSE,USD,11.289999961853027,-0.43836617156524393,10.805844071005998,10.390727670112993,10.49483232567561,0.3331831684051121,0.33672665891975984,64.47368627439909,,,,,,,,,
SW,SW,Smurfit WestRock plc Ordinary Shares,NYSE,NYSE,USD,51.560001373291016,-0.40726679146031886,44.891654069539165,42.133572933830216,42.69532742266267,2.349361753883805,1.4948994434607072,74.90865169719198,0.862,2.0,Semi-Annual,2025-08-15,0.016718385900713555,,0.76,0.51,-32.89
SWK,SWK,"Stanley Black & Decker, Inc. Common Stock",NYSE,NYSE,USD,,,,,,,,,,,,,,,,,
SWX,SWX,"Southwest Gas Holdings, Inc. Common Stock (DE)",NYSE,NYSE,USD,87.9800033569336,-0.14162916893330002,83.95819098194887,82.52363856377036,79.46732920743115,1.0439009852037202,0.6186515765346637,70.10677074495163,2.48,4.0,Quarterly,2025-11-17,0.02818822352095937,,0.27,-0.05,-118.63
SWZ,SWZ,Total Return Securities Fund Common Stock,NYSE,NYSE,USD,,,,,,,,,,,,,,,,,
SXC,SXC,"SunCoke Energy, Inc. Common Stock",NYSE,NYSE,USD,7.989999771118164,-0.35816328169057254,8.053911540792374,7.774544862253955,7.960250137009213,0.1473680455319908,0.17401076218920747,52.7426057616762,0.36,3.0,Irregular,2025-11-17,0.04505632169118568,,0.18,0.49,180.0
SXI,SXI,Standex International Corporation Common Stock,NYSE,NYSE,USD,,,,,,,,,,,,,,,,,
SXT,SXT,Sensient Technologies Corporation Common Stock,NYSE,NYSE,USD,,,,,,,,,,,,,,,,,
SYF,SYF,Synchrony Financial Common Stock,NYSE,NYSE,USD,71.37999725341797,-0.3320627562227434,74.95789178082711,77.11856033156242,72.91718243014276,-2.1347869790297977,-2.0193579461676636,29.607454566312725,1.2,4.0,Quarterly,2026-02-06,0.016811432420481623,,1.38,1.47,6.77
SYF$A,SYF$A,"Synchrony Financial Depositary Shares, each Representing a 1/40th Interest in a Share of 5.625% Fixed Rate Non",NYSE,NYSE,USD,,,,,,,,,,,,,,,,,
SYF$B,SYF$B,Synchrony Financial Depositary Shares Each Representing a 1/40th Interest in a Share of 8.250% Fixed Rate Reset Non,NYSE,NYSE,USD,,,,,,,,,,,,,,,,,
SYK,SYK,Stryker Corporation Common Stock,NYSE,NYSE,USD,366.04998779296875,-0.14738812445193072,361.33776641460486,361.3492353332529,370.1121921520609,1.1858525634171428,0.6505069167794586,58.817784091347384,3.4,4.0,Quarterly,2025-12-31,0.009288348896006462,,2.23,2.12,-4.93
SYY,SYY,Sysco Corporation Common Stock,NYSE,NYSE,USD,90.55999755859375,-0.13390169744185754,83.9916811562934,79.96342204546164,77.13965287423378,3.4460687881248617,2.844706552635073,90.50464573790545,2.13,4.0,Quarterly,2026-01-02,0.023520318655285477,,0.99,0.97,-2.5
T,T,AT&T Inc.,NYSE,NYSE,USD,28.690000534057617,-0.22349765873283922,26.426940951884603,25.56057702091558,26.171453637970686,1.1119117329332227,0.7523508501155938,88.75741531550977,1.112,4.0,Quarterly,2026-01-12,0.03875914880796032,,0.57,0.61,6.96
T$A,T$A,"AT&T Inc. Depositary Shares, each representing a 1/1,000th interest in a share of 5.000% Perpetual Preferred Stock, Series A",NYSE,NYSE,USD,,,,,,,,,,,,,,,,,
T$C,T$C,"AT&T Inc. Depositary Shares, each representing a 1/1,000th interest in a share of 4.750% Perpetual Preferred Stock, Series C",NYSE,NYSE,USD,,,,,,,,,,,,,,,,,
TAC,TAC,TransAlta Corporation Ordinary Shares,NYSE,NYSE,USD,13.579999923706055,-0.31754085200932136,13.116182023033144,13.274259246227867,12.851231876405663,0.11991300515979653,0.03427375708467463,56.48312520750473,0.136,3.0,Irregular,2025-08-29,0.010014727596764587,,0.02,-0.3,-1972.66
TAK,TAK,Takeda Pharmaceutical Company Limited American Depositary Shares (each representing 1/2 of a share of Common Stock),NYSE,NYSE,USD,18.459999084472656,-0.14755160102986986,17.390095236026863,16.32929463001447,15.10485926845078,0.6708913458070427,0.6018566168173923,83.88280896301555,0.339,1.0,Annual,2025-03-31,0.018364031246629078,,,,
TAL,TAL,TAL Education Group American Depositary Shares,NYSE,NYSE,USD,11.25,-0.4012345961647117,11.68677683024852,11.492318714933912,11.52302247917465,0.12383651809912344,0.17870993378618757,53.98981527701971,,,,,,,0.01,0.04,433.33
TALO,TALO,"Talos Energy, Inc. Common Stock",NYSE,NYSE,USD,,,,,,,,,,,,,,,,,
TAP,TAP,Molson Coors Beverage Company Class B Common Stock,NYSE,NYSE,USD,53.220001220703125,-0.31298678547873116,50.67914298468325,48.97685787696548,49.98219418811029,1.3731008701886225,0.9786391439370232,67.46576080673006,1.88,4.0,Quarterly,2025-12-05,0.035325064954501745,,1.36,1.32,-2.77
TAP.A,TAP.A,Molson Coors Beverage Company Class A Common Stock,NYSE,NYSE,USD,,,,,,,,,,,,,,,,,
TBB,TBB,AT&T Inc. 5.350% Global Notes due 2066,NYSE,NYSE,USD,22.420000076293945,-0.0974699428444129,22.418533208777287,22.486972993797316,22.788961161716397,-0.035957639757704385,-0.02587171869646567,32.14283281449036,1.336,4.0,Quarterly,2026-01-16,0.05958965189356246,,,,
TBBB,TBBB,BBB Foods Inc. Class A Common Shares,NYSE,NYSE,USD,,,,,,,,,,,,,,,,,
TBI,TBI,"TrueBlue, Inc. Common Stock",NYSE,NYSE,USD,4.53000020980835,-0.488681784668727,5.055065883239766,5.058688272376223,5.5560892758698275,-0.03463350351443406,0.06426685549224903,35.23810064441125,,,,,,,0.75,0.75,0.33
TBLU,TBLU,Tortoise Global Water Fund,NYSE,NYSE,USD,,,,,,,,,,,,,,,,,
TBN,TBN,Tamboran Resources Corporation Common stock,NYSE,NYSE,USD,28.100000381469727,-0.38607167362234196,28.04924248046747,26.968541685312687,24.609756797251535,0.44189868617090156,0.5792962013322325,51.63674558233073,,,,,,,,,
TCAI,TCAI,Tortoise AI Infrastructure ETF,NYSE,NYSE,USD,,,,,,,,,,,,,,,,,
TCBX,TCBX,"Third Coast Bancshares, Inc. Common Stock",NYSE,NYSE,USD,,,,,,,,,,,,,,,,,
TCI,TCI,"Transcontinental Realty Investors, Inc. Common Stock",NYSE,NYSE,USD,53.75,-0.1447111982036019,53.95905813510091,52.42807798079347,45.32523651385903,0.4496018204373229,0.5120908005315468,54.01574959247321,,,,,,,,,
TCPA,TCPA,TransCanada PipeLines Limited 6.250% Junior Subordinated Notes due 2085,NYSE,NYSE,USD,24.889999389648438,-0.03711174031130027,24.70084789195334,24.608527812128184,24.602979141732202,0.05642214921033428,0.05538309755909855,56.989214232536966,,,,,,,,,
TD,TD,Toronto Dominion Bank (The) Common Stock,NYSE,NYSE,USD,95.31999969482422,-0.08896160761507133,95.45391403974271,92.56524105091862,81.3293147529144,0.9744608753652813,1.0551383082232841,51.35475813092846,1.512,2.0,Semi-Annual,2025-07-10,0.015862358422585057,,2.07,1.94,-6.23
TDAY,TDAY,"USA TODAY Co., Inc. Common Stock",NYSE,NYSE,USD,5.960000038146973,-0.46666662492334476,5.914600625221475,5.613834284699508,4.784471194011208,0.09975825692999685,0.11160501867585915,50.0,,,,,,,,,
TDC,TDC,Teradata Corporation Common Stock,NYSE,NYSE,USD,33.560001373291016,-0.2298435407979802,30.343061834187516,29.397605833390404,25.94368846304469,0.7082260192906276,-0.02588322084234307,59.24329600788663,,,,,,,0.29,0.31,6.78
TDF,TDF,"Templeton Dragon Fund, Inc. Common Stock",NYSE,NYSE,USD,,,,,,,,,,,,,,,,,
TDG,TDG,Transdigm Group Incorporated Common Stock,NYSE,NYSE,USD,,,,,,,,,,,,,,,,,
TDOC,TDOC,"Teladoc Health, Inc. Common Stock",NYSE,NYSE,USD,4.650000095367432,-0.6880670053042395,5.403845768144873,6.293052234098729,7.830614463982954,-0.5952452727308044,-0.5517622380093512,17.968763824314635,,,,,,,-0.57,-0.45,21.18
TDS,TDS,"Telephone and Data Systems, Inc. Common Shares",NYSE,NYSE,USD,,,,,,,,,,,,,,,,,
TDS$U,TDS$U,"Telephone and Data Systems, Inc. Depositary Shares, Each Representing a 1/1,000th Interest in a 6.625% Series UU Cumulative Redeemable Perpetual Preferred Stock",NYSE,NYSE,USD,,,,,,,,,,,,,,,,,
TDS$V,TDS$V,"Telephone and Data Systems, Inc. Depositary Shares, Each Representing a 1/1,000th Interest in a 6.000% Series VV Cumulative Redeemable Perpetual Preferred Stock",NYSE,NYSE,USD,,,,,,,,,,,,,,,,,
TDW,TDW,Tidewater Inc. Common Stock,NYSE,NYSE,USD,69.93000030517578,-0.4160332711195722,64.39054093715815,59.787562598382756,54.3642664637151,3.407939043421287,3.012803883914952,64.415679234391,,,,,,,0.24,0.23,-2.13
TDY,TDY,Teledyne Technologies Incorporated Common Stock,NYSE,NYSE,USD,,,,,,,,,,,,,,,,,
TE,TE,T1 Energy Inc. Common Stock,NYSE,NYSE,USD,6.119999885559082,-0.5314009372499556,7.548878573925403,6.876554940061836,4.2775148197386095,-0.13172761232403385,0.22137891385163833,37.74271674706348,,,,,,,,-2.48,
TE.W,TE.W,"T1 Energy Inc. Warrants, each whole warrant exercisable to purchase one Common Stock at an exercise price of $11.50 per share",NYSE,NYSE,USD,,,,,,,,,,,,,,,,,
TECK,TECK,Teck Resources Ltd Ordinary Shares,NYSE,NYSE,USD,58.90999984741211,-0.33002770230300027,55.64790181442553,51.25638612932706,44.15500491504394,2.4345487662229957,2.342694082843783,57.323940048567515,0.269,3.0,Irregular,2025-09-15,0.00456628756911832,,1.64,1.77,8.2
TEF,TEF,Telefonica SA Common Stock,NYSE,NYSE,USD,,,,,,,,,,,,,,,,,
TEI,TEI,"Templeton Emerging Markets Income Fund, Inc. Common Stock",NYSE,NYSE,USD,6.989999771118164,-0.11849197556710445,6.809624874632908,6.644089686880265,6.240329234720779,0.11301011000587469,0.09455584537290407,88.0,0.881,12.0,Monthly,2026-01-23,0.12603720012126263,,,,
TEL,TEL,TE Connectivity plc Ordinary Shares,NYSE,NYSE,USD,236.19000244140625,-0.21819931038683993,226.5561869517898,228.07902423024345,209.16873453874018,-0.9822347138253633,-2.194675456883915,56.68916819022389,2.07,3.0,Irregular,2025-08-22,0.00876413048225241,,1.75,1.86,6.5
TEN,TEN,Tsakos Energy Navigation Ltd Common Shares,NYSE,NYSE,USD,28.31999969482422,-0.20950194834524127,26.648259331623734,25.341702825771414,22.45874765306295,0.8418192025814974,0.8044559478758581,66.5079428994073,0.6,1.0,Annual,2025-07-14,0.021186440906270785,,0.71,1.09,52.88
TEN$E,TEN$E,Tsakos Energy Navigation Ltd Series E Fixed,NYSE,NYSE,USD,,,,,,,,,,,,,,,,,
TEN$F,TEN$F,Tsakos Energy Navigation Ltd Series F Fixed,NYSE,NYSE,USD,,,,,,,,,,,,,,,,,
TEO,TEO,Telecom Argentina SA,NYSE,NYSE,USD,11.420000076293945,-0.46115704335750096,12.090267993068194,11.796557639835425,10.71127420115413,-0.012681205240728133,0.15615667197561228,39.33334064483294,,,,,,,0.06,0.06,0.1
TEVA,TEVA,Teva Pharmaceutical Industries Limited American Depositary Shares,NYSE,NYSE,USD,,,,,,,,,,,,,,,,,
TEX,TEX,Terex Corporation Common Stock,NYSE,NYSE,USD,69.2300033569336,-0.3227502490661973,62.02126955471939,58.033209606003865,51.82320635456506,2.4694837035631707,1.8947259519262654,63.179568566532346,0.68,4.0,Quarterly,2025-11-10,0.00982233088295663,,1.04,1.2,15.22
TFC,TFC,Truist Financial Corporation Common Stock,NYSE,NYSE,USD,51.900001525878906,-0.26927115165877236,52.55547190334847,50.5883911905068,46.827840972593776,0.9973920675755252,1.1381403576024032,57.546351273412164,2.08,4.0,Quarterly,2026-02-13,0.04007707011266366,2027-01-20 08:00:00,,,
TFC$I,TFC$I,Truist Financial Corporation Depositary Shares,NYSE,NYSE,USD,,,,,,,,,,,,,,,,,
TFC$O,TFC$O,"Truist Financial Corporation Depositary Shares, Each Representing a 1/1,000th Interest in a Share of Series O Non",NYSE,NYSE,USD,,,,,,,,,,,,,,,,,
TFC$R,TFC$R,"Truist Financial Corporation Depositary Shares, each representing 1/1,000th interest in a share of Series R Non",NYSE,NYSE,USD,,,,,,,,,,,,,,,,,
TFII,TFII,TFI International Inc. Common Shares,NYSE,NYSE,USD,,,,,,,,,,,,,,,,,
TFIN,TFIN,"Triumph Financial, Inc. Common Stock",NYSE,NYSE,USD,61.7599983215332,-0.3583298614574837,66.24456734385029,64.28626124820825,61.16709266364597,0.07178351597434585,0.6180774779699257,35.639689430886804,,,,,,,0.64,0.67,4.96
TFIN$,TFIN$,"Triumph Financial, Inc. Depositary Shares, Each Representing a 1/40th Interest in a Share of 7.125% Series C Fixed",NYSE,NYSE,USD,,,,,,,,,,,,,,,,,
TFPM,TFPM,Triple Flag Precious Metals Corp. Common Shares,NYSE,NYSE,USD,,,,,,,,,,,,,,,,,
TFSA,TFSA,"Terra Income Fund 6, LLC 7.00% Notes due 2026",NYSE,NYSE,USD,,,,,,,,,,,,,,,,,
TFX,TFX,Teleflex Incorporated Common Stock,NYSE,NYSE,USD,103.75,-0.4351497597238918,106.48334092060729,111.19925199634781,122.54883573464264,-2.0161835994642985,-2.6024410181284643,48.71502829979042,1.36,4.0,Quarterly,2025-11-14,0.01310843373493976,,3.11,3.27,4.99
TG,TG,Tredegar Corporation Common Stock,NYSE,NYSE,USD,8.6899995803833,-0.32365593195154474,8.71361768022947,8.265859792852842,7.992333878324182,0.28906144075360984,0.32523690012629536,49.31506938794707,,,,,,,,,
TGE,TGE,The Generation Essentials Group Class A Ordinary Shares,NYSE,NYSE,USD,1.3200000524520874,-0.9354356859066961,1.3373990736353072,1.3829640547212667,3.5833868868988246,-0.005376972113239953,0.016819523093683286,45.88235756105128,,,,,,,0.2,0.21,6.06
TGLS,TGLS,Tecnoglass Inc. Ordinary Shares,NYSE,NYSE,USD,,,,,,,,,,,,,,,,,
TGNA,TGNA,TEGNA Inc,NYSE,NYSE,USD,20.950000762939453,-0.20758691651259487,19.73818518806983,19.512026134983092,19.085165367585656,0.41106093022546375,0.16784618118508363,82.22223702351852,0.5,4.0,Quarterly,2025-12-05,0.02386634757954281,,0.73,0.65,-10.65
TGS,TGS,Transportadora de Gas del Sur SA TGS Common Stock,NYSE,NYSE,USD,,,,,,,,,,,,,,,,,
TGT,TGT,Target Corporation Common Stock,NYSE,NYSE,USD,,,,,,,,,,,,,,,,,
THC,THC,Tenet Healthcare Corporation Common Stock,NYSE,NYSE,USD,,,,,,,,,,,,,,,,,
THG,THG,Hanover Insurance Group Inc,NYSE,NYSE,USD,171.8000030517578,-0.1397738712621347,173.65310793007617,175.72322557471992,174.02572837702724,-0.9663660542721857,-1.1067444677459028,51.63428779397938,3.65,4.0,Quarterly,2025-12-12,0.021245634081277474,,0.4,0.13,-67.84
THIR,THIR,THOR Index Rotation ETF,NYSE,NYSE,USD,,,,,,,,,,,,,,,,,
THLV,THLV,THOR Equal Weight Low Volatility ETF,NYSE,NYSE,USD,32.97999954223633,-0.07837756156296039,31.928493403668774,31.155230703336308,29.781564550531492,0.5494532743574396,0.4616753159149803,76.30688550063125,0.53,1.0,Annual,2025-12-12,0.016070345887095834,,,,
THO,THO,"Thor Industries, Inc. Common Stock",NYSE,NYSE,USD,,,,,,,,,,,,,,,,,
THQ,THQ,abrdn Healthcare Opportunities Fund Shares of Beneficial Interest,NYSE,NYSE,USD,19.059999465942383,-0.27609106811614303,19.206848546559296,19.084577687628496,18.659478769940097,-0.0930067273204429,-0.05020992407274903,37.07866051458333,2.16,12.0,Monthly,2026-01-23,0.11332634105576053,,,,
THR,THR,"Thermon Group Holdings, Inc. Common Stock",NYSE,NYSE,USD,51.689998626708984,-0.22521335880472482,47.07384075856398,42.16577874819204,34.114826714087144,3.1191282974966725,2.71232210105165,76.1993528092665,,,,,,,0.2,0.38,90.0
THS,THS,"Treehouse Foods, Inc. Common Stock",NYSE,NYSE,USD,24.43000030517578,-0.518753805610374,24.412707507595577,23.709248130093982,23.132717081021728,0.21394532683881806,0.26530265550999366,51.28208263234085,,,,,,,0.16,0.18,14.55
THW,THW,abrdn World Healthcare Fund Shares of Beneficial Interest,NYSE,NYSE,USD,,,,,,,,,,,,,,,,,
TIC,TIC,"TIC Solutions, Inc. Common Stock",NYSE,NYSE,USD,9.359999656677246,-0.3809523527455093,10.051436614632562,10.389627364205516,10.967102842297288,-0.29321224107825294,-0.21272135240431758,33.660933373073675,,,,,,,,,
TIMB,TIMB,TIM S.A. American Depositary Shares (Each representing 5 Common Shares) ,NYSE,NYSE,USD,26.1200008392334,-0.1855279664486389,24.273655923171212,22.89576463059854,20.73433582853454,1.2474444847997894,0.9826836088758155,68.76713674541492,0.971,5.0,Irregular,2025-08-04,0.03717457767235271,,0.18,0.22,25.14
TISI,TISI,"Team, Inc. Common Stock",NYSE,NYSE,USD,,,,,,,,,,,,,,,,,
TJX,TJX,"TJX Companies, Inc. (The) Common Stock",NYSE,NYSE,USD,154.4600067138672,-0.10131082299375116,153.3531393176211,152.43529121387235,142.43111082861788,0.015641917797694305,-0.2389748182566554,60.64140244318367,1.7,4.0,Quarterly,2026-02-12,0.011006085239586983,,0.8,0.86,7.56
TK,TK,Teekay Corporation Ltd. Common Stock,NYSE,NYSE,USD,,,,,,,,,,,,,,,,,
TKC,TKC,Turkcell Iletisim Hizmetleri AS Common Stock,NYSE,NYSE,USD,7.050000190734863,-0.28364117638621844,6.587074396024154,6.245817997416163,6.142980934533538,0.25254446434167743,0.22644454397783303,69.64285334154174,0.115,1.0,Annual,2025-06-23,0.01631205629627265,,0.12,0.07,-45.0
TKO,TKO,"TKO Group Holdings, Inc. Class A Common Stock",NYSE,NYSE,USD,,,,,,,,,,,,,,,,,
TKR,TKR,Timken Company (The) Common Stock,NYSE,NYSE,USD,107.83999633789062,-0.3156701333564246,100.32277155497059,92.8946277846696,82.91257978583667,5.088919889661199,4.158269344730513,82.74881681099241,1.39,4.0,Quarterly,2025-11-25,0.012889466313080817,,1.33,1.52,14.05
TLK,TLK,"PT Telekomunikasi Indonesia, Tbk",NYSE,NYSE,USD,,,,,,,,,,,,,,,,,
TLYS,TLYS,"Tilly's, Inc. Common Stock",NYSE,NYSE,USD,,,,,,,,,,,,,,,,,
TM,TM,Toyota Motor Corporation Common Stock,NYSE,NYSE,USD,248.2899932861328,-0.17867865080197132,234.35553408183804,223.3992001227505,203.70430032978553,6.71992290959372,5.764215879106905,69.02803524301744,3.457,1.0,Annual,2025-03-31,0.0139232353033902,,,,
TME,TME,"Tencent Music Entertainment Group American Depositary Shares, each representing two Class A Ordinary Shares",NYSE,NYSE,USD,,,,,,,,,,,,,,,,,
TMHC,TMHC,Taylor Morrison Home Corporation Common Stock,NYSE,NYSE,USD,68.86000061035156,-0.19610573003594944,64.25419135891255,62.88318592585347,62.52921283011715,1.3202052037060952,0.8829367502192564,75.45317531729836,,,,,,,2.52,2.75,9.31
TMO,TMO,Thermo Fisher Scientific Inc Common Stock,NYSE,NYSE,USD,504.82000732421875,-0.2766935064497267,563.0012896377274,575.1744966538297,536.0851763188232,-22.38347352180233,-12.664505458100404,5.521510953288001,1.72,4.0,Quarterly,2025-12-15,0.0034071549761207,,4.81,5.08,5.57
TNC,TNC,Tennant Company Common Stock,NYSE,NYSE,USD,,,,,,,,,,,,,,,,,
TNET,TNET,"TriNet Group, Inc. Common Stock",NYSE,NYSE,USD,39.81999969482422,-0.5393869161306675,53.895482300447355,57.480967248528266,64.30180283510285,-4.256768702119025,-2.0121903868844426,15.326709704631469,1.1,4.0,Quarterly,2026-01-02,0.027624309603974644,,1.02,1.64,60.63
TNGY,TNGY,Tortoise Energy Fund,NYSE,NYSE,USD,,,,,,,,,,,,,,,,,
TNK,TNK,Teekay Tankers Ltd.,NYSE,NYSE,USD,70.55000305175781,-0.18292874825636318,64.81581427694627,60.938747403170346,53.29698778660112,2.832503831635705,2.4209437065841666,84.2104976338864,1.75,3.0,Irregular,2025-08-11,0.024805101691011158,,3.33,4.33,29.87
TNL,TNL,Travel   Leisure Co. Common  Stock,NYSE,NYSE,USD,70.83999633789062,-0.3297615214273112,71.76614460529737,70.52425576347085,63.63207554495734,0.21925082913929828,0.18700014056555359,52.73922827682523,2.24,4.0,Quarterly,2025-12-12,0.031620554994324264,,1.3,1.28,-1.31
TOL,TOL,"Toll Brothers, Inc. Common Stock",NYSE,NYSE,USD,,,,,,,,,,,,,,,,,
TOST,TOST,"Toast, Inc. Class A Common Stock",NYSE,NYSE,USD,27.329999923706055,-0.46977688044266586,30.083460735847734,32.75909830431148,36.935485970112516,-1.9544230920258023,-1.7008606418893697,28.56150270958797,,,,,,,-0.1,-0.03,69.07
TPB,TPB,"Turning Point Brands, Inc. Common Stock",NYSE,NYSE,USD,131.77000427246094,-0.22476540207149898,123.68734844157359,115.10572158150745,96.79764487375321,4.887352526345481,4.742691546752921,69.98603143460366,0.3,4.0,Quarterly,2025-12-19,0.002276694166144897,,0.6,0.72,20.67
TPC,TPC,Tutor Perini Corporation Common Stock,NYSE,NYSE,USD,,,,,,,,,,,,,,,,,
TPH,TPH,"Tri Pointe Homes, Inc. Common Stock",NYSE,NYSE,USD,46.369998931884766,-0.2004417971162491,35.9751492205506,34.44153973635533,33.53804851832749,1.572636895697599,0.722364838147002,89.37775582574669,,,,,,,1.23,1.45,17.89
TPL,TPL,Texas Pacific Land Corporation Common Stock,NYSE,NYSE,USD,432.30999755859375,-0.4264959826799557,365.7602994827366,337.09035547572466,342.6763810564688,25.007309486416887,17.562450243421004,83.69168376340834,2.133332,4.0,Quarterly,2025-12-01,0.004934727422561759,,15.14,12.94,-14.51
TPR,TPR,"Tapestry, Inc. Common Stock",NYSE,NYSE,USD,153.8000030517578,-0.3207039670884969,140.6619635611281,131.02755278006498,111.70229330888014,7.017351379166399,4.796505717476945,81.54409357006419,1.5,4.0,Quarterly,2025-12-05,0.009752925684242086,,0.77,0.78,0.98
TPTA,TPTA,"Terra Property Trust, Inc. 6.00% Notes due 2026",NYSE,NYSE,USD,23.290000915527344,-0.08931502250775902,23.515000307684172,23.5461414209573,22.02012313974998,-0.10629862608533003,-0.0760458560495797,26.84565047082137,1.5,4.0,Quarterly,2025-12-15,0.06440532164169888,,,,
TPVG,TPVG,TriplePoint Venture Growth BDC Corp. Common Stock,NYSE,NYSE,USD,5.650000095367432,-0.3562654115344678,5.953322468983936,6.147123761444341,6.43355175960189,-0.2115191803116101,-0.17723958027464892,25.87410488758472,1.08,4.0,Quarterly,2025-12-16,0.19115043925141126,,0.4,0.51,28.88
TPYP,TPYP,Tortoise North American Pipeline Fund,NYSE,NYSE,USD,,,,,,,,,,,,,,,,,
TPZ,TPZ,Tortoise Essential Energy Fund,NYSE,NYSE,USD,22.440000534057617,-0.1545667955712705,21.166427233350785,20.904633170213497,20.74527624393065,0.32263953102150467,0.1740972629548857,78.27479250709925,0.748,11.0,Monthly,2025-12-31,0.03333333254002138,,,,
TR,TR,"Tootsie Roll Industries, Inc. Common Stock",NYSE,NYSE,USD,42.0,-0.20032051142094853,38.96742100205935,38.32497984331541,37.19283111404087,0.9011711907215272,0.522608742192699,84.7891717677744,0.357,4.0,Quarterly,2025-12-24,0.008499999999999999,,,,
TRAK,TRAK,"ReposiTrak, Inc. Common Stock",NYSE,NYSE,USD,,,,,,,,,,,,,,,,,
TRC,TRC,Tejon Ranch Co Common Stock,NYSE,NYSE,USD,,,,,,,,,,,,,,,,,
TREX,TREX,"Trex Company, Inc. Common Stock",NYSE,NYSE,USD,,,,,,,,,,,,,,,,,
TRGP,TRGP,"Targa Resources, Inc. Common Stock",NYSE,NYSE,USD,223.88999938964844,-0.3042940333699402,205.31078788802168,191.8445950813019,179.68879697779167,9.752705631497065,7.885477580952039,84.35923147888171,4.0,4.0,Quarterly,2026-01-30,0.01786591634688682,,1.2,0.84,-29.79
TRN,TRN,"Trinity Industries, Inc. Common Stock",NYSE,NYSE,USD,35.08000183105469,-0.32600522294627043,30.291051856482227,28.821797100440797,28.31984666222004,1.4493598029720154,0.833537721862545,99.43341505751086,1.21,4.0,Quarterly,2026-01-15,0.03449258656904754,,0.33,0.34,3.03
TRNO,TRNO,Terreno Realty Corporation Common Stock,NYSE,NYSE,USD,,,,,,,,,,,,,,,,,
TROX,TROX,Tronox Holdings plc Ordinary Shares (UK),NYSE,NYSE,USD,,,,,,,,,,,,,,,,,
TRP,TRP,TC Energy Corporation Common Stock,NYSE,NYSE,USD,63.540000915527344,-0.09721942096658864,58.93706398335081,56.616586377474455,52.710379796746466,1.772800816085919,1.3936968752735368,84.64492557311992,1.2149999999999999,2.0,Semi-Annual,2025-06-30,0.019121812755641444,,0.99,1.07,8.22
TRTN$A,TRTN$A,Triton International Limited 8.50% Series A Cumulative Redeemable Perpetual  Preference Shares,NYSE,NYSE,USD,,,,,,,,,,,,,,,,,
TRTN$B,TRTN$B,Triton International Limited 8.00% Series B Cumulative Redeemable Perpetual Preference Shares,NYSE,NYSE,USD,,,,,,,,,,,,,,,,,
TRTN$C,TRTN$C,Triton International Limited 7.375% Series C Cumulative Redeemable Perpetual Preference Shares,NYSE,NYSE,USD,,,,,,,,,,,,,,,,,
TRTN$D,TRTN$D,Triton International Limited 6.875% Series D Cumulative Redeemable Perpetual Preference Shares,NYSE,NYSE,USD,,,,,,,,,,,,,,,,,
TRTN$E,TRTN$E,Triton International Limited 5.75% Series E Cumulative Redeemable Perpetual Preference Shares,NYSE,NYSE,USD,,,,,,,,,,,,,,,,,
TRTN$F,TRTN$F,Triton International Limited 7.625% Series F Cumulative Redeemable Perpetual Preference Shares,NYSE,NYSE,USD,,,,,,,,,,,,,,,,,
TRTX,TRTX,"TPG RE Finance Trust, Inc. Common Stock",NYSE,NYSE,USD,,,,,,,,,,,,,,,,,
TRTX$C,TRTX$C,"TPG RE Finance Trust, Inc. 6.25% Series C Cumulative Redeemable Preferred Stock, $0.001 par value per share",NYSE,NYSE,USD,,,,,,,,,,,,,,,,,
TRU,TRU,TransUnion Common Stock,NYSE,NYSE,USD,,,,,,,,,,,,,,,,,
TRV,TRV,"The Travelers Companies, Inc. Common Stock",NYSE,NYSE,USD,294.2099914550781,-0.11805530296577493,290.3288543417829,286.10698558767876,274.6609855793311,4.169592285562885,2.9663572211234337,65.48563495640128,4.3500000000000005,4.0,Quarterly,2025-12-10,0.014785357827197336,,1.56,2.2,40.75
TS,TS,Tenaris S.A. American Depositary Shares,NYSE,NYSE,USD,,,,,,,,,,,,,,,,,
TSE,TSE,Trinseo PLC Ordinary Shares ,NYSE,NYSE,USD,0.39100000262260437,-0.9343959731342266,0.4735068711884408,0.6540165167559036,1.8541640060379245,-0.047603531980254854,-0.048987215139886735,24.352336246702635,0.02,2.0,Semi-Annual,2025-07-10,0.051150894797574016,,-1.45,-1.72,-18.57
TSI,TSI,"TCW Strategic Income Fund, Inc. Common Stock",NYSE,NYSE,USD,,,,,,,,,,,,,,,,,
TSLX,TSLX,"Sixth Street Specialty Lending, Inc. Common Stock",NYSE,NYSE,USD,19.229999542236328,-0.23386457171398978,20.873497746245892,21.453141620122103,22.25372985517705,-0.571615145202518,-0.3621985819459287,16.706422076816565,2.05,8.0,Irregular,2025-12-15,0.10660426670824547,,0.54,0.55,2.61
TSM,TSM,Taiwan Semiconductor Manufacturing Company Ltd.,NYSE,NYSE,USD,366.3599853515625,-0.3066699394363004,344.8205618839588,324.9132562230742,275.82387477596575,12.501377001619971,10.038590147650439,66.20437168845437,3.121,4.0,Quarterly,2025-12-11,0.008518943456679797,,1.69,1.79,5.68
TSN,TSN,"Tyson Foods, Inc. Common Stock",NYSE,NYSE,USD,63.939998626708984,-0.205140258123658,63.51016545851183,60.81426002023904,57.56695896325417,1.287142601162813,1.607634787617522,51.21386839682052,2.01,4.0,Quarterly,2025-12-01,0.031435721663597024,,1.73,1.63,-5.7
TSQ,TSQ,"Townsquare Media, Inc. Class A Common Stock",NYSE,NYSE,USD,6.769999980926514,-0.5160220970022698,6.494229829847828,6.047590244929962,6.5024119546932555,0.3503683045941921,0.355202236872474,45.697328579109715,0.8,4.0,Quarterly,2026-01-26,0.11816839028860904,,0.57,0.13,-77.19
TT,TT,Trane Technologies plc,NYSE,NYSE,USD,,,,,,,,,,,,,,,,,
TTAM,TTAM,Titan America SA Common Shares,NYSE,NYSE,USD,18.59000015258789,-0.3369631226330503,18.0584490261561,17.289018087155462,15.859551284181258,0.4256335671372149,0.4006191241387605,54.561720831631554,0.12,3.0,Irregular,2025-12-17,0.006455083325176571,,,,
TTC,TTC,Toro Company (The) Common Stock,NYSE,NYSE,USD,100.08999633789062,-0.2332488601041901,94.15536882197907,87.13483382419169,79.44181827255174,4.162631569247495,3.9646429204160714,89.15400846791432,1.53,4.0,Quarterly,2025-12-22,0.0152862429411519,,1.09,1.11,2.07
TTE,TTE,TotalEnergies SE Ordinary Shares,NYSE,NYSE,USD,76.79000091552734,-0.18119056946910161,72.68811307013841,69.01771872684789,64.3456705548183,2.618551978862115,2.2973155887039307,71.28579357850393,2.824,3.0,Irregular,2025-09-30,0.0367756213873019,,4.1,3.83,-6.69
TTI,TTI,"Tetra Technologies, Inc. Common Stock",NYSE,NYSE,USD,10.9399995803833,-0.5224215030890709,11.190219546353942,10.212366605810686,7.210754724731839,0.24454042888985406,0.43835976771670015,44.206768164139426,,,,,,,0.05,0.03,-34.43
TU,TU,Telus Corporation Ordinary Shares,NYSE,NYSE,USD,,,,,,,,,,,,,,,,,
TUYA,TUYA,"Tuya Inc. American Depositary Shares, each representing one Class A Ordinary Share",NYSE,NYSE,USD,,,,,,,,,,,,,,,,,
TV,TV,Grupo Televisa S.A.B. Common Stock,NYSE,NYSE,USD,,,,,,,,,,,,,,,,,
TVC,TVC,Tennessee Valley Authority Common Stock,NYSE,NYSE,USD,24.350000381469727,-0.015986582280065553,24.326140460505197,24.246316526179836,23.960351205569534,0.043676204709473865,0.04570533128654204,61.3636659196227,0.532,4.0,Quarterly,2025-11-28,0.021848048939040278,,,,
TVE,TVE,Tennessee Valley Authority,NYSE,NYSE,USD,,,,,,,,,,,,,,,,,
TWI,TWI,"Titan International, Inc. (DE) Common Stock",NYSE,NYSE,USD,11.020000457763672,-0.3379373586996659,10.134226742278333,9.21107397456184,8.573460764044022,0.7137134255422204,0.605879835440695,77.16347774017589,,,,,,,0.49,0.53,8.16
TWLO,TWLO,Twilio Inc. Class A Common Stock,NYSE,NYSE,USD,113.0,-0.3522854343694073,119.15491101630943,123.94361660342003,120.29902787919501,-4.9701149130304,-4.405781230272263,30.68704208155937,,,,,,,-0.36,-0.27,25.0
TWN,TWN,"Taiwan Fund, Inc. (The) Common Stock",NYSE,NYSE,USD,63.08000183105469,-0.2918587077591389,58.96991101711114,57.20329382150615,51.31024136530475,1.5969542887238575,1.1038848179535226,83.87097114437026,6.2,1.0,Annual,2025-12-29,0.09828788554263644,,,,
TWO,TWO,Two Harbors Investment Corp,NYSE,NYSE,USD,11.399999618530273,-0.3356840709759653,11.746132676199299,11.465920237584266,11.079953104970507,-0.20808303072579015,0.022058053707029797,32.98790216780621,1.52,4.0,Quarterly,2026-01-05,0.13333333779496773,,0.53,0.26,-50.82
TWO$A,TWO$A,Two Harbors Investments Corp 8.125% Series A Fixed,NYSE,NYSE,USD,,,,,,,,,,,,,,,,,
TWO$B,TWO$B,Two Harbors Investments Corp 7.625% Series B Fixed,NYSE,NYSE,USD,,,,,,,,,,,,,,,,,
TWO$C,TWO$C,Two Harbors Investments Corp 7.25% Series C Fixed,NYSE,NYSE,USD,,,,,,,,,,,,,,,,,
TWOD,TWOD,Two Harbors Investments Corp 9.375% Senior Notes due 2030,NYSE,NYSE,USD,,,,,,,,,,,,,,,,,
TX,TX,"Ternium S.A. Ternium S.A. American Depositary Shares (each representing ten shares, USD1.00 par value)",NYSE,NYSE,USD,43.650001525878906,-0.2547655149974163,43.1710359079771,41.02575872872783,36.16354989561444,1.0420294528990155,1.1088260943479447,56.30676337242469,1.8,1.0,Annual,2025-05-09,0.0412371119605306,,0.94,1.91,102.88
TXNM,TXNM,"TXNM Energy, Inc. Common Stock",NYSE,NYSE,USD,59.279998779296875,-0.10221725510389568,59.1043583484785,58.78945551945584,56.891598222715785,0.08023948177761042,0.0735616036237007,52.89849263455856,1.6469999999999998,4.0,Quarterly,2026-01-30,0.027783401381836787,,0.55,0.6,8.43
TXO,TXO,"TXO Partners, L.P. Common Units Representing Limited Partner Interests",NYSE,NYSE,USD,,,,,,,,,,,,,,,,,
TXT,TXT,Textron Inc. Common Stock,NYSE,NYSE,USD,98.08999633789062,-0.19512196108604385,93.67389020157735,90.55845399948115,83.52785048832614,1.8502689371375283,1.2037936988789193,58.034459133880766,0.08,4.0,Quarterly,2025-12-12,0.0008155775612879421,,0.93,1.06,14.07
TY,TY,Tri Continental Corporation Common Stock,NYSE,NYSE,USD,33.16999816894531,-0.16757907694306784,33.20798361666314,33.2783573097175,33.010600454073504,0.024329586735028386,0.0183237585178731,45.83321743484187,1.103,4.0,Quarterly,2025-12-12,0.03325294123870829,,,,
TY$,TY$,Tri Continental Corporation Preferred Stock,NYSE,NYSE,USD,,,,,,,,,,,,,,,,,
TYG,TYG,Tortoise Energy Infrastructure Corporation Common Stock,NYSE,NYSE,USD,,,,,,,,,,,,,,,,,
TYL,TYL,"Tyler Technologies, Inc. Common Stock",NYSE,NYSE,USD,,,,,,,,,,,,,,,,,
U,U,Unity Software Inc. Common Stock,NYSE,NYSE,USD,18.68000030517578,-0.6223974157219501,30.206267044341235,36.48770696766258,35.34559744513486,-5.856145463297956,-4.656186124853212,16.240978087519238,,,,,,,-0.15,-0.14,4.02
UA,UA,"Under Armour, Inc. Class C Common Stock",NYSE,NYSE,USD,,,,,,,,,,,,,,,,,
UAA,UAA,"Under Armour, Inc. Class A Common Stock",NYSE,NYSE,USD,,,,,,,,,,,,,,,,,
UAN,UAN,"CVR Partners, LP Common Units representing Limited Partner Interests",NYSE,NYSE,USD,,,,,,,,,,,,,,,,,
UBER,UBER,"Uber Technologies, Inc. Common Stock",NYSE,NYSE,USD,69.98999786376953,-0.3007992114818655,76.85491792111097,81.48337662971322,85.86458071375036,-3.3551521435241227,-2.509746407682824,20.627113410771173,,,,,,,-0.22,-0.61,-179.34
UBS,UBS,UBS Group AG Registered Ordinary Shares,NYSE,NYSE,USD,41.9900016784668,-0.2402559619622101,45.06418772230623,44.66622387820274,40.2112591424567,-0.9584757197018092,-0.26544108616058676,23.555165994529148,0.904,1.0,Annual,2025-04-15,0.021528934600247632,,0.46,0.52,13.87
UCB,UCB,"United Community Banks, Inc. Common Stock",NYSE,NYSE,USD,34.560001373291016,-0.2965722528124439,34.688081390039876,33.46619992317184,31.83035065402366,0.5860148947144097,0.7416513986101503,59.049379780142225,0.98,4.0,Quarterly,2025-12-15,0.02835648035469619,,0.51,0.58,13.76
UDR,UDR,"UDR, Inc. Common Stock",NYSE,NYSE,USD,38.09000015258789,-0.27106862063565584,37.644090011730725,36.976252794688826,38.023542095529365,0.5011987801626248,0.38990228571420565,56.996152491967834,1.72,4.0,Quarterly,2026-01-12,0.045156208797839575,,0.11,0.1,-8.01
UE,UE,Urban Edge Properties Common Shares of Beneficial Interest,NYSE,NYSE,USD,20.770000457763672,-0.21407910236530547,20.10500044880781,19.662110011010554,19.57455580956525,0.46319191909067925,0.35600646340064435,74.52574763881768,0.76,4.0,Quarterly,2025-12-15,0.03659123655512091,,0.09,0.1,15.38
UFI,UFI,"Unifi, Inc. New Common Stock",NYSE,NYSE,USD,,,,,,,,,,,,,,,,,
UGI,UGI,UGI Corporation Common Stock,NYSE,NYSE,USD,38.7599983215332,-0.14512653414719023,38.52044698966061,37.89134637451769,35.81253533302658,0.055238995839175686,0.22953716438697774,42.54701435065956,1.5,4.0,Quarterly,2025-12-15,0.038699692078331994,,1.78,1.68,-5.46
UGP,UGP,Ultrapar Participacoes S.A. (New) American Depositary Shares (Each representing one Common Share),NYSE,NYSE,USD,5.130000114440918,-0.1674311919080299,4.820824543694752,4.425741907407566,3.8277181221357823,0.281036478565591,0.26922089284779266,74.28574283108871,0.078,1.0,Annual,2025-03-10,0.01520467802338454,,0.08,0.16,112.35
UHAL,UHAL,U,NYSE,NYSE,USD,49.689998626708984,-0.34734307429984657,52.99405877171883,53.72563599817052,57.467932479538284,-1.4117177838413966,-0.46303837145523297,30.081296873246387,,,,,,,0.5,1.92,284.0
UHAL.B,UHAL.B,U,NYSE,NYSE,USD,,,,,,,,,,,,,,,,,
UHS,UHS,"Universal Health Services, Inc. Common Stock",NYSE,NYSE,USD,,,,,,,,,,,,,,,,,
UHT,UHT,Universal Health Realty Income Trust Common Stock,NYSE,NYSE,USD,43.20000076293945,-0.15960987008433525,41.26723249530688,40.46300078339007,39.78383578120417,0.8449285299987537,0.4915682647288597,78.70369949879125,2.96,4.0,Quarterly,2025-12-22,0.06851851730843796,,0.46,0.45,-2.17
UI,UI,Ubiquiti Inc. Common Stock,NYSE,NYSE,USD,720.0599975585938,-0.34520693203936337,623.8298114026908,597.5391045866112,538.0643823727453,38.044851771701474,19.47175156191249,79.97337611520135,2.8,4.0,Quarterly,2025-11-17,0.0038885648550031474,,1.8,1.55,-14.03
UIS,UIS,Unisys Corporation New Common Stock,NYSE,NYSE,USD,2.240000009536743,-0.6741071241673355,2.536981196995848,2.7763693849545574,3.6355997590148728,-0.1891818208733933,-0.14486654325141557,19.191909948056036,,,,,,,,0.51,
UL,UL,Unilever PLC American Depositary Shares (each representing One Ordinary Share),NYSE,NYSE,USD,74.58999633789062,-0.15482194318649645,69.91253295865728,67.95125153385132,67.4431389969061,2.1268327279406094,1.5572731948027523,83.5174878920251,2.292793,4.0,Quarterly,2025-11-07,0.03073861258302938,,,,
ULS,ULS,UL Solutions Inc. Class A Common Stock,NYSE,NYSE,USD,,,,,,,,,,,,,,,,,
UMC,UMC,United Microelectronics Corporation (NEW) Common Stock,NYSE,NYSE,USD,,,,,,,,,,,,,,,,,
UMH,UMH,"UMH Properties, Inc. Common Stock",NYSE,NYSE,USD,,,,,,,,,,,,,,,,,
UMH$D,UMH$D,"UMH Properties, Inc. 6.375% Series D Cumulative Redeemable Preferred Stock, Liquidation Preference $25 per share",NYSE,NYSE,USD,,,,,,,,,,,,,,,,,
UNF,UNF,Unifirst Corporation Common Stock,NYSE,NYSE,USD,,,,,,,,,,,,,,,,,
UNFI,UNFI,"United Natural Foods, Inc. Common Stock",NYSE,NYSE,USD,,,,,,,,,,,,,,,,,
UNH,UNH,UnitedHealth Group Incorporated Common Stock (DE),NYSE,NYSE,USD,,,,,,,,,,,,,,,,,
UNM,UNM,Unum Group Common Stock,NYSE,NYSE,USD,,,,,,,,,,,,,,,,,
UNMA,UNMA,Unum Group 6.250% Junior Subordinated Notes due 2058,NYSE,NYSE,USD,23.56999969482422,-0.09246031163350932,23.44927430595322,23.488667525899736,23.844970419388897,-0.0004165026777656067,0.004205068516610314,45.45454545454545,1.564,4.0,Quarterly,2025-12-01,0.06635553755834124,,,,
UNP,UNP,Union Pacific Corporation Common Stock,NYSE,NYSE,USD,260.67999267578125,-0.170800629889038,246.33933347232323,237.77222884833552,232.03666841417467,8.08471336568141,5.481229964200086,84.06128081024771,5.4399999999999995,4.0,Quarterly,2025-12-05,0.020868498361383485,,3.06,3.19,4.37
UP,UP,Wheels Up Experience Inc. Class A Common Stock,NYSE,NYSE,USD,0.6579999923706055,-0.8206060557019502,0.6911331652046707,0.8010495274225158,1.184732901916736,-0.038895566657624836,-0.036602427126597434,38.02469015884565,,,,,,,-0.31,-0.26,17.33
UPS,UPS,"United Parcel Service, Inc. Common Stock",NYSE,NYSE,USD,,,,,,,,,,,,,,,,,
URI,URI,"United Rentals, Inc. Common Stock",NYSE,NYSE,USD,869.5700073242188,-0.25540296903926984,867.4735038095898,866.029468684902,838.9797739155365,-1.3872962891124416,-2.2325464113262496,42.67240248330291,7.34,4.0,Quarterly,2026-02-11,0.008440953503658831,,10.38,9.74,-6.19
USA,USA,Liberty All,NYSE,NYSE,USD,,,,,,,,,,,,,,,,,
USAC,USAC,"USA Compression Partners, LP Common Units Representing Limited Partner Interests",NYSE,NYSE,USD,26.600000381469727,-0.23084995964479949,25.860419996583882,25.008893735330695,24.735463105301086,0.5726774629970706,0.5206688538573758,69.62615989454329,2.1,4.0,Quarterly,2026-01-26,0.07894736728887103,,-0.05,-0.03,40.0
USB,USB,U.S. Bancorp Common Stock,NYSE,NYSE,USD,,,,,,,,,,,,,,,,,
USB$A,USB$A,"U.S. Bancorp Depositary Shares, Each representing a 1/100th interest in a share of Series A Non",NYSE,NYSE,USD,,,,,,,,,,,,,,,,,
USB$H,USB$H,U.S. Bancorp Depositary Shares repstg 1/1000th Pfd Ser B,NYSE,NYSE,USD,,,,,,,,,,,,,,,,,
USB$P,USB$P,"U.S. Bancorp Depositary Shares each representing a 1/1,000th interest in a share of Series K Non",NYSE,NYSE,USD,,,,,,,,,,,,,,,,,
USB$Q,USB$Q,"U.S. Bancorp Depositary Shares, Each Representing a 1/1,000th Interest in a Share of Series L Non",NYSE,NYSE,USD,,,,,,,,,,,,,,,,,
USB$R,USB$R,"U.S. Bancorp Depositary Shares, Each Representing a 1/1,000th Interest in a Share of Series M Non",NYSE,NYSE,USD,,,,,,,,,,,,,,,,,
USB$S,USB$S,"U.S. Bancorp Depositary Shares, each representing a 1/1,000th interest in a share of Series O Non",NYSE,NYSE,USD,,,,,,,,,,,,,,,,,
USFD,USFD,US Foods Holding Corp. Common Stock,NYSE,NYSE,USD,99.93000030517578,-0.17276803496331306,88.27418525578048,82.7669415013962,77.51958376294817,4.530782463997625,3.220241727799276,86.3049110889561,,,,,,,0.61,0.6,-1.57
USNA,USNA,"USANA Health Sciences, Inc. Common Stock",NYSE,NYSE,USD,,,,,,,,,,,,,,,,,
USPH,USPH,"U.S. Physical Therapy, Inc. Common Stock",NYSE,NYSE,USD,86.94000244140625,-0.270287669765487,84.81566261224974,82.93719349325336,81.38912353039427,1.16273367664094,0.9551161135778712,53.602497893622484,1.8,4.0,Quarterly,2025-11-17,0.020703933166014356,,0.57,0.58,1.75
UTF,UTF,"Cohen & Steers Infrastructure Fund, Inc Common Stock",NYSE,NYSE,USD,26.850000381469727,-0.13247232848906676,25.85804028007401,25.12634973842772,24.952199467662634,0.5514441596413029,0.4909256737514126,88.4817104225127,1.841863,12.0,Monthly,2026-02-10,0.06859824855984525,,,,
UTI,UTI,Universal Technical Institute Inc Common Stock,NYSE,NYSE,USD,30.350000381469727,-0.39359332778661493,27.5871293596971,27.430676859003192,28.432077139202953,0.2509109139558241,0.0949182309874658,60.16736464449418,,,,,,,0.03,0.23,666.67
UTL,UTL,UNITIL Corporation Common Stock,NYSE,NYSE,USD,53.13999938964844,-0.2499581481058596,50.71386984628948,49.89509433729174,50.51312808866975,0.6064344800660137,0.46340010274328725,72.96953325636166,1.825,4.0,Quarterly,2026-02-12,0.03434324465490126,,1.45,1.51,4.14
UTZ,UTZ,Utz Brands Inc Class A Common Stock ,NYSE,NYSE,USD,,,,,,,,,,,,,,,,,
UVE,UVE,UNIVERSAL INSURANCE HOLDINGS INC Common Stock,NYSE,NYSE,USD,,,,,,,,,,,,,,,,,
UVV,UVV,Universal Corporation Common Stock,NYSE,NYSE,USD,,,,,,,,,,,,,,,,,
UWMC,UWMC,UWM Holdings Corporation Class A Common Stock,NYSE,NYSE,USD,,,,,,,,,,,,,,,,,
UWMC.W,UWMC.W,UWM Holdings Corporation Warrant,NYSE,NYSE,USD,,,,,,,,,,,,,,,,,
UZD,UZD,"Array Digital Infrastructure, Inc. 6.250% Senior Notes due 2069",NYSE,NYSE,USD,,,,,,,,,,,,,,,,,
UZE,UZE,"Array Digital Infrastructure, Inc. 5.500% Senior Notes due 2070",NYSE,NYSE,USD,18.950000762939453,-0.24966564000346947,18.463672919832433,18.31822722600475,19.166872923210228,0.13305675268682648,0.09374227365215147,62.59545874798891,1.376,4.0,Quarterly,2025-11-28,0.07261213427975398,,,,
UZF,UZF,"Array Digital Infrastructure, Inc. 5.500% Senior Notes due 2070",NYSE,NYSE,USD,,,,,,,,,,,,,,,,,
V,V,Visa Inc.,NYSE,NYSE,USD,314.0799865722656,-0.15866173253779936,328.6496035024993,334.01926819741755,341.43306319463073,-3.941244228736082,-3.42904692710419,39.04515275263775,2.52,4.0,Quarterly,2026-02-10,0.008023433863144863,,1.86,1.93,3.53
VAC,VAC,Marriott Vacations Worldwide Corporation Common Stock,NYSE,NYSE,USD,53.95000076293945,-0.4998350389791191,55.896801008245745,57.539101820514944,64.85183306691216,-1.1687009075196784,-1.0373767808475614,40.763892844133906,3.17,4.0,Quarterly,2025-12-24,0.058758108529585185,,1.94,2.54,31.12
VACI,VACI,Viking Acquisition Corp. I Class A Ordinary Shares,NYSE,NYSE,USD,,,,,,,,,,,,,,,,,
VACI.U,VACI.U,"Viking Acquisition Corp. I Units, each consisting of one Class A ordinary share and one",NYSE,NYSE,USD,,,,,,,,,,,,,,,,,
VACI.W,VACI.W,Viking Acquisition Corp. I Warrants to purchase one Class A Ordinary Share,NYSE,NYSE,USD,,,,,,,,,,,,,,,,,
VAL,VAL,Valaris Limited Common Shares,NYSE,NYSE,USD,95.95999908447266,-0.3540178342209175,69.29921577716071,60.845720177784514,52.299173610182734,8.926296912182536,5.071422786032888,82.36193180385497,,,,,,,0.46,0.38,-16.82
VAL.W,VAL.W,Valaris Limited Warrants,NYSE,NYSE,USD,,,,,,,,,,,,,,,,,
VALE,VALE,VALE S.A.  American Depositary Shares Each Representing one common share,NYSE,NYSE,USD,,,,,,,,,,,,,,,,,
VATE,VATE,INNOVATE Corp. Common Stock,NYSE,NYSE,USD,,,,,,,,,,,,,,,,,
VBF,VBF,Invesco Bond Fund Common Stock,NYSE,NYSE,USD,15.510000228881836,-0.06002551657359312,15.405137450439833,15.441386685331928,15.502359115714608,-1.0573001411273708e-05,-0.013699756797464855,58.53668748473535,0.8420000000000001,12.0,Monthly,2026-01-15,0.054287555614091855,,,,
VCV,VCV,Invesco California Value Municipal Income Trust Common Stock,NYSE,NYSE,USD,,,,,,,,,,,,,,,,,
VEEV,VEEV,Veeva Systems Inc. Class A Common Stock,NYSE,NYSE,USD,174.11000061035156,-0.43834496503314613,196.78143309150857,218.49952251520295,247.14011426679542,-13.787967349380665,-11.340708559851597,9.113203818508467,,,,,,,1.07,1.13,5.53
VEL,VEL,"Velocity Financial, Inc. Common Stock",NYSE,NYSE,USD,,,,,,,,,,,,,,,,,
VET,VET,Vermilion Energy Inc. Common (Canada),NYSE,NYSE,USD,10.029999732971191,-0.4129729915309597,9.731703568893872,9.136499033692209,8.383137882847734,0.4040796414011716,0.39913543717930255,58.126725743695374,0.186,2.0,Semi-Annual,2025-06-30,0.018544367393009006,,0.01,2.36,18780.0
VFC,VFC,V.F. Corporation Common Stock,NYSE,NYSE,USD,20.299999237060547,-0.632730030052967,20.15838408184016,19.0823935635552,17.302129476471965,0.42820284140360343,0.4820628087214968,51.890475914563716,0.36,4.0,Quarterly,2025-12-10,0.017733990814283805,,0.73,0.73,-0.41
VG,VG,"Venture Global, Inc. Class A common stock",NYSE,NYSE,USD,,,,,,,,,,,,,,,,,
VGI,VGI,Virtus Global Multi,NYSE,NYSE,USD,7.880000114440918,-0.10327458006951618,7.890305112584931,7.863035877688346,7.836479499881242,0.022894786997117222,0.022267364036729537,58.82350466247705,0.96,12.0,Monthly,2026-02-12,0.12182740939821819,,,,
VGM,VGM,Invesco Trust for Investment Grade Municipals Common Stock (DE),NYSE,NYSE,USD,,,,,,,,,,,,,,,,,
VHI,VHI,"Valhi, Inc. Common Stock",NYSE,NYSE,USD,,,,,,,,,,,,,,,,,
VIA,VIA,"Via Transportation, Inc. Class A Common Stock",NYSE,NYSE,USD,18.020000457763672,-0.6756907162590984,21.983364666087486,27.421636224867225,39.40574342563412,-2.601257664886514,-2.381088896476048,20.46363657986072,,,,,,,0.2,-1.08,-653.85
VICI,VICI,VICI Properties Inc. Common Stock,NYSE,NYSE,USD,,,,,,,,,,,,,,,,,
VIK,VIK,Viking Holdings Ltd Ordinary Shares,NYSE,NYSE,USD,75.22000122070312,-0.34156219104445895,73.83541073732738,70.98689940344808,62.320402907276566,1.5300430018465505,1.3005104125969775,61.45876017463184,,,,,,,,,
VIPS,VIPS,"Vipshop Holdings Limited American Depositary Shares, each representing two ordinary shares",NYSE,NYSE,USD,,,,,,,,,,,,,,,,,
VIRT,VIRT,"Virtu Financial, Inc. Class A Common Stock",NYSE,NYSE,USD,,,,,,,,,,,,,,,,,
VIST,VIST,"Vista Energy S.A.B. de C.V. American Depositary Shares, each representing one series A share, with no par value",NYSE,NYSE,USD,54.11000061035156,-0.3915869085704038,54.574307207435346,51.574352426056215,47.49127023785746,1.3398050973110998,1.900224383599203,50.025373253919504,,,,,,,0.99,1.32,33.33
VIV,VIV,Telefonica Brasil S.A. American Depositary Shares (Each representing One Common Share),NYSE,NYSE,USD,,,,,,,,,,,,,,,,,
VKQ,VKQ,Invesco Municipal Trust Common Stock,NYSE,NYSE,USD,,,,,,,,,,,,,,,,,
VLN,VLN,Valens Semiconductor Ltd. Ordinary Shares,NYSE,NYSE,USD,1.5199999809265137,-0.5576922929968819,1.6455247496644894,1.6946236773823222,1.9382860835225884,-0.0747440695724455,-0.04475648322876699,24.999995343387027,,,,,,,-0.09,-0.04,56.4
VLN.W,VLN.W,"Valens Semiconductor Ltd. Warrants, each warrant to purchase one",NYSE,NYSE,USD,,,,,,,,,,,,,,,,,
VLO,VLO,Valero Energy Corporation Common Stock,NYSE,NYSE,USD,200.1699981689453,-0.2475923321788167,191.9206223458983,183.03343715240624,162.90209948417544,5.998075863398526,5.259436454255521,66.19367814797141,4.59,4.0,Quarterly,2026-02-05,0.02293050927704959,,6.85,7.15,4.44
VLRS,VLRS,"Controladora Vuela Compania de Aviacion, S.A.B. de C.V. American Depositary Shares, each representing ten (10) Ordinary Participation Certificates",NYSE,NYSE,USD,,,,,,,,,,,,,,,,,
VLT,VLT,Invesco High Income Trust II,NYSE,NYSE,USD,11.0600004196167,-0.13484160591847683,11.089094455968075,11.126213254133472,11.06422469677139,-0.03816161903347215,-0.027956478341001536,41.46348838615735,1.142,12.0,Monthly,2026-01-15,0.10325496895772972,,,,
VLTO,VLTO,Veralto Corp Common Stock ,NYSE,NYSE,USD,92.54000091552734,-0.17476082282620298,96.00973166110877,98.58771771176617,100.4450521531821,-2.3091500694075364,-1.8198464058033499,31.262531545782323,0.46,4.0,Quarterly,2025-12-31,0.004970823378529018,,,,
VMC,VMC,Vulcan Materials Company (Holding Company) Common Stock,NYSE,NYSE,USD,,,,,,,,,,,,,,,,,
VMI,VMI,"Valmont Industries, Inc. Common Stock",NYSE,NYSE,USD,475.3299865722656,-0.3000690284315052,456.8488375902063,436.8602451852902,391.3517612403318,12.681151082751342,11.560164128876218,74.23719834112828,2.72,4.0,Quarterly,2025-12-26,0.005722340430517887,,3.41,3.49,2.48
VMO,VMO,Invesco Municipal Opportunity Trust Common Stock,NYSE,NYSE,USD,,,,,,,,,,,,,,,,,
VNO,VNO,Vornado Realty Trust Common Stock,NYSE,NYSE,USD,,,,,,,,,,,,,,,,,
VNO$L,VNO$L,Vornado Realty Trust Pfd Ser L %,NYSE,NYSE,USD,,,,,,,,,,,,,,,,,
VNO$M,VNO$M,"Vornado Realty Trust 5.25% Series M Cumulative Redeemable Preferred Shares of Beneficial Interest, liquidation preference $25.00 per share, no par value per share",NYSE,NYSE,USD,,,,,,,,,,,,,,,,,
VNO$N,VNO$N,"Vornado Realty Trust 5.25% Series N Cumulative Redeemable Preferred Shares of Beneficial Interest, liquidation preference $25.00 per share",NYSE,NYSE,USD,,,,,,,,,,,,,,,,,
VNO$O,VNO$O,"Vornado Realty Trust 4.45% Series O Cumulative Redeemable Preferred Shares, Liquidation Preference $25.00 Per Share",NYSE,NYSE,USD,,,,,,,,,,,,,,,,,
VNT,VNT,Vontier Corporation Common Stock ,NYSE,NYSE,USD,,,,,,,,,,,,,,,,,
VOC,VOC,VOC Energy Trust Units of Beneficial Interest,NYSE,NYSE,USD,,,,,,,,,,,,,,,,,
VOYA,VOYA,"Voya Financial, Inc. Common Stock",NYSE,NYSE,USD,74.51000213623047,-0.2828069014010379,75.45254997075679,75.02366238976332,73.21509248467754,-0.1590823443347631,0.01876919523432523,44.74684140255488,1.82,4.0,Quarterly,2025-11-26,0.024426250809554406,,1.71,1.69,-1.37
VOYA$B,VOYA$B,"Voya Financial, Inc. Depositary Shares, each representing a 1/40th interest in a share of 5.35% Fixed",NYSE,NYSE,USD,,,,,,,,,,,,,,,,,
VOYG,VOYG,"Voyager Technologies, Inc. Class A Common Stock",NYSE,NYSE,USD,26.040000915527344,-0.6814801714425466,28.85288511095766,28.93861226311553,34.870947220664384,-1.0856802517903468,-0.30616368494915625,34.42623530856095,,,,,,,,,
VPG,VPG,"Vishay Precision Group, Inc. Common Stock",NYSE,NYSE,USD,44.20000076293945,-0.32035395529417865,48.0547196982913,43.691409679286146,35.00590844991757,1.8987621739802947,2.8111338372755035,52.025932028892285,,,,,,,0.59,0.69,16.95
VPV,VPV,Invesco Pennsylvania Value Municipal Income Trust Common Stock (DE),NYSE,NYSE,USD,,,,,,,,,,,,,,,,,
VRE,VRE,"Veris Residential, Inc. Common Stock",NYSE,NYSE,USD,16.6299991607666,-0.1969608836363539,15.706116864418416,15.252281587669684,15.144948321479216,0.43567261130238855,0.31505625367966983,75.42859556240991,0.32,4.0,Quarterly,2025-12-31,0.019242334103957273,,-0.2,-0.27,-35.0
VRT,VRT,"Vertiv Holdings, LLC Class A Common Stock",NYSE,NYSE,USD,,,,,,,,,,,,,,,,,
VRTS,VRTS,"Virtus Investment Partners, Inc. Common Stock",NYSE,NYSE,USD,138.17999267578125,-0.3655481950766123,151.95350361405974,160.23929411421085,172.71474723401727,-7.664664336693676,-5.296459472243715,14.908109728883957,9.3,4.0,Quarterly,2026-01-30,0.06730352071895868,,6.39,5.76,-9.86
VSCO,VSCO,Victorias Secret & Co. Common Stock ,NYSE,NYSE,USD,58.540000915527344,-0.5470606440389172,58.680007903191594,54.522436254395934,39.363236519501505,0.51870325845195,1.0044177323416725,49.940217667290945,,,,,,,0.54,0.28,-47.79
VSH,VSH,"Vishay Intertechnology, Inc. Common Stock",NYSE,NYSE,USD,18.8799991607666,-0.44659688566923117,19.02270925520981,17.5436019471379,16.324665436252985,0.7574820858404401,0.966254069818583,56.18630374306608,0.4,4.0,Quarterly,2025-12-03,0.021186441619722957,,0.87,0.93,6.53
VST,VST,Vistra Corp. Common Stock,NYSE,NYSE,USD,171.49000549316406,-0.4209034770575758,159.34575406216038,164.6965794780551,173.2194173882449,-0.9676149339679512,-2.7876693539167525,60.76036008878689,0.902,4.0,Quarterly,2025-12-22,0.005259781743000501,,1.58,1.51,-4.43
VSTS,VSTS,Vestis Corporation Common Stock,NYSE,NYSE,USD,,,,,,,,,,,,,,,,,
VTEX,VTEX,VTEX Class A Common Shares,NYSE,NYSE,USD,3.1600000858306885,-0.5488165903774265,3.260183566268836,3.522585016629806,4.429646073195962,-0.11381082057805036,-0.13007680070354827,37.209306193917946,,,,,,,-0.06,-0.06,4.76
VTLE,VTLE,"Vital Energy, Inc. Common Stock, par value $0.01 per share",NYSE,NYSE,USD,17.920000076293945,-0.6303667706335326,17.86062045552029,17.20314111903521,19.312563318285854,0.5025083985656629,0.5266604358713052,65.89743451802518,,,,,,,4.58,4.5,-1.79
VTMX,VTMX,"Corporacion Inmobiliaria Vesta, S.A.B de C.V. American Depositary Shares, each representing ten (10) Common Shares",NYSE,NYSE,USD,34.150001525878906,-0.18952063955363363,32.310767879254016,31.508044848457825,29.305689153708155,0.5172854019474613,0.31850412561389796,66.51309216521003,0.406,2.0,Semi-Annual,2025-07-14,0.011888725676698223,,,,
VTN,VTN,Invesco Trust for Investment Grade New York Municipals Common Stock,NYSE,NYSE,USD,,,,,,,,,,,,,,,,,
VTOL,VTOL,"Bristow Group, Inc. Common Stock",NYSE,NYSE,USD,44.099998474121094,-0.32298791527599613,43.558192097284476,41.213945328195564,37.82538896132222,1.319996480534023,1.5372431258510306,49.456509344970925,,,,,,,0.35,0.28,-20.0
VTR,VTR,"Ventas, Inc. Common Stock",NYSE,NYSE,USD,,,,,,,,,,,,,,,,,
VTS,VTS,"Vitesse Energy, Inc. Common Stock",NYSE,NYSE,USD,,,,,,,,,,,,,,,,,
VVR,VVR,Invesco Senior Income Trust Common Stock (DE),NYSE,NYSE,USD,3.299999952316284,-0.2265060326793158,3.2919575699629604,3.298254037391798,3.4787923242770447,0.0013620117548249766,0.001475369388507694,46.15384615384615,0.45599999999999996,12.0,Monthly,2026-01-15,0.1381818201784917,,,,
VVV,VVV,Valvoline Inc. Common Stock,NYSE,NYSE,USD,,,,,,,,,,,,,,,,,
VVX,VVX,"V2X, Inc. Common Stock",NYSE,NYSE,USD,65.55999755859375,-0.1634487254309911,65.85558181419775,62.74307099177178,56.216983206410575,0.9872073708895357,1.685104865963,42.98111696762319,,,,,,,0.94,0.88,-6.05
VYX,VYX,NCR Voyix Corporation Common Stock,NYSE,NYSE,USD,9.489999771118164,-0.3732057413148985,9.875801311625436,10.23815667426227,11.108246918497263,-0.23721408202072602,-0.1931290654151364,36.388126720021056,,,,,,,0.98,0.95,-2.56
VZ,VZ,Verizon Communications Inc. Common Stock,NYSE,NYSE,USD,49.0099983215332,-0.17401591440111763,44.91834215118096,42.625710445222225,42.00590237458113,2.3243860496270514,1.6883718749689083,87.65037776841012,2.7359999999999998,4.0,Quarterly,2026-01-12,0.05582534367886116,,1.2,1.2,0.26
W,W,Wayfair Inc. Class A Common Stock,NYSE,NYSE,USD,82.38999938964844,-0.5114349430439679,96.90064784901904,100.27483746944938,83.66803561589066,-5.963475547030598,-3.5059982568803454,16.203719625810322,,,,,,,-2.15,-2.11,1.88
WAB,WAB,Westinghouse Air Brake Technologies Corporation Common Stock,NYSE,NYSE,USD,,,,,,,,,,,,,,,,,
WAL,WAL,Western Alliance Bancorporation Common Stock (DE),NYSE,NYSE,USD,,,,,,,,,,,,,,,,,
WAL$A,WAL$A,"Western Alliance Bancorporation Depositary Shares, Each Representing a 1/400th Interest in a Share of 4.250% Fixed",NYSE,NYSE,USD,,,,,,,,,,,,,,,,,
WAT,WAT,Waters Corporation Common Stock,NYSE,NYSE,USD,323.3699951171875,-0.293315330868672,361.22200221014816,371.9071209208732,357.1581349538914,-16.072517242868912,-9.131230233320121,20.819287975872896,,,,,,,2.57,2.64,2.71
WBI,WBI,WaterBridge Infrastructure LLC Class A Shares Representing Limited Liability Company Interests,NYSE,NYSE,USD,25.06999969482422,-0.30698188251295966,22.991279989684628,22.35205323000523,22.687639078717115,0.8541703850397653,0.5799504373682813,73.45969636112446,,,,,,,,,
WBIY,WBIY,WBI Power Factor High Dividend ETF,NYSE,NYSE,USD,35.33000183105469,-0.1613302882919827,34.253804686556485,33.19987325855183,31.52789687708055,0.7225880228403696,0.6154008364394432,77.1487358298681,1.512,4.0,Quarterly,2025-12-18,0.04279648801690603,,,,
WBS,WBS,Webster Financial Corporation Common Stock,NYSE,NYSE,USD,,,,,,,,,,,,,,,,,
WBS$F,WBS$F,"Webster Financial Corporation Depositary Shares, Each Representing 1/1,000th Interest in a Share of 5.25% Series F Non",NYSE,NYSE,USD,,,,,,,,,,,,,,,,,
WBS$G,WBS$G,"Webster Financial Corporation Depositary Shares, each representing a 1/40th interest in a share of 6.50% Series G non",NYSE,NYSE,USD,,,,,,,,,,,,,,,,,
WBX,WBX,Wallbox N.V. Class A Ordinary Shares,NYSE,NYSE,USD,,,,,,,,,,,,,,,,,
WCC,WCC,"WESCO International, Inc. Common Stock",NYSE,NYSE,USD,,,,,,,,,,,,,,,,,
WCN,WCN,"Waste Connections, Inc. Common Shares",NYSE,NYSE,USD,160.25999450683594,-0.2119029545579595,167.67575704486984,169.89775989659253,176.87617823220552,-1.5588896653931954,-0.899915875774277,32.486517131601516,0.9450000000000001,3.0,Irregular,2025-08-06,0.005896668116756305,,0.88,0.89,1.54
WD,WD,"Walker & Dunlop, Inc Common Stock",NYSE,NYSE,USD,,,,,,,,,,,,,,,,,
WDH,WDH,Waterdrop Inc. American Depositary Shares (each representing the right to receive 10 Class A Ordinary Shares),NYSE,NYSE,USD,1.7699999809265137,-0.2272726709755407,1.786114296823101,1.7899030587498421,1.695392463407816,-0.00018512348707133697,-0.006744790265963618,56.86273547330274,0.02,1.0,Annual,2025-04-11,0.011299435150011085,,,,
WDI,WDI,Western Asset Diversified Income Fund Common Shares of Beneficial Interest,NYSE,NYSE,USD,14.319999694824219,-0.15792921436860952,13.985656900757204,14.014826430233468,14.41561176986191,0.08481563012799143,0.032022278962700795,94.02985711967615,1.7879999999999998,12.0,Monthly,2025-12-31,0.1248603378564491,,,,
WDS,WDS,"Woodside Energy Group Limited American Depositary Shares, each representing one Ordinary Share",NYSE,NYSE,USD,,,,,,,,,,,,,,,,,
WEA,WEA,Western Asset Bond Fund Share of Beneficial Interest,NYSE,NYSE,USD,,,,,,,,,,,,,,,,,
WEAV,WEAV,"Weave Communications, Inc. Common Stock",NYSE,NYSE,USD,5.599999904632568,-0.6777905537950808,6.337774181877101,6.612997543739462,8.156165261049251,-0.2803488013246387,-0.19558262236606888,23.82672747914269,,,,,,,-0.14,-0.1,30.13
WEC,WEC,"WEC Energy Group, Inc. Common Stock",NYSE,NYSE,USD,115.79000091552734,-0.11931912036652259,111.29379615244433,109.6549561594966,108.61265738722552,1.7510833755974176,1.3952227682663663,74.57627327379659,3.632,4.0,Quarterly,2026-02-13,0.03136712990139507,,0.86,0.96,11.19
WELL,WELL,Welltower Inc. Common Stock,NYSE,NYSE,USD,,,,,,,,,,,,,,,,,
WES,WES,"Western Midstream Partners, LP Common Units Representing Limited Partner Interests",NYSE,NYSE,USD,,,,,,,,,,,,,,,,,
WEX,WEX,WEX Inc. common stock,NYSE,NYSE,USD,157.6699981689453,-0.2987021070425723,156.71119231522283,155.0772402703844,153.94657348403044,1.055710949647704,0.7740014896444563,48.965627119705694,,,,,,,3.2,3.31,3.47
WF,WF,Woori Financial Group Inc. American Depositary Shares (each representing three (3) shares of Common Stock),NYSE,NYSE,USD,,,,,,,,,,,,,,,,,
WFC,WFC,Wells Fargo & Company Common Stock,NYSE,NYSE,USD,86.9800033569336,-0.2451101700453986,90.46559119027864,90.13603963252328,84.84944785399173,-0.4905169752278624,-0.08738747157019108,47.25500304745218,1.75,4.0,Quarterly,2026-02-06,0.020119566940215564,,1.16,1.25,8.22
WFC$A,WFC$A,"Wells Fargo & Company Depositary Shares, each representing a 1/1,000th interest in a share of Non",NYSE,NYSE,USD,,,,,,,,,,,,,,,,,
WFC$C,WFC$C,"Wells Fargo & Company Depositary Shares, each representing a 1/1,000th interest in a share of Non",NYSE,NYSE,USD,,,,,,,,,,,,,,,,,
WFC$D,WFC$D,"Wells Fargo & Company Depositary Shares, each representing a 1/1,000th interest in  a share of Non",NYSE,NYSE,USD,,,,,,,,,,,,,,,,,
WFC$L,WFC$L,Wells Fargo & Company 7.50% Non,NYSE,NYSE,USD,,,,,,,,,,,,,,,,,
WFC$Y,WFC$Y,"Wells Fargo & Company Depositary Shares, each representing a 1/1,000th interest in a share of Non",NYSE,NYSE,USD,,,,,,,,,,,,,,,,,
WFC$Z,WFC$Z,"Wells Fargo & Company Depositary Shares, each representing a 1/1,000th interest in a share of Non",NYSE,NYSE,USD,,,,,,,,,,,,,,,,,
WFG,WFG,West Fraser Timber Co. Ltd Common stock,NYSE,NYSE,USD,73.58000183105469,-0.27918841813414286,71.67503656073293,68.10316752840426,69.18243330548354,2.3527997845016557,2.4477224184071122,53.23641040432227,0.64,2.0,Semi-Annual,2025-06-26,0.00869801554870152,,-0.67,-0.52,22.39
WGO,WGO,"Winnebago Industries, Inc. Common Stock",NYSE,NYSE,USD,,,,,,,,,,,,,,,,,
WH,WH,"Wyndham Hotels & Resorts, Inc. Common Stock ",NYSE,NYSE,USD,,,,,,,,,,,,,,,,,
WHD,WHD,"Cactus, Inc. Class A Common Stock",NYSE,NYSE,USD,,,,,,,,,,,,,,,,,
WHG,WHG,Westwood Holdings Group Inc Common Stock,NYSE,NYSE,USD,,,,,,,,,,,,,,,,,
WHR,WHR,Whirlpool Corporation Common Stock,NYSE,NYSE,USD,88.69000244140625,-0.4077221975858025,85.89119490647667,82.0537182432334,83.77975577505522,2.6405146335415424,2.2384575394354154,56.0230073345173,5.3,4.0,Quarterly,2025-11-21,0.05975870846887716,,3.76,4.21,11.91
WIA,WIA,Western Asset Inflation,NYSE,NYSE,USD,,,,,,,,,,,,,,,,,
WINN,WINN,Harbor Long,NYSE,NYSE,USD,29.260000228881836,-0.23663055971114433,30.101278994897193,30.6009149399432,30.057766182032235,-0.4212892917566542,-0.34134748560653727,31.32250467101123,,,,,,,,,
WIT,WIT,Wipro Limited Common Stock,NYSE,NYSE,USD,2.3399999141693115,-0.38043480162246435,2.5427627761489604,2.6646557608105206,2.833302241370478,-0.11013351271681149,-0.08886967546618023,34.11764639884122,0.058,1.0,Annual,2025-07-28,0.024786325695481795,,0.07,0.06,-14.29
WIW,WIW,Western Asset Inflation,NYSE,NYSE,USD,,,,,,,,,,,,,,,,,
WK,WK,Workiva Inc. Class A Common Stock,NYSE,NYSE,USD,61.93000030517578,-0.3362983396684046,73.25773059120282,79.94452301749551,81.69177956818076,-5.711730062874977,-4.488009954227806,11.364482614162384,,,,,,,-0.26,-0.15,41.61
WKC,WKC,World Kinect Corporation Common Stock,NYSE,NYSE,USD,,,,,,,,,,,,,,,,,
WLK,WLK,Westlake Corporation Common Stock,NYSE,NYSE,USD,100.08000183105469,-0.5175010543059462,91.03256717535284,83.48700371367349,83.0408647247152,5.414944165917717,4.4589348302050205,71.5601286003532,2.1100000000000003,4.0,Quarterly,2025-11-25,0.021083133107470328,,4.3,3.1,-27.93
WLKP,WLKP,Westlake Chemical Partners LP Common Units representing limited partner interests,NYSE,NYSE,USD,21.31999969482422,-0.26822273614237413,21.129117246555108,20.505509515108713,20.95795334856194,0.3146880644732484,0.4177080102251862,52.671743869791676,1.884,4.0,Quarterly,2026-02-06,0.08836773109604555,,0.49,0.42,-13.46
WLTG,WLTG,WealthTrust DBS Long Term Growth ETF,NYSE,NYSE,USD,,,,,,,,,,,,,,,,,
WLY,WLY,"John Wiley & Sons, Inc. Common Stock",NYSE,NYSE,USD,,,,,,,,,,,,,,,,,
WLYB,WLYB,"John Wiley & Sons, Inc. Common Stock",NYSE,NYSE,USD,30.0,-0.3635975210091532,31.489596795056862,32.61943117539316,36.60344451915421,-0.5547420846529221,-0.38364307665899916,35.02241814030418,1.4175,4.0,Quarterly,2025-12-30,0.04725,,,,
WM,WM,"Waste Management, Inc. Common Stock",NYSE,NYSE,USD,,,,,,,,,,,,,,,,,
WMB,WMB,"Williams Companies, Inc. (The) Common Stock",NYSE,NYSE,USD,72.27999877929688,-0.12360429001968043,67.05051817887933,63.94755217744685,60.77924245231455,2.440512234210132,1.9939183619114003,76.79407046566902,2.0,4.0,Quarterly,2025-12-12,0.02767017202237224,,0.46,0.76,65.61
WMK,WMK,"Weis Markets, Inc. Common Stock",NYSE,NYSE,USD,74.4800033569336,-0.28703283697037796,71.15177757694823,69.12905164505754,70.18457851706671,1.5961383974318721,1.5448905445792076,68.6704518660443,1.36,4.0,Quarterly,2025-11-10,0.01825993473016396,,0.39,0.61,56.41
WMS,WMS,"Advanced Drainage Systems, Inc. Common Stock",NYSE,NYSE,USD,,,,,,,,,,,,,,,,,
WNC,WNC,Wabash National Corporation Common Stock,NYSE,NYSE,USD,11.859999656677246,-0.4502784395247561,10.891144907328902,10.15360502068924,10.03273812579427,0.5349993095965164,0.43202390562198834,73.31604860674628,0.32,4.0,Quarterly,2026-01-08,0.026981451034008945,,0.57,0.73,28.52
WOLF,WOLF,"Wolfspeed, Inc. Common Stock New",NYSE,NYSE,USD,17.739999771118164,-0.5796160047129069,17.18307308092225,18.53809789495828,21.059538881100508,-0.6202948037287932,-0.7127241417111356,51.20396631179903,,,,,,,-0.04,-0.04,10.29
WOR,WOR,"Worthington Enterprises, Inc. Common Shares",NYSE,NYSE,USD,58.95000076293945,-0.24068854974933607,56.518381152792216,55.48047411063127,55.33647953838836,1.3394430557425139,1.0239015547808548,81.86939205794907,0.72,4.0,Quarterly,2025-12-15,0.012213740299943267,,0.72,1.04,44.44
WOW,WOW,"WideOpenWest, Inc. Common Stock",NYSE,NYSE,USD,,,,,,,,,,,,,,,,,
WPC,WPC,W. P. Carey Inc. REIT,NYSE,NYSE,USD,74.19999694824219,-0.1372790730350586,70.46455205033527,68.53575328516617,65.84200108153021,1.5861210154689758,1.2384323609023955,73.61346725188716,3.62,4.0,Quarterly,2025-12-31,0.04878706400116312,,1.32,1.39,5.3
WPM,WPM,Wheaton Precious Metals Corp Common Shares (Canada),NYSE,NYSE,USD,,,,,,,,,,,,,,,,,
WPP,WPP,WPP plc American Depositary Shares,NYSE,NYSE,USD,18.760000228881836,-0.6424923446937016,19.625713307000684,20.75072545059362,26.556732806754955,-0.9291747835883477,-0.8011449565290518,31.57894961672538,2.041,2.0,Semi-Annual,2025-10-10,0.1087953078410837,,1.07,,
WRB,WRB,W.R. Berkley Corporation Common Stock,NYSE,NYSE,USD,69.69999694824219,-0.15103235549828375,69.57607103029514,70.08565098670522,70.37928397465227,0.3640456313178646,0.04246654272670182,61.35263652876652,1.85,4.0,Quarterly,2025-12-15,0.026542325408906012,,0.86,1.12,30.12
WRB$E,WRB$E,W.R. Berkley Corporation 5.70% Subordinated Debentures due 2058,NYSE,NYSE,USD,,,,,,,,,,,,,,,,,
WRB$F,WRB$F,W.R. Berkley Corporation 5.10% Subordinated Debentures due 2059,NYSE,NYSE,USD,,,,,,,,,,,,,,,,,
WRB$G,WRB$G,W.R. Berkley Corporation 4.25% Subordinated Debentures due 2060,NYSE,NYSE,USD,,,,,,,,,,,,,,,,,
WRB$H,WRB$H,W.R. Berkley Corporation 4.125% Subordinated Debentures due 2061,NYSE,NYSE,USD,,,,,,,,,,,,,,,,,
WRBY,WRBY,Warby Parker Inc. Class A Common Stock,NYSE,NYSE,USD,22.459999084472656,-0.4550408832635098,24.602381207356707,24.59850589607334,23.58546092613348,-0.8777317350816602,-0.2903406242138147,33.83705552477592,,,,,,,0.01,0.01,-32.57
WS,WS,"Worthington Steel, Inc. Common Shares",NYSE,NYSE,USD,,,,,,,,,,,,,,,,,
WSM,WSM,Williams,NYSE,NYSE,USD,214.57000732421875,-0.3678747376180127,210.17425054157255,202.04058000487905,192.69626819127407,4.246348932011443,5.000677779169419,59.530232750802675,2.64,4.0,Quarterly,2026-01-16,0.012303676701706578,,3.71,3.72,0.16
WSO,WSO,"Watsco, Inc. Common Stock",NYSE,NYSE,USD,,,,,,,,,,,,,,,,,
WSO.B,WSO.B,"Watsco, Inc. Class B Common Stock",NYSE,NYSE,USD,,,,,,,,,,,,,,,,,
WSR,WSR,Whitestone REIT Common Shares,NYSE,NYSE,USD,15.210000038146973,-0.21614226211680088,14.593603881084672,14.068131999305413,13.32706606571179,0.3243051061526572,0.2713783545692408,77.55103133113533,0.44999999999999996,10.0,Irregular,2025-12-01,0.029585798742366293,,0.18,0.08,-56.36
WST,WST,"West Pharmaceutical Services, Inc. Common Stock",NYSE,NYSE,USD,,,,,,,,,,,,,,,,,
WT,WT,"WisdomTree, Inc. Common Stock",NYSE,NYSE,USD,16.360000610351562,-0.2685753587980193,15.713742899709061,14.434594739067856,12.613904142606767,0.6407701903696204,0.7628632627539506,52.12264426792479,0.12,4.0,Quarterly,2026-02-11,0.0073349630515338535,,0.06,0.06,1.69
WTI,WTI,"W&T Offshore, Inc. Common Stock",NYSE,NYSE,USD,2.259999990463257,-0.4047619002566406,2.184452098082791,1.9979970453708384,1.8481540880850948,0.15987609594597174,0.14713215926238274,56.57894798758278,0.04,4.0,Quarterly,2025-11-19,0.017699115118934475,,-0.01,-0.02,-33.33
WTM,WTM,"White Mountains Insurance Group, Ltd. Common Stock",NYSE,NYSE,USD,2188.070068359375,-0.15212880266509898,2105.64737472417,2057.581723542304,1931.4090342934069,29.81118521311828,18.96158513805087,64.87183038867411,1.0,1.0,Annual,2025-03-17,0.0004570237555279958,,270.0,306.93,13.68
WTRG,WTRG,"Essential Utilities, Inc. Common Stock",NYSE,NYSE,USD,,,,,,,,,,,,,,,,,
WTS,WTS,"Watts Water Technologies, Inc. Class A Common Stock",NYSE,NYSE,USD,,,,,,,,,,,,,,,,,
WTTR,WTTR,"Select Water Solutions, Inc. Class A common stock",NYSE,NYSE,USD,,,,,,,,,,,,,,,,,
WU,WU,Western Union Company (The) Common Stock,NYSE,NYSE,USD,9.600000381469727,-0.3218588475001709,9.685703674455118,9.433753502722798,9.211636773054932,0.13808890879913172,0.13275296338569512,52.19299016126294,0.94,4.0,Quarterly,2025-12-22,0.09791666277580806,,0.42,0.42,-0.65
WWW,WWW,"Wolverine World Wide, Inc. Common Stock",NYSE,NYSE,USD,17.610000610351562,-0.5478395392411061,18.033420016024305,18.513957186127236,20.012653736457914,-0.11840584040555413,-0.08925449651501469,52.439034602108315,0.4,4.0,Quarterly,2026-01-02,0.022714366049758728,,0.55,0.48,-12.53
WY,WY,Weyerhaeuser Company Common Stock,NYSE,NYSE,USD,26.75,-0.3198470596813592,26.37794120537022,25.323324635343088,25.33438420086213,0.5281565443296756,0.5871872303654895,52.851704684319195,0.84,4.0,Quarterly,2025-11-28,0.031401869158878506,,0.18,0.24,35.98
XFLT,XFLT,XAI Octagon Floating Rate & Alternative Income Trust Common Shares of Beneficial Interest,NYSE,NYSE,USD,4.070000171661377,-0.37941631032063083,4.330115142035387,4.530535330129044,5.099389310407477,-0.15152703008729684,-0.11538085393634617,10.606081404732677,0.8580000000000001,12.0,Monthly,2026-01-15,0.21081080191939253,,,,
XHR,XHR,"Xenia Hotels & Resorts, Inc. Common Stock",NYSE,NYSE,USD,15.729999542236328,-0.37107773785847686,15.284338759850838,14.801790761903504,13.913256032472706,0.289730017854664,0.23900788938542294,60.12460753765381,0.56,4.0,Quarterly,2025-12-31,0.03560076390951916,,0.04,-0.01,-123.26
XIFR,XIFR,"XPLR Infrastructure, LP Common Units representing limited partner interests",NYSE,NYSE,USD,,,,,,,,,,,,,,,,,
XOM,XOM,Exxon Mobil Corporation Common Stock,NYSE,NYSE,USD,148.4499969482422,-0.16053427808617304,142.52866706702915,132.23211881243122,119.082825462358,6.783610233038701,6.441347872276977,68.46676253964284,4.04,4.0,Quarterly,2026-02-12,0.027214550913117,,3.79,4.45,17.33
XPER,XPER,Xperi Inc. Common Stock ,NYSE,NYSE,USD,5.460000038146973,-0.44335512378650666,5.619160918814837,5.8497857575511,6.5901726394711515,-0.16373920290799937,-0.14655356362677902,40.000003814695816,,,,,,,,,
XPEV,XPEV,"XPeng Inc. American depositary shares, each representing two Class A ordinary shares",NYSE,NYSE,USD,,,,,,,,,,,,,,,,,
XPO,XPO,"XPO, Inc. Common Stock",NYSE,NYSE,USD,195.3300018310547,-0.37201318684588447,175.68874618122598,158.51534569891453,140.35360723518826,14.203140662774103,11.249647125872507,75.62211230548489,,,,,,,1.35,1.45,7.41
XPOF,XPOF,"Xponential Fitness, Inc. Class A Common Stock",NYSE,NYSE,USD,,,,,,,,,,,,,,,,,
XPRO,XPRO,Expro Group Holdings N.V. Common Stock,NYSE,NYSE,USD,16.329999923706055,-0.5074839644384832,15.98721272890746,15.108325050794644,13.103004070140061,0.4366250886517591,0.47870917182288286,53.8033385328347,,,,,,,0.18,-0.07,-138.89
XXI,XXI,"Twenty One Capital, Inc. Class A Common Stock",NYSE,NYSE,USD,6.400000095367432,-0.8839999961853027,7.288847896894632,9.683132812462867,16.140549545873853,-1.0008805131643355,-0.9926186135766275,31.884064409538922,,,,,,,,,
XYF,XYF,"X Financial American Depositary Shares, each representing six Class A Ordinary Shares",NYSE,NYSE,USD,5.159999847412109,-0.7456359053018966,5.463594906319715,6.5599581493604004,10.156728020848153,-0.3093806694061527,-0.34233322848453546,38.74344098874614,0.25,1.0,Annual,2025-06-20,0.04844961383581868,,,,
XYL,XYL,Xylem Inc. Common Stock New,NYSE,NYSE,USD,,,,,,,,,,,,,,,,,
XYZ,XYZ,"Block, Inc. Class A Common Stock,",NYSE,NYSE,USD,,,,,,,,,,,,,,,,,
XZO,XZO,"Exzeo Group, Inc. Common Stock",NYSE,NYSE,USD,15.399999618530273,-0.38680412843055334,18.416456657863495,19.639514182533908,20.319937039270087,-1.5300069254208175,-0.9996737746039136,18.644075501891194,,,,,,,,,
YALA,YALA,"Yalla Group Limited American Depositary Shares, each representing one Class A Ordinary Share",NYSE,NYSE,USD,,,,,,,,,,,,,,,,,
YCY,YCY,AA Mission Acquisition Corp. II Class A Ordinary Shares,NYSE,NYSE,USD,10.069999694824219,-0.011964096585627138,10.048490321362559,10.011345962980258,9.963159460779012,0.02146926393256976,0.022741919357693274,74.99940395298381,,,,,,,,,
YCY.U,YCY.U,"AA Mission Acquisition Corp. II Units, each consisting of one Class A ordinary share and one",NYSE,NYSE,USD,,,,,,,,,,,,,,,,,
YCY.W,YCY.W,"AA Mission Acquisition Corp. II Warrants, each whole warrant entitles to purchase one Class A ordinary share at a price of $11.50 per share",NYSE,NYSE,USD,,,,,,,,,,,,,,,,,
YELP,YELP,Yelp Inc. Common Stock,NYSE,NYSE,USD,,,,,,,,,,,,,,,,,
YETI,YETI,"YETI Holdings, Inc. Common Stock",NYSE,NYSE,USD,48.0,-0.29898515950754967,47.12336450472549,45.347981215758566,39.52244661213807,0.2895433030192791,0.3487891289375715,53.156563345602656,,,,,,,0.58,0.63,7.82
YEXT,YEXT,"Yext, Inc. Common Stock",NYSE,NYSE,USD,5.570000171661377,-0.47270742312614444,6.159830311393892,7.124878448268419,7.697928401040924,-0.6991542728199498,-0.666513464440684,24.876850357005367,,,,,,,-0.01,0.02,350.0
YMM,YMM,Full Truck Alliance Co. Ltd. American Depositary Shares (each representing 20 Class A Ordinary Shares),NYSE,NYSE,USD,9.479999542236328,-0.32285717555454796,9.956448240800436,10.529854962682863,11.596942497291456,-0.24680470055176507,-0.2546798885678275,38.23528174298009,0.096,1.0,Annual,2025-04-07,0.010126582767466426,,0.02,0.04,101.21
YOU,YOU,"Clear Secure, Inc. Class A Common Stock",NYSE,NYSE,USD,,,,,,,,,,,,,,,,,
YPF,YPF,YPF Sociedad Anonima Common Stock,NYSE,NYSE,USD,,,,,,,,,,,,,,,,,
YRD,YRD,"Yiren Digital Ltd. American Depositary Shares, each representing two ordinary shares",NYSE,NYSE,USD,3.619999885559082,-0.5795586492559623,3.8724499410014275,4.169229997504879,5.206527833191162,-0.11555125475347605,-0.09475179219210884,35.83333598242697,0.22,1.0,Annual,2025-04-30,0.060773482584246724,,,,
YSG,YSG,"Yatsen Holding Limited American Depositary Shares, each representing twenty (20) Class A Ordinary Shares",NYSE,NYSE,USD,,,,,,,,,,,,,,,,,
YUM,YUM,"Yum! Brands, Inc.",NYSE,NYSE,USD,160.57000732421875,-0.14963386604373474,158.01532797275902,154.7606343412226,150.2650297827562,2.021212057931592,1.736450586820343,67.94817791561066,2.84,4.0,Quarterly,2025-12-02,0.01768698929100468,,1.14,1.09,-4.8
YUMC,YUMC,"Yum China Holdings, Inc. Common Stock",NYSE,NYSE,USD,55.41999816894531,-0.2294654499897012,52.79133481982267,50.061004334467405,47.40266902265995,2.076725422863028,1.764263780501174,68.85428362174828,0.48,2.0,Semi-Annual,2025-05-28,0.008661133451082804,,0.31,0.49,59.71
ZBH,ZBH,"Zimmer Biomet Holdings, Inc. Common Stock",NYSE,NYSE,USD,96.44999694824219,-0.24271073640779017,90.47711191353405,90.90878338773524,95.10807857579961,1.1611100047278882,-0.0623635768675318,79.73940769052986,0.96,4.0,Quarterly,2025-12-30,0.00995334401633173,,1.56,1.58,1.61
ZEPP,ZEPP,"Zepp Health Corporation American depositary shares, each representing sixteen Class A ordinary shares",NYSE,NYSE,USD,23.309999465942383,-0.7344540503312162,22.011227454997595,25.07917777524297,24.543577690977088,-0.7820365355022716,-1.6082911210165727,51.109703277241316,,,,,,,,,
ZETA,ZETA,Zeta Global Holdings Corp. Class A Common Stock,NYSE,NYSE,USD,,,,,,,,,,,,,,,,,
ZGN,ZGN,Ermenegildo Zegna N.V. Ordinary Shares,NYSE,NYSE,USD,,,,,,,,,,,,,,,,,
ZH,ZH,"Zhihu Inc. American Depositary Shares, each representing three (3) Class A Ordinary Shares",NYSE,NYSE,USD,3.5299999713897705,-0.4352331601950503,3.592771962713745,3.6783251569809323,4.14750864582579,-0.03125708271790639,-0.013600760141815417,40.983602072209976,,,,,,,-0.79,-0.41,48.06
ZIM,ZIM,ZIM Integrated Shipping Services Ltd. Ordinary Shares,NYSE,NYSE,USD,22.200000762939453,-0.4710930279599743,21.605844019269654,20.731988791149853,18.22787044455793,-0.012749915535998468,0.11506332529745542,44.80875441790948,3.91,2.0,Semi-Annual,2025-06-02,0.1761261200732628,,12.84,11.07,-13.76
ZIP,ZIP,"ZipRecruiter, Inc. Class A Common Stock",NYSE,NYSE,USD,,,,,,,,,,,,,,,,,
ZK,ZK,ZEEKR Intelligent Technology Holding Limited American Depositary Shares (each representing ten (10) Ordinary Shares),NYSE,NYSE,USD,26.729999542236328,-0.44031671512284687,26.855085363788728,27.496475500601782,27.5572118850958,-0.23866843777917168,-0.3097074598560696,51.80715139259124,,,,,,,-1.62,-1.4,13.47
ZKH,ZKH,"ZKH Group Limited American Depositary Shares, each representing thirty",NYSE,NYSE,USD,3.549999952316284,-0.27837836705828534,3.4732419763141946,3.3905345887854885,3.2223058937986413,0.0239870801807629,0.02207382808347858,60.37734915413132,,,,,,,,,
ZTO,ZTO,"ZTO Express (Cayman) Inc. American Depositary Shares, each representing one Class A ordinary share.",NYSE,NYSE,USD,24.65999984741211,-0.2412683798151678,23.216758879853344,22.05233158185625,20.3360391210797,0.8011619465622104,0.6024285518355281,83.70044200923678,0.35,1.0,Annual,2025-04-10,0.014193025229751978,,2.27,2.33,2.82
ZTR,ZTR,Virtus Total Return Fund Inc.,NYSE,NYSE,USD,,,,,,,,,,,,,,,,,
ZTS,ZTS,Zoetis Inc. Class A Common Stock,NYSE,NYSE,USD,126.6500015258789,-0.3262514671485294,125.82408775998408,126.30669617359777,138.31062279167224,0.6369094881528952,0.39250171055598937,56.63589067221433,2.0300000000000002,4.0,Quarterly,2026-01-20,0.016028424599625467,,1.24,1.21,-2.07
ZVIA,ZVIA,Zevia PBC Class A Common Stock,NYSE,NYSE,USD,1.6299999952316284,-0.5686813167019349,1.7811319472788245,2.024015962269129,2.4695354966428065,-0.13040739675829727,-0.12442017664614242,23.749997206031694,,,,,,,-0.15,-0.28,-86.51
ZWS,ZWS,Zurn Elkay Water Solutions Corporation Common Stock,NYSE,NYSE,USD,51.29999923706055,-0.20368820142624267,49.49039913563066,48.073069112596656,44.22118919579632,1.3281821233728905,0.9744700673998519,68.93465389544993,0.38,4.0,Quarterly,2025-11-20,0.007407407517571217,,0.15,0.18,17.39
