ticker_yf,Symbol,Company Name,Exchange,Sector,"Market Cap (C$)
31-October-2025",last_close,max_drawdown,EMA_20,EMA_52,EMA_200,MACD,MACD_signal,RSI_14,dividend_ttm,payments_ttm,div_freq,last_div_date,div_yield_ttm,next_earnings_date,eps_estimate,reported_eps,surprise_pct
IGBT.TO,IGBT,2028 Investment Grade Bond Trust,TSX,Closed-End Funds,39789686.4,,,,,,,,,,,,,,,,,
BTCQ.TO,BTCQ,3iQ Bitcoin ETF,TSX,ETP,261148949.9,14.600000381469727,-0.5098828516510016,16.37947335423599,18.353813451113126,21.093531183696125,-1.4474997239839702,-1.1814432977791316,27.765950409735098,,,,,,,,,
ETHQ.TO,ETHQ,3iQ Ether Staking ETF,TSX,ETP,96306025.53,10.859999656677246,-0.61861173677046,12.819735769195407,15.054729737188385,16.8930961314577,-1.6502675948030632,-1.3843695553548123,25.18676291890297,,,,,,,,,
SOLQ.TO,SOLQ,3iQ Solana Staking ETF,TSX,ETP,253092000.0,9.260000228881836,-0.690976041944529,11.12438347654305,13.408849533622584,16.373980595718432,-1.5800361366521951,-1.308276045268423,24.73622460296731,,,,,,,,,
XRPQ.TO,XRPQ,3iQ XRP ETF,TSX,ETP,114184750.0,8.729999542236328,-0.6672686224611273,10.017637246610388,11.674539015088062,14.046461896437119,-1.1145418035542978,-0.9659294457574383,29.016613747863815,,,,,,,,,
VNP.TO,VNP,5N Plus Inc.,TSX,Clean Technology & Renewable Energy,1786825463.06,27.719999313354492,-0.3346613427240066,24.521459938935383,21.786207882948013,16.583017950993696,2.155137673529655,1.874114327378611,76.11143754496317,,,,,,,0.02,0.02,14.29
AW.TO,AW,A & W Food Services of Canada Inc.,TSX,Consumer Products & Services,877118895.55,36.5099983215332,-0.16759158607360336,36.636067628097486,37.03429282023117,36.789985970138225,-0.2880828577287389,-0.2735407156880014,54.81334200696688,1.92,4.0,Quarterly,2025-12-15,0.05258833438147831,,,,
AAB.TO,AAB,Aberdeen International Inc.,TSX,Financial Services,4805618.46,0.029999999329447746,-0.25,0.030757927632252297,0.03109044872260851,0.03224047847896031,-0.0004124102793213874,-0.00020613465017507956,50.0,,,,,,,,,
ABRA.TO,ABRA,AbraSilver Resource Corp.,TSX,Mining,1047174009.12,13.65999984741211,-0.28813559093729213,13.302616975565979,11.732893844316193,8.08152073759729,0.7516125323882079,0.7611908483346963,52.27882128928239,,,,,,,-0.05,-0.1,-100.0
FAP.TO,FAP,abrdn Asia-Pacific Income Fund VCC,TSX,Closed-End Funds,96223350.53,2.7699999809265137,-0.07744108311713105,2.7736149712300855,2.81293024081193,2.8687927218172917,-0.02037665146613854,-0.021795647256609586,42.10526315789475,0.21599999999999997,12.0,Monthly,2026-01-23,0.07797833988711869,,,,
ADN.TO,ADN,Acadian Timber Corp.,TSX,Industrial Products & Services,262049356.78,16.899999618530273,-0.23097975704951657,16.546023022590596,16.240034557946544,16.514201415569346,0.17304914246564707,0.16537844346221287,52.991439754685636,1.16,4.0,Quarterly,2025-12-31,0.0686390548037705,,0.27,0.33,23.79
HDGE.TO,HDGE,Accelerate Absolute Return Fund,TSX,ETP,40605000.0,28.0,-0.09649440075648741,27.59970407468447,27.48477298040511,27.143956409286258,0.14247294420352574,0.058964482658107206,57.264960051645126,0.4,4.0,Quarterly,2025-12-31,0.014285714285714287,,,,
ARB.TO,ARB,Accelerate Arbitrage Fund,TSX,ETP,34447000.0,27.8799991607666,-0.03148426323012199,28.02945515105875,28.05649869382595,27.76098614705676,-0.02797579925827165,-0.01009647781188219,32.989749508908474,1.04,4.0,Quarterly,2025-12-31,0.03730272709130898,,,,
ATSX.TO,ATSX,Accelerate Canadian Long Short Equity Fund,TSX,ETP,3406000.0,39.91999816894531,-0.10664719378363152,39.71609708838527,38.69853157814774,34.637475336983876,0.38648276486627964,0.3517236624311433,49.822048758413935,,,,,,,,,
INCM.TO,INCM,Accelerate Diversified Credit Income Fund,TSX,ETP,69297500.0,13.880000114440918,-0.32662084346026754,14.274650445112492,14.746340622039897,16.085059400813066,-0.2972203250627352,-0.29227913919892795,32.03462953253434,1.9300000000000002,12.0,Monthly,2026-01-30,0.13904899020800476,,,,
ONEC.TO,ONEC,Accelerate OneChoice Alternative Multi-Asset Fund,TSX,ETP,18440800.0,26.270000457763672,-0.07436968937624411,26.070313558637647,25.778460327181214,24.896589570294555,0.15451202669182607,0.1343932669360867,52.788092491369085,0.4,4.0,Quarterly,2025-12-31,0.015226493834406711,,,,
ACD.TO,ACD,Accord Financial Corp.,TSX,Financial Services,47008086.6,1.7999999523162842,-0.6192893456305681,1.8147256817156312,1.9510385587506018,2.721880407978571,0.007637097503882417,0.003571283315283964,59.09089923890297,,,,,,,,,
ARA.TO,ARA,Aclara Resources Inc.,TSX,Mining,699553002.78,3.0799999237060547,-0.5393258336667621,3.4707364464343353,3.1707896507244335,2.2604562749929284,0.0445293470729764,0.1804994060950871,33.33332781438314,,,,,,,,,
ACX.TO,ACX,ACT Energy Technologies Ltd.,TSX,Industrial Products & Services,178645769.7,6.170000076293945,-0.2769485933976481,5.800062073879786,5.521566402919151,5.256419846145097,0.2008081007942657,0.17251343720599807,62.06895606744554,,,,,,,0.11,0.14,33.33
ADCO.TO,ADCO,Adcore Inc.,TSX,Technology,14878128.475,0.14499999582767487,-0.5999999914850507,0.15389080070698535,0.1647735344860313,0.21721910976826878,-0.004016179419765786,-0.003255363455897162,37.499995343387894,,,,,,,,,
ADEN.TO,ADEN,ADENTRA Inc.,TSX,Industrial Products & Services,855826357.96,39.970001220703125,-0.27230053096822115,38.25787046608237,36.62027088084198,33.881951895682064,0.9133058973309858,0.8351860205002146,59.723982524190056,0.61,4.0,Quarterly,2026-01-19,0.015261445618471495,,0.39,0.47,20.51
DRX.TO,DRX,ADF Group Inc.,TSX,Industrial Products & Services,118464855.84,9.739999771118164,-0.39861755683591094,9.233300819586908,8.763525366853093,8.215625471696452,0.32744998659908653,0.24634508937818045,68.47290015550054,0.04,2.0,Semi-Annual,2025-09-26,0.004106776277203952,,,,
AMD.TO,AMD,Advanced Micro Devices CDR (CAD Hedged),TSX,ETP,437644000.0,38.13999938964844,-0.31898149174263757,40.68865240013763,40.851436860685475,35.06366162740186,-0.9485102301809434,-0.26082034550226596,30.9966600935756,,,,,,,,,
AAV.TO,AAV,Advantage Energy Ltd.,TSX,Oil & Gas,2015427547.86,10.779999732971191,-0.26301617727794824,11.097500634674647,11.300910133204683,11.199033912990112,-0.056838469902773525,-0.10530459330014728,47.183103321134816,,,,,,,0.28,0.22,-22.81
ARE.TO,ARE,Aecon Group Inc.,TSX,Industrial Products & Services,1956839481.92,36.029998779296875,-0.34745765383029137,35.28549712461652,32.948468094334245,27.043112190232108,1.0717376338979747,1.1723232521960638,60.832527627674125,0.76,4.0,Quarterly,2025-12-24,0.021093533881458307,,-0.23,-0.15,35.14
AEG.TO,AEG,Aegis Brands Inc.,TSX,Consumer Products & Services,24733278.43,0.2800000011920929,-0.38095238433132916,0.29447300563189854,0.3023607536099565,0.32436923003426416,-0.007415772984300684,-0.006560003922303766,46.15385144419701,,,,,,,,,
AFN.TO,AFN,AG Growth International Inc.,TSX,Industrial Products & Services,1100856590.2,27.479999542236328,-0.5823135631728733,28.716201896108206,28.050183547254324,32.19841344478542,0.32955711675685606,0.8369125077972971,31.432042880131547,0.6,4.0,Quarterly,2025-12-31,0.021834061499084432,,0.47,0.92,95.15
AGF.TO,AGF,AGF Management Limited,TSX,Financial Services,906080972.82,,,,,,,,,,,,,,,,,
QBTL.TO,QBTL,AGF US Market Neutral Anti-Beta CAD-Hedged ETF,TSX,ETP,369360000.0,14.90999984741211,-0.3533600277265855,14.8318731623559,14.99806089817533,16.478106033639026,-0.008126574511925,-0.02164519676236954,52.4229004561253,,,,,,,,,
AEM.TO,AEM,Agnico Eagle Mines Limited,TSX,Mining,113341941474.28,295.07000732421875,-0.16731878915807774,278.780223388443,264.0686380338703,220.848680009775,6.292956890346375,6.319289498574106,49.8563918343686,2.239,4.0,Quarterly,2025-12-01,0.007588029770642932,,0.41,0.41,-0.7
AIM.TO,AIM,Aimia Inc.,TSX,Consumer Products & Services,286082230.565,3.0999999046325684,-0.1793312829818411,3.029299247592027,2.9469107135230637,2.8688974940407257,0.060128195568799114,0.06105816508615325,54.43037439855911,,,,,,,,,
AC.TO,AC,Air Canada,TSX,Consumer Products & Services,5461980756.84,20.25,-0.2958287372545505,19.866349792776962,19.493891007227997,18.879186786740874,0.21080083133614735,0.22629169756460066,59.272737865612974,,,,,,,-0.74,-0.53,28.38
BOS.TO,BOS,AirBoss of America Corp.,TSX,Industrial Products & Services,125700907.12,5.0,-0.25925927234121127,4.846614273240307,4.73217475004809,4.6271535682155225,0.08608093637957825,0.07195496634093608,70.88604691589326,0.14,4.0,Quarterly,2025-12-31,0.028000000000000004,,-0.04,0.45,1138.54
AKT.TO,AKT,Akita Drilling Ltd.,TSX,Industrial Products & Services,82587400.88,,,,,,,,,,,,,,,,,
AGI.TO,AGI,Alamos Gold Inc.,TSX,Mining,18188356419.6,61.61000061035156,-0.21016390787329586,57.18172318942601,54.72401807654139,46.552334381517,1.248694108686891,0.7136220001655218,53.8218101870613,0.14,4.0,Quarterly,2025-12-04,0.0022723583608677575,,0.07,0.07,5.77
AD.TO,AD,Alaris Equity Partners Income Trust,TSX,Financial Services,1051813919.38,,,,,,,,,,,,,,,,,
ALC.TO,ALC,Algoma Central Corporation,TSX,Industrial Products & Services,705879998.4,20.81999969482422,-0.07627120470505167,20.179324510976464,19.489106850541805,17.828857154097328,0.4709730344278604,0.3642055884280005,74.39996765139186,0.81,4.0,Quarterly,2026-02-13,0.038904899705707645,,0.92,1.01,9.78
ASTL.TO,ASTL,Algoma Steel Group Inc.,TSX,Industrial Products & Services,614912079.72,6.579999923706055,-0.6116420763420003,6.226694706824504,6.030357721353935,6.8166471993537945,0.15517303012311068,0.1240991232913155,57.634408072882856,0.14200000000000002,2.0,Semi-Annual,2025-05-13,0.02158054736268467,,-0.46,-0.64,-39.13
AQN.TO,AQN,Algonquin Power & Utilities Corp.,TSX,Clean Technology & Renewable Energy,6238108629.84,9.279999732971191,-0.13101604499659802,8.931957189257721,8.724441455734437,8.160699776933221,0.10197341041259378,0.0883752419010098,65.957452564811,0.362,4.0,Quarterly,2025-12-31,0.03900862181211485,,0.17,0.11,-33.56
ATD.TO,ATD,Alimentation Couche-Tard Inc.,TSX,Consumer Products & Services,66608467041.6,83.86000061035156,-0.10805879034212584,77.88375761819758,75.57973811319508,73.32259106725833,2.1925276224276757,1.2695263929313052,70.77760865556405,0.8,4.0,Quarterly,2025-12-03,0.00953970896944221,,0.49,0.71,45.73
ALYA.TO,ALYA,Alithya Group Inc.,TSX,Technology,164868810.06,1.4199999570846558,-0.4453125043655747,1.6592024988645242,1.69311380023717,1.808012990093405,-0.02990561635568323,-0.0076711248586447,32.39436714310084,,,,,,,-0.03,,100.0
ALK.TO,ALK,Alkane Resources Limited,TSX,Mining,1229215470.3,1.5399999618530273,-0.22935784582477137,1.4556379031127848,1.3220325888943278,1.0541048601647736,0.049452325363871674,0.058355528457994625,50.0,,,,,,,,,
ALZ.TO,ALZ,Allianz CDR (CAD Hedged),TSX,ETP,7884000.0,27.579999923706055,-0.07468742752365298,28.27711763916664,28.302814291566513,28.057188314847544,-0.13411946431741484,-0.06984984574626066,52.80900140586692,,,,,,,,,
AAUC.TO,AAUC,Allied Gold Corporation,TSX,Mining,2765370877.66,42.88999938964844,-0.27999997346297556,41.55651260700155,37.0166713643711,26.975405961577316,1.8395979815434913,2.249984689285123,42.47787710201289,,,,,,,,,
AP.TO,AP,Allied Properties Real Estate Investment Trust,TSX,Real Estate,1891189428.74,,,,,,,,,,,,,,,,,
AII.TO,AII,Almonty Industries Inc.,TSX,Mining,2239377751.7,18.829999923706055,-0.4353109203277695,16.817395787365633,14.175510341560704,9.487035005317582,1.656940842070167,1.5949429777501978,60.32190278915368,,,,,,,,,
GOOG.TO,GOOG,Alphabet CDR (CAD Hedged),TSX,ETP,1274074000.0,49.540000915527344,-0.2215799535572236,52.430145356782674,51.37739148460641,42.80811037024034,-0.4536666289291702,0.21445199190819486,23.630160996663008,0.135,4.0,Quarterly,2025-12-08,0.0027250705996189617,,,,
ATCU.TO,ATCU,Alta Copper Corp.,TSX,Mining,75279700.8,1.3600000143051147,-0.295774626604173,1.3450833908527917,1.2593032037128118,0.89738225661556,0.01092100257530193,0.014530094581692295,54.54545454545455,,,,,,,,,
ALA.TO,ALA,AltaGas Ltd.,TSX,Utilities & Pipelines,12533445371.88,44.95000076293945,-0.08651957954181555,42.39752026103369,41.980780833355844,40.829275951743114,0.6197230329267569,0.2996392581427995,73.6989932102723,1.26,4.0,Quarterly,2025-12-16,0.028031145241689287,,0.11,0.08,-30.06
ALS.TO,ALS,Altius Minerals Corporation,TSX,Mining,1756639009.84,44.869998931884766,-0.17631969399640357,44.40246907014726,42.811370011026995,36.064759610253965,0.24466688491036592,0.4516085104466396,46.79523394598539,0.38,4.0,Quarterly,2025-11-28,0.008468910386578387,,0.14,0.07,-50.0
AIF.TO,AIF,Altus Group Limited,TSX,Technology,2491999774.16,39.040000915527344,-0.37798813863587455,44.898168619339444,49.61731242281687,53.8423442465415,-3.5782218417339067,-3.1517775054972925,16.551297477258245,0.6,4.0,Quarterly,2025-12-31,0.015368852098601322,,0.44,0.42,-5.16
AMZN.TO,AMZN,Amazon.com CDR (CAD Hedged),TSX,ETP,1152420500.0,23.06999969482422,-0.2756598338886761,25.716843014929008,26.509044881682104,26.366504952862147,-1.0445641339054248,-0.5413367318771867,16.071448338265853,,,,,,,,,
HOT.TO,HOT,American Hotel Income Properties REIT LP,TSX,Real Estate,73258045.14,,,,,,,,,,,,,,,,,
USA.TO,USA,Americas Gold and Silver Corporation,TSX,Mining,1526135948.28,10.170000076293945,-0.29761900436850974,10.182655809322178,8.948506909200216,5.90115652159921,0.4119845327936442,0.6078309817129904,38.922760701555525,,,,,,,-0.02,-0.13,-477.78
ARG.TO,ARG,Amerigo Resources Ltd.,TSX,Mining,494163277.02,5.840000152587891,-0.2149999737739563,5.6346096822396925,5.046676059832306,3.500901015073271,0.15802052840639913,0.23681189922700396,46.59400552039694,0.18,5.0,Irregular,2025-12-17,0.030821917002902172,,-0.02,-0.03,-50.0
ANRG.TO,ANRG,Anaergia Inc.,TSX,Clean Technology & Renewable Energy,435040498.98,2.0399999618530273,-0.34726686821086783,2.2672986647601223,2.359615333066615,2.0811140149570484,-0.11354991304475304,-0.07651956652994985,19.780225250516338,,,,,,,-0.13,-0.52,-285.19
APM.TO,APM,Andean Precious Metals Corp.,TSX,Mining,948259012.8,9.029999732971191,-0.3227632988966539,9.397601020637866,9.297622903172964,6.8103551112390255,-0.30403615102287596,-0.18919634855107925,32.707777609315215,,,,,,,,,
AND.TO,AND,Andlauer Healthcare Group Inc.,TSX,Industrial Products & Services,997818617.6,,,,,,,,,,,,,,,,,
ADW.TO,ADW,Andrew Peller Limited/Andrew Peller Limitee,TSX,Consumer Products & Services,228588618.41,,,,,,,,,,,,,,,,,
APLI.TO,APLI,Appili Therapeutics Inc.,TSX,Life Sciences,3031653.0,0.019999999552965164,-0.75,0.022108807788363157,0.02266172480117832,0.023351533720282716,-0.00019790768547741852,-0.00014208332306024044,50.0,,,,,,,-0.02,-0.01,50.0
AAPL.TO,AAPL,Apple CDR (CAD Hedged),TSX,ETP,564685500.0,36.45000076293945,-0.30058280275547566,37.90533234862686,37.8538856730359,35.94443574215093,0.16704877524747275,0.1704945652272227,48.950132087665956,0.149,4.0,Quarterly,2026-02-09,0.004087791409636835,,,,
APPS.TO,APPS,AppLovin CDR (CAD Hedged),TSX,ETP,2042000.0,12.420000076293945,-0.501067032517241,15.247519982931816,17.54574633105654,19.01158113323857,-1.753752519195995,-1.609833588406175,34.71128444679623,,,,,,,,,
APS.TO,APS,Aptose Biosciences Inc.,TSX,Life Sciences,4798566.52,2.259999990463257,-0.8074204836106178,2.234734353356841,2.1766583125405985,1.9800116943785229,0.023866758019317036,0.02594364190658243,58.82352941176471,,,,,,,-0.12,-0.11,10.81
ARX.TO,ARX,ARC Resources Ltd.,TSX,Oil & Gas,14912256000.2,24.43000030517578,-0.27037394516735536,24.49227286583636,24.816892442987168,25.802762885073328,-0.21885755223072323,-0.1367850237111271,45.112791659297,0.78,4.0,Quarterly,2025-12-31,0.03192795703055099,,0.83,1.18,42.17
ARIS.TO,ARIS,Aris Mining Corporation,TSX,Mining,2813073507.76,26.59000015258789,-0.18870527812741456,25.74491956058138,23.541387921196,16.388891469961017,0.5748221081942546,0.7906080485546995,46.48318340105457,,,,,,,0.22,0.09,-58.33
ATZ.TO,ATZ,Aritzia Inc.,TSX,Consumer Products & Services,9366526286.02,118.62999725341797,-0.45631338319032344,115.77520750874926,114.11935327661969,94.90775164685999,-0.9050753470532413,-1.261740070643952,52.21034105428,,,,,,,0.33,0.44,32.0
AMC.TO,AMC,Arizona Metals Corp.,TSX,Mining,88829216.45,0.5899999737739563,-0.7166666644590871,0.6791538077357739,0.6904564133340682,0.8372778034499744,-0.030773141882998623,-0.015273561273400637,18.181816539817163,,,,,,,-0.05,-0.04,20.0
ASCU.TO,ASCU,Arizona Sonoran Copper Company Inc.,TSX,Mining,709866286.8,6.190000057220459,-0.25,5.7575948509796095,5.196192707201621,3.7335903468642773,0.21051311909126724,0.2348025767372893,53.38983247760254,,,,,,,-0.01,-0.05,-297.2
ADIV.TO,ADIV,Arrow EC Equity Advantage Alternative Fund,TSX,ETP,3277300.0,26.530000686645508,-0.03452630293996706,25.82108736981204,25.55361645193022,24.923184822846554,0.275133115332892,0.14252996435096746,100.0,,,,,,,,,
RATE.TO,RATE,Arrow EC Income Advantage Alternative Fund,TSX,ETP,120132000.0,21.1299991607666,-0.013672749679230933,21.12361432011899,21.133225513696036,21.166906583682266,0.0010678831399353328,-0.0007872729440027557,47.72721361504383,0.972,12.0,Monthly,2026-01-30,0.04600094834858174,,,,
ACAA.TO,ACAA,Arrow Long/Short Alternative Fund ETF,TSX,ETP,18375000.0,25.739999771118164,-0.05589189072979672,25.323867523193325,24.79708941343567,23.347624415758833,0.22944145679465677,0.23813824966945896,67.36843795989745,,,,,,,,,
AX.TO,AX,Artis Real Estate Investment Trust,TSX,Real Estate,733219475.5,,,,,,,,,,,,,,,,,
ASML.TO,ASML,ASML CDR (CAD Hedged),TSX,ETP,61008000.0,38.29999923706055,-0.11870278433862591,37.79714607652409,35.11778860548064,30.741899394482623,1.1180658281820257,1.3982757516811755,49.95522767291817,0.088,2.0,Semi-Annual,2026-02-10,0.0022976501763177014,,,,
ACO.TO,ACO,Atco Ltd.,TSX,Utilities & Pipelines,6019073871.6,,,,,,,,,,,,,,,,,
ATH.TO,ATH,Athabasca Oil Corporation,TSX,Oil & Gas,3370039493.99,8.630000114440918,-0.2548672624627297,8.068021831970933,7.589741011967449,6.644621259669893,0.375029978266312,0.33638223178860727,65.97221762310011,,,,,,,0.1,0.22,120.0
ATRL.TO,ATRL,AtkinsRealis Group Inc.,TSX,Industrial Products & Services,16393562881.29,90.3499984741211,-0.20173621632003602,98.14276145148159,95.5036635032924,90.99099201013107,1.2211025807406344,2.32627136145354,44.44444238789307,0.08,4.0,Quarterly,2025-11-27,0.0008854455047159116,,0.36,0.38,4.59
AI.TO,AI,Atrium Mortgage Investments Corporation,TSX,Financial Services,647185176.86,12.010000228881836,-0.06691104972008655,11.72095068548864,11.634000824813981,11.433691716022262,0.059550001503275496,0.03339830661910533,64.70589178125445,0.9359999999999999,12.0,Monthly,2026-01-30,0.07793505263630991,,0.29,0.31,6.9
ATS.TO,ATS,ATS Corporation,TSX,Industrial Products & Services,3782993882.82,42.5,-0.2944209918159274,40.64833688956165,39.60928939454665,39.06300123889161,0.6618728894103469,0.43583902883226633,62.53776760013385,,,,,,,0.53,0.64,20.3
ACB.TO,ACB,Aurora Cannabis Inc.,TSX,Life Sciences,391305948.24,4.869999885559082,-0.5191489186854634,5.254777501490988,5.7837712347160535,6.650964411215028,-0.36309612513583467,-0.31063415464348026,31.09539963258257,,,,,,,-0.13,-0.17,-34.92
ACQ.TO,ACQ,AutoCanada Inc.,TSX,Consumer Products & Services,585469392.57,26.579999923706055,-0.4609286217429538,27.740643309847858,26.218319248022546,24.869971403031062,0.9014811965435747,1.2170569368271336,49.40898099978018,,,,,,,1.29,1.16,-9.8
APR.TO,APR,Automotive Properties Real Estate Investment Trust,TSX,Real Estate,591967915.64,,,,,,,,,,,,,,,,,
XLY.TO,XLY,Auxly Cannabis Group Inc.,TSX,Consumer Products & Services,215749427.04,0.125,-0.3333333747254461,0.1308728811397384,0.13863387243196307,0.12920671880787316,-0.0056974065882187674,-0.005008604235852239,33.33333885227988,,,,,,,-0.01,-0.07,-425.13
AVL.TO,AVL,Avalon Advanced Materials Inc.,TSX,Mining,43855426.08,0.07000000029802322,-0.6428571390558262,0.0758066460035338,0.07163117982259345,0.05756266695767582,0.000812521170948613,0.0016159889171452843,33.33333333333333,,,,,,,,,
AVNT.TO,AVNT,Avant Brands Inc.,TSX,Life Sciences,7072919.7,0.8799999952316284,-0.598591542201391,0.8821546867324153,0.8703129361135982,0.8618796533580354,-0.00537999135093048,-0.006010909639717517,42.857139816089884,,,,,,,,,
AVCN.TO,AVCN,Avicanna Inc.,TSX,Life Sciences,30838182.3,0.17000000178813934,-0.5657894509816102,0.19189963320364348,0.21198484154978323,0.2426704943270713,-0.01402982848302567,-0.011568710152841999,31.818183049682915,,,,,,,,,
ASM.TO,ASM,Avino Silver & Gold Mines Ltd.,TSX,Mining,1003840333.39,13.319999694824219,-0.3621444524381038,12.747191241296507,10.808851482872903,7.354277660343376,1.0177351614484227,1.2000071699865764,51.31233472617345,,,,,,,0.01,,
AYA.TO,AYA,Aya Gold & Silver Inc.,TSX,Mining,2117740935.72,23.399999618530273,-0.3617647013449753,23.379528673599754,21.73374496803179,17.096914015843836,0.30675221533651253,0.5967878750216329,41.01019132352507,,,,,,,-0.01,0.01,175.0
BTO.TO,BTO,B2Gold Corp.,TSX,Mining,8160731777.4,7.349999904632568,-0.3557691910915811,7.032215676250018,6.734205496323509,5.909126070446536,0.17788868986631368,0.17736687333248746,50.10183048194064,0.112,4.0,Quarterly,2025-12-02,0.015238095435811977,,0.07,0.1,44.74
BDGI.TO,BDGI,Badger Infrastructure Solutions Ltd.,TSX,Industrial Products & Services,2482944114.42,69.18000030517578,-0.196973381849602,72.26399346377735,73.36933027257338,63.46271330999766,-2.386415326680819,-1.4761360553430343,27.947154038171007,0.752,4.0,Quarterly,2025-12-31,0.010870193649648455,,0.26,0.16,-36.58
BLDP.TO,BLDP,Ballard Power Systems Inc.,TSX,Clean Technology & Renewable Energy,1499903770.82,2.9200000762939453,-0.499105567820061,3.1904027678698856,3.510153867112571,3.303378662962891,-0.22756788162574493,-0.20086538892408431,24.57628180260562,,,,,,,-0.14,-0.14,-2.44
BMO.TO,BMO,Bank of Montreal,TSX,Financial Services,124553442626.54,192.1699981689453,-0.1656947571296663,190.7310577399422,185.6586811272172,170.48051270017032,2.63312962223398,2.7798321854974795,57.05445006996757,6.52,4.0,Quarterly,2026-01-30,0.03392829298082198,,3.07,3.04,-0.98
BNS.TO,BNS,Bank of Nova Scotia (The),TSX,Financial Services,113883736735.31,103.16000366210938,-0.12598097283765275,103.09123465704684,100.77043256228963,89.97047991951335,0.8468513851516377,0.900588232229448,50.695668096127726,4.36,4.0,Quarterly,2026-01-06,0.04226444208242527,,2.0,2.06,3.14
ABX.TO,ABX,Barrick Mining Corporation,TSX,Mining,77689458137.2,65.31999969482422,-0.16323405848324746,64.86486361594535,62.40334749838684,48.07017712953608,-0.326339917730337,0.2031097254812167,41.9910701505138,0.734,4.0,Quarterly,2025-11-28,0.011236987192732032,,0.11,0.13,15.2
BLCO.TO,BLCO,Bausch + Lomb Corporation,TSX,Life Sciences,7510217063.79,23.239999771118164,-0.3764906035458814,23.048289466567617,22.950652086367505,21.65893010385065,-0.0756098908470193,-0.119524828797471,52.77310735803483,,,,,,,0.23,0.31,33.33
BHC.TO,BHC,Bausch Health Companies Inc.,TSX,Life Sciences,3663591447.88,8.170000076293945,-0.4566003615856896,8.364756269615361,8.870106491674614,8.991535849504233,-0.3564530247203468,-0.42307966023611066,55.07246777431168,,,,,,,0.87,0.76,-12.64
BYL.TO,BYL,Baylin Technologies Inc.,TSX,Technology,50905399.455,0.25999999046325684,-0.3636364087913958,0.2657574914276556,0.27260282010253456,0.28519816244661644,-0.0034938907582622303,-0.0026298422956269165,40.0,,,,,,,-0.03,-0.06,-100.0
BTE.TO,BTE,Baytex Energy Corp.,TSX,Oil & Gas,2604594650.34,4.75,-0.431318716047869,4.708033002306451,4.497872427244742,3.7714109811292964,0.07612455787813754,0.08557355942312003,55.78232197248614,0.092,4.0,Quarterly,2025-12-15,0.01936842105263158,,0.23,0.15,-34.07
BCE.TO,BCE,BCE Inc.,TSX,Comm. & Media,32569194656.06,35.0099983215332,-0.1947729934953899,34.574174308438074,33.741093578991446,32.94217948138145,0.48835170435478403,0.5572779792629733,55.028454619550665,2.312,4.0,Quarterly,2025-12-15,0.06603827794467457,,0.77,0.85,10.09
BEK.TO,BEK,Becker Milk Company Ltd. (The),TSX,Real Estate,16162027.5,,,,,,,,,,,,,,,,,
BSX.TO,BSX,Belo Sun Mining Corp.,TSX,Mining,155358732.54,0.5600000023841858,-0.34285711974513733,0.6069671755724599,0.5712271031120517,0.40829391077436294,-0.007025343277408225,0.0036065318941050483,25.0,,,,,,,,-0.02,-300.0
BNG.TO,BNG,Bengal Energy Ltd.,TSX,Oil & Gas,7279563.225,0.019999999552965164,-0.5,0.0192620393536496,0.01753982126012708,0.015847099639264974,0.0010913630835243868,0.0012982406789664588,50.0,,,,,,,,,
BRK.TO,BRK,Berkshire Hathaway CDR (CAD Hedged),TSX,ETP,744197000.0,36.41999816894531,-0.1501858187796561,36.27151936047147,36.336259534787146,36.52847871818845,0.11696530169821528,-0.0025381872711151797,61.44858584445136,,,,,,,,,
SQQQ.TO,SQQQ,BetaPro -3x Nasdaq-100 Daily Leveraged Bear Alternative ETF,TSX,ETP,14214000.0,13.9399995803833,-0.4448051686672153,13.198663644855378,13.138613148966954,15.217825931138075,0.23827954564227305,0.12051140191364848,63.214280726958634,,,,,,,,,
TQQQ.TO,TQQQ,BetaPro 3x Nasdaq-100 Daily Leveraged Bull Alternative ETF,TSX,ETP,50275500.0,25.0,-0.23189324470180595,26.827771634446368,27.38619944699417,25.41209142760947,-0.6910002780324191,-0.42566003285053755,34.638813068044215,,,,,,,,,
SRSL.TO,SRSL,BetaPro -3x Russell 2000 Daily Leveraged Bear Alternative ETF,TSX,ETP,4632500.0,14.640000343322754,-0.3771106977925929,14.551951221523828,15.493146966159221,17.281716530084026,-0.30566668923160556,-0.416533501007064,53.72233265271309,,,,,,,,,
TRSL.TO,TRSL,BetaPro 3x Russell 2000 Daily Leveraged Bull Alternative ETF,TSX,ETP,5157500.0,24.520000457763672,-0.24675906350805654,24.324072141227237,23.455587743927698,22.050909590426027,0.20447697154770594,0.3507249841221026,48.417455711667685,,,,,,,,,
SSPX.TO,SSPX,BetaPro -3x S&P 500 Daily Leveraged Bear Alternative ETF,TSX,ETP,3500000.0,14.25,-0.36966824880178284,13.7289710318544,13.90615366187203,15.869459934791536,0.03232705174089823,-0.03871368686137669,61.32596000996879,,,,,,,,,
TSPX.TO,TSPX,BetaPro 3x S&P 500 Daily Leveraged Bull Alternative ETF,TSX,ETP,6887500.0,26.239999771118164,-0.1565710289750788,27.272336511542093,27.181916452287464,24.91998793848497,-0.17762728109367032,-0.03306030377568595,37.9856089835861,,,,,,,,,
SCND.TO,SCND,BetaPro -3x S&P/TSX 60 Daily Leveraged Bear Alternative ETF,TSX,ETP,3935000.0,12.479999542236328,-0.3860442020383926,12.915193984499291,13.473786897595232,16.05357581166901,-0.1404948485515849,-0.12223339647575993,48.46846809693728,,,,,,,,,
TCND.TO,TCND,BetaPro 3x S&P/TSX 60 Daily Leveraged Bull Alternative ETF,TSX,ETP,6250000.0,30.290000915527344,-0.11963885728597634,29.49210407440658,28.661940596294396,25.00139914427753,0.16467681336757067,0.1276655560370943,49.91213292976216,,,,,,,,,
GDXD.TO,GDXD,BetaPro Canadian Gold Miners -2x Daily Bear ETF,TSX,ETP,19624421.0,10.279999732971191,-0.9070631957080826,11.850468597300607,14.634044942977406,35.92887642357867,-0.8127227948271845,-0.8793804916799437,49.169960361075404,,,,,,,,,
GDXU.TO,GDXU,BetaPro Canadian Gold Miners 2x Daily Bull ETF,TSX,ETP,200255287.5,148.0500030517578,-0.3257954337380149,141.150167895015,129.51269762140674,88.78787935390311,2.0864149511177175,3.4303182069910028,43.65681069935243,,,,,,,,,
HOD.TO,HOD,BetaPro Crude Oil Inverse Leveraged Daily Bear ETF,TSX,ETP,40854375.0,4.579999923706055,-0.48375454329388534,4.696704740079485,5.085774672170578,5.541322249327694,-0.24562620614582364,-0.27014840662160067,40.18264382842227,,,,,,,,,
HOU.TO,HOU,BetaPro Crude Oil Leveraged Daily Bull ETF,TSX,ETP,107021865.18,10.34000015258789,-0.4086257330325448,10.358175574103978,9.873771870083102,10.138591100430437,0.34066543034354346,0.3916601802572131,55.25291951524386,,,,,,,,,
GLDD.TO,GLDD,BetaPro Gold Bullion -2x Daily Bear ETF,TSX,ETP,6785379.37,6.679999828338623,-0.7309043051067793,7.203711923783388,8.338006071896903,12.350225251932098,-0.4951063160957707,-0.5534776345012761,47.31369155076643,,,,,,,,,
GLDU.TO,GLDU,BetaPro Gold Bullion 2x Daily Bull ETF,TSX,ETP,42059815.8,49.81999969482422,-0.27025649967856624,48.35889463799274,44.40736068389289,34.65760134145166,1.5378118691462035,1.9765127916223337,47.43209298632038,,,,,,,,,
BITI.TO,BITI,BetaPro Inverse Bitcoin ETF,TSX,ETP,14422047.57,24.40999984741211,-0.4231066155593517,22.751664204481333,21.057468518887834,19.41232724838808,1.4058335178051706,1.1006318608265915,64.71399363095337,,,,,,,,,
QQD.TO,QQD,BetaPro NASDAQ-100 -2x Daily Bear ETF,TSX,ETP,63337961.64,6.940000057220459,-0.591087832403303,6.6763305295265445,6.651466392505413,7.5156817388977,0.08333494705380318,0.042031678364452256,63.35079239856599,,,,,,,,,
QQU.TO,QQU,BetaPro NASDAQ-100 2x Daily Bull ETF,TSX,ETP,442064487.6,28.530000686645508,-0.4223244880740593,29.830788271480284,30.15222062567378,28.344182346746127,-0.46621097255956556,-0.2716646036407678,35.239213130749306,,,,,,,,,
QQI.TO,QQI,BetaPro Nasdaq-100 Daily Inverse ETF,TSX,ETP,4707500.0,19.700000762939453,-0.07333991674205953,19.315837159688435,19.241368446228403,19.41170340669507,0.11877106196281417,0.06637994512869516,64.72729769620028,,,,,,,,,
HND.TO,HND,BetaPro Natural Gas Inverse Leveraged Daily Bear ETF,TSX,ETP,69830691.92,4.119999885559082,-0.7524931926414384,4.611674722332951,5.829913734861841,7.076781555364228,-0.7442131231440943,-0.8727406058916658,54.61346574108713,,,,,,,,,
HNU.TO,HNU,BetaPro Natural Gas Leveraged Daily Bull ETF,TSX,ETP,283199584.78,14.170000076293945,-0.8337352727733213,16.693465439071936,17.865276995331705,24.193718744238605,-0.9862363002113348,-0.3255524780790892,34.02236593944831,,,,,,,,,
SPXD.TO,SPXD,BetaPro S&P 500 -2x Daily Bear ETF,TSX,ETP,54178867.47,11.239999771118164,-0.4983697809871538,11.013330518057309,11.107097887677126,12.28398832123096,0.01694366428485594,-0.01966518424869363,59.090898144236945,,,,,,,,,
SPXU.TO,SPXU,BetaPro S&P 500 2x Daily Bull ETF,TSX,ETP,163493793.32,30.969999313354492,-0.35541078512836843,31.72654280676871,31.59212692349126,29.63270044376238,-0.10633017648201815,0.0051373977652565475,39.051108228432085,,,,,,,,,
SPXI.TO,SPXI,BetaPro S&P 500 Daily Inverse ETF,TSX,ETP,23318900.0,9.539999961853027,-0.2819722632117695,9.426986738097193,9.464167584321402,9.896173331877746,0.006530975696193764,-0.008881704521475912,59.23911466043048,,,,,,,,,
VOLX.TO,VOLX,BetaPro S&P 500 VIX Short-Term Futures ETF,TSX,ETP,35255401.97,20.09000015258789,-0.7003032221595864,19.01758005082409,19.746022763420815,24.948957615112295,0.08081367941363737,-0.1050450134710081,61.141310826598,,,,,,,,,
CNDD.TO,CNDD,BetaPro S&P/TSX 60 -2x Daily Bear ETF,TSX,ETP,26772145.4,13.399999618530273,-0.5222861212207142,13.729694967800132,14.137421262571516,16.663100641864727,-0.11203590063454527,-0.09723487027980873,47.513808515940845,,,,,,,,,
CNDU.TO,CNDU,BetaPro S&P/TSX 60 2x Daily Bull ETF,TSX,ETP,61910018.38,44.33000183105469,-0.23451771833333224,43.54758641486113,42.59260003144797,37.658332685853985,0.22789372479832792,0.1962623811391757,50.68612228366309,,,,,,,,,
CNDI.TO,CNDI,BetaPro S&P/TSX 60 Daily Inverse ETF,TSX,ETP,14660425.0,19.06999969482422,-0.304411781411682,19.227518294188425,19.488991254569807,21.04116306531141,-0.06332228152541575,-0.05929235108170706,50.55759841285823,,,,,,,,,
NRGD.TO,NRGD,BetaPro S&P/TSX Capped Energy -2x Daily Bear ETF,TSX,ETP,3041294.67,11.069999694824219,-0.6742201340802116,12.576922450220867,14.173300629199488,17.974156213452254,-0.9789431877989081,-0.9220222110824996,26.247295683146945,,,,,,,,,
NRGU.TO,NRGU,BetaPro S&P/TSX Capped Energy 2x Daily Bull ETF,TSX,ETP,35913153.44,45.310001373291016,-0.38490564185881104,40.6631657541951,36.97240407689773,31.47359277434306,2.5845970609298163,2.2656703439301844,72.51761883780553,,,,,,,,,
CFOD.TO,CFOD,BetaPro S&P/TSX Capped Financials -2x Daily Bear ETF,TSX,ETP,8182950.0,16.850000381469727,-0.5708661145334365,16.91769103646647,17.474321587604074,21.499016651435884,-0.12277675354578577,-0.11260603748016335,46.005518182100005,,,,,,,,,
CFOU.TO,CFOU,BetaPro S&P/TSX Capped Financials 2x Daily Bull ETF,TSX,ETP,50470975.2,54.0,-0.2269806815740546,53.72743283286718,52.424313842933664,45.04905306870547,0.3034009639418116,0.24335482462302815,54.95496630730593,,,,,,,,,
SLVD.TO,SLVD,BetaPro Silver -2x Daily Bear ETF,TSX,ETP,5593959.7,4.019999980926514,-0.9581117023384614,4.278969346702597,7.702645698637737,22.762102277727127,-0.8606652667045922,-1.2115958598971557,57.60233926282227,,,,,,,,,
SLVU.TO,SLVU,BetaPro Silver 2x Daily Bull ETF,TSX,ETP,114807222.66,91.44999694824219,-0.6978777055260088,131.91678477971223,127.06822132970703,79.6238268782907,-15.970890427714508,-4.779054596451948,27.460817144196824,,,,,,,,,
BNK.TO,BNK,Big Banc Split Corp.,TSX,Closed-End Funds,37145610.8,17.59000015258789,-0.0891386142362498,17.243502790960253,17.050179586944676,16.02542459392645,0.11777522252866746,0.08369649609534147,63.69048767888466,1.44,12.0,Monthly,2026-01-30,0.08186469513976344,,,,
PRM.TO,PRM,Big Pharma Split Corp.,TSX,Closed-End Funds,28979317.9,15.069999694824219,-0.21200887362507237,14.479411500679488,14.026747897394143,12.981868777142534,0.25441445248756445,0.2052576200524759,70.15706675574289,1.236,12.0,Monthly,2026-01-30,0.082017254481067,,,,
BR.TO,BR,Big Rock Brewery Inc.,TSX,Consumer Products & Services,23311587.35,0.8500000238418579,-0.4503816335422559,0.8324765808105401,0.8354025898865074,0.9528277121171382,0.00906497537441886,0.006938667520901313,50.0,,,,,,,-0.01,-0.15,-1400.0
BIR.TO,BIR,Birchcliff Energy Ltd.,TSX,Oil & Gas,1786288237.32,6.920000076293945,-0.26794873095906746,7.121950107431099,7.128679343673365,6.75252282392596,-0.056042228844222386,-0.027758492306289077,35.76159275005298,0.12,4.0,Quarterly,2025-12-15,0.017341040271240407,,0.6,0.81,35.0
BCHT.TO,BCHT,Birchtech Corp.,TSX,Clean Technology & Renewable Energy,105584058.81,4.349999904632568,-0.44029849152916556,4.81807236197411,5.131559849680294,4.7701014874075875,-0.2782976013854821,-0.23367824704087722,31.506851104661834,,,,,,,,,
BDT.TO,BDT,Bird Construction Inc.,TSX,Industrial Products & Services,1668130869.72,30.31999969482422,-0.2542875713085443,30.491518562799953,29.694480150411636,27.82261906455086,0.3598692635257983,0.46585289947533254,50.459919114388775,0.8400000000000001,12.0,Monthly,2026-01-30,0.02770448576697685,,0.08,0.1,18.43
BITF.TO,BITF,Bitfarms Ltd.,TSX,Technology,3152843383.2,2.930000066757202,-0.7439560630732919,3.18727357183442,3.5678260508095305,3.252213410196067,-0.25327027870531715,-0.23778922704909375,37.50000465661211,,,,,,,0.06,-0.45,-799.86
BDI.TO,BDI,Black Diamond Group Limited,TSX,Industrial Products & Services,999793703.35,16.5,-0.14631462061388512,16.31000693141984,15.645829443113708,13.267645441017539,0.22658794744707222,0.29910534160098856,50.22624942067548,0.15000000000000002,4.0,Quarterly,2025-12-31,0.009090909090909092,,0.09,0.15,66.67
BKI.TO,BKI,Black Iron Inc.,TSX,Mining,36746452.56,0.15000000596046448,-0.6190476156686708,0.13940337364627686,0.13422071578552883,0.13215437199448846,0.0035048300268012145,0.0026951917834278864,60.0,,,,,,,,,
BB.TO,BB,BlackBerry Limited,TSX,Technology,4045255491.95,4.710000038146973,-0.5249709273314541,4.909920080637047,5.263597779941195,5.828567535633749,-0.19706084909491928,-0.19801051557527197,27.826099576029605,,,,,,,-0.07,-0.05,28.57
BLN.TO,BLN,Blackline Safety Corp.,TSX,Technology,605866950.29,6.199999809265137,-0.2484076220325011,6.264130418255116,6.497833670365434,6.810068959935633,-0.12329197990411789,-0.13676343784126277,46.15384358882788,,,,,,,-0.15,-0.14,4.11
HBLK.TO,HBLK,Blockchain Technologies ETF,TSX,ETP,30992000.0,19.920000076293945,-0.4441710049903189,21.24009816369008,22.64865342897714,22.414810154304174,-1.0917229503920574,-0.8709481886865004,36.19528676289141,,,,,,,,,
BAMI.TO,BAMI,Blue Ant Media Corporation,TSX,Comm. & Media,184130920.03,6.409999847412109,-0.44897959282973166,7.258392481536878,7.6893039659466496,7.905837811750449,-0.4565302294052618,-0.30026628180343623,29.958676749602816,,,,,,,,,
RBN.TO,RBN,Blue Ribbon Income Fund,TSX,Closed-End Funds,63455330.5,,,,,,,,,,,,,,,,,
ZAG.TO,ZAG,BMO Aggregate Bond Index ETF,TSX,ETP,11699051294.0,13.960000038146973,-0.0429274915580361,13.866170472512064,13.86001841290309,13.880025590123369,0.021084481140492883,0.00819052424007723,62.96288447138276,0.479,12.0,Monthly,2026-01-29,0.0343123208231439,,,,
ZEQT.TO,ZEQT,BMO All-Equity ETF,TSX,ETP,423204561.26,21.079999923706055,-0.1538746199833334,21.027141709660665,20.854894551944074,19.81598775175567,0.048158515680952974,0.05596795773313529,48.94959633148102,0.29822899999999997,4.0,Quarterly,2025-12-30,0.014147485819704339,,,,
ZESG.TO,ZESG,BMO Balanced ESG ETF,TSX,ETP,90762525.0,14.239999771118164,-0.1012819865243677,14.226436814080794,14.20232524414606,13.794933802841438,-0.005699873055872828,-0.0073968619451394305,44.82757108719006,0.240906,4.0,Quarterly,2025-12-30,0.01691755645169392,,,,
ZBAL.TO,ZBAL,BMO Balanced ETF,TSX,ETP,500525250.0,15.229999542236328,-0.09620489781651231,15.166105337325362,15.10073080059523,14.65201991987718,0.028184443684178717,0.02207280145265353,50.602366723848895,0.29822899999999997,4.0,Quarterly,2025-12-30,0.019581681481535284,,,,
ZBBB.TO,ZBBB,BMO BBB Corporate Bond Index ETF,TSX,ETP,27493920.0,29.31999969482422,-0.024674476119707744,29.18219190939342,29.15084779314478,29.086020574369034,0.049384465356816065,0.029766015323180878,75.0,1.19,4.0,Quarterly,2025-12-30,0.04058663070893781,,,,
TOWR.TO,TOWR,BMO Brookfield Global Real Estate Tech Fund,TSX,ETP,4374029.16,28.209999084472656,-0.11746787789973157,28.212557750405026,28.300288337068885,28.5655089545293,-0.009998654209670832,-0.014605189075428638,,0.48,4.0,Quarterly,2025-12-30,0.017015243373907144,,,,
GRNI.TO,GRNI,BMO Brookfield Global Renewables Infrastructure Fund,TSX,ETP,5965784.09,34.5099983215332,-0.06919722343349144,34.508329396465165,34.392285863057225,32.810834179119446,0.007184296269812762,0.010490443436670528,,0.64,4.0,Quarterly,2025-12-30,0.01854535007614472,,,,
ZBI.TO,ZBI,BMO Canadian Bank Income Index ETF,TSX,ETP,134545530.93,31.049999237060547,-0.023445118349167626,30.97431653505573,30.957903530531777,30.866160203957065,0.030226604107170374,0.01839846547416088,71.4287660594831,1.232738,4.0,Quarterly,2025-12-30,0.03970170789983894,,,,
ZDV.TO,ZDV,BMO Canadian Dividend ETF,TSX,ETP,1314932500.0,29.56999969482422,-0.09043249122747421,28.81262439023084,28.53063069975752,27.214123540402504,0.247686825275661,0.1584808260588811,63.742697559764984,0.88866,12.0,Monthly,2026-01-29,0.030052756481953786,,,,
ZWC.TO,ZWC,BMO Canadian High Dividend Covered Call ETF,TSX,ETP,1831576500.0,21.600000381469727,-0.09025863416413049,21.135723874350347,20.797821707433954,19.746555921908822,0.17982987997887534,0.14475580545757044,61.69726155281041,1.22,12.0,Monthly,2026-01-29,0.05648148048398264,,,,
ZMBS.TO,ZMBS,BMO Canadian MBS Index ETF,TSX,ETP,423976410.0,30.860000610351562,-0.02165577867494972,30.787987984466238,30.8822355716154,31.016942901673104,-0.014897350155948175,-0.037251002117017706,58.064615365684084,0.7210380000000001,12.0,Monthly,2026-01-29,0.02336480835188765,,,,
ZCLN.TO,ZCLN,BMO Clean Energy Index ETF,TSX,ETP,71290380.0,19.190000534057617,-0.1370662734715199,19.258354294197147,18.79978764213456,16.86581765467055,0.24132059067684963,0.28211747621565153,50.427360877446944,0.3,1.0,Annual,2025-12-30,0.01563314182652431,,,,
ZCON.TO,ZCON,BMO Conservative ETF,TSX,ETP,71775550.0,12.84000015258789,-0.0719822010086042,12.77864746489577,12.732861005075168,12.462603413236355,0.024367178777593423,0.01759105368574561,53.33329094796984,0.29711,4.0,Quarterly,2025-12-30,0.02313940782470456,,,,
ZCPB.TO,ZCPB,BMO Core Plus Bond Fund,TSX,ETP,2283376500.0,28.530000686645508,-0.04573803419639422,28.52949504290571,28.50711324195035,28.346163452351252,0.0018736691978986642,0.0027285180996839535,,0.8,4.0,Quarterly,2025-12-30,0.028040658280617175,,,,
ZCB.TO,ZCB,BMO Corporate Bond Index ETF,TSX,ETP,1217506300.0,48.11000061035156,-0.0312953020006882,47.8386167676785,47.76602090073203,47.68933677754904,0.1030570521567995,0.06384359471128004,74.57650131898825,1.89,4.0,Quarterly,2025-12-30,0.03928497144091366,,,,
ZCDB.TO,ZCDB,BMO Corporate Discount Bond ETF,TSX,ETP,40742461.51,31.700000762939453,-0.01580644422961819,31.575297753779488,31.52333711648833,31.32941496311648,0.050325774767827625,0.03502611880600649,90.476017474864,0.5760000000000001,4.0,Quarterly,2025-12-30,0.01817034656583993,,,,
ZWB.TO,ZWB,BMO Covered Call Canadian Banks ETF,TSX,ETP,3534799528.44,25.6200008392334,-0.1189516427520656,25.51170143059536,25.07768724527906,23.068897007271715,0.16640674836216718,0.14525774839659286,57.74061148544308,1.3599999999999999,12.0,Monthly,2026-01-29,0.05308352675450942,,,,
ZWA.TO,ZWA,BMO Covered Call Dow Jones Industrial Average Hedged to CAD ETF,TSX,ETP,205177500.0,27.93000030517578,-0.17183506423541062,28.068954621638706,27.896908506365563,27.179063801735307,0.0443123860474941,0.053332253725363814,43.70371155286172,1.56,12.0,Monthly,2026-01-29,0.055853919905289526,,,,
ZWEN.TO,ZWEN,BMO Covered Call Energy ETF,TSX,ETP,118517907.88,31.479999542236328,-0.1906640112595015,30.263143981144392,29.380455213601074,28.536795467752075,0.6755385797210813,0.5687527029804611,76.67561706346874,2.64,12.0,Monthly,2026-01-29,0.08386277123218965,,,,
ZWHC.TO,ZWHC,BMO Covered Call Health Care ETF,TSX,ETP,24660027.4,28.399999618530273,-0.18423582725642218,28.19641657019146,28.27387470682902,28.003530830709614,-0.13109309781929923,-0.1418055517656528,43.35443286287439,1.92,12.0,Monthly,2026-01-29,0.06760563471089799,,,,
ZWGD.TO,ZWGD,BMO Covered Call Spread Gold Bullion ETF,TSX,ETP,21072035.12,41.77000045776367,-0.1221872293648606,40.99132771587753,39.34702405470726,35.129653827024015,0.6741624395258867,0.8211644393727033,47.58118113036886,1.08,8.0,Irregular,2026-01-29,0.02585587714063009,,,,
ZWT.TO,ZWT,BMO Covered Call Technology ETF,TSX,ETP,197187500.0,55.02000045776367,-0.26504478414269295,57.510235572201104,58.67942649960183,57.06177424880618,-1.1281774414873098,-0.818541039742349,23.196431709015783,2.74,12.0,Monthly,2026-01-29,0.049800072286501934,,,,
ZWK.TO,ZWK,BMO Covered Call US Banks ETF,TSX,ETP,317141500.0,27.3700008392334,-0.25665399984074,27.824175645530502,27.328776196033218,25.828200906890803,0.15757519722372848,0.22434505105836947,50.670257737942144,1.7399999999999998,12.0,Monthly,2026-01-29,0.06357325343979547,,,,
ZWU.TO,ZWU,BMO Covered Call Utilities ETF,TSX,ETP,1926887300.0,11.930000305175781,-0.06708407688081974,11.480073497839115,11.32280487127537,11.205858838193588,0.16719738248612082,0.1193690630936319,87.50002709304619,0.8400000000000001,12.0,Monthly,2026-01-29,0.0704107274528375,,,,
ZDB.TO,ZDB,BMO Discount Bond Index ETF,TSX,ETP,862718745.0,15.319999694824219,-0.04067140889282539,15.214188429180018,15.197269415811194,15.183366455004599,0.02709589542814328,0.013489782073310889,65.99998474121094,0.33699999999999997,12.0,Monthly,2026-01-29,0.021997389472132537,,,,
ZDJ.TO,ZDJ,BMO Dow Jones Industrial Average Hedged to CAD Index ETF,TSX,ETP,381573462.2,74.7699966430664,-0.15849055562271508,74.82383670569145,74.02061863628542,71.1019371377296,0.3497426148074254,0.3450538784339091,49.719094200685575,0.781776,4.0,Quarterly,2025-12-30,0.010455744751895691,,,,
ZEF.TO,ZEF,BMO Emerging Markets Bond Hedged to CAD Index ETF,TSX,ETP,676988197.2,12.670000076293945,-0.028157713023063136,12.602928234631912,12.586573489493478,12.506698866144179,0.0186533551474497,0.009003881443268306,60.714370863859465,0.537,12.0,Monthly,2026-01-29,0.042383583012343275,,,,
ZEB.TO,ZEB,BMO Equal Weight Banks Index ETF,TSX,ETP,4695616975.5,59.83000183105469,-0.11711927325264992,59.47287912011952,58.284251785130635,52.593332252023245,0.468976223881711,0.4145941680684808,58.6154057429387,1.730315,12.0,Monthly,2026-01-29,0.028920523935232142,,,,
ZMT.TO,ZMT,BMO Equal Weight Global Base Metals Hedged to CAD Index ETF,TSX,ETP,40608656.4,126.76000213623047,-0.28511863351461786,126.07330917852443,117.78296544622056,95.98881044135129,2.8371112239941567,3.7847319726014024,48.251250429357526,0.219,1.0,Annual,2025-12-30,0.0017276743161035776,,,,
ZGD.TO,ZGD,BMO Equal Weight Global Gold Index ETF,TSX,ETP,238122820.0,329.55999755859375,-0.19774198127124332,316.56253066647156,299.85300225182516,238.96382880541822,5.647449950536895,6.243686687403919,47.31287915253321,0.6,1.0,Annual,2025-12-30,0.0018206093107320273,,,,
ZIN.TO,ZIN,BMO Equal Weight Industrials Index ETF,TSX,ETP,43133245.5,53.189998626708984,-0.15933531203696893,52.88065135708615,51.333616721311344,47.353128352701354,0.7336628369455198,0.8168989527246702,57.8488215747711,0.60045,4.0,Quarterly,2025-12-30,0.011288776377190736,,,,
ZEO.TO,ZEO,BMO Equal Weight Oil & Gas Index ETF,TSX,ETP,217737735.0,92.61000061035156,-0.17622797729687956,87.0591108712768,84.10931673067542,80.0009890413166,2.477211961905226,1.9741792999071883,79.92730153991785,2.744656,4.0,Quarterly,2025-12-30,0.029636712902615117,,,,
ZRE.TO,ZRE,BMO Equal Weight REITs Index ETF,TSX,ETP,582221555.0,23.100000381469727,-0.09588394455995408,23.29057265356894,22.993646267655304,22.418225977940775,0.07422189224650211,0.1653087770046391,43.103453945745784,1.09085,12.0,Monthly,2026-01-29,0.04722294294311156,,,,
ZUB.TO,ZUB,BMO Equal Weight US Banks Hedged to CAD Index ETF,TSX,ETP,356324998.5,39.31999969482422,-0.259365944853611,39.684765466636165,38.531285525377726,35.82963249216157,0.5319872449256309,0.6028948463308627,57.91998291015625,0.742229,4.0,Quarterly,2025-12-30,0.01887662781690462,,,,
ZBK.TO,ZBK,BMO Equal Weight US Banks Index ETF,TSX,ETP,641232240.0,43.970001220703125,-0.25536214444402305,44.50412338498554,43.43740372733295,40.51768195517835,0.44395229114729773,0.5247025367005869,55.66734415264108,0.78294,4.0,Quarterly,2025-12-30,0.017806231027152106,,,,
ZUH.TO,ZUH,BMO Equal Weight US Health Care Hedged to CAD Index ETF,TSX,ETP,174099000.0,69.62999725341797,-0.16080623964806684,70.13393504809125,69.97285742725346,67.39078772819236,-0.3030552348838427,-0.19005299070309395,35.56941776346328,0.38,1.0,Annual,2025-12-30,0.005457417994962605,,,,
ZHU.TO,ZHU,BMO Equal Weight US Health Care Index ETF,TSX,ETP,9638200.0,43.650001525878906,-0.16873165052388284,44.405617004572456,44.576536335964335,43.148711103998,-0.3940812104781557,-0.29116082730531734,28.095240257764488,0.24,1.0,Annual,2025-12-30,0.005498281594737413,,,,
ZUT.TO,ZUT,BMO Equal Weight Utilities Index ETF,TSX,ETP,814494692.0,27.219999313354492,-0.09446153104512145,26.150309104563938,25.960944502086075,25.222103324797555,0.28644173013809393,0.16109010210620728,81.32783235578334,0.8729480000000001,12.0,Monthly,2026-01-29,0.0320700963269944,,,,
ESGB.TO,ESGB,BMO ESG Corporate Bond Index ETF,TSX,ETP,76412560.0,28.299999237060547,-0.03102965617687714,28.144731154619823,28.103838318863932,28.045662468216985,0.05555608779749832,0.035457742468057996,70.27038173054618,1.0670000000000002,4.0,Quarterly,2025-12-30,0.037703181228453876,,,,
ESGF.TO,ESGF,BMO ESG US Corporate Bond Hedged to CAD Index ETF,TSX,ETP,25859700.0,24.299999237060547,-0.0438344801131223,24.160567037782922,24.21580781521123,24.25144678265449,0.004276949945356989,-0.020807579732569657,61.702006777184835,0.99822,4.0,Quarterly,2025-12-30,0.04107901363542388,,,,
ZWP.TO,ZWP,BMO Europe High Dividend Covered Call ETF,TSX,ETP,1002912000.0,20.979999542236328,-0.14499998092651367,20.802961999637052,20.56044709894394,19.9010575255478,0.10850976628885789,0.1068168256263411,52.469143797029005,1.26,12.0,Monthly,2026-01-29,0.06005719864118226,,,,
ZWE.TO,ZWE,BMO Europe High Dividend Covered Call Hedged to CAD ETF,TSX,ETP,723839775.0,21.68000030517578,-0.14089038426727174,21.595439051320607,21.37847329309379,20.950867141133457,0.09476094645814115,0.09283020640829164,55.46221854644305,1.44,12.0,Monthly,2026-01-29,0.06642066327167999,,,,
ZFH.TO,ZFH,BMO Floating Rate High Yield ETF,TSX,ETP,225267194.88,15.140000343322754,-0.07265517525867538,15.180370163163664,15.229450583609179,15.231660974331918,-0.031309678153458975,-0.0304673497090837,36.9047754205826,0.825088,12.0,Monthly,2026-01-29,0.054497224655869404,,,,
ZEAT.TO,ZEAT,BMO Global Agriculture ETF,TSX,ETP,3825865.17,28.239999771118164,-0.12246456021305663,27.032281712372722,26.183873237963756,25.866817942905758,0.649149611756858,0.5598016776560858,73.29377140108102,0.5,4.0,Quarterly,2025-12-30,0.01770538257976064,,,,
COMM.TO,COMM,BMO Global Communications Index ETF,TSX,ETP,64294750.0,45.2400016784668,-0.1601208666837043,45.53213799889009,46.02020524305922,46.073324033106836,-0.040495151031933574,-0.12563665408058636,59.200032552083336,0.491517,4.0,Quarterly,2025-12-30,0.01086465476932002,,,,
DISC.TO,DISC,BMO Global Consumer Discretionary Hedged to CAD Index ETF,TSX,ETP,24430560.0,45.29999923706055,-0.20956372658422784,45.955138133887914,46.15191784429395,45.443453743701625,-0.2590918360880181,-0.20647484561589,31.84140615015079,0.305,4.0,Quarterly,2025-12-30,0.006732891945624479,,,,
STPL.TO,STPL,BMO Global Consumer Staples Hedged to CAD Index ETF,TSX,ETP,31186015.0,26.360000610351562,-0.07939246388534738,25.31867717691185,24.732903729407923,24.445408851557772,0.5688907935543845,0.4158024594838499,87.54717089774235,0.5332250000000001,4.0,Quarterly,2025-12-30,0.020228565540723196,,,,
ZWQT.TO,ZWQT,BMO Global Enhanced Income Fund,TSX,ETP,16571736.6,18.950000762939453,-0.15349883853012303,18.83462219671752,18.625245055535828,17.95901745671355,0.09884952130184033,0.09392487520125682,56.488555175541656,1.02,12.0,Monthly,2026-01-29,0.05382585535272461,,,,
ZWG.TO,ZWG,BMO Global High Dividend Covered Call ETF,TSX,ETP,279300000.0,34.7599983215332,-0.1553165455375115,34.67916499967286,34.463285657955346,33.7507663429336,0.16429163061059882,0.12633704074291013,55.06660942948638,2.14856,12.0,Monthly,2026-01-29,0.061811280314964946,,,,
ZGI.TO,ZGI,BMO Global Infrastructure Index ETF,TSX,ETP,443925544.41,57.65999984741211,-0.10067728788520969,54.24802886229193,53.51807388688391,53.284564793463026,0.9591753594645809,0.5319291389389428,91.63758018166979,1.426066,4.0,Quarterly,2025-12-30,0.024732327502148002,,,,
ZGSB.TO,ZGSB,BMO Global Strategic Bond Fund,TSX,ETP,14988680.0,27.979999542236328,-0.05221176715159748,27.979400693965303,27.952491520870392,27.68373167794174,0.002319285368596269,0.003383687680057844,,1.2,4.0,Quarterly,2025-12-30,0.04288777768522039,,,,
ZGLD.TO,ZGLD,BMO Gold Bullion ETF,TSX,ETP,1002399608.46,73.55000305175781,-0.12797241089253575,72.07341050995569,68.76073829842672,59.52175006934549,1.3272873414666861,1.627365991881342,48.57341802293649,,,,,,,,,
ZGLH.TO,ZGLH,BMO Gold Bullion Hedged to CAD ETF,TSX,ETP,146918885.63,69.29000091552734,-0.13551588138394943,68.44794265688178,67.44270418112818,66.39390218109169,0.5730569124767158,0.6372693356023424,48.83879694209189,,,,,,,,,
ZGB.TO,ZGB,BMO Government Bond Index ETF,TSX,ETP,1475851460.0,46.25,-0.05323192875661942,45.876686629746544,45.87414119548507,45.98741421153606,0.08224275212854337,0.027502321357392816,76.71244330177045,1.2809599999999999,4.0,Quarterly,2025-12-30,0.02769643243243243,,,,
ZGRO.TO,ZGRO,BMO Growth ETF,TSX,ETP,587445839.21,17.959999084472656,-0.12513189197649266,17.91715653265587,17.815978677354305,17.1107884058388,0.027994675412511327,0.02845506101323788,44.999938692181615,0.298679,4.0,Quarterly,2025-12-30,0.016630234700748026,,,,
ZQB.TO,ZQB,BMO High Quality Corporate Bond Index ETF,TSX,ETP,39500500.0,29.489999771118164,-0.018995911622727957,29.40987440455312,29.396959465975037,29.364231747224284,0.0325888589517227,0.019787991324097455,72.7278244509758,1.072,4.0,Quarterly,2025-12-30,0.03635130580943213,,,,
ZHY.TO,ZHY,BMO High Yield US Corporate Bond Hedged to CAD Index ETF,TSX,ETP,1305190712.0,11.170000076293945,-0.06542888714543205,11.178222206387545,11.196520871330337,11.210139126515347,-0.011821330870118274,-0.012608185204461407,36.66673024471189,0.686132,12.0,Monthly,2026-01-29,0.06142632008178547,,,,
ZJK.TO,ZJK,BMO High Yield US Corporate Bond Index ETF,TSX,ETP,1490800680.0,18.760000228881836,-0.08121820802852242,18.78549477432265,18.92963785803667,19.040520425961923,-0.08706092698006884,-0.09110416329577277,41.52546071422221,1.138741,12.0,Monthly,2026-01-29,0.060700479003558794,,,,
ZDI.TO,ZDI,BMO International Dividend ETF,TSX,ETP,671960700.0,31.440000534057617,-0.14365777496950127,30.65707192100708,29.97633615346095,28.48065481185396,0.47192570968889314,0.3825672990901281,75.64577100141398,0.98051,12.0,Monthly,2026-01-29,0.031186704304850606,,,,
ZDH.TO,ZDH,BMO International Dividend Hedged to CAD ETF,TSX,ETP,194046080.0,34.06999969482422,-0.13981449375187316,33.37172268771152,32.437154382771865,30.53363642877299,0.5618041569783685,0.4901662643989551,77.35195759431755,0.9724400000000001,12.0,Monthly,2026-01-29,0.028542412935440364,,,,
ZJPN.TO,ZJPN,BMO Japan Index ETF,TSX,ETP,494475121.94,48.599998474121094,-0.14818700119483363,46.09598637686854,44.681928753519145,41.75589001191958,1.141413509082362,0.7673972192174932,79.97092195989977,0.612312,4.0,Quarterly,2025-12-30,0.01259901274124625,,,,
ZJG.TO,ZJG,BMO Junior Gold Index ETF,TSX,ETP,187112799.9,282.8299865722656,-0.2206113723688251,269.90099430610326,252.10990798050383,197.58930820859322,6.317380848217908,7.071952151119674,47.23100596592574,0.27,1.0,Annual,2025-12-30,0.0009546371064548086,,,,
ZPR.TO,ZPR,BMO Laddered Preferred Share Index ETF,TSX,ETP,1462443032.98,12.40999984741211,-0.0929401251878692,12.355858756936783,12.291324438023857,11.915441779606136,0.017875583603611744,0.015147382014315446,56.666698455992446,0.61,12.0,Monthly,2026-01-29,0.0491539087429727,,,,
ZLC.TO,ZLC,BMO Long Corporate Bond Index ETF,TSX,ETP,467922700.68,15.489999771118164,-0.07044024606477384,15.358049456192152,15.320734849328094,15.325518400739323,0.04750081963562636,0.02880866305765292,57.49994039529838,0.716,12.0,Monthly,2026-01-29,0.04622337059907617,,,,
ZFL.TO,ZFL,BMO Long Federal Bond Index ETF,TSX,ETP,2063077039.3,12.319999694824219,-0.1337138559866079,12.112070894369719,12.13933396392624,12.373636477186547,0.031126329837253053,-0.0022677541691134345,64.15088907522502,0.36931200000000003,12.0,Monthly,2026-01-29,0.029976624119167183,,,,
ZPL.TO,ZPL,BMO Long Provincial Bond Index ETF,TSX,ETP,314747196.75,12.274999618530273,-0.10130467309543978,12.124403625554438,12.123253843268223,12.20297498726423,0.03155070568911178,0.011359013977764093,65.21743937902895,0.454764,12.0,Monthly,2026-01-29,0.03704798485805985,,,,
ZLSC.TO,ZLSC,BMO Long Short Canadian Equity ETF,TSX,ETP,78586442.71,44.7400016784668,-0.06866722898815025,44.56101783025001,44.086864694991505,41.8600014978316,0.14114448535755741,0.16891098087956286,51.020411693927535,0.63,4.0,Quarterly,2025-12-30,0.014081358434620193,,,,
ZLSU.TO,ZLSU,BMO Long Short US Equity ETF,TSX,ETP,91409544.59,41.66999816894531,-0.10974758079381564,42.188569837314205,42.71816254197981,42.96355860370608,-0.2900684534709512,-0.2734181013086794,39.871355028475335,0.41000000000000003,4.0,Quarterly,2025-12-30,0.009839213295323678,,,,
ZLB.TO,ZLB,BMO Low Volatility Canadian Equity ETF,TSX,ETP,5300858750.0,58.63999938964844,-0.06534773495485768,58.23332773400263,58.48726303239299,56.953834796924,-0.09142304241493804,-0.2078289928612371,52.535496800451874,1.154089,4.0,Quarterly,2025-12-30,0.01968091766733081,,,,
ZLE.TO,ZLE,BMO Low Volatility Emerging Markets Equity ETF,TSX,ETP,74857287.0,23.3700008392334,-0.10766890714738442,23.11380820249855,22.804193833734274,21.70611278094661,0.21337652768441018,0.18239243036229977,62.35297945555136,0.68,1.0,Annual,2025-12-30,0.029097132031695123,,,,
ZLI.TO,ZLI,BMO Low Volatility International Equity ETF,TSX,ETP,270548384.04,30.43000030517578,-0.07602956126380744,29.504257673204545,29.230182834066515,28.95025254609189,0.31669500266556483,0.18431631212873334,79.91074621680444,0.641929,4.0,Quarterly,2025-12-30,0.021095267616241708,,,,
ZLD.TO,ZLD,BMO Low Volatility International Equity Hedged to CAD ETF,TSX,ETP,30505860.0,31.209999084472656,-0.08014881412419728,30.42096882669011,30.13629973782701,29.928663150048276,0.3009596599279831,0.17724282904514427,86.97922772021498,0.682049,4.0,Quarterly,2025-12-30,0.02185354117294183,,,,
ZLU.TO,ZLU,BMO Low Volatility US Equity ETF,TSX,ETP,2280962250.0,62.459999084472656,-0.095719540887929,60.31893193276259,59.97265705643265,59.661947984086886,0.6394972426101191,0.3343707564002625,76.50086795842961,1.1155110000000001,4.0,Quarterly,2025-12-30,0.017859606409717548,,,,
ZLH.TO,ZLH,BMO Low Volatility US Equity Hedged to CAD ETF,TSX,ETP,75741050.0,39.83000183105469,-0.08030800150199524,38.50319416290954,38.09051666166813,37.733472327777406,0.5243673901421602,0.33508144886630165,92.1162390564876,0.702359,4.0,Quarterly,2025-12-30,0.017633918345752727,,,,
ZCM.TO,ZCM,BMO Mid Corporate Bond Index ETF,TSX,ETP,1315902630.6,15.970000267028809,-0.030836950576939137,15.876946036491773,15.854590657809108,15.810228707840258,0.02892332717290813,0.018117246145047495,62.0690789149158,0.64306,12.0,Monthly,2026-01-29,0.04026674948325722,,,,
ZFM.TO,ZFM,BMO Mid Federal Bond Index ETF,TSX,ETP,834990674.59,14.979999542236328,-0.042244255191150604,14.848934544562765,14.851796750650536,14.872076673700967,0.020926790130195272,0.002851064197085856,69.99996821087633,0.355584,12.0,Monthly,2026-01-29,0.023737250391592184,,,,
ZMP.TO,ZMP,BMO Mid Provincial Bond Index ETF,TSX,ETP,720196606.12,14.350000381469727,-0.03412254755105926,14.259781272747977,14.245122317923968,14.204491842028466,0.021785806567189425,0.010999592168013656,62.500049670387305,0.42100000000000004,12.0,Monthly,2026-01-29,0.029337978314177664,,,,
ZMU.TO,ZMU,BMO Mid-Term US IG Corporate Bond Hedged to CAD Index ETF,TSX,ETP,3287422893.6,12.949999809265137,-0.03296703954784164,12.866237531268434,12.876568106096599,12.826505384881733,0.00630427011945045,-0.007239407229695757,64.28566562898072,0.533,12.0,Monthly,2026-01-29,0.04115830176450371,,,,
ZIC.TO,ZIC,BMO Mid-Term US IG Corporate Bond Index ETF,TSX,ETP,3436729639.04,18.489999771118164,-0.07251704103000889,18.411331475542177,18.537588470896704,18.55185988051694,-0.05944908551957795,-0.07975838448308066,49.51455231964919,0.757236,12.0,Monthly,2026-01-29,0.040953813378776856,,,,
ZMMK.TO,ZMMK,BMO Money Market Fund ETF,TSX,ETP,5072986247.0,49.880001068115234,-0.0045953955193274165,49.869411940188634,49.87471392643471,49.89825168172704,-0.0035191501885520893,-0.004643677199831816,40.0,1.453,13.0,Monthly,2026-01-29,0.029129911164512794,,,,
ZMI.TO,ZMI,BMO Monthly Income ETF,TSX,ETP,187248429.49,19.219999313354492,-0.09207597996905992,19.019728223336966,18.95799047183857,18.684561501929554,0.08154761565609547,0.04549169582237189,66.30427120780519,0.8546500000000001,12.0,Monthly,2026-01-29,0.04446670294135598,,,,
ZGRN.TO,ZGRN,BMO MSCI ACWI Paris Aligned Climate Equity Index ETF,TSX,ETP,5321096.27,45.22999954223633,-0.15561472951989574,45.6141512922324,45.721283524903285,44.141649738526844,-0.20452846492801768,-0.14920233115008577,36.312847971443034,0.46070099999999997,4.0,Quarterly,2025-12-30,0.010185739656481573,,,,
ZGQ.TO,ZGQ,BMO MSCI All Country World High Quality Index ETF,TSX,ETP,1075998240.0,80.97000122070312,-0.17704917801471953,81.08706559964203,80.87972278219094,78.2013123254289,0.07106601419170033,0.07427901187991139,46.80853438305298,0.48262700000000003,4.0,Quarterly,2025-12-30,0.0059605655517342105,,,,
ESGA.TO,ESGA,BMO MSCI Canada Selection Equity Index ETF,TSX,ETP,182801500.0,52.70000076293945,-0.13427894317986955,52.65402525804595,52.36384629560616,49.09971586537456,-0.07999554542197274,-0.07734488392362902,44.50402281864232,1.003768,4.0,Quarterly,2025-12-30,0.01904683084380306,,,,
ZVC.TO,ZVC,BMO MSCI Canada Value Index ETF,TSX,ETP,37594830.0,39.68000030517578,-0.12755437821457039,39.03993368440174,38.29617500349747,35.24977607522339,0.2946128388705418,0.26061667541452954,54.60123177976184,0.843804,4.0,Quarterly,2025-12-30,0.02126522161064439,,,,
ZCH.TO,ZCH,BMO MSCI China Selection Equity Index ETF,TSX,ETP,192482650.7,20.079999923706055,-0.24019606422342155,20.730440818175424,21.086117662134193,20.563470897525594,-0.29206689952988185,-0.20922520506116118,29.32862000289809,0.26,1.0,Annual,2025-12-30,0.012948207220511446,,,,
ZDM.TO,ZDM,BMO MSCI EAFE Hedged to CAD Index ETF,TSX,ETP,1482960395.4,36.91999816894531,-0.1461489513990013,36.45930419608931,35.74782145156342,33.95189345331767,0.39930523009542185,0.35052412522705495,67.21849243692172,0.742815,4.0,Quarterly,2025-12-30,0.02011958387974156,,,,
ZIQ.TO,ZIQ,BMO MSCI EAFE High Quality Index ETF,TSX,ETP,210365642.63,34.86000061035156,-0.15248903489482113,34.48746266319576,34.24047706591387,33.351984022961965,0.17068505862849292,0.12900997663193,53.90245127867315,0.5038320000000001,4.0,Quarterly,2025-12-30,0.014453011795140039,,,,
ZEA.TO,ZEA,BMO MSCI EAFE Index ETF,TSX,ETP,11039952460.565,30.280000686645508,-0.14652154982707633,29.707803777802432,29.11193866297211,27.595846855798545,0.36171100442496495,0.30844383734843644,67.40885686133393,0.612312,4.0,Quarterly,2025-12-30,0.020221664006436102,,,,
ESGE.TO,ESGE,BMO MSCI EAFE Selection Equity Index ETF,TSX,ETP,110870903.0,42.79999923706055,-0.15198708394922877,42.103485095396096,41.35654384543928,39.46420785099003,0.46326086219382745,0.3861572465028852,61.57405445117902,0.842571,4.0,Quarterly,2025-12-30,0.01968623866867776,,,,
ZEM.TO,ZEM,BMO MSCI Emerging Markets Index ETF,TSX,ETP,1869918400.0,29.799999237060547,-0.13592652172539366,29.177357033104403,28.48894912188581,26.340647715582985,0.3827912834787739,0.35954719826991094,62.97469500491324,0.6,1.0,Annual,2025-12-30,0.020134228703395887,,,,
ZEQ.TO,ZEQ,BMO MSCI Europe High Quality Hedged to CAD Index ETF,TSX,ETP,349685800.0,31.889999389648438,-0.14853948543551443,31.61737736926905,31.262876381095104,30.769454774880842,0.16672347647767438,0.14565626655692923,55.40982601881956,0.95,5.0,Irregular,2025-12-30,0.029789903361000753,,,,
ESGG.TO,ESGG,BMO MSCI Global Selection Equity Index ETF,TSX,ETP,52372350.0,57.849998474121094,-0.16863962732989857,58.08407132894754,57.91894531866016,55.43162527020147,-0.06927048135006686,-0.042081946079028085,41.560799050687685,0.581323,4.0,Quarterly,2025-12-30,0.010048798882165087,,,,
ZID.TO,ZID,BMO MSCI India Selection Equity Index ETF,TSX,ETP,225891910.75,46.630001068115234,-0.1763716357793893,47.58794719776125,49.19477438100732,50.9990786191981,-0.6114330414452454,-0.7698457878238731,50.583670582542496,0.34,1.0,Annual,2025-12-30,0.007291443109841273,,,,
ZUQ.TO,ZUQ,BMO MSCI USA High Quality Index ETF,TSX,ETP,1315148805.0,98.05000305175781,-0.1752566300713334,98.78780027291728,99.5476801340548,97.61901796364238,-0.485873906752218,-0.48684892019200116,42.066044994706544,0.464536,4.0,Quarterly,2025-12-30,0.004737745900474727,,,,
ESGY.TO,ESGY,BMO MSCI USA Selection Equity Index ETF,TSX,ETP,184067260.0,66.2699966430664,-0.18968082484870952,67.10773960581868,67.26554126460155,64.490797224007,-0.3905909991051999,-0.2622010815298033,36.06318374147721,0.44099299999999997,4.0,Quarterly,2025-12-30,0.006654489547890138,,,,
ZVU.TO,ZVU,BMO MSCI USA Value Index ETF,TSX,ETP,59710910.0,41.34000015258789,-0.16676962920936422,40.64651137235318,39.862162466944966,36.95113809954734,0.4197870073430394,0.38215667250826446,65.30616534657011,0.633702,4.0,Quarterly,2025-12-30,0.015329027519617223,,,,
ZQQ.TO,ZQQ,BMO NASDAQ 100 Equity Hedged To CAD Index ETF,TSX,ETP,2870631444.8,168.4499969482422,-0.22792780439720817,172.4132920318817,174.51027106060133,169.7884539222705,-1.6774348055428163,-1.287462724182648,35.25562655513097,0.46,1.0,Annual,2025-12-30,0.0027307806965490137,,,,
ZNQ.TO,ZNQ,BMO NASDAQ 100 Equity Index ETF,TSX,ETP,2066081940.0,108.62999725341797,-0.22671503058093356,111.25930180687219,112.3971671295383,108.41267231983757,-1.1957182041524845,-0.8628045075721053,30.54545394014788,0.28,1.0,Annual,2025-12-30,0.0025775569095044786,,,,
ZPAY.TO,ZPAY,BMO Premium Yield ETF,TSX,ETP,445073500.0,31.479999542236328,-0.12908011591065305,31.997372669669865,32.50244181441193,32.93109692768351,-0.3040687919219991,-0.2856263194333084,33.89263033657669,2.45128,12.0,Monthly,2026-01-29,0.07786785373713706,,,,
ZRR.TO,ZRR,BMO Real Return Bond Index ETF,TSX,ETP,96777400.0,14.210000038146973,-0.07600002288818364,14.04738134028504,14.06389469639865,14.222976515966849,0.02925748649694171,0.004668638042186496,63.04346473996828,0.626,12.0,Monthly,2026-01-29,0.04405348334408818,,,,
ZUE.TO,ZUE,BMO S&P 500 Hedged to CAD Index ETF,TSX,ETP,4275844742.15,92.4800033569336,-0.18923707888785168,93.49267183239087,93.23608883602263,89.69681829049743,-0.12179703540972753,0.02646430622321464,39.79850294510479,0.801203,4.0,Quarterly,2025-12-30,0.00866352693465739,,,,
ZSP.TO,ZSP,BMO S&P 500 Index ETF,TSX,ETP,23458481708.4,101.97000122070312,-0.1871601468682491,103.30485612983097,103.59662087552424,100.09597707762504,-0.4837741310934831,-0.32772037446608326,37.22163385806068,0.841896,4.0,Quarterly,2025-12-30,0.008256310580773717,,,,
ZMID.TO,ZMID,BMO S&P US Mid Cap Index ETF,TSX,ETP,301214900.0,51.970001220703125,-0.21036526600771288,51.4220855339506,50.810137671725386,49.165922130395366,0.3274978102488433,0.2701740924968502,57.69230500514564,0.525136,4.0,Quarterly,2025-12-30,0.010104598569661054,,,,
ZSML.TO,ZSML,BMO S&P US Small Cap Index ETF,TSX,ETP,114402000.0,47.25,-0.227805281425137,46.84062945138699,46.085137212227316,44.03297799781458,0.349363747519881,0.34469280328859175,55.42278928379842,0.531606,4.0,Quarterly,2025-12-30,0.011250920634920636,,,,
ZIU.TO,ZIU,BMO S&P/TSX 60 Index ETF,TSX,ETP,111698788.78,73.93000030517578,-0.12348996971755422,73.13800239085411,72.32681028844432,67.77939443354435,0.22650520945715868,0.16793324238911828,51.4933107253897,1.633642,4.0,Quarterly,2025-12-30,0.022097145857655705,,,,
ZCN.TO,ZCN,BMO S&P/TSX Capped Composite Index ETF,TSX,ETP,12773834668.98,44.290000915527344,-0.12470925401970578,43.81698444649229,43.120779325443216,39.937123135037886,0.20515379634085917,0.21042649406039093,49.85379798970144,0.9407,4.0,Quarterly,2025-12-30,0.021239557023133997,,,,
ZCS.TO,ZCS,BMO Short Corporate Bond Index ETF,TSX,ETP,4315875721.52,14.119999885559082,-0.012108251968781514,14.093533170562115,14.09370071449839,14.081769755896355,0.006664650046273479,0.002343987721538483,50.0,0.514844,12.0,Monthly,2026-01-29,0.03646203995557715,,,,
ZFS.TO,ZFS,BMO Short Federal Bond Index ETF,TSX,ETP,384981006.45,13.989999771118164,-0.013644137173464133,13.955088354936567,13.962927727068456,13.97709517842692,0.004754370179069767,-0.0011742178124349613,59.99980926404532,0.33984,12.0,Monthly,2026-01-29,0.02429163728090883,,,,
ZPS.TO,ZPS,BMO Short Provincial Bond Index ETF,TSX,ETP,383270940.66,12.489999771118164,-0.01354582260639714,12.449730645698557,12.447030592557601,12.444718758392188,0.008030387949217399,0.003816342682955591,61.53834867769504,0.355,12.0,Monthly,2026-01-29,0.02842273871140501,,,,
ZSB.TO,ZSB,BMO Short-Term Bond Index ETF,TSX,ETP,149499980.0,49.189998626708984,-0.015422044244296718,49.037989533602484,49.028117997371496,49.018349375576726,0.045719074140329496,0.021081179892991186,82.7587114086897,1.54,4.0,Quarterly,2025-12-30,0.03130717712937315,,,,
ZSDB.TO,ZSDB,BMO Short-Term Discount Bond ETF,TSX,ETP,234547351.64,31.760000228881836,-0.019851995322191063,31.67083558735436,31.727215414223814,31.74132022861796,0.008978210010763377,-0.013903631142102293,84.21105467103018,0.403951,4.0,Quarterly,2025-12-30,0.01271886010985151,,,,
ZSU.TO,ZSU,BMO Short-Term US IG Corporate Bond Hedged to CAD Index ETF,TSX,ETP,238852281.4,13.420000076293945,-0.014530262570300878,13.404292714279547,13.419454092912408,13.434765267032045,-0.0025837052927055737,-0.006875035640179408,50.0,0.516844,12.0,Monthly,2026-01-29,0.038512965503852005,,,,
ZTIP.TO,ZTIP,BMO Short-Term US TIPS Index ETF,TSX,ETP,205437970.0,32.220001220703125,-0.06647151577407973,32.25015256387853,32.47596041152335,32.751963551437655,-0.10484351319380636,-0.11776766064162668,47.445264620465174,1.17,4.0,Quarterly,2025-12-30,0.03631284778624436,,,,
ZFC.TO,ZFC,BMO SIA Focused Canadian Equity Fund,TSX,ETP,76092100.0,54.790000915527344,-0.14045417086068024,54.86305358851053,54.34105672826665,52.31690636241447,0.25567013850113085,0.2321709440957008,46.61157108169065,0.08,1.0,Annual,2025-12-30,0.0014601204355396938,,,,
ZFN.TO,ZFN,BMO SIA Focused North American Equity Fund,TSX,ETP,298265000.0,62.36000061035156,-0.17328280361714443,63.90979451964534,65.20171077614961,64.83554658136889,-0.9195860048539259,-0.8283452830553976,36.797774962238826,0.31,1.0,Annual,2025-12-30,0.004971135294513467,,,,
ZXLC.TO,ZXLC,BMO SPDR Communication Services Select Sector Index ETF,TSX,ETP,8338816.71,31.270000457763672,-0.18057409922338563,32.02998680713238,32.19261927656933,31.332166731978678,-0.17776361483132774,-0.10650629208960498,34.23913381500793,0.34,1.0,Annual,2025-12-30,0.010873041094426505,,,,
ZXLY.TO,ZXLY,BMO SPDR Consumer Discretionary Select Sector Index ETF,TSX,ETP,9231061.54,28.600000381469727,-0.22794368626661143,29.391888780963793,29.71855854537367,29.075592987239858,-0.3885536037672992,-0.2754759639214418,27.055711774866097,0.19,1.0,Annual,2025-12-30,0.006643356554746874,,,,
ZXLP.TO,ZXLP,BMO SPDR Consumer Staples Select Sector Index ETF,TSX,ETP,5051807.95,32.0099983215332,-0.11001592711878527,30.656045897612497,29.78961193478036,29.32196714499081,0.7070848167471162,0.5586112169359669,75.46724421835555,0.28,1.0,Annual,2025-12-30,0.00874726693789432,,,,
ZXLE.TO,ZXLE,BMO SPDR Energy Select Sector Index ETF,TSX,ETP,5994059.54,34.33000183105469,-0.20278393906090164,32.66517274465027,31.3365081882962,29.918065437610466,1.0437216618521958,0.8777838018156428,79.72438853234621,0.97,1.0,Annual,2025-12-30,0.028255168897851457,,,,
ZXLF.TO,ZXLF,BMO SPDR Financials Select Sector Index ETF,TSX,ETP,28343060.26,28.309999465942383,-0.16848730706310022,29.452469282832517,29.851826447918558,29.73436140523288,-0.3506804728201729,-0.2789442725884781,37.63158806141855,0.26,1.0,Annual,2025-12-30,0.00918403408353244,,,,
ZXLV.TO,ZXLV,BMO SPDR Health Care Select Sector Index ETF,TSX,ETP,5004307.92,30.200000762939453,-0.17332451382624436,30.01660753731182,29.978994457248767,28.803201855153667,-0.0914686746223552,-0.11283979905590585,44.97207968889938,0.15,1.0,Annual,2025-12-30,0.004966887291740587,,,,
ZXLI.TO,ZXLI,BMO SPDR Industrials Select Sector Index ETF,TSX,ETP,9994066.8,35.29999923706055,-0.16728374054235207,34.395803263405085,33.66011328313349,32.08331919423448,0.5225014209846961,0.4159607328340314,75.86211810461722,0.66,1.0,Annual,2025-12-30,0.018696884256787272,,,,
ZXLB.TO,ZXLB,BMO SPDR Materials Select Sector Index ETF,TSX,ETP,2865557.31,33.709999084472656,-0.17977906515388287,32.1513215710227,30.96486452057529,29.581017928002808,0.8011005540585288,0.6600459132926196,68.92653297269726,0.45,1.0,Annual,2025-12-30,0.013349154916093632,,,,
ZXLR.TO,ZXLR,BMO SPDR Real Estate Select Sector Index ETF,TSX,ETP,2231809.7,29.229999542236328,-0.12126032643828621,27.963632623953202,28.242358800741503,28.842420685785918,0.01654595917159085,-0.11419704370678123,100.0,0.97,1.0,Annual,2025-12-30,0.03318508433769846,,,,
ZXLK.TO,ZXLK,BMO SPDR Technology Select Sector Index ETF,TSX,ETP,8698327.74,34.599998474121094,-0.22196026442958283,35.36884934702997,36.27129590533014,35.403818017903944,-0.5395052867580574,-0.5509808328366701,38.39999471028916,0.11,1.0,Annual,2025-12-30,0.0031791908916491422,,,,
ZXLU.TO,ZXLU,BMO SPDR Utilities Select Sector Index ETF,TSX,ETP,69165067.9,33.72999954223633,-0.11183467213205556,31.8704789569685,31.90757009967438,31.558865672991473,0.27333806817836503,0.0084083356579207,83.51647027260418,0.35,1.0,Annual,2025-12-30,0.010376519559738917,,,,
ZMSB.TO,ZMSB,BMO Sustainable Global Multi-Sector Bond Fund ETF,TSX,ETP,14282840.0,29.6200008392334,-0.031345828427136624,29.619906123218744,29.612078258256616,29.43519540721922,0.00039940287432216337,0.0005828748763357111,,1.0,4.0,Quarterly,2025-12-30,0.03376097135944177,,,,
ZZZD.TO,ZZZD,BMO Tactical Dividend ETF Fund,TSX,ETP,22050000.0,30.649999618530273,-0.1013513500451868,30.3058300557522,30.011685593403556,29.53150601786119,0.23110185405863248,0.18560395866317553,67.85721178790669,1.2,4.0,Quarterly,2025-12-30,0.03915171337472083,,,,
ZXCO.TO,ZXCO,BMO Target 2027 Canadian Corporate Bond ETF,TSX,ETP,6072010.12,10.100000381469727,-0.012770148383475233,10.092210550565149,10.08460177016007,10.05498795040729,-0.000936245431056193,-0.0009004847963042532,50.0,1.08,3.0,Irregular,2025-12-30,0.10693068903061181,,,,
ZXCP.TO,ZXCP,BMO Target 2028 Canadian Corporate Bond ETF,TSX,ETP,4554010.12,10.100000381469727,0.0,10.07719266142233,10.0643401419131,10.054413420445174,0.010952899620804146,0.008484515525871955,100.0,,,,,,,,,
ZXCQ.TO,ZXCQ,BMO Target 2029 Canadian Corporate Bond ETF,TSX,ETP,6610510.17,10.15999984741211,-0.01853654442763908,10.12318655492168,10.126164886383199,10.085843661690259,0.00028929378718345333,-0.0090649450801092,85.71399377388437,0.30000000000000004,3.0,Irregular,2025-12-30,0.029527559498577566,,,,
ZACE.TO,ZACE,BMO U.S. All Cap Equity Fund,TSX,ETP,62634000.0,54.630001068115234,-0.19906507967137133,55.27520553013393,55.59895615693554,53.853573271709884,-0.3097448098205149,-0.28378813945883274,35.90309998706029,,,,,,,,,
ZST.TO,ZST,BMO Ultra Short-Term Bond ETF,TSX,ETP,4876250330.0,49.11000061035156,-0.012014640472645222,49.11348166998074,49.22824015710106,49.41884840177903,-0.03487876393709399,-0.04973888151091627,42.106002810680586,1.338423,12.0,Monthly,2026-01-29,0.02725357327154834,,,,
ZUS.TO,ZUS,BMO Ultra Short-Term US Bond ETF,TSX,ETP,100402200.0,,,,,,,,,,,,,,,,,
ZUAG.TO,ZUAG,BMO US Aggregate Bond Index ETF,TSX,ETP,1121513994.03,32.0,-0.07723175671865679,31.96207967367775,32.385932850074596,32.80252495885573,-0.16131835022982344,-0.21860501875779959,48.17520890356605,0.8160419999999999,12.0,Monthly,2026-01-29,0.025501312499999998,,,,
ZDY.TO,ZDY,BMO US Dividend ETF,TSX,ETP,732907040.0,53.130001068115234,-0.1544282869407968,52.27141126477522,52.134666251920066,51.23263433106746,0.34602588886064467,0.15866948358470095,68.24032226772746,0.888157,12.0,Monthly,2026-01-29,0.016716675741476828,,,,
ZUD.TO,ZUD,BMO US Dividend Hedged to CAD ETF,TSX,ETP,141251440.0,36.029998779296875,-0.15047553682423587,35.27546297583659,34.677443184153844,33.39372055339502,0.44924637108948673,0.3583074472992966,73.24409424708986,0.556532,12.0,Monthly,2026-01-29,0.015446350786994413,,,,
ZWH.TO,ZWH,BMO US High Dividend Covered Call ETF,TSX,ETP,1155879680.0,25.639999389648438,-0.16034417013699198,25.42304887980226,25.190769792873613,24.662060914397177,0.16405331889209052,0.1354400237559509,58.30116370352587,1.56,12.0,Monthly,2026-01-29,0.06084243514568157,,,,
ZWS.TO,ZWS,BMO US High Dividend Covered Call Hedged to CAD ETF,TSX,ETP,134868072.0,21.829999923706055,-0.14667939082948978,21.56477883566319,21.246833383635618,20.70601969410717,0.22297346973316934,0.19048790256801743,69.99998637607749,1.26,12.0,Monthly,2026-01-29,0.057718735886559326,,,,
ZHP.TO,ZHP,BMO US Preferred Share Hedged to CAD Index ETF,TSX,ETP,22340295.0,17.100000381469727,-0.10434778393328947,16.99924073616818,17.001024227409896,17.21799795185389,0.01828263584728873,0.009362521353218495,47.05890602692157,1.0725200000000001,12.0,Monthly,2026-01-29,0.06272046643707842,,,,
ZUP.TO,ZUP,BMO US Preferred Share Index ETF,TSX,ETP,53526045.0,19.809999465942383,-0.1377757627114734,19.814094297909605,19.94204532574874,20.29413699820527,-0.06286991876586256,-0.06459705458668213,37.23406198067897,1.26733,12.0,Monthly,2026-01-29,0.06397425715123368,,,,
ZPW.TO,ZPW,BMO US Put Write ETF,TSX,ETP,89355960.0,15.140000343322754,-0.11728777834675874,15.414424199511059,15.609325380662368,15.724091699756444,-0.1531855835043192,-0.12923043069506598,29.72025966646703,1.5,12.0,Monthly,2026-01-29,0.0990752949792072,,,,
ZPH.TO,ZPH,BMO US Put Write Hedged to CAD ETF,TSX,ETP,30651750.0,13.850000381469727,-0.12176870646792959,14.084432730127316,14.18795742484463,14.252588353552927,-0.09293552865135801,-0.06810825817852996,22.352993975024958,1.44,12.0,Monthly,2026-01-29,0.10397111626990373,,,,
ZUCM.TO,ZUCM,BMO USD Cash Management ETF,TSX,ETP,109499061.1,30.260000228881836,-0.07215861768323006,30.332123898433505,30.54561629120497,30.821188163423095,-0.12635562020114222,-0.12971964008460155,42.76732803915453,1.253,12.0,Monthly,2026-01-29,0.04140779876148403,,,,
WOMN.TO,WOMN,BMO Women in Leadership Fund,TSX,ETP,8118700.0,42.810001373291016,-0.13368442837090033,42.80718351035649,42.72211231865681,41.69940840059397,0.009526422032912762,0.013847320235751213,,,,,,,,,,
GBT.TO,GBT,BMTC Group Inc.,TSX,Consumer Products & Services,414568700.0,12.609999656677246,-0.1683919681797904,12.883158609823234,12.979150964590824,12.930020029665704,-0.18698383074681146,-0.11781952855846756,39.93506342710412,0.36,2.0,Semi-Annual,2025-12-19,0.02854877159408746,,,,
BMW.TO,BMW,BMW CDR (CAD Hedged),TSX,ETP,2435000.0,26.68000030517578,-0.11835330705794256,26.689926652964534,26.79416477278251,25.76804450266471,-0.13158907061001912,-0.21342960133463648,57.142864487285806,,,,,,,,,
BEI.TO,BEI,Boardwalk Real Estate Investment Trust,TSX,Real Estate,3176321049.45,,,,,,,,,,,,,,,,,
BBD.TO,BBD,Bombardier Inc.,TSX,Industrial Products & Services,20063847113.74,,,,,,,,,,,,,,,,,
BNE.TO,BNE,Bonterra Energy Corp.,TSX,Oil & Gas,132445591.6,5.199999809265137,-0.3265305985911895,4.971913726196003,4.613003525108169,3.991021561103287,0.17639326522281973,0.1831130586640261,57.14284741149054,,,,,,,,0.88,
BLX.TO,BLX,Boralex Inc.,TSX,Clean Technology & Renewable Energy,2893590965.76,,,,,,,,,,,,,,,,,
BPF.TO,BPF,Boston Pizza Royalties Income Fund,TSX,Consumer Products & Services,438338397.8,,,,,,,,,,,,,,,,,
BYD.TO,BYD,Boyd Group Services inc.,TSX,Industrial Products & Services,4809480744.63,,,,,,,,,,,,,,,,,
BRAG.TO,BRAG,Bragg Gaming Group Inc.,TSX,Technology,83393130.06,,,,,,,,,,,,,,,,,
BCT.TO,BCT,BriaCell Therapeutics Corp.,TSX,Life Sciences,28880278.98,,,,,,,,,,,,,,,,,
BRY.TO,BRY,Bri-Chem Corp.,TSX,Industrial Products & Services,6476080.345,,,,,,,,,,,,,,,,,
BRE.TO,BRE,Bridgemarq Real Estate Services Inc.,TSX,Real Estate,132773900.0,,,,,,,,,,,,,,,,,
BGC.TO,BGC,Bristol Gate Concentrated Canadian Equity ETF,TSX,ETP,18140000.0,,,,,,,,,,,,,,,,,
BGU.TO,BGU,Bristol Gate Concentrated US Equity ETF,TSX,ETP,147944000.0,,,,,,,,,,,,,,,,,
KNGC.TO,KNGC,Brompton Canadian Cash Flow Kings ETF,TSX,ETP,6800000.0,,,,,,,,,,,,,,,,,
ESP.TO,ESP,Brompton Energy Split Corp.,TSX,Closed-End Funds,14987032.7,,,,,,,,,,,,,,,,,
BMAX.TO,BMAX,Brompton Enhanced Multi-Asset Income ETF,TSX,ETP,121699800.0,,,,,,,,,,,,,,,,,
EDGF.TO,EDGF,Brompton European Dividend Growth ETF,TSX,ETP,36698105.8,,,,,,,,,,,,,,,,,
BEPR.TO,BEPR,Brompton Flaherty & Crumrine Enhanced Investment Grade Preferred ETF,TSX,ETP,74790465.6,,,,,,,,,,,,,,,,,
BPRF.TO,BPRF,Brompton Flaherty & Crumrine Investment Grade Preferred ETF,TSX,ETP,180744800.0,,,,,,,,,,,,,,,,,
BDIV.TO,BDIV,Brompton Global Dividend Growth ETF,TSX,ETP,106905106.3,,,,,,,,,,,,,,,,,
HIG.TO,HIG,Brompton Global Healthcare Income & Growth ETF,TSX,ETP,58622299.8,,,,,,,,,,,,,,,,,
BGIE.TO,BGIE,Brompton Global Infrastructure ETF,TSX,ETP,37771800.0,,,,,,,,,,,,,,,,,
KNGX.TO,KNGX,Brompton International Cash Flow Kings ETF,TSX,ETP,8585500.0,,,,,,,,,,,,,,,,,
LCS.TO,LCS,Brompton Lifeco Split Corp.,TSX,Closed-End Funds,153685277.88,,,,,,,,,,,,,,,,,
BFIN.TO,BFIN,Brompton North American Financials Dividend ETF,TSX,ETP,68940400.0,,,,,,,,,,,,,,,,,
BLOV.TO,BLOV,Brompton North American Low Volatility Dividend ETF,TSX,ETP,16946400.0,,,,,,,,,,,,,,,,,
SBC.TO,SBC,Brompton Split Banc Corp.,TSX,Closed-End Funds,569688872.2,,,,,,,,,,,,,,,,,
CLSA.TO,CLSA,Brompton Split Corp. Class A Share ETF,TSX,ETP,15814700.0,,,,,,,,,,,,,,,,,
SPLT.TO,SPLT,Brompton Split Corp. Preferred Share ETF,TSX,ETP,602455315.0,,,,,,,,,,,,,,,,,
TLF.TO,TLF,Brompton Tech Leaders Income ETF,TSX,ETP,139293697.63,,,,,,,,,,,,,,,,,
KNGU.TO,KNGU,Brompton U.S. Cash Flow Kings ETF,TSX,ETP,13680000.0,,,,,,,,,,,,,,,,,
BAAA.TO,BAAA,Brompton Wellington Square AAA CLO ETF,TSX,ETP,119850000.0,,,,,,,,,,,,,,,,,
BBBB.TO,BBBB,Brompton Wellington Square Investment Grade CLO ETF,TSX,ETP,15255020.0,,,,,,,,,,,,,,,,,
BAM.TO,BAM,Brookfield Asset Management Ltd.,TSX,Financial Services,124263633446.91,,,,,,,,,,,,,,,,,
BBUC.TO,BBUC,Brookfield Business Corporation,TSX,Industrial Products & Services,3578233246.56,,,,,,,,,,,,,,,,,
BBU.TO,BBU,Brookfield Business Partners L.P.,TSX,Real Estate,4396552411.08,,,,,,,,,,,,,,,,,
BN.TO,BN,Brookfield Corporation,TSX,Financial Services,163888813342.36,,,,,,,,,,,,,,,,,
BGI.TO,BGI,Brookfield Global Infrastructure Securities Income Fund,TSX,Closed-End Funds,104287354.85,,,,,,,,,,,,,,,,,
BIPC.TO,BIPC,Brookfield Infrastructure Corporation,TSX,Industrial Products & Services,7566734922.3,,,,,,,,,,,,,,,,,
BIP.TO,BIP,Brookfield Infrastructure Partners L.P.,TSX,Industrial Products & Services,22656936430.6,,,,,,,,,,,,,,,,,
BPO.TO,BPO,Brookfield Office Properties Inc.,TSX,Real Estate,1883976309.11,,,,,,,,,,,,,,,,,
BPYP.TO,BPYP,Brookfield Property Preferred L.P.,TSX,Real Estate,573947661.6,,,,,,,,,,,,,,,,,
BPS.TO,BPS,Brookfield Property Split Corp.,TSX,Financial Services,34201248.95,,,,,,,,,,,,,,,,,
BEPC.TO,BEPC,Brookfield Renewable Corporation,TSX,Clean Technology & Renewable Energy,8797423879.2,,,,,,,,,,,,,,,,,
BEP.TO,BEP,Brookfield Renewable Partners L.P.,TSX,Clean Technology & Renewable Energy,12702994977.5,,,,,,,,,,,,,,,,,
BRF.TO,BRF,Brookfield Renewable Power Preferred Equity Inc.,TSX,Clean Technology & Renewable Energy,778266482.33,,,,,,,,,,,,,,,,,
BNT.TO,BNT,Brookfield Wealth Solutions Ltd.,TSX,Financial Services,4223314380.73,,,,,,,,,,,,,,,,,
DOO.TO,DOO,BRP Inc.,TSX,Consumer Products & Services,3182244254.26,,,,,,,,,,,,,,,,,
HOM.TO,HOM,BSR Real Estate Investment Trust,TSX,Real Estate,400061544.48,,,,,,,,,,,,,,,,,
BTB.TO,BTB,BTB Real Estate Investment Trust,TSX,Real Estate,385876354.6,,,,,,,,,,,,,,,,,
BU.TO,BU,Burcon NutraScience Corporation,TSX,Clean Technology & Renewable Energy,33623401.4,,,,,,,,,,,,,,,,,
CAE.TO,CAE,CAE Inc.,TSX,Technology,12631878651.92,,,,,,,,,,,,,,,,,
CWL.TO,CWL,Caldwell Partners International Inc. (The),TSX,Industrial Products & Services,20624192.4,,,,,,,,,,,,,,,,,
UDA.TO,UDA,Caldwell U.S. Dividend Advantage Fund,TSX,ETP,1581000.0,,,,,,,,,,,,,,,,,
CFW.TO,CFW,Calfrac Well Services Ltd.,TSX,Industrial Products & Services,262821744.54,,,,,,,,,,,,,,,,,
CGY.TO,CGY,Calian Group Ltd.,TSX,Technology,573183484.0,,,,,,,,,,,,,,,,,
CCO.TO,CCO,Cameco Corporation,TSX,Mining,62411262027.72,,,,,,,,,,,,,,,,,
CF.TO,CF,Canaccord Genuity Group Inc.,TSX,Financial Services,1401220367.68,,,,,,,,,,,,,,,,,
CNE.TO,CNE,Canacol Energy Ltd.,TSX,Oil & Gas,77111170.62,,,,,,,,,,,,,,,,,
GOOS.TO,GOOS,Canada Goose Holdings Inc.,TSX,Consumer Products & Services,899679135.6,,,,,,,,,,,,,,,,,
CPKR.TO,CPKR,Canada Packers Inc.,TSX,Consumer Products & Services,497507689.07,,,,,,,,,,,,,,,,,
CAR.TO,CAR,Canadian Apartment Properties Real Estate Investment Trust,TSX,Real Estate,6028327000.36,,,,,,,,,,,,,,,,,
BK.TO,BK,Canadian Banc Corp.,TSX,Closed-End Funds,1053137110.5,,,,,,,,,,,,,,,,,
CGI.TO,CGI,Canadian General Investments Limited,TSX,Closed-End Funds,939794402.05,,,,,,,,,,,,,,,,,
CM.TO,CM,Canadian Imperial Bank Of Commerce,TSX,Financial Services,108403215078.62,,,,,,,,,,,,,,,,,
NPS.TO,NPS,Canadian Large Cap Leaders Split Corp.,TSX,Closed-End Funds,42353105.75,,,,,,,,,,,,,,,,,
LFE.TO,LFE,Canadian Life Companies Split Corp.,TSX,Closed-End Funds,266318747.62,,,,,,,,,,,,,,,,,
CNR.TO,CNR,Canadian National Railway Company,TSX,Industrial Products & Services,83212002474.0,,,,,,,,,,,,,,,,,
CNQ.TO,CNQ,Canadian Natural Resources Limited,TSX,Oil & Gas,93566612179.39,,,,,,,,,,,,,,,,,
CP.TO,CP,Canadian Pacific Kansas City Limited,TSX,Industrial Products & Services,90886763536.5,,,,,,,,,,,,,,,,,
CTC.TO,CTC,Canadian Tire Corporation Limited,TSX,Consumer Products & Services,8884155995.85,,,,,,,,,,,,,,,,,
CU.TO,CU,Canadian Utilities Limited,TSX,Utilities & Pipelines,9557708753.36,,,,,,,,,,,,,,,,,
CCM.TO,CCM,Canagold Resources Ltd.,TSX,Mining,88254393.045,,,,,,,,,,,,,,,,,
CFP.TO,CFP,Canfor Corporation,TSX,Industrial Products & Services,1425760509.58,,,,,,,,,,,,,,,,,
CFX.TO,CFX,Canfor Pulp Products Inc.,TSX,Industrial Products & Services,25441088.01,,,,,,,,,,,,,,,,,
ICE.TO,ICE,Canlan Ice Sports Corp.,TSX,Real Estate,58682795.6,,,,,,,,,,,,,,,,,
EIT.TO,EIT,Canoe EIT Income Fund,TSX,Closed-End Funds,3101604021.25,,,,,,,,,,,,,,,,,
WEED.TO,WEED,Canopy Growth Corporation,TSX,Life Sciences,575018401.67,,,,,,,,,,,,,,,,,
PBY.TO,PBY,Canso Credit Income Fund,TSX,Closed-End Funds,145165308.26,,,,,,,,,,,,,,,,,
CAPG.TO,CAPG,Capital Group Global Equity Select ETF™ (Canada),TSX,ETP,142642400.0,,,,,,,,,,,,,,,,,
CAPI.TO,CAPI,Capital Group International Equity Select ETF™ (Canada),TSX,ETP,100994400.0,,,,,,,,,,,,,,,,,
CAPM.TO,CAPM,Capital Group Multi-Sector Income Select ETF™ (Canada),TSX,ETP,206312000.0,,,,,,,,,,,,,,,,,
CAPW.TO,CAPW,Capital Group World Bond Select ETF™ (Canada),TSX,ETP,69608000.0,,,,,,,,,,,,,,,,,
CPX.TO,CPX,Capital Power Corporation,TSX,Utilities & Pipelines,11524824850.0,,,,,,,,,,,,,,,,,
BIVC.TO,BIVC,Capstone Biblically Informed Canadian Equity Fund,TSX,ETP,1000000.0,,,,,,,,,,,,,,,,,
BIVU.TO,BIVU,Capstone Biblically Informed U.S. Equity Fund,TSX,ETP,1000000.0,,,,,,,,,,,,,,,,,
CS.TO,CS,Capstone Copper Corp.,TSX,Mining,9557193144.2,,,,,,,,,,,,,,,,,
CSE.TO,CSE,Capstone Infrastructure Corporation,TSX,Clean Technology & Renewable Energy,55500000.0,,,,,,,,,,,,,,,,,
CJ.TO,CJ,Cardinal Energy Ltd.,TSX,Oil & Gas,1393360740.6,,,,,,,,,,,,,,,,,
CRDL.TO,CRDL,Cardiol Therapeutics Inc.,TSX,Life Sciences,152237811.88,,,,,,,,,,,,,,,,,
CRRX.TO,CRRX,CareRx Corporation,TSX,Life Sciences,226100257.07,,,,,,,,,,,,,,,,,
CJT.TO,CJT,Cargojet Inc.,TSX,Industrial Products & Services,1233236719.4,,,,,,,,,,,,,,,,,
CUP.TO,CUP,"Caribbean Utilities Company, Ltd.",TSX,Utilities & Pipelines,553770589.08,,,,,,,,,,,,,,,,,
CAS.TO,CAS,Cascades Inc.,TSX,Clean Technology & Renewable Energy,1124968336.36,,,,,,,,,,,,,,,,,
CVVY.TO,CVVY,Cavvy Energy Ltd.,TSX,Oil & Gas,264460623.7,,,,,,,,,,,,,,,,,
CCL.TO,CCL,CCL Industries Inc.,TSX,Industrial Products & Services,13531047100.26,,,,,,,,,,,,,,,,,
CLS.TO,CLS,Celestica Inc.,TSX,Technology,55547732699.4,,,,,,,,,,,,,,,,,
CEMX.TO,CEMX,CEMATRIX Corporation,TSX,Industrial Products & Services,56325969.0,,,,,,,,,,,,,,,,,
CVE.TO,CVE,Cenovus Energy Inc.,TSX,Oil & Gas,42154280624.1,,,,,,,,,,,,,,,,,
CG.TO,CG,Centerra Gold Inc.,TSX,Mining,3312635297.34,,,,,,,,,,,,,,,,,
CNT.TO,CNT,Century Global Commodities Corporation,TSX,Mining,5319246.825,,,,,,,,,,,,,,,,,
CEU.TO,CEU,CES Energy Solutions Corp.,TSX,Industrial Products & Services,2073248676.36,,,,,,,,,,,,,,,,,
GIB.TO,GIB,CGI Inc.,TSX,Technology,23824890301.46,,,,,,,,,,,,,,,,,
CIA.TO,CIA,Champion Iron Limited,TSX,Mining,2687585045.04,,,,,,,,,,,,,,,,,
CWEB.TO,CWEB,"Charlotte's Web Holdings, Inc.",TSX,Life Sciences,31031608.53,,,,,,,,,,,,,,,,,
CSH.TO,CSH,Chartwell Retirement Residences,TSX,Real Estate,6277906579.62,,,,,,,,,,,,,,,,,
CHE.TO,CHE,Chemtrade Logistics Income Fund,TSX,Industrial Products & Services,1811002889.9,,,,,,,,,,,,,,,,,
CGG.TO,CGG,China Gold International Resources Corp. Ltd.,TSX,Mining,9414826633.75,,,,,,,,,,,,,,,,,
CHP.TO,CHP,Choice Properties Real Estate Investment Trust,TSX,Real Estate,4867880196.48,,,,,,,,,,,,,,,,,
CHR.TO,CHR,Chorus Aviation Inc.,TSX,Industrial Products & Services,637675768.62,,,,,,,,,,,,,,,,,
BXF.TO,BXF,CI 1-5 Year Laddered Government Strip Bond Index ETF,TSX,ETP,41200046.03,,,,,,,,,,,,,,,,,
CMDO.TO,CMDO,CI Alternative Diversified Opportunities Fund,TSX,ETP,193751700.0,,,,,,,,,,,,,,,,,
CRED.TO,CRED,CI Alternative Investment Grade Credit Fund,TSX,ETP,356088000.0,,,,,,,,,,,,,,,,,
CNAO.TO,CNAO,CI Alternative North American Opportunities Fund,TSX,ETP,53279000.0,,,,,,,,,,,,,,,,,
CCOM.TO,CCOM,CI Auspice Broad Commodity Fund,TSX,ETP,178375500.0,,,,,,,,,,,,,,,,,
CBAL.TO,CBAL,CI Balanced Asset Allocation ETF,TSX,ETP,1290000.0,,,,,,,,,,,,,,,,,
CBGR.TO,CBGR,CI Balanced Growth Asset Allocation ETF,TSX,ETP,1347500.0,,,,,,,,,,,,,,,,,
CBIN.TO,CBIN,CI Balanced Income Asset Allocation ETF,TSX,ETP,1204000.0,,,,,,,,,,,,,,,,,
DGRC.TO,DGRC,CI Canada Quality Dividend Growth Index ETF,TSX,ETP,756567888.12,,,,,,,,,,,,,,,,,
CAGG.TO,CAGG,CI Canadian Aggregate Bond Index ETF,TSX,ETP,975916824.78,,,,,,,,,,,,,,,,,
CIC.TO,CIC,CI Canadian Banks Covered Call Income Class ETF,TSX,ETP,337616497.095,,,,,,,,,,,,,,,,,
CXF.TO,CXF,CI Canadian Convertible Bond ETF,TSX,ETP,56512828.65,,,,,,,,,,,,,,,,,
RIT.TO,RIT,CI Canadian REIT ETF,TSX,ETP,414300403.08,,,,,,,,,,,,,,,,,
CAGS.TO,CAGS,CI Canadian Short-Term Aggregate Bond Index ETF,TSX,ETP,16821000.0,,,,,,,,,,,,,,,,,
CCNV.TO,CCNV,CI Conservative Asset Allocation ETF,TSX,ETP,1121500.0,,,,,,,,,,,,,,,,,
CBUG.TO,CBUG,CI Digital Security Index ETF,TSX,ETP,3383000.0,,,,,,,,,,,,,,,,,
CDLB.TO,CDLB,CI DoubleLine Total Return Bond US$ Fund ETF,TSX,ETP,3937007.6,,,,,,,,,,,,,,,,,
CIEM.TO,CIEM,CI Emerging Markets Alpha ETF,TSX,ETP,154172500.0,,,,,,,,,,,,,,,,,
EMV.TO,EMV,CI Emerging Markets Dividend Index ETF,TSX,ETP,67608900.0,,,,,,,,,,,,,,,,,
NXF.TO,NXF,CI Energy Giants Covered Call ETF,TSX,ETP,139594529.5,,,,,,,,,,,,,,,,,
FGO.TO,FGO,CI Enhanced Government Bond ETF,TSX,ETP,561637332.5,,,,,,,,,,,,,,,,,
FSB.TO,FSB,CI Enhanced Short Duration Bond Fund,TSX,ETP,232086019.0,,,,,,,,,,,,,,,,,
CEQT.TO,CEQT,CI Equity Asset Allocation ETF,TSX,ETP,1529000.0,,,,,,,,,,,,,,,,,
EHE.TO,EHE,CI Europe Hedged Equity Index ETF,TSX,ETP,2765500.0,,,,,,,,,,,,,,,,,
CFRT.TO,CFRT,CI Floating Rate Income Fund,TSX,ETP,4655250.0,,,,,,,,,,,,,,,,,
BTCX.TO,BTCX,CI Galaxy Bitcoin ETF,TSX,ETP,1704793016.52,,,,,,,,,,,,,,,,,
CBCX.TO,CBCX,CI Galaxy Blockchain Index ETF,TSX,ETP,8809500.0,,,,,,,,,,,,,,,,,
CCCX.TO,CCCX,CI Galaxy Core Multi-Crypto ETF,TSX,ETP,13011000.0,,,,,,,,,,,,,,,,,
ETHX.TO,ETHX,CI Galaxy Ethereum ETF,TSX,ETP,812894610.0,,,,,,,,,,,,,,,,,
CMCX.TO,CMCX,CI Galaxy Multi-Crypto Navigator ETF,TSX,ETP,7974300.0,,,,,,,,,,,,,,,,,
SOLX.TO,SOLX,CI Galaxy Solana ETF,TSX,ETP,55589500.0,,,,,,,,,,,,,,,,,
CINV.TO,CINV,CI Global Alpha Innovation ETF,TSX,ETP,10647000.0,,,,,,,,,,,,,,,,,
CIAI.TO,CIAI,CI Global Artificial Intelligence Fund,TSX,ETP,1118008000.0,,,,,,,,,,,,,,,,,
CGAA.TO,CGAA,CI Global Asset Allocation Private Pool,TSX,ETP,20171960.64,,,,,,,,,,,,,,,,,
CLML.TO,CLML,CI Global Climate Leaders Fund,TSX,ETP,50404750.0,,,,,,,,,,,,,,,,,
ONEQ.TO,ONEQ,CI Global Core Plus Equity ETF,TSX,ETP,49910000.0,,,,,,,,,,,,,,,,,
CGDI.TO,CGDI,CI Global Dividend Private Pool,TSX,ETP,1010000.0,,,,,,,,,,,,,,,,,
FSF.TO,FSF,CI Global Financial Sector ETF,TSX,ETP,87213864.6,,,,,,,,,,,,,,,,,
CGRB.TO,CGRB,CI Global Green Bond Fund ETF,TSX,ETP,15253000.0,,,,,,,,,,,,,,,,,
CINF.TO,CINF,CI Global Infrastructure Private Pool ETF,TSX,ETP,418796949.99,,,,,,,,,,,,,,,,,
CGIN.TO,CGIN,CI Global Investment Grade ETF,TSX,ETP,308554700.0,,,,,,,,,,,,,,,,,
LONG.TO,LONG,CI Global Longevity Economy Fund,TSX,ETP,4199000.0,,,,,,,,,,,,,,,,,
CGDV.TO,CGDV,CI Global Minimum Downside Volatility Index Fund,TSX,ETP,81707225.13,,,,,,,,,,,,,,,,,
CGQD.TO,CGQD,CI Global Quality Dividend Growth Index ETF,TSX,ETP,31684500.0,,,,,,,,,,,,,,,,,
CGRA.TO,CGRA,CI Global Real Asset Private Pool ETF,TSX,ETP,2357000.0,,,,,,,,,,,,,,,,,
CGRE.TO,CGRE,CI Global REIT Private Pool ETF,TSX,ETP,39750000.0,,,,,,,,,,,,,,,,,
CGRN.TO,CGRN,CI Global Sustainable Infrastructure Fund ETF,TSX,ETP,3235750.0,,,,,,,,,,,,,,,,,
CUBD.TO,CUBD,CI Global Unconstrained Bond Fund,TSX,ETP,78600000.0,,,,,,,,,,,,,,,,,
VALT.TO,VALT,CI Gold Bullion Fund,TSX,ETP,452425900.0,,,,,,,,,,,,,,,,,
CGXF.TO,CGXF,CI Gold+ Giants Covered Call ETF,TSX,ETP,175433565.45,,,,,,,,,,,,,,,,,
CGRO.TO,CGRO,CI Growth Asset Allocation ETF,TSX,ETP,1413500.0,,,,,,,,,,,,,,,,,
FHI.TO,FHI,CI Health Care Giants Covered Call ETF,TSX,ETP,109110000.0,,,,,,,,,,,,,,,,,
CSAV.TO,CSAV,CI High Interest Savings ETF,TSX,ETP,5437174000.0,,,,,,,,,,,,,,,,,
CGHY.TO,CGHY,CI High Yield Bond Private Pool,TSX,ETP,13572823.17,,,,,,,,,,,,,,,,,
CHNA.TO,CHNA,CI ICBCUBS S&P China 500 Index ETF,TSX,ETP,102515000.0,,,,,,,,,,,,,,,,,
IQD.TO,IQD,CI International Quality Dividend Growth Index ETF,TSX,ETP,382936213.06,,,,,,,,,,,,,,,,,
FIG.TO,FIG,CI Investment Grade Bond ETF,TSX,ETP,158592342.32,,,,,,,,,,,,,,,,,
JAPN.TO,JAPN,CI Japan Equity Index ETF,TSX,ETP,740905900.0,,,,,,,,,,,,,,,,,
CMAR.TO,CMAR,CI Marret Alternative Absolute Return Bond Fund,TSX,ETP,28398000.0,,,,,,,,,,,,,,,,,
CMEY.TO,CMEY,CI Marret Alternative Enhanced Yield Fund ETF,TSX,ETP,5945000.0,,,,,,,,,,,,,,,,,
CMNY.TO,CMNY,CI Money Market ETF,TSX,ETP,70056000.0,,,,,,,,,,,,,,,,,
WXM.TO,WXM,CI Morningstar Canada Momentum Index ETF,TSX,ETP,817629706.8,,,,,,,,,,,,,,,,,
FXM.TO,FXM,CI Morningstar Canada Value Index ETF,TSX,ETP,431905163.2,,,,,,,,,,,,,,,,,
ZXM.TO,ZXM,CI Morningstar International Momentum Index ETF,TSX,ETP,71716925.97,,,,,,,,,,,,,,,,,
VXM.TO,VXM,CI Morningstar International Value Index ETF,TSX,ETP,725946143.585,,,,,,,,,,,,,,,,,
QXM.TO,QXM,CI Morningstar National Bank Québec Index ETF,TSX,ETP,79033532.14,,,,,,,,,,,,,,,,,
CMAG.TO,CMAG,CI Munro Alternative Global Growth Fund,TSX,ETP,425370000.0,,,,,,,,,,,,,,,,,
CMGG.TO,CMGG,CI Munro Global Growth Equity Fund,TSX,ETP,289623300.0,,,,,,,,,,,,,,,,,
ONEB.TO,ONEB,CI North American Core Plus Bond ETF,TSX,ETP,82236000.0,,,,,,,,,,,,,,,,,
FPR.TO,FPR,CI Preferred Share ETF,TSX,ETP,55565680.5,,,,,,,,,,,,,,,,,
CTMA.TO,CTMA,CI Target 2028 Investment Grade Bond Fund,TSX,ETP,1000000.0,,,,,,,,,,,,,,,,,
CTMB.TO,CTMB,CI Target 2029 Investment Grade Bond Fund,TSX,ETP,1000000.0,,,,,,,,,,,,,,,,,
CTMC.TO,CTMC,CI Target 2030 Investment Grade Bond Fund,TSX,ETP,1000000.0,,,,,,,,,,,,,,,,,
TXF.TO,TXF,CI Tech Giants Covered Call ETF,TSX,ETP,828292157.31,,,,,,,,,,,,,,,,,
FLI.TO,FLI,CI U.S. & Canada Lifeco Covered Call ETF,TSX,ETP,80451298.1,,,,,,,,,,,,,,,,,
CCBD.TO,CCBD,CI U.S. Aggregate Bond Covered Call ETF,TSX,ETP,942500.0,,,,,,,,,,,,,,,,,
CMOM.TO,CMOM,CI U.S. Enhanced Momentum Index ETF,TSX,ETP,26439092.94,,,,,,,,,,,,,,,,,
CVLU.TO,CVLU,CI U.S. Enhanced Value Index Fund,TSX,ETP,143785108.08,,,,,,,,,,,,,,,,,
UMI.TO,UMI,CI U.S. MidCap Dividend Index ETF,TSX,ETP,12300030.6,,,,,,,,,,,,,,,,,
CUDV.TO,CUDV,CI U.S. Minimum Downside Volatility Index ETF,TSX,ETP,7800000.0,,,,,,,,,,,,,,,,,
UMNY.TO,UMNY,CI U.S. Money Market ETF,TSX,ETP,14005600.0,,,,,,,,,,,,,,,,,
CUIG.TO,CUIG,CI U.S. Monthly Income Private Pool,TSX,ETP,2038500.0,,,,,,,,,,,,,,,,,
DGR.TO,DGR,CI U.S. Quality Dividend Growth Index ETF,TSX,ETP,660554927.89,,,,,,,,,,,,,,,,,
CSMD.TO,CSMD,CI U.S. Small/Mid Cap Equity Private Pool,TSX,ETP,1000000.0,,,,,,,,,,,,,,,,,
CUTL.TO,CUTL,CI Utilities Giants Covered Call ETF,TSX,ETP,30093000.0,,,,,,,,,,,,,,,,,
CACB.TO,CACB,CIBC Active Investment Grade Corporate Bond ETF,TSX,ETP,2014677000.0,,,,,,,,,,,,,,,,,
CAFR.TO,CAFR,CIBC Active Investment Grade Floating Rate Bond ETF,TSX,ETP,514374000.0,,,,,,,,,,,,,,,,,
CEQY.TO,CEQY,CIBC All-Equity ETF Portfolio,TSX,ETP,1288800.0,,,,,,,,,,,,,,,,,
CCCB.TO,CCCB,CIBC Canadian Banks Covered Call ETF,TSX,ETP,2410100.0,,,,,,,,,,,,,,,,,
CCBI.TO,CCBI,CIBC Canadian Bond Index ETF,TSX,ETP,100575750.0,,,,,,,,,,,,,,,,,
CCEI.TO,CCEI,CIBC Canadian Equity Index ETF,TSX,ETP,544759230.0,,,,,,,,,,,,,,,,,
CALB.TO,CALB,CIBC Canadian Government Long-Term Bond ETF,TSX,ETP,1976000.0,,,,,,,,,,,,,,,,,
CCDC.TO,CCDC,CIBC Canadian High Dividend Covered Call ETF,TSX,ETP,7224000.0,,,,,,,,,,,,,,,,,
CSBI.TO,CSBI,CIBC Canadian Short-Term Bond Index ETF,TSX,ETP,27105000.0,,,,,,,,,,,,,,,,,
CCNS.TO,CCNS,CIBC Conservative Fixed Income Pool,TSX,ETP,4602500.0,,,,,,,,,,,,,,,,,
CCRE.TO,CCRE,CIBC Core Fixed Income Pool,TSX,ETP,91008100.0,,,,,,,,,,,,,,,,,
CPLS.TO,CPLS,CIBC Core Plus Fixed Income Pool,TSX,ETP,34390000.0,,,,,,,,,,,,,,,,,
CEMI.TO,CEMI,CIBC Emerging Markets Equity Index ETF,TSX,ETP,124262260.0,,,,,,,,,,,,,,,,,
CFLX.TO,CFLX,CIBC Flexible Yield ETF (CAD-Hedged),TSX,ETP,38233200.0,,,,,,,,,,,,,,,,,
CGBI.TO,CGBI,CIBC Global Bond ex-Canada Index ETF (CAD-Hedged),TSX,ETP,585448325.0,,,,,,,,,,,,,,,,,
CGLO.TO,CGLO,CIBC Global Growth ETF,TSX,ETP,108099450.0,,,,,,,,,,,,,,,,,
CINT.TO,CINT,CIBC International Equity ETF,TSX,ETP,75073800.0,,,,,,,,,,,,,,,,,
CIEI.TO,CIEI,CIBC International Equity Index ETF,TSX,ETP,89781250.0,,,,,,,,,,,,,,,,,
CIEH.TO,CIEH,CIBC International Equity Index ETF (CAD-Hedged),TSX,ETP,3312000.0,,,,,,,,,,,,,,,,,
CCAD.TO,CCAD,CIBC Premium Cash Management ETF,TSX,ETP,222767000.0,,,,,,,,,,,,,,,,,
CUEI.TO,CUEI,CIBC U.S. Equity Index ETF,TSX,ETP,1027916880.0,,,,,,,,,,,,,,,,,
CUEH.TO,CUEH,CIBC U.S. Equity Index ETF (CAD-Hedged),TSX,ETP,3940500.0,,,,,,,,,,,,,,,,,
CUDC.TO,CUDC,CIBC U.S. High Dividend Covered Call ETF,TSX,ETP,12412000.0,,,,,,,,,,,,,,,,,
CUSD.TO,CUSD,CIBC USD Premium Cash Management ETF,TSX,ETP,32656000.0,,,,,,,,,,,,,,,,,
CGX.TO,CGX,Cineplex Inc.,TSX,Comm. & Media,1104637566.08,,,,,,,,,,,,,,,,,
CPH.TO,CPH,Cipher Pharmaceuticals Inc.,TSX,Life Sciences,375470716.4,,,,,,,,,,,,,,,,,
CSCO.TO,CSCO,Cisco CDR (CAD Hedged),TSX,ETP,42768000.0,,,,,,,,,,,,,,,,,
CTF.TO,CTF,Citadel Income Fund,TSX,Closed-End Funds,8697810.0,,,,,,,,,,,,,,,,,
CVG.TO,CVG,Clairvest Group Inc.,TSX,Financial Services,989267282.0,,,,,,,,,,,,,,,,,
CKI.TO,CKI,Clarke Inc.,TSX,Industrial Products & Services,341271425.0,,,,,,,,,,,,,,,,,
COLA.TO,COLA,Coca-Cola CDR (CAD Hedged),TSX,ETP,26818000.0,,,,,,,,,,,,,,,,,
CCA.TO,CCA,Cogeco Communications Inc.,TSX,Comm. & Media,1933530792.86,,,,,,,,,,,,,,,,,
CGO.TO,CGO,Cogeco Inc.,TSX,Comm. & Media,471418150.06,,,,,,,,,,,,,,,,,
COIN.TO,COIN,Coinbase CDR (CAD Hedged),TSX,ETP,26600000.0,,,,,,,,,,,,,,,,,
GCL.TO,GCL,Colabor Group Inc.,TSX,Consumer Products & Services,26014563.735,,,,,,,,,,,,,,,,,
CNL.TO,CNL,Collective Mining Ltd.,TSX,Mining,1475947984.0,,,,,,,,,,,,,,,,,
CIGI.TO,CIGI,Colliers International Group Inc.,TSX,Real Estate,11101496541.25,,,,,,,,,,,,,,,,,
YCM.TO,YCM,Commerce Split Corp.,TSX,Closed-End Funds,14379975.64,,,,,,,,,,,,,,,,,
CMG.TO,CMG,Computer Modelling Group Ltd.,TSX,Technology,440109810.56,,,,,,,,,,,,,,,,,
CDR.TO,CDR,Condor Energies Inc.,TSX,Oil & Gas,112410841.95,,,,,,,,,,,,,,,,,
CFF.TO,CFF,Conifex Timber Inc.,TSX,Industrial Products & Services,9376573.3,,,,,,,,,,,,,,,,,
CEGS.TO,CEGS,Constellation Energy CDR (CAD Hedged),TSX,ETP,2650000.0,,,,,,,,,,,,,,,,,
CSU.TO,CSU,Constellation Software Inc.,TSX,Technology,78809164978.4,,,,,,,,,,,,,,,,,
CCS.TO,CCS,Co-operators General Insurance Company,TSX,Financial Services,93080000.0,,,,,,,,,,,,,,,,,
COPR.TO,COPR,Coppernico Metals Inc.,TSX,Mining,49645357.44,,,,,,,,,,,,,,,,,
CSW.TO,CSW,Corby Spirit and Wine Limited,TSX,Consumer Products & Services,389879633.2,,,,,,,,,,,,,,,,,
RAAA.TO,RAAA,Corton Enhanced Income Fund,TSX,ETP,28011600.0,,,,,,,,,,,,,,,,,
CJR.TO,CJR,Corus Entertainment Inc.,TSX,Comm. & Media,18627140.58,,,,,,,,,,,,,,,,,
CSCI.TO,CSCI,COSCIENS Biopharma Inc.,TSX,Life Sciences,11325960.89,,,,,,,,,,,,,,,,,
COST.TO,COST,Costco CDR (CAD Hedged),TSX,ETP,475640000.0,,,,,,,,,,,,,,,,,
CVO.TO,CVO,Coveo Solutions Inc.,TSX,Technology,334764000.0,,,,,,,,,,,,,,,,,
CTX.TO,CTX,Crescita Therapeutics Inc.,TSX,Life Sciences,8469341.79,,,,,,,,,,,,,,,,,
CRR.TO,CRR,Crombie Real Estate Investment Trust,TSX,Real Estate,1640078878.83,,,,,,,,,,,,,,,,,
CRON.TO,CRON,Cronos Group Inc.,TSX,Life Sciences,1351613232.51,,,,,,,,,,,,,,,,,
CRWN.TO,CRWN,Crown Capital Partners Inc.,TSX,Financial Services,8586699.2,,,,,,,,,,,,,,,,,
CRT.TO,CRT,CT Real Estate Investment Trust,TSX,Real Estate,1790418588.35,,,,,,,,,,,,,,,,,
CIU.TO,CIU,CU Inc.,TSX,Utilities & Pipelines,150650000.0,,,,,,,,,,,,,,,,,
CURA.TO,CURA,"Curaleaf Holdings, Inc.",TSX,Life Sciences,2656201934.7,,,,,,,,,,,,,,,,,
CXI.TO,CXI,Currency Exchange International Corp.,TSX,Financial Services,148897473.5,,,,,,,,,,,,,,,,,
CYB.TO,CYB,Cymbria Corporation,TSX,Closed-End Funds,1318346734.04,,,,,,,,,,,,,,,,,
DTOL.TO,DTOL,D2L Inc.,TSX,Technology,477019838.22,,,,,,,,,,,,,,,,,
DCM.TO,DCM,Data Communications Management Corp.,TSX,Industrial Products & Services,74875941.04,,,,,,,,,,,,,,,,,
DAY.TO,DAY,"Dayforce, Inc.",TSX,Technology,15095214471.5,,,,,,,,,,,,,,,,,
DBO.TO,DBO,D-Box Technologies Inc.,TSX,Technology,95679116.39,,,,,,,,,,,,,,,,,
DFY.TO,DFY,Definity Financial Corporation,TSX,Financial Services,7935430819.5,,,,,,,,,,,,,,,,,
DML.TO,DML,Denison Mines Corp.,TSX,Mining,4010423838.27,,,,,,,,,,,,,,,,,
DNTL.TO,DNTL,dentalcorp Holdings Ltd.,TSX,Life Sciences,2084332335.0,,,,,,,,,,,,,,,,,
DSG.TO,DSG,Descartes Systems Group Inc. (The),TSX,Technology,10644832366.92,,,,,,,,,,,,,,,,,
DCC.TO,DCC,Desjardins 1-5 year Laddered Canadian Corporate Bond Index ETF,TSX,ETP,8194000.0,,,,,,,,,,,,,,,,,
DCG.TO,DCG,Desjardins 1-5 year Laddered Canadian Government Bond Index ETF,TSX,ETP,109510000.0,,,,,,,,,,,,,,,,,
DAMG.TO,DAMG,Desjardins Absolute Return Global Equity Markets ETF,TSX,ETP,46200750.0,,,,,,,,,,,,,,,,,
DMEU.TO,DMEU,Desjardins American Equity Index ETF,TSX,ETP,2335364500.0,,,,,,,,,,,,,,,,,
DMID.TO,DMID,Desjardins American Mid Cap Equity Index ETF,TSX,ETP,366207750.0,,,,,,,,,,,,,,,,,
DCBC.TO,DCBC,Desjardins Canadian Corporate Bond Index ETF,TSX,ETP,707190000.0,,,,,,,,,,,,,,,,,
DMEC.TO,DMEC,Desjardins Canadian Equity Index ETF,TSX,ETP,1242297000.0,,,,,,,,,,,,,,,,,
DCP.TO,DCP,Desjardins Canadian Preferred Share Index ETF,TSX,ETP,39237500.0,,,,,,,,,,,,,,,,,
DCS.TO,DCS,Desjardins Canadian Short Term Bond Index ETF,TSX,ETP,40383000.0,,,,,,,,,,,,,,,,,
DCU.TO,DCU,Desjardins Canadian Universe Bond Index ETF,TSX,ETP,1488473000.0,,,,,,,,,,,,,,,,,
DMEE.TO,DMEE,Desjardins Emerging Markets Equity Index ETF,TSX,ETP,504847500.0,,,,,,,,,,,,,,,,,
DGLM.TO,DGLM,Desjardins Global Macro ETF,TSX,ETP,82355750.0,,,,,,,,,,,,,,,,,
DMEI.TO,DMEI,Desjardins International Equity Index ETF,TSX,ETP,1291395000.0,,,,,,,,,,,,,,,,,
DANC.TO,DANC,Desjardins Market Neutral ETF,TSX,ETP,219749250.0,,,,,,,,,,,,,,,,,
DMQC.TO,DMQC,Desjardins Quebec Equity ETF,TSX,ETP,29282500.0,,,,,,,,,,,,,,,,,
DRCU.TO,DRCU,Desjardins RI Active Canadian Bond - Net-Zero Emissions Pathway ETF,TSX,ETP,59055000.0,,,,,,,,,,,,,,,,,
DRMC.TO,DRMC,Desjardins RI Canada - Net-Zero Emissions Pathway ETF,TSX,ETP,57217000.0,,,,,,,,,,,,,,,,,
DRFC.TO,DRFC,Desjardins RI Canada Multifactor - Net-Zero Emissions Pathway ETF,TSX,ETP,244822500.0,,,,,,,,,,,,,,,,,
DRMD.TO,DRMD,Desjardins RI Developed ex-USA ex-Canada - Net-Zero Emissions Pathway ETF,TSX,ETP,30238500.0,,,,,,,,,,,,,,,,,
DRFD.TO,DRFD,Desjardins RI Developed ex-USA ex-Canada Multifactor - Net-Zero Emissions Pathway ETF,TSX,ETP,271991500.0,,,,,,,,,,,,,,,,,
DRME.TO,DRME,Desjardins RI Emerging Markets - Net-Zero Emissions Pathway ETF,TSX,ETP,65977500.0,,,,,,,,,,,,,,,,,
DRFE.TO,DRFE,Desjardins RI Emerging Markets Multifactor - Net-Zero Emissions Pathway ETF,TSX,ETP,205579500.0,,,,,,,,,,,,,,,,,
DRFG.TO,DRFG,Desjardins RI Global Multifactor - Fossil Fuel Reserves Free ETF,TSX,ETP,20482000.0,,,,,,,,,,,,,,,,,
DRMU.TO,DRMU,Desjardins RI USA - Net-Zero Emissions Pathway ETF,TSX,ETP,258977250.0,,,,,,,,,,,,,,,,,
DRFU.TO,DRFU,Desjardins RI USA Multifactor - Net-Zero Emissions Pathway ETF,TSX,ETP,209293000.0,,,,,,,,,,,,,,,,,
DSAE.TO,DSAE,Desjardins Sustainable American Equity ETF,TSX,ETP,1439500.0,,,,,,,,,,,,,,,,,
DXT.TO,DXT,Dexterra Group Inc.,TSX,Industrial Products & Services,661997094.08,,,,,,,,,,,,,,,,,
DRT.TO,DRT,DIRTT Environmental Solutions Ltd.,TSX,Clean Technology & Renewable Energy,220300307.85,,,,,,,,,,,,,,,,,
DSV.TO,DSV,Discovery Silver Corp.,TSX,Mining,4701392590.5,,,,,,,,,,,,,,,,,
DIV.TO,DIV,Diversified Royalty Corp.,TSX,Industrial Products & Services,641257406.4,,,,,,,,,,,,,,,,,
DFN.TO,DFN,Dividend 15 Split Corp.,TSX,Closed-End Funds,2524143920.84,,,,,,,,,,,,,,,,,
DF.TO,DF,Dividend 15 Split Corp. II,TSX,Closed-End Funds,430353161.98,,,,,,,,,,,,,,,,,
DGS.TO,DGS,Dividend Growth Split Corp.,TSX,Closed-End Funds,954704464.7,,,,,,,,,,,,,,,,,
DS.TO,DS,Dividend Select 15 Corp.,TSX,Closed-End Funds,47778587.4,,,,,,,,,,,,,,,,,
DCBO.TO,DCBO,Docebo Inc.,TSX,Technology,1010030469.6,,,,,,,,,,,,,,,,,
DOL.TO,DOL,Dollarama Inc.,TSX,Consumer Products & Services,50019024640.35,,,,,,,,,,,,,,,,,
DBM.TO,DBM,Doman Building Materials Group Ltd.,TSX,Industrial Products & Services,778155181.44,,,,,,,,,,,,,,,,,
DLCG.TO,DLCG,Dominion Lending Centres Inc.,TSX,Financial Services,855105801.0,,,,,,,,,,,,,,,,,
DII.TO,DII,Dorel Industries Inc.,TSX,Consumer Products & Services,61696009.3,,,,,,,,,,,,,,,,,
DPM.TO,DPM,DPM Metals Inc.,TSX,Mining,6656424060.0,,,,,,,,,,,,,,,,,
MPCT.TO,MPCT,Dream Impact Trust,TSX,Real Estate,96426303.5,,,,,,,,,,,,,,,,,
DIR.TO,DIR,Dream Industrial Real Estate Investment Trust,TSX,Real Estate,3454250064.33,,,,,,,,,,,,,,,,,
D.TO,D,Dream Office Real Estate Investment Trust,TSX,Real Estate,300350102.55,,,,,,,,,,,,,,,,,
DRR.TO,DRR,Dream Residential Real Estate Investment Trust,TSX,Real Estate,168846504.4,,,,,,,,,,,,,,,,,
DRM.TO,DRM,DREAM Unlimited Corp.,TSX,Real Estate,755406713.49,,,,,,,,,,,,,,,,,
DHT.TO,DHT,DRI Healthcare Trust,TSX,Life Sciences,881841336.48,,,,,,,,,,,,,,,,,
DC.TO,DC,Dundee Corporation,TSX,Financial Services,292742029.27,,,,,,,,,,,,,,,,,
DND.TO,DND,Dye & Durham Limited,TSX,Technology,345932483.4,,,,,,,,,,,,,,,,,
DYA.TO,DYA,dynaCERT Inc.,TSX,Clean Technology & Renewable Energy,68618702.07,,,,,,,,,,,,,,,,,
DNG.TO,DNG,Dynacor Group Inc.,TSX,Mining,190070604.88,,,,,,,,,,,,,,,,,
DXBB.TO,DXBB,Dynamic Active Bond ETF,TSX,ETP,57873750.0,,,,,,,,,,,,,,,,,
DXBC.TO,DXBC,Dynamic Active Canadian Bond ETF,TSX,ETP,90487000.0,,,,,,,,,,,,,,,,,
DXC.TO,DXC,Dynamic Active Canadian Dividend ETF,TSX,ETP,333327500.0,,,,,,,,,,,,,,,,,
DXCB.TO,DXCB,Dynamic Active Corporate Bond ETF,TSX,ETP,49608000.0,,,,,,,,,,,,,,,,,
DXO.TO,DXO,Dynamic Active Crossover Bond ETF,TSX,ETP,88965000.0,,,,,,,,,,,,,,,,,
DXDB.TO,DXDB,Dynamic Active Discount Bond ETF,TSX,ETP,666162000.0,,,,,,,,,,,,,,,,,
DXEM.TO,DXEM,Dynamic Active Emerging Markets ETF,TSX,ETP,8848000.0,,,,,,,,,,,,,,,,,
DXQ.TO,DXQ,Dynamic Active Enhanced Yield Covered Options ETF,TSX,ETP,492955750.0,,,,,,,,,,,,,,,,,
DXG.TO,DXG,Dynamic Active Global Dividend ETF,TSX,ETP,867612500.0,,,,,,,,,,,,,,,,,
DXGE.TO,DXGE,Dynamic Active Global Equity Income ETF,TSX,ETP,87392500.0,,,,,,,,,,,,,,,,,
DXF.TO,DXF,Dynamic Active Global Financial Services ETF,TSX,ETP,16649750.0,,,,,,,,,,,,,,,,,
DXAU.TO,DXAU,Dynamic Active Global Gold ETF,TSX,ETP,88520000.0,,,,,,,,,,,,,,,,,
DXN.TO,DXN,Dynamic Active Global Infrastructure ETF,TSX,ETP,29775000.0,,,,,,,,,,,,,,,,,
DXID.TO,DXID,Dynamic Active Innovation and Disruption ETF,TSX,ETP,96293400.0,,,,,,,,,,,,,,,,,
DXW.TO,DXW,Dynamic Active International Dividend ETF,TSX,ETP,47674500.0,,,,,,,,,,,,,,,,,
DXIF.TO,DXIF,Dynamic Active International ETF,TSX,ETP,9870250.0,,,,,,,,,,,,,,,,,
DXMO.TO,DXMO,Dynamic Active Mining Opportunities ETF,TSX,ETP,55610750.0,,,,,,,,,,,,,,,,,
DXP.TO,DXP,Dynamic Active Preferred Shares ETF,TSX,ETP,580594000.0,,,,,,,,,,,,,,,,,
DXRE.TO,DXRE,Dynamic Active Real Estate ETF,TSX,ETP,35152000.0,,,,,,,,,,,,,,,,,
DXB.TO,DXB,Dynamic Active Tactical Bond ETF,TSX,ETP,99426000.0,,,,,,,,,,,,,,,,,
DXDU.TO,DXDU,Dynamic Active U.S. Discount Bond ETF,TSX,ETP,41707500.0,,,,,,,,,,,,,,,,,
DXU.TO,DXU,Dynamic Active U.S. Dividend ETF,TSX,ETP,89226000.0,,,,,,,,,,,,,,,,,
DXUS.TO,DXUS,Dynamic Active U.S. Equity ETF,TSX,ETP,282749250.0,,,,,,,,,,,,,,,,,
DXBU.TO,DXBU,Dynamic Active U.S. Investment Grade Corporate Bond ETF,TSX,ETP,53630500.0,,,,,,,,,,,,,,,,,
DXZ.TO,DXZ,Dynamic Active U.S. Mid-Cap ETF,TSX,ETP,31306750.0,,,,,,,,,,,,,,,,,
DXV.TO,DXV,Dynamic Active Ultra Short Term Bond ETF,TSX,ETP,284749500.0,,,,,,,,,,,,,,,,,
DXCO.TO,DXCO,Dynamic Credit Opportunities Fund,TSX,ETP,7691250.0,,,,,,,,,,,,,,,,,
DXBG.TO,DXBG,Dynamic Global Fixed Income Fund,TSX,ETP,1002000.0,,,,,,,,,,,,,,,,,
DXR.TO,DXR,Dynamic Retirement Income Fund,TSX,ETP,11409500.0,,,,,,,,,,,,,,,,,
DXCP.TO,DXCP,Dynamic Short Term Credit PLUS Fund,TSX,ETP,75269562.5,,,,,,,,,,,,,,,,,
ENS.TO,ENS,E Split Corp.,TSX,Closed-End Funds,581843935.96,,,,,,,,,,,,,,,,,
EAGR.TO,EAGR,East Side Games Group Inc.,TSX,Technology,30100504.2,,,,,,,,,,,,,,,,,
ELR.TO,ELR,Eastern Platinum Limited,TSX,Mining,54888685.02,,,,,,,,,,,,,,,,,
ECN.TO,ECN,ECN Capital Corp.,TSX,Financial Services,1104374676.03,,,,,,,,,,,,,,,,,
EVT.TO,EVT,Economic Investment Trust Limited,TSX,Closed-End Funds,1138014200.3,,,,,,,,,,,,,,,,,
ECOR.TO,ECOR,Ecora Resources plc,TSX,Mining,440791288.02,,,,,,,,,,,,,,,,,
ECO.TO,ECO,EcoSynthetix Inc.,TSX,Clean Technology & Renewable Energy,256103871.85,,,,,,,,,,,,,,,,,
ELF.TO,ELF,E-L Financial Corporation Limited,TSX,Financial Services,5910492656.0,,,,,,,,,,,,,,,,,
ELD.TO,ELD,Eldorado Gold Corporation,TSX,Mining,7235824889.8,,,,,,,,,,,,,,,,,
ELVA.TO,ELVA,Electrovaya Inc.,TSX,Clean Technology & Renewable Energy,381927904.4,,,,,,,,,,,,,,,,,
EFN.TO,EFN,Element Fleet Management Corp.,TSX,Industrial Products & Services,15159485083.86,,,,,,,,,,,,,,,,,
ELO.TO,ELO,Eloro Resources Ltd.,TSX,Mining,144266182.65,,,,,,,,,,,,,,,,,
BABY.TO,BABY,Else Nutrition Holdings Inc.,TSX,Life Sciences,5611714.26,,,,,,,,,,,,,,,,,
EMA.TO,EMA,Emera Incorporated,TSX,Utilities & Pipelines,21420771656.08,,,,,,,,,,,,,,,,,
EMP.TO,EMP,Empire Company Limited,TSX,Consumer Products & Services,6290145271.9,,,,,,,,,,,,,,,,,
ENB.TO,ENB,Enbridge Inc.,TSX,Utilities & Pipelines,148990273270.99,,,,,,,,,,,,,,,,,
EDV.TO,EDV,Endeavour Mining plc,TSX,Mining,13568913587.28,,,,,,,,,,,,,,,,,
EDR.TO,EDR,Endeavour Silver Corp.,TSX,Mining,3387846101.76,,,,,,,,,,,,,,,,,
EFX.TO,EFX,Enerflex Ltd.,TSX,Industrial Products & Services,2153956209.35,,,,,,,,,,,,,,,,,
EFR.TO,EFR,Energy Fuels Inc.,TSX,Mining,6401523168.0,,,,,,,,,,,,,,,,,
ENI.TO,ENI,Energy Income Fund,TSX,Closed-End Funds,5346107.9,,,,,,,,,,,,,,,,,
ENGH.TO,ENGH,Enghouse Systems Limited,TSX,Technology,1142335878.43,,,,,,,,,,,,,,,,,
ESI.TO,ESI,Ensign Energy Services Inc.,TSX,Industrial Products & Services,474747567.6,,,,,,,,,,,,,,,,,
E.TO,E,"Enterprise Group, Inc.",TSX,Industrial Products & Services,101475137.47,,,,,,,,,,,,,,,,,
EGLX.TO,EGLX,Enthusiast Gaming Holdings Inc.,TSX,Technology,11141830.21,,,,,,,,,,,,,,,,,
ETG.TO,ETG,Entree Resources Ltd.,TSX,Mining,517673330.64,,,,,,,,,,,,,,,,,
EQB.TO,EQB,EQB Inc.,TSX,Financial Services,3401097101.69,,,,,,,,,,,,,,,,,
EQX.TO,EQX,Equinox Gold Corp.,TSX,Mining,12074308282.82,,,,,,,,,,,,,,,,,
ERD.TO,ERD,Erdene Resource Development Corporation,TSX,Mining,502219465.02,,,,,,,,,,,,,,,,,
ERO.TO,ERO,Ero Copper Corp.,TSX,Mining,3103037107.55,,,,,,,,,,,,,,,,,
EPRX.TO,EPRX,Eupraxia Pharmaceuticals Inc.,TSX,Life Sciences,404786648.0,,,,,,,,,,,,,,,,,
ESM.TO,ESM,Euro Sun Mining Inc.,TSX,Mining,74445643.668,,,,,,,,,,,,,,,,,
ERE.TO,ERE,European Residential Real Estate Investment Trust,TSX,Real Estate,99747038.52,,,,,,,,,,,,,,,,,
ET.TO,ET,Evertz Technologies Limited,TSX,Technology,967540784.0,,,,,,,,,,,,,,,,,
DIVS.TO,DIVS,Evolve Active Canadian Preferred Share Fund,TSX,ETP,34282873.2,,,,,,,,,,,,,,,,,
EARN.TO,EARN,Evolve Active Global Fixed Income Fund,TSX,ETP,36282461.65,,,,,,,,,,,,,,,,,
ARTI.TO,ARTI,Evolve Artificial Intelligence Fund,TSX,ETP,24144000.0,,,,,,,,,,,,,,,,,
CARS.TO,CARS,Evolve Automobile Innovation Index Fund,TSX,ETP,21832250.0,,,,,,,,,,,,,,,,,
EBIT.TO,EBIT,Evolve Bitcoin ETF,TSX,ETP,298246905.0,,,,,,,,,,,,,,,,,
AGG.TO,AGG,Evolve Canadian Aggregate Bond Enhanced Yield Fund,TSX,ETP,45790000.0,,,,,,,,,,,,,,,,,
BANK.TO,BANK,Evolve Canadian Banks and Lifecos Enhanced Yield Index Fund,TSX,ETP,709311000.0,,,,,,,,,,,,,,,,,
OILY.TO,OILY,Evolve Canadian Energy Enhanced Yield Index Fund,TSX,ETP,9220000.0,,,,,,,,,,,,,,,,,
CANY.TO,CANY,Evolve Canadian Equity UltraYield ETF,TSX,ETP,29893200.0,,,,,,,,,,,,,,,,,
UTES.TO,UTES,Evolve Canadian Utilities Enhanced Yield Index Fund,TSX,ETP,205683000.0,,,,,,,,,,,,,,,,,
DATA.TO,DATA,Evolve Cloud Computing Index Fund,TSX,ETP,16117750.0,,,,,,,,,,,,,,,,,
ETC.TO,ETC,Evolve Cryptocurrencies ETF,TSX,ETP,87870056.0,,,,,,,,,,,,,,,,,
CYBR.TO,CYBR,Evolve Cyber Security Index Fund,TSX,ETP,205284000.0,,,,,,,,,,,,,,,,,
HERO.TO,HERO,Evolve E-Gaming Index ETF,TSX,ETP,19136000.0,,,,,,,,,,,,,,,,,
BOND.TO,BOND,Evolve Enhanced Yield Bond Fund,TSX,ETP,264715500.0,,,,,,,,,,,,,,,,,
MIDB.TO,MIDB,Evolve Enhanced Yield Mid Term Bond Fund,TSX,ETP,21638708.25,,,,,,,,,,,,,,,,,
ETHR.TO,ETHR,Evolve Ether ETF,TSX,ETP,101432430.0,,,,,,,,,,,,,,,,,
EBNK.TO,EBNK,Evolve European Banks Enhanced Yield ETF,TSX,ETP,97626410.0,,,,,,,,,,,,,,,,,
TECH.TO,TECH,Evolve FANGMA Index ETF,TSX,ETP,125072955.0,,,,,,,,,,,,,,,,,
LEAD.TO,LEAD,Evolve Future Leadership Fund,TSX,ETP,26938000.0,,,,,,,,,,,,,,,,,
LIFE.TO,LIFE,Evolve Global Healthcare Enhanced Yield Fund,TSX,ETP,271034665.0,,,,,,,,,,,,,,,,,
BASE.TO,BASE,Evolve Global Materials & Mining Enhanced Yield Index ETF,TSX,ETP,57150000.0,,,,,,,,,,,,,,,,,
EDGE.TO,EDGE,Evolve Innovation Index Fund,TSX,ETP,40768500.0,,,,,,,,,,,,,,,,,
LBIT.TO,LBIT,Evolve Levered Bitcoin ETF,TSX,ETP,3833500.0,,,,,,,,,,,,,,,,,
LETH.TO,LETH,Evolve Levered Ether ETF,TSX,ETP,6696250.0,,,,,,,,,,,,,,,,,
QQQY.TO,QQQY,Evolve NASDAQ Technology Enhanced Yield Index Fund,TSX,ETP,108975000.0,,,,,,,,,,,,,,,,,
QQQT.TO,QQQT,Evolve NASDAQ Technology Index Fund,TSX,ETP,110324250.0,,,,,,,,,,,,,,,,,
ESPX.TO,ESPX,Evolve S&P 500® Enhanced Yield Fund,TSX,ETP,145460250.0,,,,,,,,,,,,,,,,,
ETSX.TO,ETSX,Evolve S&P/TSX 60 Enhanced Yield Fund,TSX,ETP,78132000.0,,,,,,,,,,,,,,,,,
SOLA.TO,SOLA,Evolve Solana ETF,TSX,ETP,24494260.0,,,,,,,,,,,,,,,,,
CALL.TO,CALL,Evolve US Banks Enhanced Yield Fund,TSX,ETP,126708000.0,,,,,,,,,,,,,,,,,
BIGY.TO,BIGY,Evolve US Equity UltraYield ETF,TSX,ETP,119260400.0,,,,,,,,,,,,,,,,,
XRP.TO,XRP,Evolve XRP ETF,TSX,ETP,54419500.0,,,,,,,,,,,,,,,,,
EVO.TO,EVO,Evovest Global Equity ETF,TSX,ETP,149985000.0,,,,,,,,,,,,,,,,,
EIF.TO,EIF,Exchange Income Corporation,TSX,Financial Services,4317263201.08,,,,,,,,,,,,,,,,,
XTC.TO,XTC,Exco Technologies Limited,TSX,Industrial Products & Services,248733936.48,,,,,,,,,,,,,,,,,
EGIF.TO,EGIF,Exemplar Growth and Income Fund,TSX,ETP,2779700.0,,,,,,,,,,,,,,,,,
EXE.TO,EXE,Extendicare Inc.,TSX,Real Estate,1346115618.54,,,,,,,,,,,,,,,,,
FFH.TO,FFH,Fairfax Financial Holdings Limited,TSX,Financial Services,51426186111.9,,,,,,,,,,,,,,,,,
FIH.TO,FIH,Fairfax India Holdings Corporation,TSX,Financial Services,1781781968.0,,,,,,,,,,,,,,,,,
FDY.TO,FDY,Faraday Copper Corp.,TSX,Mining,563861418.75,,,,,,,,,,,,,,,,,
FRX.TO,FRX,Fennec Pharmaceuticals Inc.,TSX,Life Sciences,325234778.48,,,,,,,,,,,,,,,,,
FCAB.TO,FCAB,Fidelity Absolute Income Fund,TSX,ETP,445749600.0,,,,,,,,,,,,,,,,,
FAUS.TO,FAUS,Fidelity Advanced U.S. Equity Fund,TSX,ETP,4209150.0,,,,,,,,,,,,,,,,,
FBTC.TO,FBTC,Fidelity Advantage Bitcoin ETF,TSX,ETP,1545642000.0,,,,,,,,,,,,,,,,,
FETH.TO,FETH,Fidelity Advantage Ether ETF,TSX,ETP,101780000.0,,,,,,,,,,,,,,,,,
FCCD.TO,FCCD,Fidelity Canadian High Dividend ETF,TSX,ETP,270856500.0,,,,,,,,,,,,,,,,,
FCCQ.TO,FCCQ,Fidelity Canadian High Quality ETF,TSX,ETP,609485500.0,,,,,,,,,,,,,,,,,
FCMI.TO,FCMI,Fidelity Canadian Monthly High Income ETF,TSX,ETP,9996000.0,,,,,,,,,,,,,,,,,
FCCV.TO,FCCV,Fidelity Canadian Value ETF,TSX,ETP,647262000.0,,,,,,,,,,,,,,,,,
FCUB.TO,FCUB,Fidelity Core U.S. Bond ETF,TSX,ETP,162111300.0,,,,,,,,,,,,,,,,,
FMPB.TO,FMPB,Fidelity Global Balanced Portfolio,TSX,ETP,1020000.0,,,,,,,,,,,,,,,,,
FGEB.TO,FGEB,Fidelity Global Equity+ Balanced Fund,TSX,ETP,20306550.0,,,,,,,,,,,,,,,,,
FGEP.TO,FGEP,Fidelity Global Equity+ Fund,TSX,ETP,201357300.0,,,,,,,,,,,,,,,,,
FMPG.TO,FMPG,Fidelity Global Growth Portfolio,TSX,ETP,1022800.0,,,,,,,,,,,,,,,,,
FMPI.TO,FMPI,Fidelity Global Income Portfolio,TSX,ETP,1022800.0,,,,,,,,,,,,,,,,,
FCGI.TO,FCGI,Fidelity Global Monthly High Income ETF,TSX,ETP,35121000.0,,,,,,,,,,,,,,,,,
FGSM.TO,FGSM,Fidelity Global Small-Mid Cap Equity Fund,TSX,ETP,1025000.0,,,,,,,,,,,,,,,,,
FCID.TO,FCID,Fidelity International High Dividend ETF,TSX,ETP,181930000.0,,,,,,,,,,,,,,,,,
FCIQ.TO,FCIQ,Fidelity International High Quality ETF,TSX,ETP,1235325000.0,,,,,,,,,,,,,,,,,
FCIV.TO,FCIV,Fidelity International Value ETF,TSX,ETP,1116790500.0,,,,,,,,,,,,,,,,,
FMAE.TO,FMAE,Fidelity Multi-Alt Equity Fund,TSX,ETP,4284000.0,,,,,,,,,,,,,,,,,
FTHI.TO,FTHI,Fidelity Tactical High Income Fund,TSX,ETP,38755300.0,,,,,,,,,,,,,,,,,
FCRR.TO,FCRR,Fidelity U.S. Dividend for Rising Rates ETF,TSX,ETP,34303500.0,,,,,,,,,,,,,,,,,
FCUH.TO,FCUH,Fidelity U.S. High Dividend Currency Neutral ETF,TSX,ETP,14543500.0,,,,,,,,,,,,,,,,,
FCUD.TO,FCUD,Fidelity U.S. High Dividend ETF,TSX,ETP,220723500.0,,,,,,,,,,,,,,,,,
FCQH.TO,FCQH,Fidelity U.S. High Quality Currency Neutral ETF,TSX,ETP,70886000.0,,,,,,,,,,,,,,,,,
FCUQ.TO,FCUQ,Fidelity U.S. High Quality ETF,TSX,ETP,1619247000.0,,,,,,,,,,,,,,,,,
FCVH.TO,FCVH,Fidelity U.S. Value Currency Neutral ETF,TSX,ETP,171661500.0,,,,,,,,,,,,,,,,,
FCUV.TO,FCUV,Fidelity U.S. Value ETF,TSX,ETP,1831410000.0,,,,,,,,,,,,,,,,,
FSZ.TO,FSZ,Fiera Capital Corporation,TSX,Financial Services,700008892.44,,,,,,,,,,,,,,,,,
FTN.TO,FTN,Financial 15 Split Corp.,TSX,Closed-End Funds,1391431259.74,,,,,,,,,,,,,,,,,
FTT.TO,FTT,Finning International Inc.,TSX,Industrial Products & Services,9975939907.5,,,,,,,,,,,,,,,,,
FTG.TO,FTG,Firan Technology Group Corporation,TSX,Technology,274893418.8,,,,,,,,,,,,,,,,,
FFM.TO,FFM,FireFly Metals Ltd.,TSX,Mining,1221947853.28,,,,,,,,,,,,,,,,,
FC.TO,FC,Firm Capital Mortgage Investment Corporation,TSX,Financial Services,573505288.6,,,,,,,,,,,,,,,,,
FCD.TO,FCD,Firm Capital Property Trust,TSX,Real Estate,219707807.9,,,,,,,,,,,,,,,,,
FCR.TO,FCR,First Capital Real Estate Investment Trust,TSX,Real Estate,3996094343.67,,,,,,,,,,,,,,,,,
AG.TO,AG,First Majestic Silver Corp.,TSX,Mining,8786217011.55,,,,,,,,,,,,,,,,,
FF.TO,FF,First Mining Gold Corp.,TSX,Mining,437218910.14,,,,,,,,,,,,,,,,,
FN.TO,FN,First National Financial Corporation,TSX,Financial Services,92895450.5,,,,,,,,,,,,,,,,,
FM.TO,FM,First Quantum Minerals Ltd.,TSX,Mining,24292082680.32,,,,,,,,,,,,,,,,,
FHH.TO,FHH,First Trust AlphaDEX U.S. Health Care Sector Index ETF,TSX,ETP,11348000.0,,,,,,,,,,,,,,,,,
FHG.TO,FHG,First Trust AlphaDEX U.S. Industrials Sector Index ETF,TSX,ETP,50639000.0,,,,,,,,,,,,,,,,,
FHQ.TO,FHQ,First Trust AlphaDEX U.S. Technology Sector Index ETF,TSX,ETP,41160000.0,,,,,,,,,,,,,,,,,
FST.TO,FST,First Trust Canadian Capital Strength ETF,TSX,ETP,193252297.815,,,,,,,,,,,,,,,,,
SKYY.TO,SKYY,First Trust Cloud Computing ETF,TSX,ETP,3865400.0,,,,,,,,,,,,,,,,,
FDN.TO,FDN,First Trust Dow Jones Internet ETF,TSX,ETP,8400000.0,,,,,,,,,,,,,,,,,
ETP.TO,ETP,First Trust Global Risk Managed Income Index ETF,TSX,ETP,30275873.74,,,,,,,,,,,,,,,,,
BLCK.TO,BLCK,First Trust Indxx Innovative Transaction and Process ETF,TSX,ETP,2258850.0,,,,,,,,,,,,,,,,,
NXTG.TO,NXTG,First Trust Indxx NextG ETF,TSX,ETP,1782000.0,,,,,,,,,,,,,,,,,
FINT.TO,FINT,First Trust International Capital Strength ETF,TSX,ETP,13168000.0,,,,,,,,,,,,,,,,,
FTLS.TO,FTLS,First Trust Long/Short Equity ETF,TSX,ETP,2164000.0,,,,,,,,,,,,,,,,,
FDL.TO,FDL,First Trust Morningstar Dividend Leaders ETF (CAD-Hedged),TSX,ETP,9763600.0,,,,,,,,,,,,,,,,,
QCLN.TO,QCLN,First Trust Nasdaq Clean Edge Green Energy ETF,TSX,ETP,5222500.0,,,,,,,,,,,,,,,,,
CIBR.TO,CIBR,First Trust Nasdaq Cybersecurity ETF,TSX,ETP,111403800.0,,,,,,,,,,,,,,,,,
FBT.TO,FBT,First Trust NYSE Arca Biotechnology ETF,TSX,ETP,1989000.0,,,,,,,,,,,,,,,,,
FSL.TO,FSL,First Trust Senior Loan ETF (CAD-Hedged),TSX,ETP,60947687.36,,,,,,,,,,,,,,,,,
FUD.TO,FUD,First Trust Value Line Dividend ETF (CAD-Hedged),TSX,ETP,5457806.78,,,,,,,,,,,,,,,,,
AUGB.TO,AUGB,First Trust Vest U.S. Equity Buffer ETF – August,TSX,ETP,25880000.0,,,,,,,,,,,,,,,,,
FEBB.TO,FEBB,First Trust Vest U.S. Equity Buffer ETF – February,TSX,ETP,51550000.0,,,,,,,,,,,,,,,,,
MAYB.TO,MAYB,First Trust Vest U.S. Equity Buffer ETF – May,TSX,ETP,36637500.0,,,,,,,,,,,,,,,,,
NOVB.TO,NOVB,First Trust Vest U.S. Equity Buffer ETF – November,TSX,ETP,38264000.0,,,,,,,,,,,,,,,,,
FSV.TO,FSV,FirstService Corporation,TSX,Real Estate,10205713809.36,,,,,,,,,,,,,,,,,
MHC.TO,MHC,Flagship Communities Real Estate Investment Trust,TSX,Real Estate,361848344.4,,,,,,,,,,,,,,,,,
FLNT.TO,FLNT,FLINT Corp.,TSX,Industrial Products & Services,150701697.43,,,,,,,,,,,,,,,,,
FAR.TO,FAR,Foraco International SA,TSX,Industrial Products & Services,205451221.86,,,,,,,,,,,,,,,,,
FOM.TO,FOM,Foran Mining Corporation,TSX,Mining,1918536348.75,,,,,,,,,,,,,,,,,
FGBL.TO,FGBL,Forstrong Global Balanced ETF,TSX,ETP,2230000.0,,,,,,,,,,,,,,,,,
FGRW.TO,FGRW,Forstrong Global Growth ETF,TSX,ETP,1863000.0,,,,,,,,,,,,,,,,,
FINC.TO,FINC,Forstrong Global Income ETF,TSX,ETP,16002000.0,,,,,,,,,,,,,,,,,
FSY.TO,FSY,Forsys Metals Corp.,TSX,Mining,90548422.79,,,,,,,,,,,,,,,,,
FTS.TO,FTS,Fortis Inc.,TSX,Utilities & Pipelines,37172472194.66,,,,,,,,,,,,,,,,,
FVI.TO,FVI,Fortuna Mining Corp.,TSX,Mining,3557666237.74,,,,,,,,,,,,,,,,,
FT.TO,FT,Fortune Minerals Limited,TSX,Mining,59418523.71,,,,,,,,,,,,,,,,,
FNV.TO,FNV,Franco-Nevada Corporation,TSX,Mining,50505671643.03,,,,,,,,,,,,,,,,,
EQY.TO,EQY,Franklin All-Equity ETF,TSX,ETP,2634000.0,,,,,,,,,,,,,,,,,
FBGO.TO,FBGO,Franklin Brandywine Global Income Optimiser Fund,TSX,ETP,20366500.0,,,,,,,,,,,,,,,,,
FCRC.TO,FCRC,Franklin Canadian Core Equity Fund,TSX,ETP,1137000.0,,,,,,,,,,,,,,,,,
FLCP.TO,FLCP,Franklin Canadian Core Plus Bond Fund,TSX,ETP,144928500.0,,,,,,,,,,,,,,,,,
FLCI.TO,FLCI,Franklin Canadian Corporate Bond Fund,TSX,ETP,20229000.0,,,,,,,,,,,,,,,,,
FGOV.TO,FGOV,Franklin Canadian Government Bond Fund,TSX,ETP,9499500.0,,,,,,,,,,,,,,,,,
FLSD.TO,FLSD,Franklin Canadian Short Term Bond Fund,TSX,ETP,61393500.0,,,,,,,,,,,,,,,,,
FHIS.TO,FHIS,Franklin Canadian Ultra Short Term Bond Fund,TSX,ETP,276672000.0,,,,,,,,,,,,,,,,,
FCII.TO,FCII,Franklin ClearBridge Global Infrastructure Income Fund,TSX,ETP,15252000.0,,,,,,,,,,,,,,,,,
FCSI.TO,FCSI,Franklin ClearBridge International Growth Fund,TSX,ETP,6760000.0,,,,,,,,,,,,,,,,,
CNV.TO,CNV,Franklin Conservative Income ETF,TSX,ETP,26328000.0,,,,,,,,,,,,,,,,,
CBL.TO,CBL,Franklin Core ETF,TSX,ETP,2354000.0,,,,,,,,,,,,,,,,,
FLGA.TO,FLGA,Franklin Global Core Bond Fund,TSX,ETP,432509000.0,,,,,,,,,,,,,,,,,
FGGE.TO,FGGE,Franklin Global Growth Fund ETF,TSX,ETP,13110000.0,,,,,,,,,,,,,,,,,
GRO.TO,GRO,Franklin Growth ETF,TSX,ETP,1222000.0,,,,,,,,,,,,,,,,,
FINO.TO,FINO,Franklin Innovation Fund ETF,TSX,ETP,8105000.0,,,,,,,,,,,,,,,,,
FCRI.TO,FCRI,Franklin International Core Equity Fund,TSX,ETP,1109000.0,,,,,,,,,,,,,,,,,
FCRU.TO,FCRU,Franklin U.S. Core Equity Fund,TSX,ETP,1139000.0,,,,,,,,,,,,,,,,,
FLUS.TO,FLUS,Franklin U.S. Large Cap Multifactor Index ETF,TSX,ETP,101376000.0,,,,,,,,,,,,,,,,,
FVL.TO,FVL,Freegold Ventures Limited,TSX,Mining,645953729.4,,,,,,,,,,,,,,,,,
FRU.TO,FRU,Freehold Royalties Ltd.,TSX,Oil & Gas,2326597139.46,,,,,,,,,,,,,,,,,
FEC.TO,FEC,Frontera Energy Corporation,TSX,Oil & Gas,390337485.85,,,,,,,,,,,,,,,,,
FURY.TO,FURY,Fury Gold Mines Limited,TSX,Mining,151995727.26,,,,,,,,,,,,,,,,,
FMR.TO,FMR,Future Mineral Resources Inc.,TSX,Mining,7008788.64,,,,,,,,,,,,,,,,,
GMIN.TO,GMIN,G Mining Ventures Corp.,TSX,Mining,6270730437.29,,,,,,,,,,,,,,,,,
GTWO.TO,GTWO,G2 Goldfields Inc.,TSX,Mining,1061450618.55,,,,,,,,,,,,,,,,,
GLXY.TO,GLXY,Galaxy Digital Inc.,TSX,Financial Services,9243729114.12,,,,,,,,,,,,,,,,,
GAU.TO,GAU,Galiano Gold Inc.,TSX,Mining,871713158.4,,,,,,,,,,,,,,,,,
GH.TO,GH,Gamehost Inc.,TSX,Consumer Products & Services,243194953.68,,,,,,,,,,,,,,,,,
GDI.TO,GDI,GDI Integrated Facility Services Inc.,TSX,Industrial Products & Services,436110270.5,,,,,,,,,,,,,,,,,
GENM.TO,GENM,Generation Mining Limited,TSX,Mining,152901800.61,,,,,,,,,,,,,,,,,
GDC.TO,GDC,Genesis Land Development Corp.,TSX,Real Estate,188095210.88,,,,,,,,,,,,,,,,,
GEO.TO,GEO,Geodrill Limited,TSX,Industrial Products & Services,171673938.8,,,,,,,,,,,,,,,,,
WN.TO,WN,George Weston Limited,TSX,Consumer Products & Services,33441139473.12,,,,,,,,,,,,,,,,,
GFL.TO,GFL,GFL Environmental Inc.,TSX,Industrial Products & Services,21297109354.92,,,,,,,,,,,,,,,,,
GEI.TO,GEI,Gibson Energy Inc.,TSX,Industrial Products & Services,3917500404.27,,,,,,,,,,,,,,,,,
GIL.TO,GIL,Gildan Activewear Inc.,TSX,Consumer Products & Services,12192583912.43,,,,,,,,,,,,,,,,,
GVC.TO,GVC,Glacier Media Inc.,TSX,Comm. & Media,21005523.68,,,,,,,,,,,,,,,,,
GLO.TO,GLO,Global Atomic Corporation,TSX,Mining,203628119.73,,,,,,,,,,,,,,,,,
GDV.TO,GDV,Global Dividend Growth Split Corp.,TSX,Closed-End Funds,351405501.24,,,,,,,,,,,,,,,,,
GEC.TO,GEC,Global Education Communities Corp.,TSX,Consumer Products & Services,26464915.4,,,,,,,,,,,,,,,,,
CBIL.TO,CBIL,Global X 0-3 Month T-Bill ETF,TSX,ETP,1612069911.95,,,,,,,,,,,,,,,,,
UBIL.TO,UBIL,Global X 0-3 Month U.S. T-Bill ETF,TSX,ETP,409928712.9,,,,,,,,,,,,,,,,,
TSTX.TO,TSTX,Global X 1-3 Year U.S. Treasury Bond Index ETF,TSX,ETP,37500650.19,,,,,,,,,,,,,,,,,
TLTX.TO,TLTX,Global X 20+ Year U.S. Treasury Bond Index ETF,TSX,ETP,41754902.27,,,,,,,,,,,,,,,,,
HAD.TO,HAD,Global X Active Canadian Bond ETF,TSX,ETP,47375975.54,,,,,,,,,,,,,,,,,
HAL.TO,HAL,Global X Active Canadian Dividend ETF,TSX,ETP,113739564.6,,,,,,,,,,,,,,,,,
HMP.TO,HMP,Global X Active Canadian Municipal Bond ETF,TSX,ETP,30124064.32,,,,,,,,,,,,,,,,,
HAB.TO,HAB,Global X Active Corporate Bond ETF,TSX,ETP,283880908.2,,,,,,,,,,,,,,,,,
HAZ.TO,HAZ,Global X Active Global Dividend ETF,TSX,ETP,534531912.96,,,,,,,,,,,,,,,,,
HAF.TO,HAF,Global X Active Global Fixed Income ETF,TSX,ETP,62882573.7,,,,,,,,,,,,,,,,,
HYBR.TO,HYBR,Global X Active Hybrid Bond and Preferred Share ETF,TSX,ETP,74869045.92,,,,,,,,,,,,,,,,,
HPR.TO,HPR,Global X Active Preferred Share ETF,TSX,ETP,924848590.54,,,,,,,,,,,,,,,,,
HFR.TO,HFR,Global X Active Ultra-Short Term Investment Grade Bond ETF,TSX,ETP,496689235.875,,,,,,,,,,,,,,,,,
EQCC.TO,EQCC,Global X All-Equity Asset Allocation Covered Call ETF,TSX,ETP,10470895.44,,,,,,,,,,,,,,,,,
HEQT.TO,HEQT,Global X All-Equity Asset Allocation ETF,TSX,ETP,302701156.78,,,,,,,,,,,,,,,,,
AIGO.TO,AIGO,Global X Artificial Intelligence & Technology Index ETF,TSX,ETP,12936000.0,,,,,,,,,,,,,,,,,
MTRX.TO,MTRX,Global X Artificial Intelligence Infrastructure Index ETF,TSX,ETP,10575000.0,,,,,,,,,,,,,,,,,
CHPS.TO,CHPS,Global X Artificial Intelligence Semiconductor Index ETF,TSX,ETP,163485980.0,,,,,,,,,,,,,,,,,
HBAL.TO,HBAL,Global X Balanced Asset Allocation ETF,TSX,ETP,162472800.0,,,,,,,,,,,,,,,,,
HBGD.TO,HBGD,Global X Big Data & Hardware Index ETF,TSX,ETP,41121053.6,,,,,,,,,,,,,,,,,
HXH.TO,HXH,Global X Canadian High Dividend Index Corporate Class ETF,TSX,ETP,175785280.85,,,,,,,,,,,,,,,,,
ENCC.TO,ENCC,Global X Canadian Oil and Gas Equity Covered Call ETF,TSX,ETP,614875936.5,,,,,,,,,,,,,,,,,
HBB.TO,HBB,Global X Canadian Select Universe Bond Index Corporate Class ETF,TSX,ETP,3388442280.85,,,,,,,,,,,,,,,,,
HSAV.TO,HSAV,Global X Cash Maximizer Corporate Class ETF,TSX,ETP,1902120000.0,,,,,,,,,,,,,,,,,
CHQQ.TO,CHQQ,Global X China Hang Seng TECH Index ETF,TSX,ETP,5027018.28,,,,,,,,,,,,,,,,,
HCON.TO,HCON,Global X Conservative Asset Allocation ETF,TSX,ETP,39242487.6,,,,,,,,,,,,,,,,,
COPP.TO,COPP,Global X Copper Producers Index ETF,TSX,ETP,42409600.0,,,,,,,,,,,,,,,,,
HUC.TO,HUC,Global X Crude Oil ETF,TSX,ETP,30725893.0,,,,,,,,,,,,,,,,,
SHLD.TO,SHLD,Global X Defence Tech Index ETF,TSX,ETP,147812500.0,,,,,,,,,,,,,,,,,
HXEM.TO,HXEM,Global X Emerging Markets Equity Index Corporate Class ETF,TSX,ETP,125412613.2,,,,,,,,,,,,,,,,,
EQCL.TO,EQCL,Global X Enhanced All-Equity Asset Allocation Covered Call ETF,TSX,ETP,46644334.8,,,,,,,,,,,,,,,,,
HEQL.TO,HEQL,Global X Enhanced All-Equity Asset Allocation ETF,TSX,ETP,10789604.34,,,,,,,,,,,,,,,,,
ENCL.TO,ENCL,Global X Enhanced Canadian Oil and Gas Equity Covered Call ETF,TSX,ETP,248035160.0,,,,,,,,,,,,,,,,,
BNKL.TO,BNKL,Global X Enhanced Equal Weight Banks Index ETF,TSX,ETP,16355592.77,,,,,,,,,,,,,,,,,
BKCL.TO,BKCL,Global X Enhanced Equal Weight Canadian Banks Covered Call ETF,TSX,ETP,146115431.64,,,,,,,,,,,,,,,,,
RNCL.TO,RNCL,Global X Enhanced Equal Weight Canadian Telecommunications Covered Call ETF,TSX,ETP,2811955.76,,,,,,,,,,,,,,,,,
GLCL.TO,GLCL,Global X Enhanced Gold Producer Equity Covered Call ETF,TSX,ETP,15029116.85,,,,,,,,,,,,,,,,,
QQCL.TO,QQCL,Global X Enhanced Nasdaq-100 Covered Call ETF,TSX,ETP,297231186.88,,,,,,,,,,,,,,,,,
QQQL.TO,QQQL,Global X Enhanced Nasdaq-100 Index ETF,TSX,ETP,6882750.0,,,,,,,,,,,,,,,,,
USCL.TO,USCL,Global X Enhanced S&P 500 Covered Call ETF,TSX,ETP,272637005.8,,,,,,,,,,,,,,,,,
USSL.TO,USSL,Global X Enhanced S&P 500 Index ETF,TSX,ETP,10593750.0,,,,,,,,,,,,,,,,,
CNCL.TO,CNCL,Global X Enhanced S&P/TSX 60 Covered Call ETF,TSX,ETP,15898833.72,,,,,,,,,,,,,,,,,
CANL.TO,CANL,Global X Enhanced S&P/TSX 60 Index ETF,TSX,ETP,4710722.2,,,,,,,,,,,,,,,,,
BKCC.TO,BKCC,Global X Equal Weight Canadian Bank Covered Call ETF,TSX,ETP,275089754.76,,,,,,,,,,,,,,,,,
HEWB.TO,HEWB,Global X Equal Weight Canadian Banks Index Corporate Class ETF,TSX,ETP,219887349.75,,,,,,,,,,,,,,,,,
HBNK.TO,HBNK,Global X Equal Weight Canadian Banks Index ETF,TSX,ETP,1015280985.0,,,,,,,,,,,,,,,,,
MART.TO,MART,Global X Equal Weight Canadian Groceries & Staples Index ETF,TSX,ETP,7945000.0,,,,,,,,,,,,,,,,,
SAFE.TO,SAFE,Global X Equal Weight Canadian Insurance Index ETF,TSX,ETP,20100315.19,,,,,,,,,,,,,,,,,
NRGY.TO,NRGY,Global X Equal Weight Canadian Oil & Gas Index ETF,TSX,ETP,253882145.67,,,,,,,,,,,,,,,,,
PPLN.TO,PPLN,Global X Equal Weight Canadian Pipelines Index ETF,TSX,ETP,42383716.08,,,,,,,,,,,,,,,,,
HCRE.TO,HCRE,Global X Equal Weight Canadian REITs Index Corporate Class ETF,TSX,ETP,42946314.6,,,,,,,,,,,,,,,,,
REIT.TO,REIT,Global X Equal Weight Canadian REITs Index ETF,TSX,ETP,2183000.0,,,,,,,,,,,,,,,,,
RNCC.TO,RNCC,Global X Equal Weight Canadian Telecommunications Covered Call ETF,TSX,ETP,8732000.0,,,,,,,,,,,,,,,,,
RING.TO,RING,Global X Equal Weight Canadian Telecommunications Index ETF,TSX,ETP,247972898.82,,,,,,,,,,,,,,,,,
UTIL.TO,UTIL,Global X Equal Weight Canadian Utilities Index ETF,TSX,ETP,24756925.0,,,,,,,,,,,,,,,,,
MEDX.TO,MEDX,Global X Equal Weight Global Healthcare Index ETF,TSX,ETP,2142000.0,,,,,,,,,,,,,,,,,
UBNK.TO,UBNK,Global X Equal Weight U.S. Banks Index ETF,TSX,ETP,5562000.0,,,,,,,,,,,,,,,,,
UMRT.TO,UMRT,Global X Equal Weight U.S. Groceries & Staples Index ETF,TSX,ETP,2465000.0,,,,,,,,,,,,,,,,,
HXX.TO,HXX,Global X Europe 50 Index Corporate Class ETF,TSX,ETP,163128593.2,,,,,,,,,,,,,,,,,
ETHI.TO,ETHI,Global X Global Sustainability Leaders Index ETF,TSX,ETP,106463700.64,,,,,,,,,,,,,,,,,
HUG.TO,HUG,Global X Gold ETF,TSX,ETP,50056680.0,,,,,,,,,,,,,,,,,
GLCC.TO,GLCC,Global X Gold Producer Equity Covered Call ETF,TSX,ETP,512685266.0,,,,,,,,,,,,,,,,,
GLDX.TO,GLDX,Global X Gold Producers Index ETF,TSX,ETP,213362500.0,,,,,,,,,,,,,,,,,
HGY.TO,HGY,Global X Gold Yield ETF,TSX,ETP,169293342.48,,,,,,,,,,,,,,,,,
GRCC.TO,GRCC,Global X Growth Asset Allocation Covered Call ETF,TSX,ETP,10809698.88,,,,,,,,,,,,,,,,,
HGRW.TO,HGRW,Global X Growth Asset Allocation ETF,TSX,ETP,33225330.02,,,,,,,,,,,,,,,,,
CASH.TO,CASH,Global X High Interest Savings ETF,TSX,ETP,6749401550.0,,,,,,,,,,,,,,,,,
FOUR.TO,FOUR,Global X Industry 4.0 Index ETF,TSX,ETP,5257739.2,,,,,,,,,,,,,,,,,
TTTX.TO,TTTX,Global X Innovative Bluechip Top 10 Index ETF,TSX,ETP,5814000.0,,,,,,,,,,,,,,,,,
INOC.TO,INOC,Global X Inovestor Canadian Equity Index ETF,TSX,ETP,30858127.3,,,,,,,,,,,,,,,,,
HXDM.TO,HXDM,Global X Intl Developed Markets Equity Index Corporate Class ETF,TSX,ETP,900988820.0,,,,,,,,,,,,,,,,,
HLPR.TO,HLPR,Global X Laddered Canadian Preferred Share Index Corporate Class ETF,TSX,ETP,108587791.92,,,,,,,,,,,,,,,,,
HLIT.TO,HLIT,Global X Lithium Producers Index ETF,TSX,ETP,14616130.0,,,,,,,,,,,,,,,,,
PAYL.TO,PAYL,Global X Long-Term Government Bond Premium Yield ETF,TSX,ETP,1890056.7,,,,,,,,,,,,,,,,,
LPAY.TO,LPAY,Global X Long-Term U.S. Treasury Premium Yield ETF,TSX,ETP,16935835.04,,,,,,,,,,,,,,,,,
HMMJ.TO,HMMJ,Global X Marijuana Life Sciences Index ETF,TSX,ETP,54021700.04,,,,,,,,,,,,,,,,,
PAYM.TO,PAYM,Global X Mid-Term Government Bond Premium Yield ETF,TSX,ETP,11017383.2,,,,,,,,,,,,,,,,,
MPAY.TO,MPAY,Global X Mid-Term U.S. Treasury Premium Yield ETF,TSX,ETP,77203391.07,,,,,,,,,,,,,,,,,
QQCC.TO,QQCC,Global X Nasdaq-100 Covered Call ETF,TSX,ETP,579994640.19,,,,,,,,,,,,,,,,,
HXQ.TO,HXQ,Global X Nasdaq-100 Index Corporate Class ETF,TSX,ETP,972824434.4,,,,,,,,,,,,,,,,,
QQQX.TO,QQQX,Global X Nasdaq-100 Index ETF,TSX,ETP,469027000.0,,,,,,,,,,,,,,,,,
HUN.TO,HUN,Global X Natural Gas ETF,TSX,ETP,11271113.0,,,,,,,,,,,,,,,,,
RBOT.TO,RBOT,Global X Robotics & AI Index ETF,TSX,ETP,64712965.0,,,,,,,,,,,,,,,,,
HSH.TO,HSH,Global X S&P 500 CAD Hedged Index Corporate Class ETF,TSX,ETP,342283454.1,,,,,,,,,,,,,,,,,
USCC.TO,USCC,Global X S&P 500 Covered Call ETF,TSX,ETP,556733752.46,,,,,,,,,,,,,,,,,
HXS.TO,HXS,Global X S&P 500 Index Corporate Class ETF,TSX,ETP,5359531635.8,,,,,,,,,,,,,,,,,
USSX.TO,USSX,Global X S&P 500 Index ETF,TSX,ETP,571780000.0,,,,,,,,,,,,,,,,,
CNCC.TO,CNCC,Global X S&P/TSX 60 Covered Call ETF,TSX,ETP,126732675.97,,,,,,,,,,,,,,,,,
HXT.TO,HXT,Global X S&P/TSX 60 Index Corporate Class ETF,TSX,ETP,4551068095.42,,,,,,,,,,,,,,,,,
CNDX.TO,CNDX,Global X S&P/TSX 60 Index ETF,TSX,ETP,578166334.2,,,,,,,,,,,,,,,,,
HXCN.TO,HXCN,Global X S&P/TSX Capped Composite Index Corporate Class ETF,TSX,ETP,1888898252.5,,,,,,,,,,,,,,,,,
HXE.TO,HXE,Global X S&P/TSX Capped Energy Index Corporate Class ETF,TSX,ETP,83569813.75,,,,,,,,,,,,,,,,,
HXF.TO,HXF,Global X S&P/TSX Capped Financials Index Corporate Class ETF,TSX,ETP,98702604.0,,,,,,,,,,,,,,,,,
HAC.TO,HAC,Global X Seasonal Rotation ETF,TSX,ETP,167893602.03,,,,,,,,,,,,,,,,,
PAYS.TO,PAYS,Global X Short-Term Government Bond Premium Yield ETF,TSX,ETP,95524180.6,,,,,,,,,,,,,,,,,
SPAY.TO,SPAY,Global X Short-Term U.S. Treasury Premium Yield ETF,TSX,ETP,106714236.48,,,,,,,,,,,,,,,,,
AGCC.TO,AGCC,Global X Silver Covered Call ETF,TSX,ETP,2470019.76,,,,,,,,,,,,,,,,,
HUZ.TO,HUZ,Global X Silver ETF,TSX,ETP,38175000.0,,,,,,,,,,,,,,,,,
HURA.TO,HURA,Global X Uranium Index ETF,TSX,ETP,183129300.0,,,,,,,,,,,,,,,,,
HTB.TO,HTB,Global X US 7-10 Year Treasury Bond Index Corporate Class ETF,TSX,ETP,156456463.8,,,,,,,,,,,,,,,,,
DLR.TO,DLR,Global X US Dollar Currency ETF,TSX,ETP,247414224.2,,,,,,,,,,,,,,,,,
HULC.TO,HULC,Global X US Large Cap Index Corporate Class ETF,TSX,ETP,359296080.0,,,,,,,,,,,,,,,,,
HSUV.TO,HSUV,Global X USD Cash Maximizer Corporate Class ETF,TSX,ETP,756862750.0,,,,,,,,,,,,,,,,,
UCSH.TO,UCSH,Global X USD High Interest Savings ETF,TSX,ETP,269173288.125,,,,,,,,,,,,,,,,,
GMX.TO,GMX,Globex Mining Enterprises Inc.,TSX,Mining,96478989.92,,,,,,,,,,,,,,,,,
GO.TO,GO,GO Residential Real Estate Investment Trust,TSX,Real Estate,382391837.15,,,,,,,,,,,,,,,,,
GSY.TO,GSY,goeasy Ltd.,TSX,Financial Services,2712055084.55,,,,,,,,,,,,,,,,,
GGD.TO,GGD,GoGold Resources Inc.,TSX,Mining,968678300.16,,,,,,,,,,,,,,,,,
GRC.TO,GRC,Gold Springs Resource Corp.,TSX,Mining,22641079.36,,,,,,,,,,,,,,,,,
AUMN.TO,AUMN,Golden Minerals Company,TSX,Mining,7074932.56,,,,,,,,,,,,,,,,,
GOLD.TO,GOLD,GoldMining Inc.,TSX,Mining,392090676.63,,,,,,,,,,,,,,,,,
XAU.TO,XAU,GoldMoney Inc.,TSX,Financial Services,143251930.6,,,,,,,,,,,,,,,,,
GDL.TO,GDL,Goodfellow Inc.,TSX,Industrial Products & Services,100380648.0,,,,,,,,,,,,,,,,,
FOOD.TO,FOOD,Goodfood Market Corp.,TSX,Consumer Products & Services,38814418.28,,,,,,,,,,,,,,,,,
GTE.TO,GTE,Gran Tierra Energy Inc.,TSX,Oil & Gas,168337855.35,,,,,,,,,,,,,,,,,
GRT.TO,GRT,Granite Real Estate Investment Trust,TSX,Real Estate,4775795467.66,,,,,,,,,,,,,,,,,
GWO.TO,GWO,Great-West Lifeco Inc.,TSX,Financial Services,57455964191.32,,,,,,,,,,,,,,,,,
GFR.TO,GFR,Greenfire Resources Ltd.,TSX,Oil & Gas,500203161.36,,,,,,,,,,,,,,,,,
GFP.TO,GFP,GreenFirst Forest Products Inc.,TSX,Industrial Products & Services,53578381.44,,,,,,,,,,,,,,,,,
GRN.TO,GRN,Greenlane Renewables Inc.,TSX,Clean Technology & Renewable Energy,41080109.46,,,,,,,,,,,,,,,,,
GRGD.TO,GRGD,Groupe Dynamite Inc.,TSX,Consumer Products & Services,1069210191.35,,,,,,,,,,,,,,,,,
GCBD.TO,GCBD,Guardian Canadian Bond Fund,TSX,ETP,58113881.73,,,,,,,,,,,,,,,,,
GCSC.TO,GCSC,Guardian Canadian Diversified Core Equity Fund,TSX,ETP,17991750.0,,,,,,,,,,,,,,,,,
GCFE.TO,GCFE,Guardian Canadian Focused Equity Fund,TSX,ETP,16567500.0,,,,,,,,,,,,,,,,,
GCG.TO,GCG,Guardian Capital Group Limited,TSX,Financial Services,1644695575.74,,,,,,,,,,,,,,,,,
GDEP.TO,GDEP,Guardian Directed Equity Path Portfolio,TSX,ETP,22752250.0,,,,,,,,,,,,,,,,,
GDPY.TO,GDPY,Guardian Directed Premium Yield Portfolio,TSX,ETP,98757500.0,,,,,,,,,,,,,,,,,
GIDY.TO,GIDY,Guardian i3 Global Dividend Premium Yield Fund,TSX,ETP,18147100.0,,,,,,,,,,,,,,,,,
GIQG.TO,GIQG,Guardian i3 Global Quality Growth ETF,TSX,ETP,55658750.0,,,,,,,,,,,,,,,,,
GIQU.TO,GIQU,Guardian i3 US Quality Growth Fund,TSX,ETP,22782000.0,,,,,,,,,,,,,,,,,
GIES.TO,GIES,Guardian International Equity Select Fund,TSX,ETP,13467300.0,,,,,,,,,,,,,,,,,
GIGC.TO,GIGC,Guardian Investment Grade Corporate Bond Fund,TSX,ETP,16849200.0,,,,,,,,,,,,,,,,,
GCTB.TO,GCTB,Guardian Ultra-Short Canadian T-Bill Fund,TSX,ETP,258206400.0,,,,,,,,,,,,,,,,,
GUTB.TO,GUTB,Guardian Ultra-Short U.S. T-Bill Fund,TSX,ETP,36021600.0,,,,,,,,,,,,,,,,,
GCU.TO,GCU,Gunnison Copper Corp.,TSX,Mining,150380712.02,,,,,,,,,,,,,,,,,
GURU.TO,GURU,GURU Organic Energy Corp.,TSX,Consumer Products & Services,170323385.86,,,,,,,,,,,,,,,,,
HR.TO,HR,H&R Real Estate Investment Trust,TSX,Real Estate,2938108974.48,,,,,,,,,,,,,,,,,
HAI.TO,HAI,Haivision Systems Inc.,TSX,Technology,140028890.4,,,,,,,,,,,,,,,,,
HBA.TO,HBA,Hamilton Australian Bank Equal-Weight Index ETF,TSX,ETP,142899616.8,,,,,,,,,,,,,,,,,
HEB.TO,HEB,Hamilton Canadian Bank Equal-Weight Index ETF,TSX,ETP,924153364.25,,,,,,,,,,,,,,,,,
HCA.TO,HCA,Hamilton Canadian Bank Mean Reversion Index ETF,TSX,ETP,76406261.76,,,,,,,,,,,,,,,,,
HFN.TO,HFN,Hamilton Canadian Financials Index ETF,TSX,ETP,119464400.0,,,,,,,,,,,,,,,,,
HMAX.TO,HMAX,Hamilton Canadian Financials YIELD MAXIMIZER ETF,TSX,ETP,1702141620.12,,,,,,,,,,,,,,,,,
CMVP.TO,CMVP,HAMILTON CHAMPIONS™ Canadian Dividend Index ETF,TSX,ETP,205214323.125,,,,,,,,,,,,,,,,,
CWIN.TO,CWIN,HAMILTON CHAMPIONS™ Enhanced Canadian Dividend ETF,TSX,ETP,11065101.25,,,,,,,,,,,,,,,,,
SWIN.TO,SWIN,HAMILTON CHAMPIONS™ Enhanced U.S. Dividend ETF,TSX,ETP,5239691.68,,,,,,,,,,,,,,,,,
SMVP.TO,SMVP,HAMILTON CHAMPIONS™ U.S. Dividend Index ETF,TSX,ETP,127288225.02,,,,,,,,,,,,,,,,,
EMAX.TO,EMAX,Hamilton Energy YIELD MAXIMIZER ETF,TSX,ETP,312288417.28,,,,,,,,,,,,,,,,,
HCAL.TO,HCAL,Hamilton Enhanced Canadian Bank ETF,TSX,ETP,713052317.6,,,,,,,,,,,,,,,,,
HDIV.TO,HDIV,Hamilton Enhanced Canadian Covered Call ETF,TSX,ETP,978258758.28,,,,,,,,,,,,,,,,,
HFIN.TO,HFIN,Hamilton Enhanced Canadian Financials ETF,TSX,ETP,257476578.32,,,,,,,,,,,,,,,,,
MIX.TO,MIX,Hamilton Enhanced Mixed Asset ETF,TSX,ETP,17000863.2,,,,,,,,,,,,,,,,,
HYLD.TO,HYLD,Hamilton Enhanced U.S. Covered Call ETF,TSX,ETP,1008357665.76,,,,,,,,,,,,,,,,,
HUTS.TO,HUTS,Hamilton Enhanced Utilities ETF,TSX,ETP,155579290.08,,,,,,,,,,,,,,,,,
HFG.TO,HFG,Hamilton Global Financials ETF,TSX,ETP,60382977.1,,,,,,,,,,,,,,,,,
AMAX.TO,AMAX,Hamilton Gold Producer YIELD MAXIMIZER ETF,TSX,ETP,382372884.52,,,,,,,,,,,,,,,,,
LMAX.TO,LMAX,Hamilton Healthcare YIELD MAXIMIZER ETF,TSX,ETP,139319835.525,,,,,,,,,,,,,,,,,
RMAX.TO,RMAX,Hamilton REITs YIELD MAXIMIZER ETF,TSX,ETP,107172499.5,,,,,,,,,,,,,,,,,
QMAX.TO,QMAX,Hamilton Technology YIELD MAXIMIZER ETF,TSX,ETP,729580872.95,,,,,,,,,,,,,,,,,
HBND.TO,HBND,Hamilton U.S. Bond YIELD MAXIMIZER ETF,TSX,ETP,210238110.0,,,,,,,,,,,,,,,,,
SMAX.TO,SMAX,Hamilton U.S. Equity YIELD MAXIMIZER ETF,TSX,ETP,852935214.56,,,,,,,,,,,,,,,,,
FMAX.TO,FMAX,Hamilton U.S. Financials YIELD MAXIMIZER ETF,TSX,ETP,150443132.99,,,,,,,,,,,,,,,,,
HUM.TO,HUM,Hamilton U.S. Mid-Cap Financials ETF,TSX,ETP,30545553.93,,,,,,,,,,,,,,,,,
HBIL.TO,HBIL,Hamilton U.S. T-Bill YIELD MAXIMIZER™ ETF,TSX,ETP,254100764.84,,,,,,,,,,,,,,,,,
UMAX.TO,UMAX,Hamilton Utilities YIELD MAXIMIZER ETF,TSX,ETP,919445368.2,,,,,,,,,,,,,,,,,
HMM.TO,HMM,Hammond Manufacturing Company Limited,TSX,Industrial Products & Services,95998320.0,,,,,,,,,,,,,,,,,
HPS.TO,HPS,Hammond Power Solutions Inc.,TSX,Industrial Products & Services,1953097536.0,,,,,,,,,,,,,,,,,
AEME.TO,AEME,Harvest Agnico Eagle Enhanced High Income Shares ETF,TSX,ETP,5561250.0,,,,,,,,,,,,,,,,,
GOGY.TO,GOGY,Harvest Alphabet Enhanced High Income Shares ETF,TSX,ETP,99082000.0,,,,,,,,,,,,,,,,,
AMHE.TO,AMHE,Harvest Amazon Enhanced High Income Shares ETF,TSX,ETP,98376000.0,,,,,,,,,,,,,,,,,
AMZH.TO,AMZH,Harvest Amazon High Income Shares ETF,TSX,ETP,22360500.0,,,,,,,,,,,,,,,,,
AMDY.TO,AMDY,Harvest AMD Enhanced High Income Shares ETF,TSX,ETP,91640000.0,,,,,,,,,,,,,,,,,
APLE.TO,APLE,Harvest Apple Enhanced High Income Shares ETF,TSX,ETP,80370000.0,,,,,,,,,,,,,,,,,
HBIE.TO,HBIE,Harvest Balanced Income & Growth Enhanced ETF,TSX,ETP,11233750.0,,,,,,,,,,,,,,,,,
HBIG.TO,HBIG,Harvest Balanced Income & Growth ETF,TSX,ETP,8410500.0,,,,,,,,,,,,,,,,,
BCEE.TO,BCEE,Harvest BCE Enhanced High Income Shares ETF,TSX,ETP,3159000.0,,,,,,,,,,,,,,,,,
HBF.TO,HBF,Harvest Brand Leaders Plus Income ETF,TSX,ETP,583782639.395,,,,,,,,,,,,,,,,,
AVGY.TO,AVGY,Harvest Broadcom Enhanced High Income Shares ETF,TSX,ETP,100004000.0,,,,,,,,,,,,,,,,,
CCOE.TO,CCOE,Harvest Cameco Enhanced High Income Shares ETF,TSX,ETP,7225000.0,,,,,,,,,,,,,,,,,
HLIF.TO,HLIF,Harvest Canadian Equity Income Leaders ETF,TSX,ETP,124371000.0,,,,,,,,,,,,,,,,,
HHIC.TO,HHIC,Harvest Canadian High Income Shares ETF,TSX,ETP,96187500.0,,,,,,,,,,,,,,,,,
TBIL.TO,TBIL,Harvest Canadian T-Bill ETF,TSX,ETP,103770750.0,,,,,,,,,,,,,,,,,
CRCY.TO,CRCY,Harvest Circle Enhanced High Income Shares ETF,TSX,ETP,18026500.0,,,,,,,,,,,,,,,,,
HCLN.TO,HCLN,Harvest Clean Energy ETF,TSX,ETP,20680400.0,,,,,,,,,,,,,,,,,
CNQE.TO,CNQE,Harvest CNQ Enhanced High Income Shares ETF,TSX,ETP,3327500.0,,,,,,,,,,,,,,,,,
CNYE.TO,CNYE,Harvest Coinbase Enhanced High Income Shares ETF,TSX,ETP,102225000.0,,,,,,,,,,,,,,,,,
CONY.TO,CONY,Harvest Coinbase High Income Shares ETF,TSX,ETP,16087500.0,,,,,,,,,,,,,,,,,
COSY.TO,COSY,Harvest Costco Enhanced High Income Shares ETF,TSX,ETP,63240000.0,,,,,,,,,,,,,,,,,
HRIF.TO,HRIF,Harvest Diversified Equity Income ETF,TSX,ETP,23125500.0,,,,,,,,,,,,,,,,,
HHIS.TO,HHIS,Harvest Diversified High Income Shares ETF,TSX,ETP,1115267500.0,,,,,,,,,,,,,,,,,
HDIF.TO,HDIF,Harvest Diversified Monthly Income ETF,TSX,ETP,452722625.0,,,,,,,,,,,,,,,,,
LLHE.TO,LLHE,Harvest Eli Lilly Enhanced High Income Shares ETF,TSX,ETP,156861875.0,,,,,,,,,,,,,,,,,
LLYH.TO,LLYH,Harvest Eli Lilly High Income Shares ETF,TSX,ETP,27355500.0,,,,,,,,,,,,,,,,,
ENBE.TO,ENBE,Harvest Enbridge Enhanced High Income Shares ETF,TSX,ETP,3519000.0,,,,,,,,,,,,,,,,,
HPF.TO,HPF,Harvest Energy Leaders Plus Income ETF,TSX,ETP,49782739.0,,,,,,,,,,,,,,,,,
HUTE.TO,HUTE,Harvest Equal Weight Global Utilities Enhanced Income ETF,TSX,ETP,63783000.0,,,,,,,,,,,,,,,,,
HUTL.TO,HUTL,Harvest Equal Weight Global Utilities Income ETF,TSX,ETP,386469000.0,,,,,,,,,,,,,,,,,
HGGG.TO,HGGG,Harvest Global Gold Giants Index ETF,TSX,ETP,44310000.0,,,,,,,,,,,,,,,,,
HGR.TO,HGR,Harvest Global REIT Leaders Income ETF,TSX,ETP,61517000.0,,,,,,,,,,,,,,,,,
HHLE.TO,HHLE,Harvest Healthcare Leaders Enhanced Income ETF,TSX,ETP,73218750.0,,,,,,,,,,,,,,,,,
HHL.TO,HHL,Harvest Healthcare Leaders Income ETF,TSX,ETP,1686745482.73,,,,,,,,,,,,,,,,,
HHIH.TO,HHIH,Harvest High Income Equity Shares ETF,TSX,ETP,13608000.0,,,,,,,,,,,,,,,,,
HIND.TO,HIND,Harvest Industrial Leaders Income ETF,TSX,ETP,63037500.0,,,,,,,,,,,,,,,,,
HVOL.TO,HVOL,Harvest Low Volatility Canadian Equity ETF,TSX,ETP,9765750.0,,,,,,,,,,,,,,,,,
HVOI.TO,HVOI,Harvest Low Volatility Canadian Equity Income ETF,TSX,ETP,46008000.0,,,,,,,,,,,,,,,,,
METE.TO,METE,Harvest Meta Enhanced High Income Shares ETF,TSX,ETP,74460000.0,,,,,,,,,,,,,,,,,
MSHE.TO,MSHE,Harvest Microsoft Enhanced High Income Shares ETF,TSX,ETP,96149250.0,,,,,,,,,,,,,,,,,
MSFH.TO,MSFH,Harvest Microsoft High Income Shares ETF,TSX,ETP,22417500.0,,,,,,,,,,,,,,,,,
MSTE.TO,MSTE,Harvest MicroStrategy Enhanced High Income Shares ETF,TSX,ETP,472468500.0,,,,,,,,,,,,,,,,,
MSTY.TO,MSTY,Harvest MicroStrategy High Income Shares ETF,TSX,ETP,96790750.0,,,,,,,,,,,,,,,,,
NFLY.TO,NFLY,Harvest Netflix Enhanced High Income Shares ETF,TSX,ETP,68799000.0,,,,,,,,,,,,,,,,,
NVHE.TO,NVHE,Harvest NVIDIA Enhanced High Income Shares ETF,TSX,ETP,197916000.0,,,,,,,,,,,,,,,,,
NVDH.TO,NVDH,Harvest NVIDIA High Income Shares ETF,TSX,ETP,34169500.0,,,,,,,,,,,,,,,,,
PLTE.TO,PLTE,Harvest Palantir Enhanced High Income Shares ETF,TSX,ETP,164317500.0,,,,,,,,,,,,,,,,,
HPYM.TO,HPYM,Harvest Premium Yield 7-10 Year Treasury ETF,TSX,ETP,226376000.0,,,,,,,,,,,,,,,,,
HPYT.TO,HPYT,Harvest Premium Yield Treasury ETF,TSX,ETP,548640000.0,,,,,,,,,,,,,,,,,
RDDY.TO,RDDY,Harvest Reddit Enhanced High Income Shares ETF,TSX,ETP,21340000.0,,,,,,,,,,,,,,,,,
HODY.TO,HODY,Harvest Robinhood Enhanced High Income Shares ETF,TSX,ETP,11912000.0,,,,,,,,,,,,,,,,,
RYHE.TO,RYHE,Harvest Royal Bank Enhanced High Income Shares ETF,TSX,ETP,2269750.0,,,,,,,,,,,,,,,,,
SHPE.TO,SHPE,Harvest Shopify Enhanced High Income Shares ETF,TSX,ETP,10023750.0,,,,,,,,,,,,,,,,,
SOFY.TO,SOFY,Harvest SoFi Enhanced High Income Shares ETF,TSX,ETP,19520000.0,,,,,,,,,,,,,,,,,
SUHE.TO,SUHE,Harvest Suncor Enhanced High Income Shares ETF,TSX,ETP,3418250.0,,,,,,,,,,,,,,,,,
TDHE.TO,TDHE,Harvest TD Bank Enhanced High Income Shares ETF,TSX,ETP,2026500.0,,,,,,,,,,,,,,,,,
HTAE.TO,HTAE,Harvest Tech Achievers Enhanced Income ETF,TSX,ETP,86975000.0,,,,,,,,,,,,,,,,,
HTA.TO,HTA,Harvest Tech Achievers Growth & Income ETF,TSX,ETP,776523048.6,,,,,,,,,,,,,,,,,
TEHE.TO,TEHE,Harvest TELUS Enhanced High Income Shares ETF,TSX,ETP,1856750.0,,,,,,,,,,,,,,,,,
TSLY.TO,TSLY,Harvest Tesla Enhanced High Income Shares ETF,TSX,ETP,245231250.0,,,,,,,,,,,,,,,,,
TRVI.TO,TRVI,Harvest Travel & Leisure Income ETF,TSX,ETP,53515000.0,,,,,,,,,,,,,,,,,
TRVL.TO,TRVL,Harvest Travel & Leisure Index ETF,TSX,ETP,44463750.0,,,,,,,,,,,,,,,,,
HUBL.TO,HUBL,Harvest US Bank Leaders Income ETF,TSX,ETP,123723500.0,,,,,,,,,,,,,,,,,
HWX.TO,HWX,Headwater Exploration Inc.,TSX,Oil & Gas,1766845289.8,,,,,,,,,,,,,,,,,
MDS.TO,MDS,Healthcare Special Opportunities Fund,TSX,Closed-End Funds,14812963.0,,,,,,,,,,,,,,,,,
AIDX.TO,AIDX,HealWELL AI Inc.,TSX,Life Sciences,413767949.72,,,,,,,,,,,,,,,,,
HFPC.TO,HFPC,Helios Fairfax Partners Corporation,TSX,Financial Services,105149034.89,,,,,,,,,,,,,,,,,
HBP.TO,HBP,Helix BioPharma Corp.,TSX,Life Sciences,152756196.0,,,,,,,,,,,,,,,,,
HWO.TO,HWO,High Arctic Energy Services Inc.,TSX,Industrial Products & Services,10284536.79,,,,,,,,,,,,,,,,,
HLF.TO,HLF,High Liner Foods Incorporated,TSX,Consumer Products & Services,491502733.44,,,,,,,,,,,,,,,,,
HSLV.TO,HSLV,Highlander Silver Corp.,TSX,Mining,491178224.34,,,,,,,,,,,,,,,,,
HLS.TO,HLS,HLS Therapeutics Inc.,TSX,Life Sciences,174516067.98,,,,,,,,,,,,,,,,,
HBM.TO,HBM,HudBay Minerals Inc.,TSX,Mining,8905123612.16,,,,,,,,,,,,,,,,,
HUT.TO,HUT,Hut 8 Corp.,TSX,Technology,7552379473.92,,,,,,,,,,,,,,,,,
H.TO,H,Hydro One Limited,TSX,Utilities & Pipelines,31026713083.03,,,,,,,,,,,,,,,,,
IAU.TO,IAU,i-80 Gold Corp.,TSX,Mining,1059051045.34,,,,,,,,,,,,,,,,,
ICPB.TO,ICPB,IA Clarington Agile Core Plus Bond Fund,TSX,ETP,72124000.0,,,,,,,,,,,,,,,,,
GTRI.TO,GTRI,IA Clarington Agile Global Total Return Income Fund,TSX,ETP,63016400.0,,,,,,,,,,,,,,,,,
IFRF.TO,IFRF,IA Clarington Loomis Floating Rate Income Fund,TSX,ETP,1761750.0,,,,,,,,,,,,,,,,,
IGAF.TO,IGAF,IA Clarington Loomis Global Allocation Fund ETF,TSX,ETP,52832000.0,,,,,,,,,,,,,,,,,
IGEO.TO,IGEO,IA Clarington Loomis Global Equity Opportunities Fund,TSX,ETP,4819000.0,,,,,,,,,,,,,,,,,
ILGB.TO,ILGB,IA Clarington Loomis Global Multisector Bond Fund,TSX,ETP,18494866.74,,,,,,,,,,,,,,,,,
ISCB.TO,ISCB,IA Clarington Strategic Corporate Bond Fund,TSX,ETP,2992000.0,,,,,,,,,,,,,,,,,
ISIF.TO,ISIF,IA Clarington Strategic Income Fund,TSX,ETP,2268000.0,,,,,,,,,,,,,,,,,
IAG.TO,IAG,iA Financial Corporation,TSX,Financial Services,15284840750.28,,,,,,,,,,,,,,,,,
IWEB.TO,IWEB,IA Wealth Enhanced Bond Pool,TSX,ETP,1141350.0,,,,,,,,,,,,,,,,,
IMG.TO,IMG,IAMGold Corporation,TSX,Mining,9343393060.4,,,,,,,,,,,,,,,,,
IFA.TO,IFA,iFabric Corp.,TSX,Consumer Products & Services,36662355.07,,,,,,,,,,,,,,,,,
IGM.TO,IGM,IGM Financial Inc.,TSX,Financial Services,12762840255.1,,,,,,,,,,,,,,,,,
ILLM.TO,ILLM,illumin Holdings Inc.,TSX,Technology,62703460.82,,,,,,,,,,,,,,,,,
III.TO,III,Imperial Metals Corporation,TSX,Mining,1219550648.35,,,,,,,,,,,,,,,,,
IMO.TO,IMO,Imperial Oil Limited,TSX,Oil & Gas,61635610399.35,,,,,,,,,,,,,,,,,
INC.TO,INC,Income Financial Trust,TSX,Closed-End Funds,28855395.0,,,,,,,,,,,,,,,,,
ISC.TO,ISC,Information Services Corporation,TSX,Technology,693974849.91,,,,,,,,,,,,,,,,,
IS.TO,IS,Infrastructure Dividend Split Corp.,TSX,Closed-End Funds,137272214.25,,,,,,,,,,,,,,,,,
INGS.TO,INGS,ING CDR (CAD Hedged),TSX,ETP,11624000.0,,,,,,,,,,,,,,,,,
INO.TO,INO,Inovalis Real Estate Investment Trust,TSX,Real Estate,26943733.89,,,,,,,,,,,,,,,,,
IPO.TO,IPO,InPlay Oil Corp.,TSX,Oil & Gas,335667309.85,,,,,,,,,,,,,,,,,
IFC.TO,IFC,Intact Financial Corporation,TSX,Financial Services,47832730993.84,,,,,,,,,,,,,,,,,
IFP.TO,IFP,Interfor Corporation,TSX,Industrial Products & Services,520139499.46,,,,,,,,,,,,,,,,,
IMP.TO,IMP,Intermap Technologies Corporation,TSX,Technology,196497272.64,,,,,,,,,,,,,,,,,
IPCO.TO,IPCO,International Petroleum Corporation,TSX,Oil & Gas,2499371848.2,,,,,,,,,,,,,,,,,
ITH.TO,ITH,International Tower Hill Mines Ltd.,TSX,Mining,528029101.42,,,,,,,,,,,,,,,,,
IIP.TO,IIP,InterRent Real Estate Investment Trust,TSX,Real Estate,1869178252.98,,,,,,,,,,,,,,,,,
PSB.TO,PSB,Invesco 1-5 Year Laddered Investment Grade Corporate Bond Index ETF,TSX,ETP,523825187.5,,,,,,,,,,,,,,,,,
ICCB.TO,ICCB,Invesco Canadian Core Plus Bond ETF,TSX,ETP,26646600.0,,,,,,,,,,,,,,,,,
PDC.TO,PDC,Invesco Canadian Dividend Index ETF,TSX,ETP,885645670.0,,,,,,,,,,,,,,,,,
PFL.TO,PFL,Invesco Canadian Government Floating Rate Index ETF,TSX,ETP,290927000.0,,,,,,,,,,,,,,,,,
BESG.TO,BESG,Invesco ESG Canadian Core Plus Bond ETF,TSX,ETP,125972000.0,,,,,,,,,,,,,,,,,
IWBE.TO,IWBE,Invesco ESG Global Bond ETF,TSX,ETP,26566400.0,,,,,,,,,,,,,,,,,
QQCE.TO,QQCE,Invesco ESG NASDAQ 100 Index ETF,TSX,ETP,819666500.0,,,,,,,,,,,,,,,,,
QQJE.TO,QQJE,Invesco ESG NASDAQ Next Gen 100 Index ETF,TSX,ETP,2153500.0,,,,,,,,,,,,,,,,,
PFH.TO,PFH,Invesco Fundamental High Yield Corporate Bond Index ETF,TSX,ETP,7089165.0,,,,,,,,,,,,,,,,,
ICGB.TO,ICGB,Invesco Global Bond ETF,TSX,ETP,173106300.0,,,,,,,,,,,,,,,,,
IIMF.TO,IIMF,Invesco International Developed Dynamic-Multifactor Index ETF,TSX,ETP,94654000.0,,,,,,,,,,,,,,,,,
PLV.TO,PLV,Invesco Low Volatility Portfolio ETF,TSX,ETP,10219605.0,,,,,,,,,,,,,,,,,
IGET.TO,IGET,Invesco Morningstar Global Energy Transition Index ETF,TSX,ETP,2220000.0,,,,,,,,,,,,,,,,,
INAI.TO,INAI,Invesco Morningstar Global Next Gen AI Index ETF,TSX,ETP,42798000.0,,,,,,,,,,,,,,,,,
QQEQ.TO,QQEQ,Invesco NASDAQ 100 Equal Weight Index ETF,TSX,ETP,18120000.0,,,,,,,,,,,,,,,,,
QQCI.TO,QQCI,Invesco NASDAQ 100 Income Advantage ETF,TSX,ETP,60766500.0,,,,,,,,,,,,,,,,,
QQC.TO,QQC,Invesco NASDAQ 100 Index ETF,TSX,ETP,2616487800.0,,,,,,,,,,,,,,,,,
QQJR.TO,QQJR,Invesco NASDAQ Next Gen 100 Index ETF,TSX,ETP,2186600.0,,,,,,,,,,,,,,,,,
PXC.TO,PXC,Invesco RAFI Canadian Index ETF,TSX,ETP,167699955.2,,,,,,,,,,,,,,,,,
PZW.TO,PZW,Invesco RAFI Global Small-Mid ETF,TSX,ETP,42552200.0,,,,,,,,,,,,,,,,,
PXU.TO,PXU,Invesco RAFI U.S. Index ETF,TSX,ETP,54288750.0,,,,,,,,,,,,,,,,,
PXS.TO,PXS,Invesco RAFI U.S. Index ETF II,TSX,ETP,40843290.0,,,,,,,,,,,,,,,,,
IUMF.TO,IUMF,Invesco Russell 1000 Dynamic-Multifactor Index ETF,TSX,ETP,132705300.0,,,,,,,,,,,,,,,,,
EQLI.TO,EQLI,Invesco S&P 500 Equal Weight Income Advantage ETF,TSX,ETP,155170000.0,,,,,,,,,,,,,,,,,
EQL.TO,EQL,Invesco S&P 500 Equal Weight Index ETF,TSX,ETP,2316376140.0,,,,,,,,,,,,,,,,,
ESG.TO,ESG,Invesco S&P 500 ESG Index ETF,TSX,ETP,550039000.0,,,,,,,,,,,,,,,,,
ISTE.TO,ISTE,Invesco S&P 500 ESG Tilt Index ETF,TSX,ETP,3708000.0,,,,,,,,,,,,,,,,,
ULV.TO,ULV,Invesco S&P 500 Low Volatility Index ETF,TSX,ETP,119085750.0,,,,,,,,,,,,,,,,,
IIAE.TO,IIAE,Invesco S&P International Developed Dividend Aristocrats ESG Index ETF,TSX,ETP,13269500.0,,,,,,,,,,,,,,,,,
IICE.TO,IICE,Invesco S&P International Developed ESG Index ETF,TSX,ETP,32488500.0,,,,,,,,,,,,,,,,,
IITE.TO,IITE,Invesco S&P International Developed ESG Tilt Index ETF,TSX,ETP,7392000.0,,,,,,,,,,,,,,,,,
IUAE.TO,IUAE,Invesco S&P US Dividend Aristocrats ESG Index ETF,TSX,ETP,19652000.0,,,,,,,,,,,,,,,,,
IUCE.TO,IUCE,Invesco S&P US Total Market ESG Index ETF,TSX,ETP,2530000.0,,,,,,,,,,,,,,,,,
IUTE.TO,IUTE,Invesco S&P US Total Market ESG Tilt Index ETF,TSX,ETP,4940800.0,,,,,,,,,,,,,,,,,
EQLT.TO,EQLT,Invesco S&P/TSX 60 Equal Weight Index ETF,TSX,ETP,7540000.0,,,,,,,,,,,,,,,,,
IXTE.TO,IXTE,Invesco S&P/TSX 60 ESG Tilt Index ETF,TSX,ETP,4021500.0,,,,,,,,,,,,,,,,,
ICAE.TO,ICAE,Invesco S&P/TSX Canadian Dividend Aristocrats ESG Index ETF,TSX,ETP,7737000.0,,,,,,,,,,,,,,,,,
ESGC.TO,ESGC,Invesco S&P/TSX Composite ESG Index ETF,TSX,ETP,80293000.0,,,,,,,,,,,,,,,,,
ICTE.TO,ICTE,Invesco S&P/TSX Composite ESG Tilt Index ETF,TSX,ETP,2306000.0,,,,,,,,,,,,,,,,,
TLV.TO,TLV,Invesco S&P/TSX Composite Low Volatility Index ETF,TSX,ETP,97597500.0,,,,,,,,,,,,,,,,,
IUFR.TO,IUFR,Invesco US Treasury Floating Rate Note Index ETF (USD),TSX,ETP,14823040.0,,,,,,,,,,,,,,,,,
IVQ.TO,IVQ,Invesque Inc.,TSX,Real Estate,109839695.37,,,,,,,,,,,,,,,,,
XSTP.TO,XSTP,iShares 0-5 Year TIPS Bond Index ETF,TSX,ETP,124374700.0,,,,,,,,,,,,,,,,,
XSTH.TO,XSTH,iShares 0-5 Year TIPS Bond Index ETF (CAD-Hedged),TSX,ETP,513546000.0,,,,,,,,,,,,,,,,,
CBH.TO,CBH,iShares 1-10 Year Laddered Corporate Bond Index ETF,TSX,ETP,520520000.0,,,,,,,,,,,,,,,,,
CLG.TO,CLG,iShares 1-10 Year Laddered Government Bond Index ETF,TSX,ETP,759456000.0,,,,,,,,,,,,,,,,,
CBO.TO,CBO,iShares 1-5 Year Laddered Corporate Bond Index ETF,TSX,ETP,778122000.0,,,,,,,,,,,,,,,,,
CLF.TO,CLF,iShares 1-5 Year Laddered Government Bond Index ETF,TSX,ETP,606767000.0,,,,,,,,,,,,,,,,,
XSHU.TO,XSHU,iShares 1-5 Year U.S. IG Corporate Bond Index ETF,TSX,ETP,37135000.0,,,,,,,,,,,,,,,,,
XIGS.TO,XIGS,iShares 1-5 Year U.S. IG Corporate Bond Index ETF (CAD-Hedged),TSX,ETP,592411050.0,,,,,,,,,,,,,,,,,
XTLT.TO,XTLT,iShares 20+ Year U.S. Treasury Bond Index ETF,TSX,ETP,137464500.0,,,,,,,,,,,,,,,,,
XTLH.TO,XTLH,iShares 20+ Year U.S. Treasury Bond Index ETF (CAD-Hedged),TSX,ETP,311990400.0,,,,,,,,,,,,,,,,,
FIE.TO,FIE,iShares Canadian Financial Monthly Income ETF,TSX,ETP,1213940000.0,,,,,,,,,,,,,,,,,
XCG.TO,XCG,iShares Canadian Growth Index ETF,TSX,ETP,142516000.0,,,,,,,,,,,,,,,,,
XHB.TO,XHB,iShares Canadian HYBrid Corporate Bond Index ETF,TSX,ETP,215819000.0,,,,,,,,,,,,,,,,,
XRB.TO,XRB,iShares Canadian Real Return Bond Index ETF,TSX,ETP,261632000.0,,,,,,,,,,,,,,,,,
XDV.TO,XDV,iShares Canadian Select Dividend Index ETF,TSX,ETP,1987740000.0,,,,,,,,,,,,,,,,,
XCV.TO,XCV,iShares Canadian Value Index ETF,TSX,ETP,96120000.0,,,,,,,,,,,,,,,,,
XCH.TO,XCH,iShares China Index ETF,TSX,ETP,209034000.0,,,,,,,,,,,,,,,,,
XSC.TO,XSC,iShares Conservative Short Term Strategic Fixed Income ETF,TSX,ETP,64872000.0,,,,,,,,,,,,,,,,,
XSE.TO,XSE,iShares Conservative Strategic Fixed Income ETF,TSX,ETP,70278000.0,,,,,,,,,,,,,,,,,
CVD.TO,CVD,iShares Convertible Bond Index ETF,TSX,ETP,101916000.0,,,,,,,,,,,,,,,,,
XBAL.TO,XBAL,iShares Core Balanced ETF Portfolio,TSX,ETP,2472736500.0,,,,,,,,,,,,,,,,,
XFLB.TO,XFLB,iShares Core Canadian 15+ Year Federal Bond Index ETF,TSX,ETP,51194000.0,,,,,,,,,,,,,,,,,
XCB.TO,XCB,iShares Core Canadian Corporate Bond Index ETF,TSX,ETP,2577960000.0,,,,,,,,,,,,,,,,,
XGB.TO,XGB,iShares Core Canadian Government Bond Index ETF,TSX,ETP,1812075000.0,,,,,,,,,,,,,,,,,
XLB.TO,XLB,iShares Core Canadian Long Term Bond Index ETF,TSX,ETP,890117500.0,,,,,,,,,,,,,,,,,
XSB.TO,XSB,iShares Core Canadian Short Term Bond Index ETF,TSX,ETP,3363265500.0,,,,,,,,,,,,,,,,,
XSH.TO,XSH,iShares Core Canadian Short Term Corporate Bond Index ETF,TSX,ETP,2077306000.0,,,,,,,,,,,,,,,,,
XSMB.TO,XSMB,iShares Core Canadian Short-Mid Term Universe Bond Index ETF,TSX,ETP,10162500.0,,,,,,,,,,,,,,,,,
XBB.TO,XBB,iShares Core Canadian Universe Bond Index ETF,TSX,ETP,8849304000.0,,,,,,,,,,,,,,,,,
XCNS.TO,XCNS,iShares Core Conservative Balanced ETF,TSX,ETP,288674250.0,,,,,,,,,,,,,,,,,
XEQT.TO,XEQT,iShares Core Equity ETF,TSX,ETP,11249983500.0,,,,,,,,,,,,,,,,,
XGRO.TO,XGRO,iShares Core Growth ETF Portfolio,TSX,ETP,3933370500.0,,,,,,,,,,,,,,,,,
XINC.TO,XINC,iShares Core Income Balanced ETF,TSX,ETP,93625000.0,,,,,,,,,,,,,,,,,
XAW.TO,XAW,iShares Core MSCI All Country World ex Canada Index ETF,TSX,ETP,3501748000.0,,,,,,,,,,,,,,,,,
XDIV.TO,XDIV,iShares Core MSCI Canadian Quality Dividend Index ETF,TSX,ETP,3200680000.0,,,,,,,,,,,,,,,,,
XEF.TO,XEF,iShares Core MSCI EAFE IMI Index ETF,TSX,ETP,15510194750.0,,,,,,,,,,,,,,,,,
XFH.TO,XFH,iShares Core MSCI EAFE IMI Index ETF (CAD-Hedged),TSX,ETP,2206044000.0,,,,,,,,,,,,,,,,,
XEC.TO,XEC,iShares Core MSCI Emerging Markets IMI Index ETF,TSX,ETP,3067081500.0,,,,,,,,,,,,,,,,,
XDG.TO,XDG,iShares Core MSCI Global Quality Dividend Index ETF,TSX,ETP,529380500.0,,,,,,,,,,,,,,,,,
XDGH.TO,XDGH,iShares Core MSCI Global Quality Dividend Index ETF (CAD-Hedged),TSX,ETP,113720000.0,,,,,,,,,,,,,,,,,
XDU.TO,XDU,iShares Core MSCI US Quality Dividend Index ETF,TSX,ETP,251792750.0,,,,,,,,,,,,,,,,,
XDUH.TO,XDUH,iShares Core MSCI US Quality Dividend Index ETF (CAD-Hedged),TSX,ETP,84885000.0,,,,,,,,,,,,,,,,,
XUS.TO,XUS,iShares Core S&P 500 Index ETF,TSX,ETP,10675909750.0,,,,,,,,,,,,,,,,,
XSP.TO,XSP,iShares Core S&P 500 Index ETF (CAD-Hedged),TSX,ETP,13937600000.0,,,,,,,,,,,,,,,,,
XTOT.TO,XTOT,iShares Core S&P Total U.S. Stock Market Index ETF,TSX,ETP,1914431750.0,,,,,,,,,,,,,,,,,
XTOH.TO,XTOH,iShares Core S&P Total U.S. Stock Market Index ETF (CAD-Hedged),TSX,ETP,1109500.0,,,,,,,,,,,,,,,,,
XUU.TO,XUU,iShares Core S&P U.S. Total Market Index ETF,TSX,ETP,4186235000.0,,,,,,,,,,,,,,,,,
XUH.TO,XUH,iShares Core S&P U.S. Total Market Index ETF (CAD-Hedged),TSX,ETP,451178250.0,,,,,,,,,,,,,,,,,
XIC.TO,XIC,iShares Core S&P/TSX Capped Composite Index ETF,TSX,ETP,19761392000.0,,,,,,,,,,,,,,,,,
XHAK.TO,XHAK,iShares Cybersecurity and Tech Index ETF,TSX,ETP,22435750.0,,,,,,,,,,,,,,,,,
XTR.TO,XTR,iShares Diversified Monthly Income ETF,TSX,ETP,360840000.0,,,,,,,,,,,,,,,,,
CEW.TO,CEW,iShares Equal Weight Banc & Lifeco ETF,TSX,ETP,294978000.0,,,,,,,,,,,,,,,,,
XSHG.TO,XSHG,iShares ESG Advanced 1-5 Year Canadian Corporate Bond Index ETF,TSX,ETP,39780000.0,,,,,,,,,,,,,,,,,
XCBG.TO,XCBG,iShares ESG Advanced Canadian Corporate Bond Index ETF,TSX,ETP,84062000.0,,,,,,,,,,,,,,,,,
XCSR.TO,XCSR,iShares ESG Advanced MSCI Canada Index ETF,TSX,ETP,423412500.0,,,,,,,,,,,,,,,,,
XDSR.TO,XDSR,iShares ESG Advanced MSCI EAFE Index ETF,TSX,ETP,264849000.0,,,,,,,,,,,,,,,,,
XUSR.TO,XUSR,iShares ESG Advanced MSCI USA Index ETF,TSX,ETP,398437500.0,,,,,,,,,,,,,,,,,
XSAB.TO,XSAB,iShares ESG Aware Canadian Aggregate Bond Index ETF,TSX,ETP,209532000.0,,,,,,,,,,,,,,,,,
XSTB.TO,XSTB,iShares ESG Aware Canadian Short Term Bond Index ETF,TSX,ETP,129740000.0,,,,,,,,,,,,,,,,,
XESG.TO,XESG,iShares ESG Aware MSCI Canada Index ETF,TSX,ETP,543018000.0,,,,,,,,,,,,,,,,,
XSEA.TO,XSEA,iShares ESG Aware MSCI EAFE Index ETF,TSX,ETP,302931000.0,,,,,,,,,,,,,,,,,
XSEM.TO,XSEM,iShares ESG Aware MSCI Emerging Markets Index ETF,TSX,ETP,4760112000.0,,,,,,,,,,,,,,,,,
XSUS.TO,XSUS,iShares ESG Aware MSCI USA Index ETF,TSX,ETP,606223500.0,,,,,,,,,,,,,,,,,
GBAL.TO,GBAL,iShares ESG Balanced ETF,TSX,ETP,179726900.0,,,,,,,,,,,,,,,,,
GCNS.TO,GCNS,iShares ESG Conservative Balanced ETF,TSX,ETP,53924000.0,,,,,,,,,,,,,,,,,
GEQT.TO,GEQT,iShares ESG Equity ETF,TSX,ETP,186172350.0,,,,,,,,,,,,,,,,,
GGRO.TO,GGRO,iShares ESG Growth ETF,TSX,ETP,202095450.0,,,,,,,,,,,,,,,,,
XEXP.TO,XEXP,iShares Exponential Technologies Index ETF,TSX,ETP,29896500.0,,,,,,,,,,,,,,,,,
XFLI.TO,XFLI,iShares Flexible Monthly Income ETF,TSX,ETP,265423400.0,,,,,,,,,,,,,,,,,
XFLX.TO,XFLX,iShares Flexible Monthly Income ETF (CAD-Hedged),TSX,ETP,165264200.0,,,,,,,,,,,,,,,,,
XFR.TO,XFR,iShares Floating Rate Index ETF,TSX,ETP,741110000.0,,,,,,,,,,,,,,,,,
XDNA.TO,XDNA,iShares Genomics Immunology and Healthcare Index ETF,TSX,ETP,5476500.0,,,,,,,,,,,,,,,,,
COW.TO,COW,iShares Global Agriculture Index ETF,TSX,ETP,229752000.0,,,,,,,,,,,,,,,,,
XCLN.TO,XCLN,iShares Global Clean Energy Index ETF,TSX,ETP,15116250.0,,,,,,,,,,,,,,,,,
XDRV.TO,XDRV,iShares Global Electric and Autonomous Vehicles Index ETF,TSX,ETP,5637500.0,,,,,,,,,,,,,,,,,
XHC.TO,XHC,iShares Global Healthcare Index ETF (CAD-Hedged),TSX,ETP,521040000.0,,,,,,,,,,,,,,,,,
CIF.TO,CIF,iShares Global Infrastructure Index ETF,TSX,ETP,928654750.0,,,,,,,,,,,,,,,,,
CYH.TO,CYH,iShares Global Monthly Dividend Index ETF (CAD-Hedged),TSX,ETP,163875000.0,,,,,,,,,,,,,,,,,
CGR.TO,CGR,iShares Global Real Estate Index ETF,TSX,ETP,243873000.0,,,,,,,,,,,,,,,,,
CWW.TO,CWW,iShares Global Water Index ETF,TSX,ETP,306299000.0,,,,,,,,,,,,,,,,,
CGL.TO,CGL,iShares Gold Bullion ETF,TSX,ETP,2775245000.0,,,,,,,,,,,,,,,,,
XQB.TO,XQB,iShares High Quality Canadian Bond Index ETF,TSX,ETP,523600000.0,,,,,,,,,,,,,,,,,
XID.TO,XID,iShares India Index ETF,TSX,ETP,139491000.0,,,,,,,,,,,,,,,,,
XEB.TO,XEB,iShares J.P. Morgan USD Emerging Markets Bond Index ETF (CAD-Hedged),TSX,ETP,28669500.0,,,,,,,,,,,,,,,,,
XEN.TO,XEN,iShares Jantzi Social Index ETF,TSX,ETP,157488000.0,,,,,,,,,,,,,,,,,
XIN.TO,XIN,iShares MSCI EAFE Index ETF (CAD-Hedged),TSX,ETP,1594951500.0,,,,,,,,,,,,,,,,,
XEMC.TO,XEMC,iShares MSCI Emerging Markets ex China Index ETF,TSX,ETP,53896900.0,,,,,,,,,,,,,,,,,
XEM.TO,XEM,iShares MSCI Emerging Markets Index ETF,TSX,ETP,230742000.0,,,,,,,,,,,,,,,,,
XEU.TO,XEU,iShares MSCI Europe IMI Index ETF,TSX,ETP,592480000.0,,,,,,,,,,,,,,,,,
XEH.TO,XEH,iShares MSCI Europe IMI Index ETF (CAD-Hedged),TSX,ETP,267837000.0,,,,,,,,,,,,,,,,,
XMV.TO,XMV,iShares MSCI Min Vol Canada Index ETF,TSX,ETP,353362500.0,,,,,,,,,,,,,,,,,
XMI.TO,XMI,iShares MSCI Min Vol EAFE Index ETF,TSX,ETP,177789500.0,,,,,,,,,,,,,,,,,
XML.TO,XML,iShares MSCI Min Vol EAFE Index ETF (CAD-Hedged),TSX,ETP,36272250.0,,,,,,,,,,,,,,,,,
XMM.TO,XMM,iShares MSCI Min Vol Emerging Markets Index ETF,TSX,ETP,96140500.0,,,,,,,,,,,,,,,,,
XMW.TO,XMW,iShares MSCI Min Vol Global Index ETF,TSX,ETP,192258000.0,,,,,,,,,,,,,,,,,
XMY.TO,XMY,iShares MSCI Min Vol Global Index ETF (CAD-Hedged),TSX,ETP,21300500.0,,,,,,,,,,,,,,,,,
XMU.TO,XMU,iShares MSCI Min Vol USA Index ETF,TSX,ETP,389391500.0,,,,,,,,,,,,,,,,,
XMS.TO,XMS,iShares MSCI Min Vol USA Index ETF (CAD-Hedged),TSX,ETP,55056500.0,,,,,,,,,,,,,,,,,
XMTM.TO,XMTM,iShares MSCI USA Momentum Factor Index ETF,TSX,ETP,31370400.0,,,,,,,,,,,,,,,,,
XQLT.TO,XQLT,iShares MSCI USA Quality Factor Index ETF,TSX,ETP,209878350.0,,,,,,,,,,,,,,,,,
XVLU.TO,XVLU,iShares MSCI USA Value Factor Index ETF,TSX,ETP,36743800.0,,,,,,,,,,,,,,,,,
XWD.TO,XWD,iShares MSCI World Index ETF,TSX,ETP,1464515500.0,,,,,,,,,,,,,,,,,
XQQU.TO,XQQU,iShares NASDAQ 100 Index ETF,TSX,ETP,185028000.0,,,,,,,,,,,,,,,,,
XQQ.TO,XQQ,iShares NASDAQ 100 Index ETF (CAD-Hedged),TSX,ETP,4287739500.0,,,,,,,,,,,,,,,,,
CMR.TO,CMR,iShares Premium Money Market ETF,TSX,ETP,2240896000.0,,,,,,,,,,,,,,,,,
XUSC.TO,XUSC,iShares S&P 500 3% Capped Index ETF,TSX,ETP,224356500.0,,,,,,,,,,,,,,,,,
XSPC.TO,XSPC,iShares S&P 500 3% Capped Index ETF (CAD-Hedged),TSX,ETP,318780000.0,,,,,,,,,,,,,,,,,
XCD.TO,XCD,iShares S&P Global Consumer Discretionary Index ETF (CAD-Hedged),TSX,ETP,71252500.0,,,,,,,,,,,,,,,,,
XGI.TO,XGI,iShares S&P Global Industrials Index ETF (CAD-Hedged),TSX,ETP,126280000.0,,,,,,,,,,,,,,,,,
XUSF.TO,XUSF,iShares S&P U.S. Financials Index ETF,TSX,ETP,48074100.0,,,,,,,,,,,,,,,,,
XMC.TO,XMC,iShares S&P U.S. Mid-Cap Index ETF,TSX,ETP,572322000.0,,,,,,,,,,,,,,,,,
XMH.TO,XMH,iShares S&P U.S. Mid-Cap Index ETF (CAD-Hedged),TSX,ETP,378649500.0,,,,,,,,,,,,,,,,,
XSMC.TO,XSMC,iShares S&P U.S. Small-Cap Index ETF,TSX,ETP,71848700.0,,,,,,,,,,,,,,,,,
XSMH.TO,XSMH,iShares S&P U.S. Small-Cap Index ETF (CAD-Hedged),TSX,ETP,67275000.0,,,,,,,,,,,,,,,,,
XIU.TO,XIU,iShares S&P/TSX 60 Index ETF,TSX,ETP,17848356000.0,,,,,,,,,,,,,,,,,
CDZ.TO,CDZ,iShares S&P/TSX Canadian Dividend Aristocrats Index ETF,TSX,ETP,1039616000.0,,,,,,,,,,,,,,,,,
CPD.TO,CPD,iShares S&P/TSX Canadian Preferred Share Index ETF,TSX,ETP,1063476000.0,,,,,,,,,,,,,,,,,
XST.TO,XST,iShares S&P/TSX Capped Consumer Staples Index ETF,TSX,ETP,329625000.0,,,,,,,,,,,,,,,,,
XEG.TO,XEG,iShares S&P/TSX Capped Energy Index ETF,TSX,ETP,1287896000.0,,,,,,,,,,,,,,,,,
XFN.TO,XFN,iShares S&P/TSX Capped Financials Index ETF,TSX,ETP,1815232000.0,,,,,,,,,,,,,,,,,
XIT.TO,XIT,iShares S&P/TSX Capped Information Technology Index ETF,TSX,ETP,789840000.0,,,,,,,,,,,,,,,,,
XMA.TO,XMA,iShares S&P/TSX Capped Materials Index ETF,TSX,ETP,337345000.0,,,,,,,,,,,,,,,,,
XRE.TO,XRE,iShares S&P/TSX Capped REIT Index ETF,TSX,ETP,1097928000.0,,,,,,,,,,,,,,,,,
XUT.TO,XUT,iShares S&P/TSX Capped Utilities Index ETF,TSX,ETP,315552000.0,,,,,,,,,,,,,,,,,
XMD.TO,XMD,iShares S&P/TSX Completion Index ETF,TSX,ETP,526575000.0,,,,,,,,,,,,,,,,,
XEI.TO,XEI,iShares S&P/TSX Composite High Dividend Index ETF,TSX,ETP,2520300000.0,,,,,,,,,,,,,,,,,
XETM.TO,XETM,iShares S&P/TSX Energy Transition Materials Index ETF,TSX,ETP,8806000.0,,,,,,,,,,,,,,,,,
XBM.TO,XBM,iShares S&P/TSX Global Base Metals Index ETF,TSX,ETP,296738000.0,,,,,,,,,,,,,,,,,
XGD.TO,XGD,iShares S&P/TSX Global Gold Index ETF,TSX,ETP,3248826000.0,,,,,,,,,,,,,,,,,
XPF.TO,XPF,iShares S&P/TSX North American Preferred Stock Index ETF (CAD-Hedged),TSX,ETP,236100000.0,,,,,,,,,,,,,,,,,
XCS.TO,XCS,iShares S&P/TSX SmallCap Index ETF,TSX,ETP,191151000.0,,,,,,,,,,,,,,,,,
XCHP.TO,XCHP,iShares Semiconductor Index ETF,TSX,ETP,62324700.0,,,,,,,,,,,,,,,,,
XSI.TO,XSI,iShares Short Term Strategic Fixed Income ETF,TSX,ETP,42900000.0,,,,,,,,,,,,,,,,,
SVR.TO,SVR,iShares Silver Bullion ETF,TSX,ETP,375501250.0,,,,,,,,,,,,,,,,,
XAD.TO,XAD,iShares U.S. Aerospace & Defense Index ETF,TSX,ETP,105138200.0,,,,,,,,,,,,,,,,,
XAGG.TO,XAGG,iShares U.S. Aggregate Bond Index ETF,TSX,ETP,72556800.0,,,,,,,,,,,,,,,,,
XAGH.TO,XAGH,iShares U.S. Aggregate Bond Index ETF (CAD-Hedged),TSX,ETP,315779100.0,,,,,,,,,,,,,,,,,
XHU.TO,XHU,iShares U.S. High Dividend Equity Index ETF,TSX,ETP,149688000.0,,,,,,,,,,,,,,,,,
XHD.TO,XHD,iShares U.S. High Dividend Equity Index ETF (CAD-Hedged),TSX,ETP,188079500.0,,,,,,,,,,,,,,,,,
XHY.TO,XHY,iShares U.S. High Yield Bond Index ETF (CAD-Hedged),TSX,ETP,937440000.0,,,,,,,,,,,,,,,,,
XCBU.TO,XCBU,iShares U.S. IG Corporate Bond Index ETF,TSX,ETP,9182300.0,,,,,,,,,,,,,,,,,
XIG.TO,XIG,iShares U.S. IG Corporate Bond Index ETF (CAD-Hedged),TSX,ETP,278208500.0,,,,,,,,,,,,,,,,,
XSU.TO,XSU,iShares U.S. Small Cap Index ETF (CAD-Hedged),TSX,ETP,654057250.0,,,,,,,,,,,,,,,,,
CUD.TO,CUD,iShares US Dividend Growers Index ETF (CAD-Hedged),TSX,ETP,241020000.0,,,,,,,,,,,,,,,,,
ISO.TO,ISO,IsoEnergy Ltd.,TSX,Mining,784683695.82,,,,,,,,,,,,,,,,,
IE.TO,IE,Ivanhoe Electric Inc.,TSX,Mining,2954080781.84,,,,,,,,,,,,,,,,,
IVN.TO,IVN,Ivanhoe Mines Ltd.,TSX,Mining,19915551019.34,,,,,,,,,,,,,,,,,
JAG.TO,JAG,Jaguar Mining Inc.,TSX,Mining,492286053.42,,,,,,,,,,,,,,,,,
JWEL.TO,JWEL,Jamieson Wellness Inc.,TSX,Consumer Products & Services,1460098215.72,,,,,,,,,,,,,,,,,
JFS.TO,JFS,JFT Strategies Fund,TSX,Closed-End Funds,71134676.66,,,,,,,,,,,,,,,,,
JOY.TO,JOY,Journey Energy Inc.,TSX,Oil & Gas,259031479.86,,,,,,,,,,,,,,,,,
JGLO.TO,JGLO,JPMorgan Global Select Equity Active ETF,TSX,ETP,36261000.0,,,,,,,,,,,,,,,,,
JEPQ.TO,JEPQ,JPMorgan Nasdaq Equity Premium Income Active ETF,TSX,ETP,114939000.0,,,,,,,,,,,,,,,,,
JBND.TO,JBND,JPMorgan US Bond Active ETF,TSX,ETP,52228800.0,,,,,,,,,,,,,,,,,
JCOR.TO,JCOR,JPMorgan US Core Active ETF,TSX,ETP,48163500.0,,,,,,,,,,,,,,,,,
JEPI.TO,JEPI,JPMorgan US Equity Premium Income Active ETF,TSX,ETP,210622500.0,,,,,,,,,,,,,,,,,
JGRO.TO,JGRO,JPMorgan US Growth Active ETF,TSX,ETP,25591500.0,,,,,,,,,,,,,,,,,
JPST.TO,JPST,JPMorgan US Ultra-Short Income Active ETF,TSX,ETP,16038400.0,,,,,,,,,,,,,,,,,
JAVA.TO,JAVA,JPMorgan US Value Active ETF,TSX,ETP,11898000.0,,,,,,,,,,,,,,,,,
KNT.TO,KNT,K92 Mining Inc.,TSX,Mining,4516550806.9,,,,,,,,,,,,,,,,,
KRN.TO,KRN,Karnalyte Resources Inc.,TSX,Mining,6394077.84,,,,,,,,,,,,,,,,,
KBL.TO,KBL,K-Bro Linen Inc.,TSX,Industrial Products & Services,489092965.05,,,,,,,,,,,,,,,,,
KLS.TO,KLS,Kelso Technologies Inc.,TSX,Industrial Products & Services,11583618.06,,,,,,,,,,,,,,,,,
KEL.TO,KEL,Kelt Exploration Ltd.,TSX,Oil & Gas,1329717406.44,,,,,,,,,,,,,,,,,
KEY.TO,KEY,Keyera Corp.,TSX,Utilities & Pipelines,11615405710.38,,,,,,,,,,,,,,,,,
KMP.TO,KMP,Killam Apartment Real Estate Investment Trust,TSX,Real Estate,2101394606.59,,,,,,,,,,,,,,,,,
KXS.TO,KXS,Kinaxis Inc.,TSX,Technology,4779942992.0,,,,,,,,,,,,,,,,,
K.TO,K,Kinross Gold Corporation,TSX,Mining,39470002127.08,,,,,,,,,,,,,,,,,
KITS.TO,KITS,Kits Eyecare Ltd.,TSX,Consumer Products & Services,456334281.4,,,,,,,,,,,,,,,,,
KEC.TO,KEC,Kiwetinohk Energy Corp.,TSX,Clean Technology & Renewable Energy,1074559900.38,,,,,,,,,,,,,,,,,
KSI.TO,KSI,"kneat.com, inc.",TSX,Technology,513861444.25,,,,,,,,,,,,,,,,,
GUD.TO,GUD,Knight Therapeutics Inc.,TSX,Life Sciences,582119099.52,,,,,,,,,,,,,,,,,
KEI.TO,KEI,Kolibri Global Energy Inc.,TSX,Oil & Gas,214340339.58,,,,,,,,,,,,,,,,,
KPT.TO,KPT,KP Tissue Inc.,TSX,Clean Technology & Renewable Energy,94376939.37,,,,,,,,,,,,,,,,,
LIF.TO,LIF,Labrador Iron Ore Royalty Corporation,TSX,Mining,1852160000.0,,,,,,,,,,,,,,,,,
LAM.TO,LAM,Laramide Resources Ltd.,TSX,Mining,201370454.89,,,,,,,,,,,,,,,,,
LGO.TO,LGO,Largo Inc.,TSX,Mining,139132746.74,,,,,,,,,,,,,,,,,
LAS.TO,LAS,Lassonde Industries Inc.,TSX,Consumer Products & Services,670177530.0,,,,,,,,,,,,,,,,,
LB.TO,LB,Laurentian Bank Of Canada,TSX,Financial Services,1603627287.6,,,,,,,,,,,,,,,,,
LNF.TO,LNF,Leon's Furniture Limited,TSX,Consumer Products & Services,1994146924.83,,,,,,,,,,,,,,,,,
COIU.TO,COIU,LFG Daily (2X) COIN Long ETF,TSX,ETP,8425084.25,,,,,,,,,,,,,,,,,
MSTU.TO,MSTU,LFG Daily (2X) MSTR Long ETF,TSX,ETP,6417537.75,,,,,,,,,,,,,,,,,
LGD.TO,LGD,Liberty Gold Corp.,TSX,Mining,395589600.9,,,,,,,,,,,,,,,,,
LBS.TO,LBS,Life & Banc Split Corp.,TSX,Closed-End Funds,1063389280.25,,,,,,,,,,,,,,,,,
LSPD.TO,LSPD,Lightspeed Commerce Inc.,TSX,Technology,2331673141.8,,,,,,,,,,,,,,,,,
LNR.TO,LNR,Linamar Corporation,TSX,Industrial Products & Services,4542538132.65,,,,,,,,,,,,,,,,,
LAC.TO,LAC,Lithium Americas Corp.,TSX,Mining,1874630622.72,,,,,,,,,,,,,,,,,
LAR.TO,LAR,Lithium Argentina AG,TSX,Mining,957933398.7,,,,,,,,,,,,,,,,,
LIRC.TO,LIRC,Lithium Royalty Corp.,TSX,Mining,173580865.2,,,,,,,,,,,,,,,,,
L.TO,L,Loblaw Companies Limited,TSX,Consumer Products & Services,66040432331.1,,,,,,,,,,,,,,,,,
LMT.TO,LMT,Lockheed Martin CDR (CAD Hedged),TSX,ETP,7145000.0,,,,,,,,,,,,,,,,,
LN.TO,LN,Loncor Gold Inc.,TSX,Mining,231602346.04,,,,,,,,,,,,,,,,,
LUC.TO,LUC,Lucara Diamond Corp.,TSX,Mining,82049096.34,,,,,,,,,,,,,,,,,
LUG.TO,LUG,Lundin Gold Inc.,TSX,Mining,23010763152.85,,,,,,,,,,,,,,,,,
LUN.TO,LUN,Lundin Mining Corporation,TSX,Mining,19321928818.56,,,,,,,,,,,,,,,,,
LYCT.TO,LYCT,Lysander-Canso Corporate Treasury ActivETF,TSX,ETP,4568750.0,,,,,,,,,,,,,,,,,
LYFR.TO,LYFR,Lysander-Canso Floating Rate ActivETF,TSX,ETP,6078000.0,,,,,,,,,,,,,,,,,
PR.TO,PR,Lysander-Slater Preferred Share ActivETF,TSX,ETP,85140034.0,,,,,,,,,,,,,,,,,
XMF.TO,XMF,M Split Corp.,TSX,Closed-End Funds,14387628.72,,,,,,,,,,,,,,,,,
MAAA.TO,MAAA,Mackenzie AAA CLO ETF,TSX,ETP,137885000.0,,,,,,,,,,,,,,,,,
MEQT.TO,MEQT,Mackenzie All-Equity Allocation ETF,TSX,ETP,15040000.0,,,,,,,,,,,,,,,,,
MBAL.TO,MBAL,Mackenzie Balanced Allocation ETF,TSX,ETP,138915000.0,,,,,,,,,,,,,,,,,
MNXT.TO,MNXT,Mackenzie Bluewater Next Gen Growth ETF,TSX,ETP,12563250.0,,,,,,,,,,,,,,,,,
QBB.TO,QBB,Mackenzie Canadian Aggregate Bond Index ETF,TSX,ETP,1255681600.0,,,,,,,,,,,,,,,,,
QCN.TO,QCN,Mackenzie Canadian Equity Index ETF,TSX,ETP,3513184200.0,,,,,,,,,,,,,,,,,
QLB.TO,QLB,Mackenzie Canadian Government Long Bond Index ETF,TSX,ETP,67531200.0,,,,,,,,,,,,,,,,,
MHDC.TO,MHDC,Mackenzie Canadian High Dividend Yield ETF,TSX,ETP,4192000.0,,,,,,,,,,,,,,,,,
QCE.TO,QCE,Mackenzie Canadian Large Cap Equity Index ETF,TSX,ETP,198858000.0,,,,,,,,,,,,,,,,,
MCSB.TO,MCSB,Mackenzie Canadian Short Term Fixed Income ETF,TSX,ETP,37166500.0,,,,,,,,,,,,,,,,,
QSB.TO,QSB,Mackenzie Canadian Short-Term Bond Index ETF,TSX,ETP,48230400.0,,,,,,,,,,,,,,,,,
MKB.TO,MKB,Mackenzie Canadian Strategic Fixed Income ETF,TSX,ETP,918260000.0,,,,,,,,,,,,,,,,,
QASH.TO,QASH,Mackenzie Canadian Ultra Short Bond Index ETF,TSX,ETP,132414800.0,,,,,,,,,,,,,,,,,
MCON.TO,MCON,Mackenzie Conservative Allocation ETF,TSX,ETP,22819000.0,,,,,,,,,,,,,,,,,
MGB.TO,MGB,Mackenzie Core Plus Global Fixed Income ETF,TSX,ETP,108129000.0,,,,,,,,,,,,,,,,,
MORE.TO,MORE,Mackenzie Core Resources ETF,TSX,ETP,28450000.0,,,,,,,,,,,,,,,,,
MCYC.TO,MCYC,Mackenzie Cyclical Tilt ETF,TSX,ETP,2073000.0,,,,,,,,,,,,,,,,,
MDEF.TO,MDEF,Mackenzie Defensive Tilt ETF,TSX,ETP,2019000.0,,,,,,,,,,,,,,,,,
QDXB.TO,QDXB,Mackenzie Developed ex-North America Aggregate Bond Index ETF (CAD-Hedged),TSX,ETP,22357500.0,,,,,,,,,,,,,,,,,
QRET.TO,QRET,Mackenzie Developed Markets Real Estate Index ETF,TSX,ETP,17569500.0,,,,,,,,,,,,,,,,,
QEBH.TO,QEBH,Mackenzie Emerging Markets Bond Index ETF (CAD-Hedged),TSX,ETP,270864000.0,,,,,,,,,,,,,,,,,
QEE.TO,QEE,Mackenzie Emerging Markets Equity Index ETF,TSX,ETP,107764368.3,,,,,,,,,,,,,,,,,
QEBL.TO,QEBL,Mackenzie Emerging Markets Local Currency Bond Index ETF,TSX,ETP,93414500.0,,,,,,,,,,,,,,,,,
MFT.TO,MFT,Mackenzie Floating Rate Income ETF,TSX,ETP,443902500.0,,,,,,,,,,,,,,,,,
MGDV.TO,MGDV,Mackenzie Global Dividend ETF,TSX,ETP,338929500.0,,,,,,,,,,,,,,,,,
MGAB.TO,MGAB,Mackenzie Global Fixed Income Allocation ETF,TSX,ETP,5136000.0,,,,,,,,,,,,,,,,,
QINF.TO,QINF,Mackenzie Global Infrastructure Index ETF,TSX,ETP,15928000.0,,,,,,,,,,,,,,,,,
MCLV.TO,MCLV,Mackenzie GQE Canada Low Volatility ETF,TSX,ETP,115560000.0,,,,,,,,,,,,,,,,,
MGQE.TO,MGQE,Mackenzie GQE Global Equity ETF,TSX,ETP,199084000.0,,,,,,,,,,,,,,,,,
MIQE.TO,MIQE,Mackenzie GQE International Equity ETF,TSX,ETP,616355000.0,,,,,,,,,,,,,,,,,
MALX.TO,MALX,Mackenzie GQE US Alpha Extension ETF,TSX,ETP,7511000.0,,,,,,,,,,,,,,,,,
MULV.TO,MULV,Mackenzie GQE US Low Volatility ETF,TSX,ETP,56693000.0,,,,,,,,,,,,,,,,,
MWLV.TO,MWLV,Mackenzie GQE World Low Volatility ETF,TSX,ETP,345792252.48,,,,,,,,,,,,,,,,,
MGRW.TO,MGRW,Mackenzie Growth Allocation ETF,TSX,ETP,46620000.0,,,,,,,,,,,,,,,,,
QDX.TO,QDX,Mackenzie International Equity Index ETF,TSX,ETP,1300770000.0,,,,,,,,,,,,,,,,,
QDXH.TO,QDXH,Mackenzie International Equity Index ETF (CAD-Hedged),TSX,ETP,35587900.0,,,,,,,,,,,,,,,,,
MIVG.TO,MIVG,Mackenzie Ivy Global Equity ETF,TSX,ETP,23388000.0,,,,,,,,,,,,,,,,,
MKZ.TO,MKZ,Mackenzie Master Limited Partnership,TSX,Closed-End Funds,3758706.6,,,,,,,,,,,,,,,,,
QQQQ.TO,QQQQ,Mackenzie NASDAQ 100 Index ETF,TSX,ETP,8442000.0,,,,,,,,,,,,,,,,,
MTBA.TO,MTBA,Mackenzie Target 2027 North American IG Corporate Bond ETF,TSX,ETP,5020000.0,,,,,,,,,,,,,,,,,
MTBB.TO,MTBB,Mackenzie Target 2029 North American IG Corporate Bond ETF,TSX,ETP,5075000.0,,,,,,,,,,,,,,,,,
QUB.TO,QUB,Mackenzie U.S. Aggregate Bond Index ETF (CAD-Hedged),TSX,ETP,86039200.0,,,,,,,,,,,,,,,,,
MUB.TO,MUB,Mackenzie Unconstrained Bond ETF,TSX,ETP,1180938000.0,,,,,,,,,,,,,,,,,
QTLT.TO,QTLT,Mackenzie US Government Long Bond Index ETF,TSX,ETP,135967000.0,,,,,,,,,,,,,,,,,
MHDU.TO,MHDU,Mackenzie US High Dividend Yield ETF,TSX,ETP,4060000.0,,,,,,,,,,,,,,,,,
QHY.TO,QHY,Mackenzie US High Yield Bond Index ETF (CAD-Hedged),TSX,ETP,94164000.0,,,,,,,,,,,,,,,,,
QUIG.TO,QUIG,Mackenzie US Investment Grade Corporate Bond Index ETF (CAD-Hedged),TSX,ETP,634379200.0,,,,,,,,,,,,,,,,,
QUU.TO,QUU,Mackenzie US Large Cap Equity Index ETF,TSX,ETP,4774306500.0,,,,,,,,,,,,,,,,,
QAH.TO,QAH,Mackenzie US Large Cap Equity Index ETF (CAD-Hedged),TSX,ETP,902196100.0,,,,,,,,,,,,,,,,,
MPC.TO,MPC,Madison Pacific Properties Inc.,TSX,Real Estate,300916930.8,,,,,,,,,,,,,,,,,
MAL.TO,MAL,Magellan Aerospace Corporation,TSX,Industrial Products & Services,983478992.42,,,,,,,,,,,,,,,,,
MG.TO,MG,Magna International Inc.,TSX,Industrial Products & Services,18673012668.82,,,,,,,,,,,,,,,,,
MEQ.TO,MEQ,Mainstreet Equity Corp.,TSX,Real Estate,1757302369.68,,,,,,,,,,,,,,,,,
MDI.TO,MDI,Major Drilling Group International Inc.,TSX,Industrial Products & Services,1011998347.1,,,,,,,,,,,,,,,,,
MAK.TO,MAK,MAK Acquisition Corp.,TSX,SPAC,100100000.0,,,,,,,,,,,,,,,,,
MCAN.TO,MCAN,Manulife Canadian Equity Class,TSX,ETP,1612500.0,,,,,,,,,,,,,,,,,
MCOR.TO,MCOR,Manulife Core Plus Bond Fund,TSX,ETP,1250000.0,,,,,,,,,,,,,,,,,
MDIF.TO,MDIF,Manulife Dividend Income Fund,TSX,ETP,2136800.0,,,,,,,,,,,,,,,,,
MFC.TO,MFC,Manulife Financial Corporation,TSX,Financial Services,79133840603.5,,,,,,,,,,,,,,,,,
MFUN.TO,MFUN,Manulife Fundamental Equity Fund,TSX,ETP,9369000.0,,,,,,,,,,,,,,,,,
MCLC.TO,MCLC,Manulife Multifactor Canadian Large Cap Index ETF,TSX,ETP,347760000.0,,,,,,,,,,,,,,,,,
MCSM.TO,MCSM,Manulife Multifactor Canadian SMID Cap Index ETF,TSX,ETP,381956000.0,,,,,,,,,,,,,,,,,
MINT.TO,MINT,Manulife Multifactor Developed International Index ETF,TSX,ETP,226182000.0,,,,,,,,,,,,,,,,,
MEME.TO,MEME,Manulife Multifactor Emerging Markets Index ETF,TSX,ETP,494192000.0,,,,,,,,,,,,,,,,,
MULC.TO,MULC,Manulife Multifactor U.S. Large Cap Index ETF,TSX,ETP,89971500.0,,,,,,,,,,,,,,,,,
MUMC.TO,MUMC,Manulife Multifactor U.S. Mid Cap Index ETF,TSX,ETP,70967000.0,,,,,,,,,,,,,,,,,
MUSC.TO,MUSC,Manulife Multifactor U.S. Small Cap Index ETF,TSX,ETP,5735000.0,,,,,,,,,,,,,,,,,
BSKT.TO,BSKT,Manulife Smart Core Bond ETF,TSX,ETP,643850625.0,,,,,,,,,,,,,,,,,
CBND.TO,CBND,Manulife Smart Corporate Bond ETF,TSX,ETP,216686250.0,,,,,,,,,,,,,,,,,
CDEF.TO,CDEF,Manulife Smart Defensive Equity ETF,TSX,ETP,3250000.0,,,,,,,,,,,,,,,,,
CDIV.TO,CDIV,Manulife Smart Dividend ETF,TSX,ETP,850014000.0,,,,,,,,,,,,,,,,,
IDEF.TO,IDEF,Manulife Smart International Defensive Equity ETF,TSX,ETP,3545000.0,,,,,,,,,,,,,,,,,
IDIV.TO,IDIV,Manulife Smart International Dividend ETF,TSX,ETP,516412500.0,,,,,,,,,,,,,,,,,
TERM.TO,TERM,Manulife Smart Short-Term Bond ETF,TSX,ETP,410574000.0,,,,,,,,,,,,,,,,,
UDEF.TO,UDEF,Manulife Smart U.S. Defensive Equity ETF,TSX,ETP,5857500.0,,,,,,,,,,,,,,,,,
UDIV.TO,UDIV,Manulife Smart U.S. Dividend ETF,TSX,ETP,214755000.0,,,,,,,,,,,,,,,,,
MFI.TO,MFI,Maple Leaf Foods Inc.,TSX,Consumer Products & Services,3367278711.52,,,,,,,,,,,,,,,,,
MARI.TO,MARI,Marimaca Copper Corp.,TSX,Mining,1292829817.75,,,,,,,,,,,,,,,,,
MRE.TO,MRE,Martinrea International Inc.,TSX,Industrial Products & Services,736613021.76,,,,,,,,,,,,,,,,,
MATR.TO,MATR,Mattr Corp.,TSX,Industrial Products & Services,669208387.9,,,,,,,,,,,,,,,,,
MXG.TO,MXG,Maxim Power Corp.,TSX,Utilities & Pipelines,292746148.2,,,,,,,,,,,,,,,,,
MKP.TO,MKP,MCAN Mortgage Corporation,TSX,Financial Services,862295487.76,,,,,,,,,,,,,,,,,
MCB.TO,MCB,McCoy Global Inc.,TSX,Industrial Products & Services,94302169.28,,,,,,,,,,,,,,,,,
MUX.TO,MUX,McEwen Inc.,TSX,Mining,1397277818.4,,,,,,,,,,,,,,,,,
MDA.TO,MDA,MDA Space Ltd.,TSX,Technology,3458625336.28,,,,,,,,,,,,,,,,,
MDP.TO,MDP,Medexus Pharmaceuticals Inc.,TSX,Life Sciences,90323388.4,,,,,,,,,,,,,,,,,
DR.TO,DR,Medical Facilities Corporation,TSX,Real Estate,265064283.05,,,,,,,,,,,,,,,,,
MDNA.TO,MDNA,Medicenna Therapeutics Corp.,TSX,Life Sciences,123446563.2,,,,,,,,,,,,,,,,,
LABS.TO,LABS,MediPharm Labs Corp.,TSX,Life Sciences,31556625.9,,,,,,,,,,,,,,,,,
MEG.TO,MEG,MEG Energy Corp.,TSX,Oil & Gas,7549940078.8,,,,,,,,,,,,,,,,,
MGA.TO,MGA,Mega Uranium Ltd.,TSX,Mining,169892161.2,,,,,,,,,,,,,,,,,
TLTU.TO,TLTU,MegaLong (3X) 20+ Year US Treasury Daily Leveraged Alternative ETF,TSX,ETP,12350123.5,,,,,,,,,,,,,,,,,
BNKU.TO,BNKU,MegaLong (3X) Canadian Banks Daily Leveraged Alternative ETF,TSX,ETP,17475174.75,,,,,,,,,,,,,,,,,
CGMU.TO,CGMU,MegaLong (3X) Canadian Gold Miners Daily Leveraged Alternative ETF,TSX,ETP,27745277.45,,,,,,,,,,,,,,,,,
QQQU.TO,QQQU,MegaLong (3X) NASDAQ-100® Daily Leveraged Alternative ETF,TSX,ETP,11657929.35,,,,,,,,,,,,,,,,,
SPYU.TO,SPYU,MegaLong (3X) S&P 500® Daily Leveraged Alternative ETF,TSX,ETP,13536409.25,,,,,,,,,,,,,,,,,
SOXU.TO,SOXU,MegaLong (3X) US Semiconductors Daily Leveraged Alternative ETF,TSX,ETP,30245302.45,,,,,,,,,,,,,,,,,
TLTD.TO,TLTD,MegaShort (-3X) 20+ Year US Treasury Daily Leveraged Alternative ETF,TSX,ETP,4147582.95,,,,,,,,,,,,,,,,,
CGMD.TO,CGMD,MegaShort (-3X) Canadian Gold Miners Daily Leveraged Alternative ETF,TSX,ETP,1042520.85,,,,,,,,,,,,,,,,,
QQQD.TO,QQQD,MegaShort (-3X) NASDAQ-100® Daily Leveraged Alternative ETF,TSX,ETP,4904557.7,,,,,,,,,,,,,,,,,
SPYD.TO,SPYD,MegaShort (-3X) S&P 500® Daily Leveraged Alternative ETF,TSX,ETP,2981316.25,,,,,,,,,,,,,,,,,
SOXD.TO,SOXD,MegaShort (-3X) US Semiconductors Daily Leveraged Alternative ETF,TSX,ETP,1375027.5,,,,,,,,,,,,,,,,,
MRD.TO,MRD,Melcor Developments Ltd.,TSX,Real Estate,444123178.5,,,,,,,,,,,,,,,,,
BENZ.TO,BENZ,Mercedes-Benz CDR (CAD Hedged),TSX,ETP,2398000.0,,,,,,,,,,,,,,,,,
SPAC.TO,SPAC,Mercer Park Opportunities Corp.,TSX,SPAC,223125000.0,,,,,,,,,,,,,,,,,
MER.TO,MER,Meren Energy Inc.,TSX,Oil & Gas,1229432868.3,,,,,,,,,,,,,,,,,
MNO.TO,MNO,Meridian Mining UK Societas,TSX,Mining,539303177.91,,,,,,,,,,,,,,,,,
META.TO,META,Meta CDR (CAD Hedged),TSX,ETP,505694000.0,,,,,,,,,,,,,,,,,
MX.TO,MX,Methanex Corporation,TSX,Industrial Products & Services,4269141504.0,,,,,,,,,,,,,,,,,
MRU.TO,MRU,Metro Inc.,TSX,Consumer Products & Services,20104746086.78,,,,,,,,,,,,,,,,,
MBX.TO,MBX,Microbix Biosystems Inc.,TSX,Life Sciences,34878119.5,,,,,,,,,,,,,,,,,
MSFT.TO,MSFT,Microsoft CDR (CAD Hedged),TSX,ETP,803088000.0,,,,,,,,,,,,,,,,,
MDIV.TO,MDIV,Middlefield Global Dividend Growers ETF,TSX,ETP,61802155.36,,,,,,,,,,,,,,,,,
MINF.TO,MINF,Middlefield Global Infrastructure Dividend ETF,TSX,ETP,22083450.12,,,,,,,,,,,,,,,,,
MHCD.TO,MHCD,Middlefield Healthcare Dividend ETF,TSX,ETP,141137556.56,,,,,,,,,,,,,,,,,
MREL.TO,MREL,Middlefield Real Estate Dividend ETF,TSX,ETP,147165364.5,,,,,,,,,,,,,,,,,
MUSA.TO,MUSA,Middlefield U.S. Equity Dividend ETF,TSX,ETP,47367271.5,,,,,,,,,,,,,,,,,
MSV.TO,MSV,Minco Silver Corporation,TSX,Mining,20336277.39,,,,,,,,,,,,,,,,,
MSA.TO,MSA,Mineros S.A.,TSX,Mining,1459721147.74,,,,,,,,,,,,,,,,,
MID.TO,MID,MINT Income Fund,TSX,Closed-End Funds,110051706.18,,,,,,,,,,,,,,,,,
MI.TO,MI,Minto Apartment Real Estate Investment Trust,TSX,Real Estate,502972147.21,,,,,,,,,,,,,,,,,
MOGO.TO,MOGO,Mogo Inc.,TSX,Financial Services,52688429.2,,,,,,,,,,,,,,,,,
TPX.TO,TPX,Molson Coors Canada Inc.,TSX,Consumer Products & Services,645600239.7,,,,,,,,,,,,,,,,,
MAU.TO,MAU,Montage Gold Corp.,TSX,Mining,2516504148.48,,,,,,,,,,,,,,,,,
MRC.TO,MRC,Morguard Corporation,TSX,Real Estate,1242172088.99,,,,,,,,,,,,,,,,,
MRG.TO,MRG,Morguard North American Residential Real Estate Investment Trust,TSX,Real Estate,668207905.66,,,,,,,,,,,,,,,,,
MRT.TO,MRT,Morguard Real Estate Investment Trust,TSX,Real Estate,546635390.8,,,,,,,,,,,,,,,,,
MPVD.TO,MPVD,Mountain Province Diamonds Inc.,TSX,Mining,9556215.435,,,,,,,,,,,,,,,,,
MTY.TO,MTY,MTY Food Group Inc.,TSX,Consumer Products & Services,772951656.24,,,,,,,,,,,,,,,,,
MTL.TO,MTL,Mullen Group Ltd.,TSX,Industrial Products & Services,1355709295.4,,,,,,,,,,,,,,,,,
CBNK.TO,CBNK,Mulvihill Canadian Bank Enhanced Yield ETF,TSX,ETP,120736000.0,,,,,,,,,,,,,,,,,
SPFD.TO,SPFD,Mulvihill Enhanced Split Preferred Share ETF,TSX,ETP,23335383.55,,,,,,,,,,,,,,,,,
MPY.TO,MPY,Mulvihill Premium Yield Fund ETF,TSX,ETP,13702500.0,,,,,,,,,,,,,,,,,
NANO.TO,NANO,Nano One Materials Corp.,TSX,Clean Technology & Renewable Energy,204437615.52,,,,,,,,,,,,,,,,,
GRA.TO,GRA,NanoXplore Inc.,TSX,Clean Technology & Renewable Energy,429749210.97,,,,,,,,,,,,,,,,,
NPRF.TO,NPRF,NBI Active Canadian Preferred Shares ETF,TSX,ETP,154747500.0,,,,,,,,,,,,,,,,,
NINT.TO,NINT,NBI Active International Equity ETF,TSX,ETP,807799200.0,,,,,,,,,,,,,,,,,
NUSA.TO,NUSA,NBI Active U.S. Equity ETF,TSX,ETP,88376000.0,,,,,,,,,,,,,,,,,
NCPB.TO,NCPB,NBI Canadian Core Plus Bond Fund,TSX,ETP,48831300.0,,,,,,,,,,,,,,,,,
NDIV.TO,NDIV,NBI Canadian Dividend Income ETF,TSX,ETP,16627600.0,,,,,,,,,,,,,,,,,
NBGE.TO,NBGE,NBI Global Equity Fund,TSX,ETP,2030000.0,,,,,,,,,,,,,,,,,
NGPE.TO,NGPE,NBI Global Private Equity ETF,TSX,ETP,481372500.0,,,,,,,,,,,,,,,,,
NREA.TO,NREA,NBI Global Real Assets Income Fund,TSX,ETP,1517724000.0,,,,,,,,,,,,,,,,,
NBSC.TO,NBSC,NBI Global Small Cap Fund,TSX,ETP,1991000.0,,,,,,,,,,,,,,,,,
NHYB.TO,NHYB,NBI High Yield Bond ETF,TSX,ETP,1337897250.0,,,,,,,,,,,,,,,,,
NINV.TO,NINV,NBI Innovators Fund,TSX,ETP,2037000.0,,,,,,,,,,,,,,,,,
NBIE.TO,NBIE,NBI International Equity Fund,TSX,ETP,2000000.0,,,,,,,,,,,,,,,,,
NALT.TO,NALT,NBI Liquid Alternatives ETF,TSX,ETP,327404000.0,,,,,,,,,,,,,,,,,
NBQC.TO,NBQC,NBI Quebec Growth Fund,TSX,ETP,1013000.0,,,,,,,,,,,,,,,,,
NSDI.TO,NSDI,NBI SmartData International Equity Fund,TSX,ETP,22771100.0,,,,,,,,,,,,,,,,,
NSDU.TO,NSDU,NBI SmartData U.S. Equity Fund,TSX,ETP,2090000.0,,,,,,,,,,,,,,,,,
NSCB.TO,NSCB,NBI Sustainable Canadian Bond ETF,TSX,ETP,2877496000.0,,,,,,,,,,,,,,,,,
NSCC.TO,NSCC,NBI Sustainable Canadian Corporate Bond ETF,TSX,ETP,155601000.0,,,,,,,,,,,,,,,,,
NSCE.TO,NSCE,NBI Sustainable Canadian Equity ETF,TSX,ETP,2379030500.0,,,,,,,,,,,,,,,,,
NSSB.TO,NSSB,NBI Sustainable Canadian Short Term Bond ETF,TSX,ETP,47092500.0,,,,,,,,,,,,,,,,,
NSGE.TO,NSGE,NBI Sustainable Global Equity ETF,TSX,ETP,516120000.0,,,,,,,,,,,,,,,,,
NTGA.TO,NTGA,NBI Target 2026 Investment Grade Bond Fund,TSX,ETP,3538500.0,,,,,,,,,,,,,,,,,
NTGB.TO,NTGB,NBI Target 2027 Investment Grade Bond Fund,TSX,ETP,2737800.0,,,,,,,,,,,,,,,,,
NTGC.TO,NTGC,NBI Target 2028 Investment Grade Bond Fund,TSX,ETP,2646800.0,,,,,,,,,,,,,,,,,
NTGD.TO,NTGD,NBI Target 2029 Investment Grade Bond Fund,TSX,ETP,1009000.0,,,,,,,,,,,,,,,,,
NTGE.TO,NTGE,NBI Target 2030 Investment Grade Bond Fund,TSX,ETP,3124800.0,,,,,,,,,,,,,,,,,
NTGF.TO,NTGF,NBI Target 2031 Investment Grade Bond Fund,TSX,ETP,1412600.0,,,,,,,,,,,,,,,,,
NBUE.TO,NBUE,NBI U.S. Equity Fund,TSX,ETP,1959000.0,,,,,,,,,,,,,,,,,
NUBF.TO,NUBF,NBI Unconstrained Fixed Income ETF,TSX,ETP,2899008000.0,,,,,,,,,,,,,,,,,
NEO.TO,NEO,Neo Performance Materials Inc.,TSX,Industrial Products & Services,804521817.02,,,,,,,,,,,,,,,,,
NSTL.TO,NSTL,Nestlé CDR (CAD Hedged),TSX,ETP,2311000.0,,,,,,,,,,,,,,,,,
NGD.TO,NGD,New Gold Inc.,TSX,Mining,8178413284.86,,,,,,,,,,,,,,,,,
NUAG.TO,NUAG,New Pacific Metals Corp.,TSX,Mining,584077611.9,,,,,,,,,,,,,,,,,
NXE.TO,NXE,NexGen Energy Ltd.,TSX,Mining,8967657229.38,,,,,,,,,,,,,,,,,
NEXT.TO,NEXT,NextSource Materials Inc.,TSX,Mining,90606442.43,,,,,,,,,,,,,,,,,
NXR.TO,NXR,Nexus Industrial REIT,TSX,Real Estate,561135627.56,,,,,,,,,,,,,,,,,
NFI.TO,NFI,NFI Group Inc.,TSX,Clean Technology & Renewable Energy,2042806830.24,,,,,,,,,,,,,,,,,
NGEX.TO,NGEX,NGEx Minerals Ltd.,TSX,Mining,4914016872.55,,,,,,,,,,,,,,,,,
ABHI.TO,ABHI,Ninepoint Barrick HighShares ETF,TSX,ETP,6458400.0,,,,,,,,,,,,,,,,,
BCHI.TO,BCHI,Ninepoint BCE HighShares ETF,TSX,ETP,3746400.0,,,,,,,,,,,,,,,,,
CCHI.TO,CCHI,Ninepoint Cameco HighShares ETF,TSX,ETP,12060000.0,,,,,,,,,,,,,,,,,
CQHI.TO,CQHI,Ninepoint Canadian Natural Resources HighShares ETF,TSX,ETP,5583600.0,,,,,,,,,,,,,,,,,
NCAP.TO,NCAP,Ninepoint Capital Appreciation Fund,TSX,ETP,1064500.0,,,,,,,,,,,,,,,,,
CRHI.TO,CRHI,Ninepoint CNR HighShares ETF,TSX,ETP,8660200.0,,,,,,,,,,,,,,,,,
TKN.TO,TKN,Ninepoint Crypto and AI Leaders ETF,TSX,ETP,41157877.46,,,,,,,,,,,,,,,,,
ENHI.TO,ENHI,Ninepoint Enbridge HighShares ETF,TSX,ETP,5098600.0,,,,,,,,,,,,,,,,,
ECHI.TO,ECHI,Ninepoint Enhanced Canadian HighShares ETF,TSX,ETP,39018200.0,,,,,,,,,,,,,,,,,
INFR.TO,INFR,Ninepoint Global Infrastructure Fund,TSX,ETP,4437400.0,,,,,,,,,,,,,,,,,
GBSL.TO,GBSL,Ninepoint Global Select Fund,TSX,ETP,3324800.0,,,,,,,,,,,,,,,,,
GLDE.TO,GLDE,Ninepoint Gold and Precious Minerals Fund,TSX,ETP,6890000.0,,,,,,,,,,,,,,,,,
GBUL.TO,GBUL,Ninepoint Gold Bullion Fund,TSX,ETP,1220500.0,,,,,,,,,,,,,,,,,
NMNG.TO,NMNG,Ninepoint Mining Evolution Fund,TSX,ETP,1033200.0,,,,,,,,,,,,,,,,,
RYHI.TO,RYHI,Ninepoint Royal Bank HighShares ETF,TSX,ETP,4891500.0,,,,,,,,,,,,,,,,,
SHHI.TO,SHHI,Ninepoint Shopify HighShares ETF,TSX,ETP,12900200.0,,,,,,,,,,,,,,,,,
SBUL.TO,SBUL,Ninepoint Silver Bullion Fund,TSX,ETP,1296000.0,,,,,,,,,,,,,,,,,
SUHI.TO,SUHI,Ninepoint Suncor HighShares ETF,TSX,ETP,4060000.0,,,,,,,,,,,,,,,,,
TDHI.TO,TDHI,Ninepoint TD HighShares ETF,TSX,ETP,3580800.0,,,,,,,,,,,,,,,,,
NOA.TO,NOA,North American Construction Group Ltd.,TSX,Industrial Products & Services,713922976.64,,,,,,,,,,,,,,,,,
FFN.TO,FFN,North American Financial 15 Split Corp.,TSX,Closed-End Funds,1178641193.76,,,,,,,,,,,,,,,,,
NWC.TO,NWC,North West Company Inc. (The),TSX,Consumer Products & Services,2174982946.5,,,,,,,,,,,,,,,,,
NCF.TO,NCF,Northcliff Resources Ltd.,TSX,Mining,119210179.05,,,,,,,,,,,,,,,,,
NDM.TO,NDM,Northern Dynasty Minerals Ltd.,TSX,Mining,1567123760.44,,,,,,,,,,,,,,,,,
NPI.TO,NPI,Northland Power Inc.,TSX,Clean Technology & Renewable Energy,6843418212.81,,,,,,,,,,,,,,,,,
NRR.TO,NRR,Northview Residential REIT,TSX,Real Estate,60679636.02,,,,,,,,,,,,,,,,,
NWH.TO,NWH,Northwest Healthcare Properties Real Estate Investment Trust,TSX,Real Estate,1511212849.08,,,,,,,,,,,,,,,,,
NOU.TO,NOU,Nouveau Monde Graphite Inc.,TSX,Mining,647633241.36,,,,,,,,,,,,,,,,,
NG.TO,NG,Novagold Resources Inc.,TSX,Mining,4728491600.56,,,,,,,,,,,,,,,,,
NVS.TO,NVS,Novartis CDR (CAD Hedged),TSX,ETP,3511500.0,,,,,,,,,,,,,,,,,
NVO.TO,NVO,Novo Resources Corp.,TSX,Mining,53194541.85,,,,,,,,,,,,,,,,,
NUMI.TO,NUMI,Numinus Wellness Inc.,TSX,Life Sciences,16320880.0,,,,,,,,,,,,,,,,,
NTR.TO,NTR,Nutrien Ltd.,TSX,Mining,37004022683.89,,,,,,,,,,,,,,,,,
NVA.TO,NVA,NuVista Energy Ltd.,TSX,Oil & Gas,3230058331.08,,,,,,,,,,,,,,,,,
NVDA.TO,NVDA,Nvidia CDR (CAD Hedged),TSX,ETP,2153386000.0,,,,,,,,,,,,,,,,,
SFD.TO,SFD,NXT Energy Solutions Inc.,TSX,Technology,48616593.985,,,,,,,,,,,,,,,,,
OBE.TO,OBE,Obsidian Energy Ltd.,TSX,Oil & Gas,533523530.1,,,,,,,,,,,,,,,,,
OGC.TO,OGC,OceanaGold Corporation,TSX,Mining,7194192804.73,,,,,,,,,,,,,,,,,
OLY.TO,OLY,Olympia Financial Group Inc.,TSX,Financial Services,278822152.32,,,,,,,,,,,,,,,,,
ONEX.TO,ONEX,ONEX Corporation,TSX,Financial Services,8357984906.0,,,,,,,,,,,,,,,,,
OTEX.TO,OTEX,Open Text Corporation,TSX,Technology,13558195808.21,,,,,,,,,,,,,,,,,
OPT.TO,OPT,Optiva Inc.,TSX,Technology,1369729.46,,,,,,,,,,,,,,,,,
OR.TO,OR,OR Royalties Inc.,TSX,Mining,8467949115.0,,,,,,,,,,,,,,,,,
OGD.TO,OGD,Orbit Garant Drilling Inc.,TSX,Industrial Products & Services,61397740.8,,,,,,,,,,,,,,,,,
ORE.TO,ORE,Orezone Gold Corporation,TSX,Mining,837038774.6,,,,,,,,,,,,,,,,,
OGI.TO,OGI,Organigram Global Inc.,TSX,Life Sciences,305226535.83,,,,,,,,,,,,,,,,,
OLA.TO,OLA,Orla Mining Ltd.,TSX,Mining,4884494212.9,,,,,,,,,,,,,,,,,
ORV.TO,ORV,Orvana Minerals Corp.,TSX,Mining,184441280.85,,,,,,,,,,,,,,,,,
OM.TO,OM,Osisko Metals Incorporated,TSX,Mining,335464596.5,,,,,,,,,,,,,,,,,
OVV.TO,OVV,Ovintiv Inc.,TSX,Oil & Gas,13321400256.0,,,,,,,,,,,,,,,,,
PDN.TO,PDN,Paladin Energy Ltd.,TSX,Mining,3784801070.49,,,,,,,,,,,,,,,,,
PAAS.TO,PAAS,Pan American Silver Corp.,TSX,Mining,20848814334.4,,,,,,,,,,,,,,,,,
POU.TO,POU,Paramount Resources Ltd.,TSX,Oil & Gas,3304109620.0,,,,,,,,,,,,,,,,,
PXT.TO,PXT,Parex Resources Inc.,TSX,Oil & Gas,1732360599.84,,,,,,,,,,,,,,,,,
PKI.TO,PKI,Parkland Corporation,TSX,Industrial Products & Services,6976832583.6,,,,,,,,,,,,,,,,,
PVS.TO,PVS,Partners Value Split Corp.,TSX,Closed-End Funds,948159750.0,,,,,,,,,,,,,,,,,
PSI.TO,PSI,Pason Systems Inc.,TSX,Industrial Products & Services,932365768.0,,,,,,,,,,,,,,,,,
PPL.TO,PPL,Pembina Pipeline Corporation,TSX,Utilities & Pipelines,32975438560.84,,,,,,,,,,,,,,,,,
PPTA.TO,PPTA,Perpetua Resources Corp.,TSX,Mining,4100080236.12,,,,,,,,,,,,,,,,,
PRU.TO,PRU,Perseus Mining Limited,TSX,Mining,6026487222.74,,,,,,,,,,,,,,,,,
PET.TO,PET,Pet Valu Holdings Ltd.,TSX,Consumer Products & Services,2391656274.0,,,,,,,,,,,,,,,,,
TAL.TO,TAL,PetroTal Corp.,TSX,Oil & Gas,602927559.96,,,,,,,,,,,,,,,,,
PRQ.TO,PRQ,Petrus Resources Ltd.,TSX,Oil & Gas,226321581.8,,,,,,,,,,,,,,,,,
PEY.TO,PEY,Peyto Exploration & Development Corp.,TSX,Oil & Gas,4124747783.16,,,,,,,,,,,,,,,,,
ZYNS.TO,ZYNS,Philip Morris CDR (CAD Hedged),TSX,ETP,1012500.0,,,,,,,,,,,,,,,,,
PHX.TO,PHX,PHX Energy Services Corp.,TSX,Industrial Products & Services,344279768.64,,,,,,,,,,,,,,,,,
PFCB.TO,PFCB,PICTON Core Bond Fund,TSX,ETP,49634000.0,,,,,,,,,,,,,,,,,
PFCO.TO,PFCO,PICTON Credit Opportunities Alternative Fund,TSX,ETP,53320400.0,,,,,,,,,,,,,,,,,
PFIN.TO,PFIN,PICTON Income Fund,TSX,ETP,1604800.0,,,,,,,,,,,,,,,,,
PFIG.TO,PFIG,PICTON Investment Grade Alternative Fund,TSX,ETP,989000.0,,,,,,,,,,,,,,,,,
PFAE.TO,PFAE,PICTON Long Short Equity (130/30) Alternative Fund,TSX,ETP,33203750.0,,,,,,,,,,,,,,,,,
PFLS.TO,PFLS,PICTON Long Short Equity Alternative Fund,TSX,ETP,154106100.0,,,,,,,,,,,,,,,,,
PFIA.TO,PFIA,PICTON Long Short Income Alternative Fund,TSX,ETP,516898800.0,,,,,,,,,,,,,,,,,
PFMN.TO,PFMN,PICTON Market Neutral Equity Alternative Fund,TSX,ETP,537062400.0,,,,,,,,,,,,,,,,,
PFAA.TO,PFAA,PICTON Multi-Strategy Alpha Alternative Fund,TSX,ETP,301350000.0,,,,,,,,,,,,,,,,,
PFMS.TO,PFMS,PICTON Multi-Strategy Alternative Fund,TSX,ETP,6600000.0,,,,,,,,,,,,,,,,,
CORE.TO,CORE,PIMCO Canadian Core Bond Fund,TSX,ETP,120802500.0,,,,,,,,,,,,,,,,,
PGI.TO,PGI,PIMCO Global Income Opportunities Fund,TSX,Closed-End Funds,246387708.78,,,,,,,,,,,,,,,,,
PMNT.TO,PMNT,PIMCO Global Short Maturity Fund (Canada),TSX,ETP,35853000.0,,,,,,,,,,,,,,,,,
IGCF.TO,IGCF,PIMCO Investment Grade Credit Fund (Canada),TSX,ETP,8335000.0,,,,,,,,,,,,,,,,,
PLDI.TO,PLDI,PIMCO Low Duration Monthly Income Fund (Canada),TSX,ETP,23612500.0,,,,,,,,,,,,,,,,,
PCON.TO,PCON,PIMCO Managed Conservative Bond Pool,TSX,ETP,9140000.0,,,,,,,,,,,,,,,,,
PCOR.TO,PCOR,PIMCO Managed Core Bond Pool,TSX,ETP,248844000.0,,,,,,,,,,,,,,,,,
PMEI.TO,PMEI,PIMCO Monthly Enhanced Income Fund,TSX,Closed-End Funds,733115643.6,,,,,,,,,,,,,,,,,
PMIF.TO,PMIF,PIMCO Monthly Income Fund (Canada),TSX,ETP,3981671000.0,,,,,,,,,,,,,,,,,
PNE.TO,PNE,Pine Cliff Energy Ltd.,TSX,Oil & Gas,272681587.12,,,,,,,,,,,,,,,,,
PNP.TO,PNP,Pinetree Capital Ltd.,TSX,Financial Services,105791490.0,,,,,,,,,,,,,,,,,
PZA.TO,PZA,Pizza Pizza Royalty Corp.,TSX,Consumer Products & Services,381831259.92,,,,,,,,,,,,,,,,,
PTM.TO,PTM,Platinum Group Metals Ltd.,TSX,Mining,360605638.4,,,,,,,,,,,,,,,,,
PLZ.TO,PLZ,Plaza Retail REIT,TSX,Real Estate,462724158.4,,,,,,,,,,,,,,,,,
PMET.TO,PMET,PMET Resources Inc.,TSX,Mining,611758785.95,,,,,,,,,,,,,,,,,
PIF.TO,PIF,Polaris Renewable Energy Inc.,TSX,Clean Technology & Renewable Energy,273316269.66,,,,,,,,,,,,,,,,,
PBL.TO,PBL,Pollard Banknote Limited,TSX,Consumer Products & Services,548390973.94,,,,,,,,,,,,,,,,,
PNC.TO,PNC,Postmedia Network Canada Corp.,TSX,Comm. & Media,98078888.97,,,,,,,,,,,,,,,,,
POW.TO,POW,Power Corporation of Canada,TSX,Financial Services,43196172644.5,,,,,,,,,,,,,,,,,
PWF.TO,PWF,Power Financial Corporation,TSX,Financial Services,2601201228.68,,,,,,,,,,,,,,,,,
PPR.TO,PPR,Prairie Provident Resources Inc.,TSX,Oil & Gas,35039390.9,,,,,,,,,,,,,,,,,
PSK.TO,PSK,PrairieSky Royalty Ltd.,TSX,Oil & Gas,5859678893.76,,,,,,,,,,,,,,,,,
MMP.TO,MMP,Precious Metals and Mining Trust,TSX,Closed-End Funds,29794538.07,,,,,,,,,,,,,,,,,
PD.TO,PD,Precision Drilling Corporation,TSX,Industrial Products & Services,1108416438.92,,,,,,,,,,,,,,,,,
PBH.TO,PBH,Premium Brands Holdings Corporation,TSX,Consumer Products & Services,4828788805.8,,,,,,,,,,,,,,,,,
MCAD.TO,MCAD,Premium Cash Management Fund,TSX,ETP,67520250.0,,,,,,,,,,,,,,,,,
PGIC.TO,PGIC,Premium Global Income Split Corp.,TSX,Closed-End Funds,61940124.67,,,,,,,,,,,,,,,,,
PIC.TO,PIC,Premium Income Corporation,TSX,Closed-End Funds,413138427.51,,,,,,,,,,,,,,,,,
PMZ.TO,PMZ,Primaris Real Estate Investment Trust,TSX,Real Estate,1822152851.64,,,,,,,,,,,,,,,,,
PDV.TO,PDV,Prime Dividend Corp.,TSX,Closed-End Funds,12281759.49,,,,,,,,,,,,,,,,,
PRV.TO,PRV,PRO Real Estate Investment Trust,TSX,Real Estate,417321262.96,,,,,,,,,,,,,,,,,
PRB.TO,PRB,Probe Gold Inc.,TSX,Mining,746635992.3,,,,,,,,,,,,,,,,,
PRN.TO,PRN,Profound Medical Corp.,TSX,Life Sciences,252418429.12,,,,,,,,,,,,,,,,,
PRL.TO,PRL,Propel Holdings Inc.,TSX,Technology,1004319668.88,,,,,,,,,,,,,,,,,
PSD.TO,PSD,Pulse Seismic Inc.,TSX,Industrial Products & Services,149219867.58,,,,,,,,,,,,,,,,,
PABF.TO,PABF,Purpose Active Balanced Fund,TSX,ETP,207675000.0,,,,,,,,,,,,,,,,,
PACF.TO,PACF,Purpose Active Conservative Fund,TSX,ETP,65510750.0,,,,,,,,,,,,,,,,,
PAGF.TO,PAGF,Purpose Active Growth Fund,TSX,ETP,145255000.0,,,,,,,,,,,,,,,,,
PBI.TO,PBI,Purpose Best Ideas Fund,TSX,ETP,17473151.6,,,,,,,,,,,,,,,,,
BTCC.TO,BTCC,Purpose Bitcoin ETF,TSX,ETP,2925293250.0,,,,,,,,,,,,,,,,,
BTCY.TO,BTCY,Purpose Bitcoin Yield ETF,TSX,ETP,157193500.0,,,,,,,,,,,,,,,,,
BNC.TO,BNC,Purpose Canadian Financial Income Fund,TSX,ETP,3231000.0,,,,,,,,,,,,,,,,,
MNY.TO,MNY,Purpose Cash Management Fund ETF,TSX,ETP,1540616000.0,,,,,,,,,,,,,,,,,
PRP.TO,PRP,Purpose Conservative Income Fund,TSX,ETP,993500.0,,,,,,,,,,,,,,,,,
BTCO.TO,BTCO,Purpose Core Bitcoin ETF,TSX,ETP,40409000.0,,,,,,,,,,,,,,,,,
PDF.TO,PDF,Purpose Core Dividend Fund,TSX,ETP,200004088.05,,,,,,,,,,,,,,,,,
ETHO.TO,ETHO,Purpose Core Ether ETF,TSX,ETP,45445750.0,,,,,,,,,,,,,,,,,
CROP.TO,CROP,Purpose Credit Opportunities Fund,TSX,ETP,279984950.0,,,,,,,,,,,,,,,,,
PRA.TO,PRA,Purpose Diversified Real Asset Fund,TSX,ETP,90838631.88,,,,,,,,,,,,,,,,,
PDIV.TO,PDIV,Purpose Enhanced Dividend Fund,TSX,ETP,73297312.24,,,,,,,,,,,,,,,,,
PAYF.TO,PAYF,Purpose Enhanced Premium Yield Fund,TSX,ETP,47874000.0,,,,,,,,,,,,,,,,,
ETHH.TO,ETHH,Purpose Ether ETF,TSX,ETP,435325097.08,,,,,,,,,,,,,,,,,
ETHY.TO,ETHY,Purpose Ether Yield ETF,TSX,ETP,101489250.0,,,,,,,,,,,,,,,,,
IGB.TO,IGB,Purpose Global Bond Class,TSX,ETP,274114250.0,,,,,,,,,,,,,,,,,
BND.TO,BND,Purpose Global Bond Fund ETF,TSX,ETP,1222904250.0,,,,,,,,,,,,,,,,,
FLX.TO,FLX,Purpose Global Flexible Credit Fund ETF,TSX,ETP,29330533.66,,,,,,,,,,,,,,,,,
PINV.TO,PINV,Purpose Global Innovators Fund,TSX,ETP,1321500.0,,,,,,,,,,,,,,,,,
KILO.TO,KILO,Purpose Gold Bullion Fund,TSX,ETP,710405177.46,,,,,,,,,,,,,,,,,
PSA.TO,PSA,Purpose High Interest Savings Fund,TSX,ETP,3268480250.0,,,,,,,,,,,,,,,,,
PID.TO,PID,Purpose International Dividend Fund,TSX,ETP,127041750.0,,,,,,,,,,,,,,,,,
PHW.TO,PHW,Purpose International Tactical Hedged Equity Fund,TSX,ETP,5597479.8,,,,,,,,,,,,,,,,,
PIN.TO,PIN,Purpose Monthly Income Fund,TSX,ETP,7573057.89,,,,,,,,,,,,,,,,,
PINC.TO,PINC,Purpose Multi-Asset Income Fund,TSX,ETP,60484887.8,,,,,,,,,,,,,,,,,
PMM.TO,PMM,Purpose Multi-Strategy Market Neutral Fund,TSX,ETP,43745000.0,,,,,,,,,,,,,,,,,
PYF.TO,PYF,Purpose Premium Yield Fund,TSX,ETP,393193750.0,,,,,,,,,,,,,,,,,
PHR.TO,PHR,Purpose Real Estate Income Fund,TSX,ETP,6301750.0,,,,,,,,,,,,,,,,,
SBT.TO,SBT,Purpose Silver Bullion Trust ETF,TSX,ETP,98268984.72,,,,,,,,,,,,,,,,,
SOLL.TO,SOLL,Purpose Solana ETF,TSX,ETP,61576500.0,,,,,,,,,,,,,,,,,
SYLD.TO,SYLD,Purpose Strategic Yield Fund,TSX,ETP,120097500.0,,,,,,,,,,,,,,,,,
PHE.TO,PHE,Purpose Tactical Hedged Equity Fund,TSX,ETP,27172326.3,,,,,,,,,,,,,,,,,
PBD.TO,PBD,Purpose Total Return Bond Fund,TSX,ETP,14243044.86,,,,,,,,,,,,,,,,,
PSU.TO,PSU,Purpose US Cash Fund ETF,TSX,ETP,736217925.0,,,,,,,,,,,,,,,,,
MNU.TO,MNU,Purpose USD Cash Management Fund,TSX,ETP,10005000.0,,,,,,,,,,,,,,,,,
XRPP.TO,XRPP,Purpose XRP ETF,TSX,ETP,113782250.0,,,,,,,,,,,,,,,,,
PYR.TO,PYR,PyroGenesis Inc.,TSX,Clean Technology & Renewable Energy,43226225.3,,,,,,,,,,,,,,,,,
PREF.TO,PREF,Quadravest Preferred Split Share ETF,TSX,ETP,41128000.0,,,,,,,,,,,,,,,,,
QTRH.TO,QTRH,Quarterhill Inc.,TSX,Technology,185597527.76,,,,,,,,,,,,,,,,,
QBR.TO,QBR,Quebecor Inc.,TSX,Comm. & Media,10216047809.52,,,,,,,,,,,,,,,,,
QRC.TO,QRC,Queen's Road Capital Investment Ltd.,TSX,Financial Services,447380218.36,,,,,,,,,,,,,,,,,
QEC.TO,QEC,Questerre Energy Corporation,TSX,Oil & Gas,132839909.16,,,,,,,,,,,,,,,,,
QIPT.TO,QIPT,Quipt Home Medical Corp.,TSX,Life Sciences,148143944.52,,,,,,,,,,,,,,,,,
RPR.TO,RPR,Ravelin Properties REIT,TSX,Real Estate,101279170.535,,,,,,,,,,,,,,,,,
RAV.TO,RAV,Ravensource Fund,TSX,Closed-End Funds,19013420.25,,,,,,,,,,,,,,,,,
RBA.TO,RBA,"RB Global, Inc.",TSX,Industrial Products & Services,25839413882.8,,,,,,,,,,,,,,,,,
RLB.TO,RLB,RBC 1-5 Year Laddered Canadian Bond ETF,TSX,ETP,153900000.0,,,,,,,,,,,,,,,,,
RBO.TO,RBO,RBC 1-5 Year Laddered Canadian Corporate Bond ETF,TSX,ETP,181824000.0,,,,,,,,,,,,,,,,,
RBNK.TO,RBNK,RBC Canadian Bank Yield Index ETF,TSX,ETP,345423500.0,,,,,,,,,,,,,,,,,
RCDC.TO,RCDC,RBC Canadian Dividend Covered Call ETF,TSX,ETP,40022500.0,,,,,,,,,,,,,,,,,
RPF.TO,RPF,RBC Canadian Preferred Share ETF,TSX,ETP,615206400.0,,,,,,,,,,,,,,,,,
RUST.TO,RUST,RBC Canadian Ultra Short Term Bond ETF,TSX,ETP,6245000.0,,,,,,,,,,,,,,,,,
RCD.TO,RCD,RBC Quant Canadian Dividend Leaders ETF,TSX,ETP,275977500.0,,,,,,,,,,,,,,,,,
RIDH.TO,RIDH,RBC Quant EAFE Dividend Leaders (CAD Hedged) ETF,TSX,ETP,77385500.0,,,,,,,,,,,,,,,,,
RID.TO,RID,RBC Quant EAFE Dividend Leaders ETF,TSX,ETP,265556000.0,,,,,,,,,,,,,,,,,
RPDH.TO,RPDH,RBC Quant European Dividend Leaders (CAD Hedged) ETF,TSX,ETP,18624000.0,,,,,,,,,,,,,,,,,
RPD.TO,RPD,RBC Quant European Dividend Leaders ETF,TSX,ETP,73918500.0,,,,,,,,,,,,,,,,,
RUDH.TO,RUDH,RBC Quant U.S. Dividend Leaders (CAD Hedged) ETF,TSX,ETP,192920000.0,,,,,,,,,,,,,,,,,
RUD.TO,RUD,RBC Quant U.S. Dividend Leaders ETF,TSX,ETP,848046500.0,,,,,,,,,,,,,,,,,
RUSB.TO,RUSB,RBC Short Term U.S. Corporate Bond ETF,TSX,ETP,234092250.0,,,,,,,,,,,,,,,,,
RQO.TO,RQO,RBC Target 2026 Canadian Corporate Bond Index ETF,TSX,ETP,881672000.0,,,,,,,,,,,,,,,,,
RGQO.TO,RGQO,RBC Target 2026 Canadian Government Bond ETF,TSX,ETP,103108500.0,,,,,,,,,,,,,,,,,
RUQO.TO,RUQO,RBC Target 2026 U.S. Corporate Bond ETF,TSX,ETP,68802750.0,,,,,,,,,,,,,,,,,
RQP.TO,RQP,RBC Target 2027 Canadian Corporate Bond Index ETF,TSX,ETP,859304000.0,,,,,,,,,,,,,,,,,
RGQP.TO,RGQP,RBC Target 2027 Canadian Government Bond ETF,TSX,ETP,139590000.0,,,,,,,,,,,,,,,,,
RUQP.TO,RUQP,RBC Target 2027 U.S. Corporate Bond ETF,TSX,ETP,35840000.0,,,,,,,,,,,,,,,,,
RQQ.TO,RQQ,RBC Target 2028 Canadian Corporate Bond Index ETF,TSX,ETP,644619500.0,,,,,,,,,,,,,,,,,
RGQQ.TO,RGQQ,RBC Target 2028 Canadian Government Bond ETF,TSX,ETP,72846000.0,,,,,,,,,,,,,,,,,
RUQQ.TO,RUQQ,RBC Target 2028 U.S. Corporate Bond ETF,TSX,ETP,42563125.0,,,,,,,,,,,,,,,,,
RQR.TO,RQR,RBC Target 2029 Canadian Corporate Bond Index ETF,TSX,ETP,462102500.0,,,,,,,,,,,,,,,,,
RGQR.TO,RGQR,RBC Target 2029 Canadian Government Bond ETF,TSX,ETP,77824000.0,,,,,,,,,,,,,,,,,
RUQR.TO,RUQR,RBC Target 2029 U.S. Corporate Bond ETF,TSX,ETP,31627500.0,,,,,,,,,,,,,,,,,
RQS.TO,RQS,RBC Target 2030 Canadian Corporate Bond Index ETF,TSX,ETP,306534000.0,,,,,,,,,,,,,,,,,
RGQS.TO,RGQS,RBC Target 2030 Canadian Government Bond ETF,TSX,ETP,98010000.0,,,,,,,,,,,,,,,,,
RUQS.TO,RUQS,RBC Target 2030 U.S. Corporate Bond ETF,TSX,ETP,58630000.0,,,,,,,,,,,,,,,,,
RQT.TO,RQT,RBC Target 2031 Canadian Corporate Bond ETF,TSX,ETP,109086500.0,,,,,,,,,,,,,,,,,
RGQT.TO,RGQT,RBC Target 2031 Canadian Government Bond ETF,TSX,ETP,36360000.0,,,,,,,,,,,,,,,,,
RUQT.TO,RUQT,RBC Target 2031 U.S. Corporate Bond ETF,TSX,ETP,10401500.0,,,,,,,,,,,,,,,,,
RDBH.TO,RDBH,RBC U.S. Discount Bond (CAD Hedged) ETF,TSX,ETP,254276625.0,,,,,,,,,,,,,,,,,
RUDB.TO,RUDB,RBC U.S. Discount Bond ETF,TSX,ETP,392703750.0,,,,,,,,,,,,,,,,,
RUDC.TO,RUDC,RBC U.S. Dividend Covered Call ETF,TSX,ETP,26353500.0,,,,,,,,,,,,,,,,,
RS.TO,RS,Real Estate Split Corp.,TSX,Closed-End Funds,233430872.95,,,,,,,,,,,,,,,,,
REAL.TO,REAL,Real Matters Inc.,TSX,Technology,546388066.24,,,,,,,,,,,,,,,,,
RDDT.TO,RDDT,Reddit CDR (CAD Hedged),TSX,ETP,3076500.0,,,,,,,,,,,,,,,,,
QSR.TO,QSR,Restaurant Brands International Inc.,TSX,Consumer Products & Services,30197588854.44,,,,,,,,,,,,,,,,,
QSP.TO,QSP,Restaurant Brands International Limited Partnership,TSX,Consumer Products & Services,11819588344.2,,,,,,,,,,,,,,,,,
RVX.TO,RVX,Resverlogix Corp.,TSX,Life Sciences,27261584.18,,,,,,,,,,,,,,,,,
RGBM.TO,RGBM,Return Stacked® Global Balanced & Macro ETF,TSX,ETP,30998701.76,,,,,,,,,,,,,,,,,
RCG.TO,RCG,RF Capital Group Inc.,TSX,Financial Services,431279290.74,,,,,,,,,,,,,,,,,
RPI.TO,RPI,Richards Packaging Income Fund,TSX,Industrial Products & Services,346178221.2,,,,,,,,,,,,,,,,,
RCH.TO,RCH,Richelieu Hardware Ltd.,TSX,Industrial Products & Services,2123208538.6,,,,,,,,,,,,,,,,,
RIO.TO,RIO,Rio2 Limited,TSX,Mining,1010203385.35,,,,,,,,,,,,,,,,,
REI.TO,REI,Riocan Real Estate Investment Trust,TSX,Real Estate,5528110142.76,,,,,,,,,,,,,,,,,
HOOD.TO,HOOD,Robinhood CDR (CAD Hedged),TSX,ETP,7365000.0,,,,,,,,,,,,,,,,,
ROG.TO,ROG,Roche CDR (CAD Hedged),TSX,ETP,6165000.0,,,,,,,,,,,,,,,,,
RGSI.TO,RGSI,Rockpoint Gas Storage Inc.,TSX,Industrial Products & Services,1378944000.0,,,,,,,,,,,,,,,,,
RCI.TO,RCI,Rogers Communications Inc.,TSX,Comm. & Media,29774121201.41,,,,,,,,,,,,,,,,,
RSI.TO,RSI,Rogers Sugar Inc.,TSX,Consumer Products & Services,916364240.88,,,,,,,,,,,,,,,,,
ROOT.TO,ROOT,Roots Corporation,TSX,Consumer Products & Services,128462418.5,,,,,,,,,,,,,,,,,
RY.TO,RY,Royal Bank of Canada,TSX,Financial Services,289376650089.34,,,,,,,,,,,,,,,,,
MNT.TO,MNT,Royal Canadian Mint - Canadian Gold Reserves,TSX,Closed-End Funds,1036880517.2,,,,,,,,,,,,,,,,,
MNS.TO,MNS,Royal Canadian Mint - Canadian Silver Reserves,TSX,Closed-End Funds,167668085.52,,,,,,,,,,,,,,,,,
RTG.TO,RTG,RTG Mining Inc.,TSX,Mining,57351162.33,,,,,,,,,,,,,,,,,
RBY.TO,RBY,Rubellite Energy Corp.,TSX,Oil & Gas,249163490.1,,,,,,,,,,,,,,,,,
RUP.TO,RUP,Rupert Resources Ltd.,TSX,Mining,1316673095.78,,,,,,,,,,,,,,,,,
RUS.TO,RUS,Russel Metals Inc.,TSX,Industrial Products & Services,2416120508.55,,,,,,,,,,,,,,,,,
RIFI.TO,RIFI,Russell Investments Fixed Income Pool,TSX,ETP,21660000.0,,,,,,,,,,,,,,,,,
RIGE.TO,RIGE,Russell Investments Global Equity Pool,TSX,ETP,1746000.0,,,,,,,,,,,,,,,,,
RIIN.TO,RIIN,Russell Investments Global Infrastructure Pool,TSX,ETP,64297000.0,,,,,,,,,,,,,,,,,
RIRA.TO,RIRA,Russell Investments Real Assets,TSX,ETP,8491500.0,,,,,,,,,,,,,,,,,
MIC.TO,MIC,Sagen MI Canada Inc.,TSX,Financial Services,94400000.0,,,,,,,,,,,,,,,,,
SFC.TO,SFC,Sagicor Financial Company Ltd.,TSX,Financial Services,1084054952.0,,,,,,,,,,,,,,,,,
SLT.TO,SLT,Saltire Capital Ltd.,TSX,Financial Services,41668004.2,,,,,,,,,,,,,,,,,
STC.TO,STC,Sangoma Technologies Corporation,TSX,Technology,244685459.26,,,,,,,,,,,,,,,,,
SAPS.TO,SAPS,SAP CDR (CAD Hedged),TSX,ETP,16056000.0,,,,,,,,,,,,,,,,,
SAP.TO,SAP,Saputo Inc.,TSX,Consumer Products & Services,13938675848.56,,,,,,,,,,,,,,,,,
MSCL.TO,MSCL,Satellos Bioscience Inc.,TSX,Life Sciences,142522064.3,,,,,,,,,,,,,,,,,
SOIL.TO,SOIL,Saturn Oil & Gas Inc.,TSX,Oil & Gas,499853342.15,,,,,,,,,,,,,,,,,
SIS.TO,SIS,Savaria Corporation,TSX,Industrial Products & Services,1575329015.31,,,,,,,,,,,,,,,,,
AAPU.TO,AAPU,SavvyLong (2X) AAPL ETF,TSX,ETP,4353924.15,,,,,,,,,,,,,,,,,
AMZU.TO,AMZU,SavvyLong (2X) AMZN ETF,TSX,ETP,7477385.95,,,,,,,,,,,,,,,,,
ABXU.TO,ABXU,SavvyLong (2X) Barrick ETF,TSX,ETP,2007000.0,,,,,,,,,,,,,,,,,
CCOU.TO,CCOU,SavvyLong (2X) Cameco ETF,TSX,ETP,2880000.0,,,,,,,,,,,,,,,,,
CNQU.TO,CNQU,SavvyLong (2X) Cdn Natural Resources ETF,TSX,ETP,2165000.0,,,,,,,,,,,,,,,,,
CSUU.TO,CSUU,SavvyLong (2X) Constellation Software ETF,TSX,ETP,940500.0,,,,,,,,,,,,,,,,,
ALPU.TO,ALPU,SavvyLong (2X) GOOGL ETF,TSX,ETP,7017780.7,,,,,,,,,,,,,,,,,
MSFU.TO,MSFU,SavvyLong (2X) MSFT ETF,TSX,ETP,3118874.75,,,,,,,,,,,,,,,,,
NVDU.TO,NVDU,SavvyLong (2X) NVDA ETF,TSX,ETP,8995699.9,,,,,,,,,,,,,,,,,
SHPU.TO,SHPU,SavvyLong (2X) Shopify ETF,TSX,ETP,2273000.0,,,,,,,,,,,,,,,,,
TSLU.TO,TSLU,SavvyLong (2X) TSLA ETF,TSX,ETP,6975155.0,,,,,,,,,,,,,,,,,
COMU.TO,COMU,SavvyLong 2X CIBC (CM) Equity-Linked ETF,TSX,ETP,2123000.0,,,,,,,,,,,,,,,,,
NBCU.TO,NBCU,SavvyLong 2X NBC (NA) Equity-Linked ETF,TSX,ETP,2050000.0,,,,,,,,,,,,,,,,,
RBCU.TO,RBCU,SavvyLong 2X RBC (RY) Equity-Linked ETF,TSX,ETP,2034000.0,,,,,,,,,,,,,,,,,
TDU.TO,TDU,SavvyLong 2X TDB (TD) Equity-Linked ETF,TSX,ETP,2088000.0,,,,,,,,,,,,,,,,,
CLUP.TO,CLUP,SavvyLong Geared Crude Oil ETF,TSX,ETP,5976750.0,,,,,,,,,,,,,,,,,
NGUP.TO,NGUP,SavvyLong Geared Natural Gas ETF,TSX,ETP,4371250.0,,,,,,,,,,,,,,,,,
NVDD.TO,NVDD,SavvyShort (-2X) NVDA ETF,TSX,ETP,2028831.15,,,,,,,,,,,,,,,,,
TSLD.TO,TSLD,SavvyShort (-2X) TSLA ETF,TSX,ETP,1527050.9,,,,,,,,,,,,,,,,,
CLDN.TO,CLDN,SavvyShort Geared Crude Oil ETF,TSX,ETP,6129500.0,,,,,,,,,,,,,,,,,
NGDN.TO,NGDN,SavvyShort Geared Natural Gas ETF,TSX,ETP,3150000.0,,,,,,,,,,,,,,,,,
SEA.TO,SEA,Seabridge Gold Inc.,TSX,Mining,3472888183.1,,,,,,,,,,,,,,,,,
SES.TO,SES,Secure Waste Infrastructure Corp.,TSX,Industrial Products & Services,3822364308.27,,,,,,,,,,,,,,,,,
PME.TO,PME,Sentry Select Primary Metals Corp.,TSX,Closed-End Funds,22757477.05,,,,,,,,,,,,,,,,,
SEC.TO,SEC,Senvest Capital Inc.,TSX,Financial Services,908380176.0,,,,,,,,,,,,,,,,,
SBI.TO,SBI,Serabi Gold plc,TSX,Mining,339290788.48,,,,,,,,,,,,,,,,,
SVA.TO,SVA,Sernova Biotherapeutics Inc.,TSX,Life Sciences,49303594.65,,,,,,,,,,,,,,,,,
S.TO,S,Sherritt International Corporation,TSX,Mining,62036085.0,,,,,,,,,,,,,,,,,
SHOP.TO,SHOP,Shopify Inc.,TSX,Technology,298009108854.38,,,,,,,,,,,,,,,,,
SMNS.TO,SMNS,Siemens CDR (CAD Hedged),TSX,ETP,5940000.0,,,,,,,,,,,,,,,,,
SIA.TO,SIA,Sienna Senior Living Inc.,TSX,Real Estate,1797903459.0,,,,,,,,,,,,,,,,,
SBR.TO,SBR,Silver Bear Resources plc,TSX,Mining,33916480.55,,,,,,,,,,,,,,,,,
SVB.TO,SVB,"Silver Bull Resources, Inc.",TSX,Mining,13674856.32,,,,,,,,,,,,,,,,,
ELEF.TO,ELEF,Silver Elephant Mining Corp.,TSX,Mining,13621929.16,,,,,,,,,,,,,,,,,
SVM.TO,SVM,Silvercorp Metals Inc.,TSX,Mining,1989998255.7,,,,,,,,,,,,,,,,,
SRV.TO,SRV,SIR Royalty Income Fund,TSX,Consumer Products & Services,123958391.6,,,,,,,,,,,,,,,,,
SKE.TO,SKE,Skeena Resources Limited,TSX,Mining,2747494321.15,,,,,,,,,,,,,,,,,
SGR.TO,SGR,Slate Grocery REIT,TSX,Real Estate,862113761.31,,,,,,,,,,,,,,,,,
SRU.TO,SRU,SmartCentres Real Estate Investment Trust,TSX,Real Estate,3848691064.4,,,,,,,,,,,,,,,,,
SLS.TO,SLS,Solaris Resources Inc.,TSX,Mining,1531856754.12,,,,,,,,,,,,,,,,,
SLR.TO,SLR,Solitario Resources Corp.,TSX,Mining,85683416.5,,,,,,,,,,,,,,,,,
SFI.TO,SFI,Solution Financial Inc.,TSX,Consumer Products & Services,23351975.075,,,,,,,,,,,,,,,,,
SHLE.TO,SHLE,Source Energy Services Ltd.,TSX,Industrial Products & Services,162311720.05,,,,,,,,,,,,,,,,,
SOBO.TO,SOBO,South Bow Corporation,TSX,Utilities & Pipelines,7576153626.56,,,,,,,,,,,,,,,,,
SXGC.TO,SXGC,Southern Cross Gold Consolidated Ltd.,TSX,Mining,2111978889.16,,,,,,,,,,,,,,,,,
SDE.TO,SDE,Spartan Delta Corp.,TSX,Oil & Gas,1259076038.2,,,,,,,,,,,,,,,,,
EDT.TO,EDT,Spectral Medical Inc.,TSX,Life Sciences,427951501.6,,,,,,,,,,,,,,,,,
TOY.TO,TOY,Spin Master Corp.,TSX,Consumer Products & Services,701535528.02,,,,,,,,,,,,,,,,,
SII.TO,SII,Sprott Inc.,TSX,Financial Services,2969545471.28,,,,,,,,,,,,,,,,,
COP.TO,COP,Sprott Physical Copper Trust,TSX,Closed-End Funds,107389029.8,,,,,,,,,,,,,,,,,
CEF.TO,CEF,Sprott Physical Gold and Silver Trust,TSX,Closed-End Funds,7214541632.5,,,,,,,,,,,,,,,,,
PHYS.TO,PHYS,Sprott Physical Gold Trust,TSX,Closed-End Funds,14240234856.58,,,,,,,,,,,,,,,,,
SPPP.TO,SPPP,Sprott Physical Platinum and Palladium Trust,TSX,Closed-End Funds,492705084.32,,,,,,,,,,,,,,,,,
PSLV.TO,PSLV,Sprott Physical Silver Trust,TSX,Closed-End Funds,9358205771.43,,,,,,,,,,,,,,,,,
U.TO,U,Sprott Physical Uranium Trust,TSX,Closed-End Funds,8337312808.81,,,,,,,,,,,,,,,,,
SSRM.TO,SSRM,SSR Mining Inc.,TSX,Mining,6430362229.83,,,,,,,,,,,,,,,,,
SAU.TO,SAU,St. Augustine Gold and Copper Limited,TSX,Mining,578217177.73,,,,,,,,,,,,,,,,,
STCK.TO,STCK,Stack Capital Group Inc.,TSX,Financial Services,179338558.9,,,,,,,,,,,,,,,,,
STN.TO,STN,Stantec Inc.,TSX,Industrial Products & Services,17716885663.4,,,,,,,,,,,,,,,,,
DIAM.TO,DIAM,Star Diamond Corporation,TSX,Mining,26891731.09,,,,,,,,,,,,,,,,,
SAM.TO,SAM,Starcore International Mines Ltd.,TSX,Mining,43806758.5,,,,,,,,,,,,,,,,,
SJ.TO,SJ,Stella-Jones Inc.,TSX,Industrial Products & Services,4387732695.06,,,,,,,,,,,,,,,,,
STEP.TO,STEP,STEP Energy Services Ltd.,TSX,Industrial Products & Services,398636653.94,,,,,,,,,,,,,,,,,
STGO.TO,STGO,Steppe Gold Ltd.,TSX,Mining,543578452.05,,,,,,,,,,,,,,,,,
RAY.TO,RAY,Stingray Group Inc.,TSX,Comm. & Media,648550820.32,,,,,,,,,,,,,,,,,
STLR.TO,STLR,STLLR Gold Inc.,TSX,Mining,211677872.0,,,,,,,,,,,,,,,,,
SVI.TO,SVI,StorageVault Canada Inc.,TSX,Real Estate,2091717153.6,,,,,,,,,,,,,,,,,
MSTR.TO,MSTR,Strategy CDR (CAD Hedged),TSX,ETP,3760000.0,,,,,,,,,,,,,,,,,
SCR.TO,SCR,Strathcona Resources Ltd.,TSX,Oil & Gas,7926717496.0,,,,,,,,,,,,,,,,,
SLCA.TO,SLCA,Sun Life Core Advantage Credit Private Pool,TSX,ETP,8052000.0,,,,,,,,,,,,,,,,,
SLSC.TO,SLSC,Sun Life Crescent Specialty Credit Private Pool,TSX,ETP,2000000.0,,,,,,,,,,,,,,,,,
SLF.TO,SLF,Sun Life Financial Inc.,TSX,Financial Services,48749002437.37,,,,,,,,,,,,,,,,,
SLGC.TO,SLGC,Sun Life MFS Global Core Plus Bond Fund,TSX,ETP,3521000.0,,,,,,,,,,,,,,,,,
SU.TO,SU,Suncor Energy Inc.,TSX,Oil & Gas,67373642981.9,,,,,,,,,,,,,,,,,
SOY.TO,SOY,SunOpta Inc.,TSX,Clean Technology & Renewable Energy,887437699.05,,,,,,,,,,,,,,,,,
SPB.TO,SPB,Superior Plus Corp.,TSX,Utilities & Pipelines,1779298868.34,,,,,,,,,,,,,,,,,
SXP.TO,SXP,Supremex Inc.,TSX,Consumer Products & Services,90219034.56,,,,,,,,,,,,,,,,,
SGY.TO,SGY,Surge Energy Inc.,TSX,Oil & Gas,706930997.91,,,,,,,,,,,,,,,,,
SIH.TO,SIH,Sustainable Innovation & Health Dividend Fund,TSX,Closed-End Funds,103782163.7,,,,,,,,,,,,,,,,,
PWI.TO,PWI,Sustainable Power & Infrastructure Split Corp.,TSX,Closed-End Funds,68333307.0,,,,,,,,,,,,,,,,,
SWP.TO,SWP,Swiss Water Decaffeinated Coffee Inc.,TSX,Consumer Products & Services,45145730.96,,,,,,,,,,,,,,,,,
SYZ.TO,SYZ,Sylogist Ltd.,TSX,Technology,157879644.75,,,,,,,,,,,,,,,,,
SSF.TO,SSF,Symphony Floating Rate Senior Loan Fund,TSX,Closed-End Funds,30531401.4,,,,,,,,,,,,,,,,,
TBL.TO,TBL,Taiga Building Products Ltd.,TSX,Industrial Products & Services,372408604.35,,,,,,,,,,,,,,,,,
TSK.TO,TSK,Talisker Resources Ltd.,TSX,Mining,235783306.7,,,,,,,,,,,,,,,,,
TLO.TO,TLO,Talon Metals Corp.,TSX,Mining,437908017.98,,,,,,,,,,,,,,,,,
TVE.TO,TVE,Tamarack Valley Energy Ltd.,TSX,Oil & Gas,3076620109.92,,,,,,,,,,,,,,,,,
GRID.TO,GRID,Tantalus Systems Holding Inc.,TSX,Clean Technology & Renewable Energy,230939346.97,,,,,,,,,,,,,,,,,
TKO.TO,TKO,Taseko Mines Limited,TSX,Mining,2282714586.2,,,,,,,,,,,,,,,,,
TRP.TO,TRP,TC Energy Corporation,TSX,Utilities & Pipelines,75416860878.14,,,,,,,,,,,,,,,,,
TGED.TO,TGED,TD Active Global Enhanced Dividend ETF,TSX,ETP,1426170000.0,,,,,,,,,,,,,,,,,
TGGR.TO,TGGR,TD Active Global Equity Growth ETF,TSX,ETP,43526000.0,,,,,,,,,,,,,,,,,
TGFI.TO,TGFI,TD Active Global Income ETF,TSX,ETP,317486250.0,,,,,,,,,,,,,,,,,
TINF.TO,TINF,TD Active Global Infrastructure Equity ETF,TSX,ETP,245648000.0,,,,,,,,,,,,,,,,,
TGRE.TO,TGRE,TD Active Global Real Estate Equity ETF,TSX,ETP,84584917.12,,,,,,,,,,,,,,,,,
TPRF.TO,TPRF,TD Active Preferred Share ETF,TSX,ETP,377507812.5,,,,,,,,,,,,,,,,,
TUEX.TO,TUEX,TD Active U.S. Enhanced Dividend CAD Hedged ETF,TSX,ETP,10515750.0,,,,,,,,,,,,,,,,,
TUED.TO,TUED,TD Active U.S. Enhanced Dividend ETF,TSX,ETP,690970000.0,,,,,,,,,,,,,,,,,
TUHY.TO,TUHY,TD Active U.S. High Yield Bond ETF,TSX,ETP,370760000.0,,,,,,,,,,,,,,,,,
TEQT.TO,TEQT,TD All-Equity ETF Portfolio,TSX,ETP,22444800.0,,,,,,,,,,,,,,,,,
TBAL.TO,TBAL,TD Balanced ETF,TSX,ETP,160208000.0,,,,,,,,,,,,,,,,,
TDB.TO,TDB,TD Canadian Aggregate Bond Index ETF,TSX,ETP,2615760221.91,,,,,,,,,,,,,,,,,
TBNK.TO,TBNK,TD Canadian Bank Dividend Index ETF,TSX,ETP,217188400.0,,,,,,,,,,,,,,,,,
TTP.TO,TTP,TD Canadian Equity Index ETF,TSX,ETP,4193641719.0,,,,,,,,,,,,,,,,,
TCLB.TO,TCLB,TD Canadian Long Term Federal Bond ETF,TSX,ETP,311663227.66,,,,,,,,,,,,,,,,,
TCSH.TO,TCSH,TD Cash Management ETF,TSX,ETP,428428000.0,,,,,,,,,,,,,,,,,
TCON.TO,TCON,TD Conservative ETF,TSX,ETP,71896000.0,,,,,,,,,,,,,,,,,
TDOC.TO,TDOC,TD Global Healthcare Leaders Index ETF,TSX,ETP,85519500.0,,,,,,,,,,,,,,,,,
TECI.TO,TECI,TD Global Technology Innovators Index ETF,TSX,ETP,12610500.0,,,,,,,,,,,,,,,,,
TECX.TO,TECX,TD Global Technology Leaders CAD Hedged Index ETF,TSX,ETP,9095000.0,,,,,,,,,,,,,,,,,
TEC.TO,TEC,TD Global Technology Leaders Index ETF,TSX,ETP,3832003900.0,,,,,,,,,,,,,,,,,
TGRO.TO,TGRO,TD Growth ETF,TSX,ETP,247588000.0,,,,,,,,,,,,,,,,,
THE.TO,THE,TD International Equity CAD Hedged Index ETF,TSX,ETP,170189250.0,,,,,,,,,,,,,,,,,
TPE.TO,TPE,TD International Equity Index ETF,TSX,ETP,3702205239.04,,,,,,,,,,,,,,,,,
TDNA.TO,TDNA,TD North American Dividend Fund,TSX,ETP,6447600.0,,,,,,,,,,,,,,,,,
TQCD.TO,TQCD,TD Q Canadian Dividend ETF,TSX,ETP,1398883500.0,,,,,,,,,,,,,,,,,
TCLV.TO,TCLV,TD Q Canadian Low Volatility ETF,TSX,ETP,69190000.0,,,,,,,,,,,,,,,,,
TQGD.TO,TQGD,TD Q Global Dividend ETF,TSX,ETP,504724500.0,,,,,,,,,,,,,,,,,
TQGM.TO,TQGM,TD Q Global Multifactor ETF,TSX,ETP,543980000.0,,,,,,,,,,,,,,,,,
TILV.TO,TILV,TD Q International Low Volatility ETF,TSX,ETP,80792500.0,,,,,,,,,,,,,,,,,
TULV.TO,TULV,TD Q U.S. Low Volatility ETF,TSX,ETP,64757000.0,,,,,,,,,,,,,,,,,
TQSM.TO,TQSM,TD Q U.S. Small-Mid-Cap Equity ETF,TSX,ETP,565714000.0,,,,,,,,,,,,,,,,,
TCSB.TO,TCSB,TD Select Short Term Corporate Bond Ladder ETF,TSX,ETP,392769000.0,,,,,,,,,,,,,,,,,
TUSB.TO,TUSB,TD Select U.S. Short Term Corporate Bond Ladder ETF,TSX,ETP,23875500.0,,,,,,,,,,,,,,,,,
TBCE.TO,TBCE,TD Target 2025 Investment Grade Bond ETF,TSX,ETP,56896000.0,,,,,,,,,,,,,,,,,
TBUE.TO,TBUE,TD Target 2025 U.S. Investment Grade Bond ETF,TSX,ETP,21571200.0,,,,,,,,,,,,,,,,,
TBCF.TO,TBCF,TD Target 2026 Investment Grade Bond ETF,TSX,ETP,136292000.0,,,,,,,,,,,,,,,,,
TBUF.TO,TBUF,TD Target 2026 U.S. Investment Grade Bond ETF,TSX,ETP,24672000.0,,,,,,,,,,,,,,,,,
TBCG.TO,TBCG,TD Target 2027 Investment Grade Bond ETF,TSX,ETP,187825600.0,,,,,,,,,,,,,,,,,
TBUG.TO,TBUG,TD Target 2027 U.S. Investment Grade Bond ETF,TSX,ETP,46710000.0,,,,,,,,,,,,,,,,,
TBCH.TO,TBCH,TD Target 2028 Investment Grade Bond ETF,TSX,ETP,40185600.0,,,,,,,,,,,,,,,,,
TBCI.TO,TBCI,TD Target 2029 Investment Grade Bond ETF,TSX,ETP,17503200.0,,,,,,,,,,,,,,,,,
TBCJ.TO,TBCJ,TD Target 2030 Investment Grade Bond ETF,TSX,ETP,13509600.0,,,,,,,,,,,,,,,,,
TUSD.TO,TUSD,TD U.S. Cash Management ETF,TSX,ETP,27010800.0,,,,,,,,,,,,,,,,,
THU.TO,THU,TD U.S. Equity CAD Hedged Index ETF,TSX,ETP,141592500.0,,,,,,,,,,,,,,,,,
TPU.TO,TPU,TD U.S. Equity Index ETF,TSX,ETP,4252228565.9,,,,,,,,,,,,,,,,,
TULB.TO,TULB,TD U.S. Long Term Treasury Bond ETF,TSX,ETP,115407800.0,,,,,,,,,,,,,,,,,
XTD.TO,XTD,TDb Split Corp.,TSX,Closed-End Funds,82036244.06,,,,,,,,,,,,,,,,,
TECK.TO,TECK,Teck Resources Limited,TSX,Mining,29373107741.65,,,,,,,,,,,,,,,,,
TCS.TO,TCS,TECSYS Inc.,TSX,Technology,525091895.5,,,,,,,,,,,,,,,,,
TSAT.TO,TSAT,Telesat Corporation,TSX,Technology,620016532.5,,,,,,,,,,,,,,,,,
T.TO,T,TELUS Corporation,TSX,Comm. & Media,31486312723.81,,,,,,,,,,,,,,,,,
TIXT.TO,TIXT,TELUS International (Cda) Inc.,TSX,Technology,751786394.35,,,,,,,,,,,,,,,,,
TNZ.TO,TNZ,Tenaz Energy Corp.,TSX,Oil & Gas,759011702.16,,,,,,,,,,,,,,,,,
TGO.TO,TGO,TeraGo Inc.,TSX,Comm. & Media,33537813.02,,,,,,,,,,,,,,,,,
TSND.TO,TSND,TerrAscend Corp.,TSX,Life Sciences,303180902.64,,,,,,,,,,,,,,,,,
TVK.TO,TVK,TerraVest Industries Inc.,TSX,Industrial Products & Services,2944483667.1,,,,,,,,,,,,,,,,,
TSLA.TO,TSLA,Tesla CDR (CAD Hedged),TSX,ETP,948552500.0,,,,,,,,,,,,,,,,,
TFII.TO,TFII,TFI International Inc.,TSX,Industrial Products & Services,10371555194.28,,,,,,,,,,,,,,,,,
QBTC.TO,QBTC,The Bitcoin Fund,TSX,Closed-End Funds,466733195.74,,,,,,,,,,,,,,,,,
QETH.TO,QETH,The Ether Fund,TSX,Closed-End Funds,175178708.64,,,,,,,,,,,,,,,,,
THNC.TO,THNC,Thinkific Labs Inc.,TSX,Technology,153269266.5,,,,,,,,,,,,,,,,,
TRI.TO,TRI,Thomson Reuters Corporation,TSX,Comm. & Media,96048573039.12,,,,,,,,,,,,,,,,,
TWM.TO,TWM,Tidewater Midstream and Infrastructure Ltd.,TSX,Industrial Products & Services,212281618.08,,,,,,,,,,,,,,,,,
LCFS.TO,LCFS,Tidewater Renewables Ltd.,TSX,Clean Technology & Renewable Energy,146018904.92,,,,,,,,,,,,,,,,,
TLRY.TO,TLRY,"Tilray Brands, Inc.",TSX,Consumer Products & Services,1243818779.92,,,,,,,,,,,,,,,,,
TF.TO,TF,Timbercreek Financial Corp.,TSX,Financial Services,549481354.24,,,,,,,,,,,,,,,,,
TINY.TO,TINY,Tiny Ltd.,TSX,Technology,235020480.72,,,,,,,,,,,,,,,,,
TI.TO,TI,Titan Mining Corporation,TSX,Mining,377395306.75,,,,,,,,,,,,,,,,,
TTNM.TO,TTNM,Titanium Transportation Group Inc.,TSX,Industrial Products & Services,58416571.56,,,,,,,,,,,,,,,,,
X.TO,X,TMX Group Limited,TSX,Financial Services,14389264805.44,,,,,,,,,,,,,,,,,
TPZ.TO,TPZ,Topaz Energy Corp.,TSX,Oil & Gas,3830385774.6,,,,,,,,,,,,,,,,,
TXG.TO,TXG,Torex Gold Resources Inc.,TSX,Mining,5570359363.96,,,,,,,,,,,,,,,,,
TIH.TO,TIH,Toromont Industries Ltd.,TSX,Industrial Products & Services,13711952749.95,,,,,,,,,,,,,,,,,
TD.TO,TD,Toronto-Dominion Bank (The),TSX,Financial Services,196799910479.08,,,,,,,,,,,,,,,,,
TOT.TO,TOT,Total Energy Services Inc.,TSX,Industrial Products & Services,519246600.0,,,,,,,,,,,,,,,,,
TXP.TO,TXP,Touchstone Exploration Inc.,TSX,Oil & Gas,57441394.12,,,,,,,,,,,,,,,,,
TOU.TO,TOU,Tourmaline Oil Corp.,TSX,Oil & Gas,23872715386.1,,,,,,,,,,,,,,,,,
TGAF.TO,TGAF,Tralucent Global Alt (Long/Short) Equity Fund,TSX,ETP,28918950.0,,,,,,,,,,,,,,,,,
TA.TO,TA,TransAlta Corporation,TSX,Utilities & Pipelines,8241550926.59,,,,,,,,,,,,,,,,,
TRZ.TO,TRZ,Transat A.T. Inc.,TSX,Consumer Products & Services,85070260.49,,,,,,,,,,,,,,,,,
TCL.TO,TCL,Transcontinental Inc.,TSX,Comm. & Media,1646836765.99,,,,,,,,,,,,,,,,,
TSL.TO,TSL,Tree Island Steel Ltd.,TSX,Industrial Products & Services,70751654.61,,,,,,,,,,,,,,,,,
TCW.TO,TCW,Trican Well Service Ltd.,TSX,Industrial Products & Services,1114214561.25,,,,,,,,,,,,,,,,,
TMQ.TO,TMQ,Trilogy Metals Inc.,TSX,Mining,1047214642.74,,,,,,,,,,,,,,,,,
TFPM.TO,TFPM,Triple Flag Precious Metals Corp.,TSX,Mining,8045570658.7,,,,,,,,,,,,,,,,,
TSU.TO,TSU,Trisura Group Ltd.,TSX,Financial Services,1847818661.65,,,,,,,,,,,,,,,,,
TLG.TO,TLG,Troilus Gold Corp.,TSX,Mining,581061833.28,,,,,,,,,,,,,,,,,
TNT.TO,TNT,True North Commercial Real Estate Investment Trust,TSX,Real Estate,126791389.35,,,,,,,,,,,,,,,,,
TRX.TO,TRX,TRX Gold Corporation,TSX,Mining,253651418.66,,,,,,,,,,,,,,,,,
TC.TO,TC,Tucows Inc.,TSX,Technology,287042727.54,,,,,,,,,,,,,,,,,
TVA.TO,TVA,TVA Group Inc.,TSX,Comm. & Media,23720176.35,,,,,,,,,,,,,,,,,
TWC.TO,TWC,TWC Enterprises Limited,TSX,Consumer Products & Services,555891853.0,,,,,,,,,,,,,,,,,
UBSS.TO,UBSS,UBS CDR (CAD Hedged),TSX,ETP,2397000.0,,,,,,,,,,,,,,,,,
UNI.TO,UNI,Unisync Corp.,TSX,Consumer Products & Services,23765286.25,,,,,,,,,,,,,,,,,
UNC.TO,UNC,United Corporations Limited,TSX,Closed-End Funds,1647846757.5,,,,,,,,,,,,,,,,,
URC.TO,URC,Uranium Royalty Corp.,TSX,Mining,917323610.76,,,,,,,,,,,,,,,,,
URB.TO,URB,Urbana Corporation,TSX,Financial Services,318787637.5,,,,,,,,,,,,,,,,,
URE.TO,URE,Ur-Energy Inc.,TSX,Mining,898287735.51,,,,,,,,,,,,,,,,,
FTU.TO,FTU,US Financial 15 Split Corp.,TSX,Closed-End Funds,12505273.38,,,,,,,,,,,,,,,,,
HISU.TO,HISU,US High Interest Savings Account Fund Unhedged ETF,TSX,ETP,425297500.0,,,,,,,,,,,,,,,,,
MUSD.TO,MUSD,US Premium Cash Management Fund,TSX,ETP,17561250.0,,,,,,,,,,,,,,,,,
VLE.TO,VLE,Valeura Energy Inc.,TSX,Oil & Gas,706347305.64,,,,,,,,,,,,,,,,,
VEQT.TO,VEQT,Vanguard All-Equity ETF Portfolio,TSX,ETP,9696140946.0,,,,,,,,,,,,,,,,,
VBAL.TO,VBAL,Vanguard Balanced ETF Portfolio,TSX,ETP,4183888700.0,,,,,,,,,,,,,,,,,
VAB.TO,VAB,Vanguard Canadian Aggregate Bond Index ETF,TSX,ETP,6350760000.0,,,,,,,,,,,,,,,,,
VCB.TO,VCB,Vanguard Canadian Corporate Bond Index ETF,TSX,ETP,464020498.65,,,,,,,,,,,,,,,,,
VGV.TO,VGV,Vanguard Canadian Government Bond Index ETF,TSX,ETP,119770200.0,,,,,,,,,,,,,,,,,
VLB.TO,VLB,Vanguard Canadian Long-Term Bond Index ETF,TSX,ETP,272166450.0,,,,,,,,,,,,,,,,,
VSB.TO,VSB,Vanguard Canadian Short-Term Bond Index ETF,TSX,ETP,1399776500.0,,,,,,,,,,,,,,,,,
VSC.TO,VSC,Vanguard Canadian Short-Term Corporate Bond Index ETF,TSX,ETP,1196583000.0,,,,,,,,,,,,,,,,,
VVSG.TO,VVSG,Vanguard Canadian Ultra-Short Government Bond Index ETF,TSX,ETP,85816000.0,,,,,,,,,,,,,,,,,
VCNS.TO,VCNS,Vanguard Conservative ETF Portfolio,TSX,ETP,677018392.0,,,,,,,,,,,,,,,,,
VCIP.TO,VCIP,Vanguard Conservative Income ETF Portfolio,TSX,ETP,260384464.0,,,,,,,,,,,,,,,,,
VCN.TO,VCN,Vanguard FTSE Canada All Cap Index ETF,TSX,ETP,11738317500.0,,,,,,,,,,,,,,,,,
VCE.TO,VCE,Vanguard FTSE Canada Index ETF,TSX,ETP,2772004164.0,,,,,,,,,,,,,,,,,
VRE.TO,VRE,Vanguard FTSE Canadian Capped REIT Index ETF,TSX,ETP,288564000.0,,,,,,,,,,,,,,,,,
VDY.TO,VDY,Vanguard FTSE Canadian High Dividend Yield Index ETF,TSX,ETP,4919213376.0,,,,,,,,,,,,,,,,,
VIU.TO,VIU,Vanguard FTSE Developed All Cap ex North America Index ETF,TSX,ETP,7304094104.0,,,,,,,,,,,,,,,,,
VI.TO,VI,Vanguard FTSE Developed All Cap ex North America Index ETF (CAD-hedged),TSX,ETP,610686000.0,,,,,,,,,,,,,,,,,
VDU.TO,VDU,Vanguard FTSE Developed All Cap Ex U.S. Index ETF,TSX,ETP,655918840.0,,,,,,,,,,,,,,,,,
VEF.TO,VEF,Vanguard FTSE Developed All Cap Ex U.S. Index ETF (CAD-hedged),TSX,ETP,956639540.0,,,,,,,,,,,,,,,,,
VA.TO,VA,Vanguard FTSE Developed Asia Pacific All Cap Index ETF,TSX,ETP,158808633.5,,,,,,,,,,,,,,,,,
VE.TO,VE,Vanguard FTSE Developed Europe All Cap Index ETF,TSX,ETP,474470717.5,,,,,,,,,,,,,,,,,
VIDY.TO,VIDY,Vanguard FTSE Developed ex North America High Dividend Yield Index ETF,TSX,ETP,924230356.0,,,,,,,,,,,,,,,,,
VEE.TO,VEE,Vanguard FTSE Emerging Markets All Cap Index ETF,TSX,ETP,3178689717.5,,,,,,,,,,,,,,,,,
VXC.TO,VXC,Vanguard FTSE Global All Cap ex Canada Index ETF,TSX,ETP,2808578865.0,,,,,,,,,,,,,,,,,
VVO.TO,VVO,Vanguard Global Minimum Volatility ETF,TSX,ETP,37515500.0,,,,,,,,,,,,,,,,,
VMO.TO,VMO,Vanguard Global Momentum Factor ETF,TSX,ETP,296980500.0,,,,,,,,,,,,,,,,,
VVL.TO,VVL,Vanguard Global Value Factor ETF,TSX,ETP,532554800.0,,,,,,,,,,,,,,,,,
VGRO.TO,VGRO,Vanguard Growth ETF Portfolio,TSX,ETP,8228088700.0,,,,,,,,,,,,,,,,,
VRIF.TO,VRIF,Vanguard Retirement Income ETF,TSX,ETP,298970700.0,,,,,,,,,,,,,,,,,
VFV.TO,VFV,Vanguard S&P 500 Index ETF,TSX,ETP,27629632800.0,,,,,,,,,,,,,,,,,
VSP.TO,VSP,Vanguard S&P 500 Index ETF (CAD-hedged),TSX,ETP,5203446129.0,,,,,,,,,,,,,,,,,
VGG.TO,VGG,Vanguard U.S. Dividend Appreciation Index ETF,TSX,ETP,2260980090.0,,,,,,,,,,,,,,,,,
VGH.TO,VGH,Vanguard U.S. Dividend Appreciation Index ETF (CAD-hedged),TSX,ETP,915087623.0,,,,,,,,,,,,,,,,,
VUN.TO,VUN,Vanguard U.S. Total Market Index ETF,TSX,ETP,14280029913.0,,,,,,,,,,,,,,,,,
VUS.TO,VUS,Vanguard U.S. Total Market Index ETF (CAD-hedged),TSX,ETP,1294618707.0,,,,,,,,,,,,,,,,,
VCM.TO,VCM,Vecima Networks Inc.,TSX,Technology,245334253.46,,,,,,,,,,,,,,,,,
VLN.TO,VLN,Velan Inc.,TSX,Industrial Products & Services,98712715.2,,,,,,,,,,,,,,,,,
NPK.TO,NPK,Verde Agritech Ltd,TSX,Mining,68997338.44,,,,,,,,,,,,,,,,,
VET.TO,VET,Vermilion Energy Inc.,TSX,Oil & Gas,1609520929.15,,,,,,,,,,,,,,,,,
VBNK.TO,VBNK,VersaBank,TSX,Financial Services,537822117.36,,,,,,,,,,,,,,,,,
FORA.TO,FORA,VerticalScope Holdings Inc.,TSX,Technology,71426582.15,,,,,,,,,,,,,,,,,
VRTS.TO,VRTS,Vertiqal Studios Corp.,TSX,Comm. & Media,21284456.28,,,,,,,,,,,,,,,,,
VGZ.TO,VGZ,Vista Gold Corp.,TSX,Mining,294786226.8,,,,,,,,,,,,,,,,,
VHI.TO,VHI,Vitalhub Corp.,TSX,Technology,691803233.68,,,,,,,,,,,,,,,,,
VZLA.TO,VZLA,Vizsla Silver Corp.,TSX,Mining,1961061557.7,,,,,,,,,,,,,,,,,
VOXR.TO,VOXR,Vox Royalty Corp.,TSX,Mining,407241159.62,,,,,,,,,,,,,,,,,
WJX.TO,WJX,Wajax Corporation,TSX,Industrial Products & Services,544869095.43,,,,,,,,,,,,,,,,,
WFC.TO,WFC,Wall Financial Corporation,TSX,Real Estate,505064703.35,,,,,,,,,,,,,,,,,
WM.TO,WM,Wallbridge Mining Company Limited,TSX,Mining,102833507.96,,,,,,,,,,,,,,,,,
WCN.TO,WCN,"Waste Connections, Inc.",TSX,Industrial Products & Services,60221598807.24,,,,,,,,,,,,,,,,,
WAAV.TO,WAAV,WaveFront All-Weather Alternative Fund,TSX,ETP,1791200.0,,,,,,,,,,,,,,,,,
WSRD.TO,WSRD,Wealthsimple Developed Markets ex North America Socially Responsible Index ETF,TSX,ETP,931056000.0,,,,,,,,,,,,,,,,,
WSRI.TO,WSRI,Wealthsimple North America Socially Responsible Index ETF,TSX,ETP,931588000.0,,,,,,,,,,,,,,,,,
WELL.TO,WELL,WELL Health Technologies Corp.,TSX,Life Sciences,1405043736.25,,,,,,,,,,,,,,,,,
WDO.TO,WDO,Wesdome Gold Mines Ltd.,TSX,Mining,3194508568.24,,,,,,,,,,,,,,,,,
WFG.TO,WFG,West Fraser Timber Co. Ltd.,TSX,Industrial Products & Services,6518206568.8,,,,,,,,,,,,,,,,,
WRN.TO,WRN,Western Copper and Gold Corporation,TSX,Mining,592863618.48,,,,,,,,,,,,,,,,,
WRG.TO,WRG,Western Energy Services Corp.,TSX,Industrial Products & Services,73439357.74,,,,,,,,,,,,,,,,,
WEF.TO,WEF,Western Forest Products Inc.,TSX,Industrial Products & Services,125959123.19,,,,,,,,,,,,,,,,,
WRX.TO,WRX,Western Resources Corp.,TSX,Mining,16356619.12,,,,,,,,,,,,,,,,,
WGX.TO,WGX,Westgold Resources Limited,TSX,Mining,4516294875.92,,,,,,,,,,,,,,,,,
WPRT.TO,WPRT,Westport Fuel Systems Inc.,TSX,Clean Technology & Renewable Energy,48929834.1,,,,,,,,,,,,,,,,,
WTE.TO,WTE,Westshore Terminals Investment Corporation,TSX,Industrial Products & Services,1592424567.48,,,,,,,,,,,,,,,,,
WPM.TO,WPM,Wheaton Precious Metals Corp.,TSX,Mining,61495671566.7,,,,,,,,,,,,,,,,,
WCP.TO,WCP,Whitecap Resources Inc.,TSX,Oil & Gas,12672432733.32,,,,,,,,,,,,,,,,,
WILD.TO,WILD,WildBrain Ltd.,TSX,Comm. & Media,318571129.5,,,,,,,,,,,,,,,,,
WCM.TO,WCM,Wilmington Capital Management Inc.,TSX,Financial Services,32352216.31,,,,,,,,,,,,,,,,,
WPK.TO,WPK,Winpak Ltd.,TSX,Industrial Products & Services,2607264527.4,,,,,,,,,,,,,,,,,
WNDR.TO,WNDR,WonderFi Technologies Inc.,TSX,Technology,189407416.125,,,,,,,,,,,,,,,,,
WSP.TO,WSP,WSP Global Inc.,TSX,Industrial Products & Services,35021147069.16,,,,,,,,,,,,,,,,,
XTRA.TO,XTRA,Xtract One Technologies Inc.,TSX,Technology,215369229.22,,,,,,,,,,,,,,,,,
XTG.TO,XTG,Xtra-Gold Resources Corp.,TSX,Mining,156209184.78,,,,,,,,,,,,,,,,,
YGR.TO,YGR,Yangarra Resources Ltd.,TSX,Oil & Gas,103301496.54,,,,,,,,,,,,,,,,,
Y.TO,Y,Yellow Pages Limited,TSX,Comm. & Media,151345260.0,,,,,,,,,,,,,,,,,
YRB.TO,YRB,Yorbeau Resources Inc.,TSX,Mining,27695299.8,,,,,,,,,,,,,,,,,
ONE.V,ONE,01 Quantum Inc.,TSXV,Technology,132942945.72,,,,,,,,,,,,,,,,,
TRR.V,TRR,0749116 B.C. Ltd.,TSXV,Mining,30551725.26,,,,,,,,,,,,,,,,,
EFF.V,EFF,1844 Resources Inc.,TSXV,Mining,2315736.18,,,,,,,,,,,,,,,,,
AUMB.V,AUMB,1911 Gold Corporation,TSXV,Mining,261270666.58,,,,,,,,,,,,,,,,,
FNR.V,FNR,49 North Resources Inc.,TSXV,Financial Services,3324766.2,,,,,,,,,,,,,,,,,
FIVD.P.V,FIVD.P,5D Acquisition Corp.,TSXV,CPC,562900.0,,,,,,,,,,,,,,,,,
AIS.V,AIS,A.I.S. Resources Limited,TSXV,Mining,959186.01,,,,,,,,,,,,,,,,,
AUAU.V,AUAU,A2 Gold Corp.,TSXV,Mining,82455246.15,,,,,,,,,,,,,,,,,
AZC.P.V,AZC.P,A2ZCryptocap Inc.,TSXV,CPC,845600.0,,,,,,,,,,,,,,,,,
AAAJ.P.V,AAAJ.P,AAJ Capital 3 Corp.,TSXV,CPC,225750.0,,,,,,,,,,,,,,,,,
AME.V,AME,Abacus Mining & Exploration Corporation,TSXV,Mining,3452125.26,,,,,,,,,,,,,,,,,
ABA.V,ABA,Abasca Resources Inc.,TSXV,Mining,7288365.84,,,,,,,,,,,,,,,,,
ABI.V,ABI,Abcourt Mines Inc.,TSXV,Mining,65915513.235,,,,,,,,,,,,,,,,,
ABM.V,ABM,Aben Gold Corp.,TSXV,Mining,2091061.98,,,,,,,,,,,,,,,,,
ACDC.V,ACDC,AC/DC Battery Metals Inc.,TSXV,Mining,2594252.2,,,,,,,,,,,,,,,,,
AXE.V,AXE,Acceleware Ltd.,TSXV,Clean Technology & Renewable Energy,9783019.5,,,,,,,,,,,,,,,,,
ADJ.P.V,ADJ.P,AD4 Capital Corp.,TSXV,CPC,620000.04,,,,,,,,,,,,,,,,,
ADAD.P.V,ADAD.P,Adagio 2 Capital Inc.,TSXV,CPC,850000.0,,,,,,,,,,,,,,,,,
ADZ.V,ADZ,Adamera Minerals Corp.,TSXV,Mining,2254809.97,,,,,,,,,,,,,,,,,
ADE.V,ADE,Adex Mining Inc.,TSXV,Mining,20316343.23,,,,,,,,,,,,,,,,,
AWI.V,AWI,Advent-AWI Holdings Inc.,TSXV,Technology,9787120.66,,,,,,,,,,,,,,,,,
ADYA.V,ADYA,Adya Inc.,TSXV,Comm. & Media,7320197.71,,,,,,,,,,,,,,,,,
ADY.V,ADY,Adyton Resources Corporation,TSXV,Mining,63538086.425,,,,,,,,,,,,,,,,,
ALTN.V,ALTN,Aeonian Resources Corp.,TSXV,Mining,1233363.0,,,,,,,,,,,,,,,,,
AQS.V,AQS,Aequus Pharmaceuticals Inc.,TSXV,Life Sciences,663172.155,,,,,,,,,,,,,,,,,
AERO.V,AERO,Aero Energy Limited,TSXV,Mining,6294736.21,,,,,,,,,,,,,,,,,
AF.P.V,AF.P,AF2 Capital Corp.,TSXV,CPC,325000.0,,,,,,,,,,,,,,,,,
AFR.V,AFR,AFR NuVenture Resources Inc.,TSXV,Mining,378151.665,,,,,,,,,,,,,,,,,
AFE.V,AFE,Africa Energy Corp.,TSXV,Oil & Gas,52707869.5,,,,,,,,,,,,,,,,,
AAG.V,AAG,Aftermath Silver Ltd.,TSXV,Mining,220522404.9,,,,,,,,,,,,,,,,,
AGET.V,AGET,AGEDB Technology Ltd.,TSXV,Technology,1751496.0,,,,,,,,,,,,,,,,,
AUTO.V,AUTO,Agereh Technologies Inc.,TSXV,Technology,9570881.16,,,,,,,,,,,,,,,,,
AIVC.V,AIVC,AI Artificial Intelligence Ventures Inc.,TSXV,Financial Services,8806999.575,,,,,,,,,,,,,,,,,
AIME.P.V,AIME.P,AIM5 Ventures Inc.,TSXV,CPC,458500.0,,,,,,,,,,,,,,,,,
AIMF.P.V,AIMF.P,AIM6 Ventures Inc.,TSXV,CPC,400500.0,,,,,,,,,,,,,,,,,
AIP.V,AIP,AIP Realty Trust,TSXV,Real Estate,49244.48,,,,,,,,,,,,,,,,,
IQ.V,IQ,AirIQ Inc.,TSXV,Technology,15078478.48,,,,,,,,,,,,,,,,,
AISX.V,AISX,Aisix Solutions Inc.,TSXV,Technology,3051117.16,,,,,,,,,,,,,,,,,
AJA.V,AJA,Aja Health and Wellness Inc.,TSXV,Life Sciences,2600632.26,,,,,,,,,,,,,,,,,
AML.V,AML,Akwaaba Mining Ltd.,TSXV,Mining,1974117.42,,,,,,,,,,,,,,,,,
ALAB.P.V,ALAB.P,A-Labs Capital II Corp.,TSXV,CPC,403403.0,,,,,,,,,,,,,,,,,
ALCC.P.V,ALCC.P,A-Labs Capital IV Corp.,TSXV,CPC,280000.0,,,,,,,,,,,,,,,,,
AEMC.V,AEMC,Alaska Energy Metals Corporation,TSXV,Mining,27163259.986,,,,,,,,,,,,,,,,,
WAM.V,WAM,Alaska Silver Corp.,TSXV,Mining,52317588.8,,,,,,,,,,,,,,,,,
ALBT.P.V,ALBT.P,Albatros Acquisition Corporation Inc.,TSXV,CPC,73466.68,,,,,,,,,,,,,,,,,
ALDD.P.V,ALDD.P,ALDD Ventures Corp.,TSXV,CPC,38000.0,,,,,,,,,,,,,,,,,
ALDE.V,ALDE,Aldebaran Resources Inc.,TSXV,Mining,645673656.0,,,,,,,,,,,,,,,,,
ALM.V,ALM,Alliance Mining Corp.,TSXV,Mining,1743120.04,,,,,,,,,,,,,,,,,
AMM.V,AMM,Almaden Minerals Ltd.,TSXV,Mining,30906715.725,,,,,,,,,,,,,,,,,
DEX.V,DEX,Almadex Minerals Ltd.,TSXV,Mining,29367413.76,,,,,,,,,,,,,,,,,
AORO.V,AORO,Aloro Mining Corp.,TSXV,Mining,1154585.26,,,,,,,,,,,,,,,,,
ALEX.V,ALEX,Alpha Exploration Ltd.,TSXV,Mining,49517536.64,,,,,,,,,,,,,,,,,
AFM.V,AFM,Alphamin Resources Corp.,TSXV,Mining,1368434212.53,,,,,,,,,,,,,,,,,
GPUS.V,GPUS,Alset AI Ventures Inc.,TSXV,Financial Services,16396530.465,,,,,,,,,,,,,,,,,
ATI.V,ATI,Altai Resources Inc.,TSXV,Mining,1681006.56,,,,,,,,,,,,,,,,,
AVX.V,AVX,Altair Resources Inc.,TSXV,Mining,286333.12,,,,,,,,,,,,,,,,,
ALTA.V,ALTA,Altamira Gold Corp.,TSXV,Mining,55924299.06,,,,,,,,,,,,,,,,,
ALTR.P.V,ALTR.P,Alterego Ventures 24 Corp.,TSXV,CPC,481339.67,,,,,,,,,,,,,,,,,
ARH.V,ARH,Altima Energy Inc.,TSXV,Oil & Gas,32875478.58,,,,,,,,,,,,,,,,,
APN.V,APN,Altiplano Metals Inc.,TSXV,Mining,8600214.92,,,,,,,,,,,,,,,,,
ALTU.V,ALTU,Altura Energy Corp.,TSXV,Oil & Gas,4340330.61,,,,,,,,,,,,,,,,,
ALT.V,ALT,Alturas Minerals Corp.,TSXV,Mining,1456321.43,,,,,,,,,,,,,,,,,
AUUA.V,AUUA,Aluula Composites Inc.,TSXV,Industrial Products & Services,94727199.6,,,,,,,,,,,,,,,,,
ALV.V,ALV,Alvopetro Energy Ltd.,TSXV,Oil & Gas,238758630.5,,,,,,,,,,,,,,,,,
AHR.V,AHR,Amarc Resources Ltd.,TSXV,Mining,250113374.04,,,,,,,,,,,,,,,,,
AMRQ.V,AMRQ,Amaroq Ltd.,TSXV,Mining,703865312.15,,,,,,,,,,,,,,,,,
AMYA.P.V,AMYA.P,Amaya Big Sky Capital Corp.,TSXV,CPC,58701.0,,,,,,,,,,,,,,,,,
MEGO.P.V,MEGO.P,Amego Capital Corp.,TSXV,CPC,1677345.6,,,,,,,,,,,,,,,,,
AE.V,AE,American Eagle Gold Corp.,TSXV,Mining,89896189.24,,,,,,,,,,,,,,,,,
LI.V,LI,American Lithium Corp.,TSXV,Mining,181230798.66,,,,,,,,,,,,,,,,,
AMT.V,AMT,Ameritrust Financial Technologies Inc.,TSXV,Technology,37067549.97,,,,,,,,,,,,,,,,,
AMX.V,AMX,Amex Exploration Inc.,TSXV,Mining,356423165.28,,,,,,,,,,,,,,,,,
AMG.P.V,AMG.P,AMG Acquisition Corp.,TSXV,CPC,390006.0,,,,,,,,,,,,,,,,,
AMV.P.V,AMV.P,AMV II Capital Corporation,TSXV,CPC,32500.0,,,,,,,,,,,,,,,,,
ALY.V,ALY,AnalytixInsight Inc.,TSXV,Technology,6071837.05,,,,,,,,,,,,,,,,,
EESH.P.V,EESH.P,Aneesh Capital Corp.,TSXV,CPC,375000.06,,,,,,,,,,,,,,,,,
AEC.V,AEC,Anfield Energy Inc.,TSXV,Mining,188529378.16,,,,,,,,,,,,,,,,,
AWM.V,AWM,Angel Wing Metals Inc.,TSXV,Mining,4856966.775,,,,,,,,,,,,,,,,,
ANK.V,ANK,Angkor Resources Corp.,TSXV,Mining,53954577.04,,,,,,,,,,,,,,,,,
AUNK.P.V,AUNK.P,Ankh II Capital Inc.,TSXV,CPC,30209.005,,,,,,,,,,,,,,,,,
ANOR.V,ANOR,Anortech Inc.,TSXV,Mining,11806764.97,,,,,,,,,,,,,,,,,
AQR.P.V,AQR.P,Anquiro Ventures Ltd.,TSXV,CPC,157500.035,,,,,,,,,,,,,,,,,
AVII.P.V,AVII.P,Antera Ventures II Corp.,TSXV,CPC,675000.0,,,,,,,,,,,,,,,,,
ANTL.V,ANTL,Antler Gold Inc.,TSXV,Mining,5904010.775,,,,,,,,,,,,,,,,,
APX.V,APX,Apex Resources Inc.,TSXV,Mining,5004508.925,,,,,,,,,,,,,,,,,
APMI.V,APMI,Apogee Minerals Ltd.,TSXV,Mining,1425450.065,,,,,,,,,,,,,,,,,
APGO.V,APGO,Apollo Silver Corp.,TSXV,Mining,224022923.04,,,,,,,,,,,,,,,,,
AIV.P.V,AIV.P,Apolo IV Acquisition Corp.,TSXV,CPC,600000.0,,,,,,,,,,,,,,,,,
AFV.P.V,AFV.P,Apolo V Acquisition Corp.,TSXV,CPC,2702630.0,,,,,,,,,,,,,,,,,
AGT.V,AGT,Applied Graphite Technologies Corporation,TSXV,Mining,2092736.34,,,,,,,,,,,,,,,,,
APL.V,APL,Appulse Corporation,TSXV,Industrial Products & Services,3323768.4,,,,,,,,,,,,,,,,,
ABR.V,ABR,Arbor Metals Corp.,TSXV,Mining,15684164.84,,,,,,,,,,,,,,,,,
ARCH.V,ARCH,Arch Biopartners Inc.,TSXV,Life Sciences,65445302.34,,,,,,,,,,,,,,,,,
ACS.V,ACS,Archon Minerals Limited,TSXV,Mining,5985843.38,,,,,,,,,,,,,,,,,
ARC.V,ARC,ARCpoint Inc.,TSXV,Life Sciences,996177.54,,,,,,,,,,,,,,,,,
ADD.V,ADD,Arctic Star Exploration Corp.,TSXV,Mining,1193551.85,,,,,,,,,,,,,,,,,
AWX.V,AWX,ArcWest Exploration Inc.,TSXV,Mining,11690938.98,,,,,,,,,,,,,,,,,
AGAG.V,AGAG,Argenta Silver Corp.,TSXV,Mining,161055795.21,,,,,,,,,,,,,,,,,
LIT.V,LIT,Argentina Lithium & Energy Corp.,TSXV,Mining,16508072.4,,,,,,,,,,,,,,,,,
ASL.V,ASL,Argentum Silver Corp.,TSXV,Mining,8771752.31,,,,,,,,,,,,,,,,,
ARGH.V,ARGH,Argo Corporation,TSXV,Technology,83001660.0,,,,,,,,,,,,,,,,,
AROC.P.V,AROC.P,Argo Opportunity Corp.,TSXV,CPC,311085.0,,,,,,,,,,,,,,,,,
DAN.V,DAN,Arianne Phosphate Inc.,TSXV,Mining,42742962.2,,,,,,,,,,,,,,,,,
AZS.V,AZS,Arizona Gold & Silver Inc.,TSXV,Mining,52166806.5,,,,,,,,,,,,,,,,,
ARK.V,ARK,Arras Minerals Corp.,TSXV,Mining,105421083.33,,,,,,,,,,,,,,,,,
AXL.V,AXL,Arrow Exploration Corp.,TSXV,Oil & Gas,62890156.56,,,,,,,,,,,,,,,,,
ARTG.V,ARTG,Artemis Gold Inc.,TSXV,Mining,7897495960.25,,,,,,,,,,,,,,,,,
AOCC.P.V,AOCC.P,Artrari One Capital Corp.,TSXV,CPC,25058.0,,,,,,,,,,,,,,,,,
RBZ.V,RBZ,Arya Resources Ltd.,TSXV,Mining,8507362.38,,,,,,,,,,,,,,,,,
ASE.V,ASE,Asante Gold Corporation,TSXV,Mining,1066625928.16,,,,,,,,,,,,,,,,,
ABZ.V,ABZ,AsiaBaseMetals Inc.,TSXV,Mining,4968787.1,,,,,,,,,,,,,,,,,
SAT.V,SAT,Asian Television Network International Ltd.,TSXV,Comm. & Media,1708203.98,,,,,,,,,,,,,,,,,
ATR.P.V,ATR.P,Aster Acquisition Corp.,TSXV,CPC,603000.0,,,,,,,,,,,,,,,,,
BAY.V,BAY,Aston Bay Holdings Ltd.,TSXV,Mining,15176978.1,,,,,,,,,,,,,,,,,
ASTR.V,ASTR,Astra Exploration Inc.,TSXV,Mining,52008959.52,,,,,,,,,,,,,,,,,
AST.V,AST,Astron Connect Inc.,TSXV,Technology,605424.8,,,,,,,,,,,,,,,,,
ATX.V,ATX,ATEX Resources Inc.,TSXV,Mining,784281663.27,,,,,,,,,,,,,,,,,
SASK.V,SASK,Atha Energy Corp.,TSXV,Mining,229565154.28,,,,,,,,,,,,,,,,,
ATY.V,ATY,Atico Mining Corporation,TSXV,Mining,34296244.88,,,,,,,,,,,,,,,,,
ATLE.V,ATLE,Atlas Energy Corp.,TSXV,Oil & Gas,97563099.715,,,,,,,,,,,,,,,,,
AEP.V,AEP,Atlas Engineered Products Ltd.,TSXV,Industrial Products & Services,53390567.72,,,,,,,,,,,,,,,,,
ACAP.P.V,ACAP.P,Atlas One Capital Corporation,TSXV,CPC,159600.0,,,,,,,,,,,,,,,,,
SALT.V,SALT,Atlas Salt Inc.,TSXV,Mining,74635483.23,,,,,,,,,,,,,,,,,
ATOM.V,ATOM,Atomic Minerals Corporation,TSXV,Mining,2673531.14,,,,,,,,,,,,,,,,,
AAN.V,AAN,Aton Resources Inc.,TSXV,Mining,35687235.64,,,,,,,,,,,,,,,,,
AUGC.V,AUGC,AU Gold Corp.,TSXV,Mining,2985436.8,,,,,,,,,,,,,,,,,
AUM.V,AUM,AuMega Metals Ltd,TSXV,Mining,35511766.335,,,,,,,,,,,,,,,,,
AUQ.V,AUQ,AuQ Gold Mining Inc.,TSXV,Mining,17595717.36,,,,,,,,,,,,,,,,,
ARU.V,ARU,Aurania Resources Ltd.,TSXV,Mining,23903681.31,,,,,,,,,,,,,,,,,
RES.V,RES,Auric Resources Corp.,TSXV,Mining,1319768.35,,,,,,,,,,,,,,,,,
AU.V,AU,Aurion Resources Ltd.,TSXV,Mining,168389242.32,,,,,,,,,,,,,,,,,
ACU.V,ACU,Aurora Solar Technologies Inc.,TSXV,Clean Technology & Renewable Energy,3332911.14,,,,,,,,,,,,,,,,,
ASG.V,ASG,Aurora Spine Corporation,TSXV,Life Sciences,24710330.88,,,,,,,,,,,,,,,,,
ARL.V,ARL,Aurum Lake Mining Corporation,TSXV,Mining,1608775.0,,,,,,,,,,,,,,,,,
ASTN.P.V,ASTN.P,Auston Capital Corp.,TSXV,CPC,279000.0,,,,,,,,,,,,,,,,,
AGLD.V,AGLD,Austral Gold Limited,TSXV,Mining,48984908.24,,,,,,,,,,,,,,,,,
XX.V,XX,Avante Corp.,TSXV,Technology,25049814.66,,,,,,,,,,,,,,,,,
AVN.V,AVN,Avanti Helium Corp.,TSXV,Oil & Gas,29452700.725,,,,,,,,,,,,,,,,,
AVR.V,AVR,Avaron Mining Corp.,TSXV,Mining,1655114.67,,,,,,,,,,,,,,,,,
AVG.V,AVG,Avidian Gold Corp.,TSXV,Mining,1359678.76,,,,,,,,,,,,,,,,,
AVCR.V,AVCR,Avricore Health Inc.,TSXV,Life Sciences,5570931.52,,,,,,,,,,,,,,,,,
AVU.V,AVU,Avrupa Minerals Ltd.,TSXV,Mining,3233737.7,,,,,,,,,,,,,,,,,
ARIC.V,ARIC,Awale Resources Limited,TSXV,Mining,60017129.8,,,,,,,,,,,,,,,,,
AXET.P.V,AXET.P,Axe2 Acquisitions Inc.,TSXV,CPC,241026.38,,,,,,,,,,,,,,,,,
AXO.V,AXO,AXO Copper Corp.,TSXV,Mining,48209236.21,,,,,,,,,,,,,,,,,
AZR.V,AZR,Azarga Metals Corp.,TSXV,Mining,10380130.425,,,,,,,,,,,,,,,,,
AZM.V,AZM,Azimut Exploration Inc.,TSXV,Mining,78276361.8,,,,,,,,,,,,,,,,,
AAZ.V,AAZ,Azincourt Energy Corp.,TSXV,Mining,9177160.64,,,,,,,,,,,,,,,,,
AZT.V,AZT,Aztec Minerals Corp.,TSXV,Mining,32490137.46,,,,,,,,,,,,,,,,,
AMZ.V,AMZ,Azucar Minerals Ltd.,TSXV,Mining,5537176.875,,,,,,,,,,,,,,,,,
YVR.P.V,YVR.P,Badger Capital Corp.,TSXV,CPC,60000.5,,,,,,,,,,,,,,,,,
BLDS.V,BLDS,Badlands Resources Inc.,TSXV,Mining,2487598.3,,,,,,,,,,,,,,,,,
BLTC.P.V,BLTC.P,Baltic I Acquisition Corp.,TSXV,CPC,906691.5,,,,,,,,,,,,,,,,,
BNXA.V,BNXA,Banxa Holdings Inc.,TSXV,Technology,59850043.36,,,,,,,,,,,,,,,,,
BYN.V,BYN,Banyan Gold Corp.,TSXV,Mining,330663719.2,,,,,,,,,,,,,,,,,
BRO.V,BRO,Barksdale Resources Corp.,TSXV,Mining,11680524.24,,,,,,,,,,,,,,,,,
BARU.V,BARU,Baru Gold Corp.,TSXV,Mining,26712190.05,,,,,,,,,,,,,,,,,
BAT.V,BAT,Batero Gold Corp.,TSXV,Mining,5183207.235,,,,,,,,,,,,,,,,,
BMV.V,BMV,Bathurst Metals Corp.,TSXV,Mining,2899658.58,,,,,,,,,,,,,,,,,
BMR.V,BMR,Battery Mineral Resources Corp.,TSXV,Mining,27185544.45,,,,,,,,,,,,,,,,,
BHS.V,BHS,Bayhorse Silver Inc.,TSXV,Mining,22367916.35,,,,,,,,,,,,,,,,,
BM.V,BM,BC Moly Ltd.,TSXV,Mining,6408042.395,,,,,,,,,,,,,,,,,
B.V,B,BCM Resources Corporation,TSXV,Mining,24740887.56,,,,,,,,,,,,,,,,,
BECN.V,BECN,BEACN Wizardry & Magic Inc.,TSXV,Technology,1700122.38,,,,,,,,,,,,,,,,,
BCM.V,BCM,Bear Creek Mining Corporation,TSXV,Mining,167122412.55,,,,,,,,,,,,,,,,,
BGF.V,BGF,Beauce Gold Fields Inc.,TSXV,Mining,5477598.55,,,,,,,,,,,,,,,,,
BFM.V,BFM,Bedford Metals Corp.,TSXV,Mining,19063482.48,,,,,,,,,,,,,,,,,
BCU.V,BCU,Bell Copper Corporation,TSXV,Mining,8599624.362,,,,,,,,,,,,,,,,,
BEA.V,BEA,Belmont Resources Inc.,TSXV,Mining,4636914.52,,,,,,,,,,,,,,,,,
BMET.V,BMET,BeMetals Corp.,TSXV,Mining,16019300.15,,,,,,,,,,,,,,,,,
BEX.V,BEX,Benton Resources Inc.,TSXV,Mining,18212386.875,,,,,,,,,,,,,,,,,
BZ.V,BZ,Benz Mining Corp.,TSXV,Mining,419428747.25,,,,,,,,,,,,,,,,,
BST.V,BST,Bessor Minerals Inc.,TSXV,Mining,1094996.805,,,,,,,,,,,,,,,,,
BEW.V,BEW,BeWhere Holdings Inc.,TSXV,Technology,79468546.78,,,,,,,,,,,,,,,,,
BRAU.V,BRAU,Big Ridge Gold Corp.,TSXV,Mining,57150813.48,,,,,,,,,,,,,,,,,
BIGT.V,BIGT,Big Tree Carbon Inc.,TSXV,Mining,566599.28,,,,,,,,,,,,,,,,,
BIGG.V,BIGG,BIGG Digital Assets Inc.,TSXV,Technology,35578082.0,,,,,,,,,,,,,,,,,
BGA.V,BGA,BioNeutra Global Corporation,TSXV,Life Sciences,1393463.61,,,,,,,,,,,,,,,,,
BRM.V,BRM,Biorem Inc.,TSXV,Clean Technology & Renewable Energy,32304774.27,,,,,,,,,,,,,,,,,
RX.V,RX,BioSyent Inc.,TSXV,Life Sciences,126229917.0,,,,,,,,,,,,,,,,,
BTCT.V,BTCT,Bitcoin Treasury Corporation,TSXV,Financial Services,74196426.7,,,,,,,,,,,,,,,,,
BTCW.V,BTCW,Bitcoin Well Inc.,TSXV,Technology,26023313.89,,,,,,,,,,,,,,,,,
BTT.V,BTT,Bitterroot Resources Ltd.,TSXV,Mining,10689902.26,,,,,,,,,,,,,,,,,
BMM.V,BMM,Black Mammoth Metals Corporation,TSXV,Mining,158409484.0,,,,,,,,,,,,,,,,,
SWAN.V,SWAN,Black Swan Graphene Inc.,TSXV,Technology,63649508.4,,,,,,,,,,,,,,,,,
BRC.V,BRC,Blackrock Silver Corp.,TSXV,Mining,213018290.56,,,,,,,,,,,,,,,,,
BAG.V,BAG,Blende Silver Corp.,TSXV,Mining,5676089.6,,,,,,,,,,,,,,,,,
BITK.V,BITK,BlockchainK2 Corp.,TSXV,Technology,3454354.8,,,,,,,,,,,,,,,,,
MATE.V,MATE,Blockmate Ventures Inc.,TSXV,Technology,18667644.32,,,,,,,,,,,,,,,,,
BKMT.V,BKMT,BlockMint Technologies Inc.,TSXV,Technology,2653343.275,,,,,,,,,,,,,,,,,
MOON.V,MOON,Blue Moon Metals Inc.,TSXV,Mining,294269473.68,,,,,,,,,,,,,,,,,
BSK.V,BSK,Blue Sky Uranium Corp.,TSXV,Mining,20032714.13,,,,,,,,,,,,,,,,,
BAU.V,BAU,Blue Star Gold Corp.,TSXV,Mining,32535840.35,,,,,,,,,,,,,,,,,
BLU.V,BLU,BluEnergies Ltd.,TSXV,Oil & Gas,61102337.5,,,,,,,,,,,,,,,,,
BTV.V,BTV,BlueRush Inc.,TSXV,Technology,342643.955,,,,,,,,,,,,,,,,,
BAQ.P.V,BAQ.P,Bluewater Acquisition Corp.,TSXV,CPC,231495.0,,,,,,,,,,,,,,,,,
BLM.V,BLM,BluMetric Environmental Inc.,TSXV,Clean Technology & Renewable Energy,56215620.0,,,,,,,,,,,,,,,,,
BWLK.V,BWLK,Boardwalktech Software Corp.,TSXV,Technology,3516063.05,,,,,,,,,,,,,,,,,
BOCA.V,BOCA,Bocana Resources Corp.,TSXV,Mining,8098214.96,,,,,,,,,,,,,,,,,
BOL.V,BOL,Bold Ventures Inc.,TSXV,Mining,5592192.06,,,,,,,,,,,,,,,,,
BNZ.V,BNZ,Bonanza Mining Corporation,TSXV,Mining,1711686.06,,,,,,,,,,,,,,,,,
BTR.V,BTR,Bonterra Resources Inc.,TSXV,Mining,43540562.54,,,,,,,,,,,,,,,,,
BOGO.V,BOGO,Borealis Mining Company Limited,TSXV,Mining,156616220.96,,,,,,,,,,,,,,,,,
BONE.V,BONE,Boron One Holdings Inc.,TSXV,Mining,17404079.42,,,,,,,,,,,,,,,,,
BLCC.P.V,BLCC.P,Bow Lake Capital Corp.,TSXV,CPC,39000.0,,,,,,,,,,,,,,,,,
BPAG.V,BPAG,BP Silver Corp.,TSXV,Mining,21880106.325,,,,,,,,,,,,,,,,,
BQE.V,BQE,BQE Water Inc.,TSXV,Clean Technology & Renewable Energy,70477540.72,,,,,,,,,,,,,,,,,
BRCB.P.V,BRCB.P,Brachium2 Capital Corp.,TSXV,CPC,419246.865,,,,,,,,,,,,,,,,,
BES.V,BES,Braille Energy Systems Inc.,TSXV,Industrial Products & Services,8059460.16,,,,,,,,,,,,,,,,,
BEM.V,BEM,Brasnova Energy Materials Inc.,TSXV,Mining,6628839.45,,,,,,,,,,,,,,,,,
BVA.V,BVA,Bravada Gold Corporation,TSXV,Mining,5925465.8,,,,,,,,,,,,,,,,,
BRVO.V,BRVO,Bravo Mining Corp.,TSXV,Mining,321567207.52,,,,,,,,,,,,,,,,,
BBB.V,BBB,Brixton Metals Corporation,TSXV,Mining,38599840.86,,,,,,,,,,,,,,,,,
BRON.V,BRON,Bronco Resources Corp.,TSXV,Mining,1624449.86,,,,,,,,,,,,,,,,,
BRN.V,BRN,Brookfield Investments Corporation,TSXV,Financial Services,132562659.88,,,,,,,,,,,,,,,,,
BRW.V,BRW,Brunswick Exploration Inc.,TSXV,Mining,29680684.08,,,,,,,,,,,,,,,,,
BTU.V,BTU,BTU Metals Corp.,TSXV,Mining,8887260.84,,,,,,,,,,,,,,,,,
BILD.V,BILD,Builddirect.com Technologies Inc.,TSXV,Technology,120498242.5,,,,,,,,,,,,,,,,,
BCF.V,BCF,Builders Capital Mortgage Corp.,TSXV,Financial Services,21120145.6,,,,,,,,,,,,,,,,,
ZLTO.V,ZLTO,Bulgold Inc.,TSXV,Mining,4176248.475,,,,,,,,,,,,,,,,,
BGD.V,BGD,Bullion Gold Resources Corp.,TSXV,Mining,8220029.67,,,,,,,,,,,,,,,,,
BNKR.V,BNKR,Bunker Hill Mining Corp.,TSXV,Mining,259421990.43,,,,,,,,,,,,,,,,,
BUZH.P.V,BUZH.P,Buzz Capital 2 Inc.,TSXV,CPC,567600.0,,,,,,,,,,,,,,,,,
BUZ.P.V,BUZ.P,Buzz Capital Inc.,TSXV,CPC,546649.935,,,,,,,,,,,,,,,,,
BWR.V,BWR,BWR Exploration Inc.,TSXV,Mining,2210209.22,,,,,,,,,,,,,,,,,
CCCM.V,CCCM,C3 Metals Inc.,TSXV,Mining,103880193.04,,,,,,,,,,,,,,,,,
CBR.V,CBR,Cabral Gold Inc.,TSXV,Mining,157591713.87,,,,,,,,,,,,,,,,,
CNO.V,CNO,California Nanotechnologies Corp.,TSXV,Clean Technology & Renewable Energy,19230502.4,,,,,,,,,,,,,,,,,
COR.V,COR,Camino Minerals Corporation,TSXV,Mining,24436212.12,,,,,,,,,,,,,,,,,
CCB.V,CCB,Canada Carbon Inc.,TSXV,Mining,2422815.12,,,,,,,,,,,,,,,,,
CNC.V,CNC,Canada Nickel Company Inc.,TSXV,Mining,258600169.73,,,,,,,,,,,,,,,,,
CONE.V,CONE,Canada One Mining Corp.,TSXV,Mining,2734607.16,,,,,,,,,,,,,,,,,
LL.V,LL,Canada Rare Earth Corp.,TSXV,Mining,4231753.92,,,,,,,,,,,,,,,,,
CANB.V,CANB,CanadaBis Capital Inc.,TSXV,Life Sciences,5520000.0,,,,,,,,,,,,,,,,,
CCMI.V,CCMI,Canadian Critical Minerals Inc.,TSXV,Mining,11067146.72,,,,,,,,,,,,,,,,,
CGC.V,CGC,Canadian Gold Corp.,TSXV,Mining,117923290.24,,,,,,,,,,,,,,,,,
CAN.V,CAN,Canadian Gold Resources Ltd.,TSXV,Mining,6416763.675,,,,,,,,,,,,,,,,,
NET.V,NET,Canadian Net Real Estate Investment Trust,TSXV,Real Estate,112051145.28,,,,,,,,,,,,,,,,,
CNRI.V,CNRI,Canadian North Resources Inc.,TSXV,Mining,66308683.86,,,,,,,,,,,,,,,,,
CPS.V,CPS,Canadian Premium Sand Inc.,TSXV,Mining,11578394.5,,,,,,,,,,,,,,,,,
SPI.V,SPI,Canadian Spirit Resources Inc.,TSXV,Oil & Gas,5763551.66,,,,,,,,,,,,,,,,,
CAF.V,CAF,Canaf Investments Inc.,TSXV,Mining,14939251.425,,,,,,,,,,,,,,,,,
CVV.V,CVV,Canalaska Uranium Ltd.,TSXV,Mining,183810541.0,,,,,,,,,,,,,,,,,
CEC.V,CEC,CanAsia Energy Corp.,TSXV,Oil & Gas,13535268.84,,,,,,,,,,,,,,,,,
CCEC.V,CCEC,CanCambria Energy Corp.,TSXV,Oil & Gas,60026150.0,,,,,,,,,,,,,,,,,
CANX.V,CANX,Canex Metals Inc.,TSXV,Mining,15429800.61,,,,,,,,,,,,,,,,,
GOWC.P.V,GOWC.P,Can-Gow Capital Inc.,TSXV,CPC,724500.0,,,,,,,,,,,,,,,,,
RCR.P.V,RCR.P,Canna 8 Investment Trust,TSXV,CPC,60600.0,,,,,,,,,,,,,,,,,
LOVE.V,LOVE,Cannara Biotech Inc.,TSXV,Life Sciences,162271985.58,,,,,,,,,,,,,,,,,
NIS.P.V,NIS.P,Cann-is Capital Corp.,TSXV,CPC,156525.54,,,,,,,,,,,,,,,,,
CLV.V,CLV,Canoe Mining Ventures Corp.,TSXV,Mining,1207015.8,,,,,,,,,,,,,,,,,
WPR.V,WPR,CanPR Technology Ltd.,TSXV,Technology,8065583.2,,,,,,,,,,,,,,,,,
CSOC.V,CSOC,Canso Select Opportunities Corporation,TSXV,Financial Services,20723918.68,,,,,,,,,,,,,,,,,
ROX.V,ROX,Canstar Resources Inc.,TSXV,Mining,10874947.655,,,,,,,,,,,,,,,,,
CTM.V,CTM,Canterra Minerals Corporation,TSXV,Mining,55260969.12,,,,,,,,,,,,,,,,,
CD.V,CD,Cantex Mine Development Corp.,TSXV,Mining,24748695.0,,,,,,,,,,,,,,,,,
CDA.V,CDA,Canuc Resources Corporation,TSXV,Mining,25272981.005,,,,,,,,,,,,,,,,,
CYF.V,CYF,Canyon Creek Food Company Ltd.,TSXV,Consumer Products & Services,351489.02,,,,,,,,,,,,,,,,,
CMIL.V,CMIL,Capella Minerals Limited,TSXV,Mining,4577048.63,,,,,,,,,,,,,,,,,
CAI.V,CAI,Capitan Investment Ltd.,TSXV,Financial Services,5793681.44,,,,,,,,,,,,,,,,,
CAPT.V,CAPT,Capitan Silver Corp.,TSXV,Mining,183919325.66,,,,,,,,,,,,,,,,,
CAPL.P.V,CAPL.P,Caplink Ventures Inc.,TSXV,CPC,400005.0,,,,,,,,,,,,,,,,,
KLX.V,KLX,Carbon Done Right Developments Inc.,TSXV,Clean Technology & Renewable Energy,712245.615,,,,,,,,,,,,,,,,,
CT.P.V,CT.P,CarbonTech Capital Corp.,TSXV,CPC,86542.195,,,,,,,,,,,,,,,,,
CART.V,CART,Carcetti Capital Corp.,TSXV,Oil & Gas,25669050.0,,,,,,,,,,,,,,,,,
EKG.V,EKG,CardioComm Solutions Inc.,TSXV,Life Sciences,2958547.59,,,,,,,,,,,,,,,,,
CSPN.V,CSPN,"CareSpan Health, Inc.",TSXV,Life Sciences,714240.525,,,,,,,,,,,,,,,,,
CRB.V,CRB,Cariboo Rose Resources Ltd.,TSXV,Mining,3480713.28,,,,,,,,,,,,,,,,,
CGD.V,CGD,Carlin Gold Corporation,TSXV,Mining,10639180.2,,,,,,,,,,,,,,,,,
CPI.V,CPI,Carlton Precious Inc.,TSXV,Mining,10818293.125,,,,,,,,,,,,,,,,,
RUSH.V,RUSH,Carolina Rush Corporation,TSXV,Mining,6195012.81,,,,,,,,,,,,,,,,,
CCDS.V,CCDS,Carrier Connect Data Solutions Inc.,TSXV,Technology,10814843.79,,,,,,,,,,,,,,,,,
ECR.V,ECR,Cartier Resources Inc.,TSXV,Mining,79695565.2,,,,,,,,,,,,,,,,,
CASA.V,CASA,Casa Minerals Inc.,TSXV,Mining,6097102.35,,,,,,,,,,,,,,,,,
CCD.V,CCD,Cascadero Copper Corporation,TSXV,Mining,4501948.11,,,,,,,,,,,,,,,,,
CAM.V,CAM,Cascadia Minerals Ltd.,TSXV,Mining,33545295.88,,,,,,,,,,,,,,,,,
GLDC.V,GLDC,Cassiar Gold Corp.,TSXV,Mining,41283704.0,,,,,,,,,,,,,,,,,
CBAR.P.V,CBAR.P,Castlebar Capital Corp.,TSXV,CPC,115497.24,,,,,,,,,,,,,,,,,
CSTL.P.V,CSTL.P,Castlecap Capital Inc.,TSXV,CPC,160000.0,,,,,,,,,,,,,,,,,
CBIT.V,CBIT,Cathedra Bitcoin Inc.,TSXV,Technology,11592869.86,,,,,,,,,,,,,,,,,
CVY.P.V,CVY.P,Cavalry Capital Corp.,TSXV,CPC,290812.5,,,,,,,,,,,,,,,,,
CBLT.V,CBLT,CBLT Inc.,TSXV,Mining,3087082.92,,,,,,,,,,,,,,,,,
CMI.V,CMI,C-Com Satellite Systems Inc.,TSXV,Technology,38453415.0,,,,,,,,,,,,,,,,,
CES.P.V,CES.P,Celestial Acquisition Corp.,TSXV,CPC,555000.0,,,,,,,,,,,,,,,,,
CTA.V,CTA,Centaurus Energy Inc.,TSXV,Oil & Gas,1904122.5,,,,,,,,,,,,,,,,,
CTG.V,CTG,Centenario Gold Corp.,TSXV,Mining,622487.34,,,,,,,,,,,,,,,,,
CIO.V,CIO,Central Iron Ore Limited,TSXV,Mining,2801458.5,,,,,,,,,,,,,,,,,
CTN.V,CTN,Centurion Minerals Ltd.,TSXV,Mining,626280.93,,,,,,,,,,,,,,,,,
LCE.V,LCE,Century Lithium Corp.,TSXV,Mining,47932760.49,,,,,,,,,,,,,,,,,
CERT.V,CERT,Cerrado Gold Inc.,TSXV,Mining,198434874.64,,,,,,,,,,,,,,,,,
CDPR.V,CDPR,Cerro De Pasco Resources Inc.,TSXV,Mining,257671748.64,,,,,,,,,,,,,,,,,
CYL.V,CYL,Ceylon Graphite Corp.,TSXV,Mining,3765082.44,,,,,,,,,,,,,,,,,
CFY.V,CFY,CF Energy Corp.,TSXV,Utilities & Pipelines,9882773.25,,,,,,,,,,,,,,,,,
OYL.V,OYL,CGX Energy Inc.,TSXV,Oil & Gas,46014185.92,,,,,,,,,,,,,,,,,
CCZ.P.V,CCZ.P,Chablis Capital Corp.,TSXV,CPC,279675.0,,,,,,,,,,,,,,,,,
PERU.V,PERU,Chakana Copper Corp.,TSXV,Mining,9579970.0,,,,,,,,,,,,,,,,,
CBA.V,CBA,Champion Bear Resources Ltd.,TSXV,Mining,1881119.325,,,,,,,,,,,,,,,,,
YES.V,YES,CHAR Technologies Ltd.,TSXV,Clean Technology & Renewable Energy,28380000.0,,,,,,,,,,,,,,,,,
CH.V,CH,Charbone Hydrogen Corporation,TSXV,Clean Technology & Renewable Energy,25887449.946,,,,,,,,,,,,,,,,,
NZP.V,NZP,Chatham Rock Phosphate Limited,TSXV,Mining,5612388.5,,,,,,,,,,,,,,,,,
CHER.V,CHER,Cheelcare Inc.,TSXV,Life Sciences,18059910.04,,,,,,,,,,,,,,,,,
CKG.V,CKG,Chesapeake Gold Corp.,TSXV,Mining,173745055.44,,,,,,,,,,,,,,,,,
CBG.V,CBG,Chibougamau Independent Mines Inc.,TSXV,Mining,15266384.0,,,,,,,,,,,,,,,,,
CCIC.P.V,CCIC.P,Chicane Capital I Corp.,TSXV,CPC,359280.0,,,,,,,,,,,,,,,,,
CHII.P.V,CHII.P,Chicane Capital II Corp.,TSXV,CPC,249700.0,,,,,,,,,,,,,,,,,
RTO.P.V,RTO.P,Chrysalis 12 Inc.,TSXV,CPC,1200000.0,,,,,,,,,,,,,,,,,
CRI.V,CRI,Churchill Resources Inc.,TSXV,Mining,46095133.31,,,,,,,,,,,,,,,,,
CMC.V,CMC,Cielo Waste Solutions Corp.,TSXV,Clean Technology & Renewable Energy,22619070.6,,,,,,,,,,,,,,,,,
CAC.P.V,CAC.P,Cinaport Acquisition Corp. III,TSXV,CPC,402375.0,,,,,,,,,,,,,,,,,
AIR.V,AIR,Clean Air Metals Inc.,TSXV,Mining,16286190.96,,,,,,,,,,,,,,,,,
TRAN.V,TRAN,Clean Energy Transition Inc.,TSXV,Mining,1043596.25,,,,,,,,,,,,,,,,,
CTV.V,CTV,Cleantech Vanadium Mining Corp.,TSXV,Mining,29615676.78,,,,,,,,,,,,,,,,,
CTEK.V,CTEK,Cleantek Industries Inc.,TSXV,Clean Technology & Renewable Energy,14950842.27,,,,,,,,,,,,,,,,,
CBLU.V,CBLU,Clear Blue Technologies International Inc.,TSXV,Clean Technology & Renewable Energy,3930095.95,,,,,,,,,,,,,,,,,
CZZ.V,CZZ,Cleghorn Minerals Ltd.,TSXV,Mining,2322231.24,,,,,,,,,,,,,,,,,
CLIP.V,CLIP,Clip Money Inc.,TSXV,Technology,22129980.81,,,,,,,,,,,,,,,,,
CNJ.P.V,CNJ.P,CNJ Capital Investments Inc.,TSXV,CPC,2852000.0,,,,,,,,,,,,,,,,,
COCO.V,COCO,Coast Copper Corp.,TSXV,Mining,5610126.75,,,,,,,,,,,,,,,,,
CBV.V,CBV,Cobra Venture Corporation,TSXV,Oil & Gas,3476287.08,,,,,,,,,,,,,,,,,
CEI.V,CEI,Coelacanth Energy Inc.,TSXV,Oil & Gas,431730000.0,,,,,,,,,,,,,,,,,
CBI.V,CBI,Colibri Resource Corporation,TSXV,Mining,4155033.06,,,,,,,,,,,,,,,,,
COLL.P.V,COLL.P,Collingwood Resources Corp.,TSXV,CPC,508201.68,,,,,,,,,,,,,,,,,
CAD.V,CAD,Colonial Coal International Corp.,TSXV,Mining,268927915.48,,,,,,,,,,,,,,,,,
CLUS.V,CLUS,Colossus Resources Corp.,TSXV,Mining,1288438.5,,,,,,,,,,,,,,,,,
TIE.V,TIE,Coloured Ties Capital Inc.,TSXV,Financial Services,5581168.17,,,,,,,,,,,,,,,,,
CMU.V,CMU,Comet Industries Ltd.,TSXV,Real Estate,23112427.5,,,,,,,,,,,,,,,,,
CLIC.V,CLIC,Comet Lithium Corporation,TSXV,Mining,7427738.25,,,,,,,,,,,,,,,,,
CCE.V,CCE,Commerce Resources Corp.,TSXV,Mining,33923448.8,,,,,,,,,,,,,,,,,
CVB.V,CVB,Compass Gold Corporation,TSXV,Mining,21293637.3,,,,,,,,,,,,,,,,,
CVI.P.V,CVI.P,Compass Venture Inc.,TSXV,CPC,53016.625,,,,,,,,,,,,,,,,,
CAG.V,CAG,Composite Alliance Group Inc.,TSXV,Industrial Products & Services,2755840.25,,,,,,,,,,,,,,,,,
CHS.V,CHS,Comprehensive Healthcare Systems Inc.,TSXV,Life Sciences,11486798.08,,,,,,,,,,,,,,,,,
CNVI.V,CNVI,Conavi Medical Corp.,TSXV,Life Sciences,45282550.74,,,,,,,,,,,,,,,,,
CN.V,CN,Condor Resources Inc.,TSXV,Mining,24772793.265,,,,,,,,,,,,,,,,,
COS.V,COS,Coniagas Battery Metals Inc.,TSXV,Mining,3267539.155,,,,,,,,,,,,,,,,,
CQR.V,CQR,Conquest Resources Limited,TSXV,Mining,4058313.18,,,,,,,,,,,,,,,,,
FFP.V,FFP,Consolidated Firstfund Capital Corp.,TSXV,Real Estate,1542925.75,,,,,,,,,,,,,,,,,
CLM.V,CLM,Consolidated Lithium Metals Inc.,TSXV,Mining,23959035.96,,,,,,,,,,,,,,,,,
CNST.P.V,CNST.P,Constellation Capital Corp.,TSXV,CPC,600000.0,,,,,,,,,,,,,,,,,
CNS.V,CNS,Contagious Gaming Inc.,TSXV,Technology,942207.45,,,,,,,,,,,,,,,,,
CPAU.V,CPAU,CopAur Minerals Inc.,TSXV,Mining,8769540.9,,,,,,,,,,,,,,,,,
CUU.V,CUU,Copper Fox Metals Inc.,TSXV,Mining,238163506.82,,,,,,,,,,,,,,,,,
CGNT.V,CGNT,Copper Giant Resources Corp.,TSXV,Mining,31418815.5,,,,,,,,,,,,,,,,,
CPL.V,CPL,Copper Lake Resources Ltd.,TSXV,Mining,8130113.1,,,,,,,,,,,,,,,,,
CRD.V,CRD,Copper Road Resources Inc.,TSXV,Mining,2275571.06,,,,,,,,,,,,,,,,,
CPER.V,CPER,CopperCorp Resources Inc.,TSXV,Mining,12490500.33,,,,,,,,,,,,,,,,,
CUEX.V,CUEX,CopperEx Resources Corporation,TSXV,Mining,2069145.91,,,,,,,,,,,,,,,,,
CDB.V,CDB,Cordoba Minerals Corp.,TSXV,Mining,77861895.72,,,,,,,,,,,,,,,,,
CCMC.V,CCMC,Core Critical Metals Corp.,TSXV,Mining,5211477.48,,,,,,,,,,,,,,,,,
CNCO.V,CNCO,Core Nickel Corp.,TSXV,Mining,5145268.21,,,,,,,,,,,,,,,,,
CUSN.V,CUSN,Cornish Metals Inc.,TSXV,Mining,181902734.755,,,,,,,,,,,,,,,,,
COSA.V,COSA,Cosa Resources Corp.,TSXV,Mining,32260706.48,,,,,,,,,,,,,,,,,
CSG.V,CSG,Cosigo Resources Ltd.,TSXV,Mining,8277800.96,,,,,,,,,,,,,,,,,
CTH.V,CTH,CoTec Holdings Corp.,TSXV,Financial Services,153214175.4,,,,,,,,,,,,,,,,,
COV.V,COV,Covalon Technologies Ltd.,TSXV,Life Sciences,62787396.33,,,,,,,,,,,,,,,,,
CEQ.V,CEQ,Criterium Energy Ltd.,TSXV,Oil & Gas,10228142.55,,,,,,,,,,,,,,,,,
CRE.V,CRE,Critical Elements Lithium Corporation,TSXV,Mining,94774757.175,,,,,,,,,,,,,,,,,
CWV.V,CWV,Crown Point Energy Inc.,TSXV,Oil & Gas,16403183.55,,,,,,,,,,,,,,,,,
CSTR.V,CSTR,Cryptostar Corp.,TSXV,Technology,6353960.535,,,,,,,,,,,,,,,,,
CUB.V,CUB,CubicFarm Systems Corp.,TSXV,Technology,4783035.2,,,,,,,,,,,,,,,,,
CLCO.V,CLCO,Culico Metals Inc.,TSXV,Mining,19376044.56,,,,,,,,,,,,,,,,,
WATR.V,WATR,Current Water Technologies Inc.,TSXV,Clean Technology & Renewable Energy,6164750.925,,,,,,,,,,,,,,,,,
CVW.V,CVW,CVW Sustainable Royalties Inc.,TSXV,Clean Technology & Renewable Energy,141477406.12,,,,,,,,,,,,,,,,,
CYBE.V,CYBE,"CyberCatch Holdings, Inc.",TSXV,Technology,32911057.92,,,,,,,,,,,,,,,,,
CYG.V,CYG,Cygnus Metals Limited,TSXV,Mining,133053121.0,,,,,,,,,,,,,,,,,
CYM.V,CYM,Cymat Technologies Ltd.,TSXV,Industrial Products & Services,9692519.76,,,,,,,,,,,,,,,,,
CYTO.V,CYTO,Cytophage Technologies Ltd.,TSXV,Life Sciences,14187600.83,,,,,,,,,,,,,,,,,
DTWO.V,DTWO,D2 Lithium Corp.,TSXV,Mining,1086954.12,,,,,,,,,,,,,,,,,
DAR.V,DAR,Darelle Online Solutions Inc.,TSXV,Technology,1803473.24,,,,,,,,,,,,,,,,,
DM.V,DM,Datametrex AI Limited,TSXV,Technology,2752810.51,,,,,,,,,,,,,,,,,
DGC.V,DGC,Daura Gold Corp.,TSXV,Mining,24832869.44,,,,,,,,,,,,,,,,,
DTEA.V,DTEA,DAVIDsTEA Inc.,TSXV,Consumer Products & Services,23175679.9,,,,,,,,,,,,,,,,,
DEC.V,DEC,Decade Resources Ltd.,TSXV,Mining,8931061.08,,,,,,,,,,,,,,,,,
DB.V,DB,Decibel Cannabis Company Inc.,TSXV,Consumer Products & Services,80760562.54,,,,,,,,,,,,,,,,,
WCSB.V,WCSB,Decimus Oil Corp.,TSXV,Oil & Gas,3792198.5,,,,,,,,,,,,,,,,,
DE.V,DE,Decisive Dividend Corporation,TSXV,Financial Services,157106551.84,,,,,,,,,,,,,,,,,
MKT.V,MKT,DeepMarkit Corp.,TSXV,Technology,2408848.455,,,,,,,,,,,,,,,,,
DEFN.V,DEFN,Defense Metals Corp.,TSXV,Mining,110900824.32,,,,,,,,,,,,,,,,,
DEF.V,DEF,Defiance Silver Corp.,TSXV,Mining,76438749.24,,,,,,,,,,,,,,,,,
DFSC.V,DFSC,DEFSEC Technologies Inc.,TSXV,Technology,10180655.52,,,,,,,,,,,,,,,,,
DHB.V,DHB,Delivra Health Brands Inc.,TSXV,Life Sciences,8909607.585,,,,,,,,,,,,,,,,,
DELX.V,DELX,DelphX Capital Markets Inc.,TSXV,Technology,10417509.15,,,,,,,,,,,,,,,,,
DLTA.V,DLTA,Delta Resources Limited,TSXV,Mining,22877209.74,,,,,,,,,,,,,,,,,
DAU.V,DAU,Desert Gold Ventures Inc.,TSXV,Mining,17521016.435,,,,,,,,,,,,,,,,,
DME.V,DME,Desert Mountain Energy Corp.,TSXV,Oil & Gas,42562849.05,,,,,,,,,,,,,,,,,
DSY.V,DSY,Destiny Media Technologies Inc.,TSXV,Technology,6363058.0,,,,,,,,,,,,,,,,,
FARM.V,FARM,Deveron Corp.,TSXV,Technology,8537795.52,,,,,,,,,,,,,,,,,
GSD.V,GSD,Devonian Health Group Inc.,TSXV,Life Sciences,28210397.04,,,,,,,,,,,,,,,,,
DFR.V,DFR,DFR Gold Inc.,TSXV,Mining,8125588.0,,,,,,,,,,,,,,,,,
DGL.P.V,DGL.P,DGL Investments No. 1 Inc.,TSXV,CPC,100000.0,,,,,,,,,,,,,,,,,
ADK.V,ADK,DIAGNOS Inc.,TSXV,Technology,35019775.6,,,,,,,,,,,,,,,,,
DMI.V,DMI,Diamcor Mining Inc.,TSXV,Mining,1686389.37,,,,,,,,,,,,,,,,,
DWS.V,DWS,Diamond Estates Wines & Spirits Inc.,TSXV,Consumer Products & Services,11309594.77,,,,,,,,,,,,,,,,,
DGX.V,DGX,Digi Power X Inc.,TSXV,Technology,513652901.58,,,,,,,,,,,,,,,,,
DNO.V,DNO,Dinero Ventures Ltd.,TSXV,Mining,2683333.2,,,,,,,,,,,,,,,,,
DOS.V,DOS,Dios Exploration Inc.,TSXV,Mining,3642211.98,,,,,,,,,,,,,,,,,
DHR.V,DHR,Discovery Harbour Resources Corp.,TSXV,Mining,990567.34,,,,,,,,,,,,,,,,,
DCY.V,DCY,Discovery-Corp Enterprises Inc.,TSXV,Mining,549769.32,,,,,,,,,,,,,,,,,
DCOP.V,DCOP,District Copper Corp.,TSXV,Mining,2729932.88,,,,,,,,,,,,,,,,,
DMX.V,DMX,District Metals Corp.,TSXV,Mining,234281907.21,,,,,,,,,,,,,,,,,
DG.V,DG,Dixie Gold Inc.,TSXV,Mining,1904231.28,,,,,,,,,,,,,,,,,
DLC.V,DLC,DLC Holdings Corp.,TSXV,Consumer Products & Services,1016168.125,,,,,,,,,,,,,,,,,
DLP.V,DLP,DLP Resources Inc.,TSXV,Mining,52184803.78,,,,,,,,,,,,,,,,,
DMGI.V,DMGI,DMG Blockchain Solutions Inc.,TSXV,Technology,95478858.735,,,,,,,,,,,,,,,,,
DV.V,DV,Dolly Varden Silver Corporation,TSXV,Mining,500057335.8,,,,,,,,,,,,,,,,,
DMCU.V,DMCU,Domestic Metals Corp.,TSXV,Mining,10964073.4,,,,,,,,,,,,,,,,,
DAQ.P.V,DAQ.P,Dominus Acquisition Corp.,TSXV,CPC,558000.0,,,,,,,,,,,,,,,,,
DBG.V,DBG,Doubleview Gold Corp.,TSXV,Mining,168171502.01,,,,,,,,,,,,,,,,,
DPF.V,DPF,Dr. Phone Fix Canada Corporation,TSXV,Consumer Products & Services,38832753.82,,,,,,,,,,,,,,,,,
DRAX.P.V,DRAX.P,Draxos Capital Corp.,TSXV,CPC,226342.9,,,,,,,,,,,,,,,,,
DVX.P.V,DVX.P,Drummond Ventures Corp.,TSXV,CPC,615000.0,,,,,,,,,,,,,,,,,
DRY.V,DRY,Dryden Gold Corp.,TSXV,Mining,56790056.47,,,,,,,,,,,,,,,,,
DYG.V,DYG,Dynasty Gold Corp.,TSXV,Mining,14061031.6,,,,,,,,,,,,,,,,,
ETU.V,ETU,E2Gold Inc.,TSXV,Mining,1147521.835,,,,,,,,,,,,,,,,,
ETL.V,ETL,E3 Lithium Ltd.,TSXV,Mining,91831502.38,,,,,,,,,,,,,,,,,
EPL.V,EPL,Eagle Plains Resources Ltd.,TSXV,Mining,17280334.05,,,,,,,,,,,,,,,,,
SPOT.V,SPOT,EarthLabs Inc.,TSXV,Technology,31923791.85,,,,,,,,,,,,,,,,,
EWK.V,EWK,Earthworks Industries Inc.,TSXV,Clean Technology & Renewable Energy,4601120.02,,,,,,,,,,,,,,,,,
EAM.V,EAM,East Africa Metals Inc.,TSXV,Mining,33621696.125,,,,,,,,,,,,,,,,,
EW.V,EW,East West Minerals Ltd.,TSXV,Oil & Gas,2488355.65,,,,,,,,,,,,,,,,,
ETF.V,ETF,Eastfield Resources Ltd.,TSXV,Mining,5020271.325,,,,,,,,,,,,,,,,,
EBM.V,EBM,Eastwood Bio-Medical Canada Inc.,TSXV,Life Sciences,48220178.3,,,,,,,,,,,,,,,,,
ECCF.P.V,ECCF.P,ECC Ventures 4 Corp.,TSXV,CPC,875750.0,,,,,,,,,,,,,,,,,
ECCV.P.V,ECCV.P,ECC Ventures 5 Corp.,TSXV,CPC,706250.0,,,,,,,,,,,,,,,,,
ECCS.P.V,ECCS.P,ECC Ventures 6 Corp.,TSXV,CPC,904000.0,,,,,,,,,,,,,,,,,
EOG.V,EOG,Eco (Atlantic) Oil & Gas Ltd.,TSXV,Oil & Gas,45708630.72,,,,,,,,,,,,,,,,,
ECM.V,ECM,Ecolomondo Corporation,TSXV,Clean Technology & Renewable Energy,41957941.725,,,,,,,,,,,,,,,,,
EDY.V,EDY,Eddy Smart Home Solutions Ltd.,TSXV,Clean Technology & Renewable Energy,9254220.73,,,,,,,,,,,,,,,,,
CTRL.V,CTRL,Edge Total Intelligence Inc.,TSXV,Technology,41469612.75,,,,,,,,,,,,,,,,,
YFI.V,YFI,Edgewater Wireless Systems Inc.,TSXV,Technology,13084634.475,,,,,,,,,,,,,,,,,
EDDY.V,EDDY,Edison Lithium Corp.,TSXV,Mining,1802205.385,,,,,,,,,,,,,,,,,
EDM.V,EDM,EDM Resources Inc.,TSXV,Mining,5339057.9,,,,,,,,,,,,,,,,,
EGR.V,EGR,EGR Exploration Ltd.,TSXV,Mining,1876464.09,,,,,,,,,,,,,,,,,
EGT.V,EGT,Eguana Technologies Inc.,TSXV,Clean Technology & Renewable Energy,6101406.27,,,,,,,,,,,,,,,,,
ERA.V,ERA,Elcora Advanced Materials Corp.,TSXV,Mining,2470466.645,,,,,,,,,,,,,,,,,
ELBM.V,ELBM,Electra Battery Materials Corporation,TSXV,Mining,160424010.56,,,,,,,,,,,,,,,,,
EML.V,EML,Electric Metals (USA) Limited,TSXV,Mining,69348516.88,,,,,,,,,,,,,,,,,
ELEC.V,ELEC,Electric Royalties Ltd.,TSXV,Mining,17519837.85,,,,,,,,,,,,,,,,,
ELY.V,ELY,Electrum Discovery Corp.,TSXV,Mining,7953217.675,,,,,,,,,,,,,,,,,
ECU.V,ECU,Element 29 Resources Inc.,TSXV,Mining,161649082.4,,,,,,,,,,,,,,,,,
ELM.V,ELM,Element Lifestyle Retirement Inc.,TSXV,Real Estate,704783.0,,,,,,,,,,,,,,,,,
ELE.V,ELE,Elemental Altus Royalties Corp.,TSXV,Mining,524568046.38,,,,,,,,,,,,,,,,,
ELC.V,ELC,Elysee Development Corp.,TSXV,Financial Services,13907355.91,,,,,,,,,,,,,,,,,
ECOM.V,ECOM,Emerge Commerce Ltd.,TSXV,Technology,13153762.952,,,,,,,,,,,,,,,,,
EMR.V,EMR,Emergent Metals Corp.,TSXV,Mining,2329702.065,,,,,,,,,,,,,,,,,
EMO.V,EMO,Emerita Resources Corp.,TSXV,Mining,422607636.1,,,,,,,,,,,,,,,,,
EMNT.V,EMNT,Eminent Gold Corp.,TSXV,Mining,25357213.05,,,,,,,,,,,,,,,,,
EMPR.V,EMPR,Empress Royalty Corp.,TSXV,Mining,107514039.36,,,,,,,,,,,,,,,,,
EMX.V,EMX,EMX Royalty Corporation,TSXV,Mining,629139016.05,,,,,,,,,,,,,,,,,
ENA.V,ENA,Enablence Technologies Inc.,TSXV,Technology,33533644.8,,,,,,,,,,,,,,,,,
EU.V,EU,enCore Energy Corp.,TSXV,Mining,804699996.2,,,,,,,,,,,,,,,,,
ECAP.P.V,ECAP.P,Endurance Capital Corp.,TSXV,CPC,340000.0,,,,,,,,,,,,,,,,,
EDG.V,EDG,Endurance Gold Corporation,TSXV,Mining,47599931.34,,,,,,,,,,,,,,,,,
ENDR.V,ENDR,Enduro Metals Corporation,TSXV,Mining,12926419.03,,,,,,,,,,,,,,,,,
ENEV.V,ENEV,Enerev5 Metals Inc.,TSXV,Mining,2788839.18,,,,,,,,,,,,,,,,,
EAU.V,EAU,Engineer Gold Mines Ltd.,TSXV,Mining,1696599.645,,,,,,,,,,,,,,,,,
EGM.V,EGM,Engold Mines Ltd.,TSXV,Mining,3103615.95,,,,,,,,,,,,,,,,,
ENW.V,ENW,EnWave Corporation,TSXV,Clean Technology & Renewable Energy,41472977.35,,,,,,,,,,,,,,,,,
EON.V,EON,EON Lithium Corp.,TSXV,Mining,260667.855,,,,,,,,,,,,,,,,,
EQ.V,EQ,EQ Inc.,TSXV,Technology,65963842.8,,,,,,,,,,,,,,,,,
EQTY.V,EQTY,Equity Metals Corporation,TSXV,Mining,35731224.18,,,,,,,,,,,,,,,,,
ESE.V,ESE,ESE Entertainment Inc.,TSXV,Consumer Products & Services,17659285.605,,,,,,,,,,,,,,,,,
ESBL.V,ESBL,Eshbal Functional Food Inc.,TSXV,Consumer Products & Services,13632738.8,,,,,,,,,,,,,,,,,
ESK.V,ESK,Eskay Mining Corp.,TSXV,Mining,50373123.21,,,,,,,,,,,,,,,,,
ESXR.V,ESXR,Essex Resources Corp.,TSXV,Mining,2558250.0,,,,,,,,,,,,,,,,,
EBCD.P.V,EBCD.P,Eureka Capital Corp.,TSXV,CPC,145500.0,,,,,,,,,,,,,,,,,
EMN.V,EMN,Euro Manganese Inc.,TSXV,Mining,24276765.68,,,,,,,,,,,,,,,,,
EOX.V,EOX,Euromax Resources Ltd.,TSXV,Mining,15094329.82,,,,,,,,,,,,,,,,,
EVX.V,EVX,European Electric Metals Inc.,TSXV,Mining,14084773.36,,,,,,,,,,,,,,,,,
EVNI.V,EVNI,EV Nickel Inc.,TSXV,Mining,28092444.12,,,,,,,,,,,,,,,,,
EVGN.V,EVGN,EverGen Infrastructure Corp.,TSXV,Clean Technology & Renewable Energy,10540794.81,,,,,,,,,,,,,,,,,
EVER.V,EVER,Evergold Corp.,TSXV,Mining,3338747.775,,,,,,,,,,,,,,,,,
ELL.V,ELL,Everybody Loves Languages Corp.,TSXV,Consumer Products & Services,2138551.44,,,,,,,,,,,,,,,,,
EPF.V,EPF,Everyday People Financial Corp.,TSXV,Technology,90356056.7,,,,,,,,,,,,,,,,,
EVOC.P.V,EVOC.P,Evocati Capital Resources Inc.,TSXV,CPC,616000.0,,,,,,,,,,,,,,,,,
OKAI.V,OKAI,EvokAI Creative Labs Inc.,TSXV,Life Sciences,532384.51,,,,,,,,,,,,,,,,,
EVMT.V,EVMT,Evome Medical Technologies Inc.,TSXV,Life Sciences,300871.885,,,,,,,,,,,,,,,,,
EXCL.V,EXCL,Excalibur Metals Corp.,TSXV,Mining,9123432.6,,,,,,,,,,,,,,,,,
EXN.V,EXN,Excellon Resources Inc.,TSXV,Mining,87721429.695,,,,,,,,,,,,,,,,,
XCAP.P.V,XCAP.P,Exelerate Capital Corp.,TSXV,CPC,790211.25,,,,,,,,,,,,,,,,,
EXG.V,EXG,ExGen Resources Inc.,TSXV,Mining,8611626.75,,,,,,,,,,,,,,,,,
FUU.V,FUU,F3 Uranium Corp.,TSXV,Mining,106160222.66,,,,,,,,,,,,,,,,,
FFU.V,FFU,F4 Uranium Corp.,TSXV,Mining,6239172.4,,,,,,,,,,,,,,,,,
FBF.V,FBF,Fab-Form Industries Ltd.,TSXV,Industrial Products & Services,9357997.14,,,,,,,,,,,,,,,,,
FINV.P.V,FINV.P,Faction Investment Group Corp.,TSXV,CPC,1188000.0,,,,,,,,,,,,,,,,,
FAIR.V,FAIR,Fairchild Gold Corp.,TSXV,Mining,14814587.88,,,,,,,,,,,,,,,,,
FPY.P.V,FPY.P,Fairplay Ventures Inc.,TSXV,CPC,850000.0,,,,,,,,,,,,,,,,,
FPC.V,FPC,Falco Resources Ltd.,TSXV,Mining,119074484.73,,,,,,,,,,,,,,,,,
FLCN.V,FLCN,Falcon Energy Materials PLC,TSXV,Mining,89889608.9,,,,,,,,,,,,,,,,,
FG.V,FG,Falcon Gold Corp.,TSXV,Mining,3558682.6,,,,,,,,,,,,,,,,,
FO.V,FO,Falcon Oil & Gas Ltd.,TSXV,Oil & Gas,221828302.4,,,,,,,,,,,,,,,,,
FNC.V,FNC,Fancamp Exploration Ltd.,TSXV,Mining,23024420.685,,,,,,,,,,,,,,,,,
FHR.V,FHR,Fiddlehead Resources Corp.,TSXV,Oil & Gas,6984692.505,,,,,,,,,,,,,,,,,
FMN.V,FMN,Fidelity Minerals Corp.,TSXV,Mining,4756125.87,,,,,,,,,,,,,,,,,
FFC.P.V,FFC.P,Fife Capital Corp.,TSXV,CPC,1006050.0,,,,,,,,,,,,,,,,,
FDI.V,FDI,Findev Inc.,TSXV,Financial Services,11888688.015,,,,,,,,,,,,,,,,,
FINX.V,FINX,FinEx Metals Ltd.,TSXV,Mining,19431089.6,,,,,,,,,,,,,,,,,
FYL.V,FYL,Finlay Minerals Ltd.,TSXV,Mining,21237623.125,,,,,,,,,,,,,,,,,
FTEC.V,FTEC,Fintech Select Ltd.,TSXV,Technology,2801733.025,,,,,,,,,,,,,,,,,
FFOX.V,FFOX,FireFox Gold Corp.,TSXV,Mining,27212329.75,,,,,,,,,,,,,,,,,
FWZ.V,FWZ,Fireweed Metals Corp.,TSXV,Mining,676910008.32,,,,,,,,,,,,,,,,,
FCA.V,FCA,Firm Capital Apartment Real Estate Investment Trust,TSXV,Real Estate,52521816.09,,,,,,,,,,,,,,,,,
FGCC.P.V,FGCC.P,First and Goal Capital Corp.,TSXV,CPC,79137.5,,,,,,,,,,,,,,,,,
FAS.V,FAS,First Andes Silver Ltd.,TSXV,Mining,5096802.9,,,,,,,,,,,,,,,,,
FAN.V,FAN,First Atlantic Nickel Corp.,TSXV,Mining,19422929.2,,,,,,,,,,,,,,,,,
FCI.V,FCI,First Canadian Graphite Inc.,TSXV,Mining,4103005.92,,,,,,,,,,,,,,,,,
HELI.V,HELI,First Helium Inc.,TSXV,Oil & Gas,7486465.84,,,,,,,,,,,,,,,,,
FHYD.V,FHYD,First Hydrogen Corp.,TSXV,Clean Technology & Renewable Energy,35736200.825,,,,,,,,,,,,,,,,,
FNM.V,FNM,First Nordic Metals Corp.,TSXV,Mining,139646832.0,,,,,,,,,,,,,,,,,
AAA.P.V,AAA.P,First Tidal Acquisition Corp.,TSXV,CPC,360000.0,,,,,,,,,,,,,,,,,
FTZ.V,FTZ,Fitzroy Minerals Inc.,TSXV,Mining,90650481.57,,,,,,,,,,,,,,,,,
FEX.V,FEX,Fjordland Exploration Inc.,TSXV,Mining,1658710.62,,,,,,,,,,,,,,,,,
FONC.P.V,FONC.P,Florence One Capital Inc.,TSXV,CPC,80210.0,,,,,,,,,,,,,,,,,
FW.V,FW,Flow Capital Corp.,TSXV,Financial Services,22485647.25,,,,,,,,,,,,,,,,,
FOBI.V,FOBI,FOBI AI Inc.,TSXV,Technology,8983919.08,,,,,,,,,,,,,,,,,
FMS.V,FMS,Focus Graphite Inc.,TSXV,Mining,56342077.54,,,,,,,,,,,,,,,,,
FKM.V,FKM,Fokus Mining Corporation,TSXV,Mining,32509477.8,,,,,,,,,,,,,,,,,
FTJ.V,FTJ,Fort St. James Nickel Corp.,TSXV,Mining,918689.17,,,,,,,,,,,,,,,,,
FORT.V,FORT,Fort Technology Inc.,TSXV,Consumer Products & Services,38646214.0,,,,,,,,,,,,,,,,,
FOR.V,FOR,Fortune Bay Corp.,TSXV,Mining,50467754.96,,,,,,,,,,,,,,,,,
FWTC.V,FWTC,Forward Water Technologies Corp.,TSXV,Clean Technology & Renewable Energy,2950475.52,,,,,,,,,,,,,,,,,
FDR.V,FDR,Founders Metals Inc.,TSXV,Mining,371730781.24,,,,,,,,,,,,,,,,,
FA.V,FA,Fountain Asset Corp.,TSXV,Financial Services,3216335.1,,,,,,,,,,,,,,,,,
FUN.P.V,FUN.P,Fountainhall Capital Corp.,TSXV,CPC,1854000.0,,,,,,,,,,,,,,,,,
AROW.P.V,AROW.P,Four Arrows Capital Corp.,TSXV,CPC,720481.52,,,,,,,,,,,,,,,,,
FP.V,FP,FP Newspapers Inc.,TSXV,Comm. & Media,5384021.76,,,,,,,,,,,,,,,,,
FPX.V,FPX,FPX Nickel Corp.,TSXV,Mining,132182447.04,,,,,,,,,,,,,,,,,
FRAS.P.V,FRAS.P,Fraser Big Sky Capital Corp.,TSXV,CPC,233755.0,,,,,,,,,,,,,,,,,
FRED.V,FRED,Fredonia Mining Inc.,TSXV,Mining,19611713.05,,,,,,,,,,,,,,,,,
FMAN.V,FMAN,Freeman Gold Corp.,TSXV,Mining,75215363.58,,,,,,,,,,,,,,,,,
FRI.V,FRI,Freeport Resources Inc.,TSXV,Mining,7880510.67,,,,,,,,,,,,,,,,,
FREQ.V,FREQ,Frequency Exchange Corp.,TSXV,Life Sciences,12777480.32,,,,,,,,,,,,,,,,,
FRSH.V,FRSH,Fresh Factory B.C. Ltd (The),TSXV,Industrial Products & Services,11073583.62,,,,,,,,,,,,,,,,,
FRNT.V,FRNT,FRNT Financial Inc.,TSXV,Technology,13614689.28,,,,,,,,,,,,,,,,,
FL.V,FL,Frontier Lithium Inc.,TSXV,Mining,178656691.98,,,,,,,,,,,,,,,,,
FTI.V,FTI,FTI Foodtech International Inc.,TSXV,Industrial Products & Services,3957831.71,,,,,,,,,,,,,,,,,
NHHH.V,NHHH,Fuelpositive Corporation,TSXV,Clean Technology & Renewable Energy,35793937.075,,,,,,,,,,,,,,,,,
FMT.V,FMT,Fuerte Metals Corporation,TSXV,Mining,378464788.84,,,,,,,,,,,,,,,,,
FCLI.V,FCLI,Full Circle Lithium Corp.,TSXV,Clean Technology & Renewable Energy,36409918.82,,,,,,,,,,,,,,,,,
FMM.V,FMM,Full Metal Minerals Ltd.,TSXV,Mining,3855309.64,,,,,,,,,,,,,,,,,
FUSE.V,FUSE,Fuse Battery Metals Inc.,TSXV,Mining,940743.625,,,,,,,,,,,,,,,,,
FTRC.V,FTRC,FUTR Corporation (The),TSXV,Technology,33813550.375,,,,,,,,,,,,,,,,,
FTUR.V,FTUR,Future Fuels Inc.,TSXV,Mining,80302132.95,,,,,,,,,,,,,,,,,
GTM.P.V,GTM.P,G2M Cap Corp.,TSXV,CPC,340000.0,,,,,,,,,,,,,,,,,
GBU.V,GBU,Gabriel Resources Ltd.,TSXV,Mining,23940000.0,,,,,,,,,,,,,,,,,
GAL.V,GAL,Galantas Gold Corporation,TSXV,Mining,12578060.515,,,,,,,,,,,,,,,,,
GXY.P.V,GXY.P,Galaxy Ventures Inc.,TSXV,CPC,666128.0,,,,,,,,,,,,,,,,,
GGO.V,GGO,Galleon Gold Corp.,TSXV,Mining,45377125.8,,,,,,,,,,,,,,,,,
GRI.V,GRI,Galore Resources Inc.,TSXV,Mining,6205523.415,,,,,,,,,,,,,,,,,
GWM.V,GWM,Galway Metals Inc.,TSXV,Mining,73681105.56,,,,,,,,,,,,,,,,,
GAMA.V,GAMA,Gamma Resources Ltd.,TSXV,Mining,4916667.15,,,,,,,,,,,,,,,,,
GGI.V,GGI,Garibaldi Resources Corp.,TSXV,Mining,21285677.7,,,,,,,,,,,,,,,,,
GSI.V,GSI,Gatekeeper Systems Inc.,TSXV,Technology,276607135.7,,,,,,,,,,,,,,,,,
GKO.V,GKO,Geekco Technologies Corporation,TSXV,Technology,4547846.765,,,,,,,,,,,,,,,,,
BEEP.V,BEEP,Geiger Energy Corporation,TSXV,Mining,24205065.9,,,,,,,,,,,,,,,,,
GEN.V,GEN,Generation Uranium Inc.,TSXV,Mining,4369310.28,,,,,,,,,,,,,,,,,
REBL.P.V,REBL.P,Genesis Acquisition Corp.,TSXV,CPC,54750.0,,,,,,,,,,,,,,,,,
GENX.V,GENX,Genix Pharmaceuticals Corporation,TSXV,Life Sciences,1836723.93,,,,,,,,,,,,,,,,,
GSP.V,GSP,Gensource Potash Corporation,TSXV,Mining,31552371.48,,,,,,,,,,,,,,,,,
GMA.V,GMA,Geomega Resources Inc.,TSXV,Mining,45871002.9,,,,,,,,,,,,,,,,,
GTC.V,GTC,Getty Copper Inc.,TSXV,Mining,11587884.35,,,,,,,,,,,,,,,,,
GFG.V,GFG,GFG Resources Inc.,TSXV,Mining,40966585.085,,,,,,,,,,,,,,,,,
GGL.V,GGL,GGL Resources Corp.,TSXV,Mining,6261448.5,,,,,,,,,,,,,,,,,
GGX.V,GGX,GGX Gold Corp.,TSXV,Mining,2183662.8,,,,,,,,,,,,,,,,,
GIGA.V,GIGA,Giga Metals Corporation,TSXV,Mining,15370817.28,,,,,,,,,,,,,,,,,
GOK.V,GOK,GINSMS Inc.,TSXV,Technology,935591.84,,,,,,,,,,,,,,,,,
EMM.V,EMM,Giyani Metals Corp.,TSXV,Mining,35207237.625,,,,,,,,,,,,,,,,,
GLI.V,GLI,Glacier Lake Resources Inc.,TSXV,Mining,1190890.47,,,,,,,,,,,,,,,,,
GLAD.V,GLAD,Gladiator Metals Corp.,TSXV,Mining,86144781.36,,,,,,,,,,,,,,,,,
GER.V,GER,Glen Eagle Resources Inc.,TSXV,Mining,729009.925,,,,,,,,,,,,,,,,,
GBML.V,GBML,Global Battery Metals Ltd.,TSXV,Mining,1021010.51,,,,,,,,,,,,,,,,,
CUCU.V,CUCU,Global Copper Corp.,TSXV,Mining,679841.07,,,,,,,,,,,,,,,,,
GEMC.V,GEMC,Global Energy Metals Corporation,TSXV,Mining,2365024.445,,,,,,,,,,,,,,,,,
GLIN.P.V,GLIN.P,Global Investments Capital Corp.,TSXV,CPC,450000.0,,,,,,,,,,,,,,,,,
GMV.V,GMV,GMV Minerals Inc.,TSXV,Mining,24462722.27,,,,,,,,,,,,,,,,,
GG.V,GG,Golconda Gold Ltd.,TSXV,Mining,135059262.04,,,,,,,,,,,,,,,,,
GXX.V,GXX,Gold Basin Resources Corporation,TSXV,Mining,4729567.01,,,,,,,,,,,,,,,,,
GLD.V,GLD,Gold Finder Resources Ltd.,TSXV,Mining,4093388.065,,,,,,,,,,,,,,,,,
HART.V,HART,Gold Hart Copper Corp.,TSXV,Mining,32553235.25,,,,,,,,,,,,,,,,,
GRZ.V,GRZ,Gold Reserve Inc.,TSXV,Mining,269972810.8,,,,,,,,,,,,,,,,,
GSR.V,GSR,Gold Strike Resources Corp.,TSXV,Mining,46937786.13,,,,,,,,,,,,,,,,,
YGT.V,YGT,Gold Terra Resource Corp.,TSXV,Mining,45506723.24,,,,,,,,,,,,,,,,,
AUXX.V,AUXX,Gold X2 Mining Inc.,TSXV,Mining,239690444.76,,,,,,,,,,,,,,,,,
GLB.V,GLB,Goldbank Mining Corporation,TSXV,Mining,86396694.75,,,,,,,,,,,,,,,,,
GCN.V,GCN,Goldcliff Resource Corporation,TSXV,Mining,4482474.42,,,,,,,,,,,,,,,,,
GRG.V,GRG,Golden Arrow Resources Corporation,TSXV,Mining,10164995.76,,,,,,,,,,,,,,,,,
AUX.V,AUX,Golden Cross Resources Inc.,TSXV,Mining,39872064.83,,,,,,,,,,,,,,,,,
GNG.V,GNG,Golden Goliath Resources Ltd.,TSXV,Mining,2290331.16,,,,,,,,,,,,,,,,,
GDP.V,GDP,Golden Pursuit Resources Ltd.,TSXV,Mining,8542742.0,,,,,,,,,,,,,,,,,
GLDN.V,GLDN,Golden Ridge Resources Ltd.,TSXV,Mining,1756239.6,,,,,,,,,,,,,,,,,
AUEN.V,AUEN,Golden Sky Minerals Corp.,TSXV,Mining,6247903.095,,,,,,,,,,,,,,,,,
GCV.P.V,GCV.P,Golden Star Capital Ventures Inc.,TSXV,CPC,1958825.0,,,,,,,,,,,,,,,,,
GDX.V,GDX,Goldex Resources Corporation,TSXV,Mining,1655136.1,,,,,,,,,,,,,,,,,
GOFL.V,GOFL,Goldflare Exploration Inc.,TSXV,Mining,1116750.53,,,,,,,,,,,,,,,,,
GGA.V,GGA,Goldgroup Mining Inc.,TSXV,Mining,358665803.22,,,,,,,,,,,,,,,,,
GHL.V,GHL,Goldhills Holdings Ltd.,TSXV,Mining,943560.18,,,,,,,,,,,,,,,,,
GQC.V,GQC,GoldQuest Mining Corp.,TSXV,Mining,641613233.47,,,,,,,,,,,,,,,,,
GSTM.V,GSTM,Goldstorm Metals Corp.,TSXV,Mining,21352530.36,,,,,,,,,,,,,,,,,
GOT.V,GOT,Goliath Resources Limited,TSXV,Mining,434283091.8,,,,,,,,,,,,,,,,,
GOOD.V,GOOD,Good Gamer Entertainment Inc.,TSXV,Technology,979054.34,,,,,,,,,,,,,,,,,
GFOR.P.V,GFOR.P,Good2Go4 Corp.,TSXV,CPC,240000.0,,,,,,,,,,,,,,,,,
GSS.V,GSS,Gossan Resources Limited,TSXV,Mining,2361081.485,,,,,,,,,,,,,,,,,
GXU.V,GXU,GoviEx Uranium Inc.,TSXV,Mining,71544353.3,,,,,,,,,,,,,,,,,
GPM.V,GPM,GPM Metals Inc.,TSXV,Mining,22417676.64,,,,,,,,,,,,,,,,,
GRSL.V,GRSL,GR Silver Mining Ltd.,TSXV,Mining,103536577.2,,,,,,,,,,,,,,,,,
GGM.V,GGM,Granada Gold Mine Inc.,TSXV,Mining,6604661.96,,,,,,,,,,,,,,,,,
GPG.V,GPG,Grande Portage Resources Ltd.,TSXV,Mining,35680049.295,,,,,,,,,,,,,,,,,
GEL.V,GEL,Graphano Energy Ltd.,TSXV,Mining,3645770.92,,,,,,,,,,,,,,,,,
GMG.V,GMG,Graphene Manufacturing Group Ltd.,TSXV,Clean Technology & Renewable Energy,130721593.11,,,,,,,,,,,,,,,,,
GPH.V,GPH,Graphite One Inc.,TSXV,Mining,216999663.3,,,,,,,,,,,,,,,,,
GRAT.V,GRAT,Gratomic Inc.,TSXV,Mining,4005216.34,,,,,,,,,,,,,,,,,
GR.V,GR,Great Atlantic Resources Corp.,TSXV,Mining,7402846.125,,,,,,,,,,,,,,,,,
GPAC.V,GPAC,Great Pacific Gold Corp.,TSXV,Mining,69301489.075,,,,,,,,,,,,,,,,,
GPS.V,GPS,Great Plains Metals Corp.,TSXV,Mining,6204000.0,,,,,,,,,,,,,,,,,
GQ.V,GQ,Great Quest Gold Ltd.,TSXV,Mining,3733493.22,,,,,,,,,,,,,,,,,
GIP.V,GIP,Green Impact Partners Inc.,TSXV,Clean Technology & Renewable Energy,72816092.13,,,,,,,,,,,,,,,,,
GPCC.P.V,GPCC.P,Green Panda Capital Corp.,TSXV,CPC,220104.5,,,,,,,,,,,,,,,,,
GRF.V,GRF,Green Rise Foods Inc.,TSXV,Consumer Products & Services,12109711.83,,,,,,,,,,,,,,,,,
GCOM.V,GCOM,Green Shift Commodities Ltd.,TSXV,Mining,5509048.72,,,,,,,,,,,,,,,,,
GRB.V,GRB,Greenbriar Sustainable Living Inc.,TSXV,Clean Technology & Renewable Energy,14706393.84,,,,,,,,,,,,,,,,,
VGN.V,VGN,Greencastle Resources Ltd.,TSXV,Mining,1600906.84,,,,,,,,,,,,,,,,,
GHRT.V,GHRT,Greenheart Gold Inc.,TSXV,Mining,208048099.05,,,,,,,,,,,,,,,,,
GRL.V,GRL,GreenLight Metals Inc.,TSXV,Mining,25762885.98,,,,,,,,,,,,,,,,,
GPV.V,GPV,Greenpower Motor Company Inc.,TSXV,Clean Technology & Renewable Energy,11386687.1,,,,,,,,,,,,,,,,,
WOLF.V,WOLF,Grey Wolf Animal Health Corp.,TSXV,Life Sciences,45817727.56,,,,,,,,,,,,,,,,,
CELL.V,CELL,Grid Battery Metals Inc.,TSXV,Mining,6768327.825,,,,,,,,,,,,,,,,,
GRDM.V,GRDM,Grid Metals Corp.,TSXV,Mining,26572151.32,,,,,,,,,,,,,,,,,
FIN.V,FIN,Grit Metals Corp.,TSXV,Mining,6624857.76,,,,,,,,,,,,,,,,,
GZD.V,GZD,Grizzly Discoveries Inc.,TSXV,Mining,5185818.66,,,,,,,,,,,,,,,,,
GRVA.P.V,GRVA.P,Grosvenor CPC I Inc.,TSXV,CPC,660660.0,,,,,,,,,,,,,,,,,
GVR.V,GVR,Grosvenor Resource Corporation,TSXV,Mining,1345034.8,,,,,,,,,,,,,,,,,
GRD.V,GRD,Grounded Lithium Corp.,TSXV,Mining,3983011.3,,,,,,,,,,,,,,,,,
ZNG.V,ZNG,Group Eleven Resources Corp.,TSXV,Mining,82211752.035,,,,,,,,,,,,,,,,,
GSPR.V,GSPR,GSP Resource Corp.,TSXV,Mining,4385930.265,,,,,,,,,,,,,,,,,
GT.V,GT,GT Resources Inc.,TSXV,Mining,11668281.78,,,,,,,,,,,,,,,,,
GSVR.V,GSVR,Guanajuato Silver Company Ltd.,TSXV,Mining,190136934.06,,,,,,,,,,,,,,,,,
GX.V,GX,Guardian Exploration Inc.,TSXV,Oil & Gas,17644168.64,,,,,,,,,,,,,,,,,
GUF.V,GUF,Gulf & Pacific Equities Corp.,TSXV,Real Estate,9206594.55,,,,,,,,,,,,,,,,,
GUG.V,GUG,Gungnir Resources Inc.,TSXV,Mining,3588893.58,,,,,,,,,,,,,,,,,
GUN.V,GUN,Gunpoint Exploration Ltd.,TSXV,Mining,23071469.85,,,,,,,,,,,,,,,,,
GYA.V,GYA,Guyana Goldstrike Inc.,TSXV,Mining,4750332.0,,,,,,,,,,,,,,,,,
HO.P.V,HO.P,H2 Ventures 1 Inc.,TSXV,CPC,9180000.0,,,,,,,,,,,,,,,,,
HPM.V,HPM,Halcones Precious Metals Corp.,TSXV,Mining,9151055.56,,,,,,,,,,,,,,,,,
HMT.V,HMT,Halmont Properties Corporation,TSXV,Real Estate,90655200.0,,,,,,,,,,,,,,,,,
HFC.V,HFC,Hampton Financial Corporation,TSXV,Financial Services,14675786.58,,,,,,,,,,,,,,,,,
HAN.V,HAN,Hannan Metals Ltd.,TSXV,Mining,114989966.08,,,,,,,,,,,,,,,,,
HCO.P.V,HCO.P,Hansco Capital Corp.,TSXV,CPC,220500.0,,,,,,,,,,,,,,,,,
HANS.V,HANS,Hanstone Gold Corp.,TSXV,Mining,1292328.125,,,,,,,,,,,,,,,,,
HAPB.V,HAPB,"Hapbee Technologies, Inc.",TSXV,Technology,11347454.15,,,,,,,,,,,,,,,,,
HPY.V,HPY,Happy Creek Minerals Ltd.,TSXV,Mining,25492380.0,,,,,,,,,,,,,,,,,
HAR.V,HAR,Harfang Exploration Inc.,TSXV,Mining,8353900.05,,,,,,,,,,,,,,,,,
MONY.P.V,MONY.P,Harmony Acquisitions Corp.,TSXV,CPC,310065.05,,,,,,,,,,,,,,,,,
HVG.V,HVG,Harvest Gold Corp.,TSXV,Mining,9684383.28,,,,,,,,,,,,,,,,,
HEC.P.V,HEC.P,Haviland Enviro Corp.,TSXV,CPC,1638845.0,,,,,,,,,,,,,,,,,
HAW.P.V,HAW.P,Haw Capital 2 Corp.,TSXV,CPC,70000.0,,,,,,,,,,,,,,,,,
HAWK.V,HAWK,Hawkeye Gold & Diamond Inc.,TSXV,Mining,610222.415,,,,,,,,,,,,,,,,,
HAY.V,HAY,Hayasa Metals Inc.,TSXV,Mining,5790651.12,,,,,,,,,,,,,,,,,
HSTR.V,HSTR,Heliostar Metals Ltd.,TSXV,Mining,465897987.12,,,,,,,,,,,,,,,,,
HEVI.V,HEVI,Helium Evolution Incorporated,TSXV,Oil & Gas,25824656.13,,,,,,,,,,,,,,,,,
HHH.V,HHH,Helius Minerals Limited,TSXV,Mining,86962754.7,,,,,,,,,,,,,,,,,
HME.V,HME,Hemisphere Energy Corporation,TSXV,Oil & Gas,201712282.26,,,,,,,,,,,,,,,,,
HEM.V,HEM,Hemostemix Inc.,TSXV,Life Sciences,18400000.0,,,,,,,,,,,,,,,,,
HEMP.V,HEMP,Hempalta Corp.,TSXV,Clean Technology & Renewable Energy,2373604.4,,,,,,,,,,,,,,,,,
BIG.V,BIG,Hercules Metals Corp.,TSXV,Mining,177912861.69,,,,,,,,,,,,,,,,,
HOH.V,HOH,High Arctic Overseas Holdings Corp.,TSXV,Industrial Products & Services,13195055.96,,,,,,,,,,,,,,,,,
HMCC.P.V,HMCC.P,High Mountain 2 Capital Corporation,TSXV,CPC,399000.0,,,,,,,,,,,,,,,,,
HITI.V,HITI,High Tide Inc.,TSXV,Consumer Products & Services,382083443.94,,,,,,,,,,,,,,,,,
HI.V,HI,Highland Copper Company Inc.,TSXV,Mining,106827714.99,,,,,,,,,,,,,,,,,
HWY.V,HWY,Highway 50 Gold Corp.,TSXV,Mining,21127668.1,,,,,,,,,,,,,,,,,
HAM.V,HAM,Highwood Asset Management Ltd.,TSXV,Oil & Gas,73049178.735,,,,,,,,,,,,,,,,,
HILL.V,HILL,Hill Incorporated,TSXV,Consumer Products & Services,558073.79,,,,,,,,,,,,,,,,,
ESPN.V,ESPN,Hispania Resources Inc.,TSXV,Mining,9421219.08,,,,,,,,,,,,,,,,,
HIVE.V,HIVE,Hive Digital Technologies Ltd.,TSXV,Technology,1735179325.4,,,,,,,,,,,,,,,,,
SHL.V,SHL,Homeland Nickel Inc.,TSXV,Mining,18797478.17,,,,,,,,,,,,,,,,,
HLU.V,HLU,Homeland Uranium Corp.,TSXV,Mining,51723877.17,,,,,,,,,,,,,,,,,
HMR.V,HMR,Homerun Resources Inc.,TSXV,Mining,59576896.47,,,,,,,,,,,,,,,,,
TUF.V,TUF,Honey Badger Silver Inc.,TSXV,Mining,23243021.6,,,,,,,,,,,,,,,,,
HPL.V,HPL,Horizon Petroleum Ltd.,TSXV,Oil & Gas,5238624.6,,,,,,,,,,,,,,,,,
HRC.P.V,HRC.P,Hoshi Resource Corp.,TSXV,CPC,264000.0,,,,,,,,,,,,,,,,,
HCH.V,HCH,Hot Chili Limited,TSXV,Mining,147210305.62,,,,,,,,,,,,,,,,,
HPQ.V,HPQ,HPQ Silicon Inc.,TSXV,Clean Technology & Renewable Energy,78162547.175,,,,,,,,,,,,,,,,,
HIDE.V,HIDE,Hydaway Digital Corp.,TSXV,Technology,4020800.16,,,,,,,,,,,,,,,,,
NURS.V,NURS,Hydreight Technologies Inc.,TSXV,Life Sciences,227490291.92,,,,,,,,,,,,,,,,,
HC.V,HC,Hypercharge Networks Corp.,TSXV,Clean Technology & Renewable Energy,10606208.235,,,,,,,,,,,,,,,,,
IB.V,IB,IBC Advanced Alloys Corp.,TSXV,Industrial Products & Services,24602634.255,,,,,,,,,,,,,,,,,
IMC.V,IMC,Ibero Mining Corp.,TSXV,Mining,1571643.26,,,,,,,,,,,,,,,,,
ICGH.V,ICGH,IC Group Holdings Inc.,TSXV,Technology,16042520.16,,,,,,,,,,,,,,,,,
ICRS.V,ICRS,Icarus Capital Corp.,TSXV,Consumer Products & Services,214445.675,,,,,,,,,,,,,,,,,
ICM.V,ICM,Iconic Minerals Ltd.,TSXV,Mining,10020338.315,,,,,,,,,,,,,,,,,
ICWY.P.V,ICWY.P,ICWHY Capital Ventures Inc.,TSXV,CPC,63000.0,,,,,,,,,,,,,,,,,
IDEX.V,IDEX,IDEX Metals Corp.,TSXV,Mining,25431679.0,,,,,,,,,,,,,,,,,
IRI.V,IRI,IEMR Resources Inc.,TSXV,Mining,1422107.115,,,,,,,,,,,,,,,,,
IKC.P.V,IKC.P,Ikigai Capital Corp.,TSXV,CPC,45500.0,,,,,,,,,,,,,,,,,
IFX.V,IFX,Imaflex Inc.,TSXV,Industrial Products & Services,55213955.22,,,,,,,,,,,,,,,,,
ILI.V,ILI,Imagine Lithium Inc.,TSXV,Mining,10218840.9,,,,,,,,,,,,,,,,,
IDL.V,IDL,Imaging Dynamics Company Ltd.,TSXV,Life Sciences,413382.0,,,,,,,,,,,,,,,,,
IMR.V,IMR,iMetal Resources Inc.,TSXV,Mining,9036611.25,,,,,,,,,,,,,,,,,
IMPT.V,IMPT,Impact Development Group Inc.,TSXV,Real Estate,70709.635,,,,,,,,,,,,,,,,,
IPT.V,IPT,IMPACT Silver Corp.,TSXV,Mining,85781428.03,,,,,,,,,,,,,,,,,
IEI.V,IEI,Imperial Equities Inc.,TSXV,Real Estate,33079347.0,,,,,,,,,,,,,,,,,
IGP.V,IGP,Imperial Ginseng Products Ltd.,TSXV,Consumer Products & Services,38262.735,,,,,,,,,,,,,,,,,
ICI.P.V,ICI.P,Inceptus Capital Ltd.,TSXV,CPC,996975.0,,,,,,,,,,,,,,,,,
IGO.V,IGO,Independence Gold Corp.,TSXV,Mining,30328762.77,,,,,,,,,,,,,,,,,
INEO.V,INEO,INEO Tech Corp.,TSXV,Technology,4870370.52,,,,,,,,,,,,,,,,,
IN.V,IN,Infield Minerals Corp.,TSXV,Mining,1704608.185,,,,,,,,,,,,,,,,,
INFM.V,INFM,Infinico Metals Corp.,TSXV,Mining,1020348.6,,,,,,,,,,,,,,,,,
INFI.V,INFI,Infinitum Copper Corp.,TSXV,Mining,1961260.32,,,,,,,,,,,,,,,,,
IOT.V,IOT,Innovotech Inc.,TSXV,Life Sciences,11916468.82,,,,,,,,,,,,,,,,,
MINE.V,MINE,Inomin Mines Inc.,TSXV,Mining,2941113.12,,,,,,,,,,,,,,,,,
ISGI.V,ISGI,InsuraGuest Technologies Inc.,TSXV,Technology,852669.11,,,,,,,,,,,,,,,,,
ITR.V,ITR,Integra Resources Corp.,TSXV,Mining,661117654.09,,,,,,,,,,,,,,,,,
IBAT.V,IBAT,International Battery Metals Ltd.,TSXV,Clean Technology & Renewable Energy,80136992.79,,,,,,,,,,,,,,,,,
IFR.V,IFR,International Frontier Resources Corp.,TSXV,Oil & Gas,1904269.85,,,,,,,,,,,,,,,,,
ICON.V,ICON,International Iconic Gold Exploration Corp.,TSXV,Mining,2026508.64,,,,,,,,,,,,,,,,,
ILC.V,ILC,International Lithium Corp.,TSXV,Mining,9534113.89,,,,,,,,,,,,,,,,,
IMM.V,IMM,International Metals Mining Corp.,TSXV,Mining,1045627.05,,,,,,,,,,,,,,,,,
IPD.V,IPD,International Parkside Products Inc.,TSXV,Consumer Products & Services,742862.43,,,,,,,,,,,,,,,,,
IZZ.V,IZZ,International Prospect Ventures Ltd.,TSXV,Mining,3940380.73,,,,,,,,,,,,,,,,,
IZ.V,IZ,International Zeolite Corp.,TSXV,Mining,424069.62,,,,,,,,,,,,,,,,,
IRO.V,IRO,Inter-Rock Minerals Inc.,TSXV,Mining,24124530.21,,,,,,,,,,,,,,,,,
TIDE.P.V,TIDE.P,Intertidal Capital Corp.,TSXV,CPC,1120000.0,,,,,,,,,,,,,,,,,
INX.V,INX,Intouch Insight Ltd.,TSXV,Technology,8570311.03,,,,,,,,,,,,,,,,,
INTR.V,INTR,Intrepid Metals Corp.,TSXV,Mining,23475668.755,,,,,,,,,,,,,,,,,
IVX.V,IVX,Inventronics Limited,TSXV,Industrial Products & Services,4286607.6,,,,,,,,,,,,,,,,,
IVS.V,IVS,Inventus Mining Corp.,TSXV,Mining,56853473.6,,,,,,,,,,,,,,,,,
IZN.V,IZN,InZinc Mining Ltd.,TSXV,Mining,4319072.94,,,,,,,,,,,,,,,,,
ICY.P.V,ICY.P,Iocaste Ventures Inc.,TSXV,CPC,560263.0,,,,,,,,,,,,,,,,,
INIK.V,INIK,Ionik Corporation,TSXV,Technology,32102621.91,,,,,,,,,,,,,,,,,
IMI.V,IMI,Ironman International Ltd.,TSXV,Technology,17268507.6,,,,,,,,,,,,,,,,,
IFOS.V,IFOS,Itafos Inc.,TSXV,Mining,650115650.16,,,,,,,,,,,,,,,,,
JTWO.V,JTWO,J2 Metals Inc.,TSXV,Mining,5385675.26,,,,,,,,,,,,,,,,,
JJJJ.P.V,JJJJ.P,J4 Ventures Inc.,TSXV,CPC,256500.0,,,,,,,,,,,,,,,,,
JAB.P.V,JAB.P,Jabbo Capital Corp.,TSXV,CPC,940750.0,,,,,,,,,,,,,,,,,
JNH.V,JNH,Jack Nathan Medical Corp.,TSXV,Life Sciences,435495.795,,,,,,,,,,,,,,,,,
JJ.V,JJ,Jackpot Digital Inc.,TSXV,Technology,33014263.56,,,,,,,,,,,,,,,,,
JADE.V,JADE,Jade Leader Corp.,TSXV,Mining,1494145.86,,,,,,,,,,,,,,,,,
JG.V,JG,Japan Gold Corp.,TSXV,Mining,41154644.295,,,,,,,,,,,,,,,,,
JDN.V,JDN,Jayden Resources Inc.,TSXV,Mining,2633303.205,,,,,,,,,,,,,,,,,
JTC.V,JTC,Jemtec Inc.,TSXV,Technology,2654945.05,,,,,,,,,,,,,,,,,
JEV.V,JEV,Jericho Energy Ventures Inc.,TSXV,Oil & Gas,39524479.28,,,,,,,,,,,,,,,,,
JES.P.V,JES.P,Jesmond Capital Ltd.,TSXV,CPC,519205.5,,,,,,,,,,,,,,,,,
JHC.V,JHC,Jinhua Capital Corporation,TSXV,Mining,152597.975,,,,,,,,,,,,,,,,,
JOJO.P.V,JOJO.P,Jo-Jo Capital Canada Ltd.,TSXV,CPC,819875.0,,,,,,,,,,,,,,,,,
JUGR.V,JUGR,Juggernaut Exploration Ltd.,TSXV,Mining,32236085.1,,,,,,,,,,,,,,,,,
JEC.V,JEC,Jura Energy Corporation,TSXV,Oil & Gas,2072289.84,,,,,,,,,,,,,,,,,
JVR.P.V,JVR.P,JVR Ventures Inc.,TSXV,CPC,900000.0,,,,,,,,,,,,,,,,,
JZR.V,JZR,JZR Gold Inc.,TSXV,Mining,38243604.88,,,,,,,,,,,,,,,,,
KTO.V,KTO,K2 Gold Corporation,TSXV,Mining,75343422.195,,,,,,,,,,,,,,,,,
KNC.V,KNC,K9 Gold Corp.,TSXV,Mining,4244807.0,,,,,,,,,,,,,,,,,
KDSX.V,KDSX,Kadestone Capital Corp.,TSXV,Real Estate,29564795.61,,,,,,,,,,,,,,,,,
KALM.P.V,KALM.P,Kalma Capital Corp.,TSXV,CPC,210006.0,,,,,,,,,,,,,,,,,
KALO.V,KALO,Kalo Gold Corp.,TSXV,Mining,29492190.45,,,,,,,,,,,,,,,,,
KAC.P.V,KAC.P,Kalon Acquisition Corp.,TSXV,CPC,215600.0,,,,,,,,,,,,,,,,,
KNE.V,KNE,Kane Biotech Inc.,TSXV,Life Sciences,5020396.95,,,,,,,,,,,,,,,,,
KAPA.V,KAPA,KAPA Gold Inc.,TSXV,Mining,15553852.08,,,,,,,,,,,,,,,,,
KDA.V,KDA,KDA Group Inc.,TSXV,Industrial Products & Services,49584566.4,,,,,,,,,,,,,,,,,
KEEK.V,KEEK,Keek Social Inc.,TSXV,Technology,24995235.6,,,,,,,,,,,,,,,,,
KKL.P.V,KKL.P,Kelly Ventures Ltd.,TSXV,CPC,38455.75,,,,,,,,,,,,,,,,,
KLD.V,KLD,Kenorland Minerals Ltd.,TSXV,Mining,142802914.8,,,,,,,,,,,,,,,,,
KLM.V,KLM,Kermode Resources Ltd.,TSXV,Mining,456214.83,,,,,,,,,,,,,,,,,
KES.V,KES,Kesselrun Resources Ltd.,TSXV,Mining,11288620.44,,,,,,,,,,,,,,,,,
KGC.V,KGC,Kestrel Gold Inc.,TSXV,Mining,5436051.3,,,,,,,,,,,,,,,,,
KIB.V,KIB,Kiboko Gold Inc.,TSXV,Mining,662056.395,,,,,,,,,,,,,,,,,
KDOZ.V,KDOZ,Kidoz Inc.,TSXV,Technology,42017439.68,,,,,,,,,,,,,,,,,
KCC.V,KCC,Kincora Copper Limited,TSXV,Mining,48741122.94,,,,,,,,,,,,,,,,,
KCP.V,KCP,King Copper Discovery Corp.,TSXV,Mining,208752349.06,,,,,,,,,,,,,,,,,
KFR.V,KFR,Kingfisher Metals Corp.,TSXV,Mining,25788895.54,,,,,,,,,,,,,,,,,
KGS.V,KGS,Kingman Minerals Ltd.,TSXV,Mining,2563082.52,,,,,,,,,,,,,,,,,
KNG.V,KNG,Kingsmen Resources Ltd.,TSXV,Mining,40873565.88,,,,,,,,,,,,,,,,,
KTR.V,KTR,Kintavar Exploration Inc.,TSXV,Mining,14983998.96,,,,,,,,,,,,,,,,,
KIP.V,KIP,Kiplin Metals Inc.,TSXV,Mining,5234950.11,,,,,,,,,,,,,,,,,
KLDC.V,KLDC,Kirkland Lake Discoveries Corp.,TSXV,Mining,40712655.55,,,,,,,,,,,,,,,,,
KSM.V,KSM,Kirkstone Metals Corp.,TSXV,Mining,106866664.0,,,,,,,,,,,,,,,,,
KG.V,KG,Klondike Gold Corp.,TSXV,Mining,24035000.0,,,,,,,,,,,,,,,,,
KS.V,KS,Klondike Silver Corp.,TSXV,Mining,6722052.675,,,,,,,,,,,,,,,,,
KRI.V,KRI,Kobo Resources Inc.,TSXV,Mining,30680000.0,,,,,,,,,,,,,,,,,
KDK.V,KDK,Kodiak Copper Corp.,TSXV,Mining,72270767.4,,,,,,,,,,,,,,,,,
KTRI.V,KTRI,Kootenay Resources Inc.,TSXV,Mining,2834094.64,,,,,,,,,,,,,,,,,
KTN.V,KTN,Kootenay Silver Inc.,TSXV,Mining,125958558.18,,,,,,,,,,,,,,,,,
KORE.V,KORE,KORE Mining Ltd.,TSXV,Mining,6680069.22,,,,,,,,,,,,,,,,,
KRY.V,KRY,Koryx Copper Inc.,TSXV,Mining,169655030.34,,,,,,,,,,,,,,,,,
KOVO.V,KOVO,Kovo+ Holdings Inc.,TSXV,Life Sciences,7075628.96,,,,,,,,,,,,,,,,,
KPEN.P.V,KPEN.P,KP3993 Resources Inc.,TSXV,CPC,132000.0,,,,,,,,,,,,,,,,,
PNG.V,PNG,Kraken Robotics Inc.,TSXV,Technology,1977038100.75,,,,,,,,,,,,,,,,,
KUAI.P.V,KUAI.P,Kua Investments Inc.,TSXV,CPC,250000.04,,,,,,,,,,,,,,,,,
KBRA.V,KBRA,Kubera Gold Corp.,TSXV,Mining,4795960.0,,,,,,,,,,,,,,,,,
KC.V,KC,Kutcho Copper Corp.,TSXV,Mining,28544812.03,,,,,,,,,,,,,,,,,
LAB.V,LAB,Labrador Gold Corp.,TSXV,Mining,18701097.69,,,,,,,,,,,,,,,,,
LTX.V,LTX,Labrador Resources Inc.,TSXV,Oil & Gas,863525.04,,,,,,,,,,,,,,,,,
LG.V,LG,Lahontan Gold Corp.,TSXV,Mining,53893237.825,,,,,,,,,,,,,,,,,
LVG.V,LVG,Lake Victoria Gold Ltd.,TSXV,Mining,34152706.525,,,,,,,,,,,,,,,,,
LWR.V,LWR,Lake Winn Resources Corp.,TSXV,Mining,1112508.15,,,,,,,,,,,,,,,,,
LRT.V,LRT,Lanesborough Real Estate Investment Trust,TSXV,Real Estate,3402368.1,,,,,,,,,,,,,,,,,
LRA.V,LRA,Lara Exploration Ltd.,TSXV,Mining,135450742.96,,,,,,,,,,,,,,,,,
VAND.V,VAND,Largo Physical Vanadium Corp.,TSXV,Financial Services,11939927.29,,,,,,,,,,,,,,,,,
LMS.V,LMS,Latin Metals Inc.,TSXV,Mining,26119072.14,,,,,,,,,,,,,,,,,
LME.V,LME,Laurion Mineral Exploration Inc.,TSXV,Mining,93193076.22,,,,,,,,,,,,,,,,,
LGC.V,LGC,Lavras Gold Corp.,TSXV,Mining,143282893.68,,,,,,,,,,,,,,,,,
LDB.P.V,LDB.P,LDB Capital Corp.,TSXV,CPC,2432494.89,,,,,,,,,,,,,,,,,
LEM.V,LEM,Leading Edge Materials Corp.,TSXV,Mining,72659630.21,,,,,,,,,,,,,,,,,
LFC.P.V,LFC.P,Left Field Capital Corp.,TSXV,CPC,952675.0,,,,,,,,,,,,,,,,,
LEGY.V,LEGY,Legacy Gold Mines Ltd.,TSXV,Mining,11948670.0,,,,,,,,,,,,,,,,,
LPS.V,LPS,Legend Power Systems Inc.,TSXV,Clean Technology & Renewable Energy,21286738.05,,,,,,,,,,,,,,,,,
LTV.V,LTV,LeoNovus Inc.,TSXV,Technology,209009.96,,,,,,,,,,,,,,,,,
JUMP.V,JUMP,LevelJump Healthcare Corp.,TSXV,Life Sciences,4341812.805,,,,,,,,,,,,,,,,,
LVX.V,LVX,Leviathan Gold Ltd.,TSXV,Mining,29800710.54,,,,,,,,,,,,,,,,,
SCAN.V,SCAN,"Liberty Defense Holdings, Ltd.",TSXV,Technology,27944925.47,,,,,,,,,,,,,,,,,
LIB.V,LIB,Libertystream Infrastructure Partners Inc.,TSXV,Mining,110677665.92,,,,,,,,,,,,,,,,,
LFST.V,LFST,Lifeist Wellness Inc.,TSXV,Life Sciences,2652048.14,,,,,,,,,,,,,,,,,
LIFT.V,LIFT,Li-FT Power Ltd.,TSXV,Mining,154365130.42,,,,,,,,,,,,,,,,,
LMG.V,LMG,Lincoln Gold Mining Inc.,TSXV,Mining,4774432.8,,,,,,,,,,,,,,,,,
LIO.V,LIO,Lion One Metals Limited,TSXV,Mining,102727870.725,,,,,,,,,,,,,,,,,
ROAR.V,ROAR,Lion Rock Resources Inc.,TSXV,Mining,36089968.44,,,,,,,,,,,,,,,,,
LBI.V,LBI,Lions Bay Capital Inc.,TSXV,Financial Services,6353310.78,,,,,,,,,,,,,,,,,
LITH.V,LITH,Lithium Chile Inc.,TSXV,Mining,94308972.94,,,,,,,,,,,,,,,,,
ION.V,ION,Lithium Ion Energy Ltd.,TSXV,Mining,3642962.04,,,,,,,,,,,,,,,,,
LTH.V,LTH,Lithium Ionic Corp.,TSXV,Mining,131115194.48,,,,,,,,,,,,,,,,,
LONE.V,LONE,Lithium One Metals Inc.,TSXV,Mining,1657822.26,,,,,,,,,,,,,,,,,
LIS.V,LIS,Lithium South Development Corporation,TSXV,Mining,41910036.16,,,,,,,,,,,,,,,,,
LBNK.V,LBNK,LithiumBank Resources Corp.,TSXV,Mining,25884586.58,,,,,,,,,,,,,,,,,
LILL.P.V,LILL.P,Little Fish Acquisition I Corp.,TSXV,CPC,171680.0,,,,,,,,,,,,,,,,,
LNGE.V,LNGE,LNG Energy Group Corp.,TSXV,Oil & Gas,5443704.91,,,,,,,,,,,,,,,,,
LOD.V,LOD,Lode Gold Resources Inc.,TSXV,Mining,8225830.8,,,,,,,,,,,,,,,,,
LSTR.V,LSTR,Lodestar Metals Corp.,TSXV,Mining,5439044.52,,,,,,,,,,,,,,,,,
LGN.V,LGN,Logan Energy Corp.,TSXV,Oil & Gas,488453573.8,,,,,,,,,,,,,,,,,
LOG.P.V,LOG.P,Logica Ventures Corp.,TSXV,CPC,67616.67,,,,,,,,,,,,,,,,,
LSC.P.V,LSC.P,Lombard Street Capital Corp.,TSXV,CPC,4790000.035,,,,,,,,,,,,,,,,,
LMR.V,LMR,Lomiko Metals Inc.,TSXV,Mining,7689255.375,,,,,,,,,,,,,,,,,
LA.V,LA,Los Andes Copper Limited,TSXV,Mining,250856763.78,,,,,,,,,,,,,,,,,
LTC.V,LTC,Lotus Creek Exploration Inc.,TSXV,Oil & Gas,52800000.0,,,,,,,,,,,,,,,,,
LQWD.V,LQWD,LQWD Technologies Corp.,TSXV,Technology,37132778.16,,,,,,,,,,,,,,,,,
LSL.V,LSL,LSL Pharma Group Inc.,TSXV,Life Sciences,44851465.12,,,,,,,,,,,,,,,,,
LUCA.V,LUCA,Luca Mining Corp.,TSXV,Mining,377519844.8,,,,,,,,,,,,,,,,,
LKY.V,LKY,Lucky Minerals Inc.,TSXV,Mining,1011271.35,,,,,,,,,,,,,,,,,
LMN.V,LMN,Lumine Group Inc.,TSXV,Technology,8596782998.0,,,,,,,,,,,,,,,,,
LPK.V,LPK,Lupaka Gold Corp.,TSXV,Mining,8003724.4,,,,,,,,,,,,,,,,,
LXM.V,LXM,Lux Metals Corp.,TSXV,Mining,5994210.9,,,,,,,,,,,,,,,,,
LUXR.V,LUXR,Luxor Metals Ltd.,TSXV,Mining,3272323.2,,,,,,,,,,,,,,,,,
LCX.V,LCX,Lycos Energy Inc.,TSXV,Oil & Gas,74000163.92,,,,,,,,,,,,,,,,,
MCT.P.V,MCT.P,M3 Capital Corp.,TSXV,CPC,859100.0,,,,,,,,,,,,,,,,,
MT.V,MT,M3 Metals Corp.,TSXV,Mining,2363186.52,,,,,,,,,,,,,,,,,
MDM.V,MDM,Madoro Metals Corp.,TSXV,Mining,2731401.48,,,,,,,,,,,,,,,,,
MGMA.V,MGMA,Magma Silver Corp.,TSXV,Mining,18697170.7,,,,,,,,,,,,,,,,,
NICU.V,NICU,Magna Mining Inc.,TSXV,Mining,631640629.67,,,,,,,,,,,,,,,,,
MTT.V,MTT,Magna Terra Minerals Inc.,TSXV,Mining,16174172.55,,,,,,,,,,,,,,,,,
MNC.V,MNC,Magnetic North Acquisition Corp.,TSXV,Financial Services,375869.04,,,,,,,,,,,,,,,,,
MGI.V,MGI,Magnum Goldcorp Inc.,TSXV,Mining,450525.55,,,,,,,,,,,,,,,,,
MJS.V,MJS,Majestic Gold Corp.,TSXV,Mining,166826300.96,,,,,,,,,,,,,,,,,
MKO.V,MKO,Mako Mining Corp.,TSXV,Mining,601571697.56,,,,,,,,,,,,,,,,,
MTH.V,MTH,Mammoth Resources Corp.,TSXV,Mining,6393415.98,,,,,,,,,,,,,,,,,
MAN.P.V,MAN.P,Mandala Capital Inc.,TSXV,CPC,227750.0,,,,,,,,,,,,,,,,,
MAND.P.V,MAND.P,Mandeville Ventures Inc.,TSXV,CPC,1061960.0,,,,,,,,,,,,,,,,,
MN.V,MN,Manganese X Energy Corp.,TSXV,Mining,32189079.75,,,,,,,,,,,,,,,,,
MGM.V,MGM,Maple Gold Mines Ltd.,TSXV,Mining,84140585.82,,,,,,,,,,,,,,,,,
MAP.V,MAP,Maple Peak Investments Inc.,TSXV,Financial Services,9440000.0,,,,,,,,,,,,,,,,,
DIA.V,DIA,Margaret Lake Diamonds Inc.,TSXV,Mining,1495308.16,,,,,,,,,,,,,,,,,
ALFA.V,ALFA,Margaux Real Estate Investment Trust,TSXV,Real Estate,10556089.64,,,,,,,,,,,,,,,,,
MAE.V,MAE,Maritime Resources Corp.,TSXV,Mining,249139475.06,,,,,,,,,,,,,,,,,
MAH.V,MAH,Marksmen Energy Inc.,TSXV,Oil & Gas,1056991.9,,,,,,,,,,,,,,,,,
MTLO.V,MTLO,Martello Technologies Group Inc.,TSXV,Technology,5837074.3,,,,,,,,,,,,,,,,,
MRVL.V,MRVL,Marvel Biosciences Corp.,TSXV,Life Sciences,12354975.82,,,,,,,,,,,,,,,,,
MARV.V,MARV,Marvel Discovery Corp.,TSXV,Mining,4409798.22,,,,,,,,,,,,,,,,,
MAR.V,MAR,Marwest Apartment Real Estate Investment Trust,TSXV,Real Estate,6723669.4,,,,,,,,,,,,,,,,,
MASS.V,MASS,Masivo Silver Corp.,TSXV,Mining,8453434.0,,,,,,,,,,,,,,,,,
LLG.V,LLG,Mason Resources Inc.,TSXV,Financial Services,16929258.5,,,,,,,,,,,,,,,,,
MCM.V,MCM,"Matachewan Consolidated Mines, Limited",TSXV,Mining,9633768.75,,,,,,,,,,,,,,,,,
MATA.V,MATA,Matador Technologies Inc.,TSXV,Technology,36415734.34,,,,,,,,,,,,,,,,,
MPV.P.V,MPV.P,Matchpoint Ventures Corp.,TSXV,CPC,18500000.0,,,,,,,,,,,,,,,,,
MFL.V,MFL,Mawson Finland Limited,TSXV,Mining,69955609.5,,,,,,,,,,,,,,,,,
MAX.V,MAX,MAX Resource Corp.,TSXV,Mining,24368225.75,,,,,,,,,,,,,,,,,
MFA.P.V,MFA.P,Mayfair Acquisition Corporation,TSXV,CPC,162733.36,,,,,,,,,,,,,,,,,
MFG.V,MFG,Mayfair Gold Corp.,TSXV,Mining,275764379.49,,,,,,,,,,,,,,,,,
MCS.V,MCS,McChip Resources Inc.,TSXV,Oil & Gas,9707163.2,,,,,,,,,,,,,,,,,
MCF.V,MCF,MCF Energy Ltd.,TSXV,Oil & Gas,13855131.18,,,,,,,,,,,,,,,,,
MDK.P.V,MDK.P,MDK Acquisition Inc.,TSXV,CPC,310500.05,,,,,,,,,,,,,,,,,
MPH.V,MPH,Medicure Inc.,TSXV,Life Sciences,12106123.08,,,,,,,,,,,,,,,,,
MIR.V,MIR,MedMira Inc.,TSXV,Life Sciences,60664564.96,,,,,,,,,,,,,,,,,
MDX.V,MDX,MedX Health Corp.,TSXV,Life Sciences,20073667.12,,,,,,,,,,,,,,,,,
MEED.P.V,MEED.P,MEED Growth Corp.,TSXV,CPC,945000.0,,,,,,,,,,,,,,,,,
MKR.V,MKR,Melkior Resources Inc.,TSXV,Mining,6058027.3,,,,,,,,,,,,,,,,,
MENE.V,MENE,MENE Inc.,TSXV,Consumer Products & Services,35250000.0,,,,,,,,,,,,,,,,,
MRKI.P.V,MRKI.P,"Meraki Acquisition One, Inc.",TSXV,CPC,176000.0,,,,,,,,,,,,,,,,,
MUSH.V,MUSH,Mercanto Holdings Inc.,TSXV,Life Sciences,4061974.64,,,,,,,,,,,,,,,,,
MERG.V,MERG,Metal Energy Corp.,TSXV,Mining,13427963.1,,,,,,,,,,,,,,,,,
MLO.V,MLO,Metalero Mining Corp.,TSXV,Mining,3124231.8,,,,,,,,,,,,,,,,,
MTX.V,MTX,Metalex Ventures Ltd.,TSXV,Mining,2764479.18,,,,,,,,,,,,,,,,,
MTA.V,MTA,Metalla Royalty & Streaming Ltd.,TSXV,Mining,884886850.16,,,,,,,,,,,,,,,,,
MMG.V,MMG,Metallic Minerals Corp.,TSXV,Mining,67909559.36,,,,,,,,,,,,,,,,,
MTS.V,MTS,Metallis Resources Inc.,TSXV,Mining,35005801.23,,,,,,,,,,,,,,,,,
MET.V,MET,Metalore Resources Limited,TSXV,Oil & Gas,4171332.25,,,,,,,,,,,,,,,,,
MQM.V,MQM,Metalquest Mining Inc.,TSXV,Mining,6003327.05,,,,,,,,,,,,,,,,,
MEK.V,MEK,Metals Creek Resources Corp.,TSXV,Mining,6751215.31,,,,,,,,,,,,,,,,,
DDD.V,DDD,Metavista3D Inc.,TSXV,Technology,116084088.6,,,,,,,,,,,,,,,,,
MEX.V,MEX,Mexican Gold Mining Corp.,TSXV,Mining,2523427.8,,,,,,,,,,,,,,,,,
MCCP.P.V,MCCP.P,Michichi Capital Corp.,TSXV,CPC,1050000.0,,,,,,,,,,,,,,,,,
MD.V,MD,Midland Exploration Inc.,TSXV,Mining,51039024.075,,,,,,,,,,,,,,,,,
MMA.V,MMA,Midnight Sun Mining Corp.,TSXV,Mining,238296926.81,,,,,,,,,,,,,,,,,
MIVO.V,MIVO,Miivo Holdings Corp.,TSXV,Technology,13258560.315,,,,,,,,,,,,,,,,,
MLP.V,MLP,Millennial Potash Corp.,TSXV,Mining,300638674.56,,,,,,,,,,,,,,,,,
MSC.V,MSC,Millennium Silver Corp.,TSXV,Mining,3322578.39,,,,,,,,,,,,,,,,,
MIM.V,MIM,MiMedia Holdings Inc.,TSXV,Technology,23816333.9,,,,,,,,,,,,,,,,,
MSP.V,MSP,Minaean SP Construction Corp.,TSXV,Industrial Products & Services,4255470.765,,,,,,,,,,,,,,,,,
MGG.V,MGG,Minaurum Gold Inc.,TSXV,Mining,135886815.77,,,,,,,,,,,,,,,,,
MMM.V,MMM,Minco Capital Corp.,TSXV,Mining,2593852.86,,,,,,,,,,,,,,,,,
MHUB.V,MHUB,Minehub Technologies Inc.,TSXV,Technology,85362044.52,,,,,,,,,,,,,,,,,
MAI.V,MAI,Minera Alamos Inc.,TSXV,Mining,216758174.045,,,,,,,,,,,,,,,,,
MHI.V,MHI,Mineral Hill Industries Ltd.,TSXV,Mining,2132480.7,,,,,,,,,,,,,,,,,
BLUE.V,BLUE,Mines D’or Orbec Inc.,TSXV,Mining,11723059.92,,,,,,,,,,,,,,,,,
MNLX.V,MNLX,MiniLuxe Holding Corp.,TSXV,Consumer Products & Services,24448841.6,,,,,,,,,,,,,,,,,
MINK.V,MINK,Mink Ventures Corporation,TSXV,Mining,3081466.56,,,,,,,,,,,,,,,,,
MCI.V,MCI,Minnova Corp.,TSXV,Mining,24706293.75,,,,,,,,,,,,,,,,,
MSR.V,MSR,Minsud Resources Corp.,TSXV,Mining,120164698.8,,,,,,,,,,,,,,,,,
MRZ.V,MRZ,Mirasol Resources Ltd.,TSXV,Mining,36014657.36,,,,,,,,,,,,,,,,,
MSG.V,MSG,Mithril Silver and Gold Limited,TSXV,Mining,84924110.88,,,,,,,,,,,,,,,,,
MKA.V,MKA,Mkango Resources Ltd.,TSXV,Mining,401351772.12,,,,,,,,,,,,,,,,,
MBO.V,MBO,Mobio Technologies Inc.,TSXV,Consumer Products & Services,8708459.68,,,,,,,,,,,,,,,,,
MOG.V,MOG,Mogotes Metals Inc.,TSXV,Mining,104625999.5,,,,,,,,,,,,,,,,,
EIRE.P.V,EIRE.P,Monaghan Capital Fund Ltd.,TSXV,CPC,184320.0,,,,,,,,,,,,,,,,,
MMN.V,MMN,Monarca Minerals Inc.,TSXV,Mining,1898319.09,,,,,,,,,,,,,,,,,
MONA.P.V,MONA.P,Monarch West Ventures Inc.,TSXV,CPC,1950000.0,,,,,,,,,,,,,,,,,
YAK.V,YAK,Mongolia Growth Group Ltd.,TSXV,Real Estate,31059612.78,,,,,,,,,,,,,,,,,
MON.V,MON,Montero Mining and Exploration Ltd.,TSXV,Mining,3341533.2,,,,,,,,,,,,,,,,,
MONT.V,MONT,Montfort Capital Corp.,TSXV,Financial Services,8162602.29,,,,,,,,,,,,,,,,,
MMY.V,MMY,Monument Mining Limited,TSXV,Mining,330980827.2,,,,,,,,,,,,,,,,,
MNRG.V,MNRG,Monumental Energy Corp.,TSXV,Mining,2808416.25,,,,,,,,,,,,,,,,,
MOO.V,MOO,Moon River Moly Ltd.,TSXV,Mining,31964428.8,,,,,,,,,,,,,,,,,
MOX.V,MOX,Morien Resources Corp.,TSXV,Mining,12307919.76,,,,,,,,,,,,,,,,,
MCC.V,MCC,Morocco Strategic Minerals Corporation,TSXV,Mining,12519702.585,,,,,,,,,,,,,,,,,
MTB.V,MTB,MTB Metals Corp.,TSXV,Mining,4222741.65,,,,,,,,,,,,,,,,,
MLY.V,MLY,Multi-Metal Development Ltd.,TSXV,Mining,10054387.6,,,,,,,,,,,,,,,,,
MUN.V,MUN,Mundoro Capital Inc.,TSXV,Mining,30610130.46,,,,,,,,,,,,,,,,,
MUR.V,MUR,Murchison Minerals Ltd.,TSXV,Mining,6855665.85,,,,,,,,,,,,,,,,,
MGRO.V,MGRO,MustGrow Biologics Corp.,TSXV,Life Sciences,34264873.53,,,,,,,,,,,,,,,,,
NMI.V,NMI,Namibia Critical Metals Inc.,TSXV,Mining,51050919.14,,,,,,,,,,,,,,,,,
CTZ.V,CTZ,Namsys Inc.,TSXV,Technology,37149230.16,,,,,,,,,,,,,,,,,
NSCI.V,NSCI,Nanalysis Scientific Corp.,TSXV,Life Sciences,19519973.75,,,,,,,,,,,,,,,,,
NRC.V,NRC,Nations Royalty Corp.,TSXV,Mining,134622742.41,,,,,,,,,,,,,,,,,
NAV.V,NAV,NAVCO Pharmaceuticals Inc.,TSXV,Life Sciences,285347.705,,,,,,,,,,,,,,,,,
NAQ.P.V,NAQ.P,Navigator Acquisition Corp.,TSXV,CPC,957258.3,,,,,,,,,,,,,,,,,
NVN.P.V,NVN.P,Navion Capital II Inc.,TSXV,CPC,161000.0,,,,,,,,,,,,,,,,,
NBM.V,NBM,NEO Battery Materials Ltd.,TSXV,Clean Technology & Renewable Energy,73941611.52,,,,,,,,,,,,,,,,,
NTX.V,NTX,Neoterrex Minerals Inc.,TSXV,Mining,29510822.32,,,,,,,,,,,,,,,,,
NDA.V,NDA,Neptune Digital Assets Corp.,TSXV,Technology,118018608.32,,,,,,,,,,,,,,,,,
NGEN.V,NGEN,Nervgen Pharma Corp.,TSXV,Life Sciences,255810599.64,,,,,,,,,,,,,,,,,
NTE.V,NTE,Network Media Group Inc.,TSXV,Comm. & Media,2182090.96,,,,,,,,,,,,,,,,,
NPTH.V,NPTH,NeuPath Health Inc.,TSXV,Life Sciences,20806732.44,,,,,,,,,,,,,,,,,
NTLX.V,NTLX,Neurothera Labs Inc.,TSXV,Life Sciences,14008500.0,,,,,,,,,,,,,,,,,
NKG.V,NKG,Nevada King Gold Corp.,TSXV,Mining,61493745.275,,,,,,,,,,,,,,,,,
NVLH.V,NVLH,Nevada Lithium Resources Inc.,TSXV,Mining,50583300.495,,,,,,,,,,,,,,,,,
NEV.V,NEV,Nevada Sunrise Metals Corporation,TSXV,Mining,4530275.04,,,,,,,,,,,,,,,,,
NAU.V,NAU,Nevgold Corp.,TSXV,Mining,79973635.7,,,,,,,,,,,,,,,,,
NAM.V,NAM,New Age Metals Inc.,TSXV,Mining,28673944.28,,,,,,,,,,,,,,,,,
NED.V,NED,New Destiny Mining Corp.,TSXV,Mining,791198.415,,,,,,,,,,,,,,,,,
ENRG.V,ENRG,New Energy Metals Corp.,TSXV,Mining,1126013.76,,,,,,,,,,,,,,,,,
NFG.V,NFG,New Found Gold Corp.,TSXV,Mining,709668805.04,,,,,,,,,,,,,,,,,
NEME.P.V,NEME.P,New Media Capital 2.0 Inc.,TSXV,CPC,234000.0,,,,,,,,,,,,,,,,,
NSE.V,NSE,New Stratus Energy Inc.,TSXV,Oil & Gas,57716090.81,,,,,,,,,,,,,,,,,
NTB.V,NTB,New Tymbal Resources Ltd.,TSXV,Mining,448549.575,,,,,,,,,,,,,,,,,
NZ.V,NZ,New Zealand Energy Corp.,TSXV,Oil & Gas,17266583.7,,,,,,,,,,,,,,,,,
NCAU.V,NCAU,Newcore Gold Ltd.,TSXV,Mining,174885753.84,,,,,,,,,,,,,,,,,
NWX.V,NWX,Newport Exploration Ltd.,TSXV,Mining,10557987.4,,,,,,,,,,,,,,,,,
NEWU.V,NEWU,Newtopia Inc.,TSXV,Life Sciences,866326.515,,,,,,,,,,,,,,,,,
NEXE.V,NEXE,Nexe Innovations Inc.,TSXV,Clean Technology & Renewable Energy,16053394.005,,,,,,,,,,,,,,,,,
NGY.V,NGY,Nexera Energy Inc.,TSXV,Oil & Gas,1698841.23,,,,,,,,,,,,,,,,,
NXG.V,NXG,NexgenRX Inc.,TSXV,Financial Services,27024510.16,,,,,,,,,,,,,,,,,
NEXG.V,NEXG,NeXGold Mining Corp.,TSXV,Mining,226407652.8,,,,,,,,,,,,,,,,,
NXLV.V,NXLV,NexLiving Communities Inc.,TSXV,Real Estate,80418177.36,,,,,,,,,,,,,,,,,
NEXM.V,NEXM,NexMetals Mining Corp.,TSXV,Mining,116503951.44,,,,,,,,,,,,,,,,,
NXO.V,NXO,NexOptic Technology Corp.,TSXV,Technology,1952176.75,,,,,,,,,,,,,,,,,
NXH.V,NXH,Next Hydrogen Solutions Inc.,TSXV,Clean Technology & Renewable Energy,12491625.6,,,,,,,,,,,,,,,,,
NXS.V,NXS,Nexus Gold Corp.,TSXV,Mining,542007.855,,,,,,,,,,,,,,,,,
GASX.V,GASX,NG Energy International Corp.,TSXV,Oil & Gas,258698090.0,,,,,,,,,,,,,,,,,
NICN.V,NICN,NiCan Limited,TSXV,Mining,5026450.59,,,,,,,,,,,,,,,,,
NKL.V,NKL,Nickel 28 Capital Corp.,TSXV,Mining,63408205.15,,,,,,,,,,,,,,,,,
NCP.V,NCP,Nickel Creek Platinum Corp.,TSXV,Mining,15554920.0,,,,,,,,,,,,,,,,,
NNX.V,NNX,Nickel North Exploration Corp.,TSXV,Mining,3163064.91,,,,,,,,,,,,,,,,,
NIM.V,NIM,Nicola Mining Inc.,TSXV,Mining,199002722.88,,,,,,,,,,,,,,,,,
NIO.V,NIO,Nio Strategic Metals Inc.,TSXV,Mining,12685687.125,,,,,,,,,,,,,,,,,
NBY.V,NBY,Niobay Metals Inc.,TSXV,Mining,28575954.87,,,,,,,,,,,,,,,,,
NLII.P.V,NLII.P,NL2 Capital Inc.,TSXV,CPC,94872.5,,,,,,,,,,,,,,,,,
NOAL.V,NOAL,NOA Lithium Brines Inc.,TSXV,Mining,69030675.3,,,,,,,,,,,,,,,,,
NBLC.V,NBLC,Nobel Resources Corp.,TSXV,Mining,4724195.265,,,,,,,,,,,,,,,,,
NOB.V,NOB,Noble Mineral Exploration Inc.,TSXV,Mining,13051467.22,,,,,,,,,,,,,,,,,
NOBL.V,NOBL,Noble Plains Uranium Corp.,TSXV,Mining,8967741.9,,,,,,,,,,,,,,,,,
NRM.V,NRM,Noram Lithium Corp.,TSXV,Mining,12523365.54,,,,,,,,,,,,,,,,,
NTH.V,NTH,Nord Precious Metals Mining Inc.,TSXV,Mining,16630620.01,,,,,,,,,,,,,,,,,
NVT.V,NVT,Nortec Minerals Corp.,TSXV,Mining,1783843.67,,,,,,,,,,,,,,,,,
NAR.V,NAR,North Arrow Minerals Inc.,TSXV,Mining,5573143.68,,,,,,,,,,,,,,,,,
NPR.V,NPR,North Peak Resources Ltd.,TSXV,Mining,39400871.38,,,,,,,,,,,,,,,,,
NSU.V,NSU,North Shore Uranium Ltd.,TSXV,Mining,17976931.44,,,,,,,,,,,,,,,,,
NGC.V,NGC,Northern Graphite Corporation,TSXV,Mining,32420704.58,,,,,,,,,,,,,,,,,
NL.V,NL,Northern Lion Gold Corp.,TSXV,Mining,2382205.0,,,,,,,,,,,,,,,,,
NRN.V,NRN,Northern Shield Resources Inc.,TSXV,Mining,5674454.55,,,,,,,,,,,,,,,,,
SUP.V,SUP,Northern Superior Resources Inc.,TSXV,Mining,318534797.92,,,,,,,,,,,,,,,,,
NFD.V,NFD,Northfield Capital Corporation,TSXV,Financial Services,119700718.2,,,,,,,,,,,,,,,,,
NCX.V,NCX,NorthIsle Copper and Gold Inc.,TSXV,Mining,548580153.52,,,,,,,,,,,,,,,,,
ROOF.V,ROOF,Northstar Clean Technologies Inc.,TSXV,Clean Technology & Renewable Energy,50546279.025,,,,,,,,,,,,,,,,,
BET.V,BET,Northstar Gaming Holdings Inc.,TSXV,Technology,6202941.51,,,,,,,,,,,,,,,,,
NWST.V,NWST,Northwest Copper Corp.,TSXV,Mining,85950577.68,,,,,,,,,,,,,,,,,
NLH.V,NLH,Nova Leap Health Corp.,TSXV,Life Sciences,23574848.04,,,,,,,,,,,,,,,,,
NVI.V,NVI,Novra Technologies Inc.,TSXV,Technology,2833623.44,,,,,,,,,,,,,,,,,
NOW.V,NOW,NowVertical Group Inc.,TSXV,Technology,27199868.475,,,,,,,,,,,,,,,,,
NCI.V,NCI,NTG Clarity Networks Inc.,TSXV,Technology,86166267.46,,,,,,,,,,,,,,,,,
NBVA.V,NBVA,Nubeva Technologies Ltd.,TSXV,Technology,16841707.92,,,,,,,,,,,,,,,,,
NGMD.V,NGMD,NuGen Medical Devices Inc.,TSXV,Life Sciences,9081427.28,,,,,,,,,,,,,,,,,
NUG.V,NUG,Nulegacy Gold Corporation,TSXV,Mining,1100136.86,,,,,,,,,,,,,,,,,
NRX.V,NRX,NurExone Biologic Inc.,TSXV,Life Sciences,57929517.1,,,,,,,,,,,,,,,,,
NMC.V,NMC,Nuvau Minerals Inc.,TSXV,Mining,35258993.79,,,,,,,,,,,,,,,,,
NVX.V,NVX,NV Gold Corporation,TSXV,Mining,3742191.18,,,,,,,,,,,,,,,,,
OAC.P.V,OAC.P,Oa Capital Corp.,TSXV,CPC,90200.0,,,,,,,,,,,,,,,,,
OCAP.P.V,OCAP.P,Ocean Shore Capital Corp.,TSXV,CPC,301400.0,,,,,,,,,,,,,,,,,
FEO.V,FEO,Oceanic Iron Ore Corp.,TSXV,Mining,110872004.34,,,,,,,,,,,,,,,,,
OVT.V,OVT,Oculus Inc.,TSXV,Technology,5485354.14,,,,,,,,,,,,,,,,,
OTC.V,OTC,Ocumetics Technology Corp.,TSXV,Life Sciences,145875093.56,,,,,,,,,,,,,,,,,
ODD.V,ODD,Odd Burger Corporation,TSXV,Consumer Products & Services,9351326.615,,,,,,,,,,,,,,,,,
OC.V,OC,Olive Resource Capital Inc.,TSXV,Financial Services,7642229.63,,,,,,,,,,,,,,,,,
OLV.V,OLV,Olivut Resources Ltd.,TSXV,Mining,3296124.44,,,,,,,,,,,,,,,,,
OMG.V,OMG,OMAI Gold Mines Corp.,TSXV,Mining,746439881.78,,,,,,,,,,,,,,,,,
OMM.V,OMM,Omineca Mining and Metals Ltd.,TSXV,Mining,14399237.49,,,,,,,,,,,,,,,,,
OML.V,OML,Omni-Lite Industries Canada Inc.,TSXV,Industrial Products & Services,27859615.2,,,,,,,,,,,,,,,,,
ONAU.V,ONAU,OnGold Resources Ltd.,TSXV,Mining,64824666.72,,,,,,,,,,,,,,,,,
ONYX.V,ONYX,Onyx Gold Corp.,TSXV,Mining,101331093.01,,,,,,,,,,,,,,,,,
OPW.V,OPW,Opawica Explorations Inc.,TSXV,Mining,3933876.7,,,,,,,,,,,,,,,,,
OPEN.P.V,OPEN.P,OpenSesame Acquisition Corp.,TSXV,CPC,27500.0,,,,,,,,,,,,,,,,,
OPHR.V,OPHR,Ophir Metals Corp.,TSXV,Mining,2966584.83,,,,,,,,,,,,,,,,,
OPTG.V,OPTG,Optegra Ventures Inc.,TSXV,Mining,264536.4,,,,,,,,,,,,,,,,,
OOR.V,OOR,Opus One Gold Corporation,TSXV,Mining,16384142.32,,,,,,,,,,,,,,,,,
ORCL.V,ORCL,Oracle Commodity Holding Corp.,TSXV,Mining,6234812.4,,,,,,,,,,,,,,,,,
ORC.V,ORC,Orca Energy Group Inc.,TSXV,Oil & Gas,66509927.3,,,,,,,,,,,,,,,,,
OCI.V,OCI,Orecap Invest Corp.,TSXV,Financial Services,21055715.33,,,,,,,,,,,,,,,,,
ORS.V,ORS,Orestone Mining Corp.,TSXV,Mining,6714452.855,,,,,,,,,,,,,,,,,
REX.V,REX,Orex Minerals Inc.,TSXV,Mining,6519704.04,,,,,,,,,,,,,,,,,
OGO.V,OGO,Organto Foods Inc.,TSXV,Consumer Products & Services,80987735.66,,,,,,,,,,,,,,,,,
OCO.V,OCO,Oroco Resource Corp.,TSXV,Mining,90184131.84,,,,,,,,,,,,,,,,,
OGN.V,OGN,Orogen Royalties Inc.,TSXV,Mining,127623851.65,,,,,,,,,,,,,,,,,
OMI.V,OMI,Orosur Mining Inc.,TSXV,Mining,154825672.0,,,,,,,,,,,,,,,,,
ODV.V,ODV,Osisko Development Corp.,TSXV,Mining,1049576049.3,,,,,,,,,,,,,,,,,
COO.V,COO,Ostrom Climate Solutions Inc.,TSXV,Clean Technology & Renewable Energy,5134100.085,,,,,,,,,,,,,,,,,
OCG.V,OCG,Outcrop Silver & Gold Corporation,TSXV,Mining,143592591.79,,,,,,,,,,,,,,,,,
OAM.V,OAM,Overactive Media Corp.,TSXV,Consumer Products & Services,33507035.66,,,,,,,,,,,,,,,,,
PGLD.V,PGLD,P2 Gold Inc.,TSXV,Mining,79638017.75,,,,,,,,,,,,,,,,,
PBM.V,PBM,Pacific Bay Minerals Ltd.,TSXV,Mining,3007155.5,,,,,,,,,,,,,,,,,
BKM.V,BKM,Pacific Booker Minerals Inc.,TSXV,Mining,15303441.79,,,,,,,,,,,,,,,,,
PEMC.V,PEMC,Pacific Empire Minerals Corp.,TSXV,Mining,12730117.725,,,,,,,,,,,,,,,,,
PPM.V,PPM,Pacific Imperial Mines Inc.,TSXV,Mining,827603.74,,,,,,,,,,,,,,,,,
PEX.V,PEX,Pacific Ridge Exploration Ltd.,TSXV,Mining,14479139.85,,,,,,,,,,,,,,,,,
PA.V,PA,Palamina Corp.,TSXV,Mining,9312528.68,,,,,,,,,,,,,,,,,
PALI.V,PALI,Palisades Goldcorp Ltd.,TSXV,Financial Services,103792893.96,,,,,,,,,,,,,,,,,
PNN.V,PNN,Pambili Natural Resources Corporation,TSXV,Mining,2429210.44,,,,,,,,,,,,,,,,,
PGZ.V,PGZ,Pan Global Resources Inc.,TSXV,Mining,45635824.2,,,,,,,,,,,,,,,,,
PANO.P.V,PANO.P,Panorama Capital Corp.,TSXV,CPC,561384.25,,,,,,,,,,,,,,,,,
PML.V,PML,Panoro Minerals Ltd.,TSXV,Mining,106230023.2,,,,,,,,,,,,,,,,,
PNTR.V,PNTR,Pantera Silver Corp.,TSXV,Mining,29337684.64,,,,,,,,,,,,,,,,,
PDQ.V,PDQ,Paradigm Gold Corporation,TSXV,Mining,1127538.5,,,,,,,,,,,,,,,,,
PDVN.P.V,PDVN.P,Pardus Ventures Inc.,TSXV,CPC,60000.0,,,,,,,,,,,,,,,,,
PKT.V,PKT,Parkit Enterprise Inc.,TSXV,Real Estate,120806310.24,,,,,,,,,,,,,,,,,
PVF.V,PVF,Partners Value Investments LP,TSXV,Financial Services,14661698455.6,,,,,,,,,,,,,,,,,
PVIS.V,PVIS,Parvis Invest Inc.,TSXV,Technology,3881901.72,,,,,,,,,,,,,,,,,
VEIN.V,VEIN,Pasofino Gold Limited,TSXV,Mining,67328335.88,,,,,,,,,,,,,,,,,
PGDC.V,PGDC,Patagonia Gold Corp.,TSXV,Mining,76733495.85,,,,,,,,,,,,,,,,,
RV.V,RV,Pathfinder Ventures Inc.,TSXV,Consumer Products & Services,1592342.535,,,,,,,,,,,,,,,,,
PAT.V,PAT,Patterson Metals Corp.,TSXV,Mining,3377596.75,,,,,,,,,,,,,,,,,
PCAA.P.V,PCAA.P,PC 1 Corp.,TSXV,CPC,310500.0,,,,,,,,,,,,,,,,,
PRH.V,PRH,Pearl River Holdings Limited,TSXV,Industrial Products & Services,3004091.97,,,,,,,,,,,,,,,,,
PCU.V,PCU,Pecoy Copper Corp.,TSXV,Mining,194490578.88,,,,,,,,,,,,,,,,,
PEGA.V,PEGA,Pegasus Resources Inc.,TSXV,Mining,2991875.1,,,,,,,,,,,,,,,,,
PX.V,PX,Pelangio Exploration Inc.,TSXV,Mining,42488105.66,,,,,,,,,,,,,,,,,
PEM.P.V,PEM.P,Penbar Capital Ltd.,TSXV,CPC,80000.0,,,,,,,,,,,,,,,,,
PTF.V,PTF,Pender Growth Fund Inc.,TSXV,Financial Services,103417204.5,,,,,,,,,,,,,,,,,
PCP.P.V,PCP.P,Pender Street Capital Corp.,TSXV,CPC,780000.13,,,,,,,,,,,,,,,,,
PNTI.P.V,PNTI.P,Pentagon I Capital Corp.,TSXV,CPC,174000.0,,,,,,,,,,,,,,,,,
PINK.V,PINK,Perimeter Medical Imaging AI Inc.,TSXV,Life Sciences,27284011.195,,,,,,,,,,,,,,,,,
PMI.V,PMI,Perseverance Metals Inc.,TSXV,Mining,17238165.0,,,,,,,,,,,,,,,,,
PER.V,PER,Peruvian Metals Corp.,TSXV,Mining,4416013.245,,,,,,,,,,,,,,,,,
PESO.V,PESO,PesoRama Inc.,TSXV,Consumer Products & Services,36714614.3,,,,,,,,,,,,,,,,,
PFC.V,PFC,PetroFrontier Corp.,TSXV,Oil & Gas,4673702.24,,,,,,,,,,,,,,,,,
PCQ.V,PCQ,Petrolympic Ltd.,TSXV,Oil & Gas,17736240.875,,,,,,,,,,,,,,,,,
VRY.V,VRY,Petro-Victory Energy Corp.,TSXV,Oil & Gas,10279940.82,,,,,,,,,,,,,,,,,
PTC.V,PTC,Petrox Resources Corp.,TSXV,Oil & Gas,275661.29,,,,,,,,,,,,,,,,,
PCLO.V,PCLO,PharmaCielo Ltd.,TSXV,Life Sciences,6574008.0,,,,,,,,,,,,,,,,,
PCRX.V,PCRX,PharmaCorp Rx Inc.,TSXV,Life Sciences,57228796.32,,,,,,,,,,,,,,,,,
PHNM.V,PHNM,Phenom Resources Corp.,TSXV,Mining,35281699.2,,,,,,,,,,,,,,,,,
PINE.V,PINE,Pine Trail Real Estate Investment Trust,TSXV,Real Estate,1594919.565,,,,,,,,,,,,,,,,,
PINN.V,PINN,Pinnacle Silver and Gold Corp.,TSXV,Mining,11046310.345,,,,,,,,,,,,,,,,,
PTE.V,PTE,Pioneering Technology Corp.,TSXV,Clean Technology & Renewable Energy,840626.19,,,,,,,,,,,,,,,,,
PVT.V,PVT,Pivotree Inc.,TSXV,Technology,43831599.48,,,,,,,,,,,,,,,,,
PJX.V,PJX,PJX Resources Inc.,TSXV,Mining,15888076.07,,,,,,,,,,,,,,,,,
XOX.P.V,XOX.P,Planet X Capital Corp.,TSXV,CPC,861000.0,,,,,,,,,,,,,,,,,
PLXX.P.V,PLXX.P,Planet X II Capital Corp.,TSXV,CPC,861000.0,,,,,,,,,,,,,,,,,
PTFY.V,PTFY,Plantify Foods Inc.,TSXV,Consumer Products & Services,4576195.6,,,,,,,,,,,,,,,,,
PLA.V,PLA,Plata Latina Minerals Corporation,TSXV,Mining,15016587.49,,,,,,,,,,,,,,,,,
PGC.V,PGC,Plato Gold Corp.,TSXV,Mining,8073300.095,,,,,,,,,,,,,,,,,
PLY.V,PLY,Playfair Mining Ltd.,TSXV,Mining,4947150.6,,,,,,,,,,,,,,,,,
DEAL.V,DEAL,Playgon Games Inc.,TSXV,Technology,7078626.48,,,,,,,,,,,,,,,,,
PLUR.V,PLUR,Plurilock Security Inc.,TSXV,Technology,18500814.215,,,,,,,,,,,,,,,,,
POC.P.V,POC.P,POCML 7 Inc.,TSXV,CPC,3491656.875,,,,,,,,,,,,,,,,,
POND.V,POND,Pond Technologies Holdings Inc.,TSXV,Clean Technology & Renewable Energy,855922.25,,,,,,,,,,,,,,,,,
POOL.V,POOL,Pool Safe Inc.,TSXV,Consumer Products & Services,4112617.5,,,,,,,,,,,,,,,,,
POR.V,POR,Portofino Resources Inc.,TSXV,Mining,1754438.99,,,,,,,,,,,,,,,,,
PGP.V,PGP,Power Group Projects Corp.,TSXV,Mining,339121.14,,,,,,,,,,,,,,,,,
PNPN.V,PNPN,Power Metallic Mines Inc.,TSXV,Mining,282877515.52,,,,,,,,,,,,,,,,,
PWM.V,PWM,Power Metals Corp.,TSXV,Mining,144694966.05,,,,,,,,,,,,,,,,,
PWRO.V,PWRO,Power One Resources Corp.,TSXV,Mining,830464.8,,,,,,,,,,,,,,,,,
PPX.V,PPX,PPX Mining Corp.,TSXV,Mining,219631178.97,,,,,,,,,,,,,,,,,
PRG.V,PRG,Precipitate Gold Corp.,TSXV,Mining,19555021.2,,,,,,,,,,,,,,,,,
PUR.V,PUR,Premier American Uranium Inc.,TSXV,Mining,57285353.05,,,,,,,,,,,,,,,,,
PHA.V,PHA,Premier Health of America Inc.,TSXV,Life Sciences,1665424.53,,,,,,,,,,,,,,,,,
HDRO.V,HDRO,Primary Hydrogen Corp.,TSXV,Mining,8516621.925,,,,,,,,,,,,,,,,,
PTEC.V,PTEC,Principal Technologies Inc.,TSXV,Technology,13563201.96,,,,,,,,,,,,,,,,,
PMX.V,PMX,ProAm Explorations Corporation,TSXV,Mining,926087.88,,,,,,,,,,,,,,,,,
PLAN.V,PLAN,Progressive Planet Solutions Inc.,TSXV,Clean Technology & Renewable Energy,32379773.185,,,,,,,,,,,,,,,,,
PPP.V,PPP,Prospector Metals Corp.,TSXV,Mining,99150752.16,,,,,,,,,,,,,,,,,
PGX.V,PGX,Prosper Gold Corp.,TSXV,Mining,2790332.325,,,,,,,,,,,,,,,,,
PEI.V,PEI,Prospera Energy Inc.,TSXV,Oil & Gas,25389402.225,,,,,,,,,,,,,,,,,
MAPS.V,MAPS,ProStar Holdings Inc.,TSXV,Technology,18572856.5,,,,,,,,,,,,,,,,,
PHD.V,PHD,Providence Gold Mines Inc.,TSXV,Mining,2864066.94,,,,,,,,,,,,,,,,,
PTX.V,PTX,PTX Metals Inc.,TSXV,Mining,11877299.5,,,,,,,,,,,,,,,,,
PLSR.V,PLSR,Pulsar Helium Inc.,TSXV,Oil & Gas,122252882.04,,,,,,,,,,,,,,,,,
PUL.V,PUL,Pulse Oil Corp.,TSXV,Oil & Gas,9351984.84,,,,,,,,,,,,,,,,,
PUMA.V,PUMA,Puma Exploration Inc.,TSXV,Mining,30543343.93,,,,,,,,,,,,,,,,,
PE.V,PE,Pure Energy Minerals Limited,TSXV,Mining,8322155.835,,,,,,,,,,,,,,,,,
BRED.V,BRED,Purebread Brands Inc.,TSXV,Consumer Products & Services,1346313.15,,,,,,,,,,,,,,,,,
PTU.V,PTU,Purepoint Uranium Group Inc.,TSXV,Mining,53401326.84,,,,,,,,,,,,,,,,,
PWH.V,PWH,Purewave Hydrogen Corp.,TSXV,Mining,1605285.0,,,,,,,,,,,,,,,,,
QTWO.V,QTWO,Q2 Metals Corp.,TSXV,Mining,194051505.48,,,,,,,,,,,,,,,,,
QCX.V,QCX,QCX Gold Corp.,TSXV,Mining,5517641.125,,,,,,,,,,,,,,,,,
QGR.V,QGR,Q-Gold Resources Ltd.,TSXV,Mining,12543947.8,,,,,,,,,,,,,,,,,
QMC.V,QMC,QMC Quantum Minerals Corp.,TSXV,Mining,10408082.4,,,,,,,,,,,,,,,,,
QRO.V,QRO,Quadro Resources Ltd.,TSXV,Mining,1710694.56,,,,,,,,,,,,,,,,,
LEAP.V,LEAP,Quantum Critical Metals Corp.,TSXV,Mining,14387745.0,,,,,,,,,,,,,,,,,
QNC.V,QNC,Quantum eMotion Corp.,TSXV,Technology,1008524309.1,,,,,,,,,,,,,,,,,
QZM.V,QZM,Quartz Mountain Resources Ltd.,TSXV,Mining,40617736.98,,,,,,,,,,,,,,,,,
QPT.V,QPT,Quest Pharmatech Inc.,TSXV,Life Sciences,6765169.88,,,,,,,,,,,,,,,,,
QST.V,QST,Questor Technology Inc.,TSXV,Clean Technology & Renewable Energy,13693245.885,,,,,,,,,,,,,,,,,
SICO.V,SICO,Quetzal Copper Corp.,TSXV,Mining,115135415.45,,,,,,,,,,,,,,,,,
QIS.V,QIS,Quorum Information Technologies Inc.,TSXV,Technology,58179325.64,,,,,,,,,,,,,,,,,
QURI.V,QURI,Quri-Mayu Developments Ltd.,TSXV,Mining,5440634.225,,,,,,,,,,,,,,,,,
QYOU.V,QYOU,QYOU Media Inc.,TSXV,Comm. & Media,24913781.0,,,,,,,,,,,,,,,,,
RRR.V,RRR,R&R Real Estate Investment Trust,TSXV,Real Estate,4065414.22,,,,,,,,,,,,,,,,,
RAK.V,RAK,Rackla Metals Inc.,TSXV,Mining,27701490.82,,,,,,,,,,,,,,,,,
RDS.V,RDS,Radisson Mining Resources Inc.,TSXV,Mining,303032424.72,,,,,,,,,,,,,,,,,
RDU.V,RDU,Radius Gold Inc.,TSXV,Mining,15667595.02,,,,,,,,,,,,,,,,,
RRCC.P.V,RRCC.P,Raging Rhino Capital Corp.,TSXV,CPC,339510.0,,,,,,,,,,,,,,,,,
RLT.P.V,RLT.P,Railtown Capital Corp.,TSXV,CPC,13650000.0,,,,,,,,,,,,,,,,,
RMO.V,RMO,Rainy Mountain Royalty Corp.,TSXV,Mining,7020048.06,,,,,,,,,,,,,,,,,
RKV.V,RKV,Rakovina Therapeutics Inc.,TSXV,Life Sciences,4018127.41,,,,,,,,,,,,,,,,,
RAMP.V,RAMP,Ramp Metals Inc.,TSXV,Mining,13240206.815,,,,,,,,,,,,,,,,,
RNCH.V,RNCH,Ranchero Gold Corp.,TSXV,Mining,3884594.34,,,,,,,,,,,,,,,,,
RTH.V,RTH,Rathdowney Resources Ltd.,TSXV,Mining,5760686.25,,,,,,,,,,,,,,,,,
RE.V,RE,RE Royalties Ltd.,TSXV,Clean Technology & Renewable Energy,12579273.16,,,,,,,,,,,,,,,,,
XBOT.V,XBOT,Realbotix Corp.,TSXV,Technology,87084975.945,,,,,,,,,,,,,,,,,
RGI.V,RGI,Reco International Group Inc.,TSXV,Industrial Products & Services,744534.525,,,,,,,,,,,,,,,,,
RECO.V,RECO,Reconnaissance Energy Africa Ltd.,TSXV,Oil & Gas,163942775.82,,,,,,,,,,,,,,,,,
REC.V,REC,Record Resources Inc.,TSXV,Mining,6853791.24,,,,,,,,,,,,,,,,,
AMY.V,AMY,Recyclico Battery Materials Inc.,TSXV,Clean Technology & Renewable Energy,50503854.765,,,,,,,,,,,,,,,,,
RPX.V,RPX,Red Pine Exploration Inc.,TSXV,Mining,63163923.98,,,,,,,,,,,,,,,,,
RFX.V,RFX,Reeflex Solutions Inc.,TSXV,Industrial Products & Services,8120262.5,,,,,,,,,,,,,,,,,
REE.V,REE,ReeXploration Inc.,TSXV,Mining,20102111.52,,,,,,,,,,,,,,,,,
GIII.V,GIII,ReGen III Corp.,TSXV,Clean Technology & Renewable Energy,26906965.0,,,,,,,,,,,,,,,,,
RSMX.V,RSMX,Regency Silver Corp.,TSXV,Mining,19697387.5,,,,,,,,,,,,,,,,,
RPP.V,RPP,Regent Pacific Properties Inc.,TSXV,Real Estate,2602535.0,,,,,,,,,,,,,,,,,
REG.V,REG,Regulus Resources Inc.,TSXV,Mining,395241194.25,,,,,,,,,,,,,,,,,
RET.V,RET,Reitmans (Canada) Limited,TSXV,Consumer Products & Services,103925476.2,,,,,,,,,,,,,,,,,
MYID.V,MYID,Reklaim Ltd.,TSXV,Technology,12970247.6,,,,,,,,,,,,,,,,,
REKO.V,REKO,Reko International Group Inc.,TSXV,Industrial Products & Services,21949652.0,,,,,,,,,,,,,,,,,
RGC.V,RGC,Relevant Gold Corp.,TSXV,Mining,51135153.23,,,,,,,,,,,,,,,,,
RAGE.V,RAGE,Renegade Gold Inc.,TSXV,Mining,7025376.515,,,,,,,,,,,,,,,,,
RW.V,RW,RenoWorks Software Inc.,TSXV,Technology,27756218.24,,,,,,,,,,,,,,,,,
RSS.V,RSS,RESAAS Services Inc.,TSXV,Technology,26812395.67,,,,,,,,,,,,,,,,,
RSM.V,RSM,Resouro Strategic Metals Inc.,TSXV,Mining,23610462.495,,,,,,,,,,,,,,,,,
REVX.V,REVX,Rev Exploration Corp.,TSXV,Mining,20208723.92,,,,,,,,,,,,,,,,,
RVG.V,RVG,Revival Gold Inc.,TSXV,Mining,177051474.6,,,,,,,,,,,,,,,,,
REVO.V,REVO,RevoluGROUP Canada Inc.,TSXV,Technology,4505858.12,,,,,,,,,,,,,,,,,
REVV.V,REVV,ReVolve Renewable Power Corp.,TSXV,Clean Technology & Renewable Energy,13567223.2,,,,,,,,,,,,,,,,,
OWN.V,OWN,Rex Resources Corp.,TSXV,Mining,653847.6,,,,,,,,,,,,,,,,,
RYE.V,RYE,Rhyolite Resources Ltd.,TSXV,Mining,15005935.42,,,,,,,,,,,,,,,,,
RMD.V,RMD,Richmond Minerals Inc.,TSXV,Mining,1629602.415,,,,,,,,,,,,,,,,,
RDG.V,RDG,Ridgeline Minerals Corp.,TSXV,Mining,48300000.0,,,,,,,,,,,,,,,,,
RMI.V,RMI,Ridgestone Mining Inc.,TSXV,Mining,1912654.5,,,,,,,,,,,,,,,,,
LITT.V,LITT,Right Season Investments Corp.,TSXV,Financial Services,7254270.66,,,,,,,,,,,,,,,,,
RLYG.V,RLYG,Riley Gold Corp.,TSXV,Mining,7803832.8,,,,,,,,,,,,,,,,,
RYO.V,RYO,Rio Silver Inc.,TSXV,Mining,5259637.32,,,,,,,,,,,,,,,,,
RVLY.V,RVLY,Rivalry Corp.,TSXV,Technology,3054413.145,,,,,,,,,,,,,,,,,
RRRL.V,RRRL,River Road Resources Ltd.,TSXV,Mining,2641166.82,,,,,,,,,,,,,,,,,
RRI.V,RRI,Riverside Resources Inc.,TSXV,Mining,14956692.8,,,,,,,,,,,,,,,,,
RAC.P.V,RAC.P,Riverwalk Acquisition Corp.,TSXV,CPC,238000.035,,,,,,,,,,,,,,,,,
RIWI.V,RIWI,RIWI Corp.,TSXV,Technology,10674568.24,,,,,,,,,,,,,,,,,
RJX.V,RJX,RJK Explorations Ltd.,TSXV,Mining,2842229.46,,,,,,,,,,,,,,,,,
RBX.V,RBX,Robex Resources Inc.,TSXV,Mining,1190799959.6,,,,,,,,,,,,,,,,,
RCT.V,RCT,Rochester Resources Ltd.,TSXV,Mining,1650044.375,,,,,,,,,,,,,,,,,
RCK.V,RCK,Rock Tech Lithium Inc.,TSXV,Mining,98900000.0,,,,,,,,,,,,,,,,,
RK.V,RK,Rockhaven Resources Ltd.,TSXV,Mining,32208345.07,,,,,,,,,,,,,,,,,
RSC.P.V,RSC.P,Rockmount Capital Corporation,TSXV,CPC,198000.0,,,,,,,,,,,,,,,,,
R.P.V,R.P,Rockport Capital Corp.,TSXV,CPC,747000.0,,,,,,,,,,,,,,,,,
RUM.V,RUM,Rocky Mountain Liquor Inc.,TSXV,Consumer Products & Services,4304499.75,,,,,,,,,,,,,,,,,
ROK.V,ROK,ROK Resources Inc.,TSXV,Oil & Gas,49184620.875,,,,,,,,,,,,,,,,,
RKR.V,RKR,Rokmaster Resources Corp.,TSXV,Mining,5758214.34,,,,,,,,,,,,,,,,,
RME.V,RME,Roland Minerals Enterprises Corp.,TSXV,Mining,47676561.03,,,,,,,,,,,,,,,,,
RG.V,RG,Romios Gold Resources Inc.,TSXV,Mining,11440098.915,,,,,,,,,,,,,,,,,
RVC.P.V,RVC.P,Ronin Ventures Corp.,TSXV,CPC,270000.0,,,,,,,,,,,,,,,,,
ROS.V,ROS,Roscan Gold Corporation,TSXV,Mining,43851470.5,,,,,,,,,,,,,,,,,
ROSH.P.V,ROSH.P,Roshni Capital Inc.,TSXV,CPC,990000.0,,,,,,,,,,,,,,,,,
RTE.V,RTE,Route 109 Resources Inc.,TSXV,Mining,2346384.46,,,,,,,,,,,,,,,,,
ROI.V,ROI,Route1 Inc.,TSXV,Technology,3399772.48,,,,,,,,,,,,,,,,,
RYR.V,RYR,Royal Road Minerals Limited,TSXV,Mining,53139160.2,,,,,,,,,,,,,,,,,
RTM.V,RTM,RT Minerals Corp.,TSXV,Mining,687790.5,,,,,,,,,,,,,,,,,
RUA.V,RUA,Rua Gold Inc.,TSXV,Mining,82443070.36,,,,,,,,,,,,,,,,,
ROMJ.V,ROMJ,Rubicon Organics Inc.,TSXV,Life Sciences,31236733.515,,,,,,,,,,,,,,,,,
RMB.V,RMB,Rumbu Holdings Ltd.,TSXV,Consumer Products & Services,17000725.0,,,,,,,,,,,,,,,,,
RUCC.P.V,RUCC.P,Rupert's Crossing Capital Inc.,TSXV,CPC,725000.0,,,,,,,,,,,,,,,,,
RML.V,RML,Rusoro Mining Ltd.,TSXV,Mining,745831813.37,,,,,,,,,,,,,,,,,
SABA.V,SABA,Saba Energy Ltd.,TSXV,Oil & Gas,2787746.36,,,,,,,,,,,,,,,,,
SBIO.V,SBIO,Sabio Holdings Inc.,TSXV,Technology,23965133.15,,,,,,,,,,,,,,,,,
SAE.V,SAE,Sable Resources Ltd.,TSXV,Mining,12791929.24,,,,,,,,,,,,,,,,,
SAGA.V,SAGA,Saga Metals Corp.,TSXV,Mining,26693996.325,,,,,,,,,,,,,,,,,
SAGE.V,SAGE,Sage Potash Corp.,TSXV,Mining,37141171.55,,,,,,,,,,,,,,,,,
FISH.V,FISH,Sailfish Royalty Corp.,TSXV,Mining,206565469.11,,,,,,,,,,,,,,,,,
SRL.V,SRL,Salazar Resources Limited,TSXV,Mining,38573184.37,,,,,,,,,,,,,,,,,
SME.V,SME,Sama Resources Inc.,TSXV,Mining,13204106.4,,,,,,,,,,,,,,,,,
SSS.P.V,SSS.P,Samurai Capital Corp.,TSXV,CPC,407000.0,,,,,,,,,,,,,,,,,
SLG.V,SLG,San Lorenzo Gold Corp.,TSXV,Mining,68180267.15,,,,,,,,,,,,,,,,,
SFR.V,SFR,Sandfire Resources America Inc.,TSXV,Mining,296772310.26,,,,,,,,,,,,,,,,,
SBEL.P.V,SBEL.P,Sanibel Ventures Corp.,TSXV,CPC,747400.0,,,,,,,,,,,,,,,,,
SCZ.V,SCZ,Santacruz Silver Mining Ltd.,TSXV,Mining,727115133.11,,,,,,,,,,,,,,,,,
SWA.V,SWA,Sarama Resources Ltd.,TSXV,Mining,18389487.52,,,,,,,,,,,,,,,,,
SATO.V,SATO,Sato Technologies Corp.,TSXV,Clean Technology & Renewable Energy,12090833.7,,,,,,,,,,,,,,,,,
SAC.P.V,SAC.P,Savanna Capital Corp.,TSXV,CPC,23075.0,,,,,,,,,,,,,,,,,
SAWC.P.V,SAWC.P,Sayward Capital Corp.,TSXV,CPC,200000.0,,,,,,,,,,,,,,,,,
SCD.V,SCD,Scandium Canada Ltd.,TSXV,Mining,28713379.12,,,,,,,,,,,,,,,,,
SCY.V,SCY,Scandium International Mining Corp.,TSXV,Mining,49820513.82,,,,,,,,,,,,,,,,,
SGN.V,SGN,Scorpio Gold Corporation,TSXV,Mining,86986056.63,,,,,,,,,,,,,,,,,
SCOT.V,SCOT,Scottie Resources Corp.,TSXV,Mining,107209825.0,,,,,,,,,,,,,,,,,
SMY.V,SMY,Search Minerals Inc.,TSXV,Mining,24781407.74,,,,,,,,,,,,,,,,,
SLX.P.V,SLX.P,Searchlight Innovations Inc.,TSXV,CPC,714000.0,,,,,,,,,,,,,,,,,
SCLT.V,SCLT,Searchlight Resources Inc.,TSXV,Mining,2344738.16,,,,,,,,,,,,,,,,,
ID.V,ID,Secure Blockchain Development Corp.,TSXV,Technology,1422849.33,,,,,,,,,,,,,,,,,
SEGN.V,SEGN,Seegnal Inc.,TSXV,Life Sciences,15861660.85,,,,,,,,,,,,,,,,,
SGZ.V,SGZ,Sego Resources Inc.,TSXV,Mining,4324844.4,,,,,,,,,,,,,,,,,
SEND.V,SEND,Sendero Resources Corp.,TSXV,Mining,22430996.07,,,,,,,,,,,,,,,,,
SEVN.P.V,SEVN.P,Seven Oaks Capital Corp.,TSXV,CPC,58000.0,,,,,,,,,,,,,,,,,
SNM.V,SNM,ShaMaran Petroleum Corp.,TSXV,Oil & Gas,704485066.005,,,,,,,,,,,,,,,,,
SHRX.V,SHRX,Sharp Therapeutics Corp.,TSXV,Life Sciences,102630769.74,,,,,,,,,,,,,,,,,
SHLL.P.V,SHLL.P,Shellron Capital Ltd.,TSXV,CPC,1067375.0,,,,,,,,,,,,,,,,,
SHRP.V,SHRP,Sherpa II Holdings Corp.,TSXV,Mining,3607995.0,,,,,,,,,,,,,,,,,
RENT.P.V,RENT.P,Shine Box Capital Corp.,TSXV,CPC,210000.0,,,,,,,,,,,,,,,,,
SSSS.P.V,SSSS.P,Shooting Star Acquisition Corp.,TSXV,CPC,158900.0,,,,,,,,,,,,,,,,,
SIEN.V,SIEN,Sienna Resources Inc.,TSXV,Mining,3800774.46,,,,,,,,,,,,,,,,,
SM.V,SM,Sierra Madre Gold and Silver Ltd.,TSXV,Mining,234029029.02,,,,,,,,,,,,,,,,,
SGML.V,SGML,Sigma Lithium Corporation,TSXV,Mining,1006911170.16,,,,,,,,,,,,,,,,,
SGU.V,SGU,Signature Resources Ltd.,TSXV,Mining,12473850.41,,,,,,,,,,,,,,,,,
SBMI.V,SBMI,Silver Bullet Mines Corp.,TSXV,Mining,41047393.73,,,,,,,,,,,,,,,,,
SVG.V,SVG,Silver Grail Resources Ltd.,TSXV,Mining,6770005.07,,,,,,,,,,,,,,,,,
AGMR.V,AGMR,Silver Mountain Resources Inc.,TSXV,Mining,120882119.08,,,,,,,,,,,,,,,,,
SNAG.V,SNAG,Silver North Resources Ltd.,TSXV,Mining,18704857.75,,,,,,,,,,,,,,,,,
SVE.V,SVE,Silver One Resources Inc.,TSXV,Mining,101720878.7,,,,,,,,,,,,,,,,,
SPD.V,SPD,Silver Predator Corp.,TSXV,Mining,3892981.95,,,,,,,,,,,,,,,,,
SNG.V,SNG,Silver Range Resources Ltd.,TSXV,Mining,12265860.5,,,,,,,,,,,,,,,,,
SSE.V,SSE,Silver Spruce Resources Inc.,TSXV,Mining,3241528.32,,,,,,,,,,,,,,,,,
SVRS.V,SVRS,Silver Storm Mining Ltd.,TSXV,Mining,188507631.315,,,,,,,,,,,,,,,,,
SLVR.V,SLVR,Silver Tiger Metals Inc.,TSXV,Mining,324858404.88,,,,,,,,,,,,,,,,,
SILV.V,SILV,Silver Valley Metals Corp.,TSXV,Mining,2314892.64,,,,,,,,,,,,,,,,,
VIPR.V,VIPR,Silver Viper Minerals Corp.,TSXV,Mining,63557087.22,,,,,,,,,,,,,,,,,
SWLF.V,SWLF,Silver Wolf Exploration Ltd.,TSXV,Mining,5751327.625,,,,,,,,,,,,,,,,,
AGX.V,AGX,Silver X Mining Corp.,TSXV,Mining,112327795.305,,,,,,,,,,,,,,,,,
AGA.V,AGA,Silver47 Exploration Corp.,TSXV,Mining,122489881.6,,,,,,,,,,,,,,,,,
HASH.V,HASH,Simply Solventless Concentrates Ltd.,TSXV,Consumer Products & Services,26565643.77,,,,,,,,,,,,,,,,,
SEI.V,SEI,Sintana Energy Inc.,TSXV,Oil & Gas,212167505.76,,,,,,,,,,,,,,,,,
SOI.V,SOI,Sirios Resources Inc.,TSXV,Mining,27018209.82,,,,,,,,,,,,,,,,,
SIG.V,SIG,Sitka Gold Corp.,TSXV,Mining,394177395.02,,,,,,,,,,,,,,,,,
SKRR.V,SKRR,SKRR Exploration Inc.,TSXV,Mining,4571304.855,,,,,,,,,,,,,,,,,
SKYG.V,SKYG,Sky Gold Corp.,TSXV,Mining,6310575.28,,,,,,,,,,,,,,,,,
SYH.V,SYH,Skyharbour Resources Ltd.,TSXV,Mining,75648786.23,,,,,,,,,,,,,,,,,
SXL.V,SXL,SLAM Exploration Ltd.,TSXV,Mining,16986147.36,,,,,,,,,,,,,,,,,
SSX.V,SSX,Sleeping Giant Capital Corp.,TSXV,Financial Services,1023679.92,,,,,,,,,,,,,,,,,
SMAR.P.V,SMAR.P,Smartset Services Inc.,TSXV,CPC,158000.0,,,,,,,,,,,,,,,,,
SMRV.V,SMRV,Smooth Rock Ventures Corp.,TSXV,Mining,2344105.43,,,,,,,,,,,,,,,,,
SPN.V,SPN,Snipp Interactive Inc.,TSXV,Technology,17166829.74,,,,,,,,,,,,,,,,,
SGD.V,SGD,Snowline Gold Corp.,TSXV,Mining,2095230541.6,,,,,,,,,,,,,,,,,
SIC.V,SIC,Sokoman Minerals Corp.,TSXV,Mining,76070294.16,,,,,,,,,,,,,,,,,
SOLR.V,SOLR,Solar Alliance Energy Inc.,TSXV,Clean Technology & Renewable Energy,5903878.76,,,,,,,,,,,,,,,,,
SOLI.P.V,SOLI.P,Solid Impact Investments Corp.,TSXV,CPC,560000.0,,,,,,,,,,,,,,,,,
SGC.V,SGC,Solstice Gold Corp.,TSXV,Mining,16490119.38,,,,,,,,,,,,,,,,,
SOMA.V,SOMA,Soma Gold Corp.,TSXV,Mining,153617540.38,,,,,,,,,,,,,,,,,
SNI.V,SNI,Sonor Investments Ltd.,TSXV,Financial Services,1015164.0,,,,,,,,,,,,,,,,,
SNV.V,SNV,Sonoro Energy Ltd.,TSXV,Oil & Gas,10797867.09,,,,,,,,,,,,,,,,,
SGO.V,SGO,Sonoro Gold Corp.,TSXV,Mining,54677951.58,,,,,,,,,,,,,,,,,
SRR.V,SRR,Source Rock Royalties Ltd.,TSXV,Oil & Gas,39351531.15,,,,,,,,,,,,,,,,,
SAO.V,SAO,South Atlantic Gold Inc.,TSXV,Mining,4387426.64,,,,,,,,,,,,,,,,,
SPMC.V,SPMC,South Pacific Metals Corp.,TSXV,Mining,33186508.8,,,,,,,,,,,,,,,,,
STS.V,STS,South Star Battery Metals Corp.,TSXV,Mining,12141852.3,,,,,,,,,,,,,,,,,
SMP.V,SMP,Southern Empire Resources Corp.,TSXV,Mining,3499890.0,,,,,,,,,,,,,,,,,
SOU.V,SOU,Southern Energy Corp.,TSXV,Oil & Gas,21856571.945,,,,,,,,,,,,,,,,,
SSV.V,SSV,Southern Silver Exploration Corp.,TSXV,Mining,141400243.355,,,,,,,,,,,,,,,,,
SGQ.V,SGQ,SouthGobi Resources Ltd.,TSXV,Mining,117198343.07,,,,,,,,,,,,,,,,,
SML.V,SML,Southstone Minerals Limited,TSXV,Mining,320418.88,,,,,,,,,,,,,,,,,
SPSA.P.V,SPSA.P,SP Strategic Acquisition Corp.,TSXV,CPC,151500.0,,,,,,,,,,,,,,,,,
YSK.P.V,YSK.P,Space Kingdom Digital Capital Corp.,TSXV,CPC,645000.0,,,,,,,,,,,,,,,,,
SQG.V,SQG,Spackman Equities Group Inc.,TSXV,Financial Services,71292161.36,,,,,,,,,,,,,,,,,
SPA.V,SPA,Spanish Mountain Gold Ltd.,TSXV,Mining,61276774.5,,,,,,,,,,,,,,,,,
SPRQ.V,SPRQ,SPARQ Systems Inc.,TSXV,Clean Technology & Renewable Energy,75877822.8,,,,,,,,,,,,,,,,,
SAY.V,SAY,Sparta Capital Ltd.,TSXV,Financial Services,3738831.345,,,,,,,,,,,,,,,,,
W.V,W,Spartan Metals Corp.,TSXV,Mining,11426542.14,,,,,,,,,,,,,,,,,
SRI.V,SRI,Sparton Resources Inc.,TSXV,Mining,5098246.11,,,,,,,,,,,,,,,,,
SPC.V,SPC,SPC Nickel Corp.,TSXV,Mining,14722153.0,,,,,,,,,,,,,,,,,
SSA.V,SSA,Spectra Products Inc.,TSXV,Consumer Products & Services,2522548.075,,,,,,,,,,,,,,,,,
SOO.P.V,SOO.P,Spectre Capital Corp.,TSXV,CPC,591250.055,,,,,,,,,,,,,,,,,
SPRO.P.V,SPRO.P,Sprock-It Acquisitions Ltd.,TSXV,CPC,1267070.0,,,,,,,,,,,,,,,,,
SRQ.V,SRQ,SRQ Resources Inc.,TSXV,Mining,3226695.5,,,,,,,,,,,,,,,,,
SECU.V,SECU,SSC Security Services Corp.,TSXV,Industrial Products & Services,49315462.2,,,,,,,,,,,,,,,,,
SDCI.P.V,SDCI.P,St. Davids Capital Inc.,TSXV,CPC,253925.0,,,,,,,,,,,,,,,,,
LORD.V,LORD,St. James Gold Corp.,TSXV,Mining,6436693.34,,,,,,,,,,,,,,,,,
SRC.V,SRC,Stakeholder Gold Corp.,TSXV,Mining,17109778.44,,,,,,,,,,,,,,,,,
STUD.V,STUD,Stallion Uranium Corp.,TSXV,Mining,53285401.8,,,,,,,,,,,,,,,,,
SDI.V,SDI,Stampede Drilling Inc.,TSXV,Industrial Products & Services,26992115.325,,,,,,,,,,,,,,,,,
STMP.V,STMP,Stamper Oil & Gas Corp.,TSXV,Oil & Gas,16114633.36,,,,,,,,,,,,,,,,,
SLI.V,SLI,Standard Lithium Ltd.,TSXV,Mining,1262868248.4,,,,,,,,,,,,,,,,,
STND.V,STND,Standard Uranium Ltd.,TSXV,Mining,10569132.84,,,,,,,,,,,,,,,,,
STRR.V,STRR,Star Royalties Ltd.,TSXV,Mining,24786299.84,,,,,,,,,,,,,,,,,
SUN.V,SUN,Stardust Solar Energy Inc.,TSXV,Clean Technology & Renewable Energy,9324014.595,,,,,,,,,,,,,,,,,
SCPT.V,SCPT,Starlight U.S. Multi-Family (No.2) Core Plus Fund,TSXV,Real Estate,438542.205,,,,,,,,,,,,,,,,,
SURF.V,SURF,Starlight U.S. Residential Fund,TSXV,Real Estate,463597.76,,,,,,,,,,,,,,,,,
STE.V,STE,Starr Peak Mining Ltd.,TSXV,Mining,21924928.78,,,,,,,,,,,,,,,,,
SPX.V,SPX,Stellar AfricaGold Inc.,TSXV,Mining,6516329.735,,,,,,,,,,,,,,,,,
SAG.V,SAG,Sterling Metals Corp.,TSXV,Mining,64276843.6,,,,,,,,,,,,,,,,,
PGE.V,PGE,Stillwater Critical Minerals Corp.,TSXV,Mining,105872101.14,,,,,,,,,,,,,,,,,
STNG.V,STNG,Stinger Resources Inc.,TSXV,Mining,3227103.23,,,,,,,,,,,,,,,,,
STW.V,STW,Stockworks Gold Inc.,TSXV,Mining,3562803.12,,,,,,,,,,,,,,,,,
STRM.V,STRM,Storm Exploration Inc.,TSXV,Mining,6199875.0,,,,,,,,,,,,,,,,,
SGE.V,SGE,Strategem Capital Corporation,TSXV,Financial Services,2187366.72,,,,,,,,,,,,,,,,,
SMD.V,SMD,Strategic Metals Ltd.,TSXV,Mining,25519872.41,,,,,,,,,,,,,,,,,
SR.V,SR,Strategic Resources Inc.,TSXV,Mining,17708398.5,,,,,,,,,,,,,,,,,
SRA.V,SRA,Stria Lithium Inc.,TSXV,Mining,12610891.52,,,,,,,,,,,,,,,,,
SKP.V,SKP,Strikepoint Gold Inc.,TSXV,Mining,7071136.74,,,,,,,,,,,,,,,,,
SKK.V,SKK,Strikewell Energy Corp.,TSXV,Oil & Gas,1035223.44,,,,,,,,,,,,,,,,,
SDR.V,SDR,Stroud Resources Ltd.,TSXV,Mining,6626667.885,,,,,,,,,,,,,,,,,
STU.V,STU,Stuhini Exploration Ltd.,TSXV,Mining,7842145.6,,,,,,,,,,,,,,,,,
STUV.V,STUV,Stuve Gold Corp.,TSXV,Mining,1037696.73,,,,,,,,,,,,,,,,,
SUGR.V,SUGR,Sucro Limited,TSXV,Consumer Products & Services,120176970.76,,,,,,,,,,,,,,,,,
PEAK.V,PEAK,Sun Peak Metals Corp.,TSXV,Mining,33532974.09,,,,,,,,,,,,,,,,,
SMN.V,SMN,Sun Summit Minerals Corp.,TSXV,Mining,33897809.32,,,,,,,,,,,,,,,,,
SPZ.V,SPZ,SuperBuzz Inc.,TSXV,Technology,6629894.18,,,,,,,,,,,,,,,,,
SUI.V,SUI,Superior Mining International Corporation,TSXV,Mining,8621035.28,,,,,,,,,,,,,,,,,
NILI.V,NILI,Surge Battery Metals Inc.,TSXV,Mining,83303279.375,,,,,,,,,,,,,,,,,
SURG.V,SURG,Surge Copper Corp.,TSXV,Mining,75991186.48,,,,,,,,,,,,,,,,,
SYG.V,SYG,Sylla Gold Corp.,TSXV,Mining,1376370.8,,,,,,,,,,,,,,,,,
TWO.V,TWO,T2 Metals Corp.,TSXV,Mining,12363865.51,,,,,,,,,,,,,,,,,
RARE.V,RARE,Tactical Resources Corp.,TSXV,Mining,55652188.8,,,,,,,,,,,,,,,,,
TAO.V,TAO,TAG Oil Ltd.,TSXV,Oil & Gas,27120803.04,,,,,,,,,,,,,,,,,
TAJ.V,TAJ,Tajiri Resources Corp.,TSXV,Mining,32360595.4,,,,,,,,,,,,,,,,,
TRO.V,TRO,Taranis Resources Inc.,TSXV,Mining,24581156.88,,,,,,,,,,,,,,,,,
TKU.V,TKU,Tarku Resources Ltd.,TSXV,Mining,633692.94,,,,,,,,,,,,,,,,,
TORA.V,TORA,Taura Gold Inc.,TSXV,Mining,6435372.16,,,,,,,,,,,,,,,,,
TDG.V,TDG,TDG Gold Corp.,TSXV,Mining,293752921.88,,,,,,,,,,,,,,,,,
TEA.V,TEA,Tearlach Resources Limited,TSXV,Mining,1324462.23,,,,,,,,,,,,,,,,,
TECT.V,TECT,Tectonic Metals Inc.,TSXV,Mining,82363838.31,,,,,,,,,,,,,,,,,
TELO.V,TELO,Telo Genomics Corp.,TSXV,Life Sciences,5523675.96,,,,,,,,,,,,,,,,,
TES.V,TES,Tesoro Minerals Corp.,TSXV,Mining,3948819.12,,,,,,,,,,,,,,,,,
TPL.V,TPL,Tethys Petroleum Ltd.,TSXV,Oil & Gas,144720132.48,,,,,,,,,,,,,,,,,
TUO.V,TUO,Teuton Resources Corp.,TSXV,Mining,77670945.3,,,,,,,,,,,,,,,,,
TGX.V,TGX,TGX Energy & Resources Inc.,TSXV,Mining,1510980.885,,,,,,,,,,,,,,,,,
TLT.V,TLT,Theralase Technologies Inc.,TSXV,Life Sciences,52033877.49,,,,,,,,,,,,,,,,,
THRM.V,THRM,Therma Bright Inc.,TSXV,Life Sciences,4260535.725,,,,,,,,,,,,,,,,,
TMG.V,TMG,Thermal Energy International Inc.,TSXV,Clean Technology & Renewable Energy,21639288.125,,,,,,,,,,,,,,,,,
TAU.V,TAU,Thesis Gold Inc.,TSXV,Mining,458689974.66,,,,,,,,,,,,,,,,,
TTI.V,TTI,"Thiogenesis Therapeutics, Corp.",TSXV,Life Sciences,38876967.0,,,,,,,,,,,,,,,,,
THX.V,THX,Thor Explorations Ltd.,TSXV,Mining,704194792.6,,,,,,,,,,,,,,,,,
YAY.V,YAY,THS Maple Holdings Ltd.,TSXV,Consumer Products & Services,7240692.0,,,,,,,,,,,,,,,,,
TGOL.V,TGOL,Thunder Gold Corp.,TSXV,Mining,16379434.11,,,,,,,,,,,,,,,,,
THM.V,THM,"Thunder Mountain Gold, Inc.",TSXV,Mining,49953347.4,,,,,,,,,,,,,,,,,
TBRD.V,TBRD,Thunderbird Entertainment Group Inc.,TSXV,Comm. & Media,56546010.6,,,,,,,,,,,,,,,,,
BIRD.V,BIRD,Thunderbird Minerals Corp.,TSXV,Mining,825281.6,,,,,,,,,,,,,,,,,
AWE.V,AWE,Thunderstruck Resources Ltd.,TSXV,Mining,2138097.3,,,,,,,,,,,,,,,,,
TSLV.V,TSLV,Tier One Silver Inc.,TSXV,Mining,29754278.44,,,,,,,,,,,,,,,,,
TLC.P.V,TLC.P,Timeless Capital Corp.,TSXV,CPC,70000.0,,,,,,,,,,,,,,,,,
TIN.V,TIN,Tincorp Metals Inc.,TSXV,Mining,12807336.24,,,,,,,,,,,,,,,,,
TK.V,TK,Tinka Resources Limited,TSXV,Mining,68165352.03,,,,,,,,,,,,,,,,,
TORC.V,TORC,TinOne Resources Inc.,TSXV,Mining,1909298.125,,,,,,,,,,,,,,,,,
TTS.V,TTS,Tintina Mines Ltd.,TSXV,Mining,48471881.575,,,,,,,,,,,,,,,,,
TLA.V,TLA,Titan Logix Corp.,TSXV,Industrial Products & Services,14838861.42,,,,,,,,,,,,,,,,,
TNR.V,TNR,TNR Gold Corp.,TSXV,Mining,22913745.8,,,,,,,,,,,,,,,,,
LOT.V,LOT,TomaGold Corporation,TSXV,Mining,8443811.355,,,,,,,,,,,,,,,,,
TBLL.V,TBLL,Tombill Mines Limited,TSXV,Mining,5270069.02,,,,,,,,,,,,,,,,,
TGC.V,TGC,Toogood Gold Corp.,TSXV,Mining,18149212.855,,,,,,,,,,,,,,,,,
TOI.V,TOI,Topicus.com Inc.,TSXV,Technology,11500764474.0,,,,,,,,,,,,,,,,,
RZL.V,RZL,Torchlight Innovations Inc.,TSXV,Clean Technology & Renewable Energy,27770425.65,,,,,,,,,,,,,,,,,
TGH.V,TGH,Tornado Infrastructure Equipment Ltd.,TSXV,Industrial Products & Services,261677888.01,,,,,,,,,,,,,,,,,
TORQ.V,TORQ,Torq Resources Inc.,TSXV,Mining,19519200.33,,,,,,,,,,,,,,,,,
TMET.V,TMET,Torr Metals Inc.,TSXV,Mining,7054718.355,,,,,,,,,,,,,,,,,
TORR.V,TORR,Torrent Capital Ltd.,TSXV,Financial Services,23235036.64,,,,,,,,,,,,,,,,,
TT.V,TT,Total Metals Corp.,TSXV,Mining,54658288.3,,,,,,,,,,,,,,,,,
TTZ.V,TTZ,Total Telcom Inc.,TSXV,Technology,7266329.125,,,,,,,,,,,,,,,,,
THP.V,THP,Totally Hip Technologies Inc.,TSXV,Technology,9194304.75,,,,,,,,,,,,,,,,,
TOTC.P.V,TOTC.P,Totec Resources Ltd.,TSXV,CPC,30630.0,,,,,,,,,,,,,,,,,
TWR.V,TWR,Tower Resources Ltd.,TSXV,Mining,36350842.22,,,,,,,,,,,,,,,,,
TBLZ.P.V,TBLZ.P,Trail Blazer Capital Corp.,TSXV,CPC,75000.0,,,,,,,,,,,,,,,,,
TBK.V,TBK,Trailbreaker Resources Ltd.,TSXV,Mining,13020746.88,,,,,,,,,,,,,,,,,
TTG.V,TTG,Trans Canada Gold Corp.,TSXV,Oil & Gas,2308290.165,,,,,,,,,,,,,,,,,
TCO.V,TCO,Transatlantic Mining Corp.,TSXV,Mining,14295586.14,,,,,,,,,,,,,,,,,
TCG.P.V,TCG.P,Transcontinental Gold Corp.,TSXV,CPC,283200.0,,,,,,,,,,,,,,,,,
XTM.V,XTM,Transition Metals Corp.,TSXV,Mining,6137668.2,,,,,,,,,,,,,,,,,
TOP.P.V,TOP.P,Transition Opportunities Corp.,TSXV,CPC,250000.0,,,,,,,,,,,,,,,,,
TRS.V,TRS,Tres-Or Resources Ltd.,TSXV,Mining,1640201.095,,,,,,,,,,,,,,,,,
TRV.P.V,TRV.P,Treviso Capital Corp.,TSXV,CPC,225000.0,,,,,,,,,,,,,,,,,
TRBE.V,TRBE,Tribe Property Technologies Inc.,TSXV,Technology,18257570.1,,,,,,,,,,,,,,,,,
TRBC.V,TRBC,Tribeca Resources Corporation,TSXV,Mining,14636009.52,,,,,,,,,,,,,,,,,
ROCK.V,ROCK,Trident Resources Corp.,TSXV,Mining,30059331.84,,,,,,,,,,,,,,,,,
TG.V,TG,Trifecta Gold Ltd.,TSXV,Mining,14310516.3,,,,,,,,,,,,,,,,,
TM.V,TM,Trigon Metals Inc.,TSXV,Mining,11503607.01,,,,,,,,,,,,,,,,,
TCK.P.V,TCK.P,Trillium Acquisition Corp.,TSXV,CPC,257571.0,,,,,,,,,,,,,,,,,
TOM.V,TOM,Trinity One Metals Ltd.,TSXV,Mining,1648135.71,,,,,,,,,,,,,,,,,
TSG.V,TSG,Tristar Gold Inc.,TSXV,Mining,58089858.42,,,,,,,,,,,,,,,,,
TIG.V,TIG,Triumph Gold Corp.,TSXV,Mining,18744656.04,,,,,,,,,,,,,,,,,
TR.V,TR,Troubadour Resources Inc.,TSXV,Mining,2452400.09,,,,,,,,,,,,,,,,,
TRU.V,TRU,TRU Precious Metals Corp.,TSXV,Mining,5754763.63,,,,,,,,,,,,,,,,,
TRBR.V,TRBR,Trubar Inc.,TSXV,Consumer Products & Services,90545996.52,,,,,,,,,,,,,,,,,
TBIX.V,TBIX,TrustBIX Inc.,TSXV,Technology,3330233.25,,,,,,,,,,,,,,,,,
TSD.V,TSD,Tsodilo Resources Limited,TSXV,Mining,7616196.45,,,,,,,,,,,,,,,,,
TUD.V,TUD,Tudor Gold Corp.,TSXV,Mining,318286888.92,,,,,,,,,,,,,,,,,
TUK.V,TUK,Tuktu Resources Ltd.,TSXV,Mining,11950359.66,,,,,,,,,,,,,,,,,
TUP.P.V,TUP.P,Tup Capital Inc.,TSXV,CPC,476000.0,,,,,,,,,,,,,,,,,
TTGI.V,TTGI,Turnium Technology Group Inc.,TSXV,Technology,12933000.15,,,,,,,,,,,,,,,,,
TVI.V,TVI,TVI Pacific Inc.,TSXV,Mining,29143481.56,,,,,,,,,,,,,,,,,
UCU.V,UCU,Ucore Rare Metals Inc.,TSXV,Mining,829912415.5,,,,,,,,,,,,,,,,,
ULT.V,ULT,Ultra Lithium Inc.,TSXV,Mining,3361907.02,,,,,,,,,,,,,,,,,
UGD.V,UGD,Unigold Inc.,TSXV,Mining,69173107.66,,,,,,,,,,,,,,,,,
USS.V,USS,Uniserve Communications Corporation,TSXV,Comm. & Media,19864246.92,,,,,,,,,,,,,,,,,
IBO.V,IBO,Universal Ibogaine Inc.,TSXV,Life Sciences,1564292.58,,,,,,,,,,,,,,,,,
UPT.P.V,UPT.P,Upstart Investments Inc.,TSXV,CPC,324660.0,,,,,,,,,,,,,,,,,
UIG.V,UIG,Urban Infrastructure Group Inc.,TSXV,Industrial Products & Services,5225645.85,,,,,,,,,,,,,,,,,
UFC.V,UFC,Urbanfund Corp.,TSXV,Real Estate,43587252.63,,,,,,,,,,,,,,,,,
UI.V,UI,Urbanimmersive Inc.,TSXV,Technology,1460714.6,,,,,,,,,,,,,,,,,
URZ.V,URZ,URZ3 Energy Corp.,TSXV,Mining,16285414.25,,,,,,,,,,,,,,,,,
USCU.V,USCU,US Copper Corp.,TSXV,Mining,17753273.81,,,,,,,,,,,,,,,,,
USHA.V,USHA,Usha Resources Ltd.,TSXV,Mining,4121171.37,,,,,,,,,,,,,,,,,
VTEN.P.V,VTEN.P,V Ten Capital Corp.,TSXV,CPC,980280.0,,,,,,,,,,,,,,,,,
VZZ.V,VZZ,Val-D'Or Mining Corporation,TSXV,Mining,10109259.985,,,,,,,,,,,,,,,,,
VAL.P.V,VAL.P,Valencia Capital Inc.,TSXV,CPC,455356.0,,,,,,,,,,,,,,,,,
VMXX.V,VMXX,Valhalla Metals Inc.,TSXV,Mining,17350422.24,,,,,,,,,,,,,,,,,
OZ.V,OZ,Valkea Resources Corp.,TSXV,Mining,16297042.815,,,,,,,,,,,,,,,,,
VO.V,VO,ValOre Metals Corp.,TSXV,Mining,30594487.92,,,,,,,,,,,,,,,,,
VRB.V,VRB,VanadiumCorp Resource Inc.,TSXV,Mining,4586366.88,,,,,,,,,,,,,,,,,
VAX.V,VAX,Vantex Resources Ltd.,TSXV,Mining,240461.55,,,,,,,,,,,,,,,,,
VCV.V,VCV,Vatic Ventures Corp.,TSXV,Mining,827027.88,,,,,,,,,,,,,,,,,
VXL.V,VXL,Vaxil Bio Ltd.,TSXV,Life Sciences,493124.4,,,,,,,,,,,,,,,,,
VLC.V,VLC,Velocity Minerals Ltd.,TSXV,Mining,37471723.05,,,,,,,,,,,,,,,,,
VLX.V,VLX,Velox Energy Materials Inc.,TSXV,Mining,2678888.16,,,,,,,,,,,,,,,,,
VTT.V,VTT,Vendetta Mining Corp.,TSXV,Mining,5440335.855,,,,,,,,,,,,,,,,,
VPT.V,VPT,VentriPoint Diagnostics Ltd.,TSXV,Life Sciences,17608920.315,,,,,,,,,,,,,,,,,
VENZ.V,VENZ,Venzee Technologies Inc.,TSXV,Technology,2938505.515,,,,,,,,,,,,,,,,,
VMET.V,VMET,Versamet Royalties Corporation,TSXV,Mining,1026107066.6,,,,,,,,,,,,,,,,,
VTX.V,VTX,Vertex Resource Group Ltd.,TSXV,Industrial Products & Services,26326319.15,,,,,,,,,,,,,,,,,
VERT.V,VERT,Vertical Exploration Inc.,TSXV,Mining,6116162.12,,,,,,,,,,,,,,,,,
VCC.P.V,VCC.P,Veteran Capital Corp.,TSXV,CPC,133500.0,,,,,,,,,,,,,,,,,
VLD.V,VLD,Vinland Lithium Inc.,TSXV,Mining,7336683.96,,,,,,,,,,,,,,,,,
VIO.V,VIO,Vior Inc.,TSXV,Mining,47794706.79,,,,,,,,,,,,,,,,,
VIP.V,VIP,VIP Entertainment Technologies Inc.,TSXV,Technology,194656.26,,,,,,,,,,,,,,,,,
VQS.V,VQS,VIQ Solutions Inc.,TSXV,Technology,9425837.68,,,,,,,,,,,,,,,,,
VML.V,VML,Viscount Mining Corp.,TSXV,Mining,75460235.39,,,,,,,,,,,,,,,,,
VGD.V,VGD,Visible Gold Mines Inc.,TSXV,Mining,4644395.5,,,,,,,,,,,,,,,,,
VLI.V,VLI,Vision Lithium inc.,TSXV,Mining,6975478.775,,,,,,,,,,,,,,,,,
VCG.V,VCG,Visionary Copper and Gold Mines Inc.,TSXV,Mining,14395659.0,,,,,,,,,,,,,,,,,
VIZ.V,VIZ,Visionary Metals Corp.,TSXV,Mining,13175901.75,,,,,,,,,,,,,,,,,
VIS.V,VIS,Visionstate Corp.,TSXV,Technology,3874895.025,,,,,,,,,,,,,,,,,
VUX.V,VUX,Vital Energy Inc.,TSXV,Oil & Gas,10750996.23,,,,,,,,,,,,,,,,,
VITA.V,VITA,Vitalist Inc.,TSXV,Technology,55168213.32,,,,,,,,,,,,,,,,,
VPI.V,VPI,Vitality Products Inc.,TSXV,Life Sciences,1449394.975,,,,,,,,,,,,,,,,,
VCI.V,VCI,Vitreous Glass Inc.,TSXV,Clean Technology & Renewable Energy,39663904.62,,,,,,,,,,,,,,,,,
VAU.V,VAU,Viva Gold Corp.,TSXV,Mining,24740377.95,,,,,,,,,,,,,,,,,
VCU.V,VCU,Vizsla Copper Corp.,TSXV,Mining,41011310.28,,,,,,,,,,,,,,,,,
VROY.V,VROY,Vizsla Royalties Corp.,TSXV,Mining,284688838.25,,,,,,,,,,,,,,,,,
FLT.V,FLT,Volatus Aerospace Inc.,TSXV,Technology,429561741.7,,,,,,,,,,,,,,,,,
VG.V,VG,Volcanic Gold Mines Inc.,TSXV,Mining,7427442.75,,,,,,,,,,,,,,,,,
VCT.V,VCT,Volt Carbon Technologies Inc.,TSXV,Mining,11990050.02,,,,,,,,,,,,,,,,,
VMS.V,VMS,Vortex Metals Inc.,TSXV,Mining,4563246.72,,,,,,,,,,,,,,,,,
VXTR.V,VXTR,Voxtur Analytics Corp.,TSXV,Technology,3888438.82,,,,,,,,,,,,,,,,,
VM.V,VM,Voyageur Pharmaceuticals Ltd.,TSXV,Mining,28539860.0,,,,,,,,,,,,,,,,,
VRR.V,VRR,VR Resources Ltd.,TSXV,Mining,3336086.675,,,,,,,,,,,,,,,,,
VUL.V,VUL,Vulcan Minerals Inc.,TSXV,Mining,23275667.7,,,,,,,,,,,,,,,,,
VVC.V,VVC,VVC Exploration Corp.,TSXV,Mining,8590227.225,,,,,,,,,,,,,,,,,
VVTM.V,VVTM,VVT Med Inc.,TSXV,Life Sciences,20712989.76,,,,,,,,,,,,,,,,,
WLR.V,WLR,Walker Lane Resources Ltd.,TSXV,Mining,3911508.8,,,,,,,,,,,,,,,,,
WRR.V,WRR,Walker River Resources Corp.,TSXV,Mining,13801428.43,,,,,,,,,,,,,,,,,
WRI.V,WRI,Waseco Resources Inc.,TSXV,Mining,833627.8,,,,,,,,,,,,,,,,,
WWT.V,WWT,Water Ways Technologies Inc.,TSXV,Technology,595141.32,,,,,,,,,,,,,,,,,
WAVE.V,WAVE,Waverley Pharma Inc.,TSXV,Life Sciences,1080000.0,,,,,,,,,,,,,,,,,
WML.V,WML,Wealth Minerals Ltd.,TSXV,Mining,27177239.325,,,,,,,,,,,,,,,,,
WFLD.V,WFLD,Wellfield Technologies Inc.,TSXV,Technology,2074312.7,,,,,,,,,,,,,,,,,
WCE.V,WCE,Wescan Energy Corp.,TSXV,Oil & Gas,3346721.85,,,,,,,,,,,,,,,,,
WGF.V,WGF,Wescan Goldfields Inc.,TSXV,Mining,1864951.2,,,,,,,,,,,,,,,,,
WHY.V,WHY,West High Yield (W.H.Y.) Resources Ltd.,TSXV,Mining,53789576.16,,,,,,,,,,,,,,,,,
WPG.V,WPG,West Point Gold Corp.,TSXV,Mining,71448038.9,,,,,,,,,,,,,,,,,
WRLG.V,WRLG,West Red Lake Gold Mines Ltd.,TSXV,Mining,308994905.12,,,,,,,,,,,,,,,,,
WVM.V,WVM,West Vault Mining Inc.,TSXV,Mining,103231386.58,,,,,,,,,,,,,,,,,
WED.V,WED,Westaim Corporation (The),TSXV,Financial Services,842142850.8,,,,,,,,,,,,,,,,,
WBE.V,WBE,WestBond Enterprises Corporation,TSXV,Consumer Products & Services,6768902.0,,,,,,,,,,,,,,,,,
WEB.V,WEB,Westbridge Renewable Energy Corp.,TSXV,Clean Technology & Renewable Energy,65475104.17,,,,,,,,,,,,,,,,,
WEX.V,WEX,Western Exploration Inc.,TSXV,Mining,40488347.13,,,,,,,,,,,,,,,,,
WGLD.V,WGLD,Western Gold Exploration Ltd.,TSXV,Mining,6827932.56,,,,,,,,,,,,,,,,,
WI.V,WI,Western Investment Company of Canada Limited (The),TSXV,Industrial Products & Services,98487651.0,,,,,,,,,,,,,,,,,
WMS.V,WMS,Western Metallica Resources Corp.,TSXV,Mining,454090.945,,,,,,,,,,,,,,,,,
WP.V,WP,Western Pacific Trust Company,TSXV,Financial Services,4469904.86,,,,,,,,,,,,,,,,,
WGT.V,WGT,Westgate Energy Inc.,TSXV,Oil & Gas,19726448.81,,,,,,,,,,,,,,,,,
WHN.V,WHN,Westhaven Gold Corp.,TSXV,Mining,46614973.92,,,,,,,,,,,,,,,,,
WKG.V,WKG,WestKam Gold Corp.,TSXV,Mining,1643748.6,,,,,,,,,,,,,,,,,
WAT.P.V,WAT.P,Whatcom Capital II Corp.,TSXV,CPC,1125000.0,,,,,,,,,,,,,,,,,
WGO.V,WGO,White Gold Corp.,TSXV,Mining,189542845.72,,,,,,,,,,,,,,,,,
WMK.V,WMK,Whitemud Resources Inc.,TSXV,Mining,4083156.0,,,,,,,,,,,,,,,,,
WWA.P.V,WWA.P,Whitewater Acquisition Corp.,TSXV,CPC,1458000.0,,,,,,,,,,,,,,,,,
YTY.V,YTY,Wi2Wi Corporation,TSXV,Technology,3964660.26,,,,,,,,,,,,,,,,,
CANS.V,CANS,Wildpack Beverage Inc.,TSXV,Industrial Products & Services,500918.845,,,,,,,,,,,,,,,,,
WSK.V,WSK,Wildsky Resources Inc.,TSXV,Mining,4725711.215,,,,,,,,,,,,,,,,,
WIL.V,WIL,Wilton Resources Inc.,TSXV,Oil & Gas,28935415.875,,,,,,,,,,,,,,,,,
WEC.V,WEC,Winchester Equity Corporation,TSXV,Mining,1686957.81,,,,,,,,,,,,,,,,,
WINS.V,WINS,Winshear Gold Corp.,TSXV,Mining,3982676.85,,,,,,,,,,,,,,,,,
WISH.V,WISH,Wishpond Technologies Ltd.,TSXV,Technology,7967916.605,,,,,,,,,,,,,,,,,
WITT.P.V,WITT.P,Wittering Capital Corp.,TSXV,CPC,560000.0,,,,,,,,,,,,,,,,,
WLF.V,WLF,Wolfden Resources Corporation,TSXV,Mining,21829029.52,,,,,,,,,,,,,,,,,
WOOD.P.V,WOOD.P,Woodbridge Ventures II Inc.,TSXV,CPC,245000.0,,,,,,,,,,,,,,,,,
WCU.V,WCU,World Copper Ltd.,TSXV,Mining,17090519.355,,,,,,,,,,,,,,,,,
XGC.V,XGC,Xali Gold Corp.,TSXV,Mining,9266844.6,,,,,,,,,,,,,,,,,
GIG.V,GIG,XAU Resources Inc.,TSXV,Mining,819747.5,,,,,,,,,,,,,,,,,
XCYT.V,XCYT,Xcyte Digital Corp.,TSXV,Technology,2529999.77,,,,,,,,,,,,,,,,,
XIM.V,XIM,Ximen Mining Corp.,TSXV,Mining,5752646.5,,,,,,,,,,,,,,,,,
XRTX.V,XRTX,XORTX Therapeutics Inc.,TSXV,Life Sciences,4690996.2,,,,,,,,,,,,,,,,,
XPLR.V,XPLR,Xplore Resources Corp.,TSXV,Mining,1052030.1,,,,,,,,,,,,,,,,,
XTAO.V,XTAO,xTAO Inc.,TSXV,Technology,33120546.2,,,,,,,,,,,,,,,,,
XXIX.V,XXIX,XXIX Metal Corp.,TSXV,Mining,39622708.32,,,,,,,,,,,,,,,,,
XL.V,XL,XXL Energy Corp.,TSXV,Oil & Gas,1378059.17,,,,,,,,,,,,,,,,,
YOO.V,YOO,Yangaroo Inc.,TSXV,Technology,4425302.91,,,,,,,,,,,,,,,,,
YNV.V,YNV,Ynvisible Interactive Inc.,TSXV,Technology,21129010.965,,,,,,,,,,,,,,,,,
YEG.V,YEG,Yorkton Equity Group Inc.,TSXV,Real Estate,17458668.97,,,,,,,,,,,,,,,,,
ZAC.V,ZAC,Zacatecas Silver Corp.,TSXV,Mining,13865249.145,,,,,,,,,,,,,,,,,
ZBNI.V,ZBNI,ZEB Nickel Corp.,TSXV,Mining,9461168.1,,,,,,,,,,,,,,,,,
ZDC.V,ZDC,Zedcor Inc.,TSXV,Industrial Products & Services,735818697.09,,,,,,,,,,,,,,,,,
ZENI.P.V,ZENI.P,Zenith Capital Corporation,TSXV,CPC,406473.155,,,,,,,,,,,,,,,,,
ZEN.V,ZEN,Zentek Ltd.,TSXV,Mining,122733183.69,,,,,,,,,,,,,,,,,
ZFR.V,ZFR,Zephyr Minerals Ltd.,TSXV,Mining,5991088.95,,,,,,,,,,,,,,,,,
ZCT.V,ZCT,Zero Candida Technologies Inc.,TSXV,Life Sciences,4710685.44,,,,,,,,,,,,,,,,,
ZC.V,ZC,Zimtu Capital Corp.,TSXV,Financial Services,6721793.9,,,,,,,,,,,,,,,,,
ZNX.V,ZNX,Zincx Resources Corp.,TSXV,Mining,15031691.28,,,,,,,,,,,,,,,,,
ZAU.V,ZAU,Zodiac Gold Inc.,TSXV,Mining,34878298.56,,,,,,,,,,,,,,,,,
ZONE.V,ZONE,Zonetail Inc.,TSXV,Technology,5435413.44,,,,,,,,,,,,,,,,,
ZON.V,ZON,Zonte Metals Inc.,TSXV,Mining,8090410.5,,,,,,,,,,,,,,,,,
ZMA.V,ZMA,ZoomAway Technologies Inc.,TSXV,Technology,773241.28,,,,,,,,,,,,,,,,,
ZOMD.V,ZOMD,Zoomd Technologies Ltd.,TSXV,Technology,236626101.69,,,,,,,,,,,,,,,,,
ZYUS.V,ZYUS,ZYUS Life Sciences Corporation,TSXV,Life Sciences,53045182.96,,,,,,,,,,,,,,,,,
