ticker_yf,div_date,div_amount
AAB.TO,2011-03-11,0.01
AAB.TO,2012-03-14,0.01
AAB.TO,2012-09-18,0.01
AAB.TO,2012-09-24,0.01
AAPL.TO,2022-08-05,0.035
AAPL.TO,2022-11-04,0.034
AAPL.TO,2023-02-10,0.034
AAPL.TO,2023-05-12,0.036
AAPL.TO,2023-08-11,0.036
AAPL.TO,2023-11-10,0.035
AAPL.TO,2024-02-09,0.035
AAPL.TO,2024-05-10,0.037
AAPL.TO,2024-06-26,0.167
AAPL.TO,2024-08-12,0.037
AAPL.TO,2024-11-08,0.037
AAPL.TO,2025-02-10,0.036
AAPL.TO,2025-05-12,0.038
AAPL.TO,2025-08-11,0.037
AAPL.TO,2025-11-10,0.037
ABX.TO,1995-05-25,0.03
ABX.TO,1995-11-28,0.03
ABX.TO,1996-05-29,0.035
ABX.TO,1996-11-27,0.035
ABX.TO,1997-05-28,0.04
ABX.TO,1997-11-26,0.04
ABX.TO,1998-05-27,0.045
ABX.TO,1998-11-26,0.045
ABX.TO,1999-05-27,0.05
ABX.TO,1999-11-26,0.05
ABX.TO,2003-11-27,0.073
ABX.TO,2004-05-27,0.075
ABX.TO,2004-11-26,0.065
ABX.TO,2005-05-27,0.087
ABX.TO,2005-11-28,0.129
ABX.TO,2006-05-29,0.123
ABX.TO,2006-11-28,0.123
ABX.TO,2007-05-29,0.168
ABX.TO,2007-11-28,0.168
ABX.TO,2008-05-28,0.202
ABX.TO,2008-11-26,0.254
ABX.TO,2009-05-27,0.244
ABX.TO,2009-11-26,0.213
ABX.TO,2010-05-27,0.203
ABX.TO,2010-08-27,0.125
ABX.TO,2010-11-26,0.123
ABX.TO,2011-02-24,0.119
ABX.TO,2011-05-27,0.114
ABX.TO,2011-08-29,0.113
ABX.TO,2011-11-28,0.152
ABX.TO,2012-02-27,0.15
ABX.TO,2012-05-29,0.197
ABX.TO,2012-08-29,0.204
ABX.TO,2012-11-28,0.2
ABX.TO,2013-02-26,0.2
ABX.TO,2013-05-29,0.208
ABX.TO,2013-05-30,0.205
ABX.TO,2013-08-28,0.052
ABX.TO,2013-11-27,0.053
ABX.TO,2014-02-26,0.055
ABX.TO,2014-05-28,0.054
ABX.TO,2014-08-27,0.055
ABX.TO,2014-11-26,0.056
ABX.TO,2015-02-25,0.062
ABX.TO,2015-05-27,0.062
ABX.TO,2015-08-27,0.027
ABX.TO,2015-11-26,0.027
ABX.TO,2016-02-25,0.027
ABX.TO,2016-05-27,0.026
ABX.TO,2016-08-29,0.026
ABX.TO,2016-11-28,0.027
ABX.TO,2017-02-24,0.039
ABX.TO,2017-08-29,0.038
ABX.TO,2017-11-29,0.038
ABX.TO,2018-02-27,0.038
ABX.TO,2018-05-30,0.039
ABX.TO,2018-08-30,0.039
ABX.TO,2018-11-29,0.04
ABX.TO,2018-12-27,0.095
ABX.TO,2019-05-30,0.054
ABX.TO,2019-08-29,0.053
ABX.TO,2019-11-28,0.066
ABX.TO,2020-02-27,0.093
ABX.TO,2020-05-28,0.096
ABX.TO,2020-08-28,0.105
ABX.TO,2020-11-27,0.117
ABX.TO,2021-02-26,0.113
ABX.TO,2021-05-27,0.279
ABX.TO,2021-08-30,0.29
ABX.TO,2021-11-29,0.294
ABX.TO,2022-02-25,0.128
ABX.TO,2022-05-26,0.256
ABX.TO,2022-08-30,0.26
ABX.TO,2022-11-29,0.202
ABX.TO,2023-02-27,0.136
ABX.TO,2023-05-30,0.136
ABX.TO,2023-08-30,0.136
ABX.TO,2023-11-29,0.136
ABX.TO,2024-02-28,0.135
ABX.TO,2024-05-31,0.137
ABX.TO,2024-08-30,0.135
ABX.TO,2024-11-29,0.14
ABX.TO,2025-02-28,0.144
ABX.TO,2025-05-30,0.138
ABX.TO,2025-08-29,0.206
ABX.TO,2025-11-28,0.246
ACD.TO,1996-05-13,0.02
ACD.TO,1996-08-13,0.02
ACD.TO,1996-11-13,0.02
ACD.TO,1997-02-12,0.02
ACD.TO,1997-05-13,0.02
ACD.TO,1997-08-13,0.02
ACD.TO,1997-11-12,0.025
ACD.TO,1998-02-11,0.025
ACD.TO,1998-05-13,0.025
ACD.TO,1998-08-12,0.025
ACD.TO,1998-11-10,0.025
ACD.TO,1999-02-11,0.025
ACD.TO,1999-05-12,0.025
ACD.TO,1999-08-11,0.035
ACD.TO,1999-11-10,0.035
ACD.TO,2000-02-11,0.035
ACD.TO,2000-05-11,0.035
ACD.TO,2000-08-11,0.035
ACD.TO,2000-11-10,0.035
ACD.TO,2001-02-13,0.035
ACD.TO,2001-05-11,0.035
ACD.TO,2001-08-13,0.035
ACD.TO,2001-11-13,0.035
ACD.TO,2001-11-20,0.035
ACD.TO,2002-02-13,0.035
ACD.TO,2002-05-13,0.035
ACD.TO,2002-08-13,0.035
ACD.TO,2002-11-13,0.035
ACD.TO,2003-02-13,0.035
ACD.TO,2003-05-13,0.035
ACD.TO,2003-08-13,0.045
ACD.TO,2003-11-12,0.045
ACD.TO,2004-02-11,0.045
ACD.TO,2004-05-12,0.045
ACD.TO,2004-06-11,0.045
ACD.TO,2004-08-11,0.045
ACD.TO,2004-11-10,0.045
ACD.TO,2005-02-11,0.045
ACD.TO,2005-05-11,0.045
ACD.TO,2005-08-11,0.045
ACD.TO,2005-11-11,0.045
ACD.TO,2006-02-13,0.045
ACD.TO,2006-05-11,0.045
ACD.TO,2006-08-11,0.055
ACD.TO,2006-11-10,0.055
ACD.TO,2007-02-13,0.055
ACD.TO,2007-05-15,0.055
ACD.TO,2007-08-13,0.055
ACD.TO,2007-11-13,0.055
ACD.TO,2008-02-13,0.055
ACD.TO,2008-05-13,0.055
ACD.TO,2008-08-13,0.065
ACD.TO,2008-11-12,0.065
ACD.TO,2009-02-11,0.065
ACD.TO,2009-05-13,0.065
ACD.TO,2009-08-12,0.065
ACD.TO,2009-11-10,0.065
ACD.TO,2010-02-10,0.065
ACD.TO,2010-05-12,0.065
ACD.TO,2010-08-11,0.075
ACD.TO,2010-11-10,0.075
ACD.TO,2011-02-11,0.075
ACD.TO,2011-05-12,0.075
ACD.TO,2011-08-11,0.075
ACD.TO,2011-11-10,0.075
ACD.TO,2012-02-13,0.075
ACD.TO,2012-05-11,0.075
ACD.TO,2012-08-13,0.08
ACD.TO,2012-11-13,0.08
ACD.TO,2013-02-13,0.08
ACD.TO,2013-05-13,0.08
ACD.TO,2013-08-13,0.08
ACD.TO,2013-11-13,0.08
ACD.TO,2014-02-12,0.08
ACD.TO,2014-05-13,0.08
ACD.TO,2014-08-13,0.085
ACD.TO,2014-11-12,0.085
ACD.TO,2015-02-11,0.085
ACD.TO,2015-05-13,0.085
ACD.TO,2015-08-12,0.09
ACD.TO,2015-11-10,0.09
ACD.TO,2016-02-10,0.09
ACD.TO,2016-05-12,0.09
ACD.TO,2016-08-11,0.09
ACD.TO,2016-11-10,0.09
ACD.TO,2017-02-10,0.09
ACD.TO,2017-05-15,0.09
ACD.TO,2017-08-11,0.09
ACD.TO,2017-11-14,0.09
ACD.TO,2018-02-14,0.09
ACD.TO,2018-05-16,0.09
ACD.TO,2018-08-14,0.09
ACD.TO,2018-11-14,0.09
ACD.TO,2019-02-14,0.09
ACD.TO,2019-05-16,0.09
ACD.TO,2019-08-14,0.09
ACD.TO,2019-11-14,0.09
ACD.TO,2020-02-13,0.09
ACD.TO,2020-05-14,0.05
ACD.TO,2020-08-13,0.05
ACD.TO,2020-11-12,0.05
ACD.TO,2021-02-11,0.05
ACD.TO,2021-05-13,0.05
ACD.TO,2021-08-13,0.05
ACD.TO,2021-11-12,0.05
ACD.TO,2022-02-14,0.075
ACD.TO,2022-05-12,0.075
ACD.TO,2022-08-12,0.075
ACD.TO,2022-11-14,0.075
ACD.TO,2023-02-14,0.075
ACD.TO,2023-05-12,0.075
ACD.TO,2023-08-14,0.075
ACQ.TO,2008-07-29,0.083
ACQ.TO,2008-08-27,0.083
ACQ.TO,2008-09-26,0.083
ACQ.TO,2008-10-29,0.083
ACQ.TO,2008-11-26,0.083
ACQ.TO,2008-12-29,0.083
ACQ.TO,2009-01-28,0.083
ACQ.TO,2009-02-25,0.042
ACQ.TO,2010-05-27,0.04
ACQ.TO,2010-08-27,0.04
ACQ.TO,2010-11-26,0.04
ACQ.TO,2011-02-24,0.04
ACQ.TO,2011-05-27,0.05
ACQ.TO,2011-08-29,0.1
ACQ.TO,2011-11-28,0.12
ACQ.TO,2012-02-27,0.14
ACQ.TO,2012-05-29,0.15
ACQ.TO,2012-08-29,0.16
ACQ.TO,2012-11-28,0.17
ACQ.TO,2013-02-26,0.18
ACQ.TO,2013-05-29,0.19
ACQ.TO,2013-08-28,0.2
ACQ.TO,2013-11-27,0.21
ACQ.TO,2014-02-26,0.22
ACQ.TO,2014-05-28,0.23
ACQ.TO,2014-08-27,0.24
ACQ.TO,2014-11-26,0.25
ACQ.TO,2015-02-25,0.25
ACQ.TO,2015-05-27,0.25
ACQ.TO,2015-08-27,0.25
ACQ.TO,2015-11-26,0.25
ACQ.TO,2016-02-25,0.25
ACQ.TO,2016-05-27,0.1
ACQ.TO,2016-08-29,0.1
ACQ.TO,2016-11-28,0.1
ACQ.TO,2017-02-24,0.1
ACQ.TO,2017-05-29,0.1
ACQ.TO,2017-08-29,0.1
ACQ.TO,2017-11-29,0.1
ACQ.TO,2018-02-28,0.1
ACQ.TO,2018-05-30,0.1
ACQ.TO,2018-08-30,0.1
ACQ.TO,2018-11-29,0.1
ACQ.TO,2019-02-28,0.1
ACQ.TO,2019-05-30,0.1
ACQ.TO,2019-08-29,0.1
ACQ.TO,2019-11-28,0.1
ACQ.TO,2020-02-28,0.1
ACX.TO,2002-09-26,0.266
ACX.TO,2002-12-27,0.392
ACX.TO,2003-03-27,0.385
ACX.TO,2003-06-26,0.385
ACX.TO,2003-09-26,0.385
ACX.TO,2003-12-29,0.385
ACX.TO,2004-01-28,0.42
ACX.TO,2004-02-25,0.42
ACX.TO,2004-03-29,0.42
ACX.TO,2004-04-28,0.42
ACX.TO,2004-05-27,0.42
ACX.TO,2004-06-28,0.42
ACX.TO,2004-07-28,0.42
ACX.TO,2004-08-27,0.42
ACX.TO,2004-09-28,0.42
ACX.TO,2004-10-27,0.42
ACX.TO,2004-12-29,0.476
ACX.TO,2005-01-27,0.175
ACX.TO,2005-02-24,0.175
ACX.TO,2005-03-29,0.175
ACX.TO,2005-04-27,0.175
ACX.TO,2005-05-27,0.196
ACX.TO,2005-06-28,0.196
ACX.TO,2005-07-27,0.196
ACX.TO,2005-08-29,0.196
ACX.TO,2005-09-28,0.266
ACX.TO,2005-10-27,0.266
ACX.TO,2005-11-28,0.35
ACX.TO,2005-12-28,0.35
ACX.TO,2006-01-27,0.35
ACX.TO,2006-02-24,0.35
ACX.TO,2006-03-29,0.42
ACX.TO,2006-04-26,0.42
ACX.TO,2006-05-29,0.42
ACX.TO,2006-06-28,0.455
ACX.TO,2006-07-27,0.455
ACX.TO,2006-08-29,0.455
ACX.TO,2006-09-27,0.49
ACX.TO,2006-10-27,0.49
ACX.TO,2006-11-28,0.49
ACX.TO,2006-12-27,0.84
ACX.TO,2007-01-29,0.49
ACX.TO,2007-02-26,0.49
ACX.TO,2007-03-28,0.49
ACX.TO,2007-04-26,0.49
ACX.TO,2007-05-29,0.49
ACX.TO,2007-06-27,0.49
ACX.TO,2007-07-27,0.49
ACX.TO,2007-08-29,0.49
ACX.TO,2007-09-26,0.49
ACX.TO,2007-10-29,0.49
ACX.TO,2007-11-28,0.49
ACX.TO,2007-12-27,0.49
ACX.TO,2008-01-29,0.49
ACX.TO,2008-02-27,0.49
ACX.TO,2008-03-27,0.49
ACX.TO,2008-04-28,0.49
ACX.TO,2008-05-28,0.49
ACX.TO,2008-06-26,0.49
ACX.TO,2008-07-29,0.49
ACX.TO,2008-08-27,0.49
ACX.TO,2008-09-26,0.49
ACX.TO,2008-10-29,0.49
ACX.TO,2008-11-26,0.49
ACX.TO,2008-12-29,0.49
ACX.TO,2009-01-28,0.49
ACX.TO,2009-02-25,0.28
ACX.TO,2009-03-27,0.28
ACX.TO,2009-04-28,0.28
ACX.TO,2009-05-27,0.28
ACX.TO,2009-06-26,0.28
ACX.TO,2009-07-29,0.28
ACX.TO,2010-03-29,0.42
ACX.TO,2010-06-28,0.42
ACX.TO,2010-09-28,0.42
ACX.TO,2010-12-29,0.42
ACX.TO,2011-03-29,0.42
ACX.TO,2011-06-28,0.42
ACX.TO,2011-09-28,0.42
ACX.TO,2011-12-28,0.42
ACX.TO,2012-03-28,0.525
ACX.TO,2012-06-27,0.525
ACX.TO,2012-09-26,0.525
ACX.TO,2012-12-27,0.525
ACX.TO,2013-03-26,0.525
ACX.TO,2013-06-26,0.525
ACX.TO,2013-09-26,0.525
ACX.TO,2013-12-27,0.581
ACX.TO,2014-03-27,0.581
ACX.TO,2014-06-26,0.581
ACX.TO,2014-09-26,0.581
ACX.TO,2014-12-29,0.581
ACX.TO,2015-03-27,0.28
ACX.TO,2015-06-26,0.28
ACX.TO,2015-09-28,0.28
ADEN.TO,2008-08-18,0.025
ADEN.TO,2008-09-17,0.025
ADEN.TO,2008-10-16,0.025
ADEN.TO,2011-10-18,0.02
ADEN.TO,2012-01-18,0.02
ADEN.TO,2012-04-18,0.02
ADEN.TO,2012-07-18,0.03
ADEN.TO,2012-10-17,0.03
ADEN.TO,2013-01-16,0.03
ADEN.TO,2013-04-17,0.035
ADEN.TO,2013-07-17,0.035
ADEN.TO,2013-10-16,0.035
ADEN.TO,2014-01-16,0.035
ADEN.TO,2014-04-15,0.045
ADEN.TO,2014-07-16,0.045
ADEN.TO,2014-10-16,0.045
ADEN.TO,2015-01-16,0.045
ADEN.TO,2015-04-16,0.045
ADEN.TO,2015-07-16,0.055
ADEN.TO,2015-10-16,0.055
ADEN.TO,2016-01-15,0.055
ADEN.TO,2016-04-15,0.055
ADEN.TO,2016-07-14,0.055
ADEN.TO,2016-10-13,0.063
ADEN.TO,2017-01-18,0.063
ADEN.TO,2017-04-12,0.063
ADEN.TO,2017-07-13,0.063
ADEN.TO,2017-10-13,0.073
ADEN.TO,2018-01-12,0.073
ADEN.TO,2018-04-13,0.073
ADEN.TO,2018-07-13,0.073
ADEN.TO,2018-10-12,0.08
ADEN.TO,2019-01-11,0.08
ADEN.TO,2019-04-12,0.08
ADEN.TO,2019-07-12,0.08
ADEN.TO,2019-10-10,0.08
ADEN.TO,2020-01-17,0.085
ADEN.TO,2020-04-15,0.085
ADEN.TO,2020-07-17,0.085
ADEN.TO,2020-10-16,0.085
ADEN.TO,2021-01-15,0.1
ADEN.TO,2021-04-16,0.1
ADEN.TO,2021-07-16,0.1
ADEN.TO,2021-10-15,0.1
ADEN.TO,2022-01-14,0.12
ADEN.TO,2022-04-18,0.12
ADEN.TO,2022-07-15,0.12
ADEN.TO,2022-10-14,0.12
ADEN.TO,2023-01-13,0.13
ADEN.TO,2023-04-14,0.13
ADEN.TO,2023-07-14,0.13
ADEN.TO,2023-10-13,0.13
ADEN.TO,2024-01-12,0.14
ADEN.TO,2024-04-12,0.14
ADEN.TO,2024-07-15,0.14
ADEN.TO,2024-10-15,0.14
ADEN.TO,2025-01-20,0.15
ADEN.TO,2025-04-14,0.15
ADEN.TO,2025-07-14,0.15
ADEN.TO,2025-10-20,0.15
ADN.TO,2008-07-29,0.069
ADN.TO,2008-08-27,0.069
ADN.TO,2008-09-26,0.069
ADN.TO,2008-10-29,0.069
ADN.TO,2008-11-26,0.069
ADN.TO,2008-12-29,0.069
ADN.TO,2009-01-28,0.069
ADN.TO,2009-02-25,0.069
ADN.TO,2009-03-27,0.069
ADN.TO,2009-04-28,0.069
ADN.TO,2009-05-27,0.069
ADN.TO,2009-06-26,0.069
ADN.TO,2009-07-29,0.069
ADN.TO,2009-08-27,0.069
ADN.TO,2009-09-28,0.069
ADN.TO,2009-10-28,0.069
ADN.TO,2009-11-26,0.017
ADN.TO,2010-01-13,0.017
ADN.TO,2010-03-29,0.05
ADN.TO,2010-06-28,0.05
ADN.TO,2010-09-28,0.05
ADN.TO,2010-12-29,0.05
ADN.TO,2011-03-29,0.206
ADN.TO,2011-06-28,0.206
ADN.TO,2011-09-28,0.206
ADN.TO,2011-12-28,0.206
ADN.TO,2012-03-28,0.206
ADN.TO,2012-06-27,0.206
ADN.TO,2012-09-26,0.206
ADN.TO,2012-12-27,0.206
ADN.TO,2013-03-26,0.206
ADN.TO,2013-06-26,0.206
ADN.TO,2013-09-26,0.206
ADN.TO,2013-12-27,0.206
ADN.TO,2014-03-27,0.206
ADN.TO,2014-06-26,0.206
ADN.TO,2014-09-26,0.206
ADN.TO,2014-12-29,0.206
ADN.TO,2015-03-27,0.225
ADN.TO,2015-06-26,0.225
ADN.TO,2015-08-28,0.225
ADN.TO,2015-12-29,0.25
ADN.TO,2016-03-29,0.25
ADN.TO,2016-06-28,0.25
ADN.TO,2016-09-28,0.25
ADN.TO,2016-12-28,0.25
ADN.TO,2017-03-29,0.275
ADN.TO,2017-06-28,0.275
ADN.TO,2017-09-28,0.275
ADN.TO,2017-12-28,0.275
ADN.TO,2018-03-28,0.275
ADN.TO,2018-06-28,0.283
ADN.TO,2018-09-27,0.283
ADN.TO,2018-12-28,0.283
ADN.TO,2019-03-28,0.29
ADN.TO,2019-06-27,0.29
ADN.TO,2019-09-27,0.29
ADN.TO,2019-12-30,0.29
ADN.TO,2020-03-30,0.29
ADN.TO,2020-06-29,0.29
ADN.TO,2020-09-29,0.29
ADN.TO,2020-12-30,0.29
ADN.TO,2021-03-30,0.29
ADN.TO,2021-06-29,0.29
ADN.TO,2021-09-28,0.29
ADN.TO,2021-12-30,0.29
ADN.TO,2022-03-30,0.29
ADN.TO,2022-06-29,0.29
ADN.TO,2022-09-28,0.29
ADN.TO,2022-12-29,0.29
ADN.TO,2023-03-30,0.29
ADN.TO,2023-06-29,0.29
ADN.TO,2023-09-28,0.29
ADN.TO,2023-12-28,0.29
ADN.TO,2024-03-27,0.29
ADN.TO,2024-06-28,0.29
ADN.TO,2024-09-27,0.29
ADN.TO,2024-12-31,0.29
ADN.TO,2025-03-31,0.29
ADN.TO,2025-06-30,0.29
ADN.TO,2025-09-29,0.29
AEG.TO,2005-11-24,0.083
AEG.TO,2005-12-28,0.083
AEG.TO,2006-02-22,0.083
AEG.TO,2006-03-27,0.083
AEG.TO,2006-04-24,0.083
AEG.TO,2006-05-23,0.087
AEG.TO,2006-06-26,0.087
AEG.TO,2006-07-26,0.087
AEG.TO,2006-08-23,0.087
AEG.TO,2006-09-25,0.087
AEG.TO,2006-10-25,0.087
AEG.TO,2006-11-23,0.087
AEG.TO,2006-12-22,0.087
AEG.TO,2006-12-27,0.087
AEG.TO,2007-02-22,0.087
AEG.TO,2007-03-26,0.091
AEG.TO,2007-04-25,0.091
AEG.TO,2007-05-25,0.091
AEG.TO,2007-06-25,0.091
AEG.TO,2007-07-25,0.091
AEG.TO,2007-08-27,0.091
AEG.TO,2007-09-24,0.091
AEG.TO,2007-10-25,0.091
AEG.TO,2007-11-26,0.091
AEG.TO,2007-12-21,0.091
AEG.TO,2007-12-27,0.091
AEG.TO,2008-02-25,0.091
AEG.TO,2008-03-26,0.094
AEG.TO,2008-04-25,0.094
AEG.TO,2008-05-26,0.094
AEG.TO,2008-06-25,0.094
AEG.TO,2008-07-25,0.094
AEG.TO,2008-08-25,0.094
AEG.TO,2008-09-24,0.094
AEG.TO,2008-10-27,0.094
AEG.TO,2008-11-24,0.094
AEG.TO,2008-12-23,0.094
AEG.TO,2008-12-29,0.094
AEG.TO,2009-02-23,0.094
AEG.TO,2009-03-25,0.094
AEG.TO,2009-04-24,0.077
AEG.TO,2009-05-25,0.077
AEG.TO,2009-06-24,0.077
AEG.TO,2009-07-27,0.077
AEG.TO,2009-08-26,0.077
AEG.TO,2009-09-24,0.077
AEG.TO,2009-10-26,0.077
AEG.TO,2009-11-24,0.077
AEG.TO,2009-12-23,0.077
AEG.TO,2009-12-29,0.077
AEG.TO,2010-02-22,0.077
AEG.TO,2010-04-26,0.077
AEG.TO,2010-05-25,0.077
AEG.TO,2010-06-24,0.077
AEG.TO,2010-07-26,0.077
AEG.TO,2010-08-25,0.077
AEG.TO,2010-09-24,0.077
AEG.TO,2010-10-25,0.077
AEG.TO,2010-11-24,0.077
AEG.TO,2010-12-23,0.077
AEG.TO,2010-12-29,0.077
AEG.TO,2011-05-12,0.15
AEG.TO,2011-08-15,0.15
AEG.TO,2011-11-14,0.15
AEG.TO,2012-03-14,0.15
AEG.TO,2012-05-15,0.15
AEG.TO,2012-08-15,0.15
AEG.TO,2012-11-14,0.085
AEG.TO,2013-03-13,0.085
AEG.TO,2013-05-15,0.085
AEG.TO,2013-08-14,0.085
AEG.TO,2013-11-13,0.085
AEG.TO,2014-03-19,0.085
AEG.TO,2014-05-21,0.085
AEM.TO,1996-01-05,0.1
AEM.TO,1997-01-03,0.025
AEM.TO,1998-01-02,0.02
AEM.TO,2004-03-03,0.01
AEM.TO,2005-03-03,0.036
AEM.TO,2006-02-28,0.035
AEM.TO,2007-01-11,0.135
AEM.TO,2008-03-12,0.181
AEM.TO,2009-03-11,0.222
AEM.TO,2010-03-10,0.191
AEM.TO,2011-02-25,0.161
AEM.TO,2011-05-30,0.151
AEM.TO,2011-08-30,0.156
AEM.TO,2011-11-29,0.156
AEM.TO,2012-02-28,0.2
AEM.TO,2012-05-30,0.197
AEM.TO,2012-08-30,0.2
AEM.TO,2012-11-29,0.199
AEM.TO,2013-02-27,0.217
AEM.TO,2013-05-30,0.228
AEM.TO,2013-08-29,0.231
AEM.TO,2013-11-28,0.233
AEM.TO,2014-02-27,0.089
AEM.TO,2014-05-29,0.087
AEM.TO,2014-08-28,0.087
AEM.TO,2015-02-26,0.099
AEM.TO,2015-05-28,0.1
AEM.TO,2015-08-28,0.106
AEM.TO,2015-11-27,0.106
AEM.TO,2016-02-26,0.108
AEM.TO,2016-05-30,0.104
AEM.TO,2016-08-30,0.13
AEM.TO,2016-11-29,0.134
AEM.TO,2017-02-27,0.131
AEM.TO,2017-05-30,0.135
AEM.TO,2017-08-30,0.125
AEM.TO,2017-11-30,0.142
AEM.TO,2018-02-28,0.141
AEM.TO,2018-05-31,0.142
AEM.TO,2018-08-30,0.142
AEM.TO,2018-11-29,0.146
AEM.TO,2019-02-28,0.164
AEM.TO,2019-05-30,0.169
AEM.TO,2019-08-29,0.166
AEM.TO,2019-11-26,0.233
AEM.TO,2020-02-27,0.267
AEM.TO,2020-05-29,0.275
AEM.TO,2020-08-28,0.263
AEM.TO,2020-11-24,0.458
AEM.TO,2021-02-26,0.441
AEM.TO,2021-05-31,0.422
AEM.TO,2021-08-31,0.441
AEM.TO,2021-11-30,0.446
AEM.TO,2022-03-04,0.507
AEM.TO,2022-05-31,0.506
AEM.TO,2022-08-31,0.524
AEM.TO,2022-11-30,0.543
AEM.TO,2023-02-28,0.543
AEM.TO,2023-05-31,0.544
AEM.TO,2023-08-31,0.541
AEM.TO,2023-11-30,0.544
AEM.TO,2024-02-29,0.543
AEM.TO,2024-05-31,0.547
AEM.TO,2024-08-30,0.539
AEM.TO,2024-11-29,0.56
AEM.TO,2025-02-28,0.577
AEM.TO,2025-05-30,0.552
AEM.TO,2025-09-02,0.551
AEM.TO,2025-12-01,0.559
AFN.TO,2006-04-26,0.14
AFN.TO,2006-05-29,0.14
AFN.TO,2006-06-28,0.14
AFN.TO,2006-07-27,0.14
AFN.TO,2006-08-29,0.14
AFN.TO,2006-11-28,0.14
AFN.TO,2006-12-27,0.14
AFN.TO,2007-01-29,0.14
AFN.TO,2007-02-26,0.14
AFN.TO,2007-03-28,0.14
AFN.TO,2007-04-26,0.14
AFN.TO,2007-05-29,0.14
AFN.TO,2007-06-27,0.14
AFN.TO,2007-07-27,0.14
AFN.TO,2007-08-29,0.14
AFN.TO,2007-09-26,0.14
AFN.TO,2007-10-29,0.14
AFN.TO,2007-11-28,0.14
AFN.TO,2007-12-27,0.14
AFN.TO,2008-01-29,0.14
AFN.TO,2008-02-27,0.14
AFN.TO,2008-03-27,0.14
AFN.TO,2008-04-28,0.14
AFN.TO,2008-05-28,0.14
AFN.TO,2008-06-26,0.14
AFN.TO,2008-07-29,0.14
AFN.TO,2008-08-27,0.17
AFN.TO,2008-09-26,0.17
AFN.TO,2008-10-29,0.17
AFN.TO,2008-11-26,0.17
AFN.TO,2008-12-29,0.41
AFN.TO,2009-01-28,0.17
AFN.TO,2009-02-25,0.17
AFN.TO,2009-03-27,0.17
AFN.TO,2009-04-28,0.17
AFN.TO,2009-05-27,0.17
AFN.TO,2009-11-26,0.17
AFN.TO,2009-12-29,0.17
AFN.TO,2010-01-27,0.17
AFN.TO,2010-02-24,0.17
AFN.TO,2010-03-29,0.17
AFN.TO,2010-04-28,0.17
AFN.TO,2010-05-27,0.17
AFN.TO,2010-06-28,0.17
AFN.TO,2010-07-28,0.17
AFN.TO,2010-08-27,0.17
AFN.TO,2010-09-28,0.17
AFN.TO,2010-10-27,0.17
AFN.TO,2010-11-26,0.2
AFN.TO,2010-12-29,0.2
AFN.TO,2011-01-27,0.2
AFN.TO,2011-02-24,0.2
AFN.TO,2011-03-29,0.2
AFN.TO,2011-04-27,0.2
AFN.TO,2011-05-27,0.2
AFN.TO,2011-06-28,0.2
AFN.TO,2011-07-27,0.2
AFN.TO,2011-08-29,0.2
AFN.TO,2011-09-28,0.2
AFN.TO,2011-10-27,0.2
AFN.TO,2011-11-28,0.2
AFN.TO,2011-12-28,0.2
AFN.TO,2012-01-27,0.2
AFN.TO,2012-02-24,0.2
AFN.TO,2012-03-28,0.2
AFN.TO,2012-04-26,0.2
AFN.TO,2012-05-29,0.2
AFN.TO,2012-06-27,0.2
AFN.TO,2012-07-27,0.2
AFN.TO,2012-08-29,0.2
AFN.TO,2012-09-26,0.2
AFN.TO,2012-10-29,0.2
AFN.TO,2012-11-28,0.2
AFN.TO,2012-12-27,0.2
AFN.TO,2013-01-29,0.2
AFN.TO,2013-02-26,0.2
AFN.TO,2013-03-26,0.2
AFN.TO,2013-04-26,0.2
AFN.TO,2013-05-29,0.2
AFN.TO,2013-06-26,0.2
AFN.TO,2013-07-29,0.2
AFN.TO,2013-09-26,0.2
AFN.TO,2013-10-29,0.2
AFN.TO,2013-11-27,0.2
AFN.TO,2013-12-27,0.2
AFN.TO,2014-01-29,0.2
AFN.TO,2014-02-26,0.2
AFN.TO,2014-03-27,0.2
AFN.TO,2014-04-28,0.2
AFN.TO,2014-05-28,0.2
AFN.TO,2014-06-26,0.2
AFN.TO,2014-07-29,0.2
AFN.TO,2014-08-27,0.2
AFN.TO,2014-09-26,0.2
AFN.TO,2014-10-29,0.2
AFN.TO,2014-11-26,0.2
AFN.TO,2014-12-29,0.2
AFN.TO,2015-01-28,0.2
AFN.TO,2015-02-25,0.2
AFN.TO,2015-03-27,0.2
AFN.TO,2015-04-28,0.2
AFN.TO,2015-05-27,0.2
AFN.TO,2015-06-26,0.2
AFN.TO,2015-07-29,0.2
AFN.TO,2015-08-27,0.2
AFN.TO,2015-09-28,0.2
AFN.TO,2015-10-28,0.2
AFN.TO,2015-11-26,0.2
AFN.TO,2015-12-29,0.2
AFN.TO,2016-01-27,0.2
AFN.TO,2016-02-25,0.2
AFN.TO,2016-03-29,0.2
AFN.TO,2016-04-27,0.2
AFN.TO,2016-05-26,0.2
AFN.TO,2016-06-28,0.2
AFN.TO,2016-07-27,0.2
AFN.TO,2016-08-29,0.2
AFN.TO,2016-09-28,0.2
AFN.TO,2016-10-27,0.2
AFN.TO,2016-11-28,0.2
AFN.TO,2016-12-28,0.2
AFN.TO,2017-01-27,0.2
AFN.TO,2017-02-24,0.2
AFN.TO,2017-03-29,0.2
AFN.TO,2017-04-26,0.2
AFN.TO,2017-05-29,0.2
AFN.TO,2017-06-28,0.2
AFN.TO,2017-07-27,0.2
AFN.TO,2017-08-29,0.2
AFN.TO,2017-09-28,0.2
AFN.TO,2017-10-30,0.2
AFN.TO,2017-11-29,0.2
AFN.TO,2017-12-28,0.2
AFN.TO,2018-01-30,0.2
AFN.TO,2018-02-27,0.2
AFN.TO,2018-03-28,0.2
AFN.TO,2018-04-27,0.2
AFN.TO,2018-05-30,0.2
AFN.TO,2018-06-28,0.2
AFN.TO,2018-07-30,0.2
AFN.TO,2018-08-30,0.2
AFN.TO,2018-09-27,0.2
AFN.TO,2018-10-30,0.2
AFN.TO,2018-11-29,0.2
AFN.TO,2018-12-28,0.2
AFN.TO,2019-01-30,0.2
AFN.TO,2019-02-27,0.2
AFN.TO,2019-03-28,0.2
AFN.TO,2019-04-29,0.2
AFN.TO,2019-05-30,0.2
AFN.TO,2019-06-27,0.2
AFN.TO,2019-07-30,0.2
AFN.TO,2019-08-29,0.2
AFN.TO,2019-09-27,0.2
AFN.TO,2019-10-30,0.2
AFN.TO,2019-11-28,0.2
AFN.TO,2019-12-30,0.2
AFN.TO,2020-01-30,0.2
AFN.TO,2020-02-27,0.2
AFN.TO,2020-03-30,0.2
AFN.TO,2020-06-29,0.15
AFN.TO,2020-09-29,0.15
AFN.TO,2020-12-30,0.15
AFN.TO,2021-03-30,0.15
AFN.TO,2021-06-29,0.15
AFN.TO,2021-09-28,0.15
AFN.TO,2021-12-30,0.15
AFN.TO,2022-03-30,0.15
AFN.TO,2022-06-29,0.15
AFN.TO,2022-09-28,0.15
AFN.TO,2022-12-29,0.15
AFN.TO,2023-03-30,0.15
AFN.TO,2023-06-29,0.15
AFN.TO,2023-09-28,0.15
AFN.TO,2023-12-28,0.15
AFN.TO,2024-03-27,0.15
AFN.TO,2024-06-28,0.15
AFN.TO,2024-09-27,0.15
AFN.TO,2024-12-31,0.15
AFN.TO,2025-03-31,0.15
AFN.TO,2025-06-30,0.15
AFN.TO,2025-09-29,0.15
AGI.TO,2010-04-13,0.031
AGI.TO,2010-10-13,0.036
AGI.TO,2011-04-13,0.049
AGI.TO,2011-10-12,0.069
AGI.TO,2012-04-11,0.1
AGI.TO,2012-10-11,0.098
AGI.TO,2013-04-11,0.101
AGI.TO,2013-10-10,0.104
AGI.TO,2014-04-11,0.109
AGI.TO,2014-10-10,0.112
AGI.TO,2015-05-13,0.036
AGI.TO,2015-10-28,0.013
AGI.TO,2016-04-13,0.013
AGI.TO,2016-10-12,0.013
AGI.TO,2017-04-11,0.013
AGI.TO,2017-10-13,0.012
AGI.TO,2018-04-13,0.013
AGI.TO,2018-10-12,0.013
AGI.TO,2019-03-14,0.013
AGI.TO,2019-06-13,0.013
AGI.TO,2019-09-13,0.013
AGI.TO,2019-12-05,0.013
AGI.TO,2020-03-16,0.021
AGI.TO,2020-06-15,0.02
AGI.TO,2020-09-15,0.02
AGI.TO,2020-12-04,0.026
AGI.TO,2021-03-16,0.031
AGI.TO,2021-06-15,0.03
AGI.TO,2021-09-15,0.032
AGI.TO,2021-12-06,0.032
AGI.TO,2022-03-16,0.032
AGI.TO,2022-06-15,0.032
AGI.TO,2022-09-14,0.033
AGI.TO,2022-12-05,0.034
AGI.TO,2023-03-15,0.034
AGI.TO,2023-06-14,0.033
AGI.TO,2023-09-13,0.034
AGI.TO,2023-12-05,0.034
AGI.TO,2024-03-13,0.034
AGI.TO,2024-06-13,0.034
AGI.TO,2024-09-12,0.034
AGI.TO,2024-12-05,0.035
AGI.TO,2025-03-13,0.036
AGI.TO,2025-06-12,0.034
AGI.TO,2025-09-11,0.035
AGI.TO,2025-12-04,0.035
AI.TO,2012-09-26,0.2
AI.TO,2012-10-29,0.067
AI.TO,2012-11-28,0.067
AI.TO,2012-12-27,0.087
AI.TO,2013-01-29,0.067
AI.TO,2013-02-26,0.067
AI.TO,2013-03-26,0.067
AI.TO,2013-04-26,0.067
AI.TO,2013-05-29,0.067
AI.TO,2013-06-26,0.067
AI.TO,2013-07-29,0.067
AI.TO,2013-08-28,0.067
AI.TO,2013-09-26,0.067
AI.TO,2013-10-29,0.067
AI.TO,2013-11-27,0.067
AI.TO,2013-12-27,0.117
AI.TO,2014-01-29,0.068
AI.TO,2014-02-26,0.068
AI.TO,2014-03-27,0.068
AI.TO,2014-04-28,0.068
AI.TO,2014-05-28,0.068
AI.TO,2014-06-26,0.068
AI.TO,2014-07-29,0.068
AI.TO,2014-08-27,0.068
AI.TO,2014-09-26,0.068
AI.TO,2014-11-26,0.068
AI.TO,2014-12-29,0.068
AI.TO,2015-01-28,0.07
AI.TO,2015-02-25,0.07
AI.TO,2015-03-27,0.07
AI.TO,2015-04-28,0.07
AI.TO,2015-05-27,0.07
AI.TO,2015-06-26,0.07
AI.TO,2015-07-29,0.07
AI.TO,2015-08-27,0.07
AI.TO,2015-09-28,0.07
AI.TO,2015-10-28,0.07
AI.TO,2015-11-26,0.07
AI.TO,2015-12-29,0.07
AI.TO,2016-01-27,0.072
AI.TO,2016-02-25,0.072
AI.TO,2016-03-29,0.072
AI.TO,2016-04-27,0.072
AI.TO,2016-05-27,0.072
AI.TO,2016-06-28,0.072
AI.TO,2016-07-27,0.072
AI.TO,2016-08-29,0.072
AI.TO,2016-09-28,0.072
AI.TO,2016-10-27,0.072
AI.TO,2016-11-28,0.072
AI.TO,2016-12-28,0.072
AI.TO,2017-01-27,0.073
AI.TO,2017-02-24,0.073
AI.TO,2017-03-29,0.073
AI.TO,2017-04-26,0.073
AI.TO,2017-05-29,0.073
AI.TO,2017-06-28,0.073
AI.TO,2017-07-27,0.073
AI.TO,2017-08-29,0.073
AI.TO,2017-09-28,0.073
AI.TO,2017-10-30,0.073
AI.TO,2017-11-29,0.073
AI.TO,2017-12-28,0.073
AI.TO,2018-01-30,0.075
AI.TO,2018-02-27,0.075
AI.TO,2018-03-28,0.075
AI.TO,2018-04-27,0.075
AI.TO,2018-05-30,0.075
AI.TO,2018-06-28,0.075
AI.TO,2018-07-30,0.075
AI.TO,2018-08-30,0.075
AI.TO,2018-09-27,0.075
AI.TO,2018-10-30,0.075
AI.TO,2018-11-29,0.075
AI.TO,2018-12-28,0.075
AI.TO,2019-01-30,0.075
AI.TO,2019-02-27,0.075
AI.TO,2019-03-28,0.075
AI.TO,2019-04-29,0.075
AI.TO,2019-05-30,0.075
AI.TO,2019-06-27,0.075
AI.TO,2019-07-30,0.075
AI.TO,2019-08-29,0.075
AI.TO,2019-09-27,0.075
AI.TO,2019-10-30,0.075
AI.TO,2019-11-28,0.075
AI.TO,2019-12-30,0.075
AI.TO,2020-01-30,0.075
AI.TO,2020-02-27,0.075
AI.TO,2020-03-30,0.075
AI.TO,2020-04-29,0.075
AI.TO,2020-05-28,0.075
AI.TO,2020-06-29,0.075
AI.TO,2020-07-30,0.075
AI.TO,2020-08-28,0.075
AI.TO,2020-09-29,0.075
AI.TO,2020-10-29,0.075
AI.TO,2020-11-27,0.075
AI.TO,2020-12-30,0.075
AI.TO,2021-01-28,0.075
AI.TO,2021-02-25,0.075
AI.TO,2021-03-30,0.075
AI.TO,2021-04-29,0.075
AI.TO,2021-05-28,0.075
AI.TO,2021-06-29,0.075
AI.TO,2021-07-29,0.075
AI.TO,2021-08-30,0.075
AI.TO,2021-09-28,0.075
AI.TO,2021-10-28,0.075
AI.TO,2021-11-29,0.075
AI.TO,2021-12-30,0.075
AI.TO,2022-01-28,0.075
AI.TO,2022-02-25,0.075
AI.TO,2022-03-30,0.075
AI.TO,2022-04-28,0.075
AI.TO,2022-05-30,0.075
AI.TO,2022-06-29,0.075
AI.TO,2022-07-28,0.075
AI.TO,2022-08-30,0.075
AI.TO,2022-09-28,0.075
AI.TO,2022-10-28,0.075
AI.TO,2022-11-29,0.075
AI.TO,2022-12-29,0.075
AI.TO,2023-01-30,0.075
AI.TO,2023-02-27,0.075
AI.TO,2023-03-30,0.075
AI.TO,2023-04-27,0.075
AI.TO,2023-05-30,0.075
AI.TO,2023-06-29,0.075
AI.TO,2023-07-28,0.075
AI.TO,2023-08-30,0.075
AI.TO,2023-09-28,0.075
AI.TO,2023-10-30,0.075
AI.TO,2023-11-29,0.075
AI.TO,2023-12-28,0.075
AI.TO,2024-01-30,0.075
AI.TO,2024-02-28,0.075
AI.TO,2024-03-27,0.075
AI.TO,2024-04-29,0.075
AI.TO,2024-05-31,0.075
AI.TO,2024-06-28,0.075
AI.TO,2024-07-31,0.075
AI.TO,2024-08-30,0.075
AI.TO,2024-09-27,0.075
AI.TO,2024-10-31,0.075
AI.TO,2024-11-29,0.075
AI.TO,2024-12-31,0.078
AI.TO,2025-01-31,0.078
AI.TO,2025-02-28,0.078
AI.TO,2025-03-31,0.078
AI.TO,2025-04-30,0.078
AI.TO,2025-05-30,0.078
AI.TO,2025-06-30,0.078
AI.TO,2025-07-31,0.078
AI.TO,2025-08-29,0.078
AI.TO,2025-09-29,0.078
AI.TO,2025-10-31,0.078
AI.TO,2025-11-28,0.078
AIF.TO,2008-07-29,0.1
AIF.TO,2008-08-27,0.1
AIF.TO,2008-09-26,0.1
AIF.TO,2008-10-29,0.1
AIF.TO,2008-11-26,0.1
AIF.TO,2008-12-29,0.1
AIF.TO,2009-01-28,0.1
AIF.TO,2009-02-25,0.1
AIF.TO,2009-03-27,0.1
AIF.TO,2009-04-28,0.1
AIF.TO,2009-05-27,0.1
AIF.TO,2009-06-26,0.1
AIF.TO,2009-07-29,0.1
AIF.TO,2009-08-27,0.1
AIF.TO,2009-09-28,0.1
AIF.TO,2009-10-28,0.1
AIF.TO,2009-11-26,0.1
AIF.TO,2009-12-29,0.1
AIF.TO,2010-01-27,0.1
AIF.TO,2010-02-24,0.1
AIF.TO,2010-03-29,0.1
AIF.TO,2010-04-28,0.1
AIF.TO,2010-05-27,0.1
AIF.TO,2010-06-28,0.1
AIF.TO,2010-07-28,0.1
AIF.TO,2010-08-27,0.1
AIF.TO,2010-09-28,0.1
AIF.TO,2010-10-27,0.1
AIF.TO,2010-11-26,0.1
AIF.TO,2010-12-17,0.1
AIF.TO,2011-03-29,0.3
AIF.TO,2011-06-28,0.15
AIF.TO,2011-09-28,0.15
AIF.TO,2011-12-28,0.15
AIF.TO,2012-03-28,0.15
AIF.TO,2012-06-27,0.15
AIF.TO,2012-09-26,0.15
AIF.TO,2012-12-27,0.15
AIF.TO,2013-03-26,0.15
AIF.TO,2013-06-26,0.15
AIF.TO,2013-09-26,0.15
AIF.TO,2013-12-27,0.15
AIF.TO,2014-03-27,0.15
AIF.TO,2014-06-26,0.15
AIF.TO,2014-09-26,0.15
AIF.TO,2014-12-29,0.15
AIF.TO,2015-03-27,0.15
AIF.TO,2015-06-26,0.15
AIF.TO,2015-09-28,0.15
AIF.TO,2015-12-29,0.15
AIF.TO,2016-03-29,0.15
AIF.TO,2016-06-28,0.15
AIF.TO,2016-09-28,0.15
AIF.TO,2016-12-28,0.15
AIF.TO,2017-03-29,0.15
AIF.TO,2017-06-28,0.15
AIF.TO,2017-09-28,0.15
AIF.TO,2017-12-28,0.15
AIF.TO,2018-03-28,0.15
AIF.TO,2018-06-28,0.15
AIF.TO,2018-09-27,0.15
AIF.TO,2018-12-28,0.15
AIF.TO,2019-03-28,0.15
AIF.TO,2019-06-27,0.15
AIF.TO,2019-09-27,0.15
AIF.TO,2019-12-30,0.15
AIF.TO,2020-03-30,0.15
AIF.TO,2020-06-29,0.15
AIF.TO,2020-09-29,0.15
AIF.TO,2020-12-30,0.15
AIF.TO,2021-03-30,0.15
AIF.TO,2021-06-29,0.15
AIF.TO,2021-09-28,0.15
AIF.TO,2021-12-30,0.15
AIF.TO,2022-03-30,0.15
AIF.TO,2022-06-29,0.15
AIF.TO,2022-09-28,0.15
AIF.TO,2022-12-29,0.15
AIF.TO,2023-03-30,0.15
AIF.TO,2023-06-29,0.15
AIF.TO,2023-09-28,0.15
AIF.TO,2023-12-28,0.15
AIF.TO,2024-03-27,0.15
AIF.TO,2024-06-28,0.15
AIF.TO,2024-09-27,0.15
AIF.TO,2024-12-31,0.15
AIF.TO,2025-03-31,0.15
AIF.TO,2025-06-30,0.15
AIF.TO,2025-09-29,0.15
AII.TO,2014-08-25,0.0405
AIM.TO,2006-10-27,0.063
AIM.TO,2006-11-28,0.063
AIM.TO,2006-12-27,0.07
AIM.TO,2007-01-29,0.07
AIM.TO,2007-02-26,0.07
AIM.TO,2007-03-28,0.07
AIM.TO,2007-04-26,0.07
AIM.TO,2007-05-29,0.07
AIM.TO,2007-06-27,0.07
AIM.TO,2007-07-27,0.07
AIM.TO,2007-08-29,0.07
AIM.TO,2007-09-26,0.07
AIM.TO,2007-10-29,0.07
AIM.TO,2007-11-28,0.07
AIM.TO,2007-12-27,0.07
AIM.TO,2008-01-29,0.07
AIM.TO,2008-02-27,0.07
AIM.TO,2008-03-27,0.07
AIM.TO,2008-04-28,0.07
AIM.TO,2008-05-28,0.07
AIM.TO,2008-06-20,0.07
AIM.TO,2009-05-27,0.125
AIM.TO,2009-08-26,0.125
AIM.TO,2009-11-26,0.125
AIM.TO,2010-03-15,0.125
AIM.TO,2010-06-14,0.125
AIM.TO,2010-09-14,0.125
AIM.TO,2010-12-15,0.125
AIM.TO,2011-03-15,0.125
AIM.TO,2011-06-14,0.15
AIM.TO,2011-09-14,0.15
AIM.TO,2011-12-14,0.15
AIM.TO,2012-03-14,0.15
AIM.TO,2012-06-13,0.16
AIM.TO,2012-09-12,0.16
AIM.TO,2012-12-13,0.16
AIM.TO,2013-03-13,0.16
AIM.TO,2013-06-12,0.17
AIM.TO,2013-09-12,0.17
AIM.TO,2013-12-13,0.17
AIM.TO,2014-03-13,0.17
AIM.TO,2014-06-12,0.18
AIM.TO,2014-09-12,0.18
AIM.TO,2014-12-15,0.18
AIM.TO,2015-03-13,0.18
AIM.TO,2015-06-12,0.19
AIM.TO,2015-09-14,0.19
AIM.TO,2015-12-15,0.19
AIM.TO,2016-03-15,0.19
AIM.TO,2016-06-14,0.2
AIM.TO,2016-09-14,0.2
AIM.TO,2016-12-14,0.2
AIM.TO,2017-03-15,0.2
AIM.TO,2017-06-14,0.2
ALA.TO,2010-07-22,0.11
ALA.TO,2010-08-23,0.11
ALA.TO,2010-09-23,0.11
ALA.TO,2010-10-21,0.11
ALA.TO,2010-11-23,0.11
ALA.TO,2010-12-23,0.11
ALA.TO,2011-01-21,0.11
ALA.TO,2011-02-23,0.11
ALA.TO,2011-03-23,0.11
ALA.TO,2011-04-20,0.11
ALA.TO,2011-05-20,0.11
ALA.TO,2011-06-23,0.11
ALA.TO,2011-07-21,0.11
ALA.TO,2011-08-23,0.11
ALA.TO,2011-09-22,0.11
ALA.TO,2011-10-21,0.11
ALA.TO,2011-11-23,0.115
ALA.TO,2011-12-22,0.115
ALA.TO,2012-01-23,0.115
ALA.TO,2012-02-23,0.115
ALA.TO,2012-03-22,0.115
ALA.TO,2012-04-23,0.115
ALA.TO,2012-05-23,0.115
ALA.TO,2012-06-21,0.115
ALA.TO,2012-07-23,0.115
ALA.TO,2012-08-23,0.115
ALA.TO,2012-09-21,0.12
ALA.TO,2012-10-23,0.12
ALA.TO,2012-11-22,0.12
ALA.TO,2012-12-21,0.12
ALA.TO,2013-01-23,0.12
ALA.TO,2013-02-21,0.12
ALA.TO,2013-03-21,0.12
ALA.TO,2013-04-23,0.12
ALA.TO,2013-05-23,0.125
ALA.TO,2013-06-21,0.125
ALA.TO,2013-07-23,0.125
ALA.TO,2013-08-22,0.128
ALA.TO,2013-09-23,0.128
ALA.TO,2013-10-23,0.128
ALA.TO,2013-11-21,0.128
ALA.TO,2013-12-23,0.128
ALA.TO,2014-01-23,0.128
ALA.TO,2014-02-21,0.128
ALA.TO,2014-03-21,0.128
ALA.TO,2014-04-23,0.128
ALA.TO,2014-05-22,0.148
ALA.TO,2014-06-23,0.148
ALA.TO,2014-07-23,0.148
ALA.TO,2014-08-21,0.148
ALA.TO,2014-09-23,0.148
ALA.TO,2014-10-23,0.148
ALA.TO,2014-11-21,0.148
ALA.TO,2014-12-23,0.148
ALA.TO,2015-01-22,0.147
ALA.TO,2015-02-23,0.148
ALA.TO,2015-03-23,0.147
ALA.TO,2015-04-23,0.148
ALA.TO,2015-05-21,0.16
ALA.TO,2015-06-23,0.16
ALA.TO,2015-07-23,0.16
ALA.TO,2015-08-21,0.16
ALA.TO,2015-09-23,0.16
ALA.TO,2015-10-22,0.165
ALA.TO,2015-11-23,0.165
ALA.TO,2015-12-23,0.165
ALA.TO,2016-01-21,0.165
ALA.TO,2016-02-23,0.165
ALA.TO,2016-03-23,0.165
ALA.TO,2016-04-21,0.165
ALA.TO,2016-05-20,0.165
ALA.TO,2016-06-23,0.165
ALA.TO,2016-07-21,0.165
ALA.TO,2016-08-23,0.175
ALA.TO,2016-09-22,0.175
ALA.TO,2016-10-21,0.175
ALA.TO,2016-11-23,0.175
ALA.TO,2016-12-22,0.175
ALA.TO,2017-01-23,0.175
ALA.TO,2017-02-23,0.175
ALA.TO,2017-03-23,0.175
ALA.TO,2017-04-21,0.175
ALA.TO,2017-05-23,0.175
ALA.TO,2017-06-22,0.175
ALA.TO,2017-07-21,0.175
ALA.TO,2017-08-23,0.175
ALA.TO,2017-09-22,0.175
ALA.TO,2017-10-24,0.175
ALA.TO,2017-11-24,0.183
ALA.TO,2017-12-22,0.183
ALA.TO,2018-01-24,0.183
ALA.TO,2018-02-23,0.183
ALA.TO,2018-03-23,0.183
ALA.TO,2018-04-24,0.183
ALA.TO,2018-05-24,0.183
ALA.TO,2018-06-22,0.183
ALA.TO,2018-07-24,0.183
ALA.TO,2018-08-24,0.183
ALA.TO,2018-09-24,0.183
ALA.TO,2018-10-24,0.183
ALA.TO,2018-11-23,0.183
ALA.TO,2018-12-24,0.08
ALA.TO,2019-01-24,0.08
ALA.TO,2019-02-22,0.08
ALA.TO,2019-03-22,0.08
ALA.TO,2019-04-24,0.08
ALA.TO,2019-05-24,0.08
ALA.TO,2019-06-24,0.08
ALA.TO,2019-07-24,0.08
ALA.TO,2019-08-23,0.08
ALA.TO,2019-09-24,0.08
ALA.TO,2019-10-24,0.08
ALA.TO,2019-11-22,0.08
ALA.TO,2019-12-24,0.08
ALA.TO,2020-01-24,0.08
ALA.TO,2020-02-24,0.08
ALA.TO,2020-03-24,0.08
ALA.TO,2020-04-24,0.08
ALA.TO,2020-05-22,0.08
ALA.TO,2020-06-24,0.08
ALA.TO,2020-07-24,0.08
ALA.TO,2020-08-24,0.08
ALA.TO,2020-09-24,0.08
ALA.TO,2020-10-23,0.08
ALA.TO,2020-11-24,0.08
ALA.TO,2020-12-24,0.083
ALA.TO,2021-01-22,0.083
ALA.TO,2021-02-24,0.083
ALA.TO,2021-03-24,0.083
ALA.TO,2021-04-23,0.083
ALA.TO,2021-05-21,0.083
ALA.TO,2021-06-24,0.083
ALA.TO,2021-07-23,0.083
ALA.TO,2021-08-24,0.083
ALA.TO,2021-09-24,0.083
ALA.TO,2021-10-22,0.083
ALA.TO,2021-11-24,0.083
ALA.TO,2021-12-21,0.083
ALA.TO,2022-03-15,0.265
ALA.TO,2022-06-15,0.265
ALA.TO,2022-09-15,0.265
ALA.TO,2022-12-15,0.265
ALA.TO,2023-03-15,0.28
ALA.TO,2023-06-15,0.28
ALA.TO,2023-09-14,0.28
ALA.TO,2023-12-14,0.28
ALA.TO,2024-03-14,0.298
ALA.TO,2024-06-14,0.298
ALA.TO,2024-09-16,0.298
ALA.TO,2024-12-16,0.298
ALA.TO,2025-03-17,0.315
ALA.TO,2025-06-16,0.315
ALA.TO,2025-09-16,0.315
ALC.TO,1996-02-14,0.02
ALC.TO,1996-05-15,0.02
ALC.TO,1996-08-14,0.02
ALC.TO,1996-11-13,0.02
ALC.TO,1997-02-13,0.025
ALC.TO,1997-05-14,0.025
ALC.TO,1997-08-15,0.025
ALC.TO,1997-11-13,0.025
ALC.TO,1998-02-12,0.025
ALC.TO,1998-05-20,0.025
ALC.TO,1998-08-14,0.025
ALC.TO,1998-11-13,0.025
ALC.TO,1999-02-11,0.025
ALC.TO,1999-05-14,0.025
ALC.TO,1999-08-16,0.025
ALC.TO,1999-11-15,0.025
ALC.TO,2000-02-14,0.025
ALC.TO,2000-05-16,0.025
ALC.TO,2000-08-16,0.025
ALC.TO,2000-11-15,0.025
ALC.TO,2001-02-13,0.025
ALC.TO,2001-05-16,0.025
ALC.TO,2001-08-16,0.025
ALC.TO,2001-11-15,0.025
ALC.TO,2002-02-13,0.025
ALC.TO,2002-05-15,0.025
ALC.TO,2002-08-16,0.025
ALC.TO,2002-11-14,0.025
ALC.TO,2003-02-13,0.025
ALC.TO,2003-05-15,0.025
ALC.TO,2003-08-15,0.025
ALC.TO,2003-11-13,0.025
ALC.TO,2004-02-12,0.025
ALC.TO,2004-05-14,0.025
ALC.TO,2004-08-16,0.025
ALC.TO,2004-11-15,0.025
ALC.TO,2005-02-11,0.025
ALC.TO,2005-05-16,0.025
ALC.TO,2005-08-16,0.025
ALC.TO,2005-11-15,0.025
ALC.TO,2006-02-13,0.025
ALC.TO,2006-05-16,0.035
ALC.TO,2006-08-16,0.035
ALC.TO,2006-11-15,0.035
ALC.TO,2007-02-13,0.035
ALC.TO,2007-05-16,0.035
ALC.TO,2007-11-15,0.035
ALC.TO,2008-02-13,0.035
ALC.TO,2008-05-14,0.045
ALC.TO,2008-08-15,0.045
ALC.TO,2008-11-13,0.045
ALC.TO,2009-02-11,0.045
ALC.TO,2009-05-13,0.045
ALC.TO,2009-08-14,0.045
ALC.TO,2009-11-13,0.045
ALC.TO,2010-02-10,0.045
ALC.TO,2010-05-14,0.045
ALC.TO,2010-08-16,0.045
ALC.TO,2010-11-15,0.045
ALC.TO,2011-02-11,0.045
ALC.TO,2011-05-16,0.045
ALC.TO,2011-08-16,0.045
ALC.TO,2011-11-15,0.045
ALC.TO,2012-02-14,0.05
ALC.TO,2012-05-16,0.05
ALC.TO,2012-08-17,0.06
ALC.TO,2012-11-15,0.06
ALC.TO,2013-02-13,0.07
ALC.TO,2013-05-15,0.07
ALC.TO,2013-08-16,0.07
ALC.TO,2013-11-14,0.07
ALC.TO,2014-02-12,0.07
ALC.TO,2014-05-14,0.07
ALC.TO,2014-08-15,0.07
ALC.TO,2014-11-13,0.07
ALC.TO,2015-02-11,0.07
ALC.TO,2015-05-13,0.07
ALC.TO,2015-08-14,0.07
ALC.TO,2015-11-13,0.07
ALC.TO,2016-02-11,0.07
ALC.TO,2016-05-16,0.07
ALC.TO,2016-08-16,0.07
ALC.TO,2016-11-15,0.07
ALC.TO,2017-02-13,0.07
ALC.TO,2017-05-16,0.08
ALC.TO,2017-08-16,0.08
ALC.TO,2017-11-16,0.09
ALC.TO,2018-02-14,0.09
ALC.TO,2018-05-17,0.1
ALC.TO,2018-08-20,0.1
ALC.TO,2018-11-16,0.1
ALC.TO,2019-02-14,0.1
ALC.TO,2019-05-16,0.85
ALC.TO,2019-08-19,0.1
ALC.TO,2019-11-15,0.11
ALC.TO,2020-02-13,0.12
ALC.TO,2020-05-14,0.12
ALC.TO,2020-05-19,0.12
ALC.TO,2020-08-17,0.13
ALC.TO,2020-11-16,0.13
ALC.TO,2020-12-23,2.65
ALC.TO,2021-02-11,0.17
ALC.TO,2021-05-17,0.17
ALC.TO,2021-08-17,0.17
ALC.TO,2021-11-16,0.17
ALC.TO,2022-02-14,0.17
ALC.TO,2022-05-17,0.17
ALC.TO,2022-08-17,0.17
ALC.TO,2022-11-16,0.17
ALC.TO,2023-01-03,1.35
ALC.TO,2023-02-14,0.18
ALC.TO,2023-05-17,0.18
ALC.TO,2023-08-17,0.18
ALC.TO,2023-11-16,0.18
ALC.TO,2024-02-15,0.19
ALC.TO,2024-05-16,0.19
ALC.TO,2024-08-20,0.19
ALC.TO,2024-11-18,0.19
ALC.TO,2025-02-14,0.2
ALC.TO,2025-05-16,0.2
ALC.TO,2025-08-19,0.2
ALC.TO,2025-11-17,0.2
ALS.TO,2015-04-02,0.02
ALS.TO,2015-07-02,0.03
ALS.TO,2015-10-02,0.03
ALS.TO,2016-01-04,0.03
ALS.TO,2016-04-04,0.03
ALS.TO,2016-07-04,0.03
ALS.TO,2016-10-04,0.03
ALS.TO,2017-01-04,0.03
ALS.TO,2017-04-04,0.03
ALS.TO,2017-07-04,0.03
ALS.TO,2017-10-05,0.03
ALS.TO,2018-01-04,0.04
ALS.TO,2018-03-21,0.04
ALS.TO,2018-06-05,0.04
ALS.TO,2018-09-05,0.04
ALS.TO,2018-12-05,0.04
ALS.TO,2019-03-21,0.04
ALS.TO,2019-06-05,0.05
ALS.TO,2019-09-05,0.05
ALS.TO,2019-12-04,0.05
ALS.TO,2020-03-20,0.05
ALS.TO,2020-05-28,0.05
ALS.TO,2020-08-28,0.05
ALS.TO,2020-11-27,0.05
ALS.TO,2021-03-18,0.05
ALS.TO,2021-05-28,0.05
ALS.TO,2021-08-30,0.07
ALS.TO,2021-11-29,0.07
ALS.TO,2022-03-17,0.07
ALS.TO,2022-06-14,0.07
ALS.TO,2022-08-30,0.08
ALS.TO,2022-11-29,0.08
ALS.TO,2023-03-16,0.08
ALS.TO,2023-06-14,0.08
ALS.TO,2023-08-30,0.08
ALS.TO,2023-11-29,0.08
ALS.TO,2024-03-15,0.08
ALS.TO,2024-05-31,0.09
ALS.TO,2024-08-30,0.09
ALS.TO,2024-11-29,0.09
ALS.TO,2025-03-19,0.09
ALS.TO,2025-05-30,0.09
ALS.TO,2025-08-29,0.1
ALS.TO,2025-11-28,0.1
AND.TO,2020-03-30,0.06087
AND.TO,2020-06-29,0.05
AND.TO,2020-09-29,0.05
AND.TO,2020-12-30,0.05
AND.TO,2021-03-30,0.05
AND.TO,2021-06-29,0.05
AND.TO,2021-09-28,0.05
AND.TO,2021-09-29,0.05
AND.TO,2021-12-30,0.05
AND.TO,2022-03-30,0.06
AND.TO,2022-06-29,0.06
AND.TO,2022-09-28,0.07
AND.TO,2022-12-29,0.07
AND.TO,2023-03-30,0.08
AND.TO,2023-06-29,0.08
AND.TO,2023-09-28,0.09
AND.TO,2023-12-28,0.09
AND.TO,2024-03-27,0.1
AND.TO,2024-06-28,0.1
AND.TO,2024-09-27,0.11
AND.TO,2024-12-31,0.11
AND.TO,2025-03-31,0.12
AND.TO,2025-06-30,0.12
AND.TO,2025-09-29,0.12
AQN.TO,2003-10-29,0.077
AQN.TO,2003-11-26,0.077
AQN.TO,2003-12-29,0.077
AQN.TO,2004-01-28,0.23
AQN.TO,2004-02-25,0.23
AQN.TO,2004-03-29,0.23
AQN.TO,2004-04-28,0.23
AQN.TO,2004-05-27,0.23
AQN.TO,2004-06-28,0.23
AQN.TO,2004-07-28,0.23
AQN.TO,2004-08-27,0.23
AQN.TO,2004-09-28,0.23
AQN.TO,2004-10-27,0.23
AQN.TO,2004-11-26,0.23
AQN.TO,2004-12-29,0.23
AQN.TO,2005-01-27,0.077
AQN.TO,2005-02-24,0.077
AQN.TO,2005-03-29,0.077
AQN.TO,2005-04-27,0.077
AQN.TO,2005-05-27,0.077
AQN.TO,2005-06-28,0.077
AQN.TO,2005-07-27,0.077
AQN.TO,2005-08-29,0.077
AQN.TO,2005-09-28,0.077
AQN.TO,2005-10-27,0.077
AQN.TO,2005-11-28,0.077
AQN.TO,2005-12-28,0.077
AQN.TO,2006-01-27,0.077
AQN.TO,2006-02-24,0.077
AQN.TO,2006-03-29,0.077
AQN.TO,2006-04-26,0.077
AQN.TO,2006-05-29,0.077
AQN.TO,2006-06-28,0.077
AQN.TO,2006-07-27,0.077
AQN.TO,2006-08-29,0.077
AQN.TO,2006-09-27,0.077
AQN.TO,2006-10-27,0.077
AQN.TO,2006-11-28,0.077
AQN.TO,2006-12-27,0.077
AQN.TO,2007-01-29,0.077
AQN.TO,2007-02-26,0.077
AQN.TO,2007-03-28,0.077
AQN.TO,2007-04-26,0.077
AQN.TO,2007-05-29,0.077
AQN.TO,2007-06-27,0.077
AQN.TO,2007-07-27,0.077
AQN.TO,2007-08-29,0.077
AQN.TO,2007-09-26,0.077
AQN.TO,2007-10-29,0.077
AQN.TO,2007-11-28,0.077
AQN.TO,2007-12-27,0.077
AQN.TO,2008-01-29,0.077
AQN.TO,2008-02-27,0.077
AQN.TO,2008-03-27,0.077
AQN.TO,2008-04-28,0.077
AQN.TO,2008-05-28,0.077
AQN.TO,2008-06-26,0.077
AQN.TO,2008-07-29,0.077
AQN.TO,2008-08-27,0.077
AQN.TO,2008-09-26,0.077
AQN.TO,2008-10-29,0.02
AQN.TO,2008-11-26,0.02
AQN.TO,2008-12-29,0.02
AQN.TO,2009-01-28,0.02
AQN.TO,2009-02-25,0.02
AQN.TO,2009-03-27,0.02
AQN.TO,2009-04-28,0.02
AQN.TO,2009-05-27,0.02
AQN.TO,2009-06-26,0.02
AQN.TO,2009-07-29,0.02
AQN.TO,2009-08-27,0.02
AQN.TO,2009-09-28,0.02
AQN.TO,2009-12-29,0.02
AQN.TO,2010-03-29,0.06
AQN.TO,2010-06-28,0.06
AQN.TO,2010-09-28,0.06
AQN.TO,2010-12-29,0.06
AQN.TO,2011-03-29,0.065
AQN.TO,2011-06-28,0.065
AQN.TO,2011-09-28,0.07
AQN.TO,2011-12-28,0.07
AQN.TO,2012-03-28,0.07
AQN.TO,2012-06-27,0.07
AQN.TO,2012-09-26,0.078
AQN.TO,2012-12-27,0.077
AQN.TO,2013-03-26,0.078
AQN.TO,2013-06-26,0.085
AQN.TO,2013-09-26,0.085
AQN.TO,2013-12-27,0.085
AQN.TO,2014-03-27,0.085
AQN.TO,2014-06-26,0.085
AQN.TO,2014-09-26,0.097
AQN.TO,2014-12-29,0.102
AQN.TO,2015-03-27,0.109
AQN.TO,2015-06-26,0.119
AQN.TO,2015-09-28,0.128
AQN.TO,2015-12-29,0.134
AQN.TO,2016-03-29,0.127
AQN.TO,2016-06-28,0.138
AQN.TO,2016-09-28,0.14
AQN.TO,2016-12-28,0.144
AQN.TO,2017-03-29,0.156
AQN.TO,2017-06-28,0.154
AQN.TO,2017-09-28,0.145
AQN.TO,2017-12-28,0.147
AQN.TO,2018-03-28,0.15
AQN.TO,2018-06-28,0.171
AQN.TO,2018-09-27,0.167
AQN.TO,2018-12-28,0.175
AQN.TO,2019-03-28,0.172
AQN.TO,2019-06-27,0.185
AQN.TO,2019-09-27,0.187
AQN.TO,2019-12-30,0.184
AQN.TO,2020-03-30,0.197
AQN.TO,2020-06-29,0.212
AQN.TO,2020-09-29,0.207
AQN.TO,2020-12-30,0.199
AQN.TO,2021-03-30,0.195
AQN.TO,2021-06-29,0.21
AQN.TO,2021-09-28,0.215
AQN.TO,2021-12-30,0.218
AQN.TO,2022-03-30,0.213
AQN.TO,2022-06-29,0.233
AQN.TO,2022-09-28,0.248
AQN.TO,2022-12-29,0.246
AQN.TO,2023-03-30,0.147
AQN.TO,2023-06-29,0.144
AQN.TO,2023-09-27,0.147
AQN.TO,2023-12-28,0.143
AQN.TO,2024-03-27,0.147
AQN.TO,2024-06-28,0.149
AQN.TO,2024-09-27,0.088
AQN.TO,2024-12-31,0.093
AQN.TO,2025-03-31,0.093
AQN.TO,2025-06-30,0.089
AQN.TO,2025-09-29,0.091
ARB.TO,2023-12-28,0.26
ARB.TO,2024-03-27,0.26
ARB.TO,2024-06-28,0.26
ARB.TO,2024-09-27,0.26
ARB.TO,2024-12-31,0.26
ARB.TO,2025-03-31,0.26
ARB.TO,2025-06-30,0.26
ARB.TO,2025-09-29,0.26
ARE.TO,2000-12-06,0.1
ARE.TO,2002-04-15,0.12
ARE.TO,2003-04-09,0.03
ARE.TO,2007-11-28,0.07
ARE.TO,2008-03-17,0.05
ARE.TO,2008-06-30,0.05
ARE.TO,2008-09-17,0.05
ARE.TO,2008-12-19,0.05
ARE.TO,2009-03-18,0.05
ARE.TO,2009-06-18,0.05
ARE.TO,2009-09-17,0.05
ARE.TO,2009-12-22,0.05
ARE.TO,2010-03-18,0.05
ARE.TO,2010-06-18,0.05
ARE.TO,2010-09-17,0.05
ARE.TO,2010-12-22,0.05
ARE.TO,2011-03-18,0.05
ARE.TO,2011-06-22,0.05
ARE.TO,2011-09-28,0.05
ARE.TO,2011-12-21,0.05
ARE.TO,2012-03-21,0.07
ARE.TO,2012-06-20,0.07
ARE.TO,2012-09-19,0.07
ARE.TO,2012-12-19,0.07
ARE.TO,2013-03-20,0.08
ARE.TO,2013-06-19,0.08
ARE.TO,2013-09-18,0.08
ARE.TO,2013-12-19,0.08
ARE.TO,2014-03-19,0.09
ARE.TO,2014-06-18,0.09
ARE.TO,2014-09-17,0.09
ARE.TO,2015-03-18,0.1
ARE.TO,2015-06-18,0.1
ARE.TO,2015-09-17,0.1
ARE.TO,2015-12-22,0.1
ARE.TO,2016-03-18,0.115
ARE.TO,2016-06-22,0.115
ARE.TO,2016-09-21,0.115
ARE.TO,2016-12-21,0.115
ARE.TO,2017-03-22,0.125
ARE.TO,2017-06-21,0.125
ARE.TO,2017-09-21,0.125
ARE.TO,2017-12-21,0.125
ARE.TO,2018-03-22,0.125
ARE.TO,2018-06-22,0.125
ARE.TO,2018-09-20,0.125
ARE.TO,2018-12-20,0.125
ARE.TO,2019-03-21,0.145
ARE.TO,2019-06-20,0.145
ARE.TO,2019-09-19,0.145
ARE.TO,2019-12-23,0.145
ARE.TO,2020-03-20,0.16
ARE.TO,2020-06-22,0.16
ARE.TO,2020-09-21,0.16
ARE.TO,2020-12-23,0.16
ARE.TO,2021-03-22,0.175
ARE.TO,2021-06-24,0.175
ARE.TO,2021-09-23,0.175
ARE.TO,2021-12-23,0.175
ARE.TO,2022-03-24,0.185
ARE.TO,2022-06-23,0.185
ARE.TO,2022-09-22,0.185
ARE.TO,2022-12-22,0.185
ARE.TO,2023-03-23,0.185
ARE.TO,2023-06-22,0.185
ARE.TO,2023-09-21,0.185
ARE.TO,2023-12-21,0.185
ARE.TO,2024-03-21,0.19
ARE.TO,2024-06-21,0.19
ARE.TO,2024-09-20,0.19
ARE.TO,2024-12-24,0.19
ARE.TO,2025-03-21,0.19
ARE.TO,2025-06-23,0.19
ARE.TO,2025-09-22,0.19
ARG.TO,2005-08-17,0.045
ARG.TO,2006-03-29,0.045
ARG.TO,2006-08-16,0.045
ARG.TO,2007-03-23,0.065
ARG.TO,2007-08-20,0.065
ARG.TO,2008-03-20,0.065
ARG.TO,2008-08-20,0.065
ARG.TO,2011-04-19,0.02
ARG.TO,2011-11-14,0.02
ARG.TO,2012-05-14,0.02
ARG.TO,2012-11-15,0.02
ARG.TO,2021-11-29,0.02
ARG.TO,2022-03-03,0.03
ARG.TO,2022-05-27,0.03
ARG.TO,2022-08-30,0.03
ARG.TO,2022-11-29,0.03
ARG.TO,2023-03-03,0.03
ARG.TO,2023-05-29,0.03
ARG.TO,2023-08-29,0.03
ARG.TO,2023-11-29,0.03
ARG.TO,2024-03-05,0.03
ARG.TO,2024-05-30,0.03
ARG.TO,2024-07-16,0.04
ARG.TO,2024-08-30,0.03
ARG.TO,2024-11-29,0.03
ARG.TO,2025-03-06,0.03
ARG.TO,2025-05-30,0.03
ARG.TO,2025-08-29,0.03
ARG.TO,2025-11-28,0.04
ARIS.TO,2020-09-29,0.015
ARIS.TO,2020-11-27,0.015
ARIS.TO,2020-12-30,0.015
ARIS.TO,2021-01-28,0.015
ARIS.TO,2021-02-25,0.015
ARIS.TO,2021-03-30,0.015
ARIS.TO,2021-04-29,0.015
ARIS.TO,2021-05-28,0.015
ARIS.TO,2021-06-29,0.015
ARIS.TO,2021-07-29,0.015
ARIS.TO,2021-08-30,0.015
ARIS.TO,2021-09-28,0.015
ARIS.TO,2021-10-28,0.015
ARIS.TO,2021-11-29,0.015
ARIS.TO,2021-12-30,0.015
ARIS.TO,2022-01-28,0.015
ARIS.TO,2022-02-25,0.015
ARIS.TO,2022-03-30,0.015
ARIS.TO,2022-04-28,0.015
ARIS.TO,2022-05-30,0.015
ARIS.TO,2022-06-29,0.015
ARIS.TO,2022-07-28,0.015
ARIS.TO,2022-08-30,0.015
ARX.TO,1996-09-26,0.09
ARX.TO,1996-12-27,0.202
ARX.TO,1997-03-26,0.302
ARX.TO,1997-06-26,0.382
ARX.TO,1997-07-29,0.378
ARX.TO,1997-09-26,0.368
ARX.TO,1997-10-29,0.368
ARX.TO,1997-11-26,0.368
ARX.TO,1997-12-29,0.35
ARX.TO,1998-01-28,0.35
ARX.TO,1998-02-25,0.35
ARX.TO,1998-03-27,0.325
ARX.TO,1998-04-28,0.325
ARX.TO,1998-05-27,0.325
ARX.TO,1998-06-26,0.32
ARX.TO,1998-07-29,0.32
ARX.TO,1998-08-27,0.32
ARX.TO,1998-09-28,0.32
ARX.TO,1998-10-28,0.32
ARX.TO,1998-11-26,0.32
ARX.TO,1998-12-29,0.32
ARX.TO,1999-01-27,0.3
ARX.TO,1999-02-24,0.3
ARX.TO,1999-03-29,0.3
ARX.TO,1999-04-28,0.3
ARX.TO,1999-05-27,0.3
ARX.TO,1999-06-28,0.3
ARX.TO,1999-07-28,0.3
ARX.TO,1999-08-27,0.3
ARX.TO,1999-09-28,0.313
ARX.TO,1999-10-27,0.325
ARX.TO,1999-11-26,0.338
ARX.TO,1999-12-29,0.338
ARX.TO,2000-01-27,0.17
ARX.TO,2000-02-25,0.17
ARX.TO,2000-03-29,0.17
ARX.TO,2000-04-26,0.17
ARX.TO,2000-05-26,0.17
ARX.TO,2000-06-28,0.17
ARX.TO,2000-07-27,0.17
ARX.TO,2000-08-29,0.2
ARX.TO,2000-09-27,0.2
ARX.TO,2000-10-27,0.2
ARX.TO,2000-11-28,0.1
ARX.TO,2000-12-27,0.15
ARX.TO,2001-01-29,0.13
ARX.TO,2001-02-26,0.13
ARX.TO,2001-03-28,0.13
ARX.TO,2001-04-26,0.13
ARX.TO,2001-05-29,0.13
ARX.TO,2001-06-26,0.22
ARX.TO,2001-06-27,0.15
ARX.TO,2001-07-27,0.15
ARX.TO,2001-08-29,0.15
ARX.TO,2001-09-26,0.15
ARX.TO,2001-10-29,0.15
ARX.TO,2001-11-28,0.15
ARX.TO,2001-12-27,0.15
ARX.TO,2002-01-29,0.15
ARX.TO,2002-02-26,0.13
ARX.TO,2002-03-26,0.15
ARX.TO,2002-04-26,0.15
ARX.TO,2002-05-29,0.13
ARX.TO,2002-06-26,0.13
ARX.TO,2002-07-29,0.15
ARX.TO,2002-08-28,0.13
ARX.TO,2002-09-26,0.13
ARX.TO,2002-10-29,0.15
ARX.TO,2002-11-27,0.13
ARX.TO,2002-12-27,0.13
ARX.TO,2003-01-29,0.15
ARX.TO,2003-02-26,0.15
ARX.TO,2003-03-27,0.15
ARX.TO,2003-04-28,0.15
ARX.TO,2003-05-28,0.15
ARX.TO,2003-06-26,0.15
ARX.TO,2003-07-29,0.15
ARX.TO,2003-08-27,0.15
ARX.TO,2003-09-26,0.15
ARX.TO,2003-10-29,0.15
ARX.TO,2003-11-26,0.15
ARX.TO,2003-12-29,0.15
ARX.TO,2004-01-28,0.15
ARX.TO,2004-02-25,0.15
ARX.TO,2004-03-29,0.15
ARX.TO,2004-04-28,0.15
ARX.TO,2004-05-27,0.15
ARX.TO,2004-06-28,0.15
ARX.TO,2004-07-28,0.15
ARX.TO,2004-08-27,0.15
ARX.TO,2004-09-28,0.15
ARX.TO,2004-10-27,0.15
ARX.TO,2004-11-26,0.15
ARX.TO,2004-12-29,0.15
ARX.TO,2005-01-27,0.15
ARX.TO,2005-02-24,0.15
ARX.TO,2005-03-29,0.15
ARX.TO,2005-04-27,0.15
ARX.TO,2005-05-27,0.15
ARX.TO,2005-06-28,0.15
ARX.TO,2005-07-27,0.15
ARX.TO,2005-08-29,0.17
ARX.TO,2005-09-28,0.17
ARX.TO,2005-10-27,0.2
ARX.TO,2005-11-28,0.2
ARX.TO,2005-12-28,0.2
ARX.TO,2006-01-27,0.2
ARX.TO,2006-02-24,0.2
ARX.TO,2006-03-29,0.2
ARX.TO,2006-04-26,0.2
ARX.TO,2006-05-29,0.2
ARX.TO,2006-06-28,0.2
ARX.TO,2006-07-27,0.2
ARX.TO,2006-08-29,0.2
ARX.TO,2006-09-27,0.2
ARX.TO,2006-10-27,0.2
ARX.TO,2006-11-28,0.2
ARX.TO,2006-12-27,0.2
ARX.TO,2007-01-29,0.2
ARX.TO,2007-02-26,0.2
ARX.TO,2007-03-28,0.2
ARX.TO,2007-04-26,0.2
ARX.TO,2007-05-29,0.2
ARX.TO,2007-06-27,0.2
ARX.TO,2007-07-27,0.2
ARX.TO,2007-08-29,0.2
ARX.TO,2007-09-26,0.2
ARX.TO,2007-10-29,0.2
ARX.TO,2007-11-28,0.2
ARX.TO,2007-12-27,0.2
ARX.TO,2008-01-29,0.2
ARX.TO,2008-02-27,0.2
ARX.TO,2008-03-27,0.2
ARX.TO,2008-04-28,0.2
ARX.TO,2008-05-28,0.24
ARX.TO,2008-06-26,0.24
ARX.TO,2008-07-29,0.28
ARX.TO,2008-08-27,0.28
ARX.TO,2008-09-26,0.24
ARX.TO,2008-10-29,0.24
ARX.TO,2008-11-26,0.2
ARX.TO,2008-12-29,0.15
ARX.TO,2009-01-28,0.12
ARX.TO,2009-02-25,0.12
ARX.TO,2009-03-27,0.12
ARX.TO,2009-04-28,0.12
ARX.TO,2009-05-27,0.1
ARX.TO,2009-06-26,0.1
ARX.TO,2009-07-29,0.1
ARX.TO,2009-08-27,0.1
ARX.TO,2009-09-28,0.1
ARX.TO,2009-10-28,0.1
ARX.TO,2009-11-26,0.1
ARX.TO,2009-12-29,0.1
ARX.TO,2010-01-27,0.1
ARX.TO,2010-02-24,0.1
ARX.TO,2010-03-29,0.1
ARX.TO,2010-04-28,0.1
ARX.TO,2010-05-27,0.1
ARX.TO,2010-06-28,0.1
ARX.TO,2010-07-28,0.1
ARX.TO,2010-08-27,0.1
ARX.TO,2010-09-28,0.1
ARX.TO,2010-10-27,0.1
ARX.TO,2010-11-26,0.1
ARX.TO,2010-12-29,0.1
ARX.TO,2011-01-27,0.1
ARX.TO,2011-02-24,0.1
ARX.TO,2011-03-29,0.1
ARX.TO,2011-04-27,0.1
ARX.TO,2011-05-27,0.1
ARX.TO,2011-06-28,0.1
ARX.TO,2011-07-27,0.1
ARX.TO,2011-08-29,0.1
ARX.TO,2011-09-28,0.1
ARX.TO,2011-10-27,0.1
ARX.TO,2011-11-28,0.1
ARX.TO,2011-12-28,0.1
ARX.TO,2012-01-27,0.1
ARX.TO,2012-02-27,0.1
ARX.TO,2012-03-28,0.1
ARX.TO,2012-04-26,0.1
ARX.TO,2012-05-29,0.1
ARX.TO,2012-06-27,0.1
ARX.TO,2012-07-27,0.1
ARX.TO,2012-08-29,0.1
ARX.TO,2012-09-26,0.1
ARX.TO,2012-10-29,0.1
ARX.TO,2012-11-28,0.1
ARX.TO,2012-12-27,0.1
ARX.TO,2013-01-29,0.1
ARX.TO,2013-02-26,0.1
ARX.TO,2013-03-26,0.1
ARX.TO,2013-04-26,0.1
ARX.TO,2013-05-29,0.1
ARX.TO,2013-06-26,0.1
ARX.TO,2013-07-29,0.1
ARX.TO,2013-08-28,0.1
ARX.TO,2013-09-26,0.1
ARX.TO,2013-10-29,0.1
ARX.TO,2013-11-27,0.1
ARX.TO,2013-12-27,0.1
ARX.TO,2014-01-29,0.1
ARX.TO,2014-02-26,0.1
ARX.TO,2014-03-27,0.1
ARX.TO,2014-04-28,0.1
ARX.TO,2014-05-28,0.1
ARX.TO,2014-06-26,0.1
ARX.TO,2014-07-29,0.1
ARX.TO,2014-08-27,0.1
ARX.TO,2014-09-26,0.1
ARX.TO,2014-10-29,0.1
ARX.TO,2014-11-26,0.1
ARX.TO,2014-12-29,0.1
ARX.TO,2015-01-28,0.1
ARX.TO,2015-02-25,0.1
ARX.TO,2015-03-27,0.1
ARX.TO,2015-04-28,0.1
ARX.TO,2015-05-27,0.1
ARX.TO,2015-06-26,0.1
ARX.TO,2015-07-29,0.1
ARX.TO,2015-08-27,0.1
ARX.TO,2015-09-28,0.1
ARX.TO,2015-10-28,0.1
ARX.TO,2015-11-26,0.1
ARX.TO,2015-12-29,0.1
ARX.TO,2016-01-27,0.1
ARX.TO,2016-02-25,0.05
ARX.TO,2016-03-29,0.05
ARX.TO,2016-04-27,0.05
ARX.TO,2016-05-27,0.05
ARX.TO,2016-06-28,0.05
ARX.TO,2016-07-27,0.05
ARX.TO,2016-08-29,0.05
ARX.TO,2016-09-28,0.05
ARX.TO,2016-10-27,0.05
ARX.TO,2016-11-28,0.05
ARX.TO,2016-12-28,0.05
ARX.TO,2017-01-27,0.05
ARX.TO,2017-02-24,0.05
ARX.TO,2017-03-29,0.05
ARX.TO,2017-04-26,0.05
ARX.TO,2017-05-29,0.05
ARX.TO,2017-06-28,0.05
ARX.TO,2017-07-27,0.05
ARX.TO,2017-08-29,0.05
ARX.TO,2017-09-28,0.05
ARX.TO,2017-10-30,0.05
ARX.TO,2017-11-29,0.05
ARX.TO,2017-12-28,0.05
ARX.TO,2018-01-30,0.05
ARX.TO,2018-02-27,0.05
ARX.TO,2018-03-28,0.05
ARX.TO,2018-04-27,0.05
ARX.TO,2018-05-30,0.05
ARX.TO,2018-06-28,0.05
ARX.TO,2018-07-30,0.05
ARX.TO,2018-08-30,0.05
ARX.TO,2018-09-27,0.05
ARX.TO,2018-10-30,0.05
ARX.TO,2018-11-29,0.05
ARX.TO,2018-12-28,0.05
ARX.TO,2019-01-30,0.05
ARX.TO,2019-02-27,0.05
ARX.TO,2019-03-28,0.05
ARX.TO,2019-04-29,0.05
ARX.TO,2019-05-30,0.05
ARX.TO,2019-06-27,0.05
ARX.TO,2019-07-30,0.05
ARX.TO,2019-08-29,0.05
ARX.TO,2019-09-27,0.05
ARX.TO,2019-10-30,0.05
ARX.TO,2019-11-28,0.05
ARX.TO,2019-12-30,0.05
ARX.TO,2020-01-30,0.05
ARX.TO,2020-02-27,0.05
ARX.TO,2020-03-30,0.02
ARX.TO,2020-06-29,0.06
ARX.TO,2020-09-29,0.06
ARX.TO,2020-12-30,0.06
ARX.TO,2021-03-30,0.06
ARX.TO,2021-06-29,0.06
ARX.TO,2021-09-28,0.066
ARX.TO,2021-12-30,0.1
ARX.TO,2022-03-30,0.1
ARX.TO,2022-06-29,0.12
ARX.TO,2022-09-28,0.12
ARX.TO,2022-12-29,0.15
ARX.TO,2023-03-30,0.15
ARX.TO,2023-06-29,0.17
ARX.TO,2023-09-28,0.17
ARX.TO,2023-12-28,0.17
ARX.TO,2024-03-27,0.17
ARX.TO,2024-06-28,0.17
ARX.TO,2024-09-27,0.17
ARX.TO,2024-12-31,0.19
ARX.TO,2025-03-31,0.19
ARX.TO,2025-06-30,0.19
ARX.TO,2025-09-29,0.19
ASML.TO,2025-10-29,0.044
ASTL.TO,2022-02-25,0.064
ASTL.TO,2022-06-24,0.065
ASTL.TO,2022-08-30,0.065
ASTL.TO,2022-11-29,0.067
ASTL.TO,2023-02-27,0.068
ASTL.TO,2023-06-30,0.066
ASTL.TO,2023-08-24,0.068
ASTL.TO,2023-11-29,0.068
ASTL.TO,2024-02-28,0.068
ASTL.TO,2024-07-02,0.069
ASTL.TO,2024-08-23,0.068
ASTL.TO,2024-11-27,0.07
ASTL.TO,2025-03-21,0.072
ASTL.TO,2025-05-13,0.07
ATD.TO,2005-11-22,0.004167
ATD.TO,2006-03-14,0.004167
ATD.TO,2006-07-19,0.004167
ATD.TO,2006-09-06,0.004167
ATD.TO,2006-11-28,0.005
ATD.TO,2007-03-20,0.005
ATD.TO,2007-07-24,0.005
ATD.TO,2007-08-31,0.005
ATD.TO,2007-11-27,0.005833
ATD.TO,2008-03-20,0.005833
ATD.TO,2008-07-22,0.005833
ATD.TO,2008-09-09,0.005833
ATD.TO,2008-12-02,0.005833
ATD.TO,2009-03-23,0.005833
ATD.TO,2009-07-21,0.005833
ATD.TO,2009-09-01,0.005833
ATD.TO,2009-12-01,0.005833
ATD.TO,2010-03-16,0.006667
ATD.TO,2010-07-20,0.006667
ATD.TO,2010-08-31,0.006667
ATD.TO,2010-11-30,0.008333
ATD.TO,2011-03-17,0.008333
ATD.TO,2011-07-19,0.0105
ATD.TO,2011-09-07,0.0105
ATD.TO,2011-11-30,0.0125
ATD.TO,2012-03-21,0.0125
ATD.TO,2012-07-17,0.0125
ATD.TO,2012-09-12,0.0125
ATD.TO,2012-12-04,0.0125
ATD.TO,2013-03-26,0.0125
ATD.TO,2013-07-16,0.0125
ATD.TO,2013-09-09,0.014667
ATD.TO,2013-12-03,0.016667
ATD.TO,2014-03-25,0.016667
ATD.TO,2014-07-14,0.02
ATD.TO,2014-09-10,0.0225
ATD.TO,2014-12-02,0.0225
ATD.TO,2015-03-24,0.0225
ATD.TO,2015-07-21,0.0275
ATD.TO,2015-12-01,0.034
ATD.TO,2016-03-22,0.034
ATD.TO,2016-07-19,0.039
ATD.TO,2016-09-07,0.039
ATD.TO,2016-11-29,0.045
ATD.TO,2017-03-21,0.045
ATD.TO,2017-07-19,0.045
ATD.TO,2017-09-14,0.045
ATD.TO,2017-12-06,0.045
ATD.TO,2018-03-28,0.045
ATD.TO,2018-07-17,0.05
ATD.TO,2018-09-13,0.05
ATD.TO,2018-12-05,0.05
ATD.TO,2019-03-27,0.0625
ATD.TO,2019-07-17,0.0625
ATD.TO,2019-09-12,0.0625
ATD.TO,2019-12-04,0.063
ATD.TO,2020-03-25,0.07
ATD.TO,2020-07-08,0.07
ATD.TO,2020-09-10,0.07
ATD.TO,2020-12-02,0.088
ATD.TO,2021-03-25,0.088
ATD.TO,2021-07-07,0.088
ATD.TO,2021-09-08,0.088
ATD.TO,2021-12-01,0.11
ATD.TO,2022-03-23,0.11
ATD.TO,2022-07-07,0.11
ATD.TO,2022-09-07,0.11
ATD.TO,2022-11-30,0.14
ATD.TO,2023-03-22,0.14
ATD.TO,2023-07-06,0.14
ATD.TO,2023-09-14,0.14
ATD.TO,2023-12-06,0.175
ATD.TO,2024-03-28,0.175
ATD.TO,2024-07-05,0.175
ATD.TO,2024-09-13,0.175
ATD.TO,2024-12-04,0.195
ATD.TO,2025-03-27,0.195
ATD.TO,2025-07-07,0.195
ATD.TO,2025-09-11,0.195
ATD.TO,2025-12-03,0.215
ATRL.TO,2002-08-14,0.03
ATRL.TO,2002-11-19,0.03
ATRL.TO,2003-03-19,0.033333
ATRL.TO,2003-05-20,0.033333
ATRL.TO,2003-08-20,0.033333
ATRL.TO,2003-11-18,0.033333
ATRL.TO,2004-03-17,0.043333
ATRL.TO,2004-05-18,0.043333
ATRL.TO,2004-08-18,0.043333
ATRL.TO,2004-11-16,0.043333
ATRL.TO,2005-03-16,0.053333
ATRL.TO,2005-05-17,0.053333
ATRL.TO,2005-08-17,0.053333
ATRL.TO,2005-11-15,0.053333
ATRL.TO,2006-03-15,0.07
ATRL.TO,2006-05-16,0.07
ATRL.TO,2006-08-16,0.07
ATRL.TO,2006-11-14,0.07
ATRL.TO,2007-03-07,0.09
ATRL.TO,2007-05-16,0.09
ATRL.TO,2007-08-15,0.09
ATRL.TO,2007-11-13,0.09
ATRL.TO,2008-03-18,0.12
ATRL.TO,2008-05-13,0.12
ATRL.TO,2008-08-11,0.12
ATRL.TO,2008-11-10,0.12
ATRL.TO,2009-05-19,0.15
ATRL.TO,2009-08-19,0.15
ATRL.TO,2009-11-17,0.15
ATRL.TO,2010-03-17,0.17
ATRL.TO,2010-05-18,0.17
ATRL.TO,2010-08-18,0.17
ATRL.TO,2010-11-17,0.17
ATRL.TO,2011-03-16,0.21
ATRL.TO,2011-05-17,0.21
ATRL.TO,2011-08-17,0.21
ATRL.TO,2011-11-16,0.21
ATRL.TO,2012-04-03,0.22
ATRL.TO,2012-05-15,0.22
ATRL.TO,2012-08-15,0.22
ATRL.TO,2012-11-14,0.22
ATRL.TO,2013-03-20,0.23
ATRL.TO,2013-05-14,0.23
ATRL.TO,2013-08-14,0.23
ATRL.TO,2013-11-13,0.23
ATRL.TO,2014-03-18,0.24
ATRL.TO,2014-05-20,0.24
ATRL.TO,2014-08-20,0.24
ATRL.TO,2014-11-18,0.24
ATRL.TO,2015-03-17,0.25
ATRL.TO,2015-05-19,0.25
ATRL.TO,2015-08-18,0.25
ATRL.TO,2015-11-17,0.25
ATRL.TO,2016-03-15,0.26
ATRL.TO,2016-05-17,0.26
ATRL.TO,2016-08-16,0.26
ATRL.TO,2016-11-15,0.26
ATRL.TO,2017-03-14,0.273
ATRL.TO,2017-05-16,0.273
ATRL.TO,2017-08-15,0.273
ATRL.TO,2017-11-15,0.273
ATRL.TO,2018-03-07,0.287
ATRL.TO,2018-05-16,0.287
ATRL.TO,2018-08-15,0.287
ATRL.TO,2018-11-14,0.287
ATRL.TO,2019-03-07,0.1
ATRL.TO,2019-05-15,0.1
ATRL.TO,2019-08-14,0.02
ATRL.TO,2019-11-13,0.02
ATRL.TO,2020-03-12,0.02
ATRL.TO,2020-05-20,0.02
ATRL.TO,2020-08-13,0.02
ATRL.TO,2020-11-12,0.02
ATRL.TO,2021-03-22,0.02
ATRL.TO,2021-05-27,0.02
ATRL.TO,2021-08-12,0.02
ATRL.TO,2021-11-10,0.02
ATRL.TO,2022-03-16,0.02
ATRL.TO,2022-05-18,0.02
ATRL.TO,2022-08-17,0.02
ATRL.TO,2022-11-17,0.02
ATRL.TO,2023-03-16,0.02
ATRL.TO,2023-05-19,0.02
ATRL.TO,2023-08-16,0.02
ATRL.TO,2023-11-23,0.02
ATRL.TO,2024-03-14,0.02
ATRL.TO,2024-05-29,0.02
ATRL.TO,2024-08-23,0.02
ATRL.TO,2024-11-28,0.02
ATRL.TO,2025-03-27,0.02
ATRL.TO,2025-05-29,0.02
ATRL.TO,2025-08-21,0.02
ATRL.TO,2025-11-27,0.02
ATSX.TO,2019-09-27,0.1
ATSX.TO,2019-12-30,0.1
ATSX.TO,2020-03-30,0.1
ATSX.TO,2020-06-29,0.1
ATSX.TO,2020-09-29,0.1
ATSX.TO,2020-12-30,0.1
ATSX.TO,2021-03-30,0.1
ATSX.TO,2021-06-29,0.1
ATSX.TO,2021-09-28,0.42
ATSX.TO,2021-12-29,0.42
ATSX.TO,2022-03-30,0.42
ATSX.TO,2022-06-29,0.42
ATSX.TO,2022-09-28,0.42
ATSX.TO,2022-12-29,0.42
ATSX.TO,2023-03-30,0.42
ATSX.TO,2023-06-29,0.42
ATSX.TO,2023-09-28,0.42
ATSX.TO,2023-12-28,0.42
ATSX.TO,2024-03-27,0.42
AW.TO,2024-12-13,0.375
AW.TO,2025-03-14,0.48
AW.TO,2025-06-13,0.48
AW.TO,2025-09-15,0.48
BCE.TO,1996-06-12,0.34
BCE.TO,1996-09-11,0.34
BCE.TO,1996-12-11,0.34
BCE.TO,1997-03-12,0.34
BCE.TO,1997-06-11,0.34
BCE.TO,1997-09-11,0.34
BCE.TO,1997-09-29,0.33
BCE.TO,1997-12-11,0.34
BCE.TO,1998-03-11,0.34
BCE.TO,1998-06-11,0.34
BCE.TO,1998-09-11,0.34
BCE.TO,1998-12-11,0.34
BCE.TO,1999-03-11,0.34
BCE.TO,1999-06-11,0.34
BCE.TO,1999-09-13,0.34
BCE.TO,1999-12-13,0.34
BCE.TO,2000-03-13,0.34
BCE.TO,2000-05-03,133.522
BCE.TO,2000-06-13,0.3
BCE.TO,2000-09-13,0.3
BCE.TO,2000-12-13,0.3
BCE.TO,2001-03-13,0.3
BCE.TO,2001-06-13,0.3
BCE.TO,2001-09-13,0.3
BCE.TO,2001-12-12,0.3
BCE.TO,2002-03-13,0.3
BCE.TO,2002-06-12,0.3
BCE.TO,2002-09-11,0.3
BCE.TO,2002-12-11,0.3
BCE.TO,2003-03-13,0.3
BCE.TO,2003-06-12,0.3
BCE.TO,2003-09-11,0.3
BCE.TO,2003-12-11,0.3
BCE.TO,2004-03-11,0.3
BCE.TO,2004-06-11,0.3
BCE.TO,2004-09-13,0.3
BCE.TO,2004-12-13,0.3
BCE.TO,2005-03-11,0.33
BCE.TO,2005-06-13,0.33
BCE.TO,2005-09-13,0.33
BCE.TO,2005-12-13,0.33
BCE.TO,2006-03-13,0.33
BCE.TO,2006-06-13,0.33
BCE.TO,2006-09-13,0.33
BCE.TO,2006-12-13,0.33
BCE.TO,2007-03-13,0.365
BCE.TO,2007-06-13,0.365
BCE.TO,2007-09-12,0.365
BCE.TO,2007-12-12,0.365
BCE.TO,2008-03-12,0.365
BCE.TO,2008-12-19,0.365
BCE.TO,2009-03-12,0.385
BCE.TO,2009-06-11,0.385
BCE.TO,2009-09-11,0.405
BCE.TO,2009-12-11,0.405
BCE.TO,2010-03-11,0.435
BCE.TO,2010-06-11,0.435
BCE.TO,2010-09-13,0.458
BCE.TO,2010-12-13,0.458
BCE.TO,2011-03-11,0.493
BCE.TO,2011-06-13,0.518
BCE.TO,2011-09-13,0.518
BCE.TO,2011-12-13,0.518
BCE.TO,2012-03-13,0.543
BCE.TO,2012-06-13,0.543
BCE.TO,2012-09-12,0.568
BCE.TO,2012-12-12,0.568
BCE.TO,2013-03-13,0.583
BCE.TO,2013-06-12,0.583
BCE.TO,2013-09-12,0.583
BCE.TO,2013-12-12,0.583
BCE.TO,2014-03-12,0.618
BCE.TO,2014-06-12,0.618
BCE.TO,2014-09-11,0.618
BCE.TO,2014-12-11,0.618
BCE.TO,2015-03-12,0.65
BCE.TO,2015-06-11,0.65
BCE.TO,2015-09-11,0.65
BCE.TO,2015-12-11,0.65
BCE.TO,2016-03-11,0.683
BCE.TO,2016-06-13,0.683
BCE.TO,2016-09-13,0.683
BCE.TO,2016-12-13,0.683
BCE.TO,2017-03-13,0.718
BCE.TO,2017-06-13,0.718
BCE.TO,2017-09-14,0.718
BCE.TO,2017-12-14,0.718
BCE.TO,2018-03-14,0.755
BCE.TO,2018-06-14,0.755
BCE.TO,2018-09-13,0.755
BCE.TO,2018-12-13,0.755
BCE.TO,2019-03-14,0.793
BCE.TO,2019-06-13,0.793
BCE.TO,2019-09-13,0.793
BCE.TO,2019-12-13,0.793
BCE.TO,2020-03-13,0.833
BCE.TO,2020-06-12,0.833
BCE.TO,2020-09-14,0.833
BCE.TO,2020-12-14,0.833
BCE.TO,2021-03-12,0.875
BCE.TO,2021-06-14,0.875
BCE.TO,2021-09-14,0.875
BCE.TO,2021-12-14,0.875
BCE.TO,2022-03-14,0.92
BCE.TO,2022-06-14,0.92
BCE.TO,2022-09-14,0.92
BCE.TO,2022-12-14,0.92
BCE.TO,2023-03-14,0.968
BCE.TO,2023-06-14,0.968
BCE.TO,2023-09-14,0.968
BCE.TO,2023-12-14,0.968
BCE.TO,2024-03-14,0.998
BCE.TO,2024-06-14,0.998
BCE.TO,2024-09-16,0.998
BCE.TO,2024-12-16,0.998
BCE.TO,2025-03-14,0.998
BCE.TO,2025-06-16,0.438
BCE.TO,2025-09-15,0.438
BDGI.TO,2004-04-28,0.066667
BDGI.TO,2004-05-27,0.066667
BDGI.TO,2004-06-28,0.066667
BDGI.TO,2004-07-28,0.066667
BDGI.TO,2004-08-27,0.07
BDGI.TO,2004-09-28,0.07
BDGI.TO,2004-10-27,0.07
BDGI.TO,2004-11-26,0.073333
BDGI.TO,2004-12-29,0.073333
BDGI.TO,2005-01-27,0.024667
BDGI.TO,2005-02-24,0.024667
BDGI.TO,2005-03-29,0.025667
BDGI.TO,2005-04-27,0.025667
BDGI.TO,2005-05-27,0.027
BDGI.TO,2005-06-28,0.027
BDGI.TO,2005-07-27,0.031333
BDGI.TO,2005-08-29,0.032667
BDGI.TO,2005-09-28,0.032667
BDGI.TO,2005-10-27,0.032667
BDGI.TO,2005-11-28,0.032667
BDGI.TO,2005-12-28,0.032667
BDGI.TO,2006-01-27,0.032667
BDGI.TO,2006-02-24,0.032667
BDGI.TO,2006-03-29,0.032667
BDGI.TO,2006-04-26,0.032667
BDGI.TO,2006-05-29,0.035
BDGI.TO,2006-06-28,0.035
BDGI.TO,2006-07-27,0.035
BDGI.TO,2006-08-29,0.035
BDGI.TO,2006-09-27,0.035
BDGI.TO,2006-10-27,0.035
BDGI.TO,2006-11-28,0.035
BDGI.TO,2006-12-27,0.035
BDGI.TO,2007-01-29,0.035
BDGI.TO,2007-02-26,0.035
BDGI.TO,2007-03-28,0.035
BDGI.TO,2007-04-26,0.035
BDGI.TO,2007-05-29,0.035
BDGI.TO,2007-06-27,0.035
BDGI.TO,2007-07-27,0.035
BDGI.TO,2007-08-29,0.035
BDGI.TO,2007-09-26,0.035
BDGI.TO,2007-10-29,0.035
BDGI.TO,2007-11-28,0.035
BDGI.TO,2007-12-27,0.035
BDGI.TO,2008-01-29,0.035
BDGI.TO,2008-02-27,0.035
BDGI.TO,2008-03-27,0.035
BDGI.TO,2008-04-28,0.035
BDGI.TO,2008-05-28,0.035
BDGI.TO,2008-06-26,0.035
BDGI.TO,2008-07-29,0.035
BDGI.TO,2008-08-27,0.035
BDGI.TO,2008-09-26,0.035
BDGI.TO,2008-10-29,0.035
BDGI.TO,2008-11-26,0.035
BDGI.TO,2008-12-29,0.035
BDGI.TO,2009-01-28,0.035
BDGI.TO,2009-02-25,0.035
BDGI.TO,2009-03-27,0.035
BDGI.TO,2009-04-28,0.035
BDGI.TO,2009-05-27,0.035
BDGI.TO,2009-06-26,0.035
BDGI.TO,2009-07-29,0.035
BDGI.TO,2009-08-27,0.035
BDGI.TO,2009-09-28,0.035
BDGI.TO,2009-10-28,0.035
BDGI.TO,2009-11-26,0.035
BDGI.TO,2009-12-29,0.035
BDGI.TO,2010-01-27,0.035
BDGI.TO,2010-02-24,0.035
BDGI.TO,2010-03-29,0.035
BDGI.TO,2010-04-28,0.035
BDGI.TO,2010-05-27,0.035
BDGI.TO,2010-06-28,0.035
BDGI.TO,2010-07-28,0.035
BDGI.TO,2010-08-27,0.035
BDGI.TO,2010-09-28,0.035
BDGI.TO,2010-10-27,0.035
BDGI.TO,2010-11-26,0.035
BDGI.TO,2010-12-29,0.035
BDGI.TO,2011-01-27,0.028333
BDGI.TO,2011-02-24,0.028333
BDGI.TO,2011-03-29,0.028333
BDGI.TO,2011-04-21,0.028333
BDGI.TO,2011-05-27,0.028333
BDGI.TO,2011-06-28,0.028333
BDGI.TO,2011-07-27,0.028333
BDGI.TO,2011-08-29,0.028333
BDGI.TO,2011-09-28,0.028333
BDGI.TO,2011-10-27,0.028333
BDGI.TO,2011-11-28,0.028333
BDGI.TO,2011-12-28,0.028333
BDGI.TO,2012-01-27,0.028333
BDGI.TO,2012-02-27,0.028333
BDGI.TO,2012-03-28,0.028333
BDGI.TO,2012-04-26,0.028333
BDGI.TO,2012-05-29,0.028333
BDGI.TO,2012-06-27,0.028333
BDGI.TO,2012-07-27,0.028333
BDGI.TO,2012-08-29,0.028333
BDGI.TO,2012-09-26,0.028333
BDGI.TO,2012-10-29,0.028333
BDGI.TO,2012-11-28,0.03
BDGI.TO,2012-12-27,0.03
BDGI.TO,2013-01-29,0.03
BDGI.TO,2013-02-26,0.03
BDGI.TO,2013-03-26,0.03
BDGI.TO,2013-04-26,0.03
BDGI.TO,2013-05-29,0.03
BDGI.TO,2013-06-26,0.03
BDGI.TO,2013-07-29,0.03
BDGI.TO,2013-08-28,0.03
BDGI.TO,2013-09-26,0.03
BDGI.TO,2013-10-29,0.03
BDGI.TO,2013-11-27,0.03
BDGI.TO,2013-12-27,0.03
BDGI.TO,2014-01-29,0.03
BDGI.TO,2014-02-26,0.03
BDGI.TO,2014-03-27,0.03
BDGI.TO,2014-04-28,0.03
BDGI.TO,2014-05-28,0.03
BDGI.TO,2014-06-26,0.03
BDGI.TO,2014-07-29,0.03
BDGI.TO,2014-08-27,0.03
BDGI.TO,2014-09-26,0.03
BDGI.TO,2014-10-29,0.03
BDGI.TO,2014-11-26,0.03
BDGI.TO,2014-12-29,0.03
BDGI.TO,2015-01-28,0.03
BDGI.TO,2015-02-25,0.03
BDGI.TO,2015-03-27,0.03
BDGI.TO,2015-04-28,0.03
BDGI.TO,2015-05-27,0.03
BDGI.TO,2015-06-26,0.03
BDGI.TO,2015-07-29,0.03
BDGI.TO,2015-08-27,0.03
BDGI.TO,2015-09-28,0.03
BDGI.TO,2015-10-28,0.03
BDGI.TO,2015-11-26,0.03
BDGI.TO,2015-12-29,0.03
BDGI.TO,2016-01-27,0.03
BDGI.TO,2016-02-25,0.03
BDGI.TO,2016-03-29,0.03
BDGI.TO,2016-04-27,0.03
BDGI.TO,2016-05-27,0.033
BDGI.TO,2016-06-28,0.033
BDGI.TO,2016-07-27,0.033
BDGI.TO,2016-08-29,0.033
BDGI.TO,2016-09-28,0.033
BDGI.TO,2016-10-27,0.033
BDGI.TO,2016-11-28,0.033
BDGI.TO,2016-12-28,0.033
BDGI.TO,2017-01-27,0.033
BDGI.TO,2017-02-24,0.033
BDGI.TO,2017-03-29,0.033
BDGI.TO,2017-04-26,0.033
BDGI.TO,2017-05-29,0.033
BDGI.TO,2017-06-28,0.033
BDGI.TO,2017-07-27,0.033
BDGI.TO,2017-08-29,0.038
BDGI.TO,2017-09-28,0.038
BDGI.TO,2017-10-30,0.038
BDGI.TO,2017-11-29,0.038
BDGI.TO,2017-12-28,0.038
BDGI.TO,2018-01-30,0.038
BDGI.TO,2018-02-27,0.038
BDGI.TO,2018-03-28,0.038
BDGI.TO,2018-04-27,0.045
BDGI.TO,2018-05-30,0.045
BDGI.TO,2018-06-28,0.045
BDGI.TO,2018-07-30,0.045
BDGI.TO,2018-08-30,0.045
BDGI.TO,2018-09-27,0.045
BDGI.TO,2018-10-30,0.045
BDGI.TO,2018-11-29,0.045
BDGI.TO,2018-12-28,0.045
BDGI.TO,2019-01-30,0.045
BDGI.TO,2019-02-27,0.045
BDGI.TO,2019-03-28,0.048
BDGI.TO,2019-04-29,0.048
BDGI.TO,2019-05-30,0.048
BDGI.TO,2019-06-27,0.048
BDGI.TO,2019-07-30,0.048
BDGI.TO,2019-08-29,0.048
BDGI.TO,2019-09-27,0.048
BDGI.TO,2019-10-30,0.048
BDGI.TO,2019-11-28,0.048
BDGI.TO,2019-12-30,0.048
BDGI.TO,2020-01-30,0.048
BDGI.TO,2020-02-27,0.048
BDGI.TO,2020-03-30,0.05
BDGI.TO,2020-04-29,0.05
BDGI.TO,2020-05-28,0.05
BDGI.TO,2020-06-29,0.05
BDGI.TO,2020-07-30,0.05
BDGI.TO,2020-08-28,0.05
BDGI.TO,2020-09-29,0.05
BDGI.TO,2020-10-29,0.05
BDGI.TO,2020-11-27,0.05
BDGI.TO,2020-12-30,0.05
BDGI.TO,2021-01-28,0.05
BDGI.TO,2021-02-25,0.05
BDGI.TO,2021-03-30,0.053
BDGI.TO,2021-04-29,0.053
BDGI.TO,2021-05-28,0.053
BDGI.TO,2021-06-29,0.053
BDGI.TO,2021-07-29,0.053
BDGI.TO,2021-08-30,0.053
BDGI.TO,2021-09-28,0.053
BDGI.TO,2021-10-28,0.053
BDGI.TO,2021-11-29,0.053
BDGI.TO,2021-12-30,0.053
BDGI.TO,2022-03-30,0.165
BDGI.TO,2022-06-29,0.165
BDGI.TO,2022-09-28,0.165
BDGI.TO,2022-12-29,0.165
BDGI.TO,2023-03-30,0.173
BDGI.TO,2023-06-29,0.173
BDGI.TO,2023-09-28,0.173
BDGI.TO,2023-12-28,0.173
BDGI.TO,2024-03-27,0.18
BDGI.TO,2024-06-28,0.18
BDGI.TO,2024-09-27,0.18
BDGI.TO,2024-12-31,0.18
BDGI.TO,2025-03-31,0.188
BDGI.TO,2025-06-30,0.188
BDGI.TO,2025-09-29,0.188
BDI.TO,2008-07-29,0.045
BDI.TO,2008-08-27,0.045
BDI.TO,2008-09-26,0.045
BDI.TO,2008-10-29,0.045
BDI.TO,2008-11-26,0.045
BDI.TO,2008-12-29,0.045
BDI.TO,2009-01-28,0.045
BDI.TO,2009-02-25,0.045
BDI.TO,2009-03-27,0.045
BDI.TO,2009-04-28,0.045
BDI.TO,2009-05-27,0.045
BDI.TO,2009-06-26,0.045
BDI.TO,2009-07-29,0.045
BDI.TO,2009-08-27,0.045
BDI.TO,2009-09-28,0.045
BDI.TO,2009-10-28,0.045
BDI.TO,2009-11-26,0.045
BDI.TO,2009-12-29,0.045
BDI.TO,2010-01-27,0.045
BDI.TO,2010-02-24,0.045
BDI.TO,2010-03-29,0.045
BDI.TO,2010-04-28,0.045
BDI.TO,2010-05-27,0.045
BDI.TO,2010-06-28,0.045
BDI.TO,2010-07-28,0.045
BDI.TO,2010-08-27,0.045
BDI.TO,2010-09-28,0.045
BDI.TO,2010-10-27,0.045
BDI.TO,2010-11-26,0.045
BDI.TO,2010-12-29,0.045
BDI.TO,2011-01-27,0.0475
BDI.TO,2011-02-24,0.0475
BDI.TO,2011-03-29,0.0475
BDI.TO,2011-04-27,0.0475
BDI.TO,2011-05-27,0.0475
BDI.TO,2011-06-28,0.0475
BDI.TO,2011-07-27,0.0475
BDI.TO,2011-08-29,0.048
BDI.TO,2011-09-28,0.048
BDI.TO,2011-10-27,0.048
BDI.TO,2011-11-28,0.048
BDI.TO,2011-12-28,0.048
BDI.TO,2012-01-27,0.055
BDI.TO,2012-02-27,0.055
BDI.TO,2012-03-28,0.055
BDI.TO,2012-04-26,0.055
BDI.TO,2012-05-29,0.06
BDI.TO,2012-06-27,0.06
BDI.TO,2012-07-27,0.06
BDI.TO,2012-08-29,0.06
BDI.TO,2012-09-26,0.06
BDI.TO,2012-10-29,0.06
BDI.TO,2012-11-28,0.06
BDI.TO,2012-12-27,0.06
BDI.TO,2013-01-29,0.06
BDI.TO,2013-02-26,0.06
BDI.TO,2013-03-26,0.07
BDI.TO,2013-04-26,0.07
BDI.TO,2013-05-29,0.07
BDI.TO,2013-06-26,0.07
BDI.TO,2013-07-29,0.07
BDI.TO,2013-08-28,0.07
BDI.TO,2013-09-26,0.07
BDI.TO,2013-10-29,0.07
BDI.TO,2013-11-27,0.07
BDI.TO,2013-12-27,0.075
BDI.TO,2014-01-29,0.075
BDI.TO,2014-02-26,0.075
BDI.TO,2014-03-27,0.075
BDI.TO,2014-04-28,0.075
BDI.TO,2014-05-28,0.075
BDI.TO,2014-06-26,0.075
BDI.TO,2014-07-29,0.075
BDI.TO,2014-08-27,0.08
BDI.TO,2014-09-26,0.08
BDI.TO,2014-10-29,0.08
BDI.TO,2014-11-26,0.08
BDI.TO,2014-12-29,0.08
BDI.TO,2015-01-28,0.08
BDI.TO,2015-02-25,0.08
BDI.TO,2015-03-27,0.08
BDI.TO,2015-04-28,0.08
BDI.TO,2015-05-27,0.08
BDI.TO,2015-06-26,0.08
BDI.TO,2015-07-29,0.08
BDI.TO,2015-08-27,0.08
BDI.TO,2015-09-28,0.08
BDI.TO,2015-10-28,0.08
BDI.TO,2015-11-26,0.05
BDI.TO,2015-12-29,0.05
BDI.TO,2016-01-27,0.05
BDI.TO,2016-02-25,0.05
BDI.TO,2016-03-29,0.025
BDI.TO,2016-04-27,0.025
BDI.TO,2016-05-27,0.025
BDI.TO,2016-06-28,0.025
BDI.TO,2016-07-27,0.025
BDI.TO,2016-08-29,0.025
BDI.TO,2016-09-28,0.025
BDI.TO,2016-10-27,0.025
BDI.TO,2016-11-28,0.025
BDI.TO,2016-12-28,0.025
BDI.TO,2017-01-27,0.025
BDI.TO,2017-02-24,0.025
BDI.TO,2017-03-29,0.025
BDI.TO,2017-04-26,0.025
BDI.TO,2017-05-29,0.025
BDI.TO,2017-06-28,0.025
BDI.TO,2017-07-27,0.025
BDI.TO,2021-11-12,0.013
BDI.TO,2021-12-30,0.013
BDI.TO,2022-03-30,0.015
BDI.TO,2022-06-29,0.015
BDI.TO,2022-09-28,0.015
BDI.TO,2022-12-29,0.02
BDI.TO,2023-03-30,0.02
BDI.TO,2023-06-29,0.02
BDI.TO,2023-09-28,0.02
BDI.TO,2023-12-28,0.03
BDI.TO,2024-03-27,0.03
BDI.TO,2024-06-28,0.03
BDI.TO,2024-09-27,0.03
BDI.TO,2024-12-31,0.035
BDI.TO,2025-03-31,0.035
BDI.TO,2025-06-30,0.035
BDI.TO,2025-09-29,0.035
BDT.TO,2001-03-14,0.333333
BDT.TO,2002-03-14,0.083333
BDT.TO,2003-03-26,0.075
BDT.TO,2003-08-20,0.2
BDT.TO,2004-08-20,0.125
BDT.TO,2005-03-09,0.233333
BDT.TO,2005-08-17,0.316667
BDT.TO,2006-06-28,0.032333
BDT.TO,2006-07-27,0.032333
BDT.TO,2006-08-29,0.032333
BDT.TO,2006-09-27,0.032333
BDT.TO,2006-10-27,0.032333
BDT.TO,2006-11-28,0.032333
BDT.TO,2006-12-27,0.032333
BDT.TO,2007-01-29,0.032333
BDT.TO,2007-02-26,0.032333
BDT.TO,2007-03-28,0.068667
BDT.TO,2007-04-26,0.032333
BDT.TO,2007-05-29,0.032333
BDT.TO,2007-06-27,0.032333
BDT.TO,2007-07-27,0.032333
BDT.TO,2007-08-29,0.032333
BDT.TO,2007-09-26,0.032333
BDT.TO,2007-10-29,0.032333
BDT.TO,2007-11-28,0.032333
BDT.TO,2007-12-27,0.059667
BDT.TO,2008-01-29,0.040333
BDT.TO,2008-02-27,0.040333
BDT.TO,2008-03-27,0.040333
BDT.TO,2008-04-28,0.040333
BDT.TO,2008-05-28,0.040333
BDT.TO,2008-06-26,0.040333
BDT.TO,2008-07-29,0.040333
BDT.TO,2008-08-27,0.040333
BDT.TO,2008-09-26,0.040333
BDT.TO,2008-10-29,0.040333
BDT.TO,2008-11-26,0.040333
BDT.TO,2008-12-29,0.040333
BDT.TO,2009-01-28,0.040333
BDT.TO,2009-02-25,0.040333
BDT.TO,2009-03-27,0.040333
BDT.TO,2009-04-28,0.040333
BDT.TO,2009-05-27,0.040333
BDT.TO,2009-06-26,0.05
BDT.TO,2009-07-29,0.05
BDT.TO,2009-08-27,0.05
BDT.TO,2009-09-28,0.05
BDT.TO,2009-10-28,0.05
BDT.TO,2009-11-26,0.05
BDT.TO,2009-12-29,0.05
BDT.TO,2010-01-27,0.05
BDT.TO,2010-02-24,0.05
BDT.TO,2010-03-29,0.05
BDT.TO,2010-04-28,0.05
BDT.TO,2010-05-27,0.05
BDT.TO,2010-06-28,0.05
BDT.TO,2010-07-28,0.05
BDT.TO,2010-08-27,0.05
BDT.TO,2010-09-28,0.05
BDT.TO,2010-10-27,0.05
BDT.TO,2010-11-26,0.05
BDT.TO,2010-12-29,0.05
BDT.TO,2011-03-29,0.165
BDT.TO,2011-04-27,0.018
BDT.TO,2011-05-27,0.055
BDT.TO,2011-06-28,0.055
BDT.TO,2011-07-27,0.055
BDT.TO,2011-08-29,0.055
BDT.TO,2011-09-28,0.055
BDT.TO,2011-10-27,0.055
BDT.TO,2011-11-28,0.055
BDT.TO,2011-12-28,0.055
BDT.TO,2012-01-27,0.055
BDT.TO,2012-02-27,0.055
BDT.TO,2012-03-28,0.06
BDT.TO,2012-04-26,0.06
BDT.TO,2012-05-29,0.06
BDT.TO,2012-06-27,0.06
BDT.TO,2012-07-27,0.06
BDT.TO,2012-08-29,0.06
BDT.TO,2012-09-26,0.06
BDT.TO,2012-10-29,0.06
BDT.TO,2012-11-28,0.06
BDT.TO,2012-12-27,0.06
BDT.TO,2013-01-29,0.06
BDT.TO,2013-02-26,0.06
BDT.TO,2013-03-26,0.063
BDT.TO,2013-05-29,0.063
BDT.TO,2013-06-26,0.063
BDT.TO,2013-07-29,0.063
BDT.TO,2013-08-28,0.063
BDT.TO,2013-09-26,0.063
BDT.TO,2013-10-29,0.063
BDT.TO,2013-11-27,0.063
BDT.TO,2013-12-27,0.063
BDT.TO,2014-01-29,0.063
BDT.TO,2014-02-26,0.063
BDT.TO,2014-03-27,0.063
BDT.TO,2014-04-28,0.063
BDT.TO,2014-05-28,0.063
BDT.TO,2014-06-26,0.063
BDT.TO,2014-07-29,0.063
BDT.TO,2014-08-27,0.063
BDT.TO,2014-09-26,0.063
BDT.TO,2014-10-29,0.063
BDT.TO,2014-11-26,0.063
BDT.TO,2014-12-29,0.063
BDT.TO,2015-01-28,0.063
BDT.TO,2015-02-25,0.063
BDT.TO,2015-03-27,0.063
BDT.TO,2015-04-28,0.063
BDT.TO,2015-05-27,0.063
BDT.TO,2015-06-26,0.063
BDT.TO,2015-07-29,0.063
BDT.TO,2015-08-27,0.063
BDT.TO,2015-09-28,0.063
BDT.TO,2015-10-28,0.063
BDT.TO,2015-11-26,0.063
BDT.TO,2015-12-29,0.063
BDT.TO,2016-01-27,0.063
BDT.TO,2016-02-25,0.063
BDT.TO,2016-03-29,0.063
BDT.TO,2016-04-27,0.063
BDT.TO,2016-05-27,0.063
BDT.TO,2016-06-28,0.063
BDT.TO,2016-07-27,0.063
BDT.TO,2016-08-29,0.063
BDT.TO,2016-09-28,0.063
BDT.TO,2016-10-27,0.063
BDT.TO,2016-11-28,0.063
BDT.TO,2016-12-28,0.063
BDT.TO,2017-01-27,0.033
BDT.TO,2017-02-24,0.033
BDT.TO,2017-03-29,0.033
BDT.TO,2017-04-26,0.033
BDT.TO,2017-05-29,0.033
BDT.TO,2017-06-28,0.033
BDT.TO,2017-07-27,0.033
BDT.TO,2017-08-29,0.033
BDT.TO,2017-09-28,0.033
BDT.TO,2017-10-30,0.033
BDT.TO,2017-11-29,0.033
BDT.TO,2017-12-28,0.033
BDT.TO,2018-01-30,0.033
BDT.TO,2018-02-27,0.033
BDT.TO,2018-03-28,0.033
BDT.TO,2018-04-27,0.033
BDT.TO,2018-05-30,0.033
BDT.TO,2018-06-28,0.033
BDT.TO,2018-07-30,0.033
BDT.TO,2018-08-30,0.033
BDT.TO,2018-09-27,0.033
BDT.TO,2018-10-30,0.033
BDT.TO,2018-11-29,0.033
BDT.TO,2018-12-28,0.033
BDT.TO,2019-01-30,0.033
BDT.TO,2019-02-27,0.033
BDT.TO,2019-03-28,0.033
BDT.TO,2019-04-29,0.033
BDT.TO,2019-05-30,0.033
BDT.TO,2019-06-27,0.033
BDT.TO,2019-07-30,0.033
BDT.TO,2019-08-29,0.033
BDT.TO,2019-09-27,0.033
BDT.TO,2019-10-30,0.033
BDT.TO,2019-11-28,0.033
BDT.TO,2019-12-30,0.033
BDT.TO,2020-01-30,0.033
BDT.TO,2020-02-27,0.033
BDT.TO,2020-03-30,0.033
BDT.TO,2020-04-29,0.033
BDT.TO,2020-05-28,0.033
BDT.TO,2020-06-29,0.033
BDT.TO,2020-07-30,0.033
BDT.TO,2020-08-28,0.033
BDT.TO,2020-09-29,0.033
BDT.TO,2020-10-29,0.033
BDT.TO,2020-11-27,0.033
BDT.TO,2020-12-30,0.033
BDT.TO,2021-01-28,0.033
BDT.TO,2021-02-25,0.033
BDT.TO,2021-03-30,0.033
BDT.TO,2021-04-29,0.033
BDT.TO,2021-05-28,0.033
BDT.TO,2021-06-29,0.033
BDT.TO,2021-07-29,0.033
BDT.TO,2021-08-30,0.033
BDT.TO,2021-09-28,0.033
BDT.TO,2021-10-28,0.033
BDT.TO,2021-11-29,0.033
BDT.TO,2021-12-30,0.033
BDT.TO,2022-01-28,0.033
BDT.TO,2022-02-25,0.033
BDT.TO,2022-03-30,0.033
BDT.TO,2022-04-28,0.033
BDT.TO,2022-05-30,0.033
BDT.TO,2022-06-29,0.033
BDT.TO,2022-07-28,0.033
BDT.TO,2022-08-30,0.033
BDT.TO,2022-09-28,0.033
BDT.TO,2022-10-28,0.033
BDT.TO,2022-11-29,0.033
BDT.TO,2022-12-29,0.033
BDT.TO,2023-01-30,0.033
BDT.TO,2023-02-27,0.033
BDT.TO,2023-03-30,0.036
BDT.TO,2023-04-27,0.036
BDT.TO,2023-05-30,0.036
BDT.TO,2023-06-29,0.036
BDT.TO,2023-07-28,0.036
BDT.TO,2023-08-30,0.036
BDT.TO,2023-09-28,0.036
BDT.TO,2023-10-30,0.036
BDT.TO,2023-11-29,0.036
BDT.TO,2023-12-28,0.036
BDT.TO,2024-01-30,0.036
BDT.TO,2024-02-28,0.036
BDT.TO,2024-03-27,0.047
BDT.TO,2024-04-29,0.047
BDT.TO,2024-05-31,0.047
BDT.TO,2024-06-28,0.047
BDT.TO,2024-07-31,0.047
BDT.TO,2024-08-30,0.047
BDT.TO,2024-09-27,0.047
BDT.TO,2024-10-31,0.047
BDT.TO,2024-11-29,0.07
BDT.TO,2024-12-31,0.07
BDT.TO,2025-01-31,0.07
BDT.TO,2025-02-28,0.07
BDT.TO,2025-03-31,0.07
BDT.TO,2025-04-30,0.07
BDT.TO,2025-05-30,0.07
BDT.TO,2025-06-30,0.07
BDT.TO,2025-07-31,0.07
BDT.TO,2025-08-29,0.07
BDT.TO,2025-09-29,0.07
BDT.TO,2025-10-31,0.07
BDT.TO,2025-11-28,0.07
BHC.TO,2005-11-28,0.598
BHC.TO,2006-04-05,0.146
BHC.TO,2006-05-18,0.138
BHC.TO,2006-08-16,0.14
BHC.TO,2006-11-20,0.142
BHC.TO,2007-03-22,0.421
BHC.TO,2007-05-17,0.421
BHC.TO,2007-08-16,0.421
BHC.TO,2007-11-16,0.421
BHC.TO,2008-03-25,0.371
BHC.TO,2008-05-20,0.379
BHC.TO,2008-08-21,0.399
BHC.TO,2008-12-19,0.438
BHC.TO,2009-03-06,0.471
BHC.TO,2009-05-13,0.106
BHC.TO,2009-08-28,0.096
BHC.TO,2009-11-30,0.096
BHC.TO,2010-03-04,0.095
BHC.TO,2010-05-31,0.097
BHC.TO,2010-08-30,0.097
BIR.TO,2016-06-13,0.5
BIR.TO,2017-03-13,0.025
BIR.TO,2017-06-13,0.025
BIR.TO,2017-09-14,0.025
BIR.TO,2017-12-14,0.025
BIR.TO,2018-03-14,0.025
BIR.TO,2018-06-14,0.025
BIR.TO,2018-09-14,0.025
BIR.TO,2018-12-14,0.025
BIR.TO,2019-03-14,0.026
BIR.TO,2019-06-14,0.026
BIR.TO,2019-09-13,0.026
BIR.TO,2019-12-13,0.026
BIR.TO,2020-03-13,0.026
BIR.TO,2020-06-12,0.005
BIR.TO,2020-09-14,0.005
BIR.TO,2020-12-14,0.005
BIR.TO,2021-03-12,0.005
BIR.TO,2021-06-14,0.005
BIR.TO,2021-09-14,0.005
BIR.TO,2021-12-14,0.01
BIR.TO,2022-03-14,0.01
BIR.TO,2022-06-14,0.02
BIR.TO,2022-09-14,0.02
BIR.TO,2022-10-20,0.2
BIR.TO,2022-12-14,0.02
BIR.TO,2023-03-14,0.2
BIR.TO,2023-06-14,0.2
BIR.TO,2023-09-14,0.2
BIR.TO,2023-12-14,0.2
BIR.TO,2024-03-14,0.1
BIR.TO,2024-06-14,0.1
BIR.TO,2024-09-13,0.1
BIR.TO,2024-12-13,0.1
BIR.TO,2025-03-14,0.03
BIR.TO,2025-06-13,0.03
BIR.TO,2025-09-15,0.03
BMO.TO,1995-02-02,0.165
BMO.TO,1995-05-03,0.165
BMO.TO,1995-08-03,0.165
BMO.TO,1995-11-06,0.165
BMO.TO,1996-02-06,0.18
BMO.TO,1996-05-06,0.18
BMO.TO,1996-08-06,0.18
BMO.TO,1996-11-06,0.2
BMO.TO,1997-02-05,0.2
BMO.TO,1997-05-05,0.2
BMO.TO,1997-08-05,0.2
BMO.TO,1997-11-05,0.22
BMO.TO,1998-02-04,0.22
BMO.TO,1998-05-06,0.22
BMO.TO,1998-08-05,0.22
BMO.TO,1998-11-04,0.22
BMO.TO,1999-02-03,0.235
BMO.TO,1999-05-05,0.235
BMO.TO,1999-08-04,0.235
BMO.TO,1999-11-03,0.235
BMO.TO,2000-02-02,0.25
BMO.TO,2000-05-03,0.25
BMO.TO,2000-08-02,0.25
BMO.TO,2000-11-01,0.25
BMO.TO,2001-01-31,0.28
BMO.TO,2001-05-02,0.28
BMO.TO,2001-08-01,0.28
BMO.TO,2001-10-31,0.28
BMO.TO,2002-01-30,0.3
BMO.TO,2002-05-01,0.3
BMO.TO,2002-07-31,0.3
BMO.TO,2002-10-30,0.3
BMO.TO,2003-02-10,0.33
BMO.TO,2003-05-05,0.33
BMO.TO,2003-08-01,0.33
BMO.TO,2003-11-07,0.35
BMO.TO,2004-02-04,0.35
BMO.TO,2004-05-05,0.4
BMO.TO,2004-08-04,0.4
BMO.TO,2004-11-03,0.44
BMO.TO,2005-02-02,0.44
BMO.TO,2005-05-04,0.46
BMO.TO,2005-08-03,0.46
BMO.TO,2005-11-02,0.49
BMO.TO,2006-02-01,0.49
BMO.TO,2006-05-03,0.53
BMO.TO,2006-08-02,0.62
BMO.TO,2006-11-01,0.62
BMO.TO,2007-01-31,0.65
BMO.TO,2007-05-02,0.68
BMO.TO,2007-08-01,0.68
BMO.TO,2007-10-31,0.7
BMO.TO,2008-01-30,0.7
BMO.TO,2008-04-30,0.7
BMO.TO,2008-07-30,0.7
BMO.TO,2008-10-29,0.7
BMO.TO,2009-02-04,0.7
BMO.TO,2009-04-29,0.7
BMO.TO,2009-08-05,0.7
BMO.TO,2009-11-04,0.7
BMO.TO,2010-01-28,0.7
BMO.TO,2010-04-29,0.7
BMO.TO,2010-07-28,0.7
BMO.TO,2010-10-28,0.7
BMO.TO,2011-01-28,0.7
BMO.TO,2011-04-28,0.7
BMO.TO,2011-07-28,0.7
BMO.TO,2011-10-28,0.7
BMO.TO,2012-01-30,0.7
BMO.TO,2012-04-27,0.7
BMO.TO,2012-07-30,0.7
BMO.TO,2012-10-30,0.72
BMO.TO,2013-01-30,0.72
BMO.TO,2013-04-29,0.74
BMO.TO,2013-07-30,0.74
BMO.TO,2013-10-30,0.74
BMO.TO,2014-01-30,0.76
BMO.TO,2014-04-29,0.76
BMO.TO,2014-07-30,0.78
BMO.TO,2014-10-30,0.78
BMO.TO,2015-01-29,0.8
BMO.TO,2015-04-29,0.8
BMO.TO,2015-07-29,0.82
BMO.TO,2015-10-29,0.82
BMO.TO,2016-01-28,0.84
BMO.TO,2016-04-28,0.84
BMO.TO,2016-07-27,0.86
BMO.TO,2016-10-28,0.86
BMO.TO,2017-01-30,0.88
BMO.TO,2017-04-27,0.88
BMO.TO,2017-07-28,0.9
BMO.TO,2017-10-31,0.9
BMO.TO,2018-01-31,0.93
BMO.TO,2018-04-30,0.93
BMO.TO,2018-07-31,0.96
BMO.TO,2018-10-31,0.96
BMO.TO,2019-01-31,1.0
BMO.TO,2019-04-30,1.0
BMO.TO,2019-07-31,1.03
BMO.TO,2019-10-31,1.03
BMO.TO,2020-01-31,1.06
BMO.TO,2020-04-30,1.06
BMO.TO,2020-07-31,1.06
BMO.TO,2020-10-30,1.06
BMO.TO,2021-01-29,1.06
BMO.TO,2021-04-30,1.06
BMO.TO,2021-07-30,1.06
BMO.TO,2021-10-29,1.06
BMO.TO,2022-01-31,1.33
BMO.TO,2022-04-29,1.33
BMO.TO,2022-07-29,1.39
BMO.TO,2022-10-31,1.39
BMO.TO,2023-01-27,1.43
BMO.TO,2023-04-27,1.43
BMO.TO,2023-07-27,1.47
BMO.TO,2023-10-27,1.47
BMO.TO,2024-01-29,1.51
BMO.TO,2024-04-26,1.51
BMO.TO,2024-07-30,1.55
BMO.TO,2024-10-30,1.55
BMO.TO,2025-01-30,1.59
BMO.TO,2025-04-29,1.59
BMO.TO,2025-07-30,1.63
BMO.TO,2025-10-30,1.63
BNE.TO,1998-06-11,0.02
BNE.TO,1998-12-11,0.035
BNE.TO,1999-06-11,0.032
BNE.TO,1999-12-13,0.048
BNE.TO,2000-06-13,0.13
BNE.TO,2001-01-29,0.18
BNE.TO,2001-08-13,0.18
BNE.TO,2001-09-13,0.18
BNE.TO,2001-10-11,0.18
BNE.TO,2001-11-13,0.16
BNE.TO,2001-12-12,0.14
BNE.TO,2002-01-29,0.14
BNE.TO,2002-03-13,0.1
BNE.TO,2002-04-11,0.12
BNE.TO,2002-05-13,0.13
BNE.TO,2002-06-12,0.13
BNE.TO,2002-07-11,0.12
BNE.TO,2002-08-14,0.12
BNE.TO,2002-09-12,0.12
BNE.TO,2002-10-16,0.13
BNE.TO,2002-11-13,0.13
BNE.TO,2002-12-12,0.11
BNE.TO,2002-12-27,0.11
BNE.TO,2003-02-12,0.13
BNE.TO,2003-03-13,0.14
BNE.TO,2003-04-11,0.14
BNE.TO,2003-05-13,0.14
BNE.TO,2003-06-12,0.13
BNE.TO,2003-07-11,0.13
BNE.TO,2003-08-13,0.13
BNE.TO,2003-09-11,0.13
BNE.TO,2003-10-10,0.12
BNE.TO,2003-11-13,0.12
BNE.TO,2003-12-11,0.12
BNE.TO,2003-12-29,0.12
BNE.TO,2004-02-11,0.39
BNE.TO,2004-03-11,0.39
BNE.TO,2004-04-14,0.39
BNE.TO,2004-05-13,0.42
BNE.TO,2004-06-10,0.42
BNE.TO,2004-07-13,0.45
BNE.TO,2004-08-12,0.48
BNE.TO,2004-09-13,0.51
BNE.TO,2004-10-13,0.54
BNE.TO,2004-11-12,0.57
BNE.TO,2004-12-13,0.54
BNE.TO,2004-12-29,0.54
BNE.TO,2005-02-11,0.18
BNE.TO,2005-03-11,0.18
BNE.TO,2005-04-13,0.18
BNE.TO,2005-05-12,0.18
BNE.TO,2005-06-13,0.18
BNE.TO,2005-07-13,0.19
BNE.TO,2005-08-11,0.19
BNE.TO,2005-09-13,0.2
BNE.TO,2005-10-12,0.21
BNE.TO,2005-11-10,0.22
BNE.TO,2005-12-28,0.22
BNE.TO,2006-02-13,0.23
BNE.TO,2006-03-13,0.23
BNE.TO,2006-04-12,0.23
BNE.TO,2006-05-11,0.23
BNE.TO,2006-06-13,0.23
BNE.TO,2006-07-13,0.23
BNE.TO,2006-08-11,0.24
BNE.TO,2006-09-13,0.24
BNE.TO,2006-10-12,0.24
BNE.TO,2006-11-10,0.24
BNE.TO,2006-12-13,0.24
BNE.TO,2006-12-27,0.24
BNE.TO,2007-02-13,0.22
BNE.TO,2007-03-13,0.22
BNE.TO,2007-04-12,0.22
BNE.TO,2007-05-11,0.22
BNE.TO,2007-06-13,0.22
BNE.TO,2007-07-12,0.22
BNE.TO,2007-08-13,0.22
BNE.TO,2007-09-12,0.22
BNE.TO,2007-10-11,0.22
BNE.TO,2007-11-13,0.22
BNE.TO,2007-12-12,0.22
BNE.TO,2007-12-27,0.22
BNE.TO,2008-02-13,0.22
BNE.TO,2008-03-12,0.23
BNE.TO,2008-04-11,0.25
BNE.TO,2008-05-13,0.25
BNE.TO,2008-06-12,0.27
BNE.TO,2008-07-11,0.32
BNE.TO,2008-08-13,0.32
BNE.TO,2008-09-11,0.32
BNE.TO,2008-10-14,0.32
BNE.TO,2008-11-13,0.26
BNE.TO,2009-06-11,0.14
BNE.TO,2009-07-13,0.14
BNE.TO,2009-08-12,0.14
BNE.TO,2009-09-11,0.14
BNE.TO,2009-10-13,0.16
BNE.TO,2009-11-12,0.16
BNE.TO,2009-12-11,0.16
BNE.TO,2010-01-13,0.18
BNE.TO,2010-02-11,0.18
BNE.TO,2010-03-11,0.18
BNE.TO,2010-04-13,0.21
BNE.TO,2010-05-12,0.21
BNE.TO,2010-06-11,0.21
BNE.TO,2010-07-13,0.22
BNE.TO,2010-08-12,0.22
BNE.TO,2010-09-13,0.22
BNE.TO,2010-10-13,0.22
BNE.TO,2010-11-10,0.22
BNE.TO,2010-12-13,0.22
BNE.TO,2011-01-12,0.24
BNE.TO,2011-02-11,0.24
BNE.TO,2011-03-11,0.24
BNE.TO,2011-04-13,0.24
BNE.TO,2011-05-12,0.26
BNE.TO,2011-06-13,0.26
BNE.TO,2011-07-13,0.26
BNE.TO,2011-08-11,0.26
BNE.TO,2011-09-13,0.26
BNE.TO,2011-10-12,0.26
BNE.TO,2011-11-10,0.26
BNE.TO,2011-12-13,0.26
BNE.TO,2012-01-12,0.26
BNE.TO,2012-02-13,0.26
BNE.TO,2012-03-13,0.26
BNE.TO,2012-04-12,0.26
BNE.TO,2012-05-11,0.26
BNE.TO,2012-06-13,0.26
BNE.TO,2012-07-12,0.26
BNE.TO,2012-08-13,0.26
BNE.TO,2012-09-12,0.26
BNE.TO,2012-10-11,0.26
BNE.TO,2012-11-13,0.26
BNE.TO,2012-12-12,0.26
BNE.TO,2013-01-11,0.26
BNE.TO,2013-02-13,0.26
BNE.TO,2013-03-13,0.28
BNE.TO,2013-04-11,0.28
BNE.TO,2013-05-13,0.28
BNE.TO,2013-06-12,0.28
BNE.TO,2013-07-11,0.28
BNE.TO,2013-08-13,0.28
BNE.TO,2013-09-12,0.28
BNE.TO,2013-10-10,0.28
BNE.TO,2013-11-13,0.28
BNE.TO,2013-12-12,0.29
BNE.TO,2014-01-13,0.29
BNE.TO,2014-02-12,0.29
BNE.TO,2014-03-12,0.29
BNE.TO,2014-04-11,0.29
BNE.TO,2014-05-13,0.29
BNE.TO,2014-06-12,0.29
BNE.TO,2014-07-11,0.3
BNE.TO,2014-08-13,0.3
BNE.TO,2014-09-11,0.3
BNE.TO,2014-10-10,0.3
BNE.TO,2014-11-12,0.3
BNE.TO,2014-12-11,0.3
BNE.TO,2015-01-13,0.3
BNE.TO,2015-02-11,0.15
BNE.TO,2015-03-12,0.15
BNE.TO,2015-04-13,0.15
BNE.TO,2015-05-13,0.15
BNE.TO,2015-06-11,0.15
BNE.TO,2015-07-13,0.15
BNE.TO,2015-08-12,0.15
BNE.TO,2015-09-11,0.15
BNE.TO,2015-10-13,0.15
BNE.TO,2015-11-12,0.15
BNE.TO,2015-12-11,0.15
BNE.TO,2016-01-13,0.1
BNE.TO,2016-02-11,0.1
BNE.TO,2016-03-11,0.1
BNE.TO,2016-04-13,0.1
BNE.TO,2016-05-12,0.1
BNE.TO,2016-06-13,0.1
BNE.TO,2016-07-13,0.1
BNE.TO,2016-08-11,0.1
BNE.TO,2016-09-13,0.1
BNE.TO,2016-10-12,0.1
BNE.TO,2016-11-10,0.1
BNE.TO,2016-12-13,0.1
BNE.TO,2017-01-12,0.1
BNE.TO,2017-02-13,0.1
BNE.TO,2017-03-13,0.1
BNE.TO,2017-04-12,0.1
BNE.TO,2017-05-11,0.1
BNE.TO,2017-06-13,0.1
BNE.TO,2017-07-12,0.1
BNE.TO,2017-08-11,0.1
BNE.TO,2017-09-14,0.1
BNE.TO,2017-10-13,0.1
BNE.TO,2017-11-14,0.1
BNE.TO,2017-12-14,0.1
BNE.TO,2018-01-12,0.1
BNE.TO,2018-02-14,0.1
BNE.TO,2018-03-14,0.1
BNE.TO,2018-04-13,0.1
BNE.TO,2018-05-14,0.1
BNE.TO,2018-06-14,0.1
BNE.TO,2018-07-13,0.1
BNE.TO,2018-08-14,0.1
BNE.TO,2018-09-13,0.1
BNE.TO,2018-10-12,0.1
BNE.TO,2018-11-14,0.1
BNE.TO,2018-12-13,0.01
BNE.TO,2019-01-14,0.01
BNE.TO,2019-02-14,0.01
BNE.TO,2019-03-14,0.01
BNE.TO,2019-04-12,0.01
BNE.TO,2019-05-14,0.01
BNE.TO,2019-06-13,0.01
BNE.TO,2019-07-12,0.01
BNE.TO,2019-08-14,0.01
BNE.TO,2019-09-13,0.01
BNE.TO,2019-10-11,0.01
BNE.TO,2019-11-14,0.01
BNE.TO,2019-12-13,0.01
BNE.TO,2020-01-14,0.01
BNE.TO,2020-02-13,0.01
BNE.TO,2020-03-13,0.01
BNK.TO,2020-09-29,0.215
BNK.TO,2020-10-29,0.066
BNK.TO,2020-11-27,0.066
BNK.TO,2020-12-30,0.066
BNK.TO,2021-01-28,0.066
BNK.TO,2021-02-25,0.066
BNK.TO,2021-03-30,0.066
BNK.TO,2021-04-29,0.066
BNK.TO,2021-05-28,0.066
BNK.TO,2021-06-29,0.066
BNK.TO,2021-07-29,0.066
BNK.TO,2021-08-30,0.066
BNK.TO,2021-09-28,0.066
BNK.TO,2021-10-28,0.066
BNK.TO,2021-11-29,0.066
BNK.TO,2021-12-23,1.404
BNK.TO,2021-12-30,0.066
BNK.TO,2022-01-24,1.241
BNK.TO,2022-01-28,0.066
BNK.TO,2022-02-25,0.066
BNK.TO,2022-03-30,0.066
BNK.TO,2022-04-28,0.066
BNK.TO,2022-05-30,0.066
BNK.TO,2022-06-29,0.066
BNK.TO,2022-07-28,0.066
BNK.TO,2022-08-30,0.066
BNK.TO,2022-09-28,0.066
BNK.TO,2022-10-28,0.066
BNK.TO,2022-11-29,0.066
BNK.TO,2022-12-29,0.066
BNK.TO,2023-01-26,1.915
BNK.TO,2023-01-30,0.066
BNK.TO,2023-02-27,0.066
BNK.TO,2023-03-30,0.066
BNK.TO,2023-04-27,0.066
BNK.TO,2023-05-30,0.066
BNK.TO,2023-06-29,0.066
BNK.TO,2023-07-28,0.066
BNK.TO,2023-08-30,0.066
BNK.TO,2023-09-28,0.066
BNK.TO,2023-10-30,0.066
BNK.TO,2023-11-29,0.066
BNK.TO,2023-12-28,0.12
BNK.TO,2024-01-30,0.12
BNK.TO,2024-02-28,0.12
BNK.TO,2024-03-14,0.12
BNK.TO,2024-03-27,0.12
BNK.TO,2024-04-29,0.12
BNK.TO,2024-05-31,0.12
BNK.TO,2024-06-28,0.12
BNK.TO,2024-07-31,0.12
BNK.TO,2024-08-30,0.12
BNK.TO,2024-09-27,0.12
BNK.TO,2024-10-31,0.12
BNK.TO,2024-11-29,0.12
BNK.TO,2024-12-31,0.12
BNK.TO,2025-01-31,0.12
BNK.TO,2025-02-28,0.12
BNK.TO,2025-03-31,0.12
BNK.TO,2025-04-30,0.12
BNK.TO,2025-05-30,0.12
BNK.TO,2025-06-30,0.12
BNK.TO,2025-07-31,0.12
BNK.TO,2025-08-29,0.12
BNK.TO,2025-09-29,0.12
BNK.TO,2025-10-31,0.12
BNK.TO,2025-11-28,0.12
BNS.TO,1995-03-29,0.0775
BNS.TO,1995-06-29,0.0775
BNS.TO,1995-09-29,0.0775
BNS.TO,1995-12-28,0.0775
BNS.TO,1996-03-29,0.0775
BNS.TO,1996-06-27,0.085
BNS.TO,1996-09-27,0.085
BNS.TO,1997-01-03,0.0925
BNS.TO,1997-03-27,0.0925
BNS.TO,1997-06-27,0.0925
BNS.TO,1997-10-03,0.0925
BNS.TO,1998-01-02,0.1
BNS.TO,1998-04-03,0.1
BNS.TO,1998-07-03,0.1
BNS.TO,1998-10-02,0.1
BNS.TO,1998-12-31,0.105
BNS.TO,1999-04-01,0.105
BNS.TO,1999-07-02,0.105
BNS.TO,1999-10-01,0.12
BNS.TO,1999-12-30,0.12
BNS.TO,2000-03-31,0.12
BNS.TO,2000-06-29,0.12
BNS.TO,2000-09-29,0.14
BNS.TO,2000-12-28,0.14
BNS.TO,2001-03-30,0.155
BNS.TO,2001-06-28,0.155
BNS.TO,2001-10-05,0.17
BNS.TO,2001-12-28,0.17
BNS.TO,2002-03-28,0.185
BNS.TO,2002-06-27,0.185
BNS.TO,2002-09-27,0.185
BNS.TO,2003-01-03,0.2
BNS.TO,2003-03-28,0.2
BNS.TO,2003-06-27,0.22
BNS.TO,2003-10-03,0.22
BNS.TO,2004-01-02,0.25
BNS.TO,2004-04-02,0.25
BNS.TO,2004-07-02,0.3
BNS.TO,2004-10-01,0.3
BNS.TO,2004-12-30,0.32
BNS.TO,2005-04-01,0.32
BNS.TO,2005-06-30,0.34
BNS.TO,2005-09-30,0.34
BNS.TO,2005-12-29,0.36
BNS.TO,2006-03-31,0.36
BNS.TO,2006-06-29,0.39
BNS.TO,2006-09-29,0.39
BNS.TO,2006-12-28,0.42
BNS.TO,2007-03-30,0.42
BNS.TO,2007-06-28,0.45
BNS.TO,2007-09-28,0.45
BNS.TO,2007-12-28,0.47
BNS.TO,2008-03-28,0.47
BNS.TO,2008-06-27,0.49
BNS.TO,2008-10-03,0.49
BNS.TO,2009-01-02,0.49
BNS.TO,2009-04-03,0.49
BNS.TO,2009-07-03,0.49
BNS.TO,2009-10-02,0.49
BNS.TO,2009-12-31,0.49
BNS.TO,2010-04-01,0.49
BNS.TO,2010-07-02,0.49
BNS.TO,2010-10-01,0.49
BNS.TO,2010-12-30,0.49
BNS.TO,2011-04-01,0.52
BNS.TO,2011-06-30,0.52
BNS.TO,2011-09-30,0.52
BNS.TO,2011-12-29,0.52
BNS.TO,2012-03-30,0.55
BNS.TO,2012-06-28,0.55
BNS.TO,2012-09-28,0.57
BNS.TO,2012-12-28,0.57
BNS.TO,2013-03-28,0.6
BNS.TO,2013-06-27,0.6
BNS.TO,2013-09-27,0.62
BNS.TO,2014-01-03,0.62
BNS.TO,2014-03-28,0.64
BNS.TO,2014-06-27,0.64
BNS.TO,2014-10-03,0.66
BNS.TO,2015-01-02,0.66
BNS.TO,2015-04-02,0.68
BNS.TO,2015-07-03,0.68
BNS.TO,2015-10-02,0.7
BNS.TO,2015-12-31,0.7
BNS.TO,2016-04-01,0.72
BNS.TO,2016-06-30,0.72
BNS.TO,2016-09-30,0.74
BNS.TO,2016-12-29,0.74
BNS.TO,2017-03-31,0.76
BNS.TO,2017-06-29,0.76
BNS.TO,2017-10-02,0.79
BNS.TO,2017-12-29,0.79
BNS.TO,2018-04-02,0.82
BNS.TO,2018-06-29,0.82
BNS.TO,2018-10-01,0.85
BNS.TO,2018-12-31,0.85
BNS.TO,2019-04-01,0.87
BNS.TO,2019-06-28,0.87
BNS.TO,2019-09-30,0.9
BNS.TO,2020-01-06,0.9
BNS.TO,2020-04-06,0.9
BNS.TO,2020-07-06,0.9
BNS.TO,2020-10-05,0.9
BNS.TO,2021-01-04,0.9
BNS.TO,2021-04-05,0.9
BNS.TO,2021-07-05,0.9
BNS.TO,2021-10-04,0.9
BNS.TO,2021-12-31,1.0
BNS.TO,2022-04-04,1.0
BNS.TO,2022-07-04,1.03
BNS.TO,2022-10-03,1.03
BNS.TO,2023-01-03,1.03
BNS.TO,2023-04-03,1.03
BNS.TO,2023-07-04,1.06
BNS.TO,2023-09-29,1.06
BNS.TO,2024-01-02,1.06
BNS.TO,2024-04-01,1.06
BNS.TO,2024-07-03,1.06
BNS.TO,2024-10-02,1.06
BNS.TO,2025-01-07,1.06
BNS.TO,2025-04-01,1.06
BNS.TO,2025-07-02,1.1
BNS.TO,2025-10-07,1.1
BOS.TO,2007-06-27,0.025
BOS.TO,2007-12-27,0.025
BOS.TO,2008-06-26,0.025
BOS.TO,2008-12-29,0.025
BOS.TO,2009-06-26,0.025
BOS.TO,2009-12-29,0.04
BOS.TO,2010-03-29,0.02
BOS.TO,2010-06-28,0.03
BOS.TO,2010-09-28,0.03
BOS.TO,2010-12-29,0.03
BOS.TO,2011-03-29,0.03
BOS.TO,2011-06-28,0.038
BOS.TO,2011-09-28,0.038
BOS.TO,2011-12-28,0.038
BOS.TO,2012-03-28,0.038
BOS.TO,2012-06-27,0.05
BOS.TO,2012-09-26,0.05
BOS.TO,2012-12-27,0.05
BOS.TO,2013-04-01,0.05
BOS.TO,2013-06-26,0.05
BOS.TO,2013-09-26,0.05
BOS.TO,2013-12-27,0.05
BOS.TO,2014-04-01,0.05
BOS.TO,2014-06-25,0.05
BOS.TO,2014-09-24,0.05
BOS.TO,2014-12-29,0.05
BOS.TO,2015-03-31,0.06
BOS.TO,2015-06-26,0.06
BOS.TO,2015-09-28,0.06
BOS.TO,2015-12-29,0.06
BOS.TO,2016-03-29,0.06
BOS.TO,2016-06-28,0.065
BOS.TO,2016-09-28,0.065
BOS.TO,2016-12-28,0.065
BOS.TO,2017-03-29,0.07
BOS.TO,2017-06-28,0.07
BOS.TO,2017-09-28,0.07
BOS.TO,2017-12-28,0.07
BOS.TO,2018-03-28,0.07
BOS.TO,2018-06-28,0.07
BOS.TO,2018-09-27,0.07
BOS.TO,2018-12-27,0.07
BOS.TO,2019-03-28,0.07
BOS.TO,2019-06-27,0.07
BOS.TO,2019-09-27,0.07
BOS.TO,2019-12-30,0.07
BOS.TO,2020-03-30,0.07
BOS.TO,2020-06-29,0.07
BOS.TO,2020-09-29,0.07
BOS.TO,2020-12-30,0.07
BOS.TO,2021-03-30,0.07
BOS.TO,2021-06-29,0.1
BOS.TO,2021-09-28,0.1
BOS.TO,2021-12-30,0.1
BOS.TO,2022-03-30,0.1
BOS.TO,2022-06-29,0.1
BOS.TO,2022-09-28,0.1
BOS.TO,2022-12-29,0.1
BOS.TO,2023-03-30,0.1
BOS.TO,2023-06-29,0.1
BOS.TO,2023-09-28,0.1
BOS.TO,2023-12-28,0.07
BOS.TO,2024-03-27,0.07
BOS.TO,2024-06-28,0.035
BOS.TO,2024-09-27,0.035
BOS.TO,2024-12-31,0.035
BOS.TO,2025-03-31,0.035
BOS.TO,2025-06-30,0.035
BOS.TO,2025-09-29,0.035
BR.TO,2003-02-26,0.06
BR.TO,2003-03-27,0.06
BR.TO,2003-04-28,0.06
BR.TO,2003-05-28,0.06
BR.TO,2003-06-26,0.06
BR.TO,2003-07-29,0.06
BR.TO,2003-08-27,0.06
BR.TO,2003-09-26,0.06
BR.TO,2003-10-29,0.06
BR.TO,2003-11-26,0.06
BR.TO,2003-12-29,0.06
BR.TO,2004-01-28,0.21
BR.TO,2004-02-25,0.21
BR.TO,2004-03-29,0.21
BR.TO,2004-04-28,0.24
BR.TO,2004-05-27,0.24
BR.TO,2004-06-28,0.24
BR.TO,2004-07-28,0.24
BR.TO,2004-08-27,0.24
BR.TO,2004-09-28,0.27
BR.TO,2004-10-27,0.27
BR.TO,2004-11-26,0.27
BR.TO,2004-12-29,0.3
BR.TO,2005-01-27,0.1
BR.TO,2005-02-24,0.1
BR.TO,2005-03-29,0.1
BR.TO,2005-04-27,0.11
BR.TO,2005-05-27,0.11
BR.TO,2005-06-28,0.11
BR.TO,2005-07-27,0.11
BR.TO,2005-08-29,0.11
BR.TO,2005-09-28,0.11
BR.TO,2005-10-27,0.11
BR.TO,2005-11-28,0.11
BR.TO,2005-12-28,0.11
BR.TO,2006-01-27,0.11
BR.TO,2006-02-24,0.11
BR.TO,2006-03-29,0.11
BR.TO,2006-04-26,0.11
BR.TO,2006-05-29,0.11
BR.TO,2006-06-28,0.11
BR.TO,2006-07-27,0.11
BR.TO,2006-08-29,0.11
BR.TO,2006-09-27,0.11
BR.TO,2006-10-27,0.11
BR.TO,2006-11-28,0.11
BR.TO,2006-12-27,0.11
BR.TO,2007-01-29,0.11
BR.TO,2007-02-26,0.11
BR.TO,2007-03-28,0.11
BR.TO,2007-04-26,0.13
BR.TO,2007-05-29,0.13
BR.TO,2007-06-27,0.13
BR.TO,2007-07-27,0.13
BR.TO,2007-08-29,0.13
BR.TO,2007-09-26,0.13
BR.TO,2007-10-29,0.13
BR.TO,2007-11-28,0.13
BR.TO,2007-12-27,0.13
BR.TO,2008-01-29,0.13
BR.TO,2008-02-27,0.13
BR.TO,2008-03-27,0.13
BR.TO,2008-04-28,0.09
BR.TO,2008-05-28,0.09
BR.TO,2008-06-26,0.09
BR.TO,2008-07-29,0.09
BR.TO,2008-08-27,0.09
BR.TO,2008-09-26,0.09
BR.TO,2008-10-29,0.09
BR.TO,2008-11-26,0.09
BR.TO,2008-12-29,0.09
BR.TO,2009-01-28,0.09
BR.TO,2009-02-25,0.09
BR.TO,2009-03-27,0.09
BR.TO,2009-04-28,0.09
BR.TO,2009-05-27,0.09
BR.TO,2009-06-26,0.09
BR.TO,2009-07-29,0.09
BR.TO,2009-08-27,0.09
BR.TO,2009-09-28,0.1
BR.TO,2009-10-28,0.1
BR.TO,2009-11-26,0.1
BR.TO,2009-12-29,0.1
BR.TO,2010-01-27,0.1
BR.TO,2010-02-24,0.1
BR.TO,2010-03-29,0.1
BR.TO,2010-04-28,0.1
BR.TO,2010-05-27,0.1
BR.TO,2010-06-28,0.1
BR.TO,2010-07-28,0.1
BR.TO,2010-08-27,0.1
BR.TO,2010-09-28,0.1
BR.TO,2010-10-27,0.1
BR.TO,2010-11-26,0.1
BR.TO,2010-12-29,0.1
BR.TO,2011-03-29,0.2
BR.TO,2011-06-28,0.2
BR.TO,2011-09-28,0.2
BR.TO,2011-12-28,0.2
BR.TO,2012-03-28,0.2
BR.TO,2012-06-27,0.2
BR.TO,2012-09-26,0.2
BR.TO,2012-12-27,0.2
BR.TO,2013-03-26,0.2
BR.TO,2013-06-26,0.2
BR.TO,2013-09-26,0.2
BR.TO,2013-12-27,0.2
BR.TO,2014-03-27,0.2
BR.TO,2014-06-26,0.2
BR.TO,2014-09-26,0.2
BR.TO,2014-12-29,0.2
BTE.TO,2003-09-26,0.15
BTE.TO,2003-10-29,0.15
BTE.TO,2003-11-26,0.15
BTE.TO,2003-12-29,0.15
BTE.TO,2004-01-28,0.15
BTE.TO,2004-02-25,0.15
BTE.TO,2004-03-29,0.15
BTE.TO,2004-04-28,0.15
BTE.TO,2004-05-27,0.15
BTE.TO,2004-06-28,0.15
BTE.TO,2004-07-28,0.15
BTE.TO,2004-08-27,0.15
BTE.TO,2004-09-28,0.15
BTE.TO,2004-10-27,0.15
BTE.TO,2004-11-26,0.15
BTE.TO,2004-12-29,0.15
BTE.TO,2005-01-27,0.15
BTE.TO,2005-02-24,0.15
BTE.TO,2005-03-29,0.15
BTE.TO,2005-04-27,0.15
BTE.TO,2005-05-27,0.15
BTE.TO,2005-06-28,0.15
BTE.TO,2005-07-27,0.15
BTE.TO,2005-08-29,0.15
BTE.TO,2005-09-28,0.15
BTE.TO,2005-10-27,0.15
BTE.TO,2005-11-28,0.15
BTE.TO,2005-12-28,0.15
BTE.TO,2006-01-27,0.18
BTE.TO,2006-02-24,0.18
BTE.TO,2006-03-29,0.36
BTE.TO,2006-04-26,0.18
BTE.TO,2006-05-29,0.18
BTE.TO,2006-06-28,0.18
BTE.TO,2006-07-27,0.18
BTE.TO,2006-08-29,0.18
BTE.TO,2006-09-27,0.18
BTE.TO,2006-10-27,0.18
BTE.TO,2006-11-28,0.18
BTE.TO,2006-12-27,0.18
BTE.TO,2007-01-29,0.18
BTE.TO,2007-02-26,0.18
BTE.TO,2007-03-28,0.18
BTE.TO,2007-04-26,0.18
BTE.TO,2007-05-29,0.18
BTE.TO,2007-06-27,0.18
BTE.TO,2007-07-27,0.18
BTE.TO,2007-08-29,0.18
BTE.TO,2007-09-26,0.18
BTE.TO,2007-10-29,0.18
BTE.TO,2007-11-28,0.18
BTE.TO,2007-12-27,0.18
BTE.TO,2008-01-29,0.18
BTE.TO,2008-02-27,0.18
BTE.TO,2008-03-27,0.2
BTE.TO,2008-04-28,0.2
BTE.TO,2008-05-28,0.2
BTE.TO,2008-06-26,0.25
BTE.TO,2008-07-29,0.25
BTE.TO,2008-08-27,0.25
BTE.TO,2008-09-26,0.25
BTE.TO,2008-10-29,0.25
BTE.TO,2008-11-26,0.25
BTE.TO,2008-12-29,0.18
BTE.TO,2009-01-28,0.18
BTE.TO,2009-02-25,0.12
BTE.TO,2009-03-27,0.12
BTE.TO,2009-04-28,0.12
BTE.TO,2009-05-27,0.12
BTE.TO,2009-06-26,0.12
BTE.TO,2009-07-29,0.12
BTE.TO,2009-08-27,0.12
BTE.TO,2009-09-28,0.12
BTE.TO,2009-10-28,0.12
BTE.TO,2009-11-26,0.12
BTE.TO,2009-12-29,0.18
BTE.TO,2010-01-27,0.18
BTE.TO,2010-02-24,0.18
BTE.TO,2010-03-29,0.18
BTE.TO,2010-04-28,0.18
BTE.TO,2010-05-27,0.18
BTE.TO,2010-06-28,0.18
BTE.TO,2010-07-28,0.18
BTE.TO,2010-08-27,0.18
BTE.TO,2010-09-28,0.18
BTE.TO,2010-10-27,0.18
BTE.TO,2010-11-26,0.18
BTE.TO,2010-12-29,0.2
BTE.TO,2011-03-29,0.2
BTE.TO,2011-04-27,0.2
BTE.TO,2011-05-27,0.2
BTE.TO,2011-06-28,0.2
BTE.TO,2011-07-27,0.2
BTE.TO,2011-08-29,0.2
BTE.TO,2011-09-28,0.2
BTE.TO,2011-10-27,0.2
BTE.TO,2011-11-28,0.2
BTE.TO,2011-12-28,0.22
BTE.TO,2012-01-27,0.22
BTE.TO,2012-02-27,0.22
BTE.TO,2012-03-28,0.22
BTE.TO,2012-04-26,0.22
BTE.TO,2012-05-29,0.22
BTE.TO,2012-06-27,0.22
BTE.TO,2012-07-27,0.22
BTE.TO,2012-08-29,0.22
BTE.TO,2012-09-26,0.22
BTE.TO,2012-10-29,0.22
BTE.TO,2012-11-28,0.22
BTE.TO,2012-12-27,0.22
BTE.TO,2013-01-29,0.22
BTE.TO,2013-02-26,0.22
BTE.TO,2013-03-26,0.22
BTE.TO,2013-04-26,0.22
BTE.TO,2013-05-29,0.22
BTE.TO,2013-06-26,0.22
BTE.TO,2013-07-29,0.22
BTE.TO,2013-09-26,0.22
BTE.TO,2013-10-29,0.22
BTE.TO,2013-11-27,0.22
BTE.TO,2013-12-27,0.22
BTE.TO,2014-01-29,0.22
BTE.TO,2014-02-26,0.22
BTE.TO,2014-03-27,0.22
BTE.TO,2014-04-28,0.22
BTE.TO,2014-05-28,0.22
BTE.TO,2014-06-26,0.24
BTE.TO,2014-07-29,0.24
BTE.TO,2014-08-27,0.24
BTE.TO,2014-09-26,0.24
BTE.TO,2014-10-29,0.24
BTE.TO,2014-11-26,0.24
BTE.TO,2014-12-29,0.1
BTE.TO,2015-01-28,0.1
BTE.TO,2015-02-25,0.1
BTE.TO,2015-03-27,0.1
BTE.TO,2015-04-28,0.1
BTE.TO,2015-05-27,0.1
BTE.TO,2015-06-26,0.1
BTE.TO,2015-07-21,0.1
BTE.TO,2015-08-19,0.1
BTE.TO,2023-09-14,0.023
BTE.TO,2023-12-14,0.023
BTE.TO,2024-03-14,0.023
BTE.TO,2024-06-14,0.023
BTE.TO,2024-09-16,0.023
BTE.TO,2024-12-13,0.023
BTE.TO,2025-03-14,0.023
BTE.TO,2025-06-13,0.023
BTE.TO,2025-09-15,0.023
BTO.TO,2019-11-26,0.013
BTO.TO,2020-03-06,0.013
BTO.TO,2020-06-22,0.027
BTO.TO,2020-09-21,0.053
BTO.TO,2020-12-07,0.051
BTO.TO,2021-03-05,0.051
BTO.TO,2021-06-21,0.05
BTO.TO,2021-09-21,0.051
BTO.TO,2021-12-07,0.051
BTO.TO,2022-03-08,0.051
BTO.TO,2022-06-17,0.052
BTO.TO,2022-09-20,0.053
BTO.TO,2022-12-06,0.054
BTO.TO,2023-03-07,0.054
BTO.TO,2023-06-15,0.053
BTO.TO,2023-09-20,0.054
BTO.TO,2023-12-01,0.054
BTO.TO,2024-03-06,0.054
BTO.TO,2024-06-11,0.055
BTO.TO,2024-09-10,0.054
BTO.TO,2024-12-02,0.056
BTO.TO,2025-03-07,0.029
BTO.TO,2025-06-11,0.027
BTO.TO,2025-09-10,0.028
BTO.TO,2025-12-02,0.028
COMM.TO,2018-06-27,0.080321
COMM.TO,2018-09-26,0.082329
COMM.TO,2018-12-27,0.082
COMM.TO,2019-03-27,0.09
COMM.TO,2019-06-26,0.09
COMM.TO,2019-09-26,0.09
COMM.TO,2019-12-27,0.09
COMM.TO,2020-03-27,0.09
COMM.TO,2020-06-26,0.09
COMM.TO,2020-09-28,0.09
COMM.TO,2020-12-29,0.1
COMM.TO,2021-03-29,0.09
COMM.TO,2021-06-28,0.09
COMM.TO,2021-09-28,0.1
COMM.TO,2021-12-29,0.21
COMM.TO,2022-03-29,0.12
COMM.TO,2022-06-28,0.12
COMM.TO,2022-09-28,0.12
COMM.TO,2022-12-28,0.12
COMM.TO,2023-03-29,0.12
COMM.TO,2023-06-28,0.11
COMM.TO,2023-09-27,0.11
COMM.TO,2023-12-27,0.11
COMM.TO,2024-03-27,0.11
COMM.TO,2024-06-27,0.11
COMM.TO,2024-09-27,0.12
COMM.TO,2024-12-30,0.12
COMM.TO,2025-03-28,0.12
COMM.TO,2025-06-27,0.12
COMM.TO,2025-09-29,0.12
DISC.TO,2017-06-27,0.06
DISC.TO,2017-09-27,0.06
DISC.TO,2017-12-27,0.095
DISC.TO,2018-03-27,0.06
DISC.TO,2018-06-27,0.06
DISC.TO,2018-09-26,0.06
DISC.TO,2018-12-27,0.19
DISC.TO,2019-03-27,0.07
DISC.TO,2019-06-26,0.07
DISC.TO,2019-09-26,0.07
DISC.TO,2019-12-27,0.13
DISC.TO,2020-03-27,0.08
DISC.TO,2020-06-26,0.07
DISC.TO,2020-09-28,0.07
DISC.TO,2020-12-29,0.08
DISC.TO,2021-03-29,0.07
DISC.TO,2021-06-28,0.07
DISC.TO,2021-09-28,0.07
DISC.TO,2021-12-29,0.07
DISC.TO,2022-03-29,0.07
DISC.TO,2022-06-28,0.08
DISC.TO,2022-09-28,0.08
DISC.TO,2022-12-28,0.08
DISC.TO,2023-03-29,0.09
DISC.TO,2023-06-28,0.09
DISC.TO,2023-09-27,0.09
DISC.TO,2023-12-27,0.09
DISC.TO,2024-03-27,0.09
DISC.TO,2024-06-27,0.09
DISC.TO,2024-09-27,0.09
DISC.TO,2024-12-30,0.09
DISC.TO,2025-03-28,0.09
DISC.TO,2025-06-27,0.075
DISC.TO,2025-09-29,0.07
DRX.TO,2011-04-27,0.01
DRX.TO,2011-09-20,0.01
DRX.TO,2012-04-26,0.01
DRX.TO,2012-09-19,0.01
DRX.TO,2013-04-26,0.01
DRX.TO,2013-09-26,0.01
DRX.TO,2014-04-28,0.01
DRX.TO,2014-09-26,0.01
DRX.TO,2015-04-28,0.01
DRX.TO,2015-09-28,0.01
DRX.TO,2016-04-27,0.01
DRX.TO,2016-09-28,0.01
DRX.TO,2017-04-26,0.01
DRX.TO,2017-09-28,0.01
DRX.TO,2018-04-27,0.01
DRX.TO,2018-09-27,0.01
DRX.TO,2019-04-29,0.01
DRX.TO,2019-09-27,0.01
DRX.TO,2020-04-29,0.01
DRX.TO,2020-09-29,0.01
DRX.TO,2021-04-29,0.01
DRX.TO,2021-09-28,0.01
DRX.TO,2022-04-28,0.01
DRX.TO,2022-09-28,0.01
DRX.TO,2023-04-27,0.01
DRX.TO,2023-09-28,0.01
DRX.TO,2024-04-25,0.01
DRX.TO,2024-09-27,0.02
DRX.TO,2025-04-24,0.02
DRX.TO,2025-09-26,0.02
ESGA.TO,2020-03-27,0.25
ESGA.TO,2020-06-26,0.25
ESGA.TO,2020-09-28,0.25
ESGA.TO,2020-12-29,0.25
ESGA.TO,2021-03-29,0.25
ESGA.TO,2021-06-28,0.25
ESGA.TO,2021-09-28,0.25
ESGA.TO,2021-12-29,0.25
ESGA.TO,2022-03-29,0.25
ESGA.TO,2022-06-28,0.25
ESGA.TO,2022-09-28,0.25
ESGA.TO,2022-12-28,0.3
ESGA.TO,2023-03-29,0.25
ESGA.TO,2023-06-28,0.25
ESGA.TO,2023-09-27,0.25
ESGA.TO,2023-12-27,0.26
ESGA.TO,2024-03-27,0.25
ESGA.TO,2024-06-27,0.25
ESGA.TO,2024-09-27,0.25
ESGA.TO,2024-12-30,0.25
ESGA.TO,2025-03-28,0.25
ESGA.TO,2025-06-27,0.25
ESGA.TO,2025-09-29,0.25
ESGB.TO,2024-03-27,0.24
ESGB.TO,2024-06-27,0.24
ESGB.TO,2024-09-27,0.25
ESGB.TO,2024-12-30,0.25
ESGB.TO,2025-03-28,0.25
ESGB.TO,2025-06-27,0.265
ESGB.TO,2025-09-29,0.276
ESGE.TO,2020-03-27,0.21
ESGE.TO,2020-06-26,0.21
ESGE.TO,2020-09-28,0.21
ESGE.TO,2020-12-29,0.21
ESGE.TO,2021-03-29,0.21
ESGE.TO,2021-06-28,0.21
ESGE.TO,2021-09-28,0.21
ESGE.TO,2021-12-29,0.21
ESGE.TO,2022-03-29,0.21
ESGE.TO,2022-06-28,0.21
ESGE.TO,2022-09-28,0.21
ESGE.TO,2022-12-28,0.21
ESGE.TO,2023-03-29,0.23
ESGE.TO,2023-06-28,0.23
ESGE.TO,2023-09-27,0.23
ESGE.TO,2023-12-27,0.23
ESGE.TO,2024-03-27,0.23
ESGE.TO,2024-06-27,0.22
ESGE.TO,2024-09-27,0.22
ESGE.TO,2024-12-30,0.22
ESGE.TO,2025-03-28,0.22
ESGE.TO,2025-06-27,0.22
ESGE.TO,2025-09-29,0.2
ESGF.TO,2020-03-27,0.223577
ESGF.TO,2020-06-26,0.223577
ESGF.TO,2020-09-28,0.223577
ESGF.TO,2020-12-29,0.223577
ESGF.TO,2021-03-29,0.310976
ESGF.TO,2021-06-28,0.223577
ESGF.TO,2021-09-28,0.223577
ESGF.TO,2021-12-29,0.223577
ESGF.TO,2022-03-29,0.23374
ESGF.TO,2022-06-28,0.23374
ESGF.TO,2022-09-28,0.23374
ESGF.TO,2022-12-28,0.23374
ESGF.TO,2023-03-29,0.254065
ESGF.TO,2023-06-28,0.254065
ESGF.TO,2023-09-27,0.254065
ESGF.TO,2023-12-27,0.27439
ESGF.TO,2024-03-27,0.243902
ESGF.TO,2024-06-27,0.243902
ESGF.TO,2024-09-27,0.243902
ESGF.TO,2024-12-30,0.24
ESGF.TO,2025-03-28,0.24
ESGF.TO,2025-06-27,0.24
ESGF.TO,2025-09-29,0.258
ESGG.TO,2020-03-27,0.15
ESGG.TO,2020-06-26,0.15
ESGG.TO,2020-09-28,0.15
ESGG.TO,2020-12-29,0.15
ESGG.TO,2021-03-29,0.15
ESGG.TO,2021-06-28,0.15
ESGG.TO,2021-09-28,0.15
ESGG.TO,2021-12-29,0.15
ESGG.TO,2022-03-29,0.15
ESGG.TO,2022-06-28,0.15
ESGG.TO,2022-09-28,0.15
ESGG.TO,2022-12-28,0.15
ESGG.TO,2023-03-29,0.15
ESGG.TO,2023-06-28,0.15
ESGG.TO,2023-09-27,0.15
ESGG.TO,2023-12-27,0.175
ESGG.TO,2024-03-27,0.15
ESGG.TO,2024-06-27,0.15
ESGG.TO,2024-09-27,0.15
ESGG.TO,2024-12-30,0.15
ESGG.TO,2025-03-28,0.15
ESGG.TO,2025-06-27,0.15
ESGG.TO,2025-09-29,0.14
ESGY.TO,2020-03-27,0.12
ESGY.TO,2020-06-26,0.12
ESGY.TO,2020-09-28,0.12
ESGY.TO,2020-12-29,0.12
ESGY.TO,2021-03-29,0.12
ESGY.TO,2021-06-28,0.12
ESGY.TO,2021-09-28,0.12
ESGY.TO,2021-12-29,0.12
ESGY.TO,2022-03-29,0.12
ESGY.TO,2022-06-28,0.12
ESGY.TO,2022-09-28,0.12
ESGY.TO,2022-12-28,0.12
ESGY.TO,2023-03-29,0.13
ESGY.TO,2023-06-28,0.13
ESGY.TO,2023-09-27,0.13
ESGY.TO,2023-12-27,0.13
ESGY.TO,2024-03-27,0.13
ESGY.TO,2024-06-27,0.12
ESGY.TO,2024-09-27,0.11
ESGY.TO,2024-12-30,0.11
ESGY.TO,2025-03-28,0.11
ESGY.TO,2025-06-27,0.11
ESGY.TO,2025-09-29,0.11
FAP.TO,1996-08-28,0.27
FAP.TO,1996-09-26,0.27
FAP.TO,1996-10-29,0.27
FAP.TO,1996-11-27,0.27
FAP.TO,1996-12-27,0.27
FAP.TO,1997-01-29,0.27
FAP.TO,1997-02-26,0.27
FAP.TO,1997-03-26,0.27
FAP.TO,1997-04-28,0.27
FAP.TO,1997-05-28,0.27
FAP.TO,1997-06-26,0.27
FAP.TO,1997-07-29,0.27
FAP.TO,1997-08-27,0.27
FAP.TO,1997-09-26,0.27
FAP.TO,1997-10-29,0.27
FAP.TO,1997-11-26,0.27
FAP.TO,1997-12-29,0.24
FAP.TO,1998-01-28,0.24
FAP.TO,1998-02-25,0.24
FAP.TO,1998-03-27,0.24
FAP.TO,1998-04-02,0.24
FAP.TO,1998-04-28,0.24
FAP.TO,1998-05-27,0.24
FAP.TO,1998-06-26,0.06
FAP.TO,1998-07-29,0.24
FAP.TO,1998-08-27,0.24
FAP.TO,1998-09-28,0.24
FAP.TO,1998-10-28,0.24
FAP.TO,1998-11-26,0.24
FAP.TO,1998-12-29,0.24
FAP.TO,1999-01-27,0.24
FAP.TO,1999-02-24,0.24
FAP.TO,1999-03-29,0.24
FAP.TO,1999-04-28,0.24
FAP.TO,1999-05-27,0.24
FAP.TO,1999-06-28,0.06
FAP.TO,1999-07-28,0.24
FAP.TO,1999-08-27,0.24
FAP.TO,1999-09-28,0.24
FAP.TO,1999-10-27,0.24
FAP.TO,1999-11-26,0.24
FAP.TO,1999-12-29,0.24
FAP.TO,2000-01-27,0.08
FAP.TO,2000-02-25,0.08
FAP.TO,2000-03-29,0.08
FAP.TO,2000-04-26,0.08
FAP.TO,2000-05-29,0.08
FAP.TO,2000-06-28,0.07
FAP.TO,2000-07-27,0.07
FAP.TO,2000-08-29,0.07
FAP.TO,2000-09-27,0.07
FAP.TO,2000-10-27,0.07
FAP.TO,2000-11-28,0.07
FAP.TO,2000-12-27,0.07
FAP.TO,2001-01-29,0.07
FAP.TO,2001-02-26,0.07
FAP.TO,2001-03-28,0.07
FAP.TO,2001-04-26,0.07
FAP.TO,2001-05-29,0.07
FAP.TO,2001-06-27,0.07
FAP.TO,2001-07-27,0.07
FAP.TO,2001-08-29,0.07
FAP.TO,2001-09-26,0.07
FAP.TO,2001-10-29,0.07
FAP.TO,2001-11-28,0.07
FAP.TO,2001-12-27,0.07
FAP.TO,2002-01-29,0.07
FAP.TO,2002-02-26,0.07
FAP.TO,2002-03-26,0.07
FAP.TO,2002-04-26,0.07
FAP.TO,2002-05-29,0.07
FAP.TO,2002-06-26,0.06
FAP.TO,2002-07-29,0.06
FAP.TO,2002-08-28,0.06
FAP.TO,2002-09-26,0.06
FAP.TO,2002-10-29,0.06
FAP.TO,2002-11-27,0.06
FAP.TO,2002-12-27,0.06
FAP.TO,2003-01-23,0.18
FAP.TO,2003-01-29,0.06
FAP.TO,2003-02-26,0.06
FAP.TO,2003-03-27,0.06
FAP.TO,2003-04-28,0.06
FAP.TO,2003-05-28,0.06
FAP.TO,2003-06-26,0.06
FAP.TO,2003-07-29,0.06
FAP.TO,2003-08-27,0.06
FAP.TO,2003-09-26,0.06
FAP.TO,2003-10-29,0.06
FAP.TO,2003-11-26,0.06
FAP.TO,2003-12-29,0.06
FAP.TO,2004-01-28,0.18
FAP.TO,2004-02-25,0.18
FAP.TO,2004-03-29,0.18
FAP.TO,2004-04-28,0.18
FAP.TO,2004-05-26,0.18
FAP.TO,2004-06-28,0.18
FAP.TO,2004-07-28,0.18
FAP.TO,2004-08-27,0.18
FAP.TO,2004-09-28,0.18
FAP.TO,2004-10-27,0.18
FAP.TO,2004-11-26,0.18
FAP.TO,2004-12-29,0.18
FAP.TO,2005-01-27,0.06
FAP.TO,2005-02-24,0.06
FAP.TO,2005-03-29,0.06
FAP.TO,2005-04-27,0.06
FAP.TO,2005-05-27,0.06
FAP.TO,2005-06-28,0.06
FAP.TO,2005-07-27,0.06
FAP.TO,2005-08-29,0.06
FAP.TO,2005-09-28,0.06
FAP.TO,2005-10-27,0.06
FAP.TO,2005-11-28,0.06
FAP.TO,2005-12-28,0.06
FAP.TO,2006-01-27,0.06
FAP.TO,2006-02-24,0.06
FAP.TO,2006-03-29,0.06
FAP.TO,2006-04-26,0.06
FAP.TO,2006-05-29,0.06
FAP.TO,2006-06-28,0.06
FAP.TO,2006-07-27,0.06
FAP.TO,2006-08-29,0.06
FAP.TO,2006-09-27,0.06
FAP.TO,2006-10-27,0.06
FAP.TO,2006-11-28,0.06
FAP.TO,2006-12-27,0.06
FAP.TO,2007-01-29,0.06
FAP.TO,2007-02-26,0.06
FAP.TO,2007-03-28,0.06
FAP.TO,2007-04-26,0.06
FAP.TO,2007-05-29,0.06
FAP.TO,2007-06-27,0.06
FAP.TO,2007-07-27,0.06
FAP.TO,2007-08-29,0.06
FAP.TO,2007-09-26,0.06
FAP.TO,2007-10-29,0.06
FAP.TO,2007-11-28,0.06
FAP.TO,2007-12-27,0.05
FAP.TO,2008-01-29,0.05
FAP.TO,2008-02-27,0.05
FAP.TO,2008-03-27,0.05
FAP.TO,2008-04-28,0.05
FAP.TO,2008-05-28,0.05
FAP.TO,2008-06-26,0.05
FAP.TO,2008-07-29,0.05
FAP.TO,2008-08-27,0.05
FAP.TO,2008-09-26,0.05
FAP.TO,2008-10-29,0.05
FAP.TO,2008-11-26,0.05
FAP.TO,2008-12-29,0.05
FAP.TO,2009-01-28,0.05
FAP.TO,2009-02-25,0.05
FAP.TO,2009-03-27,0.05
FAP.TO,2009-04-28,0.05
FAP.TO,2009-05-27,0.05
FAP.TO,2009-06-26,0.05
FAP.TO,2009-07-29,0.05
FAP.TO,2009-08-27,0.05
FAP.TO,2009-09-28,0.05
FAP.TO,2009-10-28,0.05
FAP.TO,2009-11-26,0.05
FAP.TO,2009-12-29,0.05
FAP.TO,2010-01-27,0.05
FAP.TO,2010-02-24,0.05
FAP.TO,2010-03-29,0.05
FAP.TO,2010-04-28,0.05
FAP.TO,2010-05-26,0.05
FAP.TO,2010-06-28,0.05
FAP.TO,2010-07-28,0.05
FAP.TO,2010-08-27,0.05
FAP.TO,2010-09-28,0.05
FAP.TO,2010-10-27,0.05
FAP.TO,2010-11-26,0.05
FAP.TO,2010-12-24,0.05
FAP.TO,2011-01-27,0.05
FAP.TO,2011-02-24,0.05
FAP.TO,2011-03-29,0.05
FAP.TO,2011-04-27,0.05
FAP.TO,2011-05-27,0.05
FAP.TO,2011-06-28,0.05
FAP.TO,2011-07-27,0.05
FAP.TO,2011-08-29,0.05
FAP.TO,2011-09-28,0.05
FAP.TO,2011-10-27,0.05
FAP.TO,2011-11-28,0.05
FAP.TO,2011-12-28,0.05
FAP.TO,2012-01-27,0.05
FAP.TO,2012-02-27,0.05
FAP.TO,2012-03-28,0.05
FAP.TO,2012-04-26,0.05
FAP.TO,2012-05-29,0.05
FAP.TO,2012-06-27,0.05
FAP.TO,2012-07-27,0.05
FAP.TO,2012-08-29,0.05
FAP.TO,2012-09-26,0.05
FAP.TO,2012-10-29,0.05
FAP.TO,2012-11-28,0.05
FAP.TO,2012-12-27,0.05
FAP.TO,2013-01-29,0.05
FAP.TO,2013-02-26,0.05
FAP.TO,2013-03-26,0.05
FAP.TO,2013-04-26,0.05
FAP.TO,2013-05-29,0.05
FAP.TO,2013-06-26,0.05
FAP.TO,2013-07-29,0.05
FAP.TO,2013-08-28,0.05
FAP.TO,2013-09-26,0.05
FAP.TO,2013-10-29,0.05
FAP.TO,2013-11-27,0.05
FAP.TO,2013-12-27,0.05
FAP.TO,2014-01-29,0.05
FAP.TO,2014-02-26,0.05
FAP.TO,2014-03-20,0.05
FAP.TO,2014-04-16,0.05
FAP.TO,2014-05-16,0.05
FAP.TO,2014-06-19,0.05
FAP.TO,2014-07-17,0.04
FAP.TO,2014-08-20,0.04
FAP.TO,2014-09-18,0.04
FAP.TO,2014-10-17,0.04
FAP.TO,2014-11-20,0.04
FAP.TO,2014-12-29,0.04
FAP.TO,2015-01-21,0.04
FAP.TO,2015-02-19,0.04
FAP.TO,2015-03-19,0.04
FAP.TO,2015-04-17,0.04
FAP.TO,2015-05-20,0.04
FAP.TO,2015-06-18,0.04
FAP.TO,2015-07-17,0.04
FAP.TO,2015-08-20,0.04
FAP.TO,2015-09-17,0.04
FAP.TO,2015-10-19,0.04
FAP.TO,2015-11-19,0.04
FAP.TO,2016-01-19,0.04
FAP.TO,2016-02-16,0.04
FAP.TO,2016-03-16,0.04
FAP.TO,2016-04-18,0.04
FAP.TO,2017-01-19,0.033
FAP.TO,2017-02-16,0.033
FAP.TO,2017-04-19,0.033
FAP.TO,2017-05-17,0.033
FAP.TO,2017-06-16,0.033
FAP.TO,2017-07-20,0.033
FAP.TO,2017-08-17,0.033
FAP.TO,2017-09-21,0.033
FAP.TO,2017-10-19,0.033
FAP.TO,2017-11-20,0.033
FAP.TO,2018-05-22,0.033
FAP.TO,2018-07-20,0.033
FAP.TO,2018-10-18,0.033
FAP.TO,2018-11-16,0.033
FAP.TO,2018-12-28,0.033
FAP.TO,2019-01-22,0.033
FAP.TO,2019-02-20,0.033
FAP.TO,2019-03-20,0.033
FAP.TO,2019-04-18,0.033
FAP.TO,2019-05-21,0.023
FAP.TO,2019-06-20,0.023
FAP.TO,2019-07-19,0.023
FAP.TO,2019-08-16,0.023
FAP.TO,2019-09-20,0.023
FAP.TO,2019-10-18,0.023
FAP.TO,2019-11-20,0.023
FAP.TO,2019-12-30,0.023
FAP.TO,2020-01-17,0.023
FAP.TO,2020-02-20,0.023
FAP.TO,2020-03-19,0.023
FAP.TO,2020-04-17,0.023
FAP.TO,2020-05-20,0.023
FAP.TO,2020-06-18,0.023
FAP.TO,2020-07-17,0.023
FAP.TO,2020-08-20,0.023
FAP.TO,2020-09-18,0.023
FAP.TO,2020-10-16,0.023
FAP.TO,2020-11-19,0.023
FAP.TO,2020-12-30,0.023
FAP.TO,2021-01-21,0.023
FAP.TO,2021-02-18,0.023
FAP.TO,2021-03-23,0.023
FAP.TO,2021-04-22,0.023
FAP.TO,2021-05-20,0.023
FAP.TO,2021-06-22,0.023
FAP.TO,2021-07-22,0.023
FAP.TO,2021-08-19,0.023
FAP.TO,2021-09-17,0.023
FAP.TO,2021-10-21,0.023
FAP.TO,2021-11-18,0.023
FAP.TO,2021-12-29,0.023
FAP.TO,2025-02-21,0.018
FAP.TO,2025-03-25,0.018
FAP.TO,2025-04-23,0.018
FAP.TO,2025-05-22,0.018
FAP.TO,2025-06-23,0.018
FAP.TO,2025-07-24,0.018
FAP.TO,2025-08-22,0.018
FAP.TO,2025-09-23,0.018
FAP.TO,2025-10-24,0.018
FAP.TO,2025-11-21,0.018
GBT.TO,1996-12-23,0.00175
GBT.TO,1997-08-27,0.002375
GBT.TO,1997-12-18,0.002375
GBT.TO,1998-08-06,0.003125
GBT.TO,1998-12-18,0.003125
GBT.TO,1999-08-26,0.003125
GBT.TO,1999-12-20,0.004063
GBT.TO,2000-08-23,0.009375
GBT.TO,2000-12-20,0.0125
GBT.TO,2001-08-27,0.0125
GBT.TO,2001-12-19,0.01375
GBT.TO,2002-08-27,0.0075
GBT.TO,2002-12-11,0.0175
GBT.TO,2003-08-27,0.0175
GBT.TO,2003-12-18,0.025
GBT.TO,2004-08-19,0.01
GBT.TO,2004-12-16,0.014
GBT.TO,2005-08-18,0.03
GBT.TO,2005-12-16,0.035
GBT.TO,2006-08-22,0.06
GBT.TO,2006-12-19,0.06
GBT.TO,2007-08-21,0.07
GBT.TO,2007-12-18,0.075
GBT.TO,2008-08-19,0.085
GBT.TO,2008-12-17,0.09
GBT.TO,2009-08-18,0.09
GBT.TO,2009-12-16,0.1
GBT.TO,2010-08-17,0.12
GBT.TO,2010-12-15,0.12
GBT.TO,2011-08-16,0.12
GBT.TO,2011-12-19,0.12
GBT.TO,2012-08-14,0.12
GBT.TO,2012-12-18,0.12
GBT.TO,2013-08-13,0.12
GBT.TO,2013-12-19,0.12
GBT.TO,2014-08-21,0.12
GBT.TO,2014-12-18,0.12
GBT.TO,2015-08-13,0.12
GBT.TO,2015-12-17,0.12
GBT.TO,2016-08-11,0.12
GBT.TO,2016-12-19,0.12
GBT.TO,2017-08-10,0.12
GBT.TO,2017-12-20,0.12
GBT.TO,2018-07-04,0.14
GBT.TO,2018-12-20,0.14
GBT.TO,2019-07-04,0.14
GBT.TO,2019-12-19,0.14
GBT.TO,2020-07-10,0.14
GBT.TO,2020-12-18,0.15
GBT.TO,2021-06-24,0.16
GBT.TO,2021-12-20,0.18
GBT.TO,2022-06-22,0.18
GBT.TO,2022-12-21,0.18
GBT.TO,2023-06-22,0.18
GBT.TO,2023-12-19,0.18
GBT.TO,2024-06-21,0.18
GBT.TO,2024-12-19,0.18
GBT.TO,2025-06-20,0.18
GOOG.TO,2024-06-10,0.033
GOOG.TO,2024-09-09,0.033
GOOG.TO,2024-12-09,0.033
GOOG.TO,2025-03-10,0.033
GOOG.TO,2025-06-09,0.034
GOOG.TO,2025-09-08,0.034
GOOG.TO,2025-12-08,0.034
GRNI.TO,2022-03-29,0.16
GRNI.TO,2022-06-28,0.16
GRNI.TO,2022-09-28,0.16
GRNI.TO,2022-12-28,0.16
GRNI.TO,2023-03-29,0.16
GRNI.TO,2023-06-28,0.16
GRNI.TO,2023-09-27,0.16
GRNI.TO,2023-12-27,0.16
GRNI.TO,2024-03-27,0.16
GRNI.TO,2024-06-27,0.16
GRNI.TO,2024-09-27,0.16
GRNI.TO,2024-12-30,0.16
GRNI.TO,2025-03-28,0.16
GRNI.TO,2025-06-27,0.16
GRNI.TO,2025-09-29,0.16
HDGE.TO,2019-09-27,0.1
HDGE.TO,2019-12-30,0.1
HDGE.TO,2020-03-30,0.1
HDGE.TO,2020-06-29,0.1
HDGE.TO,2020-09-29,0.1
HDGE.TO,2020-12-30,0.1
HDGE.TO,2021-03-30,0.1
HDGE.TO,2021-06-29,0.1
HDGE.TO,2021-09-28,0.1
HDGE.TO,2021-12-29,0.1
HDGE.TO,2022-03-30,0.1
HDGE.TO,2022-06-29,0.1
HDGE.TO,2022-09-28,0.1
HDGE.TO,2022-12-29,0.1
HDGE.TO,2023-03-30,0.1
HDGE.TO,2023-06-29,0.1
HDGE.TO,2023-09-28,0.1
HDGE.TO,2023-12-28,0.1
HDGE.TO,2024-03-27,0.1
HDGE.TO,2024-06-28,0.1
HDGE.TO,2024-09-27,0.1
HDGE.TO,2024-12-31,0.1
HDGE.TO,2025-03-31,0.1
HDGE.TO,2025-06-30,0.1
HDGE.TO,2025-09-29,0.1
INCM.TO,2024-06-28,0.17
INCM.TO,2024-07-31,0.17
INCM.TO,2024-08-30,0.17
INCM.TO,2024-09-27,0.17
INCM.TO,2024-10-31,0.165
INCM.TO,2024-11-29,0.165
INCM.TO,2024-12-31,0.165
INCM.TO,2025-01-31,0.165
INCM.TO,2025-02-28,0.165
INCM.TO,2025-03-31,0.165
INCM.TO,2025-04-30,0.165
INCM.TO,2025-05-30,0.165
INCM.TO,2025-06-30,0.165
INCM.TO,2025-07-31,0.165
INCM.TO,2025-08-29,0.165
INCM.TO,2025-09-29,0.16
INCM.TO,2025-10-31,0.16
INCM.TO,2025-11-28,0.155
ONEC.TO,2021-06-29,0.1
ONEC.TO,2021-09-28,0.1
ONEC.TO,2021-12-29,0.1
ONEC.TO,2022-03-30,0.1
ONEC.TO,2022-06-29,0.1
ONEC.TO,2022-09-28,0.1
ONEC.TO,2022-12-29,0.1
ONEC.TO,2023-03-30,0.1
ONEC.TO,2023-06-29,0.1
ONEC.TO,2023-09-28,0.1
ONEC.TO,2023-12-28,0.1
ONEC.TO,2024-03-27,0.1
ONEC.TO,2024-06-28,0.1
ONEC.TO,2024-09-27,0.1
ONEC.TO,2024-12-31,0.1
ONEC.TO,2025-03-31,0.1
ONEC.TO,2025-06-30,0.1
ONEC.TO,2025-09-29,0.1
PRM.TO,2017-12-28,0.103
PRM.TO,2018-01-30,0.103
PRM.TO,2018-02-27,0.103
PRM.TO,2018-03-28,0.103
PRM.TO,2018-04-27,0.103
PRM.TO,2018-05-30,0.103
PRM.TO,2018-06-28,0.103
PRM.TO,2018-07-30,0.103
PRM.TO,2018-08-30,0.103
PRM.TO,2018-09-27,0.103
PRM.TO,2018-10-30,0.103
PRM.TO,2018-11-29,0.103
PRM.TO,2018-12-28,0.103
PRM.TO,2019-01-30,0.103
PRM.TO,2019-02-27,0.103
PRM.TO,2019-03-28,0.103
PRM.TO,2019-04-29,0.103
PRM.TO,2019-05-30,0.103
PRM.TO,2019-06-27,0.103
PRM.TO,2019-07-30,0.103
PRM.TO,2019-08-29,0.103
PRM.TO,2019-09-27,0.103
PRM.TO,2019-10-30,0.103
PRM.TO,2019-11-28,0.103
PRM.TO,2019-12-30,0.103
PRM.TO,2020-01-30,0.103
PRM.TO,2020-02-27,0.103
PRM.TO,2020-03-30,0.103
PRM.TO,2020-04-29,0.206
PRM.TO,2020-05-28,0.103
PRM.TO,2020-06-29,0.103
PRM.TO,2020-07-30,0.103
PRM.TO,2020-08-28,0.103
PRM.TO,2020-09-29,0.103
PRM.TO,2020-10-29,0.103
PRM.TO,2020-11-27,0.103
PRM.TO,2020-12-30,0.103
PRM.TO,2021-01-28,0.103
PRM.TO,2021-02-18,0.716
PRM.TO,2021-02-25,0.103
PRM.TO,2021-03-30,0.103
PRM.TO,2021-04-29,0.103
PRM.TO,2021-05-28,0.103
PRM.TO,2021-06-29,0.103
PRM.TO,2021-07-29,0.103
PRM.TO,2021-08-30,0.103
PRM.TO,2021-09-28,0.103
PRM.TO,2021-10-28,0.103
PRM.TO,2021-11-29,0.103
PRM.TO,2021-12-30,0.103
PRM.TO,2022-01-28,0.103
PRM.TO,2022-02-25,0.103
PRM.TO,2022-03-30,0.103
PRM.TO,2022-04-28,0.103
PRM.TO,2022-05-30,0.103
PRM.TO,2022-06-29,0.103
PRM.TO,2022-07-28,0.103
PRM.TO,2022-08-30,0.103
PRM.TO,2022-09-28,0.103
PRM.TO,2022-10-28,0.103
PRM.TO,2022-11-29,0.103
PRM.TO,2022-12-29,0.103
PRM.TO,2023-01-30,0.103
PRM.TO,2023-02-27,0.103
PRM.TO,2023-03-30,0.103
PRM.TO,2023-04-27,0.103
PRM.TO,2023-05-30,0.103
PRM.TO,2023-06-29,0.103
PRM.TO,2023-07-28,0.103
PRM.TO,2023-08-30,0.103
PRM.TO,2023-09-28,0.103
PRM.TO,2023-10-30,0.103
PRM.TO,2023-11-29,0.103
PRM.TO,2023-12-28,0.103
PRM.TO,2024-01-30,0.103
PRM.TO,2024-02-21,0.073
PRM.TO,2024-02-28,0.103
PRM.TO,2024-03-27,0.103
PRM.TO,2024-04-29,0.103
PRM.TO,2024-05-31,0.103
PRM.TO,2024-06-28,0.103
PRM.TO,2024-07-31,0.103
PRM.TO,2024-08-30,0.103
PRM.TO,2024-09-27,0.103
PRM.TO,2024-10-31,0.103
PRM.TO,2024-11-29,0.103
PRM.TO,2024-12-31,0.103
PRM.TO,2025-01-31,0.103
PRM.TO,2025-02-28,0.103
PRM.TO,2025-03-31,0.103
PRM.TO,2025-04-30,0.103
PRM.TO,2025-05-30,0.103
PRM.TO,2025-06-30,0.103
PRM.TO,2025-07-31,0.103
PRM.TO,2025-08-29,0.103
PRM.TO,2025-09-29,0.103
PRM.TO,2025-10-31,0.103
PRM.TO,2025-11-28,0.103
QBTL.TO,2019-12-27,0.038
QBTL.TO,2020-12-30,1.268
QBTL.TO,2022-12-29,0.605
RATE.TO,2018-04-27,0.050556
RATE.TO,2018-05-30,0.050556
RATE.TO,2018-06-28,0.050556
RATE.TO,2018-07-30,0.050556
RATE.TO,2018-08-30,0.050556
RATE.TO,2018-09-27,0.050556
RATE.TO,2018-10-30,0.050556
RATE.TO,2018-11-29,0.050556
RATE.TO,2018-12-28,0.050556
RATE.TO,2019-01-30,0.050556
RATE.TO,2019-02-27,0.050556
RATE.TO,2019-03-28,0.050556
RATE.TO,2019-04-29,0.050556
RATE.TO,2019-05-30,0.050556
RATE.TO,2019-06-27,0.050556
RATE.TO,2019-07-30,0.050556
RATE.TO,2019-08-29,0.050556
RATE.TO,2019-09-27,0.050556
RATE.TO,2019-10-30,0.050556
RATE.TO,2019-11-28,0.050556
RATE.TO,2019-12-30,0.050556
RATE.TO,2020-01-30,0.050556
RATE.TO,2020-02-27,0.050556
RATE.TO,2020-03-30,0.050556
RATE.TO,2020-04-29,0.050556
RATE.TO,2020-05-28,0.050556
RATE.TO,2020-06-29,0.050556
RATE.TO,2020-07-30,0.050556
RATE.TO,2020-08-28,0.050556
RATE.TO,2020-09-29,0.050556
RATE.TO,2020-10-29,0.050556
RATE.TO,2020-11-27,0.050556
RATE.TO,2020-12-30,0.050556
RATE.TO,2021-01-28,0.050556
RATE.TO,2021-02-25,0.050556
RATE.TO,2021-03-30,0.050556
RATE.TO,2021-04-29,0.050556
RATE.TO,2021-05-28,0.050556
RATE.TO,2021-06-29,0.050556
RATE.TO,2021-07-29,0.067745
RATE.TO,2021-08-30,0.067745
RATE.TO,2021-09-28,0.067745
RATE.TO,2021-10-28,0.067745
RATE.TO,2021-11-29,0.067745
RATE.TO,2021-12-30,0.067745
RATE.TO,2022-01-28,0.067745
RATE.TO,2022-02-25,0.067745
RATE.TO,2022-03-30,0.067745
RATE.TO,2022-04-28,0.067745
RATE.TO,2022-05-30,0.067745
RATE.TO,2022-06-29,0.067745
RATE.TO,2022-07-28,0.067745
RATE.TO,2022-08-30,0.067745
RATE.TO,2022-09-28,0.067745
RATE.TO,2022-10-28,0.067745
RATE.TO,2022-11-29,0.067745
RATE.TO,2022-12-29,0.067745
RATE.TO,2023-01-30,0.081901
RATE.TO,2023-02-27,0.081901
RATE.TO,2023-03-30,0.081901
RATE.TO,2023-04-27,0.081901
RATE.TO,2023-05-30,0.081901
RATE.TO,2023-06-29,0.081901
RATE.TO,2023-07-27,0.081901
RATE.TO,2023-08-30,0.081901
RATE.TO,2023-09-28,0.081901
RATE.TO,2023-10-30,0.081901
RATE.TO,2023-11-29,0.081901
RATE.TO,2023-12-28,0.081901
RATE.TO,2024-01-30,0.081901
RATE.TO,2024-02-28,0.081901
RATE.TO,2024-03-27,0.081901
RATE.TO,2024-04-29,0.081901
RATE.TO,2024-05-31,0.081901
RATE.TO,2024-06-28,0.081901
RATE.TO,2024-07-31,0.081901
RATE.TO,2024-08-30,0.081901
RATE.TO,2024-09-27,0.081901
RATE.TO,2024-10-31,0.081901
RATE.TO,2024-11-29,0.081901
RATE.TO,2024-12-31,0.081
RATE.TO,2025-01-31,0.081
RATE.TO,2025-02-28,0.081
RATE.TO,2025-03-31,0.081
RATE.TO,2025-04-30,0.081
RATE.TO,2025-05-30,0.081
RATE.TO,2025-06-30,0.081
RATE.TO,2025-07-31,0.081
RATE.TO,2025-08-29,0.081
RATE.TO,2025-09-29,0.081
RATE.TO,2025-10-31,0.081
RATE.TO,2025-11-28,0.081
STPL.TO,2017-06-27,0.095
STPL.TO,2017-09-27,0.095
STPL.TO,2017-12-27,0.09
STPL.TO,2018-03-27,0.1
STPL.TO,2018-06-27,0.1
STPL.TO,2018-09-26,0.1
STPL.TO,2018-12-27,0.12
STPL.TO,2019-03-27,0.11
STPL.TO,2019-06-26,0.11
STPL.TO,2019-09-26,0.11
STPL.TO,2019-12-27,0.12
STPL.TO,2020-03-27,0.12
STPL.TO,2020-06-26,0.12
STPL.TO,2020-09-28,0.12
STPL.TO,2020-12-29,0.12
STPL.TO,2021-03-29,0.12
STPL.TO,2021-06-28,0.12
STPL.TO,2021-09-28,0.14
STPL.TO,2021-12-29,0.14
STPL.TO,2022-03-29,0.14
STPL.TO,2022-06-28,0.14
STPL.TO,2022-09-28,0.14
STPL.TO,2022-12-28,0.14
STPL.TO,2023-03-29,0.14
STPL.TO,2023-06-28,0.14
STPL.TO,2023-09-27,0.14
STPL.TO,2023-12-27,0.14
STPL.TO,2024-03-27,0.14
STPL.TO,2024-06-27,0.14
STPL.TO,2024-09-27,0.14
STPL.TO,2024-12-30,0.14
STPL.TO,2025-03-28,0.14
STPL.TO,2025-06-27,0.13
STPL.TO,2025-09-29,0.13
TOWR.TO,2022-03-29,0.12
TOWR.TO,2022-06-28,0.12
TOWR.TO,2022-09-28,0.12
TOWR.TO,2022-12-28,0.12
TOWR.TO,2023-03-29,0.12
TOWR.TO,2023-06-28,0.12
TOWR.TO,2023-09-27,0.12
TOWR.TO,2023-12-27,0.12
TOWR.TO,2024-03-27,0.12
TOWR.TO,2024-06-27,0.12
TOWR.TO,2024-09-27,0.12
TOWR.TO,2024-12-30,0.12
TOWR.TO,2025-03-28,0.12
TOWR.TO,2025-06-27,0.12
TOWR.TO,2025-09-29,0.12
WOMN.TO,2018-12-27,0.14
WOMN.TO,2019-12-27,0.36
WOMN.TO,2023-12-27,0.385
WOMN.TO,2024-12-30,0.035
ZACE.TO,2023-12-27,0.08
ZACE.TO,2024-12-30,0.001
ZAG.TO,2010-03-26,0.103
ZAG.TO,2010-06-25,0.17
ZAG.TO,2010-09-27,0.167
ZAG.TO,2010-12-24,0.165
ZAG.TO,2011-01-26,0.055
ZAG.TO,2011-02-23,0.055
ZAG.TO,2011-03-28,0.055
ZAG.TO,2011-04-26,0.051
ZAG.TO,2011-05-26,0.051
ZAG.TO,2011-06-27,0.051
ZAG.TO,2011-07-26,0.049
ZAG.TO,2011-08-26,0.049
ZAG.TO,2011-09-27,0.049
ZAG.TO,2011-10-26,0.047
ZAG.TO,2011-11-25,0.047
ZAG.TO,2011-12-23,0.046
ZAG.TO,2012-01-26,0.045
ZAG.TO,2012-02-24,0.045
ZAG.TO,2012-03-27,0.045
ZAG.TO,2012-04-25,0.045
ZAG.TO,2012-05-28,0.045
ZAG.TO,2012-06-26,0.044
ZAG.TO,2012-07-26,0.044
ZAG.TO,2012-08-28,0.044
ZAG.TO,2012-09-25,0.044
ZAG.TO,2012-10-26,0.044
ZAG.TO,2012-11-27,0.044
ZAG.TO,2012-12-24,0.044
ZAG.TO,2013-01-28,0.044
ZAG.TO,2013-02-25,0.044
ZAG.TO,2013-03-25,0.044
ZAG.TO,2013-04-25,0.044
ZAG.TO,2013-05-28,0.044
ZAG.TO,2013-06-25,0.042
ZAG.TO,2013-07-26,0.042
ZAG.TO,2013-08-27,0.042
ZAG.TO,2013-09-25,0.042
ZAG.TO,2013-10-28,0.042
ZAG.TO,2013-11-26,0.042
ZAG.TO,2013-12-24,0.076
ZAG.TO,2014-01-28,0.042
ZAG.TO,2014-02-25,0.042
ZAG.TO,2014-03-26,0.042
ZAG.TO,2014-04-25,0.042
ZAG.TO,2014-05-27,0.042
ZAG.TO,2014-06-25,0.042
ZAG.TO,2014-07-28,0.042
ZAG.TO,2014-08-26,0.042
ZAG.TO,2014-09-25,0.041
ZAG.TO,2014-10-28,0.041
ZAG.TO,2014-11-24,0.041
ZAG.TO,2014-12-24,0.054
ZAG.TO,2015-01-27,0.041
ZAG.TO,2015-02-24,0.041
ZAG.TO,2015-03-26,0.041
ZAG.TO,2015-04-27,0.041
ZAG.TO,2015-05-26,0.041
ZAG.TO,2015-06-25,0.041
ZAG.TO,2015-07-28,0.041
ZAG.TO,2015-08-26,0.041
ZAG.TO,2015-09-25,0.04
ZAG.TO,2015-10-27,0.04
ZAG.TO,2015-11-25,0.04
ZAG.TO,2015-12-24,0.05
ZAG.TO,2016-01-26,0.04
ZAG.TO,2016-02-24,0.04
ZAG.TO,2016-03-28,0.04
ZAG.TO,2016-04-26,0.04
ZAG.TO,2016-05-24,0.04
ZAG.TO,2016-05-26,0.04
ZAG.TO,2016-06-27,0.04
ZAG.TO,2016-07-26,0.04
ZAG.TO,2016-08-26,0.04
ZAG.TO,2016-09-27,0.04
ZAG.TO,2016-10-26,0.04
ZAG.TO,2016-11-25,0.04
ZAG.TO,2016-12-23,0.04
ZAG.TO,2017-01-26,0.04
ZAG.TO,2017-02-23,0.04
ZAG.TO,2017-03-28,0.038
ZAG.TO,2017-04-25,0.038
ZAG.TO,2017-05-26,0.038
ZAG.TO,2017-06-27,0.038
ZAG.TO,2017-07-26,0.038
ZAG.TO,2017-08-28,0.038
ZAG.TO,2017-09-27,0.038
ZAG.TO,2017-10-27,0.038
ZAG.TO,2017-11-28,0.038
ZAG.TO,2017-12-27,0.038
ZAG.TO,2018-01-29,0.038
ZAG.TO,2018-02-26,0.038
ZAG.TO,2018-03-27,0.037
ZAG.TO,2018-04-26,0.037
ZAG.TO,2018-05-29,0.037
ZAG.TO,2018-06-27,0.037
ZAG.TO,2018-07-27,0.037
ZAG.TO,2018-08-29,0.037
ZAG.TO,2018-09-26,0.037
ZAG.TO,2018-10-29,0.037
ZAG.TO,2018-11-28,0.037
ZAG.TO,2018-12-27,0.037
ZAG.TO,2019-01-29,0.04
ZAG.TO,2019-02-26,0.04
ZAG.TO,2019-03-27,0.04
ZAG.TO,2019-04-26,0.04
ZAG.TO,2019-05-29,0.04
ZAG.TO,2019-06-26,0.04
ZAG.TO,2019-07-29,0.04
ZAG.TO,2019-08-28,0.04
ZAG.TO,2019-09-26,0.04
ZAG.TO,2019-10-29,0.04
ZAG.TO,2019-11-27,0.04
ZAG.TO,2019-12-27,0.04
ZAG.TO,2020-01-29,0.04
ZAG.TO,2020-02-26,0.04
ZAG.TO,2020-03-27,0.04
ZAG.TO,2020-04-28,0.04
ZAG.TO,2020-05-27,0.04
ZAG.TO,2020-06-26,0.04
ZAG.TO,2020-07-29,0.04
ZAG.TO,2020-08-27,0.04
ZAG.TO,2020-09-28,0.04
ZAG.TO,2020-10-28,0.04
ZAG.TO,2020-11-27,0.04
ZAG.TO,2020-12-29,0.04
ZAG.TO,2021-01-27,0.04
ZAG.TO,2021-02-24,0.04
ZAG.TO,2021-03-29,0.04
ZAG.TO,2021-04-28,0.04
ZAG.TO,2021-05-26,0.04
ZAG.TO,2021-06-28,0.04
ZAG.TO,2021-07-28,0.04
ZAG.TO,2021-08-27,0.04
ZAG.TO,2021-09-28,0.04
ZAG.TO,2021-10-27,0.04
ZAG.TO,2021-11-26,0.04
ZAG.TO,2021-12-29,0.04
ZAG.TO,2022-01-27,0.04
ZAG.TO,2022-02-24,0.04
ZAG.TO,2022-03-29,0.04
ZAG.TO,2022-04-27,0.04
ZAG.TO,2022-05-27,0.04
ZAG.TO,2022-06-28,0.04
ZAG.TO,2022-07-27,0.04
ZAG.TO,2022-08-29,0.04
ZAG.TO,2022-09-28,0.04
ZAG.TO,2022-10-27,0.04
ZAG.TO,2022-11-28,0.04
ZAG.TO,2022-12-28,0.04
ZAG.TO,2023-01-27,0.04
ZAG.TO,2023-02-24,0.04
ZAG.TO,2023-03-29,0.04
ZAG.TO,2023-04-26,0.04
ZAG.TO,2023-05-30,0.04
ZAG.TO,2023-06-28,0.04
ZAG.TO,2023-07-27,0.04
ZAG.TO,2023-08-29,0.04
ZAG.TO,2023-10-27,0.04
ZAG.TO,2023-11-28,0.04
ZAG.TO,2023-12-27,0.04
ZAG.TO,2024-01-29,0.04
ZAG.TO,2024-02-27,0.04
ZAG.TO,2024-03-27,0.04
ZAG.TO,2024-04-26,0.04
ZAG.TO,2024-05-30,0.04
ZAG.TO,2024-06-27,0.04
ZAG.TO,2024-07-30,0.04
ZAG.TO,2024-08-29,0.04
ZAG.TO,2024-09-27,0.04
ZAG.TO,2024-10-30,0.04
ZAG.TO,2024-11-27,0.04
ZAG.TO,2024-12-30,0.04
ZAG.TO,2025-01-30,0.04
ZAG.TO,2025-02-27,0.04
ZAG.TO,2025-03-28,0.04
ZAG.TO,2025-04-29,0.04
ZAG.TO,2025-05-29,0.04
ZAG.TO,2025-06-27,0.04
ZAG.TO,2025-07-30,0.04
ZAG.TO,2025-08-28,0.04
ZAG.TO,2025-09-29,0.04
ZAG.TO,2025-10-30,0.04
ZAG.TO,2025-11-26,0.04
ZBAL.TO,2019-03-27,0.063333
ZBAL.TO,2019-06-26,0.063333
ZBAL.TO,2019-09-26,0.063333
ZBAL.TO,2019-12-27,0.066667
ZBAL.TO,2020-03-27,0.073333
ZBAL.TO,2020-06-26,0.073333
ZBAL.TO,2020-09-28,0.073333
ZBAL.TO,2020-12-29,0.073333
ZBAL.TO,2021-03-29,0.073333
ZBAL.TO,2021-06-28,0.073333
ZBAL.TO,2021-09-28,0.073333
ZBAL.TO,2021-12-29,0.073333
ZBAL.TO,2022-03-29,0.073333
ZBAL.TO,2022-06-28,0.073333
ZBAL.TO,2022-09-28,0.073333
ZBAL.TO,2022-12-28,0.073333
ZBAL.TO,2023-03-29,0.073333
ZBAL.TO,2023-06-28,0.073333
ZBAL.TO,2023-09-27,0.073333
ZBAL.TO,2023-12-27,0.073333
ZBAL.TO,2024-03-27,0.073333
ZBAL.TO,2024-06-27,0.073333
ZBAL.TO,2024-09-27,0.073333
ZBAL.TO,2024-12-30,0.073333
ZBAL.TO,2025-03-28,0.073333
ZBAL.TO,2025-06-27,0.073333
ZBAL.TO,2025-09-29,0.075
ZBBB.TO,2020-03-27,0.24
ZBBB.TO,2020-06-26,0.24
ZBBB.TO,2020-09-28,0.24
ZBBB.TO,2020-12-29,0.24
ZBBB.TO,2021-03-29,0.24
ZBBB.TO,2021-06-28,0.24
ZBBB.TO,2021-09-28,0.24
ZBBB.TO,2021-12-29,0.24
ZBBB.TO,2022-03-29,0.24
ZBBB.TO,2022-06-28,0.24
ZBBB.TO,2022-09-28,0.24
ZBBB.TO,2022-12-28,0.24
ZBBB.TO,2023-03-29,0.24
ZBBB.TO,2023-06-28,0.24
ZBBB.TO,2023-09-27,0.24
ZBBB.TO,2023-12-27,0.24
ZBBB.TO,2024-03-27,0.25
ZBBB.TO,2024-06-27,0.26
ZBBB.TO,2024-09-27,0.28
ZBBB.TO,2024-12-30,0.28
ZBBB.TO,2025-03-28,0.28
ZBBB.TO,2025-06-27,0.29
ZBBB.TO,2025-09-29,0.31
ZBI.TO,2022-03-29,0.03
ZBI.TO,2022-06-28,0.23
ZBI.TO,2022-09-28,0.23
ZBI.TO,2022-12-28,0.23
ZBI.TO,2023-03-29,0.23
ZBI.TO,2023-06-28,0.23
ZBI.TO,2023-09-27,0.23
ZBI.TO,2023-12-27,0.31
ZBI.TO,2024-03-27,0.23
ZBI.TO,2024-06-27,0.25
ZBI.TO,2024-09-27,0.27
ZBI.TO,2024-12-30,0.27
ZBI.TO,2025-03-28,0.27
ZBI.TO,2025-06-27,0.32
ZBI.TO,2025-09-29,0.32
ZBK.TO,2014-03-26,0.045
ZBK.TO,2014-06-25,0.045
ZBK.TO,2014-09-25,0.045
ZBK.TO,2014-12-24,0.045
ZBK.TO,2015-03-26,0.057
ZBK.TO,2015-06-25,0.057
ZBK.TO,2015-09-25,0.065
ZBK.TO,2015-12-24,0.07
ZBK.TO,2016-06-27,0.07
ZBK.TO,2016-09-27,0.075
ZBK.TO,2016-12-23,0.08
ZBK.TO,2017-03-28,0.07
ZBK.TO,2017-06-27,0.07
ZBK.TO,2017-09-27,0.075
ZBK.TO,2017-12-27,0.08
ZBK.TO,2018-03-27,0.075
ZBK.TO,2018-06-27,0.075
ZBK.TO,2018-09-26,0.08
ZBK.TO,2018-12-27,0.18
ZBK.TO,2019-03-27,0.13
ZBK.TO,2019-06-26,0.13
ZBK.TO,2019-09-26,0.15
ZBK.TO,2019-12-27,0.22
ZBK.TO,2020-03-27,0.17
ZBK.TO,2020-06-26,0.17
ZBK.TO,2020-09-28,0.17
ZBK.TO,2020-12-29,0.17
ZBK.TO,2021-03-29,0.17
ZBK.TO,2021-06-28,0.17
ZBK.TO,2021-09-28,0.17
ZBK.TO,2021-12-29,0.17
ZBK.TO,2022-03-29,0.17
ZBK.TO,2022-06-28,0.17
ZBK.TO,2022-09-28,0.17
ZBK.TO,2022-12-28,0.17
ZBK.TO,2023-03-29,0.19
ZBK.TO,2023-06-28,0.19
ZBK.TO,2023-09-27,0.19
ZBK.TO,2023-12-27,0.19
ZBK.TO,2024-03-27,0.19
ZBK.TO,2024-06-27,0.195
ZBK.TO,2024-09-27,0.195
ZBK.TO,2024-12-30,0.195
ZBK.TO,2025-03-28,0.195
ZBK.TO,2025-06-27,0.195
ZBK.TO,2025-09-29,0.195
ZCB.TO,2018-09-26,0.4
ZCB.TO,2018-12-27,0.4
ZCB.TO,2019-03-27,0.4
ZCB.TO,2019-06-26,0.4
ZCB.TO,2019-09-26,0.4
ZCB.TO,2019-12-27,0.4
ZCB.TO,2020-03-27,0.4
ZCB.TO,2020-06-26,0.4
ZCB.TO,2020-09-28,0.4
ZCB.TO,2020-12-29,0.4
ZCB.TO,2021-03-29,0.4
ZCB.TO,2021-06-28,0.4
ZCB.TO,2021-09-28,0.4
ZCB.TO,2021-12-29,0.4
ZCB.TO,2022-03-29,0.4
ZCB.TO,2022-06-28,0.4
ZCB.TO,2022-09-28,0.4
ZCB.TO,2022-12-28,0.4
ZCB.TO,2023-03-29,0.45
ZCB.TO,2023-06-28,0.45
ZCB.TO,2023-09-27,0.45
ZCB.TO,2023-12-27,0.45
ZCB.TO,2024-03-27,0.45
ZCB.TO,2024-06-27,0.45
ZCB.TO,2024-09-27,0.46
ZCB.TO,2024-12-30,0.46
ZCB.TO,2025-03-28,0.46
ZCB.TO,2025-06-27,0.47
ZCB.TO,2025-09-29,0.48
ZCDB.TO,2022-03-29,0.16
ZCDB.TO,2022-06-28,0.17
ZCDB.TO,2022-09-28,0.17
ZCDB.TO,2022-12-28,0.17
ZCDB.TO,2023-03-29,0.17
ZCDB.TO,2023-06-28,0.17
ZCDB.TO,2023-09-27,0.17
ZCDB.TO,2023-12-27,0.17
ZCDB.TO,2024-03-27,0.15
ZCDB.TO,2024-06-27,0.14
ZCDB.TO,2024-09-27,0.14
ZCDB.TO,2024-12-30,0.14
ZCDB.TO,2025-03-28,0.14
ZCDB.TO,2025-06-27,0.14
ZCDB.TO,2025-09-29,0.148
ZCH.TO,2010-06-25,0.052
ZCH.TO,2010-09-27,0.042
ZCH.TO,2010-12-24,0.044
ZCH.TO,2011-12-23,0.265
ZCH.TO,2012-12-24,0.235
ZCH.TO,2013-12-24,0.125
ZCH.TO,2014-12-24,0.165
ZCH.TO,2015-12-24,0.17
ZCH.TO,2016-12-23,0.14
ZCH.TO,2017-12-27,0.145
ZCH.TO,2018-12-27,0.28
ZCH.TO,2019-12-27,0.29
ZCH.TO,2020-12-29,0.17
ZCH.TO,2022-12-28,0.18
ZCH.TO,2023-12-27,0.5
ZCH.TO,2024-12-30,0.344
ZCLN.TO,2021-12-29,0.17
ZCLN.TO,2022-12-28,0.19
ZCLN.TO,2023-12-27,0.22
ZCLN.TO,2024-12-30,0.268
ZCM.TO,2010-03-26,0.13
ZCM.TO,2010-06-25,0.21
ZCM.TO,2010-09-27,0.198
ZCM.TO,2010-12-24,0.044
ZCM.TO,2011-01-26,0.065
ZCM.TO,2011-02-23,0.065
ZCM.TO,2011-03-28,0.065
ZCM.TO,2011-04-26,0.064
ZCM.TO,2011-05-26,0.064
ZCM.TO,2011-06-27,0.064
ZCM.TO,2011-07-26,0.063
ZCM.TO,2011-08-26,0.063
ZCM.TO,2011-09-27,0.063
ZCM.TO,2011-10-26,0.061
ZCM.TO,2011-11-25,0.061
ZCM.TO,2011-12-23,0.06
ZCM.TO,2012-01-26,0.061
ZCM.TO,2012-02-24,0.061
ZCM.TO,2012-03-27,0.061
ZCM.TO,2012-04-25,0.061
ZCM.TO,2012-05-28,0.061
ZCM.TO,2012-06-26,0.06
ZCM.TO,2012-07-26,0.06
ZCM.TO,2012-08-28,0.06
ZCM.TO,2012-09-25,0.059
ZCM.TO,2012-10-26,0.059
ZCM.TO,2012-11-27,0.059
ZCM.TO,2012-12-24,0.059
ZCM.TO,2013-01-28,0.057
ZCM.TO,2013-02-25,0.057
ZCM.TO,2013-03-25,0.057
ZCM.TO,2013-04-25,0.057
ZCM.TO,2013-05-28,0.057
ZCM.TO,2013-06-25,0.055
ZCM.TO,2013-07-26,0.055
ZCM.TO,2013-08-27,0.055
ZCM.TO,2013-09-25,0.055
ZCM.TO,2013-10-28,0.055
ZCM.TO,2013-11-26,0.055
ZCM.TO,2013-12-24,0.055
ZCM.TO,2014-01-28,0.053
ZCM.TO,2014-02-25,0.053
ZCM.TO,2014-03-26,0.053
ZCM.TO,2014-04-25,0.053
ZCM.TO,2014-05-27,0.053
ZCM.TO,2014-06-25,0.053
ZCM.TO,2014-07-28,0.053
ZCM.TO,2014-08-26,0.053
ZCM.TO,2014-09-25,0.048
ZCM.TO,2014-10-28,0.048
ZCM.TO,2014-11-24,0.048
ZCM.TO,2014-12-24,0.048
ZCM.TO,2015-01-27,0.047
ZCM.TO,2015-02-24,0.047
ZCM.TO,2015-03-26,0.047
ZCM.TO,2015-04-27,0.047
ZCM.TO,2015-05-26,0.047
ZCM.TO,2015-06-25,0.047
ZCM.TO,2015-07-28,0.047
ZCM.TO,2015-08-26,0.047
ZCM.TO,2015-09-25,0.045
ZCM.TO,2015-10-27,0.045
ZCM.TO,2015-11-25,0.045
ZCM.TO,2015-12-24,0.045
ZCM.TO,2016-01-26,0.045
ZCM.TO,2016-02-24,0.045
ZCM.TO,2016-03-28,0.043
ZCM.TO,2016-04-26,0.043
ZCM.TO,2016-05-24,0.043
ZCM.TO,2016-05-26,0.043
ZCM.TO,2016-06-27,0.043
ZCM.TO,2016-07-26,0.043
ZCM.TO,2016-08-26,0.043
ZCM.TO,2016-09-27,0.041
ZCM.TO,2016-10-26,0.041
ZCM.TO,2016-11-25,0.041
ZCM.TO,2016-12-23,0.047
ZCM.TO,2017-01-26,0.041
ZCM.TO,2017-02-23,0.041
ZCM.TO,2017-03-28,0.041
ZCM.TO,2017-04-25,0.041
ZCM.TO,2017-05-26,0.041
ZCM.TO,2017-06-27,0.041
ZCM.TO,2017-07-26,0.041
ZCM.TO,2017-08-28,0.041
ZCM.TO,2017-09-27,0.041
ZCM.TO,2017-10-27,0.041
ZCM.TO,2017-11-28,0.041
ZCM.TO,2017-12-27,0.041
ZCM.TO,2018-01-29,0.041
ZCM.TO,2018-02-26,0.041
ZCM.TO,2018-03-27,0.041
ZCM.TO,2018-04-26,0.041
ZCM.TO,2018-05-29,0.041
ZCM.TO,2018-06-27,0.041
ZCM.TO,2018-07-27,0.041
ZCM.TO,2018-08-29,0.041
ZCM.TO,2018-09-26,0.041
ZCM.TO,2018-10-29,0.041
ZCM.TO,2018-11-28,0.045
ZCM.TO,2018-12-27,0.053
ZCM.TO,2019-01-29,0.046
ZCM.TO,2019-02-26,0.046
ZCM.TO,2019-03-27,0.046
ZCM.TO,2019-04-26,0.046
ZCM.TO,2019-05-29,0.046
ZCM.TO,2019-06-26,0.046
ZCM.TO,2019-07-29,0.046
ZCM.TO,2019-08-28,0.046
ZCM.TO,2019-09-26,0.046
ZCM.TO,2019-10-29,0.046
ZCM.TO,2019-11-27,0.046
ZCM.TO,2019-12-27,0.046
ZCM.TO,2020-01-29,0.046
ZCM.TO,2020-02-26,0.046
ZCM.TO,2020-03-27,0.046
ZCM.TO,2020-04-28,0.046
ZCM.TO,2020-05-27,0.046
ZCM.TO,2020-06-26,0.046
ZCM.TO,2020-07-29,0.046
ZCM.TO,2020-08-27,0.046
ZCM.TO,2020-09-28,0.046
ZCM.TO,2020-10-28,0.046
ZCM.TO,2020-11-27,0.046
ZCM.TO,2020-12-29,0.046
ZCM.TO,2021-01-27,0.046
ZCM.TO,2021-02-24,0.046
ZCM.TO,2021-03-29,0.046
ZCM.TO,2021-04-28,0.046
ZCM.TO,2021-05-26,0.046
ZCM.TO,2021-06-28,0.046
ZCM.TO,2021-07-28,0.046
ZCM.TO,2021-08-27,0.046
ZCM.TO,2021-09-28,0.046
ZCM.TO,2021-10-27,0.046
ZCM.TO,2021-11-26,0.046
ZCM.TO,2021-12-29,0.046
ZCM.TO,2022-01-27,0.046
ZCM.TO,2022-02-24,0.046
ZCM.TO,2022-03-29,0.046
ZCM.TO,2022-04-27,0.046
ZCM.TO,2022-05-27,0.046
ZCM.TO,2022-06-28,0.046
ZCM.TO,2022-07-27,0.046
ZCM.TO,2022-08-29,0.046
ZCM.TO,2022-09-28,0.046
ZCM.TO,2022-10-27,0.046
ZCM.TO,2022-11-28,0.046
ZCM.TO,2022-12-28,0.046
ZCM.TO,2023-01-27,0.046
ZCM.TO,2023-02-24,0.046
ZCM.TO,2023-03-29,0.05
ZCM.TO,2023-04-26,0.05
ZCM.TO,2023-05-30,0.05
ZCM.TO,2023-06-28,0.05
ZCM.TO,2023-07-27,0.05
ZCM.TO,2023-08-29,0.05
ZCM.TO,2023-10-27,0.05
ZCM.TO,2023-11-28,0.05
ZCM.TO,2023-12-27,0.05
ZCM.TO,2024-01-29,0.05
ZCM.TO,2024-02-27,0.05
ZCM.TO,2024-03-27,0.05
ZCM.TO,2024-04-26,0.05
ZCM.TO,2024-05-30,0.05
ZCM.TO,2024-06-27,0.05
ZCM.TO,2024-07-30,0.05
ZCM.TO,2024-08-29,0.05
ZCM.TO,2024-09-27,0.05
ZCM.TO,2024-10-30,0.05
ZCM.TO,2024-11-27,0.05
ZCM.TO,2024-12-30,0.05
ZCM.TO,2025-01-30,0.05
ZCM.TO,2025-02-27,0.05
ZCM.TO,2025-03-28,0.05
ZCM.TO,2025-04-29,0.05
ZCM.TO,2025-05-29,0.05
ZCM.TO,2025-06-27,0.055
ZCM.TO,2025-07-30,0.055
ZCM.TO,2025-08-28,0.055
ZCM.TO,2025-09-29,0.055
ZCM.TO,2025-10-30,0.055
ZCM.TO,2025-11-26,0.055
ZCN.TO,2010-06-25,0.103
ZCN.TO,2010-09-27,0.105
ZCN.TO,2010-12-24,0.101
ZCN.TO,2011-03-28,0.103
ZCN.TO,2011-06-27,0.104
ZCN.TO,2011-09-27,0.107
ZCN.TO,2011-12-23,0.107
ZCN.TO,2012-03-27,0.107
ZCN.TO,2012-06-26,0.107
ZCN.TO,2012-09-25,0.12
ZCN.TO,2012-12-24,0.105
ZCN.TO,2013-03-25,0.125
ZCN.TO,2013-06-25,0.125
ZCN.TO,2013-09-25,0.125
ZCN.TO,2013-12-24,0.135
ZCN.TO,2014-03-26,0.125
ZCN.TO,2014-06-25,0.125
ZCN.TO,2014-09-25,0.13
ZCN.TO,2014-12-24,0.145
ZCN.TO,2015-03-26,0.14
ZCN.TO,2015-06-25,0.14
ZCN.TO,2015-09-25,0.14
ZCN.TO,2015-12-24,0.165
ZCN.TO,2016-03-28,0.165
ZCN.TO,2016-06-27,0.14
ZCN.TO,2016-09-27,0.14
ZCN.TO,2016-12-23,0.14
ZCN.TO,2017-03-28,0.148
ZCN.TO,2017-06-27,0.148
ZCN.TO,2017-09-27,0.148
ZCN.TO,2017-12-27,0.148
ZCN.TO,2018-03-27,0.15
ZCN.TO,2018-06-27,0.15
ZCN.TO,2018-09-26,0.15
ZCN.TO,2018-12-27,0.16
ZCN.TO,2019-03-27,0.16
ZCN.TO,2019-06-26,0.16
ZCN.TO,2019-09-26,0.17
ZCN.TO,2019-12-27,0.23
ZCN.TO,2020-03-27,0.19
ZCN.TO,2020-06-26,0.19
ZCN.TO,2020-09-28,0.19
ZCN.TO,2020-12-29,0.19
ZCN.TO,2021-03-29,0.19
ZCN.TO,2021-06-28,0.19
ZCN.TO,2021-09-28,0.19
ZCN.TO,2021-12-29,0.21
ZCN.TO,2022-03-29,0.21
ZCN.TO,2022-06-28,0.21
ZCN.TO,2022-09-28,0.21
ZCN.TO,2022-12-28,0.22
ZCN.TO,2023-03-29,0.23
ZCN.TO,2023-06-28,0.23
ZCN.TO,2023-09-27,0.23
ZCN.TO,2023-12-27,0.23
ZCN.TO,2024-03-27,0.23
ZCN.TO,2024-06-27,0.23
ZCN.TO,2024-09-27,0.23
ZCN.TO,2024-12-30,0.23
ZCN.TO,2025-03-28,0.23
ZCN.TO,2025-06-27,0.23
ZCN.TO,2025-09-29,0.24
ZCON.TO,2019-03-27,0.066667
ZCON.TO,2019-06-26,0.066667
ZCON.TO,2019-09-26,0.066667
ZCON.TO,2019-12-27,0.066667
ZCON.TO,2020-03-27,0.073333
ZCON.TO,2020-06-26,0.073333
ZCON.TO,2020-09-28,0.073333
ZCON.TO,2020-12-29,0.073333
ZCON.TO,2021-03-29,0.073333
ZCON.TO,2021-06-28,0.073333
ZCON.TO,2021-09-28,0.073333
ZCON.TO,2021-12-29,0.073333
ZCON.TO,2022-03-29,0.073333
ZCON.TO,2022-06-28,0.073333
ZCON.TO,2022-09-28,0.073333
ZCON.TO,2022-12-28,0.073333
ZCON.TO,2023-03-29,0.073333
ZCON.TO,2023-06-28,0.073333
ZCON.TO,2023-09-27,0.073333
ZCON.TO,2023-12-27,0.073333
ZCON.TO,2024-03-27,0.073333
ZCON.TO,2024-06-27,0.073333
ZCON.TO,2024-09-27,0.073333
ZCON.TO,2024-12-30,0.073333
ZCON.TO,2025-03-28,0.073333
ZCON.TO,2025-06-27,0.073333
ZCON.TO,2025-09-29,0.075
ZCPB.TO,2018-06-27,0.15
ZCPB.TO,2018-09-26,0.2
ZCPB.TO,2018-12-27,0.2
ZCPB.TO,2019-03-27,0.2
ZCPB.TO,2019-06-26,0.2
ZCPB.TO,2019-09-26,0.2
ZCPB.TO,2019-12-27,0.2
ZCPB.TO,2020-03-27,0.2
ZCPB.TO,2020-06-26,0.2
ZCPB.TO,2020-09-28,0.2
ZCPB.TO,2020-12-29,0.2
ZCPB.TO,2021-03-29,0.2
ZCPB.TO,2021-06-28,0.2
ZCPB.TO,2021-09-28,0.2
ZCPB.TO,2021-12-29,0.2
ZCPB.TO,2022-03-29,0.2
ZCPB.TO,2022-06-28,0.2
ZCPB.TO,2022-09-28,0.2
ZCPB.TO,2022-12-28,0.2
ZCPB.TO,2023-03-29,0.2
ZCPB.TO,2023-06-28,0.2
ZCPB.TO,2023-09-27,0.2
ZCPB.TO,2023-12-27,0.2
ZCPB.TO,2024-03-27,0.2
ZCPB.TO,2024-06-27,0.2
ZCPB.TO,2024-09-27,0.2
ZCPB.TO,2024-12-30,0.2
ZCPB.TO,2025-03-28,0.2
ZCPB.TO,2025-06-27,0.2
ZCPB.TO,2025-09-29,0.2
ZCS.TO,2010-06-25,0.172
ZCS.TO,2010-09-27,0.17
ZCS.TO,2010-12-24,0.165
ZCS.TO,2011-01-26,0.057
ZCS.TO,2011-02-23,0.057
ZCS.TO,2011-03-28,0.057
ZCS.TO,2011-04-26,0.054
ZCS.TO,2011-05-26,0.054
ZCS.TO,2011-06-27,0.054
ZCS.TO,2011-07-26,0.051
ZCS.TO,2011-08-26,0.051
ZCS.TO,2011-09-27,0.051
ZCS.TO,2011-10-26,0.05
ZCS.TO,2011-11-25,0.05
ZCS.TO,2011-12-23,0.049
ZCS.TO,2012-01-26,0.048
ZCS.TO,2012-02-24,0.048
ZCS.TO,2012-03-27,0.048
ZCS.TO,2012-04-25,0.048
ZCS.TO,2012-05-28,0.048
ZCS.TO,2012-06-26,0.046
ZCS.TO,2012-07-26,0.046
ZCS.TO,2012-08-28,0.046
ZCS.TO,2012-09-25,0.045
ZCS.TO,2012-10-26,0.045
ZCS.TO,2012-11-27,0.045
ZCS.TO,2012-12-24,0.045
ZCS.TO,2013-01-28,0.042
ZCS.TO,2013-02-25,0.042
ZCS.TO,2013-03-25,0.042
ZCS.TO,2013-04-25,0.042
ZCS.TO,2013-05-28,0.042
ZCS.TO,2013-06-25,0.039
ZCS.TO,2013-07-26,0.039
ZCS.TO,2013-08-27,0.039
ZCS.TO,2013-09-25,0.039
ZCS.TO,2013-10-28,0.039
ZCS.TO,2013-11-26,0.039
ZCS.TO,2013-12-24,0.039
ZCS.TO,2014-01-28,0.039
ZCS.TO,2014-02-25,0.039
ZCS.TO,2014-03-26,0.039
ZCS.TO,2014-04-25,0.039
ZCS.TO,2014-05-27,0.039
ZCS.TO,2014-06-25,0.039
ZCS.TO,2014-07-28,0.039
ZCS.TO,2014-08-26,0.039
ZCS.TO,2014-09-25,0.043
ZCS.TO,2014-10-28,0.043
ZCS.TO,2014-11-24,0.043
ZCS.TO,2014-12-24,0.043
ZCS.TO,2015-01-27,0.043
ZCS.TO,2015-02-24,0.043
ZCS.TO,2015-03-26,0.043
ZCS.TO,2015-04-27,0.043
ZCS.TO,2015-05-26,0.043
ZCS.TO,2015-06-25,0.043
ZCS.TO,2015-07-28,0.043
ZCS.TO,2015-08-26,0.043
ZCS.TO,2015-09-25,0.043
ZCS.TO,2015-10-27,0.043
ZCS.TO,2015-11-25,0.043
ZCS.TO,2015-12-24,0.043
ZCS.TO,2016-01-26,0.043
ZCS.TO,2016-02-24,0.043
ZCS.TO,2016-03-28,0.041
ZCS.TO,2016-04-26,0.041
ZCS.TO,2016-05-24,0.041
ZCS.TO,2016-05-26,0.041
ZCS.TO,2016-06-27,0.04
ZCS.TO,2016-07-26,0.04
ZCS.TO,2016-08-26,0.04
ZCS.TO,2016-09-27,0.038
ZCS.TO,2016-10-26,0.038
ZCS.TO,2016-11-25,0.038
ZCS.TO,2016-12-23,0.038
ZCS.TO,2017-01-26,0.038
ZCS.TO,2017-02-23,0.038
ZCS.TO,2017-03-28,0.036
ZCS.TO,2017-04-25,0.036
ZCS.TO,2017-05-26,0.036
ZCS.TO,2017-06-27,0.035
ZCS.TO,2017-07-26,0.035
ZCS.TO,2017-08-28,0.035
ZCS.TO,2017-09-27,0.035
ZCS.TO,2017-10-27,0.035
ZCS.TO,2017-11-28,0.035
ZCS.TO,2017-12-27,0.035
ZCS.TO,2018-01-29,0.035
ZCS.TO,2018-02-26,0.035
ZCS.TO,2018-03-27,0.033
ZCS.TO,2018-04-26,0.033
ZCS.TO,2018-05-29,0.033
ZCS.TO,2018-06-27,0.033
ZCS.TO,2018-07-27,0.033
ZCS.TO,2018-08-29,0.033
ZCS.TO,2018-09-26,0.033
ZCS.TO,2018-10-29,0.033
ZCS.TO,2018-11-28,0.033
ZCS.TO,2018-12-27,0.033
ZCS.TO,2019-01-29,0.035
ZCS.TO,2019-02-26,0.035
ZCS.TO,2019-03-27,0.035
ZCS.TO,2019-04-26,0.035
ZCS.TO,2019-05-29,0.035
ZCS.TO,2019-06-26,0.035
ZCS.TO,2019-07-29,0.035
ZCS.TO,2019-08-28,0.035
ZCS.TO,2019-09-26,0.035
ZCS.TO,2019-10-29,0.035
ZCS.TO,2019-11-27,0.035
ZCS.TO,2019-12-27,0.035
ZCS.TO,2020-01-29,0.035
ZCS.TO,2020-02-26,0.035
ZCS.TO,2020-03-27,0.035
ZCS.TO,2020-04-28,0.035
ZCS.TO,2020-05-27,0.035
ZCS.TO,2020-06-26,0.035
ZCS.TO,2020-07-29,0.035
ZCS.TO,2020-08-27,0.035
ZCS.TO,2020-09-28,0.035
ZCS.TO,2020-10-28,0.035
ZCS.TO,2020-11-27,0.035
ZCS.TO,2020-12-29,0.035
ZCS.TO,2021-01-27,0.035
ZCS.TO,2021-02-24,0.035
ZCS.TO,2021-03-29,0.035
ZCS.TO,2021-04-28,0.035
ZCS.TO,2021-05-26,0.035
ZCS.TO,2021-06-28,0.035
ZCS.TO,2021-07-28,0.035
ZCS.TO,2021-08-27,0.035
ZCS.TO,2021-09-28,0.035
ZCS.TO,2021-10-27,0.035
ZCS.TO,2021-11-26,0.035
ZCS.TO,2021-12-29,0.035
ZCS.TO,2022-01-27,0.035
ZCS.TO,2022-02-24,0.035
ZCS.TO,2022-03-29,0.035
ZCS.TO,2022-04-27,0.035
ZCS.TO,2022-05-27,0.035
ZCS.TO,2022-06-28,0.035
ZCS.TO,2022-07-27,0.035
ZCS.TO,2022-08-29,0.035
ZCS.TO,2022-09-28,0.035
ZCS.TO,2022-10-27,0.035
ZCS.TO,2022-11-28,0.035
ZCS.TO,2022-12-28,0.035
ZCS.TO,2023-01-27,0.035
ZCS.TO,2023-02-24,0.035
ZCS.TO,2023-03-29,0.038
ZCS.TO,2023-04-26,0.038
ZCS.TO,2023-05-30,0.038
ZCS.TO,2023-06-28,0.038
ZCS.TO,2023-07-27,0.038
ZCS.TO,2023-08-29,0.038
ZCS.TO,2023-10-27,0.038
ZCS.TO,2023-11-28,0.038
ZCS.TO,2023-12-27,0.038
ZCS.TO,2024-01-29,0.038
ZCS.TO,2024-02-27,0.038
ZCS.TO,2024-03-27,0.038
ZCS.TO,2024-04-26,0.038
ZCS.TO,2024-05-30,0.038
ZCS.TO,2024-06-27,0.038
ZCS.TO,2024-07-30,0.038
ZCS.TO,2024-08-29,0.038
ZCS.TO,2024-09-27,0.038
ZCS.TO,2024-10-30,0.038
ZCS.TO,2024-11-27,0.038
ZCS.TO,2024-12-30,0.038
ZCS.TO,2025-01-30,0.038
ZCS.TO,2025-02-27,0.038
ZCS.TO,2025-03-28,0.038
ZCS.TO,2025-04-29,0.038
ZCS.TO,2025-05-29,0.038
ZCS.TO,2025-06-27,0.045
ZCS.TO,2025-07-30,0.045
ZCS.TO,2025-08-28,0.045
ZCS.TO,2025-09-29,0.045
ZCS.TO,2025-10-30,0.045
ZCS.TO,2025-11-26,0.045
ZDB.TO,2014-02-25,0.027
ZDB.TO,2014-03-26,0.026
ZDB.TO,2014-04-25,0.026
ZDB.TO,2014-05-27,0.026
ZDB.TO,2014-06-25,0.026
ZDB.TO,2014-07-28,0.026
ZDB.TO,2014-08-26,0.026
ZDB.TO,2014-09-25,0.027
ZDB.TO,2014-10-28,0.027
ZDB.TO,2014-11-24,0.027
ZDB.TO,2014-12-24,0.027
ZDB.TO,2015-01-27,0.027
ZDB.TO,2015-02-24,0.027
ZDB.TO,2015-03-26,0.027
ZDB.TO,2015-04-27,0.027
ZDB.TO,2015-05-26,0.027
ZDB.TO,2015-06-25,0.027
ZDB.TO,2015-07-28,0.027
ZDB.TO,2015-08-26,0.027
ZDB.TO,2015-09-25,0.025
ZDB.TO,2015-10-27,0.025
ZDB.TO,2015-11-25,0.025
ZDB.TO,2015-12-24,0.025
ZDB.TO,2016-01-26,0.025
ZDB.TO,2016-02-24,0.025
ZDB.TO,2016-04-26,0.025
ZDB.TO,2016-05-24,0.025
ZDB.TO,2016-05-26,0.025
ZDB.TO,2016-06-27,0.025
ZDB.TO,2016-07-26,0.025
ZDB.TO,2016-08-26,0.025
ZDB.TO,2016-09-27,0.027
ZDB.TO,2016-10-26,0.027
ZDB.TO,2016-11-25,0.027
ZDB.TO,2016-12-23,0.027
ZDB.TO,2017-01-26,0.027
ZDB.TO,2017-02-23,0.027
ZDB.TO,2017-03-28,0.027
ZDB.TO,2017-04-25,0.027
ZDB.TO,2017-05-26,0.027
ZDB.TO,2017-06-27,0.027
ZDB.TO,2017-07-26,0.027
ZDB.TO,2017-08-28,0.027
ZDB.TO,2017-09-27,0.027
ZDB.TO,2017-10-27,0.027
ZDB.TO,2017-11-28,0.027
ZDB.TO,2017-12-27,0.027
ZDB.TO,2018-01-29,0.027
ZDB.TO,2018-02-26,0.027
ZDB.TO,2018-03-27,0.027
ZDB.TO,2018-04-26,0.027
ZDB.TO,2018-05-29,0.027
ZDB.TO,2018-06-27,0.027
ZDB.TO,2018-07-27,0.027
ZDB.TO,2018-08-29,0.027
ZDB.TO,2018-09-26,0.027
ZDB.TO,2018-10-29,0.027
ZDB.TO,2018-11-28,0.027
ZDB.TO,2018-12-27,0.027
ZDB.TO,2019-01-29,0.03
ZDB.TO,2019-02-26,0.03
ZDB.TO,2019-03-27,0.03
ZDB.TO,2019-04-26,0.03
ZDB.TO,2019-05-29,0.03
ZDB.TO,2019-06-26,0.03
ZDB.TO,2019-07-29,0.03
ZDB.TO,2019-08-28,0.03
ZDB.TO,2019-09-26,0.03
ZDB.TO,2019-10-29,0.03
ZDB.TO,2019-11-27,0.03
ZDB.TO,2019-12-27,0.03
ZDB.TO,2020-01-29,0.03
ZDB.TO,2020-02-26,0.03
ZDB.TO,2020-03-27,0.03
ZDB.TO,2020-04-28,0.03
ZDB.TO,2020-05-27,0.03
ZDB.TO,2020-06-26,0.03
ZDB.TO,2020-07-29,0.03
ZDB.TO,2020-08-27,0.03
ZDB.TO,2020-09-28,0.03
ZDB.TO,2020-10-28,0.03
ZDB.TO,2020-11-27,0.03
ZDB.TO,2020-12-29,0.03
ZDB.TO,2021-01-27,0.03
ZDB.TO,2021-02-24,0.03
ZDB.TO,2021-03-29,0.03
ZDB.TO,2021-04-28,0.03
ZDB.TO,2021-05-26,0.03
ZDB.TO,2021-06-28,0.03
ZDB.TO,2021-07-28,0.03
ZDB.TO,2021-08-27,0.03
ZDB.TO,2021-09-28,0.03
ZDB.TO,2021-10-27,0.03
ZDB.TO,2021-11-26,0.03
ZDB.TO,2021-12-29,0.03
ZDB.TO,2022-01-27,0.03
ZDB.TO,2022-02-24,0.03
ZDB.TO,2022-03-29,0.03
ZDB.TO,2022-04-27,0.03
ZDB.TO,2022-05-27,0.03
ZDB.TO,2022-06-28,0.03
ZDB.TO,2022-07-27,0.03
ZDB.TO,2022-08-29,0.03
ZDB.TO,2022-09-28,0.03
ZDB.TO,2022-10-27,0.03
ZDB.TO,2022-11-28,0.03
ZDB.TO,2022-12-28,0.03
ZDB.TO,2023-01-27,0.03
ZDB.TO,2023-02-24,0.03
ZDB.TO,2023-03-29,0.03
ZDB.TO,2023-04-26,0.03
ZDB.TO,2023-05-30,0.03
ZDB.TO,2023-06-28,0.03
ZDB.TO,2023-07-27,0.03
ZDB.TO,2023-08-29,0.03
ZDB.TO,2023-10-27,0.03
ZDB.TO,2023-11-28,0.03
ZDB.TO,2023-12-27,0.03
ZDB.TO,2024-01-29,0.03
ZDB.TO,2024-02-27,0.03
ZDB.TO,2024-03-27,0.03
ZDB.TO,2024-04-26,0.03
ZDB.TO,2024-05-30,0.03
ZDB.TO,2024-06-27,0.03
ZDB.TO,2024-07-30,0.03
ZDB.TO,2024-08-29,0.03
ZDB.TO,2024-09-27,0.03
ZDB.TO,2024-10-30,0.03
ZDB.TO,2024-11-27,0.03
ZDB.TO,2024-12-30,0.03
ZDB.TO,2025-01-30,0.03
ZDB.TO,2025-02-27,0.03
ZDB.TO,2025-03-28,0.03
ZDB.TO,2025-04-29,0.03
ZDB.TO,2025-05-29,0.03
ZDB.TO,2025-06-27,0.03
ZDB.TO,2025-07-30,0.03
ZDB.TO,2025-08-28,0.03
ZDB.TO,2025-09-29,0.03
ZDB.TO,2025-10-30,0.025
ZDB.TO,2025-11-26,0.025
ZDH.TO,2015-09-25,0.082
ZDH.TO,2015-10-27,0.082
ZDH.TO,2015-11-25,0.082
ZDH.TO,2015-12-24,0.082
ZDH.TO,2016-01-26,0.075
ZDH.TO,2016-02-24,0.075
ZDH.TO,2016-04-26,0.075
ZDH.TO,2016-05-24,0.075
ZDH.TO,2016-06-27,0.081
ZDH.TO,2016-07-26,0.081
ZDH.TO,2016-08-26,0.081
ZDH.TO,2016-09-27,0.081
ZDH.TO,2016-10-26,0.081
ZDH.TO,2016-11-25,0.081
ZDH.TO,2016-12-23,0.081
ZDH.TO,2017-01-26,0.085
ZDH.TO,2017-02-23,0.085
ZDH.TO,2017-03-28,0.083
ZDH.TO,2017-04-25,0.083
ZDH.TO,2017-05-26,0.083
ZDH.TO,2017-06-27,0.083
ZDH.TO,2017-07-26,0.083
ZDH.TO,2017-08-28,0.083
ZDH.TO,2017-09-27,0.09
ZDH.TO,2017-10-27,0.09
ZDH.TO,2017-11-28,0.09
ZDH.TO,2017-12-27,0.09
ZDH.TO,2018-01-29,0.09
ZDH.TO,2018-02-26,0.09
ZDH.TO,2018-03-27,0.09
ZDH.TO,2018-04-26,0.09
ZDH.TO,2018-05-29,0.09
ZDH.TO,2018-06-27,0.09
ZDH.TO,2018-07-27,0.09
ZDH.TO,2018-08-29,0.09
ZDH.TO,2018-09-26,0.09
ZDH.TO,2018-10-29,0.09
ZDH.TO,2018-11-28,0.09
ZDH.TO,2018-12-27,0.09
ZDH.TO,2019-01-29,0.093
ZDH.TO,2019-02-26,0.093
ZDH.TO,2019-03-27,0.093
ZDH.TO,2019-04-26,0.093
ZDH.TO,2019-05-29,0.093
ZDH.TO,2019-06-26,0.093
ZDH.TO,2019-07-29,0.093
ZDH.TO,2019-08-28,0.093
ZDH.TO,2019-09-26,0.093
ZDH.TO,2019-10-29,0.093
ZDH.TO,2019-11-27,0.093
ZDH.TO,2019-12-27,0.095
ZDH.TO,2020-01-29,0.095
ZDH.TO,2020-02-26,0.095
ZDH.TO,2020-03-27,0.095
ZDH.TO,2020-04-28,0.095
ZDH.TO,2020-05-27,0.09
ZDH.TO,2020-06-26,0.085
ZDH.TO,2020-07-29,0.08
ZDH.TO,2020-08-27,0.075
ZDH.TO,2020-09-28,0.075
ZDH.TO,2020-10-28,0.075
ZDH.TO,2020-11-27,0.07
ZDH.TO,2020-12-29,0.12
ZDH.TO,2021-01-27,0.07
ZDH.TO,2021-02-24,0.07
ZDH.TO,2021-03-29,0.07
ZDH.TO,2021-04-28,0.07
ZDH.TO,2021-05-26,0.07
ZDH.TO,2021-06-28,0.07
ZDH.TO,2021-07-28,0.07
ZDH.TO,2021-08-27,0.07
ZDH.TO,2021-09-28,0.07
ZDH.TO,2021-10-27,0.07
ZDH.TO,2021-11-26,0.07
ZDH.TO,2021-12-29,0.07
ZDH.TO,2022-01-27,0.07
ZDH.TO,2022-02-24,0.07
ZDH.TO,2022-03-29,0.07
ZDH.TO,2022-04-27,0.07
ZDH.TO,2022-05-27,0.07
ZDH.TO,2022-06-28,0.08
ZDH.TO,2022-07-27,0.08
ZDH.TO,2022-08-29,0.08
ZDH.TO,2022-09-28,0.08
ZDH.TO,2022-10-27,0.08
ZDH.TO,2022-11-28,0.08
ZDH.TO,2022-12-28,0.08
ZDH.TO,2023-01-27,0.085
ZDH.TO,2023-02-24,0.085
ZDH.TO,2023-03-29,0.09
ZDH.TO,2023-04-26,0.09
ZDH.TO,2023-05-30,0.09
ZDH.TO,2023-06-28,0.09
ZDH.TO,2023-07-27,0.09
ZDH.TO,2023-08-29,0.09
ZDH.TO,2023-10-27,0.09
ZDH.TO,2023-11-28,0.09
ZDH.TO,2023-12-27,0.09
ZDH.TO,2024-01-29,0.09
ZDH.TO,2024-02-27,0.09
ZDH.TO,2024-03-27,0.09
ZDH.TO,2024-04-26,0.09
ZDH.TO,2024-05-30,0.09
ZDH.TO,2024-06-27,0.09
ZDH.TO,2024-07-30,0.09
ZDH.TO,2024-08-29,0.09
ZDH.TO,2024-09-27,0.09
ZDH.TO,2024-10-30,0.09
ZDH.TO,2024-11-27,0.09
ZDH.TO,2024-12-30,0.09
ZDH.TO,2025-01-30,0.09
ZDH.TO,2025-02-27,0.09
ZDH.TO,2025-03-28,0.08
ZDH.TO,2025-04-29,0.08
ZDH.TO,2025-05-29,0.08
ZDH.TO,2025-06-27,0.08
ZDH.TO,2025-07-30,0.08
ZDH.TO,2025-08-28,0.08
ZDH.TO,2025-09-29,0.08
ZDH.TO,2025-10-30,0.08
ZDH.TO,2025-11-26,0.08
ZDI.TO,2014-11-24,0.067
ZDI.TO,2014-12-24,0.067
ZDI.TO,2015-01-27,0.067
ZDI.TO,2015-03-26,0.07
ZDI.TO,2015-04-27,0.07
ZDI.TO,2015-05-26,0.07
ZDI.TO,2015-06-25,0.074
ZDI.TO,2016-01-26,0.078
ZDI.TO,2016-02-24,0.082
ZDI.TO,2016-03-28,0.082
ZDI.TO,2016-04-26,0.082
ZDI.TO,2016-05-24,0.082
ZDI.TO,2016-05-26,0.082
ZDI.TO,2016-07-26,0.08
ZDI.TO,2016-08-26,0.08
ZDI.TO,2016-11-25,0.08
ZDI.TO,2017-01-26,0.08
ZDI.TO,2017-02-23,0.08
ZDI.TO,2017-04-25,0.08
ZDI.TO,2017-05-26,0.08
ZDI.TO,2017-06-27,0.08
ZDI.TO,2017-07-26,0.08
ZDI.TO,2017-08-28,0.08
ZDI.TO,2017-09-27,0.085
ZDI.TO,2017-10-27,0.085
ZDI.TO,2017-11-28,0.085
ZDI.TO,2017-12-27,0.08
ZDI.TO,2018-01-29,0.085
ZDI.TO,2018-02-26,0.085
ZDI.TO,2018-03-27,0.09
ZDI.TO,2018-04-26,0.09
ZDI.TO,2018-05-29,0.09
ZDI.TO,2018-06-27,0.09
ZDI.TO,2018-07-27,0.09
ZDI.TO,2018-08-29,0.09
ZDI.TO,2018-09-26,0.09
ZDI.TO,2018-10-29,0.09
ZDI.TO,2018-11-28,0.09
ZDI.TO,2018-12-27,0.09
ZDI.TO,2019-01-29,0.09
ZDI.TO,2019-02-26,0.09
ZDI.TO,2019-03-27,0.09
ZDI.TO,2019-04-26,0.09
ZDI.TO,2019-05-29,0.09
ZDI.TO,2019-06-26,0.09
ZDI.TO,2019-07-29,0.09
ZDI.TO,2019-08-28,0.09
ZDI.TO,2019-09-26,0.09
ZDI.TO,2019-10-29,0.09
ZDI.TO,2019-11-27,0.09
ZDI.TO,2019-12-27,0.09
ZDI.TO,2020-01-29,0.09
ZDI.TO,2020-02-26,0.09
ZDI.TO,2020-03-27,0.09
ZDI.TO,2020-04-28,0.09
ZDI.TO,2020-05-27,0.085
ZDI.TO,2020-06-26,0.08
ZDI.TO,2020-07-29,0.08
ZDI.TO,2020-08-27,0.075
ZDI.TO,2020-09-28,0.075
ZDI.TO,2020-10-28,0.075
ZDI.TO,2020-11-27,0.07
ZDI.TO,2020-12-29,0.07
ZDI.TO,2021-01-27,0.07
ZDI.TO,2021-02-24,0.07
ZDI.TO,2021-03-29,0.065
ZDI.TO,2021-04-28,0.065
ZDI.TO,2021-05-26,0.065
ZDI.TO,2021-06-28,0.065
ZDI.TO,2021-07-28,0.065
ZDI.TO,2021-08-27,0.065
ZDI.TO,2021-09-28,0.065
ZDI.TO,2021-10-27,0.065
ZDI.TO,2021-11-26,0.065
ZDI.TO,2021-12-29,0.065
ZDI.TO,2022-01-27,0.065
ZDI.TO,2022-02-24,0.065
ZDI.TO,2022-03-29,0.065
ZDI.TO,2022-04-27,0.065
ZDI.TO,2022-05-27,0.065
ZDI.TO,2022-06-28,0.07
ZDI.TO,2022-07-27,0.07
ZDI.TO,2022-08-29,0.07
ZDI.TO,2022-09-28,0.07
ZDI.TO,2022-10-27,0.07
ZDI.TO,2022-11-28,0.07
ZDI.TO,2022-12-28,0.07
ZDI.TO,2023-01-27,0.075
ZDI.TO,2023-02-24,0.075
ZDI.TO,2023-03-29,0.08
ZDI.TO,2023-04-26,0.08
ZDI.TO,2023-05-30,0.08
ZDI.TO,2023-06-28,0.08
ZDI.TO,2023-07-27,0.08
ZDI.TO,2023-08-29,0.08
ZDI.TO,2023-10-27,0.08
ZDI.TO,2023-11-28,0.08
ZDI.TO,2023-12-27,0.08
ZDI.TO,2024-01-29,0.08
ZDI.TO,2024-02-27,0.08
ZDI.TO,2024-03-27,0.08
ZDI.TO,2024-04-26,0.08
ZDI.TO,2024-05-30,0.08
ZDI.TO,2024-06-27,0.08
ZDI.TO,2024-07-30,0.08
ZDI.TO,2024-08-29,0.08
ZDI.TO,2024-09-27,0.08
ZDI.TO,2024-10-30,0.08
ZDI.TO,2024-11-27,0.08
ZDI.TO,2024-12-30,0.08
ZDI.TO,2025-01-30,0.08
ZDI.TO,2025-02-27,0.08
ZDI.TO,2025-03-28,0.08
ZDI.TO,2025-04-29,0.08
ZDI.TO,2025-05-29,0.08
ZDI.TO,2025-06-27,0.08
ZDI.TO,2025-07-30,0.08
ZDI.TO,2025-08-28,0.08
ZDI.TO,2025-09-29,0.08
ZDI.TO,2025-10-30,0.08
ZDI.TO,2025-11-26,0.08
ZDJ.TO,2010-06-25,0.111
ZDJ.TO,2010-09-27,0.109
ZDJ.TO,2010-12-24,0.111
ZDJ.TO,2011-03-28,0.105
ZDJ.TO,2011-06-27,0.125
ZDJ.TO,2011-09-27,0.126
ZDJ.TO,2011-12-23,0.125
ZDJ.TO,2012-03-27,0.125
ZDJ.TO,2012-06-26,0.125
ZDJ.TO,2012-09-25,0.135
ZDJ.TO,2012-12-24,0.125
ZDJ.TO,2013-03-25,0.14
ZDJ.TO,2013-06-25,0.125
ZDJ.TO,2013-09-25,0.125
ZDJ.TO,2013-12-24,0.11
ZDJ.TO,2014-03-26,0.125
ZDJ.TO,2014-06-25,0.125
ZDJ.TO,2014-09-25,0.125
ZDJ.TO,2014-12-24,0.16
ZDJ.TO,2015-03-26,0.13
ZDJ.TO,2015-06-25,0.14
ZDJ.TO,2015-09-25,0.14
ZDJ.TO,2015-12-24,0.15
ZDJ.TO,2016-03-28,0.15
ZDJ.TO,2016-06-27,0.15
ZDJ.TO,2016-09-27,0.15
ZDJ.TO,2016-12-23,0.15
ZDJ.TO,2017-03-28,0.16
ZDJ.TO,2017-06-27,0.16
ZDJ.TO,2017-09-27,0.165
ZDJ.TO,2017-12-27,0.165
ZDJ.TO,2018-03-27,0.165
ZDJ.TO,2018-06-27,0.165
ZDJ.TO,2018-09-26,0.165
ZDJ.TO,2018-12-27,0.205
ZDJ.TO,2019-03-27,0.175
ZDJ.TO,2019-06-26,0.175
ZDJ.TO,2019-09-26,0.19
ZDJ.TO,2019-12-27,0.25
ZDJ.TO,2020-03-27,0.21
ZDJ.TO,2020-06-26,0.21
ZDJ.TO,2020-09-28,0.21
ZDJ.TO,2020-12-29,0.21
ZDJ.TO,2021-03-29,0.21
ZDJ.TO,2021-06-28,0.21
ZDJ.TO,2021-09-28,0.21
ZDJ.TO,2021-12-29,0.21
ZDJ.TO,2022-03-29,0.21
ZDJ.TO,2022-06-28,0.21
ZDJ.TO,2022-09-28,0.21
ZDJ.TO,2022-12-28,0.22
ZDJ.TO,2023-03-29,0.23
ZDJ.TO,2023-06-28,0.23
ZDJ.TO,2023-09-27,0.23
ZDJ.TO,2023-12-27,0.23
ZDJ.TO,2024-03-27,0.23
ZDJ.TO,2024-06-27,0.22
ZDJ.TO,2024-09-27,0.21
ZDJ.TO,2024-12-30,0.21
ZDJ.TO,2025-03-28,0.21
ZDJ.TO,2025-06-27,0.19
ZDJ.TO,2025-09-29,0.19
ZDM.TO,2010-09-27,0.08
ZDM.TO,2010-12-24,0.092
ZDM.TO,2011-03-28,0.083
ZDM.TO,2011-06-27,0.11
ZDM.TO,2011-09-27,0.103
ZDM.TO,2011-12-23,0.116
ZDM.TO,2012-03-27,0.116
ZDM.TO,2012-06-26,0.116
ZDM.TO,2012-09-25,0.116
ZDM.TO,2012-12-24,0.105
ZDM.TO,2013-03-25,0.12
ZDM.TO,2013-06-25,0.1
ZDM.TO,2013-09-25,0.1
ZDM.TO,2013-12-24,0.1
ZDM.TO,2014-03-26,0.1
ZDM.TO,2014-06-25,0.1
ZDM.TO,2014-09-25,0.1
ZDM.TO,2014-12-24,0.3
ZDM.TO,2015-03-26,0.115
ZDM.TO,2015-06-25,0.115
ZDM.TO,2015-09-25,0.115
ZDM.TO,2015-12-24,0.113
ZDM.TO,2016-03-28,0.113
ZDM.TO,2016-06-27,0.113
ZDM.TO,2016-09-27,0.133
ZDM.TO,2016-12-23,0.15
ZDM.TO,2017-03-28,0.125
ZDM.TO,2017-06-27,0.11
ZDM.TO,2017-09-27,0.14
ZDM.TO,2017-12-27,0.15
ZDM.TO,2018-03-27,0.14
ZDM.TO,2018-06-27,0.14
ZDM.TO,2018-09-26,0.14
ZDM.TO,2018-12-27,0.19
ZDM.TO,2019-03-27,0.15
ZDM.TO,2019-06-26,0.15
ZDM.TO,2019-09-26,0.15
ZDM.TO,2019-12-27,0.21
ZDM.TO,2020-03-27,0.17
ZDM.TO,2020-06-26,0.15
ZDM.TO,2020-09-28,0.15
ZDM.TO,2020-12-29,0.15
ZDM.TO,2021-03-29,0.15
ZDM.TO,2021-06-28,0.15
ZDM.TO,2021-09-28,0.15
ZDM.TO,2021-12-29,0.16
ZDM.TO,2022-03-29,0.15
ZDM.TO,2022-06-28,0.16
ZDM.TO,2022-09-28,0.18
ZDM.TO,2022-12-28,0.26
ZDM.TO,2023-03-29,0.2
ZDM.TO,2023-06-28,0.2
ZDM.TO,2023-09-27,0.2
ZDM.TO,2023-12-27,0.2
ZDM.TO,2024-03-27,0.2
ZDM.TO,2024-06-27,0.2
ZDM.TO,2024-09-27,0.2
ZDM.TO,2024-12-30,0.2
ZDM.TO,2025-03-28,0.2
ZDM.TO,2025-06-27,0.18
ZDM.TO,2025-09-29,0.18
ZDV.TO,2012-01-26,0.057
ZDV.TO,2012-02-24,0.055
ZDV.TO,2012-03-27,0.055
ZDV.TO,2012-04-25,0.055
ZDV.TO,2012-05-28,0.055
ZDV.TO,2012-06-26,0.055
ZDV.TO,2012-07-26,0.055
ZDV.TO,2012-08-28,0.055
ZDV.TO,2012-09-25,0.06
ZDV.TO,2012-10-26,0.06
ZDV.TO,2012-11-27,0.06
ZDV.TO,2012-12-24,0.06
ZDV.TO,2013-01-28,0.07
ZDV.TO,2013-02-25,0.07
ZDV.TO,2013-03-25,0.07
ZDV.TO,2013-04-25,0.07
ZDV.TO,2013-05-28,0.07
ZDV.TO,2013-06-25,0.07
ZDV.TO,2013-07-26,0.07
ZDV.TO,2013-08-27,0.07
ZDV.TO,2013-09-25,0.068
ZDV.TO,2013-10-28,0.068
ZDV.TO,2013-11-26,0.068
ZDV.TO,2013-12-24,0.068
ZDV.TO,2014-01-28,0.065
ZDV.TO,2014-02-25,0.065
ZDV.TO,2014-03-26,0.062
ZDV.TO,2014-04-25,0.062
ZDV.TO,2014-05-27,0.062
ZDV.TO,2014-06-25,0.062
ZDV.TO,2014-07-28,0.062
ZDV.TO,2014-08-26,0.062
ZDV.TO,2014-09-25,0.062
ZDV.TO,2014-10-28,0.062
ZDV.TO,2014-11-24,0.062
ZDV.TO,2014-12-24,0.062
ZDV.TO,2015-01-27,0.06
ZDV.TO,2015-02-24,0.06
ZDV.TO,2015-03-26,0.06
ZDV.TO,2015-04-27,0.06
ZDV.TO,2015-05-26,0.06
ZDV.TO,2015-06-25,0.06
ZDV.TO,2015-07-28,0.06
ZDV.TO,2015-08-26,0.06
ZDV.TO,2015-09-25,0.06
ZDV.TO,2015-10-27,0.06
ZDV.TO,2015-11-25,0.06
ZDV.TO,2015-12-24,0.06
ZDV.TO,2016-01-26,0.055
ZDV.TO,2016-02-24,0.055
ZDV.TO,2016-03-28,0.055
ZDV.TO,2016-04-26,0.055
ZDV.TO,2016-05-24,0.055
ZDV.TO,2016-05-26,0.055
ZDV.TO,2016-06-27,0.055
ZDV.TO,2016-07-26,0.055
ZDV.TO,2016-08-26,0.055
ZDV.TO,2016-09-27,0.06
ZDV.TO,2016-10-26,0.06
ZDV.TO,2016-11-25,0.06
ZDV.TO,2016-12-23,0.09
ZDV.TO,2017-01-26,0.063
ZDV.TO,2017-02-23,0.063
ZDV.TO,2017-03-28,0.063
ZDV.TO,2017-04-25,0.063
ZDV.TO,2017-05-26,0.063
ZDV.TO,2017-06-27,0.063
ZDV.TO,2017-07-26,0.063
ZDV.TO,2017-08-28,0.063
ZDV.TO,2017-09-27,0.063
ZDV.TO,2017-10-27,0.063
ZDV.TO,2017-11-28,0.063
ZDV.TO,2017-12-27,0.063
ZDV.TO,2018-01-29,0.063
ZDV.TO,2018-02-26,0.063
ZDV.TO,2018-03-27,0.063
ZDV.TO,2018-04-26,0.063
ZDV.TO,2018-05-29,0.063
ZDV.TO,2018-06-27,0.063
ZDV.TO,2018-07-27,0.063
ZDV.TO,2018-08-29,0.063
ZDV.TO,2018-09-26,0.063
ZDV.TO,2018-10-29,0.063
ZDV.TO,2018-11-28,0.065
ZDV.TO,2018-12-27,0.125
ZDV.TO,2019-01-29,0.065
ZDV.TO,2019-02-26,0.065
ZDV.TO,2019-03-27,0.065
ZDV.TO,2019-04-26,0.065
ZDV.TO,2019-05-29,0.065
ZDV.TO,2019-06-26,0.065
ZDV.TO,2019-07-29,0.065
ZDV.TO,2019-08-28,0.065
ZDV.TO,2019-09-26,0.065
ZDV.TO,2019-10-29,0.065
ZDV.TO,2019-11-27,0.065
ZDV.TO,2019-12-27,0.065
ZDV.TO,2020-01-29,0.065
ZDV.TO,2020-02-26,0.065
ZDV.TO,2020-03-27,0.065
ZDV.TO,2020-04-28,0.065
ZDV.TO,2020-05-27,0.065
ZDV.TO,2020-06-26,0.065
ZDV.TO,2020-07-29,0.065
ZDV.TO,2020-08-27,0.065
ZDV.TO,2020-09-28,0.065
ZDV.TO,2020-10-28,0.065
ZDV.TO,2020-11-27,0.065
ZDV.TO,2020-12-29,0.065
ZDV.TO,2021-01-27,0.065
ZDV.TO,2021-02-24,0.065
ZDV.TO,2021-03-29,0.065
ZDV.TO,2021-04-28,0.065
ZDV.TO,2021-05-26,0.065
ZDV.TO,2021-06-28,0.065
ZDV.TO,2021-07-28,0.065
ZDV.TO,2021-08-27,0.065
ZDV.TO,2021-09-28,0.065
ZDV.TO,2021-10-27,0.065
ZDV.TO,2021-11-26,0.065
ZDV.TO,2021-12-29,0.065
ZDV.TO,2022-01-27,0.065
ZDV.TO,2022-02-24,0.065
ZDV.TO,2022-03-29,0.07
ZDV.TO,2022-04-27,0.07
ZDV.TO,2022-05-27,0.07
ZDV.TO,2022-06-28,0.07
ZDV.TO,2022-07-27,0.07
ZDV.TO,2022-08-29,0.07
ZDV.TO,2022-09-28,0.07
ZDV.TO,2022-10-27,0.07
ZDV.TO,2022-11-28,0.07
ZDV.TO,2022-12-28,0.07
ZDV.TO,2023-01-27,0.07
ZDV.TO,2023-02-24,0.07
ZDV.TO,2023-03-29,0.07
ZDV.TO,2023-04-26,0.07
ZDV.TO,2023-05-30,0.07
ZDV.TO,2023-06-28,0.07
ZDV.TO,2023-07-27,0.07
ZDV.TO,2023-08-29,0.07
ZDV.TO,2023-10-27,0.07
ZDV.TO,2023-11-28,0.07
ZDV.TO,2023-12-27,0.09
ZDV.TO,2024-01-29,0.07
ZDV.TO,2024-02-27,0.07
ZDV.TO,2024-03-27,0.07
ZDV.TO,2024-04-26,0.07
ZDV.TO,2024-05-30,0.07
ZDV.TO,2024-06-27,0.07
ZDV.TO,2024-07-30,0.07
ZDV.TO,2024-08-29,0.07
ZDV.TO,2024-09-27,0.07
ZDV.TO,2024-10-30,0.07
ZDV.TO,2024-11-27,0.07
ZDV.TO,2024-12-30,0.07
ZDV.TO,2025-01-30,0.07
ZDV.TO,2025-02-27,0.07
ZDV.TO,2025-03-28,0.07
ZDV.TO,2025-04-29,0.07
ZDV.TO,2025-05-29,0.07
ZDV.TO,2025-06-27,0.07
ZDV.TO,2025-07-30,0.07
ZDV.TO,2025-08-28,0.07
ZDV.TO,2025-09-29,0.07
ZDV.TO,2025-10-30,0.07
ZDV.TO,2025-11-26,0.07
ZDY.TO,2013-04-25,0.041
ZDY.TO,2013-05-28,0.041
ZDY.TO,2013-06-25,0.04
ZDY.TO,2013-07-26,0.04
ZDY.TO,2013-08-27,0.04
ZDY.TO,2013-09-25,0.04
ZDY.TO,2013-10-28,0.04
ZDY.TO,2013-11-26,0.04
ZDY.TO,2013-12-24,0.04
ZDY.TO,2014-01-28,0.042
ZDY.TO,2014-02-25,0.042
ZDY.TO,2014-03-26,0.042
ZDY.TO,2014-04-25,0.042
ZDY.TO,2014-05-27,0.042
ZDY.TO,2014-06-25,0.042
ZDY.TO,2014-07-28,0.042
ZDY.TO,2014-08-26,0.042
ZDY.TO,2014-09-25,0.044
ZDY.TO,2014-10-28,0.044
ZDY.TO,2014-11-24,0.044
ZDY.TO,2014-12-24,0.12
ZDY.TO,2015-01-27,0.05
ZDY.TO,2015-02-24,0.05
ZDY.TO,2015-03-26,0.055
ZDY.TO,2015-04-27,0.055
ZDY.TO,2015-05-26,0.055
ZDY.TO,2015-06-25,0.055
ZDY.TO,2015-07-28,0.055
ZDY.TO,2015-08-26,0.055
ZDY.TO,2015-09-25,0.057
ZDY.TO,2015-10-27,0.057
ZDY.TO,2015-11-25,0.057
ZDY.TO,2015-12-24,0.057
ZDY.TO,2016-01-26,0.062
ZDY.TO,2016-02-24,0.062
ZDY.TO,2016-04-26,0.062
ZDY.TO,2016-05-24,0.062
ZDY.TO,2016-05-26,0.062
ZDY.TO,2016-06-27,0.062
ZDY.TO,2016-07-26,0.062
ZDY.TO,2016-08-26,0.062
ZDY.TO,2016-09-27,0.062
ZDY.TO,2016-10-26,0.062
ZDY.TO,2016-11-25,0.062
ZDY.TO,2016-12-23,0.062
ZDY.TO,2017-01-26,0.066
ZDY.TO,2017-02-23,0.066
ZDY.TO,2017-03-28,0.07
ZDY.TO,2017-04-25,0.07
ZDY.TO,2017-05-26,0.07
ZDY.TO,2017-06-27,0.07
ZDY.TO,2017-07-26,0.07
ZDY.TO,2017-08-28,0.07
ZDY.TO,2017-09-27,0.066
ZDY.TO,2017-10-27,0.066
ZDY.TO,2017-11-28,0.066
ZDY.TO,2017-12-27,0.075
ZDY.TO,2018-01-29,0.066
ZDY.TO,2018-02-26,0.066
ZDY.TO,2018-03-27,0.071
ZDY.TO,2018-04-26,0.071
ZDY.TO,2018-05-29,0.071
ZDY.TO,2018-06-27,0.071
ZDY.TO,2018-07-27,0.071
ZDY.TO,2018-08-29,0.071
ZDY.TO,2018-09-26,0.071
ZDY.TO,2018-10-29,0.071
ZDY.TO,2018-11-28,0.071
ZDY.TO,2018-12-27,0.11
ZDY.TO,2019-01-29,0.08
ZDY.TO,2019-02-26,0.08
ZDY.TO,2019-03-27,0.08
ZDY.TO,2019-04-26,0.08
ZDY.TO,2019-05-29,0.08
ZDY.TO,2019-06-26,0.08
ZDY.TO,2019-07-29,0.08
ZDY.TO,2019-08-28,0.08
ZDY.TO,2019-09-26,0.08
ZDY.TO,2019-10-29,0.08
ZDY.TO,2019-11-27,0.08
ZDY.TO,2019-12-27,0.2
ZDY.TO,2020-01-29,0.09
ZDY.TO,2020-02-26,0.2
ZDY.TO,2020-03-27,0.09
ZDY.TO,2020-04-28,0.09
ZDY.TO,2020-05-27,0.09
ZDY.TO,2020-06-26,0.09
ZDY.TO,2020-07-29,0.09
ZDY.TO,2020-08-27,0.09
ZDY.TO,2020-09-28,0.09
ZDY.TO,2020-10-28,0.09
ZDY.TO,2020-11-27,0.09
ZDY.TO,2020-12-29,0.09
ZDY.TO,2021-01-27,0.08
ZDY.TO,2021-02-24,0.08
ZDY.TO,2021-03-29,0.075
ZDY.TO,2021-04-28,0.075
ZDY.TO,2021-05-26,0.075
ZDY.TO,2021-06-28,0.075
ZDY.TO,2021-07-28,0.075
ZDY.TO,2021-08-27,0.075
ZDY.TO,2021-09-28,0.075
ZDY.TO,2021-10-27,0.075
ZDY.TO,2021-11-26,0.075
ZDY.TO,2021-12-29,0.075
ZDY.TO,2022-01-27,0.08
ZDY.TO,2022-02-24,0.08
ZDY.TO,2022-03-29,0.08
ZDY.TO,2022-04-27,0.08
ZDY.TO,2022-05-27,0.08
ZDY.TO,2022-06-28,0.08
ZDY.TO,2022-07-27,0.08
ZDY.TO,2022-08-29,0.08
ZDY.TO,2022-09-28,0.08
ZDY.TO,2022-10-27,0.08
ZDY.TO,2022-11-28,0.08
ZDY.TO,2022-12-28,0.08
ZDY.TO,2023-01-27,0.08
ZDY.TO,2023-02-24,0.08
ZDY.TO,2023-03-29,0.08
ZDY.TO,2023-04-26,0.08
ZDY.TO,2023-05-30,0.08
ZDY.TO,2023-06-28,0.08
ZDY.TO,2023-07-27,0.08
ZDY.TO,2023-08-29,0.08
ZDY.TO,2023-10-27,0.08
ZDY.TO,2023-11-28,0.08
ZDY.TO,2023-12-27,0.08
ZDY.TO,2024-01-29,0.08
ZDY.TO,2024-02-27,0.08
ZDY.TO,2024-03-27,0.08
ZDY.TO,2024-04-26,0.08
ZDY.TO,2024-05-30,0.08
ZDY.TO,2024-06-27,0.08
ZDY.TO,2024-07-30,0.08
ZDY.TO,2024-08-29,0.08
ZDY.TO,2024-09-27,0.08
ZDY.TO,2024-10-30,0.08
ZDY.TO,2024-11-27,0.08
ZDY.TO,2024-12-30,0.08
ZDY.TO,2025-01-30,0.08
ZDY.TO,2025-02-27,0.08
ZDY.TO,2025-03-28,0.07
ZDY.TO,2025-04-29,0.07
ZDY.TO,2025-05-29,0.07
ZDY.TO,2025-06-27,0.07
ZDY.TO,2025-07-30,0.07
ZDY.TO,2025-08-28,0.07
ZDY.TO,2025-09-29,0.07
ZDY.TO,2025-10-30,0.07
ZDY.TO,2025-11-26,0.07
ZEA.TO,2014-03-26,0.09
ZEA.TO,2014-06-25,0.09
ZEA.TO,2014-09-25,0.09
ZEA.TO,2014-12-24,0.09
ZEA.TO,2015-03-26,0.097
ZEA.TO,2015-06-25,0.097
ZEA.TO,2015-09-25,0.105
ZEA.TO,2015-12-24,0.12
ZEA.TO,2016-06-27,0.1
ZEA.TO,2016-09-27,0.12
ZEA.TO,2016-12-23,0.12
ZEA.TO,2017-03-28,0.1
ZEA.TO,2017-06-27,0.1
ZEA.TO,2017-09-27,0.12
ZEA.TO,2017-12-27,0.13
ZEA.TO,2018-03-27,0.125
ZEA.TO,2018-06-27,0.125
ZEA.TO,2018-09-26,0.125
ZEA.TO,2018-12-27,0.145
ZEA.TO,2019-03-27,0.13
ZEA.TO,2019-06-26,0.13
ZEA.TO,2019-09-26,0.13
ZEA.TO,2019-12-27,0.18
ZEA.TO,2020-03-27,0.15
ZEA.TO,2020-06-26,0.13
ZEA.TO,2020-09-28,0.13
ZEA.TO,2020-12-29,0.13
ZEA.TO,2021-03-29,0.13
ZEA.TO,2021-06-28,0.13
ZEA.TO,2021-09-28,0.13
ZEA.TO,2021-12-29,0.14
ZEA.TO,2022-03-29,0.13
ZEA.TO,2022-06-28,0.13
ZEA.TO,2022-09-28,0.13
ZEA.TO,2022-12-28,0.19
ZEA.TO,2023-03-29,0.16
ZEA.TO,2023-06-28,0.16
ZEA.TO,2023-09-27,0.16
ZEA.TO,2023-12-27,0.16
ZEA.TO,2024-03-27,0.16
ZEA.TO,2024-06-27,0.16
ZEA.TO,2024-09-27,0.16
ZEA.TO,2024-12-30,0.16
ZEA.TO,2025-03-28,0.16
ZEA.TO,2025-06-27,0.15
ZEA.TO,2025-09-29,0.15
ZEAT.TO,2023-03-29,0.12
ZEAT.TO,2023-06-28,0.12
ZEAT.TO,2023-09-27,0.12
ZEAT.TO,2023-12-27,0.12
ZEAT.TO,2024-03-27,0.12
ZEAT.TO,2024-06-27,0.13
ZEAT.TO,2024-09-27,0.13
ZEAT.TO,2024-12-30,0.13
ZEAT.TO,2025-03-28,0.13
ZEAT.TO,2025-06-27,0.13
ZEAT.TO,2025-09-29,0.12
ZEB.TO,2010-06-25,0.148
ZEB.TO,2010-09-27,0.145
ZEB.TO,2010-12-24,0.142
ZEB.TO,2011-01-26,0.048
ZEB.TO,2011-02-23,0.048
ZEB.TO,2011-03-28,0.048
ZEB.TO,2011-04-26,0.048
ZEB.TO,2011-05-26,0.048
ZEB.TO,2011-06-27,0.048
ZEB.TO,2011-07-26,0.05
ZEB.TO,2011-08-26,0.05
ZEB.TO,2011-09-27,0.05
ZEB.TO,2011-10-26,0.051
ZEB.TO,2011-11-25,0.051
ZEB.TO,2011-12-23,0.051
ZEB.TO,2012-01-26,0.051
ZEB.TO,2012-02-24,0.051
ZEB.TO,2012-03-27,0.051
ZEB.TO,2012-04-25,0.051
ZEB.TO,2012-05-28,0.051
ZEB.TO,2012-06-26,0.051
ZEB.TO,2012-07-26,0.051
ZEB.TO,2012-08-28,0.051
ZEB.TO,2012-09-25,0.054
ZEB.TO,2012-10-26,0.054
ZEB.TO,2012-11-27,0.054
ZEB.TO,2012-12-24,0.054
ZEB.TO,2013-01-28,0.054
ZEB.TO,2013-02-25,0.054
ZEB.TO,2013-03-25,0.056
ZEB.TO,2013-04-25,0.056
ZEB.TO,2013-05-28,0.056
ZEB.TO,2013-06-25,0.056
ZEB.TO,2013-07-26,0.056
ZEB.TO,2013-08-27,0.056
ZEB.TO,2013-09-25,0.056
ZEB.TO,2013-10-28,0.056
ZEB.TO,2013-11-26,0.056
ZEB.TO,2013-12-24,0.056
ZEB.TO,2014-01-28,0.058
ZEB.TO,2014-02-25,0.058
ZEB.TO,2014-03-26,0.061
ZEB.TO,2014-04-25,0.061
ZEB.TO,2014-05-27,0.061
ZEB.TO,2014-06-25,0.061
ZEB.TO,2014-07-28,0.061
ZEB.TO,2014-08-26,0.061
ZEB.TO,2014-09-25,0.062
ZEB.TO,2014-10-28,0.062
ZEB.TO,2014-11-24,0.062
ZEB.TO,2014-12-24,0.062
ZEB.TO,2015-01-27,0.062
ZEB.TO,2015-02-24,0.062
ZEB.TO,2015-03-26,0.065
ZEB.TO,2015-04-27,0.065
ZEB.TO,2015-05-26,0.065
ZEB.TO,2015-06-25,0.067
ZEB.TO,2015-07-28,0.067
ZEB.TO,2015-08-26,0.067
ZEB.TO,2015-09-25,0.067
ZEB.TO,2015-10-27,0.067
ZEB.TO,2015-11-25,0.067
ZEB.TO,2015-12-24,0.067
ZEB.TO,2016-01-26,0.067
ZEB.TO,2016-02-24,0.069
ZEB.TO,2016-03-28,0.072
ZEB.TO,2016-04-26,0.072
ZEB.TO,2016-05-24,0.072
ZEB.TO,2016-05-26,0.072
ZEB.TO,2016-06-27,0.072
ZEB.TO,2016-07-26,0.072
ZEB.TO,2016-08-26,0.072
ZEB.TO,2016-09-27,0.072
ZEB.TO,2016-10-26,0.072
ZEB.TO,2016-11-25,0.072
ZEB.TO,2016-12-23,0.072
ZEB.TO,2017-01-26,0.072
ZEB.TO,2017-02-23,0.072
ZEB.TO,2017-03-28,0.074
ZEB.TO,2017-04-25,0.074
ZEB.TO,2017-05-26,0.074
ZEB.TO,2017-06-27,0.074
ZEB.TO,2017-07-26,0.074
ZEB.TO,2017-08-28,0.074
ZEB.TO,2017-09-27,0.077
ZEB.TO,2017-10-27,0.077
ZEB.TO,2017-11-28,0.077
ZEB.TO,2017-12-27,0.077
ZEB.TO,2018-01-29,0.077
ZEB.TO,2018-02-26,0.077
ZEB.TO,2018-03-27,0.08
ZEB.TO,2018-04-26,0.08
ZEB.TO,2018-05-29,0.08
ZEB.TO,2018-06-27,0.08
ZEB.TO,2018-07-27,0.08
ZEB.TO,2018-08-29,0.08
ZEB.TO,2018-09-26,0.08
ZEB.TO,2018-10-29,0.08
ZEB.TO,2018-11-28,0.08
ZEB.TO,2018-12-27,0.08
ZEB.TO,2019-01-29,0.085
ZEB.TO,2019-02-26,0.085
ZEB.TO,2019-03-27,0.085
ZEB.TO,2019-04-26,0.085
ZEB.TO,2019-05-29,0.09
ZEB.TO,2019-06-26,0.09
ZEB.TO,2019-07-29,0.09
ZEB.TO,2019-08-28,0.09
ZEB.TO,2019-09-26,0.09
ZEB.TO,2019-10-29,0.09
ZEB.TO,2019-11-27,0.09
ZEB.TO,2019-12-27,0.1
ZEB.TO,2020-01-29,0.1
ZEB.TO,2020-02-26,0.1
ZEB.TO,2020-03-27,0.1
ZEB.TO,2020-04-28,0.1
ZEB.TO,2020-05-27,0.1
ZEB.TO,2020-06-26,0.1
ZEB.TO,2020-07-29,0.1
ZEB.TO,2020-08-27,0.1
ZEB.TO,2020-09-28,0.1
ZEB.TO,2020-10-28,0.1
ZEB.TO,2020-11-27,0.1
ZEB.TO,2020-12-29,0.1
ZEB.TO,2021-01-27,0.1
ZEB.TO,2021-02-24,0.1
ZEB.TO,2021-03-29,0.1
ZEB.TO,2021-04-28,0.1
ZEB.TO,2021-05-26,0.1
ZEB.TO,2021-06-28,0.1
ZEB.TO,2021-07-28,0.1
ZEB.TO,2021-08-27,0.1
ZEB.TO,2021-09-28,0.1
ZEB.TO,2021-10-27,0.1
ZEB.TO,2021-11-26,0.1
ZEB.TO,2021-12-29,0.12
ZEB.TO,2022-01-27,0.12
ZEB.TO,2022-02-24,0.12
ZEB.TO,2022-03-29,0.12
ZEB.TO,2022-04-27,0.12
ZEB.TO,2022-05-27,0.12
ZEB.TO,2022-06-28,0.12
ZEB.TO,2022-07-27,0.12
ZEB.TO,2022-08-29,0.12
ZEB.TO,2022-09-28,0.12
ZEB.TO,2022-10-27,0.12
ZEB.TO,2022-11-28,0.12
ZEB.TO,2022-12-28,0.12
ZEB.TO,2023-01-27,0.14
ZEB.TO,2023-02-24,0.14
ZEB.TO,2023-03-29,0.14
ZEB.TO,2023-04-26,0.14
ZEB.TO,2023-05-30,0.14
ZEB.TO,2023-06-28,0.14
ZEB.TO,2023-07-27,0.14
ZEB.TO,2023-08-29,0.14
ZEB.TO,2023-10-27,0.14
ZEB.TO,2023-11-28,0.14
ZEB.TO,2023-12-27,0.14
ZEB.TO,2024-01-29,0.14
ZEB.TO,2024-02-27,0.14
ZEB.TO,2024-03-27,0.14
ZEB.TO,2024-04-26,0.14
ZEB.TO,2024-05-30,0.14
ZEB.TO,2024-06-27,0.14
ZEB.TO,2024-07-30,0.14
ZEB.TO,2024-08-29,0.14
ZEB.TO,2024-09-27,0.14
ZEB.TO,2024-10-30,0.14
ZEB.TO,2024-11-27,0.14
ZEB.TO,2024-12-30,0.14
ZEB.TO,2025-01-30,0.14
ZEB.TO,2025-02-27,0.14
ZEB.TO,2025-03-28,0.14
ZEB.TO,2025-04-29,0.14
ZEB.TO,2025-05-29,0.145
ZEB.TO,2025-06-27,0.145
ZEB.TO,2025-07-30,0.145
ZEB.TO,2025-08-28,0.145
ZEB.TO,2025-09-29,0.145
ZEB.TO,2025-10-30,0.145
ZEB.TO,2025-11-26,0.145
ZEF.TO,2010-12-24,0.217
ZEF.TO,2011-01-26,0.073
ZEF.TO,2011-02-23,0.073
ZEF.TO,2011-03-28,0.073
ZEF.TO,2011-04-26,0.073
ZEF.TO,2011-05-26,0.073
ZEF.TO,2011-06-27,0.073
ZEF.TO,2011-07-26,0.072
ZEF.TO,2011-08-26,0.072
ZEF.TO,2011-09-27,0.072
ZEF.TO,2011-10-26,0.075
ZEF.TO,2011-11-25,0.075
ZEF.TO,2011-12-23,0.073
ZEF.TO,2012-01-26,0.072
ZEF.TO,2012-02-24,0.072
ZEF.TO,2012-03-27,0.072
ZEF.TO,2012-04-25,0.072
ZEF.TO,2012-05-28,0.072
ZEF.TO,2012-06-26,0.07
ZEF.TO,2012-07-26,0.07
ZEF.TO,2012-08-28,0.07
ZEF.TO,2012-09-25,0.068
ZEF.TO,2012-10-26,0.068
ZEF.TO,2012-11-27,0.068
ZEF.TO,2012-12-24,0.068
ZEF.TO,2013-01-28,0.068
ZEF.TO,2013-02-25,0.068
ZEF.TO,2013-03-25,0.068
ZEF.TO,2013-04-25,0.068
ZEF.TO,2013-05-28,0.068
ZEF.TO,2013-06-25,0.065
ZEF.TO,2013-07-26,0.065
ZEF.TO,2013-08-27,0.065
ZEF.TO,2013-09-25,0.065
ZEF.TO,2013-10-28,0.065
ZEF.TO,2013-11-26,0.065
ZEF.TO,2013-12-24,0.1
ZEF.TO,2014-01-28,0.065
ZEF.TO,2014-02-25,0.065
ZEF.TO,2014-03-26,0.065
ZEF.TO,2014-04-25,0.065
ZEF.TO,2014-05-27,0.065
ZEF.TO,2014-06-25,0.068
ZEF.TO,2014-07-28,0.068
ZEF.TO,2014-08-26,0.068
ZEF.TO,2014-09-25,0.067
ZEF.TO,2014-10-28,0.067
ZEF.TO,2014-11-24,0.067
ZEF.TO,2014-12-24,0.123
ZEF.TO,2015-01-27,0.067
ZEF.TO,2015-02-24,0.067
ZEF.TO,2015-03-26,0.067
ZEF.TO,2015-04-27,0.067
ZEF.TO,2015-05-26,0.067
ZEF.TO,2015-06-25,0.06
ZEF.TO,2015-07-28,0.06
ZEF.TO,2015-08-26,0.06
ZEF.TO,2015-09-25,0.06
ZEF.TO,2015-10-27,0.06
ZEF.TO,2015-11-25,0.06
ZEF.TO,2015-12-24,0.06
ZEF.TO,2016-01-26,0.06
ZEF.TO,2016-02-24,0.06
ZEF.TO,2016-04-26,0.062
ZEF.TO,2016-05-24,0.062
ZEF.TO,2016-05-26,0.062
ZEF.TO,2016-06-27,0.064
ZEF.TO,2016-07-26,0.064
ZEF.TO,2016-08-26,0.064
ZEF.TO,2016-09-27,0.064
ZEF.TO,2016-10-26,0.064
ZEF.TO,2016-11-25,0.073
ZEF.TO,2016-12-23,0.075
ZEF.TO,2017-01-26,0.065
ZEF.TO,2017-02-23,0.065
ZEF.TO,2017-03-28,0.065
ZEF.TO,2017-04-25,0.065
ZEF.TO,2017-05-26,0.065
ZEF.TO,2017-06-27,0.062
ZEF.TO,2017-07-26,0.062
ZEF.TO,2017-08-28,0.062
ZEF.TO,2017-09-27,0.062
ZEF.TO,2017-10-27,0.062
ZEF.TO,2017-11-28,0.062
ZEF.TO,2017-12-27,0.062
ZEF.TO,2018-01-29,0.062
ZEF.TO,2018-02-26,0.062
ZEF.TO,2018-03-27,0.062
ZEF.TO,2018-04-26,0.062
ZEF.TO,2018-05-29,0.062
ZEF.TO,2018-06-27,0.062
ZEF.TO,2018-07-27,0.062
ZEF.TO,2018-08-29,0.062
ZEF.TO,2018-09-26,0.062
ZEF.TO,2018-10-29,0.062
ZEF.TO,2018-11-28,0.062
ZEF.TO,2018-12-27,0.062
ZEF.TO,2019-01-29,0.062
ZEF.TO,2019-02-26,0.062
ZEF.TO,2019-03-27,0.062
ZEF.TO,2019-04-26,0.062
ZEF.TO,2019-05-29,0.062
ZEF.TO,2019-06-26,0.062
ZEF.TO,2019-07-29,0.062
ZEF.TO,2019-08-28,0.062
ZEF.TO,2019-09-26,0.062
ZEF.TO,2019-10-29,0.062
ZEF.TO,2019-11-27,0.062
ZEF.TO,2019-12-27,0.062
ZEF.TO,2020-01-29,0.062
ZEF.TO,2020-02-26,0.062
ZEF.TO,2020-03-27,0.062
ZEF.TO,2020-04-28,0.062
ZEF.TO,2020-05-27,0.06
ZEF.TO,2020-06-26,0.06
ZEF.TO,2020-07-29,0.055
ZEF.TO,2020-08-27,0.055
ZEF.TO,2020-09-28,0.055
ZEF.TO,2020-10-28,0.055
ZEF.TO,2020-11-27,0.055
ZEF.TO,2020-12-29,0.055
ZEF.TO,2021-01-27,0.055
ZEF.TO,2021-02-24,0.055
ZEF.TO,2021-03-29,0.055
ZEF.TO,2021-04-28,0.055
ZEF.TO,2021-05-26,0.055
ZEF.TO,2021-06-28,0.05
ZEF.TO,2021-07-28,0.05
ZEF.TO,2021-08-27,0.05
ZEF.TO,2021-09-28,0.05
ZEF.TO,2021-10-27,0.05
ZEF.TO,2021-11-26,0.05
ZEF.TO,2021-12-29,0.05
ZEF.TO,2022-01-27,0.05
ZEF.TO,2022-02-24,0.05
ZEF.TO,2022-03-29,0.05
ZEF.TO,2022-04-27,0.05
ZEF.TO,2022-05-27,0.05
ZEF.TO,2022-06-28,0.05
ZEF.TO,2022-07-27,0.05
ZEF.TO,2022-08-29,0.045
ZEF.TO,2022-09-28,0.045
ZEF.TO,2022-10-27,0.045
ZEF.TO,2022-11-28,0.045
ZEF.TO,2022-12-28,0.045
ZEF.TO,2023-01-27,0.045
ZEF.TO,2023-02-24,0.045
ZEF.TO,2023-03-29,0.045
ZEF.TO,2023-04-26,0.045
ZEF.TO,2023-05-30,0.045
ZEF.TO,2023-06-28,0.045
ZEF.TO,2023-07-27,0.045
ZEF.TO,2023-08-29,0.045
ZEF.TO,2023-10-27,0.045
ZEF.TO,2023-11-28,0.045
ZEF.TO,2023-12-27,0.045
ZEF.TO,2024-01-29,0.045
ZEF.TO,2024-02-27,0.045
ZEF.TO,2024-03-27,0.045
ZEF.TO,2024-04-26,0.045
ZEF.TO,2024-05-30,0.045
ZEF.TO,2024-06-27,0.045
ZEF.TO,2024-07-30,0.045
ZEF.TO,2024-08-29,0.045
ZEF.TO,2024-09-27,0.045
ZEF.TO,2024-10-30,0.045
ZEF.TO,2024-11-27,0.045
ZEF.TO,2024-12-30,0.045
ZEF.TO,2025-01-30,0.045
ZEF.TO,2025-02-27,0.045
ZEF.TO,2025-03-28,0.045
ZEF.TO,2025-04-29,0.045
ZEF.TO,2025-05-29,0.045
ZEF.TO,2025-06-27,0.045
ZEF.TO,2025-07-30,0.045
ZEF.TO,2025-08-28,0.045
ZEF.TO,2025-09-29,0.045
ZEF.TO,2025-10-30,0.045
ZEF.TO,2025-11-26,0.045
ZEM.TO,2010-09-27,0.031
ZEM.TO,2010-12-24,0.036
ZEM.TO,2011-12-23,0.379
ZEM.TO,2012-12-24,0.25
ZEM.TO,2013-12-24,0.335
ZEM.TO,2014-12-24,0.285
ZEM.TO,2015-12-24,0.38
ZEM.TO,2016-12-23,0.3
ZEM.TO,2017-12-27,0.365
ZEM.TO,2018-12-27,0.41
ZEM.TO,2019-12-27,0.5
ZEM.TO,2020-12-29,0.4
ZEM.TO,2021-12-29,0.56
ZEM.TO,2022-12-28,0.53
ZEM.TO,2023-12-27,0.55
ZEM.TO,2024-12-30,0.55
ZEO.TO,2010-06-25,0.635
ZEO.TO,2010-09-27,0.63
ZEO.TO,2010-12-24,0.64
ZEO.TO,2011-03-28,0.485
ZEO.TO,2011-06-27,0.475
ZEO.TO,2011-09-27,0.515
ZEO.TO,2011-12-23,0.51
ZEO.TO,2012-03-27,0.51
ZEO.TO,2012-06-26,0.51
ZEO.TO,2012-09-25,0.525
ZEO.TO,2012-12-24,0.475
ZEO.TO,2013-03-25,0.66
ZEO.TO,2013-06-25,0.615
ZEO.TO,2013-09-25,0.615
ZEO.TO,2013-12-24,0.6
ZEO.TO,2014-03-26,0.615
ZEO.TO,2014-06-25,0.615
ZEO.TO,2014-09-25,0.615
ZEO.TO,2014-12-24,0.615
ZEO.TO,2015-03-26,0.515
ZEO.TO,2015-06-25,0.515
ZEO.TO,2015-09-25,0.45
ZEO.TO,2015-12-24,0.45
ZEO.TO,2016-03-28,0.45
ZEO.TO,2016-06-27,0.35
ZEO.TO,2016-09-27,0.35
ZEO.TO,2016-12-23,0.35
ZEO.TO,2017-03-28,0.325
ZEO.TO,2017-06-27,0.325
ZEO.TO,2017-09-27,0.34
ZEO.TO,2017-12-27,0.34
ZEO.TO,2018-03-27,0.34
ZEO.TO,2018-06-27,0.34
ZEO.TO,2018-09-26,0.34
ZEO.TO,2018-12-27,0.375
ZEO.TO,2019-03-27,0.35
ZEO.TO,2019-06-26,0.35
ZEO.TO,2019-09-26,0.38
ZEO.TO,2019-12-27,0.48
ZEO.TO,2020-03-27,0.48
ZEO.TO,2020-06-26,0.42
ZEO.TO,2020-09-28,0.38
ZEO.TO,2020-12-29,0.35
ZEO.TO,2021-03-29,0.38
ZEO.TO,2021-06-28,0.38
ZEO.TO,2021-09-28,0.38
ZEO.TO,2021-12-29,0.38
ZEO.TO,2022-03-29,0.45
ZEO.TO,2022-06-28,0.55
ZEO.TO,2022-09-28,0.65
ZEO.TO,2022-12-28,1.25
ZEO.TO,2023-03-29,0.75
ZEO.TO,2023-06-28,0.75
ZEO.TO,2023-09-27,0.75
ZEO.TO,2023-12-27,0.755
ZEO.TO,2024-03-27,0.75
ZEO.TO,2024-06-27,0.7
ZEO.TO,2024-09-27,0.68
ZEO.TO,2024-12-30,0.68
ZEO.TO,2025-03-28,0.68
ZEO.TO,2025-06-27,0.66
ZEO.TO,2025-09-29,0.69
ZEQ.TO,2014-03-26,0.09
ZEQ.TO,2014-06-25,0.09
ZEQ.TO,2014-09-25,0.09
ZEQ.TO,2014-12-24,0.09
ZEQ.TO,2015-03-26,0.09
ZEQ.TO,2015-06-25,0.09
ZEQ.TO,2015-09-25,0.09
ZEQ.TO,2015-12-24,0.09
ZEQ.TO,2016-06-27,0.09
ZEQ.TO,2016-09-27,0.09
ZEQ.TO,2016-12-23,0.09
ZEQ.TO,2017-03-28,0.1
ZEQ.TO,2017-06-27,0.1
ZEQ.TO,2017-09-27,0.1
ZEQ.TO,2017-12-27,0.12
ZEQ.TO,2018-03-27,0.105
ZEQ.TO,2018-06-27,0.105
ZEQ.TO,2018-09-26,0.105
ZEQ.TO,2018-12-27,0.27
ZEQ.TO,2019-03-27,0.105
ZEQ.TO,2019-06-26,0.105
ZEQ.TO,2019-09-26,0.105
ZEQ.TO,2019-12-27,0.17
ZEQ.TO,2020-03-27,0.12
ZEQ.TO,2020-06-26,0.12
ZEQ.TO,2020-09-28,0.12
ZEQ.TO,2020-12-29,0.12
ZEQ.TO,2021-03-29,0.12
ZEQ.TO,2021-06-28,0.14
ZEQ.TO,2021-09-28,0.14
ZEQ.TO,2021-12-29,0.14
ZEQ.TO,2022-03-29,0.14
ZEQ.TO,2022-06-28,0.16
ZEQ.TO,2022-09-28,0.17
ZEQ.TO,2022-12-28,0.21
ZEQ.TO,2023-03-29,0.18
ZEQ.TO,2023-06-28,0.18
ZEQ.TO,2023-09-27,0.18
ZEQ.TO,2023-12-27,0.19
ZEQ.TO,2024-03-27,0.18
ZEQ.TO,2024-06-27,0.14
ZEQ.TO,2024-09-27,0.14
ZEQ.TO,2024-12-30,0.14
ZEQ.TO,2025-03-28,0.14
ZEQ.TO,2025-06-27,0.13
ZEQ.TO,2025-08-13,0.42
ZEQ.TO,2025-09-29,0.13
ZEQT.TO,2022-03-29,0.073333
ZEQT.TO,2022-06-28,0.073333
ZEQT.TO,2022-09-28,0.073333
ZEQT.TO,2022-12-28,0.08
ZEQT.TO,2023-03-29,0.073333
ZEQT.TO,2023-06-28,0.073333
ZEQT.TO,2023-09-27,0.073333
ZEQT.TO,2023-12-27,0.08
ZEQT.TO,2024-03-27,0.073333
ZEQT.TO,2024-06-27,0.073333
ZEQT.TO,2024-09-27,0.073333
ZEQT.TO,2024-12-30,0.073333
ZEQT.TO,2025-03-28,0.073333
ZEQT.TO,2025-06-27,0.073333
ZEQT.TO,2025-09-29,0.075
ZESG.TO,2020-03-27,0.06
ZESG.TO,2020-06-26,0.06
ZESG.TO,2020-09-28,0.06
ZESG.TO,2020-12-29,0.06
ZESG.TO,2021-03-29,0.06
ZESG.TO,2021-06-28,0.06
ZESG.TO,2021-09-28,0.06
ZESG.TO,2021-12-29,0.06
ZESG.TO,2022-03-29,0.06
ZESG.TO,2022-06-28,0.06
ZESG.TO,2022-09-28,0.06
ZESG.TO,2022-12-28,0.07
ZESG.TO,2023-03-29,0.06
ZESG.TO,2023-06-28,0.06
ZESG.TO,2023-09-27,0.06
ZESG.TO,2023-12-27,0.066667
ZESG.TO,2024-03-27,0.06
ZESG.TO,2024-06-27,0.06
ZESG.TO,2024-09-27,0.06
ZESG.TO,2024-12-30,0.06
ZESG.TO,2025-03-28,0.06
ZESG.TO,2025-06-27,0.06
ZESG.TO,2025-09-29,0.06
ZFC.TO,2019-12-27,0.18
ZFC.TO,2020-12-29,0.635
ZFC.TO,2021-12-29,0.38
ZFC.TO,2022-12-28,0.96
ZFC.TO,2023-12-27,0.215
ZFC.TO,2024-12-30,0.017
ZFH.TO,2014-02-25,0.044
ZFH.TO,2014-03-26,0.044
ZFH.TO,2014-04-25,0.044
ZFH.TO,2014-05-27,0.044
ZFH.TO,2014-06-25,0.05
ZFH.TO,2014-07-28,0.05
ZFH.TO,2014-08-26,0.05
ZFH.TO,2014-09-25,0.053
ZFH.TO,2014-10-28,0.053
ZFH.TO,2014-11-24,0.053
ZFH.TO,2014-12-24,0.053
ZFH.TO,2015-01-27,0.053
ZFH.TO,2015-02-24,0.07
ZFH.TO,2015-03-26,0.06
ZFH.TO,2015-04-27,0.06
ZFH.TO,2015-05-26,0.06
ZFH.TO,2015-06-25,0.06
ZFH.TO,2015-07-28,0.06
ZFH.TO,2015-08-26,0.06
ZFH.TO,2015-09-25,0.06
ZFH.TO,2015-10-27,0.06
ZFH.TO,2015-11-25,0.06
ZFH.TO,2015-12-24,0.06
ZFH.TO,2016-01-26,0.06
ZFH.TO,2016-02-24,0.06
ZFH.TO,2016-04-26,0.06
ZFH.TO,2016-05-24,0.06
ZFH.TO,2016-05-26,0.06
ZFH.TO,2016-06-27,0.06
ZFH.TO,2016-07-26,0.06
ZFH.TO,2016-08-26,0.06
ZFH.TO,2016-09-27,0.06
ZFH.TO,2016-10-26,0.06
ZFH.TO,2016-11-25,0.06
ZFH.TO,2016-12-23,0.06
ZFH.TO,2017-01-26,0.06
ZFH.TO,2017-02-23,0.06
ZFH.TO,2017-03-28,0.06
ZFH.TO,2017-04-25,0.06
ZFH.TO,2017-05-26,0.06
ZFH.TO,2017-06-27,0.061
ZFH.TO,2017-07-26,0.061
ZFH.TO,2017-08-28,0.061
ZFH.TO,2017-09-27,0.058
ZFH.TO,2017-10-27,0.058
ZFH.TO,2017-11-28,0.058
ZFH.TO,2017-12-27,0.058
ZFH.TO,2018-01-29,0.058
ZFH.TO,2018-02-26,0.058
ZFH.TO,2018-03-27,0.055
ZFH.TO,2018-04-26,0.055
ZFH.TO,2018-05-29,0.055
ZFH.TO,2018-06-27,0.055
ZFH.TO,2018-07-27,0.055
ZFH.TO,2018-08-29,0.055
ZFH.TO,2018-09-26,0.055
ZFH.TO,2018-10-29,0.055
ZFH.TO,2018-11-28,0.055
ZFH.TO,2018-12-27,0.06
ZFH.TO,2019-01-29,0.055
ZFH.TO,2019-02-26,0.055
ZFH.TO,2019-03-27,0.055
ZFH.TO,2019-04-26,0.055
ZFH.TO,2019-05-29,0.058
ZFH.TO,2019-06-26,0.058
ZFH.TO,2019-07-29,0.058
ZFH.TO,2019-08-28,0.058
ZFH.TO,2019-09-26,0.058
ZFH.TO,2019-10-29,0.058
ZFH.TO,2019-11-27,0.058
ZFH.TO,2019-12-27,0.058
ZFH.TO,2020-01-29,0.055
ZFH.TO,2020-02-26,0.058
ZFH.TO,2020-03-27,0.055
ZFH.TO,2020-04-28,0.055
ZFH.TO,2020-05-27,0.055
ZFH.TO,2020-06-26,0.055
ZFH.TO,2020-07-29,0.055
ZFH.TO,2020-08-27,0.055
ZFH.TO,2020-09-28,0.055
ZFH.TO,2020-10-28,0.055
ZFH.TO,2020-11-27,0.055
ZFH.TO,2020-12-29,0.055
ZFH.TO,2021-01-27,0.055
ZFH.TO,2021-02-24,0.055
ZFH.TO,2021-03-29,0.055
ZFH.TO,2021-04-28,0.055
ZFH.TO,2021-05-26,0.055
ZFH.TO,2021-06-28,0.055
ZFH.TO,2021-07-28,0.055
ZFH.TO,2021-08-27,0.055
ZFH.TO,2021-09-28,0.055
ZFH.TO,2021-10-27,0.055
ZFH.TO,2021-11-26,0.055
ZFH.TO,2021-12-29,0.055
ZFH.TO,2022-01-27,0.055
ZFH.TO,2022-02-24,0.055
ZFH.TO,2022-03-29,0.055
ZFH.TO,2022-04-27,0.055
ZFH.TO,2022-05-27,0.055
ZFH.TO,2022-06-28,0.055
ZFH.TO,2022-07-27,0.055
ZFH.TO,2022-08-29,0.055
ZFH.TO,2022-09-28,0.055
ZFH.TO,2022-10-27,0.055
ZFH.TO,2022-11-28,0.055
ZFH.TO,2022-12-28,0.055
ZFH.TO,2023-01-27,0.055
ZFH.TO,2023-02-24,0.055
ZFH.TO,2023-03-29,0.06
ZFH.TO,2023-04-26,0.06
ZFH.TO,2023-05-30,0.06
ZFH.TO,2023-06-28,0.105
ZFH.TO,2023-07-27,0.105
ZFH.TO,2023-08-29,0.105
ZFH.TO,2023-09-27,0.105
ZFH.TO,2023-10-27,0.105
ZFH.TO,2023-11-28,0.105
ZFH.TO,2023-12-27,0.105
ZFH.TO,2024-01-29,0.105
ZFH.TO,2024-02-27,0.105
ZFH.TO,2024-03-27,0.1
ZFH.TO,2024-04-26,0.1
ZFH.TO,2024-05-30,0.1
ZFH.TO,2024-06-27,0.1
ZFH.TO,2024-07-30,0.1
ZFH.TO,2024-08-29,0.1
ZFH.TO,2024-09-27,0.1
ZFH.TO,2024-10-30,0.1
ZFH.TO,2024-11-27,0.08
ZFH.TO,2024-12-30,0.08
ZFH.TO,2025-01-30,0.08
ZFH.TO,2025-02-27,0.07
ZFH.TO,2025-03-28,0.07
ZFH.TO,2025-04-29,0.07
ZFH.TO,2025-05-29,0.07
ZFH.TO,2025-06-27,0.07
ZFH.TO,2025-07-30,0.07
ZFH.TO,2025-08-28,0.07
ZFH.TO,2025-09-29,0.07
ZFH.TO,2025-10-30,0.065
ZFH.TO,2025-11-26,0.065
ZFL.TO,2010-12-24,0.175
ZFL.TO,2011-01-26,0.058
ZFL.TO,2011-02-23,0.058
ZFL.TO,2011-03-28,0.058
ZFL.TO,2011-04-26,0.054
ZFL.TO,2011-05-26,0.054
ZFL.TO,2011-06-27,0.054
ZFL.TO,2011-07-26,0.052
ZFL.TO,2011-08-26,0.052
ZFL.TO,2011-09-27,0.052
ZFL.TO,2011-10-26,0.051
ZFL.TO,2011-11-25,0.051
ZFL.TO,2011-12-23,0.051
ZFL.TO,2012-01-26,0.051
ZFL.TO,2012-02-24,0.051
ZFL.TO,2012-03-27,0.051
ZFL.TO,2012-04-25,0.051
ZFL.TO,2012-05-28,0.051
ZFL.TO,2012-06-26,0.05
ZFL.TO,2012-07-26,0.05
ZFL.TO,2012-08-28,0.05
ZFL.TO,2012-09-25,0.05
ZFL.TO,2012-10-26,0.05
ZFL.TO,2012-11-27,0.05
ZFL.TO,2012-12-24,0.05
ZFL.TO,2013-01-28,0.05
ZFL.TO,2013-02-25,0.05
ZFL.TO,2013-03-25,0.05
ZFL.TO,2013-04-25,0.05
ZFL.TO,2013-05-28,0.05
ZFL.TO,2013-06-25,0.048
ZFL.TO,2013-07-26,0.048
ZFL.TO,2013-08-27,0.048
ZFL.TO,2013-09-25,0.048
ZFL.TO,2013-10-28,0.048
ZFL.TO,2013-11-26,0.048
ZFL.TO,2013-12-24,0.053
ZFL.TO,2014-01-28,0.048
ZFL.TO,2014-02-25,0.048
ZFL.TO,2014-03-26,0.048
ZFL.TO,2014-04-25,0.048
ZFL.TO,2014-05-27,0.048
ZFL.TO,2014-06-25,0.048
ZFL.TO,2014-07-28,0.048
ZFL.TO,2014-08-26,0.048
ZFL.TO,2014-09-25,0.046
ZFL.TO,2014-10-28,0.046
ZFL.TO,2014-11-24,0.046
ZFL.TO,2014-12-24,0.047
ZFL.TO,2015-01-27,0.046
ZFL.TO,2015-02-24,0.046
ZFL.TO,2015-03-26,0.046
ZFL.TO,2015-04-27,0.046
ZFL.TO,2015-05-26,0.046
ZFL.TO,2015-06-25,0.046
ZFL.TO,2015-07-28,0.046
ZFL.TO,2015-08-26,0.046
ZFL.TO,2015-09-25,0.046
ZFL.TO,2015-10-27,0.046
ZFL.TO,2015-11-25,0.05
ZFL.TO,2015-12-24,0.055
ZFL.TO,2016-01-26,0.045
ZFL.TO,2016-02-24,0.045
ZFL.TO,2016-03-28,0.045
ZFL.TO,2016-04-26,0.045
ZFL.TO,2016-05-24,0.045
ZFL.TO,2016-05-26,0.045
ZFL.TO,2016-06-27,0.045
ZFL.TO,2016-07-26,0.045
ZFL.TO,2016-08-26,0.045
ZFL.TO,2016-09-27,0.043
ZFL.TO,2016-10-26,0.043
ZFL.TO,2016-11-25,0.043
ZFL.TO,2016-12-23,0.043
ZFL.TO,2017-01-26,0.043
ZFL.TO,2017-02-23,0.043
ZFL.TO,2017-03-28,0.043
ZFL.TO,2017-04-25,0.043
ZFL.TO,2017-05-26,0.043
ZFL.TO,2017-06-27,0.043
ZFL.TO,2017-07-26,0.043
ZFL.TO,2017-08-28,0.043
ZFL.TO,2017-09-27,0.043
ZFL.TO,2017-10-27,0.043
ZFL.TO,2017-11-28,0.043
ZFL.TO,2017-12-27,0.047
ZFL.TO,2018-01-29,0.043
ZFL.TO,2018-02-26,0.043
ZFL.TO,2018-03-27,0.043
ZFL.TO,2018-04-26,0.043
ZFL.TO,2018-05-29,0.043
ZFL.TO,2018-06-27,0.043
ZFL.TO,2018-07-27,0.043
ZFL.TO,2018-08-29,0.043
ZFL.TO,2018-09-26,0.043
ZFL.TO,2018-10-29,0.043
ZFL.TO,2018-11-28,0.043
ZFL.TO,2018-12-27,0.048
ZFL.TO,2019-01-29,0.045
ZFL.TO,2019-02-26,0.045
ZFL.TO,2019-03-27,0.045
ZFL.TO,2019-04-26,0.045
ZFL.TO,2019-05-29,0.045
ZFL.TO,2019-06-26,0.045
ZFL.TO,2019-07-29,0.045
ZFL.TO,2019-08-28,0.045
ZFL.TO,2019-09-26,0.045
ZFL.TO,2019-10-29,0.045
ZFL.TO,2019-11-27,0.045
ZFL.TO,2019-12-27,0.045
ZFL.TO,2020-01-29,0.043
ZFL.TO,2020-02-26,0.045
ZFL.TO,2020-03-27,0.043
ZFL.TO,2020-04-28,0.043
ZFL.TO,2020-05-27,0.043
ZFL.TO,2020-06-26,0.043
ZFL.TO,2020-07-29,0.043
ZFL.TO,2020-08-27,0.043
ZFL.TO,2020-09-28,0.043
ZFL.TO,2020-10-28,0.043
ZFL.TO,2020-11-27,0.043
ZFL.TO,2020-12-29,0.043
ZFL.TO,2021-01-27,0.043
ZFL.TO,2021-02-24,0.043
ZFL.TO,2021-03-29,0.043
ZFL.TO,2021-04-28,0.043
ZFL.TO,2021-05-26,0.043
ZFL.TO,2021-06-28,0.043
ZFL.TO,2021-07-28,0.043
ZFL.TO,2021-08-27,0.043
ZFL.TO,2021-09-28,0.043
ZFL.TO,2021-10-27,0.043
ZFL.TO,2021-11-26,0.043
ZFL.TO,2021-12-29,0.043
ZFL.TO,2022-01-27,0.043
ZFL.TO,2022-02-24,0.043
ZFL.TO,2022-03-29,0.043
ZFL.TO,2022-04-27,0.043
ZFL.TO,2022-05-27,0.043
ZFL.TO,2022-06-28,0.043
ZFL.TO,2022-07-27,0.043
ZFL.TO,2022-08-29,0.04
ZFL.TO,2022-09-28,0.04
ZFL.TO,2022-10-27,0.04
ZFL.TO,2022-11-28,0.04
ZFL.TO,2022-12-28,0.04
ZFL.TO,2023-01-27,0.04
ZFL.TO,2023-02-24,0.04
ZFL.TO,2023-03-29,0.04
ZFL.TO,2023-04-26,0.04
ZFL.TO,2023-05-30,0.04
ZFL.TO,2023-06-28,0.04
ZFL.TO,2023-07-27,0.04
ZFL.TO,2023-08-29,0.04
ZFL.TO,2023-09-27,0.04
ZFL.TO,2023-10-27,0.04
ZFL.TO,2023-11-28,0.04
ZFL.TO,2023-12-27,0.04
ZFL.TO,2024-01-29,0.04
ZFL.TO,2024-02-27,0.04
ZFL.TO,2024-03-27,0.035
ZFL.TO,2024-04-26,0.035
ZFL.TO,2024-05-30,0.035
ZFL.TO,2024-06-27,0.033
ZFL.TO,2024-07-30,0.033
ZFL.TO,2024-08-29,0.033
ZFL.TO,2024-09-27,0.033
ZFL.TO,2024-10-30,0.033
ZFL.TO,2024-11-27,0.033
ZFL.TO,2024-12-30,0.033
ZFL.TO,2025-01-30,0.033
ZFL.TO,2025-02-27,0.033
ZFL.TO,2025-03-28,0.033
ZFL.TO,2025-04-29,0.033
ZFL.TO,2025-05-29,0.033
ZFL.TO,2025-06-27,0.03
ZFL.TO,2025-07-30,0.03
ZFL.TO,2025-08-28,0.03
ZFL.TO,2025-09-29,0.03
ZFL.TO,2025-10-30,0.03
ZFL.TO,2025-11-26,0.03
ZFM.TO,2010-06-25,0.131
ZFM.TO,2010-09-27,0.132
ZFM.TO,2010-12-24,0.128
ZFM.TO,2011-01-26,0.043
ZFM.TO,2011-02-23,0.043
ZFM.TO,2011-03-28,0.043
ZFM.TO,2011-04-26,0.043
ZFM.TO,2011-05-26,0.043
ZFM.TO,2011-06-27,0.043
ZFM.TO,2011-07-26,0.042
ZFM.TO,2011-08-26,0.042
ZFM.TO,2011-09-27,0.042
ZFM.TO,2011-10-26,0.042
ZFM.TO,2011-11-25,0.042
ZFM.TO,2011-12-23,0.042
ZFM.TO,2012-01-26,0.042
ZFM.TO,2012-02-24,0.042
ZFM.TO,2012-03-27,0.042
ZFM.TO,2012-04-25,0.042
ZFM.TO,2012-05-28,0.042
ZFM.TO,2012-06-26,0.041
ZFM.TO,2012-07-26,0.041
ZFM.TO,2012-08-28,0.041
ZFM.TO,2012-09-25,0.041
ZFM.TO,2012-10-26,0.041
ZFM.TO,2012-11-27,0.041
ZFM.TO,2012-12-24,0.041
ZFM.TO,2013-01-28,0.041
ZFM.TO,2013-02-25,0.041
ZFM.TO,2013-03-25,0.041
ZFM.TO,2013-04-25,0.041
ZFM.TO,2013-05-28,0.041
ZFM.TO,2013-06-25,0.038
ZFM.TO,2013-07-26,0.038
ZFM.TO,2013-08-27,0.038
ZFM.TO,2013-09-25,0.038
ZFM.TO,2013-10-28,0.038
ZFM.TO,2013-11-26,0.038
ZFM.TO,2013-12-24,0.038
ZFM.TO,2014-01-28,0.038
ZFM.TO,2014-02-25,0.038
ZFM.TO,2014-03-26,0.038
ZFM.TO,2014-04-25,0.038
ZFM.TO,2014-05-27,0.038
ZFM.TO,2014-06-25,0.038
ZFM.TO,2014-07-28,0.038
ZFM.TO,2014-08-26,0.038
ZFM.TO,2014-09-25,0.035
ZFM.TO,2014-10-28,0.035
ZFM.TO,2014-11-24,0.035
ZFM.TO,2014-12-24,0.035
ZFM.TO,2015-01-27,0.035
ZFM.TO,2015-02-24,0.035
ZFM.TO,2015-03-26,0.035
ZFM.TO,2015-04-27,0.035
ZFM.TO,2015-05-26,0.035
ZFM.TO,2015-06-25,0.035
ZFM.TO,2015-07-28,0.035
ZFM.TO,2015-08-26,0.035
ZFM.TO,2015-09-25,0.032
ZFM.TO,2015-10-27,0.032
ZFM.TO,2015-11-25,0.032
ZFM.TO,2015-12-24,0.032
ZFM.TO,2016-01-26,0.032
ZFM.TO,2016-02-24,0.032
ZFM.TO,2016-03-28,0.032
ZFM.TO,2016-04-26,0.032
ZFM.TO,2016-05-24,0.032
ZFM.TO,2016-05-26,0.032
ZFM.TO,2016-06-27,0.029
ZFM.TO,2016-07-26,0.029
ZFM.TO,2016-08-26,0.029
ZFM.TO,2016-09-27,0.029
ZFM.TO,2016-10-26,0.029
ZFM.TO,2016-11-25,0.029
ZFM.TO,2016-12-23,0.033
ZFM.TO,2017-01-26,0.028
ZFM.TO,2017-02-23,0.028
ZFM.TO,2017-03-28,0.028
ZFM.TO,2017-04-25,0.028
ZFM.TO,2017-05-26,0.028
ZFM.TO,2017-06-27,0.027
ZFM.TO,2017-07-26,0.027
ZFM.TO,2017-08-28,0.027
ZFM.TO,2017-09-27,0.027
ZFM.TO,2017-10-27,0.027
ZFM.TO,2017-11-28,0.027
ZFM.TO,2017-12-27,0.027
ZFM.TO,2018-01-29,0.027
ZFM.TO,2018-02-26,0.027
ZFM.TO,2018-03-27,0.027
ZFM.TO,2018-04-26,0.027
ZFM.TO,2018-05-29,0.027
ZFM.TO,2018-06-27,0.027
ZFM.TO,2018-07-27,0.027
ZFM.TO,2018-08-29,0.027
ZFM.TO,2018-09-26,0.027
ZFM.TO,2018-10-29,0.027
ZFM.TO,2018-11-28,0.027
ZFM.TO,2018-12-27,0.027
ZFM.TO,2019-01-29,0.028
ZFM.TO,2019-02-26,0.028
ZFM.TO,2019-03-27,0.028
ZFM.TO,2019-04-26,0.028
ZFM.TO,2019-05-29,0.028
ZFM.TO,2019-06-26,0.028
ZFM.TO,2019-07-29,0.03
ZFM.TO,2019-08-28,0.03
ZFM.TO,2019-09-26,0.03
ZFM.TO,2019-10-29,0.03
ZFM.TO,2019-11-27,0.03
ZFM.TO,2019-12-27,0.03
ZFM.TO,2020-01-29,0.03
ZFM.TO,2020-02-26,0.03
ZFM.TO,2020-03-27,0.03
ZFM.TO,2020-04-28,0.03
ZFM.TO,2020-05-27,0.03
ZFM.TO,2020-06-26,0.03
ZFM.TO,2020-07-29,0.03
ZFM.TO,2020-08-27,0.03
ZFM.TO,2020-09-28,0.03
ZFM.TO,2020-10-28,0.03
ZFM.TO,2020-11-27,0.028
ZFM.TO,2020-12-29,0.028
ZFM.TO,2021-01-27,0.028
ZFM.TO,2021-02-24,0.028
ZFM.TO,2021-03-29,0.028
ZFM.TO,2021-04-28,0.028
ZFM.TO,2021-05-26,0.028
ZFM.TO,2021-06-28,0.028
ZFM.TO,2021-07-28,0.028
ZFM.TO,2021-08-27,0.028
ZFM.TO,2021-09-28,0.028
ZFM.TO,2021-10-27,0.028
ZFM.TO,2021-11-26,0.028
ZFM.TO,2021-12-29,0.028
ZFM.TO,2022-01-27,0.028
ZFM.TO,2022-02-24,0.028
ZFM.TO,2022-03-29,0.028
ZFM.TO,2022-04-27,0.028
ZFM.TO,2022-05-27,0.028
ZFM.TO,2022-06-28,0.028
ZFM.TO,2022-07-27,0.028
ZFM.TO,2022-08-29,0.028
ZFM.TO,2022-09-28,0.028
ZFM.TO,2022-10-27,0.028
ZFM.TO,2022-11-28,0.028
ZFM.TO,2022-12-28,0.028
ZFM.TO,2023-01-27,0.028
ZFM.TO,2023-02-24,0.028
ZFM.TO,2023-03-29,0.028
ZFM.TO,2023-04-26,0.028
ZFM.TO,2023-05-30,0.028
ZFM.TO,2023-06-28,0.028
ZFM.TO,2023-07-27,0.028
ZFM.TO,2023-08-29,0.028
ZFM.TO,2023-09-27,0.028
ZFM.TO,2023-10-27,0.028
ZFM.TO,2023-11-28,0.028
ZFM.TO,2023-12-27,0.028
ZFM.TO,2024-01-29,0.028
ZFM.TO,2024-02-27,0.028
ZFM.TO,2024-03-27,0.028
ZFM.TO,2024-04-26,0.028
ZFM.TO,2024-05-30,0.028
ZFM.TO,2024-06-27,0.028
ZFM.TO,2024-07-30,0.028
ZFM.TO,2024-08-29,0.028
ZFM.TO,2024-09-27,0.028
ZFM.TO,2024-10-30,0.028
ZFM.TO,2024-11-27,0.028
ZFM.TO,2024-12-30,0.028
ZFM.TO,2025-01-30,0.028
ZFM.TO,2025-02-27,0.028
ZFM.TO,2025-03-28,0.028
ZFM.TO,2025-04-29,0.028
ZFM.TO,2025-05-29,0.028
ZFM.TO,2025-06-27,0.03
ZFM.TO,2025-07-30,0.03
ZFM.TO,2025-08-28,0.03
ZFM.TO,2025-09-29,0.03
ZFM.TO,2025-10-30,0.03
ZFM.TO,2025-11-26,0.03
ZFN.TO,2019-12-27,0.12
ZFN.TO,2020-12-29,0.205
ZFN.TO,2021-12-29,0.28
ZFN.TO,2022-12-28,0.9
ZFN.TO,2023-12-27,0.4
ZFN.TO,2024-12-30,0.5
ZFS.TO,2010-06-25,0.13
ZFS.TO,2010-09-27,0.13
ZFS.TO,2010-12-24,0.121
ZFS.TO,2011-01-26,0.042
ZFS.TO,2011-02-23,0.042
ZFS.TO,2011-03-28,0.042
ZFS.TO,2011-04-26,0.039
ZFS.TO,2011-05-26,0.039
ZFS.TO,2011-06-27,0.039
ZFS.TO,2011-07-26,0.035
ZFS.TO,2011-08-26,0.035
ZFS.TO,2011-09-27,0.035
ZFS.TO,2011-10-26,0.033
ZFS.TO,2011-11-25,0.033
ZFS.TO,2011-12-23,0.033
ZFS.TO,2012-01-26,0.032
ZFS.TO,2012-02-24,0.032
ZFS.TO,2012-03-27,0.032
ZFS.TO,2012-04-25,0.032
ZFS.TO,2012-05-28,0.032
ZFS.TO,2012-06-26,0.03
ZFS.TO,2012-07-26,0.03
ZFS.TO,2012-08-28,0.03
ZFS.TO,2012-09-25,0.029
ZFS.TO,2012-10-26,0.029
ZFS.TO,2012-11-27,0.029
ZFS.TO,2012-12-24,0.029
ZFS.TO,2013-01-28,0.029
ZFS.TO,2013-02-25,0.029
ZFS.TO,2013-03-25,0.029
ZFS.TO,2013-04-25,0.029
ZFS.TO,2013-05-28,0.029
ZFS.TO,2013-06-25,0.027
ZFS.TO,2013-07-26,0.027
ZFS.TO,2013-08-27,0.027
ZFS.TO,2013-09-25,0.027
ZFS.TO,2013-10-28,0.027
ZFS.TO,2013-11-26,0.027
ZFS.TO,2013-12-24,0.035
ZFS.TO,2014-01-28,0.027
ZFS.TO,2014-02-25,0.027
ZFS.TO,2014-03-26,0.027
ZFS.TO,2014-04-25,0.027
ZFS.TO,2014-05-27,0.027
ZFS.TO,2014-06-25,0.027
ZFS.TO,2014-07-28,0.027
ZFS.TO,2014-08-26,0.027
ZFS.TO,2014-09-25,0.025
ZFS.TO,2014-10-28,0.025
ZFS.TO,2014-11-24,0.025
ZFS.TO,2014-12-24,0.025
ZFS.TO,2015-01-27,0.024
ZFS.TO,2015-02-24,0.024
ZFS.TO,2015-03-26,0.024
ZFS.TO,2015-04-27,0.024
ZFS.TO,2015-05-26,0.024
ZFS.TO,2015-06-25,0.024
ZFS.TO,2015-07-28,0.024
ZFS.TO,2015-08-26,0.024
ZFS.TO,2015-09-25,0.021
ZFS.TO,2015-10-27,0.021
ZFS.TO,2015-11-25,0.021
ZFS.TO,2015-12-24,0.025
ZFS.TO,2016-01-26,0.022
ZFS.TO,2016-02-24,0.022
ZFS.TO,2016-03-28,0.022
ZFS.TO,2016-04-26,0.022
ZFS.TO,2016-05-24,0.022
ZFS.TO,2016-05-26,0.022
ZFS.TO,2016-06-27,0.022
ZFS.TO,2016-07-26,0.022
ZFS.TO,2016-08-26,0.022
ZFS.TO,2016-09-27,0.02
ZFS.TO,2016-10-26,0.02
ZFS.TO,2016-11-25,0.02
ZFS.TO,2016-12-23,0.02
ZFS.TO,2017-01-26,0.02
ZFS.TO,2017-02-23,0.02
ZFS.TO,2017-03-28,0.02
ZFS.TO,2017-04-25,0.02
ZFS.TO,2017-05-26,0.02
ZFS.TO,2017-06-27,0.018
ZFS.TO,2017-07-26,0.018
ZFS.TO,2017-08-28,0.018
ZFS.TO,2017-09-27,0.018
ZFS.TO,2017-10-27,0.018
ZFS.TO,2017-11-28,0.018
ZFS.TO,2017-12-27,0.018
ZFS.TO,2018-01-29,0.018
ZFS.TO,2018-02-26,0.018
ZFS.TO,2018-03-27,0.018
ZFS.TO,2018-04-26,0.018
ZFS.TO,2018-05-29,0.018
ZFS.TO,2018-06-27,0.018
ZFS.TO,2018-07-27,0.018
ZFS.TO,2018-08-29,0.018
ZFS.TO,2018-09-26,0.018
ZFS.TO,2018-10-29,0.018
ZFS.TO,2018-11-28,0.018
ZFS.TO,2018-12-27,0.027
ZFS.TO,2019-01-29,0.022
ZFS.TO,2019-02-26,0.022
ZFS.TO,2019-03-27,0.022
ZFS.TO,2019-04-26,0.022
ZFS.TO,2019-05-29,0.022
ZFS.TO,2019-06-26,0.022
ZFS.TO,2019-07-29,0.022
ZFS.TO,2019-08-28,0.022
ZFS.TO,2019-09-26,0.022
ZFS.TO,2019-10-29,0.022
ZFS.TO,2019-11-27,0.022
ZFS.TO,2019-12-27,0.022
ZFS.TO,2020-01-29,0.022
ZFS.TO,2020-02-26,0.022
ZFS.TO,2020-03-27,0.022
ZFS.TO,2020-04-28,0.022
ZFS.TO,2020-05-27,0.022
ZFS.TO,2020-06-26,0.022
ZFS.TO,2020-07-29,0.022
ZFS.TO,2020-08-27,0.022
ZFS.TO,2020-09-28,0.022
ZFS.TO,2020-10-28,0.022
ZFS.TO,2020-11-27,0.022
ZFS.TO,2020-12-29,0.022
ZFS.TO,2021-01-27,0.022
ZFS.TO,2021-02-24,0.022
ZFS.TO,2021-03-29,0.022
ZFS.TO,2021-04-28,0.022
ZFS.TO,2021-05-26,0.022
ZFS.TO,2021-06-28,0.022
ZFS.TO,2021-07-28,0.022
ZFS.TO,2021-08-27,0.022
ZFS.TO,2021-09-28,0.022
ZFS.TO,2021-10-27,0.022
ZFS.TO,2021-11-26,0.022
ZFS.TO,2021-12-29,0.022
ZFS.TO,2022-01-27,0.022
ZFS.TO,2022-02-24,0.022
ZFS.TO,2022-03-29,0.022
ZFS.TO,2022-04-27,0.022
ZFS.TO,2022-05-27,0.022
ZFS.TO,2022-06-28,0.022
ZFS.TO,2022-07-27,0.022
ZFS.TO,2022-08-29,0.022
ZFS.TO,2022-09-28,0.022
ZFS.TO,2022-10-27,0.022
ZFS.TO,2022-11-28,0.022
ZFS.TO,2022-12-28,0.022
ZFS.TO,2023-01-27,0.022
ZFS.TO,2023-02-24,0.022
ZFS.TO,2023-03-29,0.022
ZFS.TO,2023-04-26,0.022
ZFS.TO,2023-05-30,0.022
ZFS.TO,2023-06-28,0.022
ZFS.TO,2023-07-27,0.022
ZFS.TO,2023-08-29,0.022
ZFS.TO,2023-09-27,0.022
ZFS.TO,2023-10-27,0.022
ZFS.TO,2023-11-28,0.022
ZFS.TO,2023-12-27,0.022
ZFS.TO,2024-01-29,0.022
ZFS.TO,2024-02-27,0.022
ZFS.TO,2024-03-27,0.022
ZFS.TO,2024-04-26,0.022
ZFS.TO,2024-05-30,0.022
ZFS.TO,2024-06-27,0.025
ZFS.TO,2024-07-30,0.025
ZFS.TO,2024-08-29,0.025
ZFS.TO,2024-09-27,0.025
ZFS.TO,2024-10-30,0.025
ZFS.TO,2024-11-27,0.025
ZFS.TO,2024-12-30,0.025
ZFS.TO,2025-01-30,0.025
ZFS.TO,2025-02-27,0.025
ZFS.TO,2025-03-28,0.025
ZFS.TO,2025-04-29,0.025
ZFS.TO,2025-05-29,0.025
ZFS.TO,2025-06-27,0.03
ZFS.TO,2025-07-30,0.03
ZFS.TO,2025-08-28,0.03
ZFS.TO,2025-09-29,0.03
ZFS.TO,2025-10-30,0.03
ZFS.TO,2025-11-26,0.03
ZGB.TO,2018-12-27,0.31
ZGB.TO,2019-03-27,0.31
ZGB.TO,2019-06-26,0.31
ZGB.TO,2019-09-26,0.31
ZGB.TO,2019-12-27,0.32
ZGB.TO,2020-03-27,0.31
ZGB.TO,2020-06-26,0.31
ZGB.TO,2020-09-28,0.31
ZGB.TO,2020-12-29,0.31
ZGB.TO,2021-03-29,0.31
ZGB.TO,2021-06-28,0.31
ZGB.TO,2021-09-28,0.31
ZGB.TO,2021-12-29,0.31
ZGB.TO,2022-03-29,0.31
ZGB.TO,2022-06-28,0.31
ZGB.TO,2022-09-28,0.31
ZGB.TO,2022-12-28,0.3
ZGB.TO,2023-03-29,0.31
ZGB.TO,2023-06-28,0.31
ZGB.TO,2023-09-27,0.31
ZGB.TO,2023-12-27,0.31
ZGB.TO,2024-03-27,0.3
ZGB.TO,2024-06-27,0.3
ZGB.TO,2024-09-27,0.32
ZGB.TO,2024-12-30,0.32
ZGB.TO,2025-03-28,0.32
ZGB.TO,2025-06-27,0.32
ZGB.TO,2025-09-29,0.32
ZGD.TO,2012-12-24,0.01
ZGD.TO,2013-12-24,0.35
ZGD.TO,2014-12-24,0.125
ZGD.TO,2015-12-24,0.15
ZGD.TO,2016-12-23,0.125
ZGD.TO,2020-12-29,0.13
ZGD.TO,2021-12-29,0.265
ZGD.TO,2022-12-28,0.52
ZGD.TO,2023-12-27,0.56
ZGD.TO,2024-12-30,0.6
ZGI.TO,2010-03-26,0.077
ZGI.TO,2010-06-25,0.093
ZGI.TO,2010-09-27,0.119
ZGI.TO,2010-12-24,0.095
ZGI.TO,2011-03-28,0.097
ZGI.TO,2011-06-27,0.122
ZGI.TO,2011-09-27,0.141
ZGI.TO,2011-12-23,0.121
ZGI.TO,2012-03-27,0.121
ZGI.TO,2012-06-26,0.135
ZGI.TO,2012-09-25,0.145
ZGI.TO,2012-12-24,0.135
ZGI.TO,2013-03-25,0.145
ZGI.TO,2013-06-25,0.155
ZGI.TO,2013-09-25,0.145
ZGI.TO,2013-12-24,0.145
ZGI.TO,2014-03-26,0.145
ZGI.TO,2014-06-25,0.145
ZGI.TO,2014-09-25,0.145
ZGI.TO,2014-12-24,0.165
ZGI.TO,2015-03-26,0.2
ZGI.TO,2015-06-25,0.22
ZGI.TO,2015-09-25,0.24
ZGI.TO,2015-12-24,0.24
ZGI.TO,2016-03-28,0.24
ZGI.TO,2016-06-27,0.22
ZGI.TO,2016-09-27,0.22
ZGI.TO,2016-12-23,0.22
ZGI.TO,2017-03-28,0.21
ZGI.TO,2017-06-27,0.22
ZGI.TO,2017-09-27,0.22
ZGI.TO,2017-12-27,0.25
ZGI.TO,2018-03-27,0.22
ZGI.TO,2018-06-27,0.24
ZGI.TO,2018-09-26,0.24
ZGI.TO,2018-12-27,0.3
ZGI.TO,2019-03-27,0.25
ZGI.TO,2019-06-26,0.25
ZGI.TO,2019-09-26,0.27
ZGI.TO,2019-12-27,0.39
ZGI.TO,2020-03-27,0.33
ZGI.TO,2020-06-26,0.33
ZGI.TO,2020-09-28,0.33
ZGI.TO,2020-12-29,0.33
ZGI.TO,2021-03-29,0.33
ZGI.TO,2021-06-28,0.33
ZGI.TO,2021-09-28,0.33
ZGI.TO,2021-12-29,0.33
ZGI.TO,2022-03-29,0.33
ZGI.TO,2022-06-28,0.33
ZGI.TO,2022-09-28,0.33
ZGI.TO,2022-12-28,0.33
ZGI.TO,2023-03-29,0.35
ZGI.TO,2023-06-28,0.35
ZGI.TO,2023-09-27,0.35
ZGI.TO,2023-12-27,0.35
ZGI.TO,2024-03-27,0.35
ZGI.TO,2024-06-27,0.35
ZGI.TO,2024-09-27,0.37
ZGI.TO,2024-12-30,0.37
ZGI.TO,2025-03-28,0.37
ZGI.TO,2025-06-27,0.35
ZGI.TO,2025-09-29,0.34
ZGQ.TO,2014-12-24,0.04
ZGQ.TO,2015-03-26,0.065
ZGQ.TO,2015-06-25,0.065
ZGQ.TO,2016-03-28,0.07
ZGQ.TO,2016-06-27,0.07
ZGQ.TO,2016-09-27,0.07
ZGQ.TO,2016-12-23,0.07
ZGQ.TO,2017-03-28,0.078
ZGQ.TO,2017-06-27,0.078
ZGQ.TO,2017-09-27,0.078
ZGQ.TO,2017-12-27,0.1
ZGQ.TO,2018-03-27,0.09
ZGQ.TO,2018-06-27,0.09
ZGQ.TO,2018-09-26,0.09
ZGQ.TO,2018-12-27,0.185
ZGQ.TO,2019-03-27,0.09
ZGQ.TO,2019-06-26,0.09
ZGQ.TO,2019-09-26,0.09
ZGQ.TO,2019-12-27,0.15
ZGQ.TO,2020-03-27,0.11
ZGQ.TO,2020-06-26,0.11
ZGQ.TO,2020-09-28,0.11
ZGQ.TO,2020-12-29,0.13
ZGQ.TO,2021-03-29,0.12
ZGQ.TO,2021-06-28,0.12
ZGQ.TO,2021-09-28,0.12
ZGQ.TO,2021-12-29,0.12
ZGQ.TO,2022-03-29,0.14
ZGQ.TO,2022-06-28,0.14
ZGQ.TO,2022-09-28,0.16
ZGQ.TO,2022-12-28,0.16
ZGQ.TO,2023-03-29,0.19
ZGQ.TO,2023-06-28,0.19
ZGQ.TO,2023-09-27,0.19
ZGQ.TO,2023-12-27,0.19
ZGQ.TO,2024-03-27,0.19
ZGQ.TO,2024-06-27,0.17
ZGQ.TO,2024-09-27,0.15
ZGQ.TO,2024-12-30,0.15
ZGQ.TO,2025-03-28,0.15
ZGQ.TO,2025-06-27,0.12
ZGQ.TO,2025-09-29,0.1
ZGRN.TO,2022-03-29,0.11
ZGRN.TO,2022-06-28,0.13
ZGRN.TO,2022-09-28,0.13
ZGRN.TO,2022-12-28,0.24
ZGRN.TO,2023-03-29,0.13
ZGRN.TO,2023-06-28,0.13
ZGRN.TO,2023-09-27,0.13
ZGRN.TO,2023-12-27,0.13
ZGRN.TO,2024-03-27,0.13
ZGRN.TO,2024-06-27,0.13
ZGRN.TO,2024-09-27,0.13
ZGRN.TO,2024-12-30,0.13
ZGRN.TO,2025-03-28,0.13
ZGRN.TO,2025-06-27,0.11
ZGRN.TO,2025-09-29,0.11
ZGRO.TO,2019-03-27,0.06
ZGRO.TO,2019-06-26,0.06
ZGRO.TO,2019-09-26,0.06
ZGRO.TO,2019-12-27,0.073333
ZGRO.TO,2020-03-27,0.073333
ZGRO.TO,2020-06-26,0.073333
ZGRO.TO,2020-09-28,0.073333
ZGRO.TO,2020-12-29,0.073333
ZGRO.TO,2021-03-29,0.073333
ZGRO.TO,2021-06-28,0.073333
ZGRO.TO,2021-09-28,0.073333
ZGRO.TO,2021-12-29,0.073333
ZGRO.TO,2022-03-29,0.073333
ZGRO.TO,2022-06-28,0.073333
ZGRO.TO,2022-09-28,0.073333
ZGRO.TO,2022-12-28,0.073333
ZGRO.TO,2023-03-29,0.073333
ZGRO.TO,2023-06-28,0.073333
ZGRO.TO,2023-09-27,0.073333
ZGRO.TO,2023-12-27,0.073333
ZGRO.TO,2024-03-27,0.073333
ZGRO.TO,2024-06-27,0.073333
ZGRO.TO,2024-09-27,0.073333
ZGRO.TO,2024-12-30,0.073333
ZGRO.TO,2025-03-28,0.073333
ZGRO.TO,2025-06-27,0.073333
ZGRO.TO,2025-09-29,0.075
ZGSB.TO,2018-06-27,0.2
ZGSB.TO,2018-09-26,0.28
ZGSB.TO,2018-12-27,0.28
ZGSB.TO,2019-03-27,0.28
ZGSB.TO,2019-06-26,0.28
ZGSB.TO,2019-09-26,0.3
ZGSB.TO,2019-12-27,0.35
ZGSB.TO,2020-03-27,0.3
ZGSB.TO,2020-06-26,0.3
ZGSB.TO,2020-09-28,0.3
ZGSB.TO,2020-12-29,0.35
ZGSB.TO,2021-03-29,0.3
ZGSB.TO,2021-06-28,0.3
ZGSB.TO,2021-09-28,0.3
ZGSB.TO,2021-12-29,0.3
ZGSB.TO,2022-03-29,0.3
ZGSB.TO,2022-06-28,0.3
ZGSB.TO,2022-09-28,0.3
ZGSB.TO,2022-12-28,0.3
ZGSB.TO,2023-03-29,0.3
ZGSB.TO,2023-06-28,0.3
ZGSB.TO,2023-09-27,0.3
ZGSB.TO,2023-12-27,0.3
ZGSB.TO,2024-03-27,0.3
ZGSB.TO,2024-06-27,0.3
ZGSB.TO,2024-09-27,0.3
ZGSB.TO,2024-12-30,0.3
ZGSB.TO,2025-03-28,0.3
ZGSB.TO,2025-06-27,0.3
ZGSB.TO,2025-09-29,0.3
ZHP.TO,2017-02-23,0.105
ZHP.TO,2017-03-28,0.105
ZHP.TO,2017-04-25,0.105
ZHP.TO,2017-05-26,0.105
ZHP.TO,2017-06-27,0.105
ZHP.TO,2017-07-26,0.105
ZHP.TO,2017-08-28,0.105
ZHP.TO,2017-09-27,0.105
ZHP.TO,2017-10-27,0.105
ZHP.TO,2017-11-28,0.105
ZHP.TO,2017-12-27,0.105
ZHP.TO,2018-01-29,0.105
ZHP.TO,2018-02-26,0.105
ZHP.TO,2018-03-27,0.105
ZHP.TO,2018-04-26,0.105
ZHP.TO,2018-05-29,0.105
ZHP.TO,2018-06-27,0.105
ZHP.TO,2018-07-27,0.105
ZHP.TO,2018-08-29,0.105
ZHP.TO,2018-09-26,0.105
ZHP.TO,2018-10-29,0.105
ZHP.TO,2018-11-28,0.105
ZHP.TO,2018-12-27,0.105
ZHP.TO,2019-01-29,0.105
ZHP.TO,2019-02-26,0.105
ZHP.TO,2019-03-27,0.105
ZHP.TO,2019-04-26,0.105
ZHP.TO,2019-05-29,0.105
ZHP.TO,2019-06-26,0.105
ZHP.TO,2019-07-29,0.105
ZHP.TO,2019-08-28,0.105
ZHP.TO,2019-09-26,0.105
ZHP.TO,2019-10-29,0.105
ZHP.TO,2019-11-27,0.105
ZHP.TO,2019-12-27,0.15
ZHP.TO,2020-01-29,0.11
ZHP.TO,2020-02-26,0.15
ZHP.TO,2020-03-27,0.11
ZHP.TO,2020-04-28,0.11
ZHP.TO,2020-05-27,0.11
ZHP.TO,2020-06-26,0.11
ZHP.TO,2020-07-29,0.11
ZHP.TO,2020-08-27,0.11
ZHP.TO,2020-09-28,0.11
ZHP.TO,2020-10-28,0.11
ZHP.TO,2020-11-27,0.11
ZHP.TO,2020-12-29,0.13
ZHP.TO,2021-01-27,0.11
ZHP.TO,2021-02-24,0.11
ZHP.TO,2021-03-29,0.11
ZHP.TO,2021-04-28,0.11
ZHP.TO,2021-05-26,0.11
ZHP.TO,2021-06-28,0.11
ZHP.TO,2021-07-28,0.11
ZHP.TO,2021-08-27,0.11
ZHP.TO,2021-09-28,0.11
ZHP.TO,2021-10-27,0.11
ZHP.TO,2021-11-26,0.11
ZHP.TO,2021-12-29,0.11
ZHP.TO,2022-01-27,0.11
ZHP.TO,2022-02-24,0.11
ZHP.TO,2022-03-29,0.11
ZHP.TO,2022-04-27,0.11
ZHP.TO,2022-05-27,0.11
ZHP.TO,2022-06-28,0.11
ZHP.TO,2022-07-27,0.11
ZHP.TO,2022-08-29,0.11
ZHP.TO,2022-09-28,0.1
ZHP.TO,2022-10-27,0.1
ZHP.TO,2022-11-28,0.1
ZHP.TO,2022-12-28,0.1
ZHP.TO,2023-01-27,0.11
ZHP.TO,2023-02-24,0.11
ZHP.TO,2023-03-29,0.11
ZHP.TO,2023-04-26,0.11
ZHP.TO,2023-05-30,0.105
ZHP.TO,2023-06-28,0.105
ZHP.TO,2023-07-27,0.105
ZHP.TO,2023-08-29,0.105
ZHP.TO,2023-09-27,0.105
ZHP.TO,2023-10-27,0.105
ZHP.TO,2023-11-28,0.105
ZHP.TO,2023-12-27,0.105
ZHP.TO,2024-01-29,0.097
ZHP.TO,2024-02-27,0.097
ZHP.TO,2024-03-27,0.097
ZHP.TO,2024-04-26,0.097
ZHP.TO,2024-05-30,0.097
ZHP.TO,2024-06-27,0.097
ZHP.TO,2024-07-30,0.097
ZHP.TO,2024-08-29,0.097
ZHP.TO,2024-09-27,0.09
ZHP.TO,2024-10-30,0.09
ZHP.TO,2024-11-27,0.09
ZHP.TO,2024-12-30,0.09
ZHP.TO,2025-01-30,0.09
ZHP.TO,2025-02-27,0.09
ZHP.TO,2025-03-28,0.09
ZHP.TO,2025-04-29,0.09
ZHP.TO,2025-05-29,0.09
ZHP.TO,2025-06-27,0.09
ZHP.TO,2025-07-30,0.09
ZHP.TO,2025-08-28,0.09
ZHP.TO,2025-09-29,0.09
ZHP.TO,2025-10-30,0.09
ZHP.TO,2025-11-26,0.09
ZHU.TO,2019-12-27,0.06
ZHU.TO,2020-12-29,0.15
ZHU.TO,2021-12-29,0.06
ZHU.TO,2022-12-28,0.18
ZHU.TO,2023-12-27,0.4
ZHU.TO,2024-12-30,0.25
ZHY.TO,2010-06-25,0.35
ZHY.TO,2010-09-27,0.324
ZHY.TO,2010-12-24,0.309
ZHY.TO,2011-01-26,0.108
ZHY.TO,2011-02-23,0.108
ZHY.TO,2011-03-28,0.108
ZHY.TO,2011-04-26,0.106
ZHY.TO,2011-05-26,0.106
ZHY.TO,2011-06-27,0.106
ZHY.TO,2011-07-26,0.104
ZHY.TO,2011-08-26,0.104
ZHY.TO,2011-09-27,0.104
ZHY.TO,2011-10-26,0.101
ZHY.TO,2011-11-25,0.101
ZHY.TO,2011-12-23,0.098
ZHY.TO,2012-01-26,0.098
ZHY.TO,2012-02-24,0.098
ZHY.TO,2012-03-27,0.098
ZHY.TO,2012-04-25,0.098
ZHY.TO,2012-05-28,0.098
ZHY.TO,2012-06-26,0.096
ZHY.TO,2012-07-26,0.096
ZHY.TO,2012-08-28,0.096
ZHY.TO,2012-09-25,0.092
ZHY.TO,2012-10-26,0.09
ZHY.TO,2012-11-27,0.09
ZHY.TO,2012-12-24,0.09
ZHY.TO,2013-01-28,0.087
ZHY.TO,2013-02-25,0.087
ZHY.TO,2013-03-25,0.087
ZHY.TO,2013-04-25,0.087
ZHY.TO,2013-05-28,0.087
ZHY.TO,2013-06-25,0.084
ZHY.TO,2013-07-26,0.084
ZHY.TO,2013-08-27,0.084
ZHY.TO,2013-09-25,0.084
ZHY.TO,2013-10-28,0.084
ZHY.TO,2013-11-26,0.084
ZHY.TO,2013-12-24,0.11
ZHY.TO,2014-01-28,0.081
ZHY.TO,2014-02-25,0.081
ZHY.TO,2014-03-26,0.081
ZHY.TO,2014-04-25,0.081
ZHY.TO,2014-05-27,0.081
ZHY.TO,2014-06-25,0.079
ZHY.TO,2014-07-28,0.079
ZHY.TO,2014-08-26,0.079
ZHY.TO,2014-09-25,0.076
ZHY.TO,2014-10-28,0.076
ZHY.TO,2014-11-24,0.076
ZHY.TO,2014-12-24,0.1
ZHY.TO,2015-01-27,0.076
ZHY.TO,2015-02-24,0.076
ZHY.TO,2015-03-26,0.076
ZHY.TO,2015-04-27,0.076
ZHY.TO,2015-05-26,0.076
ZHY.TO,2015-06-25,0.076
ZHY.TO,2015-07-28,0.076
ZHY.TO,2015-08-26,0.076
ZHY.TO,2015-09-25,0.076
ZHY.TO,2015-10-27,0.076
ZHY.TO,2015-11-25,0.086
ZHY.TO,2015-12-24,0.11
ZHY.TO,2016-01-26,0.07
ZHY.TO,2016-02-24,0.07
ZHY.TO,2016-03-28,0.07
ZHY.TO,2016-04-26,0.07
ZHY.TO,2016-05-24,0.07
ZHY.TO,2016-05-26,0.07
ZHY.TO,2016-06-27,0.07
ZHY.TO,2016-07-26,0.07
ZHY.TO,2016-08-26,0.07
ZHY.TO,2016-09-27,0.068
ZHY.TO,2016-10-26,0.068
ZHY.TO,2016-11-25,0.069
ZHY.TO,2016-12-23,0.077
ZHY.TO,2017-01-26,0.067
ZHY.TO,2017-02-23,0.067
ZHY.TO,2017-03-28,0.067
ZHY.TO,2017-04-25,0.067
ZHY.TO,2017-05-26,0.067
ZHY.TO,2017-06-27,0.065
ZHY.TO,2017-07-26,0.065
ZHY.TO,2017-08-28,0.065
ZHY.TO,2017-09-27,0.065
ZHY.TO,2017-10-27,0.065
ZHY.TO,2017-11-28,0.09
ZHY.TO,2017-12-27,0.12
ZHY.TO,2018-01-29,0.065
ZHY.TO,2018-02-26,0.065
ZHY.TO,2018-03-27,0.065
ZHY.TO,2018-04-26,0.065
ZHY.TO,2018-05-29,0.065
ZHY.TO,2018-06-27,0.063
ZHY.TO,2018-07-27,0.063
ZHY.TO,2018-08-29,0.063
ZHY.TO,2018-09-26,0.063
ZHY.TO,2018-10-29,0.063
ZHY.TO,2018-11-28,0.063
ZHY.TO,2018-12-27,0.105
ZHY.TO,2019-01-29,0.067
ZHY.TO,2019-02-26,0.067
ZHY.TO,2019-03-27,0.067
ZHY.TO,2019-04-26,0.067
ZHY.TO,2019-05-29,0.07
ZHY.TO,2019-06-26,0.07
ZHY.TO,2019-07-29,0.07
ZHY.TO,2019-08-28,0.07
ZHY.TO,2019-09-26,0.07
ZHY.TO,2019-10-29,0.07
ZHY.TO,2019-11-27,0.085
ZHY.TO,2019-12-27,0.12
ZHY.TO,2020-01-29,0.065
ZHY.TO,2020-02-26,0.12
ZHY.TO,2020-03-27,0.065
ZHY.TO,2020-04-28,0.065
ZHY.TO,2020-05-27,0.065
ZHY.TO,2020-06-26,0.065
ZHY.TO,2020-07-29,0.065
ZHY.TO,2020-08-27,0.06
ZHY.TO,2020-09-28,0.06
ZHY.TO,2020-10-28,0.06
ZHY.TO,2020-11-27,0.06
ZHY.TO,2020-12-29,0.06
ZHY.TO,2021-01-27,0.06
ZHY.TO,2021-02-24,0.06
ZHY.TO,2021-03-29,0.06
ZHY.TO,2021-04-28,0.06
ZHY.TO,2021-05-26,0.06
ZHY.TO,2021-06-28,0.06
ZHY.TO,2021-07-28,0.06
ZHY.TO,2021-08-27,0.06
ZHY.TO,2021-09-28,0.06
ZHY.TO,2021-10-27,0.06
ZHY.TO,2021-11-26,0.06
ZHY.TO,2021-12-29,0.06
ZHY.TO,2022-01-27,0.06
ZHY.TO,2022-02-24,0.06
ZHY.TO,2022-03-29,0.06
ZHY.TO,2022-04-27,0.06
ZHY.TO,2022-05-27,0.06
ZHY.TO,2022-06-28,0.06
ZHY.TO,2022-07-27,0.06
ZHY.TO,2022-08-29,0.06
ZHY.TO,2022-09-28,0.06
ZHY.TO,2022-10-27,0.06
ZHY.TO,2022-11-28,0.06
ZHY.TO,2022-12-28,0.06
ZHY.TO,2023-01-27,0.06
ZHY.TO,2023-02-24,0.06
ZHY.TO,2023-03-29,0.06
ZHY.TO,2023-04-26,0.06
ZHY.TO,2023-05-30,0.06
ZHY.TO,2023-06-28,0.06
ZHY.TO,2023-07-27,0.06
ZHY.TO,2023-08-29,0.06
ZHY.TO,2023-09-27,0.06
ZHY.TO,2023-10-27,0.06
ZHY.TO,2023-11-28,0.06
ZHY.TO,2023-12-27,0.06
ZHY.TO,2024-01-29,0.06
ZHY.TO,2024-02-27,0.06
ZHY.TO,2024-03-27,0.06
ZHY.TO,2024-04-26,0.056
ZHY.TO,2024-05-30,0.056
ZHY.TO,2024-06-27,0.056
ZHY.TO,2024-07-30,0.056
ZHY.TO,2024-08-29,0.056
ZHY.TO,2024-09-27,0.056
ZHY.TO,2024-10-30,0.056
ZHY.TO,2024-11-27,0.056
ZHY.TO,2024-12-30,0.056
ZHY.TO,2025-01-30,0.056
ZHY.TO,2025-02-27,0.056
ZHY.TO,2025-03-28,0.056
ZHY.TO,2025-04-29,0.056
ZHY.TO,2025-05-29,0.056
ZHY.TO,2025-06-27,0.056
ZHY.TO,2025-07-30,0.056
ZHY.TO,2025-08-28,0.056
ZHY.TO,2025-09-29,0.056
ZHY.TO,2025-10-30,0.059
ZHY.TO,2025-11-26,0.059
ZIC.TO,2013-04-25,0.048
ZIC.TO,2013-05-28,0.048
ZIC.TO,2013-06-25,0.045
ZIC.TO,2013-07-26,0.045
ZIC.TO,2013-08-27,0.045
ZIC.TO,2013-09-25,0.045
ZIC.TO,2013-10-28,0.045
ZIC.TO,2013-11-26,0.045
ZIC.TO,2013-12-24,0.045
ZIC.TO,2014-01-28,0.048
ZIC.TO,2014-02-25,0.048
ZIC.TO,2014-03-26,0.048
ZIC.TO,2014-04-25,0.048
ZIC.TO,2014-05-27,0.048
ZIC.TO,2014-06-25,0.048
ZIC.TO,2014-07-28,0.048
ZIC.TO,2014-08-26,0.048
ZIC.TO,2014-09-25,0.046
ZIC.TO,2014-10-28,0.046
ZIC.TO,2014-11-24,0.046
ZIC.TO,2014-12-24,0.046
ZIC.TO,2015-01-27,0.048
ZIC.TO,2015-02-24,0.048
ZIC.TO,2015-03-26,0.048
ZIC.TO,2015-04-27,0.05
ZIC.TO,2015-05-26,0.05
ZIC.TO,2015-06-25,0.048
ZIC.TO,2015-07-28,0.048
ZIC.TO,2015-08-26,0.048
ZIC.TO,2015-09-25,0.05
ZIC.TO,2015-10-27,0.05
ZIC.TO,2015-11-25,0.055
ZIC.TO,2015-12-24,0.055
ZIC.TO,2016-01-26,0.055
ZIC.TO,2016-02-24,0.055
ZIC.TO,2016-04-26,0.052
ZIC.TO,2016-05-24,0.052
ZIC.TO,2016-05-26,0.052
ZIC.TO,2016-06-27,0.051
ZIC.TO,2016-07-26,0.051
ZIC.TO,2016-08-26,0.051
ZIC.TO,2016-09-27,0.051
ZIC.TO,2016-10-26,0.051
ZIC.TO,2016-11-25,0.051
ZIC.TO,2016-12-23,0.051
ZIC.TO,2017-01-26,0.051
ZIC.TO,2017-02-23,0.051
ZIC.TO,2017-03-28,0.051
ZIC.TO,2017-04-25,0.051
ZIC.TO,2017-05-26,0.051
ZIC.TO,2017-06-27,0.051
ZIC.TO,2017-07-26,0.051
ZIC.TO,2017-08-28,0.051
ZIC.TO,2017-09-27,0.048
ZIC.TO,2017-10-27,0.048
ZIC.TO,2017-11-28,0.048
ZIC.TO,2017-12-27,0.05
ZIC.TO,2018-01-29,0.048
ZIC.TO,2018-02-26,0.048
ZIC.TO,2018-03-27,0.05
ZIC.TO,2018-04-26,0.05
ZIC.TO,2018-05-29,0.05
ZIC.TO,2018-06-27,0.05
ZIC.TO,2018-07-27,0.05
ZIC.TO,2018-08-29,0.05
ZIC.TO,2018-09-26,0.05
ZIC.TO,2018-10-29,0.05
ZIC.TO,2018-11-28,0.053
ZIC.TO,2018-12-27,0.094
ZIC.TO,2019-01-29,0.058
ZIC.TO,2019-02-26,0.058
ZIC.TO,2019-03-27,0.058
ZIC.TO,2019-04-26,0.058
ZIC.TO,2019-05-29,0.058
ZIC.TO,2019-06-26,0.058
ZIC.TO,2019-07-29,0.058
ZIC.TO,2019-08-28,0.058
ZIC.TO,2019-09-26,0.058
ZIC.TO,2019-10-29,0.058
ZIC.TO,2019-11-27,0.058
ZIC.TO,2019-12-27,0.058
ZIC.TO,2020-01-29,0.058
ZIC.TO,2020-02-26,0.058
ZIC.TO,2020-03-27,0.058
ZIC.TO,2020-04-28,0.058
ZIC.TO,2020-05-27,0.058
ZIC.TO,2020-06-26,0.058
ZIC.TO,2020-07-29,0.058
ZIC.TO,2020-08-27,0.058
ZIC.TO,2020-09-28,0.058
ZIC.TO,2020-10-28,0.058
ZIC.TO,2020-11-27,0.058
ZIC.TO,2020-12-29,0.058
ZIC.TO,2021-01-27,0.058
ZIC.TO,2021-02-24,0.058
ZIC.TO,2021-03-29,0.058
ZIC.TO,2021-04-28,0.058
ZIC.TO,2021-05-26,0.058
ZIC.TO,2021-06-28,0.055
ZIC.TO,2021-07-28,0.055
ZIC.TO,2021-08-27,0.055
ZIC.TO,2021-09-28,0.055
ZIC.TO,2021-10-27,0.055
ZIC.TO,2021-11-26,0.055
ZIC.TO,2021-12-29,0.055
ZIC.TO,2022-01-27,0.055
ZIC.TO,2022-02-24,0.055
ZIC.TO,2022-03-29,0.055
ZIC.TO,2022-04-27,0.055
ZIC.TO,2022-05-27,0.055
ZIC.TO,2022-06-28,0.055
ZIC.TO,2022-07-27,0.055
ZIC.TO,2022-08-29,0.055
ZIC.TO,2022-09-28,0.055
ZIC.TO,2022-10-27,0.055
ZIC.TO,2022-11-28,0.055
ZIC.TO,2022-12-28,0.055
ZIC.TO,2023-01-27,0.055
ZIC.TO,2023-02-24,0.055
ZIC.TO,2023-03-29,0.055
ZIC.TO,2023-04-26,0.055
ZIC.TO,2023-05-30,0.055
ZIC.TO,2023-06-28,0.055
ZIC.TO,2023-07-27,0.055
ZIC.TO,2023-08-29,0.055
ZIC.TO,2023-09-27,0.055
ZIC.TO,2023-10-27,0.055
ZIC.TO,2023-11-28,0.055
ZIC.TO,2023-12-27,0.055
ZIC.TO,2024-01-29,0.055
ZIC.TO,2024-02-27,0.055
ZIC.TO,2024-03-27,0.055
ZIC.TO,2024-04-26,0.061
ZIC.TO,2024-05-30,0.061
ZIC.TO,2024-06-27,0.059
ZIC.TO,2024-07-30,0.059
ZIC.TO,2024-08-29,0.059
ZIC.TO,2024-09-27,0.059
ZIC.TO,2024-10-30,0.059
ZIC.TO,2024-11-27,0.059
ZIC.TO,2024-12-30,0.059
ZIC.TO,2025-01-30,0.059
ZIC.TO,2025-02-27,0.059
ZIC.TO,2025-03-28,0.059
ZIC.TO,2025-04-29,0.059
ZIC.TO,2025-05-29,0.059
ZIC.TO,2025-06-27,0.061
ZIC.TO,2025-07-30,0.061
ZIC.TO,2025-08-28,0.061
ZIC.TO,2025-09-29,0.061
ZIC.TO,2025-10-30,0.069
ZIC.TO,2025-11-26,0.069
ZID.TO,2010-12-24,0.134
ZID.TO,2011-12-23,0.087
ZID.TO,2012-12-24,0.063
ZID.TO,2013-12-24,0.075
ZID.TO,2014-12-24,0.039
ZID.TO,2015-12-24,0.12
ZID.TO,2016-12-23,0.09
ZID.TO,2017-12-27,0.093
ZID.TO,2018-12-27,0.195
ZID.TO,2019-12-27,0.03
ZID.TO,2020-12-29,0.035
ZID.TO,2021-12-29,0.5
ZID.TO,2022-12-28,0.11
ZID.TO,2023-12-27,0.5
ZID.TO,2024-12-30,0.143
ZIN.TO,2012-12-24,0.01
ZIN.TO,2013-03-25,0.095
ZIN.TO,2013-06-25,0.095
ZIN.TO,2013-09-25,0.115
ZIN.TO,2013-12-24,0.115
ZIN.TO,2014-03-26,0.1
ZIN.TO,2014-06-25,0.1
ZIN.TO,2014-09-25,0.1
ZIN.TO,2014-12-24,0.1
ZIN.TO,2015-03-26,0.1
ZIN.TO,2015-06-25,0.1
ZIN.TO,2015-09-25,0.1
ZIN.TO,2015-12-24,0.1
ZIN.TO,2016-06-27,0.08
ZIN.TO,2016-09-27,0.08
ZIN.TO,2016-12-23,0.08
ZIN.TO,2017-03-28,0.08
ZIN.TO,2017-06-27,0.08
ZIN.TO,2017-09-27,0.09
ZIN.TO,2017-12-27,0.11
ZIN.TO,2018-03-27,0.095
ZIN.TO,2018-06-27,0.1
ZIN.TO,2018-09-26,0.1
ZIN.TO,2018-12-27,0.15
ZIN.TO,2019-03-27,0.12
ZIN.TO,2019-06-26,0.12
ZIN.TO,2019-09-26,0.13
ZIN.TO,2019-12-27,0.31
ZIN.TO,2020-03-27,0.16
ZIN.TO,2020-06-26,0.16
ZIN.TO,2020-09-28,0.16
ZIN.TO,2020-12-29,0.16
ZIN.TO,2021-03-29,0.16
ZIN.TO,2021-06-28,0.16
ZIN.TO,2021-09-28,0.16
ZIN.TO,2021-12-29,0.17
ZIN.TO,2022-03-29,0.16
ZIN.TO,2022-06-28,0.16
ZIN.TO,2022-09-28,0.16
ZIN.TO,2022-12-28,0.16
ZIN.TO,2023-03-29,0.16
ZIN.TO,2023-06-28,0.155
ZIN.TO,2023-09-27,0.155
ZIN.TO,2023-12-27,0.155
ZIN.TO,2024-03-27,0.155
ZIN.TO,2024-06-27,0.15
ZIN.TO,2024-09-27,0.15
ZIN.TO,2024-12-30,0.15
ZIN.TO,2025-03-28,0.15
ZIN.TO,2025-06-27,0.15
ZIN.TO,2025-09-29,0.15
ZIQ.TO,2024-12-30,0.022
ZIQ.TO,2025-03-28,0.11
ZIQ.TO,2025-06-27,0.12
ZIQ.TO,2025-09-29,0.13
ZIU.TO,2023-12-27,0.38
ZIU.TO,2024-03-27,0.38
ZIU.TO,2024-06-27,0.38
ZIU.TO,2024-09-27,0.39
ZIU.TO,2024-12-30,0.39
ZIU.TO,2025-03-28,0.39
ZIU.TO,2025-06-27,0.4
ZIU.TO,2025-09-29,0.42
ZJG.TO,2021-12-29,0.23
ZJG.TO,2022-12-28,0.53
ZJG.TO,2023-12-27,0.601
ZJG.TO,2024-12-30,0.619
ZJK.TO,2018-01-29,0.08862
ZJK.TO,2018-02-26,0.08862
ZJK.TO,2018-03-27,0.090634
ZJK.TO,2018-04-26,0.090634
ZJK.TO,2018-05-29,0.090634
ZJK.TO,2018-06-27,0.090634
ZJK.TO,2018-07-27,0.090634
ZJK.TO,2018-08-29,0.090634
ZJK.TO,2018-09-26,0.090634
ZJK.TO,2018-10-29,0.090634
ZJK.TO,2018-11-28,0.090634
ZJK.TO,2018-12-27,0.09
ZJK.TO,2019-01-29,0.1
ZJK.TO,2019-02-26,0.1
ZJK.TO,2019-03-27,0.1
ZJK.TO,2019-04-26,0.1
ZJK.TO,2019-05-29,0.105
ZJK.TO,2019-06-26,0.105
ZJK.TO,2019-07-29,0.105
ZJK.TO,2019-08-28,0.105
ZJK.TO,2019-09-26,0.105
ZJK.TO,2019-10-29,0.105
ZJK.TO,2019-11-27,0.125
ZJK.TO,2019-12-27,0.125
ZJK.TO,2020-01-29,0.095
ZJK.TO,2020-02-26,0.125
ZJK.TO,2020-03-27,0.095
ZJK.TO,2020-04-28,0.095
ZJK.TO,2020-05-27,0.095
ZJK.TO,2020-06-26,0.095
ZJK.TO,2020-07-29,0.095
ZJK.TO,2020-08-27,0.095
ZJK.TO,2020-09-28,0.095
ZJK.TO,2020-10-28,0.095
ZJK.TO,2020-11-27,0.095
ZJK.TO,2020-12-29,0.095
ZJK.TO,2021-01-27,0.09
ZJK.TO,2021-02-24,0.09
ZJK.TO,2021-03-29,0.09
ZJK.TO,2021-04-28,0.09
ZJK.TO,2021-05-26,0.09
ZJK.TO,2021-06-28,0.09
ZJK.TO,2021-07-28,0.09
ZJK.TO,2021-08-27,0.09
ZJK.TO,2021-09-28,0.09
ZJK.TO,2021-10-27,0.09
ZJK.TO,2021-11-26,0.09
ZJK.TO,2021-12-29,0.09
ZJK.TO,2022-01-27,0.09
ZJK.TO,2022-02-24,0.09
ZJK.TO,2022-03-29,0.09
ZJK.TO,2022-04-27,0.09
ZJK.TO,2022-05-27,0.09
ZJK.TO,2022-06-28,0.09
ZJK.TO,2022-07-27,0.09
ZJK.TO,2022-08-29,0.09
ZJK.TO,2022-09-28,0.09
ZJK.TO,2022-10-27,0.09
ZJK.TO,2022-11-28,0.09
ZJK.TO,2022-12-28,0.09
ZJK.TO,2023-01-27,0.09
ZJK.TO,2023-02-24,0.09
ZJK.TO,2023-03-29,0.09
ZJK.TO,2023-04-26,0.09
ZJK.TO,2023-05-30,0.09
ZJK.TO,2023-06-28,0.09
ZJK.TO,2023-07-27,0.09
ZJK.TO,2023-08-29,0.09
ZJK.TO,2023-09-27,0.09
ZJK.TO,2023-10-27,0.09
ZJK.TO,2023-11-28,0.09
ZJK.TO,2023-12-27,0.09
ZJK.TO,2024-01-29,0.09
ZJK.TO,2024-02-27,0.09
ZJK.TO,2024-03-27,0.09
ZJK.TO,2024-04-26,0.09
ZJK.TO,2024-05-30,0.09
ZJK.TO,2024-06-27,0.09
ZJK.TO,2024-07-30,0.09
ZJK.TO,2024-08-29,0.09
ZJK.TO,2024-09-27,0.09
ZJK.TO,2024-10-30,0.09
ZJK.TO,2024-11-27,0.09
ZJK.TO,2024-12-30,0.09
ZJK.TO,2025-01-30,0.09
ZJK.TO,2025-02-27,0.09
ZJK.TO,2025-03-28,0.09
ZJK.TO,2025-04-29,0.09
ZJK.TO,2025-05-29,0.09
ZJK.TO,2025-06-27,0.09
ZJK.TO,2025-07-30,0.09
ZJK.TO,2025-08-28,0.09
ZJK.TO,2025-09-29,0.1
ZJK.TO,2025-10-30,0.101
ZJK.TO,2025-11-26,0.101
ZJPN.TO,2022-03-29,0.12
ZJPN.TO,2022-06-28,0.14
ZJPN.TO,2022-09-28,0.14
ZJPN.TO,2022-12-28,0.14
ZJPN.TO,2023-03-29,0.16
ZJPN.TO,2023-06-28,0.16
ZJPN.TO,2023-09-27,0.16
ZJPN.TO,2023-12-27,0.16
ZJPN.TO,2024-03-27,0.16
ZJPN.TO,2024-06-27,0.16
ZJPN.TO,2024-09-27,0.16
ZJPN.TO,2024-12-30,0.16
ZJPN.TO,2025-03-28,0.16
ZJPN.TO,2025-06-27,0.15
ZJPN.TO,2025-09-29,0.15
ZLB.TO,2012-03-27,0.1
ZLB.TO,2012-06-26,0.1
ZLB.TO,2012-09-25,0.11
ZLB.TO,2012-12-24,0.1
ZLB.TO,2013-03-25,0.11
ZLB.TO,2013-06-25,0.11
ZLB.TO,2013-09-25,0.11
ZLB.TO,2013-12-24,0.11
ZLB.TO,2014-03-26,0.12
ZLB.TO,2014-06-25,0.125
ZLB.TO,2014-09-25,0.125
ZLB.TO,2014-12-24,0.125
ZLB.TO,2015-03-26,0.14
ZLB.TO,2015-06-25,0.14
ZLB.TO,2015-09-25,0.16
ZLB.TO,2015-12-24,0.16
ZLB.TO,2016-03-28,0.16
ZLB.TO,2016-06-27,0.17
ZLB.TO,2016-09-27,0.17
ZLB.TO,2016-12-23,0.17
ZLB.TO,2017-03-28,0.185
ZLB.TO,2017-06-27,0.185
ZLB.TO,2017-09-27,0.2
ZLB.TO,2017-12-27,0.2
ZLB.TO,2018-03-27,0.2
ZLB.TO,2018-06-27,0.2
ZLB.TO,2018-09-26,0.2
ZLB.TO,2018-12-27,0.2
ZLB.TO,2019-03-27,0.21
ZLB.TO,2019-06-26,0.21
ZLB.TO,2019-09-26,0.21
ZLB.TO,2019-12-27,0.21
ZLB.TO,2020-03-27,0.24
ZLB.TO,2020-06-26,0.24
ZLB.TO,2020-09-28,0.24
ZLB.TO,2020-12-29,0.24
ZLB.TO,2021-03-29,0.24
ZLB.TO,2021-06-28,0.24
ZLB.TO,2021-09-28,0.24
ZLB.TO,2021-12-29,0.25
ZLB.TO,2022-03-29,0.26
ZLB.TO,2022-06-28,0.26
ZLB.TO,2022-09-28,0.26
ZLB.TO,2022-12-28,0.27
ZLB.TO,2023-03-29,0.28
ZLB.TO,2023-06-28,0.28
ZLB.TO,2023-09-27,0.28
ZLB.TO,2023-12-27,0.28
ZLB.TO,2024-03-27,0.28
ZLB.TO,2024-06-27,0.28
ZLB.TO,2024-09-27,0.28
ZLB.TO,2024-12-30,0.28
ZLB.TO,2025-03-28,0.28
ZLB.TO,2025-06-27,0.28
ZLB.TO,2025-09-29,0.28
ZLC.TO,2010-03-26,0.143
ZLC.TO,2010-06-25,0.23
ZLC.TO,2010-09-27,0.218
ZLC.TO,2010-12-24,0.21
ZLC.TO,2011-01-26,0.072
ZLC.TO,2011-02-23,0.072
ZLC.TO,2011-03-28,0.072
ZLC.TO,2011-04-26,0.071
ZLC.TO,2011-05-26,0.071
ZLC.TO,2011-06-27,0.071
ZLC.TO,2011-07-26,0.07
ZLC.TO,2011-08-26,0.07
ZLC.TO,2011-09-27,0.07
ZLC.TO,2011-10-26,0.069
ZLC.TO,2011-11-25,0.069
ZLC.TO,2011-12-23,0.069
ZLC.TO,2012-01-26,0.068
ZLC.TO,2012-02-24,0.068
ZLC.TO,2012-03-27,0.068
ZLC.TO,2012-04-25,0.068
ZLC.TO,2012-05-28,0.068
ZLC.TO,2012-06-26,0.067
ZLC.TO,2012-07-26,0.067
ZLC.TO,2012-08-28,0.067
ZLC.TO,2012-09-25,0.067
ZLC.TO,2012-10-26,0.067
ZLC.TO,2012-11-27,0.067
ZLC.TO,2012-12-24,0.067
ZLC.TO,2013-01-28,0.067
ZLC.TO,2013-02-25,0.067
ZLC.TO,2013-03-25,0.067
ZLC.TO,2013-04-25,0.067
ZLC.TO,2013-05-28,0.067
ZLC.TO,2013-06-25,0.066
ZLC.TO,2013-07-26,0.066
ZLC.TO,2013-08-27,0.066
ZLC.TO,2013-09-25,0.066
ZLC.TO,2013-10-28,0.066
ZLC.TO,2013-11-26,0.066
ZLC.TO,2013-12-24,0.066
ZLC.TO,2014-01-28,0.066
ZLC.TO,2014-02-25,0.066
ZLC.TO,2014-03-26,0.066
ZLC.TO,2014-04-25,0.066
ZLC.TO,2014-05-27,0.066
ZLC.TO,2014-06-25,0.066
ZLC.TO,2014-07-28,0.066
ZLC.TO,2014-08-26,0.066
ZLC.TO,2014-09-25,0.065
ZLC.TO,2014-10-28,0.065
ZLC.TO,2014-11-24,0.065
ZLC.TO,2014-12-24,0.125
ZLC.TO,2015-01-27,0.065
ZLC.TO,2015-02-24,0.065
ZLC.TO,2015-03-26,0.065
ZLC.TO,2015-04-27,0.065
ZLC.TO,2015-05-26,0.065
ZLC.TO,2015-06-25,0.065
ZLC.TO,2015-07-28,0.065
ZLC.TO,2015-08-26,0.065
ZLC.TO,2015-09-25,0.065
ZLC.TO,2015-10-27,0.065
ZLC.TO,2015-11-25,0.075
ZLC.TO,2015-12-24,0.075
ZLC.TO,2016-01-26,0.067
ZLC.TO,2016-02-24,0.067
ZLC.TO,2016-03-28,0.065
ZLC.TO,2016-04-26,0.065
ZLC.TO,2016-05-24,0.065
ZLC.TO,2016-05-26,0.065
ZLC.TO,2016-06-27,0.065
ZLC.TO,2016-07-26,0.065
ZLC.TO,2016-08-26,0.065
ZLC.TO,2016-09-27,0.063
ZLC.TO,2016-10-26,0.063
ZLC.TO,2016-11-25,0.063
ZLC.TO,2016-12-23,0.063
ZLC.TO,2017-01-26,0.063
ZLC.TO,2017-02-23,0.063
ZLC.TO,2017-03-28,0.063
ZLC.TO,2017-04-25,0.063
ZLC.TO,2017-05-26,0.063
ZLC.TO,2017-06-27,0.062
ZLC.TO,2017-07-26,0.062
ZLC.TO,2017-08-28,0.062
ZLC.TO,2017-09-27,0.062
ZLC.TO,2017-10-27,0.062
ZLC.TO,2017-11-28,0.062
ZLC.TO,2017-12-27,0.062
ZLC.TO,2018-01-29,0.062
ZLC.TO,2018-02-26,0.062
ZLC.TO,2018-03-27,0.062
ZLC.TO,2018-04-26,0.062
ZLC.TO,2018-05-29,0.062
ZLC.TO,2018-06-27,0.062
ZLC.TO,2018-07-27,0.062
ZLC.TO,2018-08-29,0.062
ZLC.TO,2018-09-26,0.062
ZLC.TO,2018-10-29,0.062
ZLC.TO,2018-11-28,0.062
ZLC.TO,2018-12-27,0.069
ZLC.TO,2019-01-29,0.065
ZLC.TO,2019-02-26,0.065
ZLC.TO,2019-03-27,0.065
ZLC.TO,2019-04-26,0.065
ZLC.TO,2019-05-29,0.065
ZLC.TO,2019-06-26,0.065
ZLC.TO,2019-07-29,0.065
ZLC.TO,2019-08-28,0.065
ZLC.TO,2019-09-26,0.065
ZLC.TO,2019-10-29,0.065
ZLC.TO,2019-11-27,0.065
ZLC.TO,2019-12-27,0.065
ZLC.TO,2020-01-29,0.065
ZLC.TO,2020-02-26,0.065
ZLC.TO,2020-03-27,0.065
ZLC.TO,2020-04-28,0.065
ZLC.TO,2020-05-27,0.065
ZLC.TO,2020-06-26,0.065
ZLC.TO,2020-07-29,0.065
ZLC.TO,2020-08-27,0.065
ZLC.TO,2020-09-28,0.065
ZLC.TO,2020-10-28,0.065
ZLC.TO,2020-11-27,0.065
ZLC.TO,2020-12-29,0.065
ZLC.TO,2021-01-27,0.065
ZLC.TO,2021-02-24,0.065
ZLC.TO,2021-03-29,0.065
ZLC.TO,2021-04-28,0.065
ZLC.TO,2021-05-26,0.065
ZLC.TO,2021-06-28,0.065
ZLC.TO,2021-07-28,0.065
ZLC.TO,2021-08-27,0.065
ZLC.TO,2021-09-28,0.065
ZLC.TO,2021-10-27,0.065
ZLC.TO,2021-11-26,0.065
ZLC.TO,2021-12-29,0.065
ZLC.TO,2022-01-27,0.065
ZLC.TO,2022-02-24,0.065
ZLC.TO,2022-03-29,0.065
ZLC.TO,2022-04-27,0.065
ZLC.TO,2022-05-27,0.065
ZLC.TO,2022-06-28,0.065
ZLC.TO,2022-07-27,0.065
ZLC.TO,2022-08-29,0.065
ZLC.TO,2022-09-28,0.065
ZLC.TO,2022-10-27,0.065
ZLC.TO,2022-11-28,0.065
ZLC.TO,2022-12-28,0.065
ZLC.TO,2023-01-27,0.065
ZLC.TO,2023-02-24,0.065
ZLC.TO,2023-03-29,0.065
ZLC.TO,2023-04-26,0.065
ZLC.TO,2023-05-30,0.065
ZLC.TO,2023-06-28,0.065
ZLC.TO,2023-07-27,0.065
ZLC.TO,2023-08-29,0.065
ZLC.TO,2023-09-27,0.065
ZLC.TO,2023-10-27,0.065
ZLC.TO,2023-11-28,0.065
ZLC.TO,2023-12-27,0.065
ZLC.TO,2024-01-29,0.065
ZLC.TO,2024-02-27,0.065
ZLC.TO,2024-03-27,0.06
ZLC.TO,2024-04-26,0.06
ZLC.TO,2024-05-30,0.06
ZLC.TO,2024-06-27,0.06
ZLC.TO,2024-07-30,0.06
ZLC.TO,2024-08-29,0.06
ZLC.TO,2024-09-27,0.06
ZLC.TO,2024-10-30,0.06
ZLC.TO,2024-11-27,0.06
ZLC.TO,2024-12-30,0.06
ZLC.TO,2025-01-30,0.06
ZLC.TO,2025-02-27,0.06
ZLC.TO,2025-03-28,0.06
ZLC.TO,2025-04-29,0.06
ZLC.TO,2025-05-29,0.06
ZLC.TO,2025-06-27,0.06
ZLC.TO,2025-07-30,0.06
ZLC.TO,2025-08-28,0.06
ZLC.TO,2025-09-29,0.06
ZLC.TO,2025-10-30,0.06
ZLC.TO,2025-11-26,0.06
ZLD.TO,2016-09-27,0.1
ZLD.TO,2016-12-23,0.11
ZLD.TO,2017-03-28,0.11
ZLD.TO,2017-06-27,0.11
ZLD.TO,2017-09-27,0.11
ZLD.TO,2017-12-27,0.18
ZLD.TO,2018-03-27,0.12
ZLD.TO,2018-06-27,0.125
ZLD.TO,2018-09-26,0.125
ZLD.TO,2018-12-27,0.15
ZLD.TO,2019-03-27,0.14
ZLD.TO,2019-06-26,0.14
ZLD.TO,2019-09-26,0.14
ZLD.TO,2019-12-27,0.14
ZLD.TO,2020-03-27,0.16
ZLD.TO,2020-06-26,0.16
ZLD.TO,2020-09-28,0.15
ZLD.TO,2020-12-29,0.15
ZLD.TO,2021-03-29,0.15
ZLD.TO,2021-06-28,0.15
ZLD.TO,2021-09-28,0.15
ZLD.TO,2021-12-29,0.15
ZLD.TO,2022-03-29,0.15
ZLD.TO,2022-06-28,0.15
ZLD.TO,2022-09-28,0.16
ZLD.TO,2022-12-28,0.16
ZLD.TO,2023-03-29,0.17
ZLD.TO,2023-06-28,0.17
ZLD.TO,2023-09-27,0.17
ZLD.TO,2023-12-27,0.17
ZLD.TO,2024-03-27,0.17
ZLD.TO,2024-06-27,0.17
ZLD.TO,2024-09-27,0.17
ZLD.TO,2024-12-30,0.17
ZLD.TO,2025-03-28,0.17
ZLD.TO,2025-06-27,0.17
ZLD.TO,2025-09-29,0.17
ZLE.TO,2016-12-23,0.150754
ZLE.TO,2017-12-27,0.311558
ZLE.TO,2018-12-27,0.43
ZLE.TO,2019-12-27,0.4
ZLE.TO,2020-12-29,0.45
ZLE.TO,2021-12-29,0.43
ZLE.TO,2022-12-28,0.6
ZLE.TO,2023-12-27,0.6
ZLE.TO,2024-12-30,0.682
ZLH.TO,2016-09-27,0.11
ZLH.TO,2016-12-23,0.115
ZLH.TO,2017-03-28,0.107
ZLH.TO,2017-06-27,0.1
ZLH.TO,2017-09-27,0.1
ZLH.TO,2017-12-27,0.14
ZLH.TO,2018-03-27,0.1
ZLH.TO,2018-06-27,0.1
ZLH.TO,2018-09-26,0.1
ZLH.TO,2018-12-27,0.15
ZLH.TO,2019-03-27,0.1
ZLH.TO,2019-06-26,0.1
ZLH.TO,2019-09-26,0.11
ZLH.TO,2019-12-27,0.12
ZLH.TO,2020-03-27,0.13
ZLH.TO,2020-06-26,0.13
ZLH.TO,2020-09-28,0.13
ZLH.TO,2020-12-29,0.15
ZLH.TO,2021-03-29,0.15
ZLH.TO,2021-06-28,0.15
ZLH.TO,2021-09-28,0.15
ZLH.TO,2021-12-29,0.16
ZLH.TO,2022-03-29,0.17
ZLH.TO,2022-06-28,0.17
ZLH.TO,2022-09-28,0.17
ZLH.TO,2022-12-28,0.18
ZLH.TO,2023-03-29,0.19
ZLH.TO,2023-06-28,0.19
ZLH.TO,2023-09-27,0.19
ZLH.TO,2023-12-27,0.19
ZLH.TO,2024-03-27,0.19
ZLH.TO,2024-06-27,0.19
ZLH.TO,2024-09-27,0.19
ZLH.TO,2024-12-30,0.19
ZLH.TO,2025-03-28,0.17
ZLH.TO,2025-06-27,0.17
ZLH.TO,2025-09-29,0.17
ZLI.TO,2015-09-25,0.1
ZLI.TO,2015-12-24,0.1
ZLI.TO,2016-06-27,0.1
ZLI.TO,2016-09-27,0.1
ZLI.TO,2016-12-23,0.12
ZLI.TO,2017-03-28,0.11
ZLI.TO,2017-06-27,0.11
ZLI.TO,2017-09-27,0.11
ZLI.TO,2017-12-27,0.185
ZLI.TO,2018-03-27,0.13
ZLI.TO,2018-06-27,0.13
ZLI.TO,2018-09-26,0.13
ZLI.TO,2018-12-27,0.2
ZLI.TO,2019-03-27,0.15
ZLI.TO,2019-06-26,0.15
ZLI.TO,2019-09-26,0.15
ZLI.TO,2019-12-27,0.15
ZLI.TO,2020-03-27,0.17
ZLI.TO,2020-06-26,0.16
ZLI.TO,2020-09-28,0.16
ZLI.TO,2020-12-29,0.16
ZLI.TO,2021-03-29,0.16
ZLI.TO,2021-06-28,0.16
ZLI.TO,2021-09-28,0.16
ZLI.TO,2021-12-29,0.16
ZLI.TO,2022-03-29,0.16
ZLI.TO,2022-06-28,0.16
ZLI.TO,2022-09-28,0.16
ZLI.TO,2022-12-28,0.16
ZLI.TO,2023-03-29,0.16
ZLI.TO,2023-06-28,0.16
ZLI.TO,2023-09-27,0.16
ZLI.TO,2023-12-27,0.16
ZLI.TO,2024-03-27,0.16
ZLI.TO,2024-06-27,0.16
ZLI.TO,2024-09-27,0.16
ZLI.TO,2024-12-30,0.16
ZLI.TO,2025-03-28,0.16
ZLI.TO,2025-06-27,0.16
ZLI.TO,2025-09-29,0.16
ZLSC.TO,2023-12-27,0.28
ZLSC.TO,2024-03-27,0.28
ZLSC.TO,2024-06-27,0.115
ZLSC.TO,2024-09-27,0.21
ZLSC.TO,2024-12-30,0.21
ZLSC.TO,2025-03-28,0.2
ZLSC.TO,2025-06-27,0.16
ZLSC.TO,2025-09-29,0.135
ZLSU.TO,2023-12-27,0.15
ZLSU.TO,2024-03-27,0.17
ZLSU.TO,2024-06-27,0.17
ZLSU.TO,2024-09-27,0.13
ZLSU.TO,2024-12-30,0.13
ZLSU.TO,2025-03-28,0.12
ZLSU.TO,2025-06-27,0.12
ZLSU.TO,2025-09-29,0.085
ZLU.TO,2013-06-25,0.075
ZLU.TO,2013-09-25,0.075
ZLU.TO,2013-12-24,0.075
ZLU.TO,2014-03-26,0.082
ZLU.TO,2014-06-25,0.082
ZLU.TO,2014-09-25,0.082
ZLU.TO,2014-12-24,0.082
ZLU.TO,2015-03-26,0.125
ZLU.TO,2015-06-25,0.125
ZLU.TO,2015-09-25,0.135
ZLU.TO,2015-12-24,0.135
ZLU.TO,2016-06-27,0.145
ZLU.TO,2016-09-27,0.145
ZLU.TO,2016-12-23,0.145
ZLU.TO,2017-03-28,0.15
ZLU.TO,2017-06-27,0.15
ZLU.TO,2017-09-27,0.14
ZLU.TO,2017-12-27,0.175
ZLU.TO,2018-03-27,0.14
ZLU.TO,2018-06-27,0.14
ZLU.TO,2018-09-26,0.14
ZLU.TO,2018-12-27,0.2
ZLU.TO,2019-03-27,0.15
ZLU.TO,2019-06-26,0.15
ZLU.TO,2019-09-26,0.15
ZLU.TO,2019-12-27,0.16
ZLU.TO,2020-03-27,0.17
ZLU.TO,2020-06-26,0.17
ZLU.TO,2020-09-28,0.17
ZLU.TO,2020-12-29,0.2
ZLU.TO,2021-03-29,0.2
ZLU.TO,2021-06-28,0.2
ZLU.TO,2021-09-28,0.2
ZLU.TO,2021-12-29,0.21
ZLU.TO,2022-03-29,0.22
ZLU.TO,2022-06-28,0.22
ZLU.TO,2022-09-28,0.23
ZLU.TO,2022-12-28,0.28
ZLU.TO,2023-03-29,0.27
ZLU.TO,2023-06-28,0.27
ZLU.TO,2023-09-27,0.27
ZLU.TO,2023-12-27,0.29
ZLU.TO,2024-03-27,0.27
ZLU.TO,2024-06-27,0.27
ZLU.TO,2024-09-27,0.27
ZLU.TO,2024-12-30,0.27
ZLU.TO,2025-03-28,0.27
ZLU.TO,2025-06-27,0.27
ZLU.TO,2025-09-29,0.27
ZMBS.TO,2020-02-26,0.04
ZMBS.TO,2020-03-27,0.04
ZMBS.TO,2020-04-28,0.04
ZMBS.TO,2020-05-27,0.04
ZMBS.TO,2020-06-26,0.04
ZMBS.TO,2020-07-29,0.04
ZMBS.TO,2020-08-27,0.04
ZMBS.TO,2020-09-28,0.04
ZMBS.TO,2020-10-28,0.04
ZMBS.TO,2020-11-27,0.04
ZMBS.TO,2020-12-29,0.04
ZMBS.TO,2021-01-27,0.04
ZMBS.TO,2021-02-24,0.04
ZMBS.TO,2021-03-29,0.04
ZMBS.TO,2021-04-28,0.04
ZMBS.TO,2021-05-26,0.04
ZMBS.TO,2021-06-28,0.04
ZMBS.TO,2021-07-28,0.04
ZMBS.TO,2021-08-27,0.04
ZMBS.TO,2021-09-28,0.04
ZMBS.TO,2021-10-27,0.04
ZMBS.TO,2021-11-26,0.04
ZMBS.TO,2021-12-29,0.04
ZMBS.TO,2022-01-27,0.04
ZMBS.TO,2022-02-24,0.04
ZMBS.TO,2022-03-29,0.04
ZMBS.TO,2022-04-27,0.04
ZMBS.TO,2022-05-27,0.04
ZMBS.TO,2022-06-28,0.04
ZMBS.TO,2022-07-27,0.04
ZMBS.TO,2022-08-29,0.04
ZMBS.TO,2022-09-28,0.04
ZMBS.TO,2022-10-27,0.04
ZMBS.TO,2022-11-28,0.04
ZMBS.TO,2022-12-28,0.04
ZMBS.TO,2023-01-27,0.04
ZMBS.TO,2023-02-24,0.04
ZMBS.TO,2023-03-29,0.04
ZMBS.TO,2023-04-26,0.04
ZMBS.TO,2023-05-30,0.035
ZMBS.TO,2023-06-28,0.035
ZMBS.TO,2023-07-27,0.035
ZMBS.TO,2023-08-29,0.035
ZMBS.TO,2023-09-27,0.035
ZMBS.TO,2023-10-27,0.035
ZMBS.TO,2023-11-28,0.035
ZMBS.TO,2023-12-27,0.035
ZMBS.TO,2024-01-29,0.035
ZMBS.TO,2024-02-27,0.035
ZMBS.TO,2024-03-27,0.035
ZMBS.TO,2024-04-26,0.035
ZMBS.TO,2024-05-30,0.035
ZMBS.TO,2024-06-27,0.037
ZMBS.TO,2024-07-30,0.037
ZMBS.TO,2024-08-29,0.037
ZMBS.TO,2024-09-27,0.04
ZMBS.TO,2024-10-30,0.04
ZMBS.TO,2024-11-27,0.04
ZMBS.TO,2024-12-30,0.04
ZMBS.TO,2025-01-30,0.04
ZMBS.TO,2025-02-27,0.04
ZMBS.TO,2025-03-28,0.04
ZMBS.TO,2025-04-29,0.04
ZMBS.TO,2025-05-29,0.06
ZMBS.TO,2025-06-27,0.06
ZMBS.TO,2025-07-30,0.06
ZMBS.TO,2025-08-28,0.06
ZMBS.TO,2025-09-29,0.06
ZMBS.TO,2025-10-30,0.073
ZMBS.TO,2025-11-26,0.073
ZMI.TO,2011-02-23,0.075
ZMI.TO,2011-03-28,0.075
ZMI.TO,2011-04-26,0.065
ZMI.TO,2011-05-26,0.065
ZMI.TO,2011-06-27,0.065
ZMI.TO,2011-07-26,0.063
ZMI.TO,2011-08-26,0.063
ZMI.TO,2011-09-27,0.063
ZMI.TO,2011-10-26,0.065
ZMI.TO,2011-11-25,0.065
ZMI.TO,2011-12-23,0.062
ZMI.TO,2012-01-26,0.063
ZMI.TO,2012-02-24,0.062
ZMI.TO,2012-03-27,0.062
ZMI.TO,2012-04-25,0.062
ZMI.TO,2012-05-28,0.062
ZMI.TO,2012-06-26,0.062
ZMI.TO,2012-07-26,0.062
ZMI.TO,2012-08-28,0.062
ZMI.TO,2012-09-25,0.062
ZMI.TO,2012-10-26,0.062
ZMI.TO,2012-11-27,0.062
ZMI.TO,2012-12-24,0.062
ZMI.TO,2013-01-28,0.06
ZMI.TO,2013-02-25,0.06
ZMI.TO,2013-03-25,0.06
ZMI.TO,2013-04-25,0.06
ZMI.TO,2013-05-28,0.06
ZMI.TO,2013-06-25,0.06
ZMI.TO,2013-07-26,0.06
ZMI.TO,2013-08-27,0.06
ZMI.TO,2013-09-25,0.06
ZMI.TO,2013-10-28,0.06
ZMI.TO,2013-11-26,0.06
ZMI.TO,2013-12-24,0.06
ZMI.TO,2014-01-28,0.058
ZMI.TO,2014-02-25,0.058
ZMI.TO,2014-03-26,0.053
ZMI.TO,2014-04-25,0.053
ZMI.TO,2014-05-27,0.053
ZMI.TO,2014-06-25,0.053
ZMI.TO,2014-07-28,0.053
ZMI.TO,2014-08-26,0.053
ZMI.TO,2014-09-25,0.053
ZMI.TO,2014-10-28,0.053
ZMI.TO,2014-11-24,0.053
ZMI.TO,2014-12-24,0.053
ZMI.TO,2015-01-27,0.053
ZMI.TO,2015-02-24,0.053
ZMI.TO,2015-03-26,0.053
ZMI.TO,2015-04-27,0.053
ZMI.TO,2015-05-26,0.053
ZMI.TO,2015-06-25,0.053
ZMI.TO,2015-07-28,0.053
ZMI.TO,2015-08-26,0.053
ZMI.TO,2015-09-25,0.053
ZMI.TO,2015-10-27,0.053
ZMI.TO,2015-11-25,0.053
ZMI.TO,2015-12-24,0.053
ZMI.TO,2016-01-26,0.053
ZMI.TO,2016-02-24,0.053
ZMI.TO,2016-03-28,0.05
ZMI.TO,2016-04-26,0.05
ZMI.TO,2016-05-24,0.05
ZMI.TO,2016-05-26,0.05
ZMI.TO,2016-06-27,0.056
ZMI.TO,2016-07-26,0.056
ZMI.TO,2016-08-26,0.056
ZMI.TO,2016-09-27,0.056
ZMI.TO,2016-10-26,0.056
ZMI.TO,2016-11-25,0.056
ZMI.TO,2016-12-23,0.056
ZMI.TO,2017-01-26,0.056
ZMI.TO,2017-02-23,0.056
ZMI.TO,2017-03-28,0.056
ZMI.TO,2017-04-25,0.056
ZMI.TO,2017-05-26,0.056
ZMI.TO,2017-06-27,0.056
ZMI.TO,2017-07-26,0.056
ZMI.TO,2017-08-28,0.056
ZMI.TO,2017-09-27,0.058
ZMI.TO,2017-10-27,0.058
ZMI.TO,2017-11-28,0.058
ZMI.TO,2017-12-27,0.058
ZMI.TO,2018-01-29,0.058
ZMI.TO,2018-02-26,0.058
ZMI.TO,2018-03-27,0.06
ZMI.TO,2018-04-26,0.06
ZMI.TO,2018-05-29,0.06
ZMI.TO,2018-06-27,0.06
ZMI.TO,2018-07-27,0.06
ZMI.TO,2018-08-29,0.06
ZMI.TO,2018-09-26,0.06
ZMI.TO,2018-10-29,0.06
ZMI.TO,2018-11-28,0.06
ZMI.TO,2018-12-27,0.06
ZMI.TO,2019-01-29,0.06
ZMI.TO,2019-02-26,0.06
ZMI.TO,2019-03-27,0.06
ZMI.TO,2019-04-26,0.06
ZMI.TO,2019-05-29,0.06
ZMI.TO,2019-06-26,0.06
ZMI.TO,2019-07-29,0.06
ZMI.TO,2019-08-28,0.06
ZMI.TO,2019-09-26,0.06
ZMI.TO,2019-10-29,0.06
ZMI.TO,2019-11-27,0.06
ZMI.TO,2019-12-27,0.06
ZMI.TO,2020-01-29,0.06
ZMI.TO,2020-02-26,0.06
ZMI.TO,2020-03-27,0.06
ZMI.TO,2020-04-28,0.06
ZMI.TO,2020-05-27,0.06
ZMI.TO,2020-06-26,0.06
ZMI.TO,2020-07-29,0.06
ZMI.TO,2020-08-27,0.06
ZMI.TO,2020-09-28,0.055
ZMI.TO,2020-10-28,0.055
ZMI.TO,2020-11-27,0.055
ZMI.TO,2020-12-29,0.055
ZMI.TO,2021-01-27,0.055
ZMI.TO,2021-02-24,0.055
ZMI.TO,2021-03-29,0.055
ZMI.TO,2021-04-28,0.055
ZMI.TO,2021-05-26,0.055
ZMI.TO,2021-06-28,0.055
ZMI.TO,2021-07-28,0.055
ZMI.TO,2021-08-27,0.055
ZMI.TO,2021-09-28,0.055
ZMI.TO,2021-10-27,0.055
ZMI.TO,2021-11-26,0.055
ZMI.TO,2021-12-29,0.055
ZMI.TO,2022-01-27,0.06
ZMI.TO,2022-02-24,0.06
ZMI.TO,2022-03-29,0.06
ZMI.TO,2022-04-27,0.06
ZMI.TO,2022-05-27,0.06
ZMI.TO,2022-06-28,0.06
ZMI.TO,2022-07-27,0.06
ZMI.TO,2022-08-29,0.06
ZMI.TO,2022-09-28,0.06
ZMI.TO,2022-10-27,0.06
ZMI.TO,2022-11-28,0.06
ZMI.TO,2022-12-28,0.06
ZMI.TO,2023-01-27,0.06
ZMI.TO,2023-02-24,0.06
ZMI.TO,2023-03-29,0.07
ZMI.TO,2023-04-26,0.07
ZMI.TO,2023-05-30,0.07
ZMI.TO,2023-06-28,0.07
ZMI.TO,2023-07-27,0.07
ZMI.TO,2023-08-29,0.07
ZMI.TO,2023-09-27,0.07
ZMI.TO,2023-10-27,0.07
ZMI.TO,2023-11-28,0.07
ZMI.TO,2023-12-27,0.07
ZMI.TO,2024-01-29,0.07
ZMI.TO,2024-02-27,0.07
ZMI.TO,2024-03-27,0.07
ZMI.TO,2024-04-26,0.07
ZMI.TO,2024-05-30,0.07
ZMI.TO,2024-06-27,0.07
ZMI.TO,2024-07-30,0.07
ZMI.TO,2024-08-29,0.07
ZMI.TO,2024-09-27,0.07
ZMI.TO,2024-10-30,0.07
ZMI.TO,2024-11-27,0.07
ZMI.TO,2024-12-30,0.07
ZMI.TO,2025-01-30,0.07
ZMI.TO,2025-02-27,0.07
ZMI.TO,2025-03-28,0.07
ZMI.TO,2025-04-29,0.07
ZMI.TO,2025-05-29,0.07
ZMI.TO,2025-06-27,0.07
ZMI.TO,2025-07-30,0.07
ZMI.TO,2025-08-28,0.07
ZMI.TO,2025-09-29,0.07
ZMI.TO,2025-10-30,0.07
ZMI.TO,2025-11-26,0.07
ZMID.TO,2020-03-27,0.1
ZMID.TO,2020-06-26,0.1
ZMID.TO,2020-09-28,0.1
ZMID.TO,2020-12-29,0.1
ZMID.TO,2021-03-29,0.1
ZMID.TO,2021-06-28,0.1
ZMID.TO,2021-09-28,0.1
ZMID.TO,2021-12-29,0.1
ZMID.TO,2022-03-29,0.11
ZMID.TO,2022-06-28,0.12
ZMID.TO,2022-09-28,0.13
ZMID.TO,2022-12-28,0.13
ZMID.TO,2023-03-29,0.15
ZMID.TO,2023-06-28,0.15
ZMID.TO,2023-09-27,0.15
ZMID.TO,2023-12-27,0.21
ZMID.TO,2024-03-27,0.15
ZMID.TO,2024-06-27,0.14
ZMID.TO,2024-09-27,0.13
ZMID.TO,2024-12-30,0.13
ZMID.TO,2025-03-28,0.13
ZMID.TO,2025-06-27,0.13
ZMID.TO,2025-09-29,0.13
ZMMK.TO,2021-12-30,0.02
ZMMK.TO,2022-01-28,0.005
ZMMK.TO,2022-02-24,0.005
ZMMK.TO,2022-03-29,0.005
ZMMK.TO,2022-04-27,0.01
ZMMK.TO,2022-05-27,0.01
ZMMK.TO,2022-06-28,0.06
ZMMK.TO,2022-07-07,0.1
ZMMK.TO,2022-07-27,0.06
ZMMK.TO,2022-08-29,0.09
ZMMK.TO,2022-09-28,0.12
ZMMK.TO,2022-10-27,0.15
ZMMK.TO,2022-11-28,0.16
ZMMK.TO,2022-12-28,0.2
ZMMK.TO,2023-01-27,0.2
ZMMK.TO,2023-02-24,0.21
ZMMK.TO,2023-03-29,0.21
ZMMK.TO,2023-04-26,0.21
ZMMK.TO,2023-05-30,0.205
ZMMK.TO,2023-06-28,0.205
ZMMK.TO,2023-07-27,0.205
ZMMK.TO,2023-08-29,0.205
ZMMK.TO,2023-09-27,0.205
ZMMK.TO,2023-10-27,0.205
ZMMK.TO,2023-11-28,0.205
ZMMK.TO,2023-12-27,0.219
ZMMK.TO,2024-01-29,0.21
ZMMK.TO,2024-02-27,0.215
ZMMK.TO,2024-03-27,0.215
ZMMK.TO,2024-04-26,0.215
ZMMK.TO,2024-05-30,0.215
ZMMK.TO,2024-06-27,0.2
ZMMK.TO,2024-07-30,0.2
ZMMK.TO,2024-08-29,0.2
ZMMK.TO,2024-09-27,0.17
ZMMK.TO,2024-10-30,0.17
ZMMK.TO,2024-11-27,0.17
ZMMK.TO,2024-12-30,0.15
ZMMK.TO,2025-01-30,0.15
ZMMK.TO,2025-02-27,0.15
ZMMK.TO,2025-03-28,0.15
ZMMK.TO,2025-04-29,0.15
ZMMK.TO,2025-05-29,0.12
ZMMK.TO,2025-06-27,0.12
ZMMK.TO,2025-07-11,0.015
ZMMK.TO,2025-07-30,0.1
ZMMK.TO,2025-08-28,0.115
ZMMK.TO,2025-09-29,0.115
ZMMK.TO,2025-10-30,0.11
ZMMK.TO,2025-11-26,0.11
ZMP.TO,2013-04-25,0.048
ZMP.TO,2013-05-28,0.048
ZMP.TO,2013-06-25,0.043
ZMP.TO,2013-07-26,0.043
ZMP.TO,2013-08-27,0.043
ZMP.TO,2013-09-25,0.043
ZMP.TO,2013-10-28,0.043
ZMP.TO,2013-11-26,0.043
ZMP.TO,2013-12-24,0.043
ZMP.TO,2014-01-28,0.043
ZMP.TO,2014-02-25,0.043
ZMP.TO,2014-03-26,0.043
ZMP.TO,2014-04-25,0.043
ZMP.TO,2014-05-27,0.043
ZMP.TO,2014-06-25,0.043
ZMP.TO,2014-07-28,0.043
ZMP.TO,2014-08-26,0.043
ZMP.TO,2014-09-25,0.042
ZMP.TO,2014-10-28,0.042
ZMP.TO,2014-11-24,0.042
ZMP.TO,2014-12-24,0.042
ZMP.TO,2015-01-27,0.042
ZMP.TO,2015-02-24,0.042
ZMP.TO,2015-03-26,0.042
ZMP.TO,2015-04-27,0.042
ZMP.TO,2015-05-26,0.042
ZMP.TO,2015-06-25,0.042
ZMP.TO,2015-07-28,0.042
ZMP.TO,2015-08-26,0.042
ZMP.TO,2015-09-25,0.04
ZMP.TO,2015-10-27,0.04
ZMP.TO,2015-11-25,0.04
ZMP.TO,2015-12-24,0.04
ZMP.TO,2016-01-26,0.037
ZMP.TO,2016-02-24,0.037
ZMP.TO,2016-04-26,0.037
ZMP.TO,2016-05-24,0.037
ZMP.TO,2016-05-26,0.037
ZMP.TO,2016-06-27,0.037
ZMP.TO,2016-07-26,0.037
ZMP.TO,2016-08-26,0.037
ZMP.TO,2016-09-27,0.037
ZMP.TO,2016-10-26,0.037
ZMP.TO,2016-11-25,0.037
ZMP.TO,2016-12-23,0.037
ZMP.TO,2017-01-26,0.037
ZMP.TO,2017-02-23,0.037
ZMP.TO,2017-03-28,0.037
ZMP.TO,2017-04-25,0.037
ZMP.TO,2017-05-26,0.037
ZMP.TO,2017-06-27,0.037
ZMP.TO,2017-07-26,0.037
ZMP.TO,2017-08-28,0.037
ZMP.TO,2017-09-27,0.035
ZMP.TO,2017-10-27,0.035
ZMP.TO,2017-11-28,0.035
ZMP.TO,2017-12-27,0.035
ZMP.TO,2018-01-29,0.034
ZMP.TO,2018-02-26,0.034
ZMP.TO,2018-03-27,0.033
ZMP.TO,2018-04-26,0.033
ZMP.TO,2018-05-29,0.033
ZMP.TO,2018-06-27,0.033
ZMP.TO,2018-07-27,0.033
ZMP.TO,2018-08-29,0.033
ZMP.TO,2018-09-26,0.033
ZMP.TO,2018-10-29,0.033
ZMP.TO,2018-11-28,0.033
ZMP.TO,2018-12-27,0.033
ZMP.TO,2019-01-29,0.034
ZMP.TO,2019-02-26,0.034
ZMP.TO,2019-03-27,0.034
ZMP.TO,2019-04-26,0.034
ZMP.TO,2019-05-29,0.034
ZMP.TO,2019-06-26,0.034
ZMP.TO,2019-07-29,0.034
ZMP.TO,2019-08-28,0.034
ZMP.TO,2019-09-26,0.034
ZMP.TO,2019-10-29,0.034
ZMP.TO,2019-11-27,0.034
ZMP.TO,2019-12-27,0.034
ZMP.TO,2020-01-29,0.034
ZMP.TO,2020-02-26,0.034
ZMP.TO,2020-03-27,0.034
ZMP.TO,2020-04-28,0.034
ZMP.TO,2020-05-27,0.034
ZMP.TO,2020-06-26,0.034
ZMP.TO,2020-07-29,0.034
ZMP.TO,2020-08-27,0.034
ZMP.TO,2020-09-28,0.034
ZMP.TO,2020-10-28,0.034
ZMP.TO,2020-11-27,0.034
ZMP.TO,2020-12-29,0.034
ZMP.TO,2021-01-27,0.034
ZMP.TO,2021-02-24,0.034
ZMP.TO,2021-03-29,0.034
ZMP.TO,2021-04-28,0.034
ZMP.TO,2021-05-26,0.034
ZMP.TO,2021-06-28,0.034
ZMP.TO,2021-07-28,0.034
ZMP.TO,2021-08-27,0.034
ZMP.TO,2021-09-28,0.034
ZMP.TO,2021-10-27,0.034
ZMP.TO,2021-11-26,0.034
ZMP.TO,2021-12-29,0.034
ZMP.TO,2022-01-27,0.034
ZMP.TO,2022-02-24,0.034
ZMP.TO,2022-03-29,0.034
ZMP.TO,2022-04-27,0.034
ZMP.TO,2022-05-27,0.034
ZMP.TO,2022-06-28,0.034
ZMP.TO,2022-07-27,0.034
ZMP.TO,2022-08-29,0.034
ZMP.TO,2022-09-28,0.034
ZMP.TO,2022-10-27,0.034
ZMP.TO,2022-11-28,0.034
ZMP.TO,2022-12-28,0.034
ZMP.TO,2023-01-27,0.034
ZMP.TO,2023-02-24,0.034
ZMP.TO,2023-03-29,0.034
ZMP.TO,2023-04-26,0.034
ZMP.TO,2023-05-30,0.034
ZMP.TO,2023-06-28,0.034
ZMP.TO,2023-07-27,0.034
ZMP.TO,2023-08-29,0.034
ZMP.TO,2023-09-27,0.034
ZMP.TO,2023-10-27,0.034
ZMP.TO,2023-11-28,0.034
ZMP.TO,2023-12-27,0.034
ZMP.TO,2024-01-29,0.034
ZMP.TO,2024-02-27,0.034
ZMP.TO,2024-03-27,0.034
ZMP.TO,2024-04-26,0.034
ZMP.TO,2024-05-30,0.034
ZMP.TO,2024-06-27,0.034
ZMP.TO,2024-07-30,0.034
ZMP.TO,2024-08-29,0.034
ZMP.TO,2024-09-27,0.034
ZMP.TO,2024-10-30,0.034
ZMP.TO,2024-11-27,0.034
ZMP.TO,2024-12-30,0.034
ZMP.TO,2025-01-30,0.034
ZMP.TO,2025-02-27,0.034
ZMP.TO,2025-03-28,0.034
ZMP.TO,2025-04-29,0.034
ZMP.TO,2025-05-29,0.034
ZMP.TO,2025-06-27,0.035
ZMP.TO,2025-07-30,0.035
ZMP.TO,2025-08-28,0.035
ZMP.TO,2025-09-29,0.035
ZMP.TO,2025-10-30,0.035
ZMP.TO,2025-11-26,0.035
ZMSB.TO,2018-06-27,0.18
ZMSB.TO,2018-09-26,0.25
ZMSB.TO,2018-12-27,0.25
ZMSB.TO,2019-03-27,0.25
ZMSB.TO,2019-06-26,0.25
ZMSB.TO,2019-09-26,0.25
ZMSB.TO,2019-12-27,0.25
ZMSB.TO,2020-03-27,0.23
ZMSB.TO,2020-06-26,0.22
ZMSB.TO,2020-09-28,0.22
ZMSB.TO,2020-12-29,0.22
ZMSB.TO,2021-03-29,0.22
ZMSB.TO,2021-06-28,0.22
ZMSB.TO,2021-09-28,0.25
ZMSB.TO,2021-12-29,0.25
ZMSB.TO,2022-03-29,0.25
ZMSB.TO,2022-06-28,0.25
ZMSB.TO,2022-09-28,0.25
ZMSB.TO,2022-12-28,0.25
ZMSB.TO,2023-03-29,0.25
ZMSB.TO,2023-06-28,0.25
ZMSB.TO,2023-09-27,0.25
ZMSB.TO,2023-12-27,0.25
ZMSB.TO,2024-03-27,0.25
ZMSB.TO,2024-06-27,0.25
ZMSB.TO,2024-09-27,0.25
ZMSB.TO,2024-12-30,0.25
ZMSB.TO,2025-03-28,0.25
ZMSB.TO,2025-06-27,0.25
ZMSB.TO,2025-09-29,0.25
ZMT.TO,2010-12-24,0.24
ZMT.TO,2011-12-23,0.615
ZMT.TO,2012-12-24,0.725
ZMT.TO,2013-12-24,0.675
ZMT.TO,2014-12-24,0.675
ZMT.TO,2015-12-24,0.325
ZMT.TO,2016-12-23,0.5
ZMT.TO,2017-12-27,0.8
ZMT.TO,2018-12-27,1.55
ZMT.TO,2019-12-27,1.04
ZMT.TO,2020-12-29,0.52
ZMT.TO,2021-12-29,1.535
ZMT.TO,2022-12-28,0.73
ZMT.TO,2023-12-27,0.495
ZMT.TO,2024-12-30,0.219
ZMU.TO,2013-04-25,0.049
ZMU.TO,2013-05-28,0.049
ZMU.TO,2013-06-25,0.046
ZMU.TO,2013-07-26,0.046
ZMU.TO,2013-08-27,0.046
ZMU.TO,2013-09-25,0.046
ZMU.TO,2013-10-28,0.046
ZMU.TO,2013-11-26,0.046
ZMU.TO,2013-12-24,0.046
ZMU.TO,2014-01-28,0.046
ZMU.TO,2014-02-25,0.046
ZMU.TO,2014-03-26,0.046
ZMU.TO,2014-04-25,0.046
ZMU.TO,2014-05-27,0.046
ZMU.TO,2014-06-25,0.046
ZMU.TO,2014-07-28,0.046
ZMU.TO,2014-08-26,0.046
ZMU.TO,2014-09-25,0.043
ZMU.TO,2014-10-28,0.043
ZMU.TO,2014-11-24,0.043
ZMU.TO,2014-12-24,0.043
ZMU.TO,2015-01-27,0.043
ZMU.TO,2015-02-24,0.043
ZMU.TO,2015-03-26,0.043
ZMU.TO,2015-04-27,0.043
ZMU.TO,2015-05-26,0.043
ZMU.TO,2015-06-25,0.043
ZMU.TO,2015-07-28,0.043
ZMU.TO,2015-08-26,0.043
ZMU.TO,2015-09-25,0.043
ZMU.TO,2015-10-27,0.043
ZMU.TO,2015-11-25,0.043
ZMU.TO,2015-12-24,0.043
ZMU.TO,2016-01-26,0.043
ZMU.TO,2016-02-24,0.043
ZMU.TO,2016-04-26,0.041
ZMU.TO,2016-05-24,0.041
ZMU.TO,2016-05-26,0.041
ZMU.TO,2016-06-27,0.041
ZMU.TO,2016-07-26,0.041
ZMU.TO,2016-08-26,0.041
ZMU.TO,2016-09-27,0.041
ZMU.TO,2016-10-26,0.041
ZMU.TO,2016-11-25,0.041
ZMU.TO,2016-12-23,0.044
ZMU.TO,2017-01-26,0.041
ZMU.TO,2017-02-23,0.041
ZMU.TO,2017-03-28,0.041
ZMU.TO,2017-04-25,0.041
ZMU.TO,2017-05-26,0.041
ZMU.TO,2017-06-27,0.041
ZMU.TO,2017-07-26,0.041
ZMU.TO,2017-08-28,0.041
ZMU.TO,2017-09-27,0.041
ZMU.TO,2017-10-27,0.041
ZMU.TO,2017-11-28,0.041
ZMU.TO,2017-12-27,0.041
ZMU.TO,2018-01-29,0.041
ZMU.TO,2018-02-26,0.041
ZMU.TO,2018-03-27,0.041
ZMU.TO,2018-04-26,0.041
ZMU.TO,2018-05-29,0.041
ZMU.TO,2018-06-27,0.041
ZMU.TO,2018-07-27,0.041
ZMU.TO,2018-08-29,0.041
ZMU.TO,2018-09-26,0.041
ZMU.TO,2018-10-29,0.041
ZMU.TO,2018-11-28,0.044
ZMU.TO,2018-12-27,0.066
ZMU.TO,2019-01-29,0.045
ZMU.TO,2019-02-26,0.045
ZMU.TO,2019-03-27,0.045
ZMU.TO,2019-04-26,0.045
ZMU.TO,2019-05-29,0.045
ZMU.TO,2019-06-26,0.045
ZMU.TO,2019-07-29,0.045
ZMU.TO,2019-08-28,0.045
ZMU.TO,2019-09-26,0.045
ZMU.TO,2019-10-29,0.045
ZMU.TO,2019-11-27,0.045
ZMU.TO,2019-12-27,0.065
ZMU.TO,2020-01-29,0.045
ZMU.TO,2020-02-26,0.065
ZMU.TO,2020-03-27,0.045
ZMU.TO,2020-04-28,0.045
ZMU.TO,2020-05-27,0.045
ZMU.TO,2020-06-26,0.045
ZMU.TO,2020-07-29,0.045
ZMU.TO,2020-08-27,0.045
ZMU.TO,2020-09-28,0.045
ZMU.TO,2020-10-28,0.045
ZMU.TO,2020-11-27,0.045
ZMU.TO,2020-12-29,0.045
ZMU.TO,2021-01-27,0.045
ZMU.TO,2021-02-24,0.045
ZMU.TO,2021-03-29,0.045
ZMU.TO,2021-04-28,0.045
ZMU.TO,2021-05-26,0.045
ZMU.TO,2021-06-28,0.045
ZMU.TO,2021-07-28,0.045
ZMU.TO,2021-08-27,0.045
ZMU.TO,2021-09-28,0.045
ZMU.TO,2021-10-27,0.045
ZMU.TO,2021-11-26,0.045
ZMU.TO,2021-12-29,0.045
ZMU.TO,2022-01-27,0.045
ZMU.TO,2022-02-24,0.045
ZMU.TO,2022-03-29,0.045
ZMU.TO,2022-04-27,0.045
ZMU.TO,2022-05-27,0.045
ZMU.TO,2022-06-28,0.045
ZMU.TO,2022-07-27,0.045
ZMU.TO,2022-08-29,0.045
ZMU.TO,2022-09-28,0.045
ZMU.TO,2022-10-27,0.045
ZMU.TO,2022-11-28,0.045
ZMU.TO,2022-12-28,0.045
ZMU.TO,2023-01-27,0.045
ZMU.TO,2023-02-24,0.045
ZMU.TO,2023-03-29,0.045
ZMU.TO,2023-04-26,0.045
ZMU.TO,2023-05-30,0.045
ZMU.TO,2023-06-28,0.045
ZMU.TO,2023-07-27,0.045
ZMU.TO,2023-08-29,0.045
ZMU.TO,2023-09-27,0.045
ZMU.TO,2023-10-27,0.045
ZMU.TO,2023-11-28,0.045
ZMU.TO,2023-12-27,0.045
ZMU.TO,2024-01-29,0.045
ZMU.TO,2024-02-27,0.045
ZMU.TO,2024-03-27,0.045
ZMU.TO,2024-04-26,0.044
ZMU.TO,2024-05-30,0.044
ZMU.TO,2024-06-27,0.042
ZMU.TO,2024-07-30,0.042
ZMU.TO,2024-08-29,0.042
ZMU.TO,2024-09-27,0.042
ZMU.TO,2024-10-30,0.042
ZMU.TO,2024-11-27,0.042
ZMU.TO,2024-12-30,0.042
ZMU.TO,2025-01-30,0.042
ZMU.TO,2025-02-27,0.042
ZMU.TO,2025-03-28,0.042
ZMU.TO,2025-04-29,0.042
ZMU.TO,2025-05-29,0.042
ZMU.TO,2025-06-27,0.044
ZMU.TO,2025-07-30,0.044
ZMU.TO,2025-08-28,0.044
ZMU.TO,2025-09-29,0.044
ZMU.TO,2025-10-30,0.047
ZMU.TO,2025-11-26,0.047
ZNQ.TO,2019-12-27,0.19
ZNQ.TO,2020-12-29,0.25
ZNQ.TO,2021-12-29,0.08
ZNQ.TO,2022-12-28,0.11
ZNQ.TO,2023-12-27,0.25
ZNQ.TO,2024-12-30,0.293
ZPAY.TO,2020-02-26,0.15
ZPAY.TO,2020-03-27,0.15
ZPAY.TO,2020-04-28,0.15
ZPAY.TO,2020-05-27,0.15
ZPAY.TO,2020-06-26,0.15
ZPAY.TO,2020-07-29,0.15
ZPAY.TO,2020-08-27,0.15
ZPAY.TO,2020-09-28,0.15
ZPAY.TO,2020-10-28,0.15
ZPAY.TO,2020-11-27,0.15
ZPAY.TO,2020-12-29,0.15
ZPAY.TO,2021-01-27,0.15
ZPAY.TO,2021-02-24,0.16
ZPAY.TO,2021-03-29,0.16
ZPAY.TO,2021-04-28,0.16
ZPAY.TO,2021-05-26,0.16
ZPAY.TO,2021-06-28,0.16
ZPAY.TO,2021-07-28,0.16
ZPAY.TO,2021-08-27,0.16
ZPAY.TO,2021-09-28,0.16
ZPAY.TO,2021-10-27,0.16
ZPAY.TO,2021-11-26,0.16
ZPAY.TO,2021-12-29,0.16
ZPAY.TO,2022-01-27,0.16
ZPAY.TO,2022-02-24,0.16
ZPAY.TO,2022-03-29,0.16
ZPAY.TO,2022-04-27,0.16
ZPAY.TO,2022-05-27,0.16
ZPAY.TO,2022-06-28,0.16
ZPAY.TO,2022-07-27,0.16
ZPAY.TO,2022-08-29,0.16
ZPAY.TO,2022-09-28,0.16
ZPAY.TO,2022-10-27,0.16
ZPAY.TO,2022-11-28,0.16
ZPAY.TO,2022-12-28,0.16
ZPAY.TO,2023-01-27,0.16
ZPAY.TO,2023-02-24,0.16
ZPAY.TO,2023-03-29,0.16
ZPAY.TO,2023-04-26,0.16
ZPAY.TO,2023-05-30,0.16
ZPAY.TO,2023-06-28,0.16
ZPAY.TO,2023-07-27,0.16
ZPAY.TO,2023-08-29,0.16
ZPAY.TO,2023-09-27,0.16
ZPAY.TO,2023-10-27,0.16
ZPAY.TO,2023-11-28,0.16
ZPAY.TO,2023-12-27,0.16
ZPAY.TO,2024-01-29,0.16
ZPAY.TO,2024-02-27,0.16
ZPAY.TO,2024-03-27,0.16
ZPAY.TO,2024-04-26,0.16
ZPAY.TO,2024-05-30,0.16
ZPAY.TO,2024-06-27,0.16
ZPAY.TO,2024-07-30,0.16
ZPAY.TO,2024-08-29,0.16
ZPAY.TO,2024-09-27,0.16
ZPAY.TO,2024-10-30,0.16
ZPAY.TO,2024-11-27,0.16
ZPAY.TO,2024-12-30,0.16
ZPAY.TO,2025-01-30,0.16
ZPAY.TO,2025-02-27,0.2
ZPAY.TO,2025-03-28,0.2
ZPAY.TO,2025-04-29,0.2
ZPAY.TO,2025-05-29,0.2
ZPAY.TO,2025-06-27,0.2
ZPAY.TO,2025-07-30,0.2
ZPAY.TO,2025-08-28,0.2
ZPAY.TO,2025-09-29,0.2
ZPAY.TO,2025-10-30,0.2
ZPAY.TO,2025-11-26,0.2
ZPH.TO,2017-02-23,0.12
ZPH.TO,2017-03-28,0.11
ZPH.TO,2017-04-25,0.11
ZPH.TO,2017-05-26,0.11
ZPH.TO,2017-06-27,0.1
ZPH.TO,2017-07-26,0.1
ZPH.TO,2017-08-28,0.1
ZPH.TO,2017-09-27,0.1
ZPH.TO,2017-10-27,0.1
ZPH.TO,2017-11-28,0.1
ZPH.TO,2017-12-27,0.118
ZPH.TO,2018-01-29,0.1
ZPH.TO,2018-02-26,0.1
ZPH.TO,2018-03-27,0.1
ZPH.TO,2018-04-26,0.1
ZPH.TO,2018-05-29,0.1
ZPH.TO,2018-06-27,0.1
ZPH.TO,2018-07-27,0.1
ZPH.TO,2018-08-29,0.1
ZPH.TO,2018-09-26,0.1
ZPH.TO,2018-10-29,0.1
ZPH.TO,2018-11-28,0.1
ZPH.TO,2018-12-27,0.1
ZPH.TO,2019-01-29,0.1
ZPH.TO,2019-02-26,0.1
ZPH.TO,2019-03-27,0.1
ZPH.TO,2019-04-26,0.1
ZPH.TO,2019-05-29,0.1
ZPH.TO,2019-06-26,0.1
ZPH.TO,2019-07-29,0.1
ZPH.TO,2019-08-28,0.1
ZPH.TO,2019-09-26,0.1
ZPH.TO,2019-10-29,0.1
ZPH.TO,2019-11-27,0.1
ZPH.TO,2019-12-27,0.1
ZPH.TO,2020-01-29,0.1
ZPH.TO,2020-02-26,0.1
ZPH.TO,2020-03-27,0.1
ZPH.TO,2020-04-28,0.1
ZPH.TO,2020-05-27,0.1
ZPH.TO,2020-06-26,0.1
ZPH.TO,2020-07-29,0.1
ZPH.TO,2020-08-27,0.1
ZPH.TO,2020-09-28,0.1
ZPH.TO,2020-10-28,0.1
ZPH.TO,2020-11-27,0.1
ZPH.TO,2020-12-29,0.1
ZPH.TO,2021-01-27,0.1
ZPH.TO,2021-02-24,0.1
ZPH.TO,2021-03-29,0.1
ZPH.TO,2021-04-28,0.1
ZPH.TO,2021-05-26,0.1
ZPH.TO,2021-06-28,0.1
ZPH.TO,2021-07-28,0.1
ZPH.TO,2021-08-27,0.1
ZPH.TO,2021-09-28,0.1
ZPH.TO,2021-10-27,0.1
ZPH.TO,2021-11-26,0.1
ZPH.TO,2021-12-29,0.1
ZPH.TO,2022-01-27,0.1
ZPH.TO,2022-02-24,0.1
ZPH.TO,2022-03-29,0.1
ZPH.TO,2022-04-27,0.1
ZPH.TO,2022-05-27,0.1
ZPH.TO,2022-06-28,0.1
ZPH.TO,2022-07-27,0.1
ZPH.TO,2022-08-29,0.1
ZPH.TO,2022-09-28,0.1
ZPH.TO,2022-10-27,0.1
ZPH.TO,2022-11-28,0.1
ZPH.TO,2022-12-28,0.1
ZPH.TO,2023-01-27,0.1
ZPH.TO,2023-02-24,0.1
ZPH.TO,2023-03-29,0.1
ZPH.TO,2023-04-26,0.1
ZPH.TO,2023-05-30,0.1
ZPH.TO,2023-06-28,0.1
ZPH.TO,2023-07-27,0.1
ZPH.TO,2023-08-29,0.1
ZPH.TO,2023-09-27,0.1
ZPH.TO,2023-10-27,0.1
ZPH.TO,2023-11-28,0.12
ZPH.TO,2023-12-27,0.13
ZPH.TO,2024-01-29,0.12
ZPH.TO,2024-02-27,0.12
ZPH.TO,2024-03-27,0.12
ZPH.TO,2024-04-26,0.12
ZPH.TO,2024-05-30,0.12
ZPH.TO,2024-06-27,0.12
ZPH.TO,2024-07-30,0.12
ZPH.TO,2024-08-29,0.12
ZPH.TO,2024-09-27,0.12
ZPH.TO,2024-10-30,0.12
ZPH.TO,2024-11-27,0.12
ZPH.TO,2024-12-30,0.12
ZPH.TO,2025-01-30,0.12
ZPH.TO,2025-02-27,0.12
ZPH.TO,2025-03-28,0.12
ZPH.TO,2025-04-29,0.12
ZPH.TO,2025-05-29,0.12
ZPH.TO,2025-06-27,0.12
ZPH.TO,2025-07-30,0.12
ZPH.TO,2025-08-28,0.12
ZPH.TO,2025-09-29,0.12
ZPH.TO,2025-10-30,0.12
ZPH.TO,2025-11-26,0.12
ZPL.TO,2013-04-25,0.05
ZPL.TO,2013-05-28,0.05
ZPL.TO,2013-06-25,0.048
ZPL.TO,2013-07-26,0.048
ZPL.TO,2013-08-27,0.048
ZPL.TO,2013-09-25,0.048
ZPL.TO,2013-10-28,0.048
ZPL.TO,2013-11-26,0.048
ZPL.TO,2013-12-24,0.048
ZPL.TO,2014-01-28,0.048
ZPL.TO,2014-02-25,0.048
ZPL.TO,2014-03-26,0.048
ZPL.TO,2014-04-25,0.048
ZPL.TO,2014-05-27,0.048
ZPL.TO,2014-06-25,0.048
ZPL.TO,2014-07-28,0.048
ZPL.TO,2014-08-26,0.048
ZPL.TO,2014-09-25,0.046
ZPL.TO,2014-10-28,0.046
ZPL.TO,2014-11-24,0.046
ZPL.TO,2014-12-24,0.058
ZPL.TO,2015-01-27,0.046
ZPL.TO,2015-02-24,0.046
ZPL.TO,2015-03-26,0.046
ZPL.TO,2015-04-27,0.046
ZPL.TO,2015-05-26,0.046
ZPL.TO,2015-06-25,0.046
ZPL.TO,2015-07-28,0.046
ZPL.TO,2015-08-26,0.046
ZPL.TO,2015-09-25,0.046
ZPL.TO,2015-10-27,0.046
ZPL.TO,2015-11-25,0.048
ZPL.TO,2015-12-24,0.055
ZPL.TO,2016-01-26,0.046
ZPL.TO,2016-02-24,0.046
ZPL.TO,2016-03-28,0.046
ZPL.TO,2016-04-26,0.046
ZPL.TO,2016-05-24,0.046
ZPL.TO,2016-05-26,0.046
ZPL.TO,2016-06-27,0.046
ZPL.TO,2016-07-26,0.046
ZPL.TO,2016-08-26,0.046
ZPL.TO,2016-09-27,0.044
ZPL.TO,2016-10-26,0.044
ZPL.TO,2016-11-25,0.044
ZPL.TO,2016-12-23,0.053
ZPL.TO,2017-01-26,0.044
ZPL.TO,2017-02-23,0.044
ZPL.TO,2017-03-28,0.044
ZPL.TO,2017-04-25,0.044
ZPL.TO,2017-05-26,0.044
ZPL.TO,2017-06-27,0.044
ZPL.TO,2017-07-26,0.044
ZPL.TO,2017-08-28,0.044
ZPL.TO,2017-09-27,0.044
ZPL.TO,2017-10-27,0.044
ZPL.TO,2017-11-28,0.044
ZPL.TO,2017-12-27,0.044
ZPL.TO,2018-01-29,0.044
ZPL.TO,2018-02-26,0.044
ZPL.TO,2018-03-27,0.043
ZPL.TO,2018-04-26,0.043
ZPL.TO,2018-05-29,0.043
ZPL.TO,2018-06-27,0.043
ZPL.TO,2018-07-27,0.043
ZPL.TO,2018-08-29,0.043
ZPL.TO,2018-09-26,0.043
ZPL.TO,2018-10-29,0.043
ZPL.TO,2018-11-28,0.043
ZPL.TO,2018-12-27,0.051
ZPL.TO,2019-01-29,0.045
ZPL.TO,2019-02-26,0.045
ZPL.TO,2019-03-27,0.045
ZPL.TO,2019-04-26,0.045
ZPL.TO,2019-05-29,0.045
ZPL.TO,2019-06-26,0.045
ZPL.TO,2019-07-29,0.045
ZPL.TO,2019-08-28,0.045
ZPL.TO,2019-09-26,0.045
ZPL.TO,2019-10-29,0.045
ZPL.TO,2019-11-27,0.045
ZPL.TO,2019-12-27,0.045
ZPL.TO,2020-01-29,0.045
ZPL.TO,2020-02-26,0.045
ZPL.TO,2020-03-27,0.045
ZPL.TO,2020-04-28,0.045
ZPL.TO,2020-05-27,0.045
ZPL.TO,2020-06-26,0.045
ZPL.TO,2020-07-29,0.045
ZPL.TO,2020-08-27,0.045
ZPL.TO,2020-09-28,0.045
ZPL.TO,2020-10-28,0.045
ZPL.TO,2020-11-27,0.045
ZPL.TO,2020-12-29,0.045
ZPL.TO,2021-01-27,0.045
ZPL.TO,2021-02-24,0.045
ZPL.TO,2021-03-29,0.045
ZPL.TO,2021-04-28,0.045
ZPL.TO,2021-05-26,0.045
ZPL.TO,2021-06-28,0.045
ZPL.TO,2021-07-28,0.045
ZPL.TO,2021-08-27,0.045
ZPL.TO,2021-09-28,0.045
ZPL.TO,2021-10-27,0.045
ZPL.TO,2021-11-26,0.045
ZPL.TO,2021-12-29,0.045
ZPL.TO,2022-01-27,0.045
ZPL.TO,2022-02-24,0.045
ZPL.TO,2022-03-29,0.045
ZPL.TO,2022-04-27,0.045
ZPL.TO,2022-05-27,0.045
ZPL.TO,2022-06-28,0.045
ZPL.TO,2022-07-27,0.045
ZPL.TO,2022-08-29,0.045
ZPL.TO,2022-09-28,0.045
ZPL.TO,2022-10-27,0.045
ZPL.TO,2022-11-28,0.045
ZPL.TO,2022-12-28,0.045
ZPL.TO,2023-01-27,0.045
ZPL.TO,2023-02-24,0.045
ZPL.TO,2023-03-29,0.045
ZPL.TO,2023-04-26,0.045
ZPL.TO,2023-05-30,0.045
ZPL.TO,2023-06-28,0.045
ZPL.TO,2023-07-27,0.045
ZPL.TO,2023-08-29,0.045
ZPL.TO,2023-09-27,0.045
ZPL.TO,2023-10-27,0.045
ZPL.TO,2023-11-28,0.045
ZPL.TO,2023-12-27,0.045
ZPL.TO,2024-01-29,0.045
ZPL.TO,2024-02-27,0.045
ZPL.TO,2024-03-27,0.04
ZPL.TO,2024-04-26,0.04
ZPL.TO,2024-05-30,0.04
ZPL.TO,2024-06-27,0.04
ZPL.TO,2024-07-30,0.04
ZPL.TO,2024-08-29,0.04
ZPL.TO,2024-09-27,0.04
ZPL.TO,2024-10-30,0.04
ZPL.TO,2024-11-27,0.04
ZPL.TO,2024-12-30,0.04
ZPL.TO,2025-01-30,0.04
ZPL.TO,2025-02-27,0.04
ZPL.TO,2025-03-28,0.04
ZPL.TO,2025-04-29,0.04
ZPL.TO,2025-05-29,0.04
ZPL.TO,2025-06-27,0.037
ZPL.TO,2025-07-30,0.037
ZPL.TO,2025-08-28,0.037
ZPL.TO,2025-09-29,0.037
ZPL.TO,2025-10-30,0.037
ZPL.TO,2025-11-26,0.037
ZPR.TO,2012-12-24,0.053
ZPR.TO,2013-01-28,0.054
ZPR.TO,2013-02-25,0.054
ZPR.TO,2013-03-25,0.054
ZPR.TO,2013-04-25,0.054
ZPR.TO,2013-05-28,0.054
ZPR.TO,2013-06-25,0.053
ZPR.TO,2013-07-26,0.053
ZPR.TO,2013-08-27,0.053
ZPR.TO,2013-09-25,0.053
ZPR.TO,2013-10-28,0.053
ZPR.TO,2013-11-26,0.053
ZPR.TO,2013-12-24,0.053
ZPR.TO,2014-01-28,0.053
ZPR.TO,2014-02-25,0.053
ZPR.TO,2014-03-26,0.051
ZPR.TO,2014-04-25,0.051
ZPR.TO,2014-05-27,0.051
ZPR.TO,2014-06-25,0.051
ZPR.TO,2014-07-28,0.051
ZPR.TO,2014-08-26,0.051
ZPR.TO,2014-09-25,0.048
ZPR.TO,2014-10-28,0.048
ZPR.TO,2014-11-24,0.048
ZPR.TO,2014-12-24,0.048
ZPR.TO,2015-01-27,0.048
ZPR.TO,2015-02-24,0.048
ZPR.TO,2015-03-26,0.048
ZPR.TO,2015-04-27,0.048
ZPR.TO,2015-05-26,0.048
ZPR.TO,2015-06-25,0.045
ZPR.TO,2015-07-28,0.045
ZPR.TO,2015-08-26,0.045
ZPR.TO,2015-09-25,0.045
ZPR.TO,2015-10-27,0.045
ZPR.TO,2015-11-25,0.05
ZPR.TO,2015-12-24,0.05
ZPR.TO,2016-01-26,0.045
ZPR.TO,2016-02-24,0.045
ZPR.TO,2016-04-26,0.045
ZPR.TO,2016-05-24,0.045
ZPR.TO,2016-05-26,0.045
ZPR.TO,2016-06-27,0.045
ZPR.TO,2016-07-26,0.045
ZPR.TO,2016-08-26,0.045
ZPR.TO,2016-09-27,0.043
ZPR.TO,2016-10-26,0.043
ZPR.TO,2016-11-25,0.043
ZPR.TO,2016-12-23,0.043
ZPR.TO,2017-01-26,0.042
ZPR.TO,2017-02-23,0.042
ZPR.TO,2017-03-28,0.04
ZPR.TO,2017-04-25,0.04
ZPR.TO,2017-05-26,0.04
ZPR.TO,2017-06-27,0.035
ZPR.TO,2017-07-26,0.035
ZPR.TO,2017-08-28,0.035
ZPR.TO,2017-09-27,0.038
ZPR.TO,2017-10-27,0.038
ZPR.TO,2017-11-28,0.038
ZPR.TO,2017-12-27,0.041
ZPR.TO,2018-01-29,0.038
ZPR.TO,2018-02-26,0.038
ZPR.TO,2018-03-27,0.038
ZPR.TO,2018-04-26,0.038
ZPR.TO,2018-05-29,0.038
ZPR.TO,2018-06-27,0.04
ZPR.TO,2018-07-27,0.04
ZPR.TO,2018-08-29,0.04
ZPR.TO,2018-09-26,0.04
ZPR.TO,2018-10-29,0.04
ZPR.TO,2018-11-28,0.04
ZPR.TO,2018-12-27,0.048
ZPR.TO,2019-01-29,0.043
ZPR.TO,2019-02-26,0.043
ZPR.TO,2019-03-27,0.043
ZPR.TO,2019-04-26,0.043
ZPR.TO,2019-05-29,0.043
ZPR.TO,2019-06-26,0.043
ZPR.TO,2019-07-29,0.043
ZPR.TO,2019-08-28,0.043
ZPR.TO,2019-09-26,0.043
ZPR.TO,2019-10-29,0.043
ZPR.TO,2019-11-27,0.043
ZPR.TO,2019-12-27,0.043
ZPR.TO,2020-01-29,0.045
ZPR.TO,2020-02-26,0.043
ZPR.TO,2020-03-27,0.045
ZPR.TO,2020-04-28,0.045
ZPR.TO,2020-05-27,0.045
ZPR.TO,2020-06-26,0.045
ZPR.TO,2020-07-29,0.045
ZPR.TO,2020-08-27,0.045
ZPR.TO,2020-09-28,0.045
ZPR.TO,2020-10-28,0.045
ZPR.TO,2020-11-27,0.045
ZPR.TO,2020-12-29,0.045
ZPR.TO,2021-01-27,0.045
ZPR.TO,2021-02-24,0.045
ZPR.TO,2021-03-29,0.045
ZPR.TO,2021-04-28,0.045
ZPR.TO,2021-05-26,0.045
ZPR.TO,2021-06-28,0.045
ZPR.TO,2021-07-28,0.045
ZPR.TO,2021-08-27,0.045
ZPR.TO,2021-09-28,0.045
ZPR.TO,2021-10-27,0.045
ZPR.TO,2021-11-26,0.045
ZPR.TO,2021-12-29,0.045
ZPR.TO,2022-01-27,0.045
ZPR.TO,2022-02-24,0.045
ZPR.TO,2022-03-29,0.045
ZPR.TO,2022-04-27,0.045
ZPR.TO,2022-05-27,0.045
ZPR.TO,2022-06-28,0.045
ZPR.TO,2022-07-27,0.045
ZPR.TO,2022-08-29,0.045
ZPR.TO,2022-09-28,0.045
ZPR.TO,2022-10-27,0.045
ZPR.TO,2022-11-28,0.045
ZPR.TO,2022-12-28,0.045
ZPR.TO,2023-01-27,0.045
ZPR.TO,2023-02-24,0.045
ZPR.TO,2023-03-29,0.045
ZPR.TO,2023-04-26,0.045
ZPR.TO,2023-05-30,0.045
ZPR.TO,2023-06-28,0.045
ZPR.TO,2023-07-27,0.045
ZPR.TO,2023-08-29,0.045
ZPR.TO,2023-09-27,0.045
ZPR.TO,2023-10-27,0.045
ZPR.TO,2023-11-28,0.045
ZPR.TO,2023-12-27,0.045
ZPR.TO,2024-01-29,0.045
ZPR.TO,2024-02-27,0.045
ZPR.TO,2024-03-27,0.045
ZPR.TO,2024-04-26,0.045
ZPR.TO,2024-05-30,0.045
ZPR.TO,2024-06-27,0.045
ZPR.TO,2024-07-30,0.045
ZPR.TO,2024-08-29,0.045
ZPR.TO,2024-09-27,0.045
ZPR.TO,2024-10-30,0.045
ZPR.TO,2024-11-27,0.045
ZPR.TO,2024-12-30,0.045
ZPR.TO,2025-01-30,0.045
ZPR.TO,2025-02-27,0.045
ZPR.TO,2025-03-28,0.045
ZPR.TO,2025-04-29,0.045
ZPR.TO,2025-05-29,0.045
ZPR.TO,2025-06-27,0.05
ZPR.TO,2025-07-30,0.05
ZPR.TO,2025-08-28,0.05
ZPR.TO,2025-09-29,0.056
ZPR.TO,2025-10-30,0.056
ZPR.TO,2025-11-26,0.056
ZPS.TO,2010-06-25,0.161
ZPS.TO,2010-09-27,0.16
ZPS.TO,2010-12-24,0.162
ZPS.TO,2011-01-26,0.053
ZPS.TO,2011-02-23,0.053
ZPS.TO,2011-03-28,0.053
ZPS.TO,2011-04-26,0.052
ZPS.TO,2011-05-26,0.052
ZPS.TO,2011-06-27,0.052
ZPS.TO,2011-07-26,0.051
ZPS.TO,2011-08-26,0.051
ZPS.TO,2011-09-27,0.051
ZPS.TO,2011-10-26,0.05
ZPS.TO,2011-11-25,0.05
ZPS.TO,2011-12-23,0.048
ZPS.TO,2012-01-26,0.048
ZPS.TO,2012-02-24,0.048
ZPS.TO,2012-03-27,0.048
ZPS.TO,2012-04-25,0.048
ZPS.TO,2012-05-28,0.048
ZPS.TO,2012-06-26,0.046
ZPS.TO,2012-07-26,0.046
ZPS.TO,2012-08-28,0.046
ZPS.TO,2012-09-25,0.044
ZPS.TO,2012-10-26,0.044
ZPS.TO,2012-11-27,0.044
ZPS.TO,2012-12-24,0.044
ZPS.TO,2013-01-28,0.044
ZPS.TO,2013-02-25,0.044
ZPS.TO,2013-03-25,0.044
ZPS.TO,2013-04-25,0.044
ZPS.TO,2013-05-28,0.044
ZPS.TO,2013-06-25,0.041
ZPS.TO,2013-07-26,0.041
ZPS.TO,2013-08-27,0.041
ZPS.TO,2013-09-25,0.041
ZPS.TO,2013-10-28,0.041
ZPS.TO,2013-11-26,0.041
ZPS.TO,2013-12-24,0.041
ZPS.TO,2014-01-28,0.039
ZPS.TO,2014-02-25,0.039
ZPS.TO,2014-03-26,0.039
ZPS.TO,2014-04-25,0.039
ZPS.TO,2014-05-27,0.039
ZPS.TO,2014-06-25,0.039
ZPS.TO,2014-07-28,0.039
ZPS.TO,2014-08-26,0.039
ZPS.TO,2014-09-25,0.036
ZPS.TO,2014-10-28,0.036
ZPS.TO,2014-11-24,0.036
ZPS.TO,2014-12-24,0.036
ZPS.TO,2015-01-27,0.036
ZPS.TO,2015-02-24,0.036
ZPS.TO,2015-03-26,0.036
ZPS.TO,2015-04-27,0.036
ZPS.TO,2015-05-26,0.036
ZPS.TO,2015-06-25,0.036
ZPS.TO,2015-07-28,0.036
ZPS.TO,2015-08-26,0.036
ZPS.TO,2015-09-25,0.036
ZPS.TO,2015-10-27,0.036
ZPS.TO,2015-11-25,0.036
ZPS.TO,2015-12-24,0.036
ZPS.TO,2016-01-26,0.036
ZPS.TO,2016-02-24,0.036
ZPS.TO,2016-03-28,0.036
ZPS.TO,2016-04-26,0.036
ZPS.TO,2016-05-24,0.036
ZPS.TO,2016-05-26,0.036
ZPS.TO,2016-06-27,0.036
ZPS.TO,2016-07-26,0.036
ZPS.TO,2016-08-26,0.036
ZPS.TO,2016-09-27,0.036
ZPS.TO,2016-10-26,0.036
ZPS.TO,2016-11-25,0.036
ZPS.TO,2016-12-23,0.036
ZPS.TO,2017-01-26,0.036
ZPS.TO,2017-02-23,0.036
ZPS.TO,2017-03-28,0.036
ZPS.TO,2017-04-25,0.036
ZPS.TO,2017-05-26,0.036
ZPS.TO,2017-06-27,0.034
ZPS.TO,2017-07-26,0.034
ZPS.TO,2017-08-28,0.034
ZPS.TO,2017-09-27,0.036
ZPS.TO,2017-10-27,0.036
ZPS.TO,2017-11-28,0.036
ZPS.TO,2017-12-27,0.036
ZPS.TO,2018-01-29,0.035
ZPS.TO,2018-02-26,0.035
ZPS.TO,2018-03-27,0.034
ZPS.TO,2018-04-26,0.034
ZPS.TO,2018-05-29,0.034
ZPS.TO,2018-06-27,0.034
ZPS.TO,2018-07-27,0.034
ZPS.TO,2018-08-29,0.034
ZPS.TO,2018-09-26,0.034
ZPS.TO,2018-10-29,0.034
ZPS.TO,2018-11-28,0.034
ZPS.TO,2018-12-27,0.034
ZPS.TO,2019-01-29,0.036
ZPS.TO,2019-02-26,0.036
ZPS.TO,2019-03-27,0.036
ZPS.TO,2019-04-26,0.036
ZPS.TO,2019-05-29,0.036
ZPS.TO,2019-06-26,0.036
ZPS.TO,2019-07-29,0.036
ZPS.TO,2019-08-28,0.036
ZPS.TO,2019-09-26,0.036
ZPS.TO,2019-10-29,0.036
ZPS.TO,2019-11-27,0.036
ZPS.TO,2019-12-27,0.036
ZPS.TO,2020-01-29,0.034
ZPS.TO,2020-02-26,0.036
ZPS.TO,2020-03-27,0.034
ZPS.TO,2020-04-28,0.034
ZPS.TO,2020-05-27,0.034
ZPS.TO,2020-06-26,0.034
ZPS.TO,2020-07-29,0.034
ZPS.TO,2020-08-27,0.034
ZPS.TO,2020-09-28,0.034
ZPS.TO,2020-10-28,0.034
ZPS.TO,2020-11-27,0.032
ZPS.TO,2020-12-29,0.032
ZPS.TO,2021-01-27,0.032
ZPS.TO,2021-02-24,0.032
ZPS.TO,2021-03-29,0.032
ZPS.TO,2021-04-28,0.032
ZPS.TO,2021-05-26,0.032
ZPS.TO,2021-06-28,0.032
ZPS.TO,2021-07-28,0.032
ZPS.TO,2021-08-27,0.032
ZPS.TO,2021-09-28,0.032
ZPS.TO,2021-10-27,0.032
ZPS.TO,2021-11-26,0.032
ZPS.TO,2021-12-29,0.032
ZPS.TO,2022-01-27,0.032
ZPS.TO,2022-02-24,0.032
ZPS.TO,2022-03-29,0.032
ZPS.TO,2022-04-27,0.032
ZPS.TO,2022-05-27,0.032
ZPS.TO,2022-06-28,0.032
ZPS.TO,2022-07-27,0.032
ZPS.TO,2022-08-29,0.03
ZPS.TO,2022-09-28,0.03
ZPS.TO,2022-10-27,0.03
ZPS.TO,2022-11-28,0.03
ZPS.TO,2022-12-28,0.03
ZPS.TO,2023-01-27,0.03
ZPS.TO,2023-02-24,0.03
ZPS.TO,2023-03-29,0.03
ZPS.TO,2023-04-26,0.03
ZPS.TO,2023-05-30,0.03
ZPS.TO,2023-06-28,0.03
ZPS.TO,2023-07-27,0.03
ZPS.TO,2023-08-29,0.03
ZPS.TO,2023-09-27,0.03
ZPS.TO,2023-10-27,0.03
ZPS.TO,2023-11-28,0.03
ZPS.TO,2023-12-27,0.03
ZPS.TO,2024-01-29,0.03
ZPS.TO,2024-02-27,0.03
ZPS.TO,2024-03-27,0.03
ZPS.TO,2024-04-26,0.03
ZPS.TO,2024-05-30,0.03
ZPS.TO,2024-06-27,0.03
ZPS.TO,2024-07-30,0.03
ZPS.TO,2024-08-29,0.03
ZPS.TO,2024-09-27,0.03
ZPS.TO,2024-10-30,0.03
ZPS.TO,2024-11-27,0.03
ZPS.TO,2024-12-30,0.03
ZPS.TO,2025-01-30,0.03
ZPS.TO,2025-02-27,0.03
ZPS.TO,2025-03-28,0.03
ZPS.TO,2025-04-29,0.03
ZPS.TO,2025-05-29,0.03
ZPS.TO,2025-06-27,0.03
ZPS.TO,2025-07-30,0.03
ZPS.TO,2025-08-28,0.03
ZPS.TO,2025-09-29,0.03
ZPS.TO,2025-10-30,0.03
ZPS.TO,2025-11-26,0.03
ZPW.TO,2015-09-25,0.12
ZPW.TO,2015-10-27,0.12
ZPW.TO,2015-11-25,0.12
ZPW.TO,2015-12-24,0.12
ZPW.TO,2016-01-26,0.12
ZPW.TO,2016-02-24,0.12
ZPW.TO,2016-04-26,0.12
ZPW.TO,2016-05-24,0.12
ZPW.TO,2016-06-27,0.12
ZPW.TO,2016-07-26,0.12
ZPW.TO,2016-08-26,0.12
ZPW.TO,2016-09-27,0.115
ZPW.TO,2016-10-26,0.115
ZPW.TO,2016-11-25,0.115
ZPW.TO,2016-12-23,0.115
ZPW.TO,2017-01-26,0.115
ZPW.TO,2017-02-23,0.115
ZPW.TO,2017-03-28,0.107
ZPW.TO,2017-04-25,0.107
ZPW.TO,2017-05-26,0.107
ZPW.TO,2017-06-27,0.095
ZPW.TO,2017-07-26,0.095
ZPW.TO,2017-08-28,0.095
ZPW.TO,2017-09-27,0.095
ZPW.TO,2017-10-27,0.095
ZPW.TO,2017-11-28,0.095
ZPW.TO,2017-12-27,0.095
ZPW.TO,2018-01-29,0.095
ZPW.TO,2018-02-26,0.095
ZPW.TO,2018-03-27,0.095
ZPW.TO,2018-04-26,0.095
ZPW.TO,2018-05-29,0.095
ZPW.TO,2018-06-27,0.095
ZPW.TO,2018-07-27,0.095
ZPW.TO,2018-08-29,0.095
ZPW.TO,2018-09-26,0.095
ZPW.TO,2018-10-29,0.095
ZPW.TO,2018-11-28,0.095
ZPW.TO,2018-12-27,0.095
ZPW.TO,2019-01-29,0.095
ZPW.TO,2019-02-26,0.095
ZPW.TO,2019-03-27,0.095
ZPW.TO,2019-04-26,0.095
ZPW.TO,2019-05-29,0.095
ZPW.TO,2019-06-26,0.095
ZPW.TO,2019-07-29,0.095
ZPW.TO,2019-08-28,0.095
ZPW.TO,2019-09-26,0.095
ZPW.TO,2019-10-29,0.095
ZPW.TO,2019-11-27,0.095
ZPW.TO,2019-12-27,0.095
ZPW.TO,2020-01-29,0.095
ZPW.TO,2020-02-26,0.095
ZPW.TO,2020-03-27,0.095
ZPW.TO,2020-04-28,0.095
ZPW.TO,2020-05-27,0.095
ZPW.TO,2020-06-26,0.095
ZPW.TO,2020-07-29,0.095
ZPW.TO,2020-08-27,0.095
ZPW.TO,2020-09-28,0.095
ZPW.TO,2020-10-28,0.095
ZPW.TO,2020-11-27,0.095
ZPW.TO,2020-12-29,0.095
ZPW.TO,2021-01-27,0.095
ZPW.TO,2021-02-24,0.095
ZPW.TO,2021-03-29,0.095
ZPW.TO,2021-04-28,0.095
ZPW.TO,2021-05-26,0.095
ZPW.TO,2021-06-28,0.095
ZPW.TO,2021-07-28,0.095
ZPW.TO,2021-08-27,0.095
ZPW.TO,2021-09-28,0.095
ZPW.TO,2021-10-27,0.095
ZPW.TO,2021-11-26,0.095
ZPW.TO,2021-12-29,0.095
ZPW.TO,2022-01-27,0.095
ZPW.TO,2022-02-24,0.095
ZPW.TO,2022-03-29,0.095
ZPW.TO,2022-04-27,0.095
ZPW.TO,2022-05-27,0.095
ZPW.TO,2022-06-28,0.095
ZPW.TO,2022-07-27,0.095
ZPW.TO,2022-08-29,0.095
ZPW.TO,2022-09-28,0.095
ZPW.TO,2022-10-27,0.095
ZPW.TO,2022-11-28,0.095
ZPW.TO,2022-12-28,0.095
ZPW.TO,2023-01-27,0.095
ZPW.TO,2023-02-24,0.095
ZPW.TO,2023-03-29,0.095
ZPW.TO,2023-04-26,0.095
ZPW.TO,2023-05-30,0.095
ZPW.TO,2023-06-28,0.095
ZPW.TO,2023-07-27,0.095
ZPW.TO,2023-08-29,0.095
ZPW.TO,2023-09-27,0.095
ZPW.TO,2023-10-27,0.095
ZPW.TO,2023-11-28,0.115
ZPW.TO,2023-12-27,0.12
ZPW.TO,2024-01-29,0.115
ZPW.TO,2024-02-27,0.125
ZPW.TO,2024-03-27,0.125
ZPW.TO,2024-04-26,0.125
ZPW.TO,2024-05-30,0.125
ZPW.TO,2024-06-27,0.125
ZPW.TO,2024-07-30,0.125
ZPW.TO,2024-08-29,0.125
ZPW.TO,2024-09-27,0.125
ZPW.TO,2024-10-30,0.125
ZPW.TO,2024-11-27,0.125
ZPW.TO,2024-12-30,0.125
ZPW.TO,2025-01-30,0.125
ZPW.TO,2025-02-27,0.125
ZPW.TO,2025-03-28,0.125
ZPW.TO,2025-04-29,0.125
ZPW.TO,2025-05-29,0.125
ZPW.TO,2025-06-27,0.125
ZPW.TO,2025-07-30,0.125
ZPW.TO,2025-08-28,0.125
ZPW.TO,2025-09-29,0.125
ZPW.TO,2025-10-30,0.125
ZPW.TO,2025-11-26,0.125
ZQB.TO,2020-03-27,0.19
ZQB.TO,2020-06-26,0.19
ZQB.TO,2020-09-28,0.19
ZQB.TO,2020-12-29,0.19
ZQB.TO,2021-03-29,0.19
ZQB.TO,2021-06-28,0.19
ZQB.TO,2021-09-28,0.19
ZQB.TO,2021-12-29,0.19
ZQB.TO,2022-03-29,0.19
ZQB.TO,2022-06-28,0.19
ZQB.TO,2022-09-28,0.19
ZQB.TO,2022-12-28,0.19
ZQB.TO,2023-03-29,0.21
ZQB.TO,2023-06-28,0.21
ZQB.TO,2023-09-27,0.21
ZQB.TO,2023-12-27,0.21
ZQB.TO,2024-03-27,0.24
ZQB.TO,2024-06-27,0.24
ZQB.TO,2024-09-27,0.25
ZQB.TO,2024-12-30,0.25
ZQB.TO,2025-03-28,0.25
ZQB.TO,2025-06-27,0.27
ZQB.TO,2025-09-29,0.276
ZQQ.TO,2010-03-26,0.024
ZQQ.TO,2010-06-25,0.019
ZQQ.TO,2010-09-27,0.026
ZQQ.TO,2010-12-24,0.014
ZQQ.TO,2011-12-23,0.113
ZQQ.TO,2012-12-24,0.155
ZQQ.TO,2013-12-24,0.265
ZQQ.TO,2014-12-24,0.465
ZQQ.TO,2015-12-24,0.285
ZQQ.TO,2016-12-23,0.31
ZQQ.TO,2017-12-27,0.277
ZQQ.TO,2018-12-27,0.302
ZQQ.TO,2019-12-27,0.33
ZQQ.TO,2020-12-29,0.38
ZQQ.TO,2021-12-29,0.16
ZQQ.TO,2022-12-28,0.35
ZQQ.TO,2023-12-27,0.38
ZQQ.TO,2024-12-30,0.538
ZRE.TO,2010-12-24,0.341
ZRE.TO,2011-01-26,0.085
ZRE.TO,2011-02-23,0.085
ZRE.TO,2011-03-28,0.085
ZRE.TO,2011-04-26,0.084
ZRE.TO,2011-05-26,0.084
ZRE.TO,2011-06-27,0.084
ZRE.TO,2011-07-26,0.083
ZRE.TO,2011-08-26,0.083
ZRE.TO,2011-09-27,0.083
ZRE.TO,2011-10-26,0.084
ZRE.TO,2011-11-25,0.084
ZRE.TO,2011-12-23,0.083
ZRE.TO,2012-01-26,0.086
ZRE.TO,2012-02-24,0.083
ZRE.TO,2012-03-27,0.083
ZRE.TO,2012-04-25,0.083
ZRE.TO,2012-05-28,0.083
ZRE.TO,2012-06-26,0.083
ZRE.TO,2012-07-26,0.083
ZRE.TO,2012-08-28,0.083
ZRE.TO,2012-09-25,0.081
ZRE.TO,2012-10-26,0.081
ZRE.TO,2012-11-27,0.081
ZRE.TO,2012-12-24,0.081
ZRE.TO,2013-01-28,0.081
ZRE.TO,2013-02-25,0.081
ZRE.TO,2013-03-25,0.081
ZRE.TO,2013-04-25,0.081
ZRE.TO,2013-05-28,0.081
ZRE.TO,2013-06-25,0.081
ZRE.TO,2013-07-26,0.081
ZRE.TO,2013-08-27,0.081
ZRE.TO,2013-09-25,0.081
ZRE.TO,2013-10-28,0.081
ZRE.TO,2013-11-26,0.081
ZRE.TO,2013-12-24,0.081
ZRE.TO,2014-01-28,0.083
ZRE.TO,2014-02-25,0.083
ZRE.TO,2014-03-26,0.083
ZRE.TO,2014-04-25,0.083
ZRE.TO,2014-05-27,0.083
ZRE.TO,2014-06-25,0.083
ZRE.TO,2014-07-28,0.083
ZRE.TO,2014-08-26,0.083
ZRE.TO,2014-09-25,0.083
ZRE.TO,2014-10-28,0.083
ZRE.TO,2014-11-24,0.083
ZRE.TO,2014-12-24,0.083
ZRE.TO,2015-01-27,0.083
ZRE.TO,2015-02-24,0.083
ZRE.TO,2015-03-26,0.088
ZRE.TO,2015-04-27,0.088
ZRE.TO,2015-05-26,0.088
ZRE.TO,2015-06-25,0.088
ZRE.TO,2015-07-28,0.088
ZRE.TO,2015-08-26,0.088
ZRE.TO,2015-09-25,0.088
ZRE.TO,2015-10-27,0.088
ZRE.TO,2015-11-25,0.088
ZRE.TO,2015-12-24,0.088
ZRE.TO,2016-01-26,0.085
ZRE.TO,2016-02-24,0.088
ZRE.TO,2016-03-28,0.088
ZRE.TO,2016-04-26,0.088
ZRE.TO,2016-05-24,0.088
ZRE.TO,2016-05-26,0.088
ZRE.TO,2016-06-27,0.088
ZRE.TO,2016-07-26,0.088
ZRE.TO,2016-08-26,0.088
ZRE.TO,2016-09-27,0.088
ZRE.TO,2016-10-26,0.088
ZRE.TO,2016-11-25,0.088
ZRE.TO,2016-12-23,0.088
ZRE.TO,2017-01-26,0.088
ZRE.TO,2017-02-23,0.088
ZRE.TO,2017-03-28,0.088
ZRE.TO,2017-04-25,0.088
ZRE.TO,2017-05-26,0.088
ZRE.TO,2017-06-27,0.088
ZRE.TO,2017-07-26,0.088
ZRE.TO,2017-08-28,0.088
ZRE.TO,2017-09-27,0.088
ZRE.TO,2017-10-27,0.088
ZRE.TO,2017-11-28,0.088
ZRE.TO,2017-12-27,0.088
ZRE.TO,2018-01-29,0.085
ZRE.TO,2018-02-26,0.085
ZRE.TO,2018-03-27,0.085
ZRE.TO,2018-04-26,0.085
ZRE.TO,2018-05-29,0.085
ZRE.TO,2018-06-27,0.085
ZRE.TO,2018-07-27,0.085
ZRE.TO,2018-08-29,0.085
ZRE.TO,2018-09-26,0.085
ZRE.TO,2018-10-29,0.085
ZRE.TO,2018-11-28,0.085
ZRE.TO,2018-12-27,0.085
ZRE.TO,2019-01-29,0.085
ZRE.TO,2019-02-26,0.085
ZRE.TO,2019-03-27,0.085
ZRE.TO,2019-04-26,0.085
ZRE.TO,2019-05-29,0.085
ZRE.TO,2019-06-26,0.085
ZRE.TO,2019-07-29,0.085
ZRE.TO,2019-08-28,0.085
ZRE.TO,2019-09-26,0.085
ZRE.TO,2019-10-29,0.085
ZRE.TO,2019-11-27,0.085
ZRE.TO,2019-12-27,0.1
ZRE.TO,2020-01-29,0.09
ZRE.TO,2020-02-26,0.1
ZRE.TO,2020-03-27,0.09
ZRE.TO,2020-04-28,0.09
ZRE.TO,2020-05-27,0.09
ZRE.TO,2020-06-26,0.09
ZRE.TO,2020-07-29,0.09
ZRE.TO,2020-08-27,0.09
ZRE.TO,2020-09-28,0.09
ZRE.TO,2020-10-28,0.09
ZRE.TO,2020-11-27,0.09
ZRE.TO,2020-12-29,0.09
ZRE.TO,2021-01-27,0.09
ZRE.TO,2021-02-24,0.09
ZRE.TO,2021-03-29,0.09
ZRE.TO,2021-04-28,0.09
ZRE.TO,2021-05-26,0.09
ZRE.TO,2021-06-28,0.09
ZRE.TO,2021-07-28,0.09
ZRE.TO,2021-08-27,0.09
ZRE.TO,2021-09-28,0.09
ZRE.TO,2021-10-27,0.09
ZRE.TO,2021-11-26,0.09
ZRE.TO,2021-12-29,0.09
ZRE.TO,2022-01-27,0.09
ZRE.TO,2022-02-24,0.09
ZRE.TO,2022-03-29,0.09
ZRE.TO,2022-04-27,0.09
ZRE.TO,2022-05-27,0.09
ZRE.TO,2022-06-28,0.09
ZRE.TO,2022-07-27,0.09
ZRE.TO,2022-08-29,0.09
ZRE.TO,2022-09-28,0.09
ZRE.TO,2022-10-27,0.09
ZRE.TO,2022-11-28,0.09
ZRE.TO,2022-12-28,0.1
ZRE.TO,2023-01-27,0.09
ZRE.TO,2023-02-24,0.09
ZRE.TO,2023-03-29,0.09
ZRE.TO,2023-04-26,0.09
ZRE.TO,2023-05-30,0.09
ZRE.TO,2023-06-28,0.09
ZRE.TO,2023-07-27,0.09
ZRE.TO,2023-08-29,0.09
ZRE.TO,2023-09-27,0.09
ZRE.TO,2023-10-27,0.09
ZRE.TO,2023-11-28,0.09
ZRE.TO,2023-12-27,0.09
ZRE.TO,2024-01-29,0.09
ZRE.TO,2024-02-27,0.09
ZRE.TO,2024-03-27,0.09
ZRE.TO,2024-04-26,0.09
ZRE.TO,2024-05-30,0.09
ZRE.TO,2024-06-27,0.09
ZRE.TO,2024-07-30,0.09
ZRE.TO,2024-08-29,0.09
ZRE.TO,2024-09-27,0.09
ZRE.TO,2024-10-30,0.09
ZRE.TO,2024-11-27,0.09
ZRE.TO,2024-12-30,0.09
ZRE.TO,2025-01-30,0.09
ZRE.TO,2025-02-27,0.09
ZRE.TO,2025-03-28,0.09
ZRE.TO,2025-04-29,0.09
ZRE.TO,2025-05-29,0.09
ZRE.TO,2025-06-27,0.09
ZRE.TO,2025-07-30,0.09
ZRE.TO,2025-08-28,0.09
ZRE.TO,2025-09-29,0.09
ZRE.TO,2025-10-30,0.09
ZRE.TO,2025-11-26,0.09
ZRR.TO,2010-12-24,0.097
ZRR.TO,2011-01-26,0.033
ZRR.TO,2011-02-23,0.033
ZRR.TO,2011-03-28,0.033
ZRR.TO,2011-04-26,0.031
ZRR.TO,2011-05-26,0.031
ZRR.TO,2011-06-27,0.031
ZRR.TO,2011-07-26,0.032
ZRR.TO,2011-08-26,0.032
ZRR.TO,2011-09-27,0.032
ZRR.TO,2011-10-26,0.03
ZRR.TO,2011-11-25,0.03
ZRR.TO,2011-12-23,0.029
ZRR.TO,2012-01-26,0.028
ZRR.TO,2012-02-24,0.028
ZRR.TO,2012-03-27,0.028
ZRR.TO,2012-04-25,0.028
ZRR.TO,2012-05-28,0.028
ZRR.TO,2012-06-26,0.028
ZRR.TO,2012-07-26,0.028
ZRR.TO,2012-08-28,0.028
ZRR.TO,2012-09-25,0.028
ZRR.TO,2012-10-26,0.028
ZRR.TO,2012-11-27,0.028
ZRR.TO,2012-12-24,0.028
ZRR.TO,2013-01-28,0.028
ZRR.TO,2013-02-25,0.028
ZRR.TO,2013-03-25,0.028
ZRR.TO,2013-04-25,0.028
ZRR.TO,2013-05-28,0.028
ZRR.TO,2013-06-25,0.026
ZRR.TO,2013-07-26,0.026
ZRR.TO,2013-08-27,0.026
ZRR.TO,2013-09-25,0.026
ZRR.TO,2013-10-28,0.026
ZRR.TO,2013-11-26,0.026
ZRR.TO,2013-12-24,0.036
ZRR.TO,2014-01-28,0.026
ZRR.TO,2014-02-25,0.026
ZRR.TO,2014-03-26,0.026
ZRR.TO,2014-04-25,0.026
ZRR.TO,2014-05-27,0.026
ZRR.TO,2014-06-25,0.026
ZRR.TO,2014-07-28,0.026
ZRR.TO,2014-08-26,0.026
ZRR.TO,2014-09-25,0.026
ZRR.TO,2014-10-28,0.026
ZRR.TO,2014-11-24,0.026
ZRR.TO,2014-12-24,0.051
ZRR.TO,2015-01-27,0.026
ZRR.TO,2015-02-24,0.026
ZRR.TO,2015-03-26,0.026
ZRR.TO,2015-04-27,0.026
ZRR.TO,2015-05-26,0.026
ZRR.TO,2015-06-25,0.026
ZRR.TO,2015-07-28,0.026
ZRR.TO,2015-08-26,0.026
ZRR.TO,2015-09-25,0.026
ZRR.TO,2015-10-27,0.026
ZRR.TO,2015-11-25,0.03
ZRR.TO,2015-12-24,0.04
ZRR.TO,2016-01-26,0.025
ZRR.TO,2016-02-24,0.025
ZRR.TO,2016-03-28,0.025
ZRR.TO,2016-04-26,0.025
ZRR.TO,2016-05-24,0.025
ZRR.TO,2016-05-26,0.025
ZRR.TO,2016-06-27,0.025
ZRR.TO,2016-07-26,0.025
ZRR.TO,2016-08-26,0.025
ZRR.TO,2016-09-27,0.024
ZRR.TO,2016-10-26,0.024
ZRR.TO,2016-11-25,0.024
ZRR.TO,2016-12-23,0.06
ZRR.TO,2017-01-26,0.03
ZRR.TO,2017-02-23,0.03
ZRR.TO,2017-03-28,0.03
ZRR.TO,2017-04-25,0.03
ZRR.TO,2017-05-26,0.03
ZRR.TO,2017-06-27,0.03
ZRR.TO,2017-07-26,0.03
ZRR.TO,2017-08-28,0.03
ZRR.TO,2017-09-27,0.03
ZRR.TO,2017-10-27,0.03
ZRR.TO,2017-11-28,0.03
ZRR.TO,2017-12-27,0.03
ZRR.TO,2018-01-29,0.03
ZRR.TO,2018-02-26,0.03
ZRR.TO,2018-03-27,0.03
ZRR.TO,2018-04-26,0.03
ZRR.TO,2018-05-29,0.03
ZRR.TO,2018-06-27,0.03
ZRR.TO,2018-07-27,0.03
ZRR.TO,2018-08-29,0.03
ZRR.TO,2018-09-26,0.03
ZRR.TO,2018-10-29,0.03
ZRR.TO,2018-11-28,0.035
ZRR.TO,2018-12-27,0.035
ZRR.TO,2019-01-29,0.035
ZRR.TO,2019-02-26,0.035
ZRR.TO,2019-03-27,0.035
ZRR.TO,2019-04-26,0.035
ZRR.TO,2019-05-29,0.035
ZRR.TO,2019-06-26,0.035
ZRR.TO,2019-07-29,0.035
ZRR.TO,2019-08-28,0.035
ZRR.TO,2019-09-26,0.035
ZRR.TO,2019-10-29,0.035
ZRR.TO,2019-11-27,0.035
ZRR.TO,2019-12-27,0.035
ZRR.TO,2020-01-29,0.035
ZRR.TO,2020-02-26,0.035
ZRR.TO,2020-03-27,0.035
ZRR.TO,2020-04-28,0.035
ZRR.TO,2020-05-27,0.035
ZRR.TO,2020-06-26,0.035
ZRR.TO,2020-07-29,0.035
ZRR.TO,2020-08-27,0.035
ZRR.TO,2020-09-28,0.035
ZRR.TO,2020-10-28,0.035
ZRR.TO,2020-11-27,0.032
ZRR.TO,2020-12-29,0.032
ZRR.TO,2021-01-27,0.032
ZRR.TO,2021-02-24,0.032
ZRR.TO,2021-03-29,0.032
ZRR.TO,2021-04-28,0.032
ZRR.TO,2021-05-26,0.032
ZRR.TO,2021-06-28,0.032
ZRR.TO,2021-07-28,0.032
ZRR.TO,2021-08-27,0.032
ZRR.TO,2021-09-28,0.032
ZRR.TO,2021-10-27,0.032
ZRR.TO,2021-11-26,0.032
ZRR.TO,2021-12-29,0.032
ZRR.TO,2022-01-27,0.075
ZRR.TO,2022-02-24,0.075
ZRR.TO,2022-03-29,0.08
ZRR.TO,2022-04-27,0.08
ZRR.TO,2022-05-27,0.08
ZRR.TO,2022-06-28,0.08
ZRR.TO,2022-07-27,0.08
ZRR.TO,2022-08-29,0.09
ZRR.TO,2022-09-28,0.09
ZRR.TO,2022-10-27,0.09
ZRR.TO,2022-11-28,0.09
ZRR.TO,2022-12-28,0.09
ZRR.TO,2023-01-27,0.1
ZRR.TO,2023-02-24,0.1
ZRR.TO,2023-03-29,0.1
ZRR.TO,2023-04-26,0.1
ZRR.TO,2023-05-30,0.08
ZRR.TO,2023-06-28,0.08
ZRR.TO,2023-07-27,0.08
ZRR.TO,2023-08-29,0.08
ZRR.TO,2023-09-27,0.06
ZRR.TO,2023-10-27,0.06
ZRR.TO,2023-11-28,0.06
ZRR.TO,2023-12-27,0.06
ZRR.TO,2024-01-29,0.06
ZRR.TO,2024-02-27,0.06
ZRR.TO,2024-03-27,0.059
ZRR.TO,2024-04-26,0.059
ZRR.TO,2024-05-30,0.059
ZRR.TO,2024-06-27,0.057
ZRR.TO,2024-07-30,0.057
ZRR.TO,2024-08-29,0.057
ZRR.TO,2024-09-27,0.057
ZRR.TO,2024-10-30,0.057
ZRR.TO,2024-11-27,0.057
ZRR.TO,2024-12-30,0.057
ZRR.TO,2025-01-30,0.057
ZRR.TO,2025-02-27,0.057
ZRR.TO,2025-03-28,0.057
ZRR.TO,2025-04-29,0.057
ZRR.TO,2025-05-29,0.054
ZRR.TO,2025-06-27,0.05
ZRR.TO,2025-07-30,0.05
ZRR.TO,2025-08-28,0.05
ZRR.TO,2025-09-29,0.05
ZRR.TO,2025-10-30,0.05
ZRR.TO,2025-11-26,0.05
ZSB.TO,2018-09-26,0.3
ZSB.TO,2018-12-27,0.3
ZSB.TO,2019-03-27,0.3
ZSB.TO,2019-06-26,0.3
ZSB.TO,2019-09-26,0.3
ZSB.TO,2019-12-27,0.3
ZSB.TO,2020-03-27,0.3
ZSB.TO,2020-06-26,0.3
ZSB.TO,2020-09-28,0.3
ZSB.TO,2020-12-29,0.3
ZSB.TO,2021-03-29,0.3
ZSB.TO,2021-06-28,0.3
ZSB.TO,2021-09-28,0.3
ZSB.TO,2021-12-29,0.3
ZSB.TO,2022-03-29,0.3
ZSB.TO,2022-06-28,0.3
ZSB.TO,2022-09-28,0.3
ZSB.TO,2022-12-28,0.3
ZSB.TO,2023-03-29,0.3
ZSB.TO,2023-06-28,0.3
ZSB.TO,2023-09-27,0.3
ZSB.TO,2023-12-27,0.3
ZSB.TO,2024-03-27,0.33
ZSB.TO,2024-06-27,0.34
ZSB.TO,2024-09-27,0.37
ZSB.TO,2024-12-30,0.37
ZSB.TO,2025-03-28,0.37
ZSB.TO,2025-06-27,0.39
ZSB.TO,2025-09-29,0.39
ZSDB.TO,2024-03-27,0.11
ZSDB.TO,2024-06-27,0.1
ZSDB.TO,2024-09-27,0.1
ZSDB.TO,2024-12-30,0.1
ZSDB.TO,2025-03-28,0.1
ZSDB.TO,2025-06-27,0.1
ZSDB.TO,2025-09-29,0.1
ZSML.TO,2020-03-27,0.1
ZSML.TO,2020-06-26,0.1
ZSML.TO,2020-09-28,0.1
ZSML.TO,2020-12-29,0.1
ZSML.TO,2021-03-29,0.1
ZSML.TO,2021-06-28,0.1
ZSML.TO,2021-09-28,0.1
ZSML.TO,2021-12-29,0.1
ZSML.TO,2022-03-29,0.11
ZSML.TO,2022-06-28,0.11
ZSML.TO,2022-09-28,0.11
ZSML.TO,2022-12-28,0.26
ZSML.TO,2023-03-29,0.13
ZSML.TO,2023-06-28,0.13
ZSML.TO,2023-09-27,0.13
ZSML.TO,2023-12-27,0.17
ZSML.TO,2024-03-27,0.13
ZSML.TO,2024-06-27,0.13
ZSML.TO,2024-09-27,0.14
ZSML.TO,2024-12-30,0.14
ZSML.TO,2025-03-28,0.14
ZSML.TO,2025-06-27,0.13
ZSML.TO,2025-09-29,0.13
ZSP.TO,2012-12-24,0.01
ZSP.TO,2013-03-25,0.09
ZSP.TO,2013-06-25,0.08
ZSP.TO,2013-09-25,0.08
ZSP.TO,2013-12-24,0.08
ZSP.TO,2014-03-26,0.082
ZSP.TO,2014-06-25,0.082
ZSP.TO,2014-09-25,0.082
ZSP.TO,2014-12-24,0.14
ZSP.TO,2015-03-26,0.115
ZSP.TO,2015-06-25,0.115
ZSP.TO,2015-09-25,0.125
ZSP.TO,2015-12-24,0.125
ZSP.TO,2016-06-27,0.13
ZSP.TO,2016-09-27,0.13
ZSP.TO,2016-12-23,0.22
ZSP.TO,2017-03-28,0.145
ZSP.TO,2017-06-27,0.145
ZSP.TO,2017-09-27,0.145
ZSP.TO,2017-12-27,0.17
ZSP.TO,2018-03-27,0.145
ZSP.TO,2018-06-27,0.145
ZSP.TO,2018-09-26,0.145
ZSP.TO,2018-12-27,0.18
ZSP.TO,2019-03-27,0.15
ZSP.TO,2019-06-26,0.15
ZSP.TO,2019-09-26,0.16
ZSP.TO,2019-12-27,0.22
ZSP.TO,2020-03-27,0.18
ZSP.TO,2020-06-26,0.18
ZSP.TO,2020-09-28,0.18
ZSP.TO,2020-12-29,0.22
ZSP.TO,2021-03-29,0.18
ZSP.TO,2021-06-28,0.18
ZSP.TO,2021-09-28,0.2
ZSP.TO,2021-12-29,0.2
ZSP.TO,2022-03-29,0.2
ZSP.TO,2022-06-28,0.2
ZSP.TO,2022-09-28,0.2
ZSP.TO,2022-12-28,0.22
ZSP.TO,2023-03-29,0.23
ZSP.TO,2023-06-28,0.23
ZSP.TO,2023-09-27,0.23
ZSP.TO,2023-12-27,0.23
ZSP.TO,2024-03-27,0.23
ZSP.TO,2024-06-27,0.22
ZSP.TO,2024-09-27,0.21
ZSP.TO,2024-12-30,0.21
ZSP.TO,2025-03-28,0.21
ZSP.TO,2025-06-27,0.21
ZSP.TO,2025-09-29,0.21
ZST.TO,2011-02-23,0.228
ZST.TO,2011-03-28,0.228
ZST.TO,2011-04-26,0.204
ZST.TO,2011-05-26,0.204
ZST.TO,2011-06-27,0.204
ZST.TO,2011-07-26,0.172
ZST.TO,2011-08-26,0.172
ZST.TO,2011-09-27,0.172
ZST.TO,2011-10-26,0.168
ZST.TO,2011-11-25,0.168
ZST.TO,2011-12-23,0.172
ZST.TO,2012-01-26,0.168
ZST.TO,2012-02-24,0.168
ZST.TO,2012-03-27,0.168
ZST.TO,2012-04-25,0.168
ZST.TO,2012-05-28,0.168
ZST.TO,2012-06-26,0.164
ZST.TO,2012-07-26,0.164
ZST.TO,2012-08-28,0.164
ZST.TO,2012-09-25,0.164
ZST.TO,2012-10-26,0.164
ZST.TO,2012-11-27,0.164
ZST.TO,2012-12-24,0.26
ZST.TO,2013-01-28,0.164
ZST.TO,2013-02-25,0.164
ZST.TO,2013-03-25,0.164
ZST.TO,2013-04-25,0.164
ZST.TO,2013-05-28,0.164
ZST.TO,2013-06-25,0.18
ZST.TO,2013-07-26,0.18
ZST.TO,2013-08-27,0.236
ZST.TO,2013-09-25,0.236
ZST.TO,2013-10-28,0.236
ZST.TO,2013-11-26,0.26
ZST.TO,2013-12-24,0.312
ZST.TO,2014-01-28,0.15
ZST.TO,2014-02-25,0.15
ZST.TO,2014-03-26,0.16
ZST.TO,2014-04-25,0.16
ZST.TO,2014-05-27,0.16
ZST.TO,2014-06-25,0.16
ZST.TO,2014-07-28,0.16
ZST.TO,2014-08-26,0.16
ZST.TO,2014-09-25,0.162
ZST.TO,2014-10-28,0.162
ZST.TO,2014-11-24,0.162
ZST.TO,2014-12-24,0.162
ZST.TO,2015-01-27,0.167
ZST.TO,2015-02-24,0.167
ZST.TO,2015-03-26,0.175
ZST.TO,2015-04-27,0.175
ZST.TO,2015-05-26,0.175
ZST.TO,2015-06-25,0.19
ZST.TO,2015-07-28,0.19
ZST.TO,2015-08-26,0.19
ZST.TO,2015-09-25,0.175
ZST.TO,2015-10-27,0.175
ZST.TO,2015-11-25,0.18
ZST.TO,2015-12-24,0.18
ZST.TO,2016-01-26,0.17
ZST.TO,2016-02-24,0.17
ZST.TO,2016-04-26,0.176
ZST.TO,2016-05-24,0.176
ZST.TO,2016-05-26,0.176
ZST.TO,2016-06-27,0.176
ZST.TO,2016-07-26,0.176
ZST.TO,2016-08-26,0.176
ZST.TO,2016-09-27,0.17
ZST.TO,2016-10-26,0.17
ZST.TO,2016-11-25,0.17
ZST.TO,2016-12-23,0.2
ZST.TO,2017-01-26,0.165
ZST.TO,2017-02-23,0.165
ZST.TO,2017-03-28,0.17
ZST.TO,2017-04-25,0.17
ZST.TO,2017-05-26,0.17
ZST.TO,2017-06-27,0.18
ZST.TO,2017-07-26,0.18
ZST.TO,2017-08-28,0.18
ZST.TO,2017-09-27,0.19
ZST.TO,2017-10-27,0.19
ZST.TO,2017-11-28,0.19
ZST.TO,2017-12-27,0.17
ZST.TO,2018-01-29,0.19
ZST.TO,2018-02-26,0.17
ZST.TO,2018-03-27,0.165
ZST.TO,2018-04-26,0.165
ZST.TO,2018-05-29,0.155
ZST.TO,2018-06-27,0.145
ZST.TO,2018-07-27,0.14
ZST.TO,2018-08-29,0.14
ZST.TO,2018-09-26,0.13
ZST.TO,2018-10-29,0.125
ZST.TO,2018-11-28,0.125
ZST.TO,2018-12-27,0.12
ZST.TO,2019-01-29,0.125
ZST.TO,2019-01-30,0.125
ZST.TO,2019-02-26,0.12
ZST.TO,2019-03-27,0.12
ZST.TO,2019-04-26,0.12
ZST.TO,2019-05-29,0.12
ZST.TO,2019-06-26,0.12
ZST.TO,2019-07-29,0.12
ZST.TO,2019-08-28,0.12
ZST.TO,2019-09-26,0.12
ZST.TO,2019-10-29,0.12
ZST.TO,2019-11-27,0.12
ZST.TO,2019-12-27,0.12
ZST.TO,2020-01-29,0.12
ZST.TO,2020-02-26,0.12
ZST.TO,2020-03-27,0.12
ZST.TO,2020-04-28,0.11
ZST.TO,2020-05-27,0.11
ZST.TO,2020-06-26,0.11
ZST.TO,2020-07-29,0.11
ZST.TO,2020-08-27,0.11
ZST.TO,2020-09-28,0.11
ZST.TO,2020-10-28,0.11
ZST.TO,2020-11-27,0.11
ZST.TO,2020-12-29,0.11
ZST.TO,2021-01-27,0.11
ZST.TO,2021-02-24,0.11
ZST.TO,2021-03-29,0.11
ZST.TO,2021-04-28,0.11
ZST.TO,2021-05-26,0.11
ZST.TO,2021-06-28,0.09
ZST.TO,2021-07-28,0.09
ZST.TO,2021-08-27,0.09
ZST.TO,2021-09-28,0.08
ZST.TO,2021-10-27,0.08
ZST.TO,2021-11-26,0.08
ZST.TO,2021-12-29,0.08
ZST.TO,2022-01-27,0.07
ZST.TO,2022-02-24,0.07
ZST.TO,2022-03-29,0.07
ZST.TO,2022-04-27,0.07
ZST.TO,2022-05-27,0.07
ZST.TO,2022-06-28,0.1
ZST.TO,2022-07-27,0.1
ZST.TO,2022-08-29,0.13
ZST.TO,2022-09-28,0.15
ZST.TO,2022-10-27,0.16
ZST.TO,2022-11-28,0.18
ZST.TO,2022-12-28,0.18
ZST.TO,2023-01-27,0.19
ZST.TO,2023-02-24,0.19
ZST.TO,2023-03-29,0.19
ZST.TO,2023-04-26,0.19
ZST.TO,2023-05-30,0.19
ZST.TO,2023-06-28,0.19
ZST.TO,2023-07-27,0.19
ZST.TO,2023-08-29,0.19
ZST.TO,2023-09-27,0.21
ZST.TO,2023-10-27,0.21
ZST.TO,2023-11-28,0.21
ZST.TO,2023-12-27,0.21
ZST.TO,2024-01-29,0.21
ZST.TO,2024-02-27,0.21
ZST.TO,2024-03-27,0.21
ZST.TO,2024-04-26,0.21
ZST.TO,2024-05-30,0.21
ZST.TO,2024-06-27,0.2
ZST.TO,2024-07-30,0.2
ZST.TO,2024-08-29,0.2
ZST.TO,2024-09-27,0.175
ZST.TO,2024-10-30,0.165
ZST.TO,2024-11-27,0.155
ZST.TO,2024-12-30,0.155
ZST.TO,2025-01-30,0.155
ZST.TO,2025-02-27,0.125
ZST.TO,2025-03-28,0.12
ZST.TO,2025-04-29,0.12
ZST.TO,2025-05-29,0.12
ZST.TO,2025-06-27,0.112
ZST.TO,2025-07-30,0.112
ZST.TO,2025-08-28,0.112
ZST.TO,2025-09-29,0.112
ZST.TO,2025-10-30,0.101
ZST.TO,2025-11-26,0.097
ZSU.TO,2014-02-25,0.026
ZSU.TO,2014-03-26,0.027
ZSU.TO,2014-04-25,0.027
ZSU.TO,2014-05-27,0.027
ZSU.TO,2014-06-25,0.027
ZSU.TO,2014-07-28,0.027
ZSU.TO,2014-08-26,0.027
ZSU.TO,2014-09-25,0.026
ZSU.TO,2014-10-28,0.026
ZSU.TO,2014-11-24,0.026
ZSU.TO,2014-12-24,0.026
ZSU.TO,2015-01-27,0.026
ZSU.TO,2015-02-24,0.026
ZSU.TO,2015-03-26,0.026
ZSU.TO,2015-04-27,0.026
ZSU.TO,2015-05-26,0.026
ZSU.TO,2015-06-25,0.026
ZSU.TO,2015-07-28,0.026
ZSU.TO,2015-08-26,0.026
ZSU.TO,2015-09-25,0.026
ZSU.TO,2015-10-27,0.026
ZSU.TO,2015-11-25,0.028
ZSU.TO,2015-12-24,0.05
ZSU.TO,2016-01-26,0.026
ZSU.TO,2016-02-24,0.026
ZSU.TO,2016-04-26,0.025
ZSU.TO,2016-05-24,0.025
ZSU.TO,2016-05-26,0.025
ZSU.TO,2016-06-27,0.025
ZSU.TO,2016-07-26,0.025
ZSU.TO,2016-08-26,0.025
ZSU.TO,2016-09-27,0.026
ZSU.TO,2016-10-26,0.026
ZSU.TO,2016-11-25,0.026
ZSU.TO,2016-12-23,0.026
ZSU.TO,2017-01-26,0.026
ZSU.TO,2017-02-23,0.026
ZSU.TO,2017-03-28,0.028
ZSU.TO,2017-04-25,0.028
ZSU.TO,2017-05-26,0.028
ZSU.TO,2017-06-27,0.028
ZSU.TO,2017-07-26,0.028
ZSU.TO,2017-08-28,0.028
ZSU.TO,2017-09-27,0.028
ZSU.TO,2017-10-27,0.028
ZSU.TO,2017-11-28,0.028
ZSU.TO,2017-12-27,0.033
ZSU.TO,2018-01-29,0.028
ZSU.TO,2018-02-26,0.028
ZSU.TO,2018-03-27,0.028
ZSU.TO,2018-04-26,0.028
ZSU.TO,2018-05-29,0.028
ZSU.TO,2018-06-27,0.028
ZSU.TO,2018-07-27,0.028
ZSU.TO,2018-08-29,0.028
ZSU.TO,2018-09-26,0.028
ZSU.TO,2018-10-29,0.028
ZSU.TO,2018-11-28,0.028
ZSU.TO,2018-12-27,0.048
ZSU.TO,2019-01-29,0.033
ZSU.TO,2019-02-26,0.033
ZSU.TO,2019-03-27,0.033
ZSU.TO,2019-04-26,0.033
ZSU.TO,2019-05-29,0.033
ZSU.TO,2019-06-26,0.033
ZSU.TO,2019-07-29,0.035
ZSU.TO,2019-08-28,0.035
ZSU.TO,2019-09-26,0.035
ZSU.TO,2019-10-29,0.035
ZSU.TO,2019-11-27,0.035
ZSU.TO,2019-12-27,0.035
ZSU.TO,2020-01-29,0.035
ZSU.TO,2020-02-26,0.035
ZSU.TO,2020-03-27,0.035
ZSU.TO,2020-04-28,0.035
ZSU.TO,2020-05-27,0.035
ZSU.TO,2020-06-26,0.035
ZSU.TO,2020-07-29,0.035
ZSU.TO,2020-08-27,0.035
ZSU.TO,2020-09-28,0.035
ZSU.TO,2020-10-28,0.035
ZSU.TO,2020-11-27,0.035
ZSU.TO,2020-12-29,0.06
ZSU.TO,2021-01-27,0.035
ZSU.TO,2021-02-24,0.035
ZSU.TO,2021-03-29,0.035
ZSU.TO,2021-04-28,0.035
ZSU.TO,2021-05-26,0.035
ZSU.TO,2021-06-28,0.035
ZSU.TO,2021-07-28,0.035
ZSU.TO,2021-08-27,0.035
ZSU.TO,2021-09-28,0.035
ZSU.TO,2021-10-27,0.035
ZSU.TO,2021-11-26,0.035
ZSU.TO,2021-12-29,0.04
ZSU.TO,2022-01-27,0.035
ZSU.TO,2022-02-24,0.035
ZSU.TO,2022-03-29,0.035
ZSU.TO,2022-04-27,0.035
ZSU.TO,2022-05-27,0.035
ZSU.TO,2022-06-28,0.035
ZSU.TO,2022-07-27,0.035
ZSU.TO,2022-08-29,0.035
ZSU.TO,2022-09-28,0.035
ZSU.TO,2022-10-27,0.035
ZSU.TO,2022-11-28,0.035
ZSU.TO,2022-12-28,0.035
ZSU.TO,2023-01-27,0.035
ZSU.TO,2023-02-24,0.035
ZSU.TO,2023-03-29,0.035
ZSU.TO,2023-04-26,0.035
ZSU.TO,2023-05-30,0.035
ZSU.TO,2023-06-28,0.035
ZSU.TO,2023-07-27,0.035
ZSU.TO,2023-08-29,0.035
ZSU.TO,2023-09-27,0.035
ZSU.TO,2023-10-27,0.035
ZSU.TO,2023-11-28,0.035
ZSU.TO,2023-12-27,0.035
ZSU.TO,2024-01-29,0.035
ZSU.TO,2024-02-27,0.035
ZSU.TO,2024-03-27,0.035
ZSU.TO,2024-04-26,0.035
ZSU.TO,2024-05-30,0.035
ZSU.TO,2024-06-27,0.038
ZSU.TO,2024-07-30,0.038
ZSU.TO,2024-08-29,0.038
ZSU.TO,2024-09-27,0.038
ZSU.TO,2024-10-30,0.038
ZSU.TO,2024-11-27,0.038
ZSU.TO,2024-12-30,0.038
ZSU.TO,2025-01-30,0.038
ZSU.TO,2025-02-27,0.038
ZSU.TO,2025-03-28,0.038
ZSU.TO,2025-04-29,0.038
ZSU.TO,2025-05-29,0.038
ZSU.TO,2025-06-27,0.045
ZSU.TO,2025-07-30,0.045
ZSU.TO,2025-08-28,0.045
ZSU.TO,2025-09-29,0.045
ZSU.TO,2025-10-30,0.045
ZSU.TO,2025-11-26,0.045
ZTIP.TO,2021-03-29,0.03
ZTIP.TO,2021-06-28,0.03
ZTIP.TO,2021-09-28,0.03
ZTIP.TO,2021-12-29,0.03
ZTIP.TO,2022-03-29,0.03
ZTIP.TO,2022-06-28,0.5
ZTIP.TO,2022-09-28,0.5
ZTIP.TO,2022-12-28,0.5
ZTIP.TO,2023-03-29,0.5
ZTIP.TO,2023-06-28,0.38
ZTIP.TO,2023-09-27,0.3
ZTIP.TO,2023-12-27,0.3
ZTIP.TO,2024-03-27,0.3
ZTIP.TO,2024-06-27,0.3
ZTIP.TO,2024-09-27,0.3
ZTIP.TO,2024-12-30,0.3
ZTIP.TO,2025-03-28,0.3
ZTIP.TO,2025-06-27,0.27
ZTIP.TO,2025-09-29,0.3
ZUAG.TO,2023-02-24,0.05
ZUAG.TO,2023-03-29,0.05
ZUAG.TO,2023-04-26,0.05
ZUAG.TO,2023-05-30,0.05
ZUAG.TO,2023-06-28,0.05
ZUAG.TO,2023-07-27,0.05
ZUAG.TO,2023-08-29,0.05
ZUAG.TO,2023-09-27,0.05
ZUAG.TO,2023-10-27,0.05
ZUAG.TO,2023-11-28,0.05
ZUAG.TO,2023-12-27,0.065
ZUAG.TO,2024-01-29,0.05
ZUAG.TO,2024-02-27,0.05
ZUAG.TO,2024-03-27,0.055
ZUAG.TO,2024-04-26,0.055
ZUAG.TO,2024-05-30,0.055
ZUAG.TO,2024-06-27,0.055
ZUAG.TO,2024-07-30,0.055
ZUAG.TO,2024-08-29,0.055
ZUAG.TO,2024-09-27,0.06
ZUAG.TO,2024-10-30,0.06
ZUAG.TO,2024-11-27,0.06
ZUAG.TO,2024-12-30,0.06
ZUAG.TO,2025-01-30,0.06
ZUAG.TO,2025-02-27,0.06
ZUAG.TO,2025-03-28,0.06
ZUAG.TO,2025-04-29,0.06
ZUAG.TO,2025-05-29,0.06
ZUAG.TO,2025-06-27,0.065
ZUAG.TO,2025-07-30,0.065
ZUAG.TO,2025-08-28,0.065
ZUAG.TO,2025-09-29,0.065
ZUAG.TO,2025-10-30,0.074
ZUAG.TO,2025-11-26,0.074
ZUB.TO,2010-12-24,0.039
ZUB.TO,2011-03-28,0.038
ZUB.TO,2011-06-27,0.047
ZUB.TO,2011-09-27,0.049
ZUB.TO,2011-12-23,0.051
ZUB.TO,2012-03-27,0.051
ZUB.TO,2012-06-26,0.055
ZUB.TO,2012-09-25,0.06
ZUB.TO,2012-12-24,0.055
ZUB.TO,2013-03-25,0.068
ZUB.TO,2013-06-25,0.068
ZUB.TO,2013-09-25,0.057
ZUB.TO,2013-12-24,0.037
ZUB.TO,2014-03-26,0.057
ZUB.TO,2014-06-25,0.057
ZUB.TO,2014-09-25,0.057
ZUB.TO,2014-12-24,0.114
ZUB.TO,2015-03-26,0.062
ZUB.TO,2015-06-25,0.07
ZUB.TO,2015-09-25,0.07
ZUB.TO,2015-12-24,0.085
ZUB.TO,2016-03-28,0.085
ZUB.TO,2016-06-27,0.075
ZUB.TO,2016-09-27,0.08
ZUB.TO,2016-12-23,0.1
ZUB.TO,2017-03-28,0.075
ZUB.TO,2017-06-27,0.075
ZUB.TO,2017-09-27,0.085
ZUB.TO,2017-12-27,0.09
ZUB.TO,2018-03-27,0.085
ZUB.TO,2018-06-27,0.085
ZUB.TO,2018-09-26,0.09
ZUB.TO,2018-12-27,0.18
ZUB.TO,2019-03-27,0.13
ZUB.TO,2019-06-26,0.13
ZUB.TO,2019-09-26,0.15
ZUB.TO,2019-12-27,0.24
ZUB.TO,2020-03-27,0.17
ZUB.TO,2020-06-26,0.17
ZUB.TO,2020-09-28,0.17
ZUB.TO,2020-12-29,0.17
ZUB.TO,2021-03-29,0.17
ZUB.TO,2021-06-28,0.17
ZUB.TO,2021-09-28,0.17
ZUB.TO,2021-12-29,0.17
ZUB.TO,2022-03-29,0.17
ZUB.TO,2022-06-28,0.17
ZUB.TO,2022-09-28,0.17
ZUB.TO,2022-12-28,0.17
ZUB.TO,2023-03-29,0.18
ZUB.TO,2023-06-28,0.18
ZUB.TO,2023-09-27,0.18
ZUB.TO,2023-12-27,0.18
ZUB.TO,2024-03-27,0.18
ZUB.TO,2024-06-27,0.185
ZUB.TO,2024-09-27,0.185
ZUB.TO,2024-12-30,0.185
ZUB.TO,2025-03-28,0.185
ZUB.TO,2025-06-27,0.185
ZUB.TO,2025-09-29,0.185
ZUCM.TO,2023-10-27,0.136
ZUCM.TO,2023-11-28,0.136
ZUCM.TO,2023-12-27,0.14
ZUCM.TO,2024-01-29,0.136
ZUCM.TO,2024-02-27,0.136
ZUCM.TO,2024-03-27,0.136
ZUCM.TO,2024-04-26,0.136
ZUCM.TO,2024-05-30,0.136
ZUCM.TO,2024-06-27,0.136
ZUCM.TO,2024-07-30,0.136
ZUCM.TO,2024-08-29,0.136
ZUCM.TO,2024-09-27,0.13
ZUCM.TO,2024-10-30,0.12
ZUCM.TO,2024-11-27,0.11
ZUCM.TO,2024-12-30,0.11
ZUCM.TO,2025-01-30,0.11
ZUCM.TO,2025-02-27,0.11
ZUCM.TO,2025-03-28,0.11
ZUCM.TO,2025-04-29,0.11
ZUCM.TO,2025-05-29,0.107
ZUCM.TO,2025-06-27,0.107
ZUCM.TO,2025-07-30,0.107
ZUCM.TO,2025-08-28,0.107
ZUCM.TO,2025-09-29,0.107
ZUCM.TO,2025-10-30,0.103
ZUCM.TO,2025-11-26,0.098
ZUD.TO,2013-04-25,0.041
ZUD.TO,2013-05-28,0.041
ZUD.TO,2013-06-25,0.04
ZUD.TO,2013-07-26,0.04
ZUD.TO,2013-08-27,0.04
ZUD.TO,2013-09-25,0.04
ZUD.TO,2013-10-28,0.04
ZUD.TO,2013-11-26,0.04
ZUD.TO,2013-12-24,0.05
ZUD.TO,2014-01-28,0.04
ZUD.TO,2014-02-25,0.04
ZUD.TO,2014-03-26,0.04
ZUD.TO,2014-04-25,0.04
ZUD.TO,2014-05-27,0.04
ZUD.TO,2014-06-25,0.04
ZUD.TO,2014-07-28,0.04
ZUD.TO,2014-08-26,0.04
ZUD.TO,2014-09-25,0.042
ZUD.TO,2014-10-28,0.042
ZUD.TO,2014-11-24,0.042
ZUD.TO,2014-12-24,0.107
ZUD.TO,2015-01-27,0.045
ZUD.TO,2015-02-24,0.045
ZUD.TO,2015-03-26,0.045
ZUD.TO,2015-04-27,0.045
ZUD.TO,2015-05-26,0.045
ZUD.TO,2015-06-25,0.045
ZUD.TO,2015-07-28,0.045
ZUD.TO,2015-08-26,0.045
ZUD.TO,2015-09-25,0.045
ZUD.TO,2015-10-27,0.045
ZUD.TO,2015-11-25,0.045
ZUD.TO,2015-12-24,0.05
ZUD.TO,2016-01-26,0.045
ZUD.TO,2016-02-24,0.045
ZUD.TO,2016-04-26,0.048
ZUD.TO,2016-05-24,0.048
ZUD.TO,2016-05-26,0.048
ZUD.TO,2016-06-27,0.048
ZUD.TO,2016-07-26,0.048
ZUD.TO,2016-08-26,0.048
ZUD.TO,2016-09-27,0.048
ZUD.TO,2016-10-26,0.048
ZUD.TO,2016-11-25,0.048
ZUD.TO,2016-12-23,0.048
ZUD.TO,2017-01-26,0.051
ZUD.TO,2017-02-23,0.051
ZUD.TO,2017-03-28,0.053
ZUD.TO,2017-04-25,0.053
ZUD.TO,2017-05-26,0.053
ZUD.TO,2017-06-27,0.053
ZUD.TO,2017-07-26,0.053
ZUD.TO,2017-08-28,0.053
ZUD.TO,2017-09-27,0.053
ZUD.TO,2017-10-27,0.053
ZUD.TO,2017-11-28,0.053
ZUD.TO,2017-12-27,0.07
ZUD.TO,2018-01-29,0.053
ZUD.TO,2018-02-26,0.053
ZUD.TO,2018-03-27,0.057
ZUD.TO,2018-04-26,0.057
ZUD.TO,2018-05-29,0.057
ZUD.TO,2018-06-27,0.057
ZUD.TO,2018-07-27,0.057
ZUD.TO,2018-08-29,0.057
ZUD.TO,2018-09-26,0.057
ZUD.TO,2018-10-29,0.057
ZUD.TO,2018-11-28,0.057
ZUD.TO,2018-12-27,0.068
ZUD.TO,2019-01-29,0.061
ZUD.TO,2019-02-26,0.061
ZUD.TO,2019-03-27,0.061
ZUD.TO,2019-04-26,0.061
ZUD.TO,2019-05-29,0.061
ZUD.TO,2019-06-26,0.061
ZUD.TO,2019-07-29,0.061
ZUD.TO,2019-08-28,0.061
ZUD.TO,2019-09-26,0.061
ZUD.TO,2019-10-29,0.061
ZUD.TO,2019-11-27,0.061
ZUD.TO,2019-12-27,0.14
ZUD.TO,2020-01-29,0.07
ZUD.TO,2020-02-26,0.14
ZUD.TO,2020-03-27,0.07
ZUD.TO,2020-04-28,0.07
ZUD.TO,2020-05-27,0.07
ZUD.TO,2020-06-26,0.07
ZUD.TO,2020-07-29,0.07
ZUD.TO,2020-08-27,0.065
ZUD.TO,2020-09-28,0.065
ZUD.TO,2020-10-28,0.065
ZUD.TO,2020-11-27,0.065
ZUD.TO,2020-12-29,0.065
ZUD.TO,2021-01-27,0.06
ZUD.TO,2021-02-24,0.06
ZUD.TO,2021-03-29,0.06
ZUD.TO,2021-04-28,0.06
ZUD.TO,2021-05-26,0.06
ZUD.TO,2021-06-28,0.06
ZUD.TO,2021-07-28,0.06
ZUD.TO,2021-08-27,0.06
ZUD.TO,2021-09-28,0.06
ZUD.TO,2021-10-27,0.06
ZUD.TO,2021-11-26,0.06
ZUD.TO,2021-12-29,0.06
ZUD.TO,2022-01-27,0.06
ZUD.TO,2022-02-24,0.06
ZUD.TO,2022-03-29,0.06
ZUD.TO,2022-04-27,0.06
ZUD.TO,2022-05-27,0.06
ZUD.TO,2022-06-28,0.06
ZUD.TO,2022-07-27,0.06
ZUD.TO,2022-08-29,0.06
ZUD.TO,2022-09-28,0.06
ZUD.TO,2022-10-27,0.06
ZUD.TO,2022-11-28,0.06
ZUD.TO,2022-12-28,0.06
ZUD.TO,2023-01-27,0.06
ZUD.TO,2023-02-24,0.06
ZUD.TO,2023-03-29,0.06
ZUD.TO,2023-04-26,0.06
ZUD.TO,2023-05-30,0.055
ZUD.TO,2023-06-28,0.055
ZUD.TO,2023-07-27,0.055
ZUD.TO,2023-08-29,0.055
ZUD.TO,2023-09-27,0.055
ZUD.TO,2023-10-27,0.055
ZUD.TO,2023-11-28,0.055
ZUD.TO,2023-12-27,0.06
ZUD.TO,2024-01-29,0.055
ZUD.TO,2024-02-27,0.055
ZUD.TO,2024-03-27,0.055
ZUD.TO,2024-04-26,0.055
ZUD.TO,2024-05-30,0.055
ZUD.TO,2024-06-27,0.055
ZUD.TO,2024-07-30,0.055
ZUD.TO,2024-08-29,0.055
ZUD.TO,2024-09-27,0.055
ZUD.TO,2024-10-30,0.055
ZUD.TO,2024-11-27,0.055
ZUD.TO,2024-12-30,0.055
ZUD.TO,2025-01-30,0.055
ZUD.TO,2025-02-27,0.055
ZUD.TO,2025-03-28,0.045
ZUD.TO,2025-04-29,0.045
ZUD.TO,2025-05-29,0.045
ZUD.TO,2025-06-27,0.045
ZUD.TO,2025-07-30,0.045
ZUD.TO,2025-08-28,0.045
ZUD.TO,2025-09-29,0.045
ZUD.TO,2025-10-30,0.045
ZUD.TO,2025-11-26,0.045
ZUE.TO,2010-06-25,0.09
ZUE.TO,2010-09-27,0.09
ZUE.TO,2010-12-24,0.089
ZUE.TO,2011-03-28,0.089
ZUE.TO,2011-06-27,0.089
ZUE.TO,2011-09-27,0.091
ZUE.TO,2011-12-23,0.096
ZUE.TO,2012-03-27,0.096
ZUE.TO,2012-06-26,0.096
ZUE.TO,2012-09-25,0.11
ZUE.TO,2012-12-24,0.1
ZUE.TO,2013-03-25,0.12
ZUE.TO,2013-06-25,0.12
ZUE.TO,2013-09-25,0.12
ZUE.TO,2013-12-24,0.12
ZUE.TO,2014-03-26,0.12
ZUE.TO,2014-06-25,0.12
ZUE.TO,2014-09-25,0.13
ZUE.TO,2014-12-24,0.189
ZUE.TO,2015-03-26,0.13
ZUE.TO,2015-06-25,0.13
ZUE.TO,2015-09-25,0.13
ZUE.TO,2015-12-24,0.15
ZUE.TO,2016-03-28,0.15
ZUE.TO,2016-06-27,0.14
ZUE.TO,2016-09-27,0.14
ZUE.TO,2016-12-23,0.14
ZUE.TO,2017-03-28,0.148
ZUE.TO,2017-06-27,0.148
ZUE.TO,2017-09-27,0.155
ZUE.TO,2017-12-27,0.205
ZUE.TO,2018-03-27,0.155
ZUE.TO,2018-06-27,0.155
ZUE.TO,2018-09-26,0.155
ZUE.TO,2018-12-27,0.19
ZUE.TO,2019-03-27,0.155
ZUE.TO,2019-06-26,0.155
ZUE.TO,2019-09-26,0.16
ZUE.TO,2019-12-27,0.23
ZUE.TO,2020-03-27,0.18
ZUE.TO,2020-06-26,0.18
ZUE.TO,2020-09-28,0.18
ZUE.TO,2020-12-29,0.2
ZUE.TO,2021-03-29,0.18
ZUE.TO,2021-06-28,0.18
ZUE.TO,2021-09-28,0.2
ZUE.TO,2021-12-29,0.21
ZUE.TO,2022-03-29,0.2
ZUE.TO,2022-06-28,0.2
ZUE.TO,2022-09-28,0.2
ZUE.TO,2022-12-28,0.21
ZUE.TO,2023-03-29,0.22
ZUE.TO,2023-06-28,0.22
ZUE.TO,2023-09-27,0.22
ZUE.TO,2023-12-27,0.22
ZUE.TO,2024-03-27,0.22
ZUE.TO,2024-06-27,0.21
ZUE.TO,2024-09-27,0.2
ZUE.TO,2024-12-30,0.2
ZUE.TO,2025-03-28,0.2
ZUE.TO,2025-06-27,0.2
ZUE.TO,2025-09-29,0.2
ZUH.TO,2010-12-24,0.082
ZUH.TO,2011-12-23,0.101
ZUH.TO,2012-12-24,0.119
ZUH.TO,2013-12-24,0.115
ZUH.TO,2014-12-24,0.11
ZUH.TO,2015-12-24,0.2
ZUH.TO,2016-12-23,0.19
ZUH.TO,2017-12-27,0.176
ZUH.TO,2018-12-27,0.155
ZUH.TO,2019-12-27,0.2
ZUH.TO,2020-12-29,0.27
ZUH.TO,2021-12-29,0.1
ZUH.TO,2022-12-28,0.3
ZUH.TO,2023-12-27,0.505
ZUH.TO,2024-12-30,0.487
ZUP.TO,2017-02-23,0.105
ZUP.TO,2017-03-28,0.105
ZUP.TO,2017-04-25,0.105
ZUP.TO,2017-05-26,0.105
ZUP.TO,2017-06-27,0.105
ZUP.TO,2017-07-26,0.105
ZUP.TO,2017-08-28,0.105
ZUP.TO,2017-09-27,0.102
ZUP.TO,2017-10-27,0.102
ZUP.TO,2017-11-28,0.102
ZUP.TO,2017-12-27,0.102
ZUP.TO,2018-01-29,0.102
ZUP.TO,2018-02-26,0.102
ZUP.TO,2018-03-27,0.102
ZUP.TO,2018-04-26,0.102
ZUP.TO,2018-05-29,0.102
ZUP.TO,2018-06-27,0.102
ZUP.TO,2018-07-27,0.102
ZUP.TO,2018-08-29,0.102
ZUP.TO,2018-09-26,0.102
ZUP.TO,2018-10-29,0.102
ZUP.TO,2018-11-28,0.102
ZUP.TO,2018-12-27,0.12
ZUP.TO,2019-01-29,0.107
ZUP.TO,2019-02-26,0.107
ZUP.TO,2019-03-27,0.107
ZUP.TO,2019-04-26,0.107
ZUP.TO,2019-05-29,0.11
ZUP.TO,2019-06-26,0.11
ZUP.TO,2019-07-29,0.11
ZUP.TO,2019-08-28,0.11
ZUP.TO,2019-09-26,0.11
ZUP.TO,2019-10-29,0.11
ZUP.TO,2019-11-27,0.11
ZUP.TO,2019-12-27,0.17
ZUP.TO,2020-01-29,0.11
ZUP.TO,2020-02-26,0.17
ZUP.TO,2020-03-27,0.11
ZUP.TO,2020-04-28,0.11
ZUP.TO,2020-05-27,0.12
ZUP.TO,2020-06-26,0.12
ZUP.TO,2020-07-29,0.12
ZUP.TO,2020-08-27,0.12
ZUP.TO,2020-09-28,0.12
ZUP.TO,2020-10-28,0.12
ZUP.TO,2020-11-27,0.12
ZUP.TO,2020-12-29,0.12
ZUP.TO,2021-01-27,0.11
ZUP.TO,2021-02-24,0.11
ZUP.TO,2021-03-29,0.11
ZUP.TO,2021-04-28,0.11
ZUP.TO,2021-05-26,0.11
ZUP.TO,2021-06-28,0.11
ZUP.TO,2021-07-28,0.11
ZUP.TO,2021-08-27,0.11
ZUP.TO,2021-09-28,0.11
ZUP.TO,2021-10-27,0.11
ZUP.TO,2021-11-26,0.11
ZUP.TO,2021-12-29,0.11
ZUP.TO,2022-01-27,0.11
ZUP.TO,2022-02-24,0.11
ZUP.TO,2022-03-29,0.11
ZUP.TO,2022-04-27,0.11
ZUP.TO,2022-05-27,0.11
ZUP.TO,2022-06-28,0.11
ZUP.TO,2022-07-27,0.11
ZUP.TO,2022-08-29,0.11
ZUP.TO,2022-09-28,0.1
ZUP.TO,2022-10-27,0.1
ZUP.TO,2022-11-28,0.1
ZUP.TO,2022-12-28,0.1
ZUP.TO,2023-01-27,0.11
ZUP.TO,2023-02-24,0.11
ZUP.TO,2023-03-29,0.11
ZUP.TO,2023-04-26,0.11
ZUP.TO,2023-05-30,0.105
ZUP.TO,2023-06-28,0.105
ZUP.TO,2023-07-27,0.105
ZUP.TO,2023-08-29,0.105
ZUP.TO,2023-09-27,0.105
ZUP.TO,2023-10-27,0.105
ZUP.TO,2023-11-28,0.105
ZUP.TO,2023-12-27,0.17
ZUP.TO,2024-01-29,0.105
ZUP.TO,2024-02-27,0.105
ZUP.TO,2024-03-27,0.105
ZUP.TO,2024-04-26,0.109
ZUP.TO,2024-05-30,0.109
ZUP.TO,2024-06-27,0.109
ZUP.TO,2024-07-30,0.109
ZUP.TO,2024-08-29,0.109
ZUP.TO,2024-09-27,0.1
ZUP.TO,2024-10-30,0.1
ZUP.TO,2024-11-27,0.1
ZUP.TO,2024-12-30,0.1
ZUP.TO,2025-01-30,0.1
ZUP.TO,2025-02-27,0.1
ZUP.TO,2025-03-28,0.1
ZUP.TO,2025-04-29,0.1
ZUP.TO,2025-05-29,0.1
ZUP.TO,2025-06-27,0.11
ZUP.TO,2025-07-30,0.11
ZUP.TO,2025-08-28,0.11
ZUP.TO,2025-09-29,0.11
ZUP.TO,2025-10-30,0.11
ZUP.TO,2025-11-26,0.11
ZUQ.TO,2014-12-24,0.04
ZUQ.TO,2015-03-26,0.06
ZUQ.TO,2015-06-25,0.06
ZUQ.TO,2016-03-28,0.06
ZUQ.TO,2016-06-27,0.06
ZUQ.TO,2016-09-27,0.08
ZUQ.TO,2016-12-23,0.08
ZUQ.TO,2017-03-28,0.085
ZUQ.TO,2017-06-27,0.085
ZUQ.TO,2017-09-27,0.08
ZUQ.TO,2017-12-27,0.125
ZUQ.TO,2018-03-27,0.08
ZUQ.TO,2018-06-27,0.08
ZUQ.TO,2018-09-26,0.08
ZUQ.TO,2018-12-27,0.12
ZUQ.TO,2019-03-27,0.09
ZUQ.TO,2019-06-26,0.09
ZUQ.TO,2019-09-26,0.09
ZUQ.TO,2019-12-27,0.15
ZUQ.TO,2020-03-27,0.12
ZUQ.TO,2020-06-26,0.12
ZUQ.TO,2020-09-28,0.12
ZUQ.TO,2020-12-29,0.14
ZUQ.TO,2021-03-29,0.13
ZUQ.TO,2021-06-28,0.13
ZUQ.TO,2021-09-28,0.13
ZUQ.TO,2021-12-29,0.13
ZUQ.TO,2022-03-29,0.13
ZUQ.TO,2022-06-28,0.13
ZUQ.TO,2022-09-28,0.13
ZUQ.TO,2022-12-28,0.13
ZUQ.TO,2023-03-29,0.15
ZUQ.TO,2023-06-28,0.15
ZUQ.TO,2023-09-27,0.15
ZUQ.TO,2023-12-27,0.15
ZUQ.TO,2024-03-27,0.15
ZUQ.TO,2024-06-27,0.14
ZUQ.TO,2024-09-27,0.12
ZUQ.TO,2024-12-30,0.12
ZUQ.TO,2025-03-28,0.12
ZUQ.TO,2025-06-27,0.11
ZUQ.TO,2025-09-29,0.11
ZUT.TO,2010-03-26,0.122
ZUT.TO,2010-06-25,0.18
ZUT.TO,2010-09-27,0.192
ZUT.TO,2010-12-24,0.235
ZUT.TO,2011-01-26,0.065
ZUT.TO,2011-02-23,0.065
ZUT.TO,2011-03-28,0.065
ZUT.TO,2011-04-26,0.068
ZUT.TO,2011-05-26,0.068
ZUT.TO,2011-06-27,0.068
ZUT.TO,2011-07-26,0.069
ZUT.TO,2011-08-26,0.069
ZUT.TO,2011-09-27,0.069
ZUT.TO,2011-10-26,0.069
ZUT.TO,2011-11-25,0.069
ZUT.TO,2011-12-23,0.067
ZUT.TO,2012-01-26,0.07
ZUT.TO,2012-02-24,0.075
ZUT.TO,2012-03-27,0.075
ZUT.TO,2012-04-25,0.075
ZUT.TO,2012-05-28,0.075
ZUT.TO,2012-06-26,0.07
ZUT.TO,2012-07-26,0.07
ZUT.TO,2012-08-28,0.07
ZUT.TO,2012-09-25,0.067
ZUT.TO,2012-10-26,0.067
ZUT.TO,2012-11-27,0.067
ZUT.TO,2012-12-24,0.061
ZUT.TO,2013-01-28,0.069
ZUT.TO,2013-02-25,0.069
ZUT.TO,2013-03-25,0.065
ZUT.TO,2013-04-25,0.065
ZUT.TO,2013-05-28,0.065
ZUT.TO,2013-06-25,0.06
ZUT.TO,2013-07-26,0.06
ZUT.TO,2013-08-27,0.06
ZUT.TO,2013-09-25,0.06
ZUT.TO,2013-10-28,0.06
ZUT.TO,2013-11-26,0.06
ZUT.TO,2013-12-24,0.06
ZUT.TO,2014-01-28,0.06
ZUT.TO,2014-02-25,0.06
ZUT.TO,2014-03-26,0.056
ZUT.TO,2014-04-25,0.056
ZUT.TO,2014-05-27,0.056
ZUT.TO,2014-06-25,0.052
ZUT.TO,2014-07-28,0.052
ZUT.TO,2014-08-26,0.052
ZUT.TO,2014-09-25,0.052
ZUT.TO,2014-10-28,0.052
ZUT.TO,2014-11-24,0.052
ZUT.TO,2014-12-24,0.052
ZUT.TO,2015-01-27,0.055
ZUT.TO,2015-02-24,0.055
ZUT.TO,2015-03-26,0.055
ZUT.TO,2015-04-27,0.055
ZUT.TO,2015-05-26,0.055
ZUT.TO,2015-06-25,0.058
ZUT.TO,2015-07-28,0.058
ZUT.TO,2015-08-26,0.058
ZUT.TO,2015-09-25,0.06
ZUT.TO,2015-10-27,0.06
ZUT.TO,2015-11-25,0.06
ZUT.TO,2015-12-24,0.06
ZUT.TO,2016-01-26,0.06
ZUT.TO,2016-02-24,0.06
ZUT.TO,2016-03-28,0.055
ZUT.TO,2016-04-26,0.055
ZUT.TO,2016-05-24,0.055
ZUT.TO,2016-05-26,0.055
ZUT.TO,2016-06-27,0.055
ZUT.TO,2016-07-26,0.055
ZUT.TO,2016-08-26,0.055
ZUT.TO,2016-09-27,0.055
ZUT.TO,2016-10-26,0.055
ZUT.TO,2016-11-25,0.055
ZUT.TO,2016-12-23,0.07
ZUT.TO,2017-01-26,0.055
ZUT.TO,2017-02-23,0.055
ZUT.TO,2017-03-28,0.056
ZUT.TO,2017-04-25,0.056
ZUT.TO,2017-05-26,0.056
ZUT.TO,2017-06-27,0.056
ZUT.TO,2017-07-26,0.056
ZUT.TO,2017-08-28,0.056
ZUT.TO,2017-09-27,0.056
ZUT.TO,2017-10-27,0.056
ZUT.TO,2017-11-28,0.056
ZUT.TO,2017-12-27,0.054
ZUT.TO,2018-01-29,0.056
ZUT.TO,2018-02-26,0.056
ZUT.TO,2018-03-27,0.06
ZUT.TO,2018-04-26,0.06
ZUT.TO,2018-05-29,0.06
ZUT.TO,2018-06-27,0.06
ZUT.TO,2018-07-27,0.06
ZUT.TO,2018-08-29,0.06
ZUT.TO,2018-09-26,0.06
ZUT.TO,2018-10-29,0.065
ZUT.TO,2018-11-28,0.065
ZUT.TO,2018-12-27,0.065
ZUT.TO,2019-01-29,0.067
ZUT.TO,2019-02-26,0.067
ZUT.TO,2019-03-27,0.067
ZUT.TO,2019-04-26,0.067
ZUT.TO,2019-05-29,0.067
ZUT.TO,2019-06-26,0.067
ZUT.TO,2019-07-29,0.07
ZUT.TO,2019-08-28,0.07
ZUT.TO,2019-09-26,0.07
ZUT.TO,2019-10-29,0.07
ZUT.TO,2019-11-27,0.07
ZUT.TO,2019-12-27,0.07
ZUT.TO,2020-01-29,0.07
ZUT.TO,2020-02-26,0.07
ZUT.TO,2020-03-27,0.07
ZUT.TO,2020-04-28,0.07
ZUT.TO,2020-05-27,0.07
ZUT.TO,2020-06-26,0.07
ZUT.TO,2020-07-29,0.07
ZUT.TO,2020-08-27,0.07
ZUT.TO,2020-09-28,0.07
ZUT.TO,2020-10-28,0.07
ZUT.TO,2020-11-27,0.07
ZUT.TO,2020-12-29,0.07
ZUT.TO,2021-01-27,0.07
ZUT.TO,2021-02-24,0.07
ZUT.TO,2021-03-29,0.07
ZUT.TO,2021-04-28,0.07
ZUT.TO,2021-05-26,0.07
ZUT.TO,2021-06-28,0.07
ZUT.TO,2021-07-28,0.07
ZUT.TO,2021-08-27,0.07
ZUT.TO,2021-09-28,0.07
ZUT.TO,2021-10-27,0.07
ZUT.TO,2021-11-26,0.07
ZUT.TO,2021-12-29,0.07
ZUT.TO,2022-01-27,0.075
ZUT.TO,2022-02-24,0.075
ZUT.TO,2022-03-29,0.075
ZUT.TO,2022-04-27,0.075
ZUT.TO,2022-05-27,0.075
ZUT.TO,2022-06-28,0.075
ZUT.TO,2022-07-27,0.075
ZUT.TO,2022-08-29,0.075
ZUT.TO,2022-09-28,0.075
ZUT.TO,2022-10-27,0.075
ZUT.TO,2022-11-28,0.075
ZUT.TO,2022-12-28,0.075
ZUT.TO,2023-01-27,0.075
ZUT.TO,2023-02-24,0.075
ZUT.TO,2023-03-29,0.075
ZUT.TO,2023-04-26,0.075
ZUT.TO,2023-05-30,0.075
ZUT.TO,2023-06-28,0.075
ZUT.TO,2023-07-27,0.075
ZUT.TO,2023-08-29,0.075
ZUT.TO,2023-09-27,0.075
ZUT.TO,2023-10-27,0.075
ZUT.TO,2023-11-28,0.075
ZUT.TO,2023-12-27,0.075
ZUT.TO,2024-01-29,0.075
ZUT.TO,2024-02-27,0.075
ZUT.TO,2024-03-27,0.075
ZUT.TO,2024-04-26,0.075
ZUT.TO,2024-05-30,0.075
ZUT.TO,2024-06-27,0.075
ZUT.TO,2024-07-30,0.075
ZUT.TO,2024-08-29,0.075
ZUT.TO,2024-09-27,0.075
ZUT.TO,2024-10-30,0.075
ZUT.TO,2024-11-27,0.075
ZUT.TO,2024-12-30,0.075
ZUT.TO,2025-01-30,0.075
ZUT.TO,2025-02-27,0.075
ZUT.TO,2025-03-28,0.075
ZUT.TO,2025-04-29,0.075
ZUT.TO,2025-05-29,0.075
ZUT.TO,2025-06-27,0.07
ZUT.TO,2025-07-30,0.07
ZUT.TO,2025-08-28,0.07
ZUT.TO,2025-09-29,0.07
ZUT.TO,2025-10-30,0.07
ZUT.TO,2025-11-26,0.07
ZVC.TO,2018-03-27,0.12
ZVC.TO,2018-06-27,0.12
ZVC.TO,2018-09-26,0.12
ZVC.TO,2018-12-27,0.165
ZVC.TO,2019-03-27,0.14
ZVC.TO,2019-06-26,0.14
ZVC.TO,2019-09-26,0.14
ZVC.TO,2019-12-27,0.14
ZVC.TO,2020-03-27,0.17
ZVC.TO,2020-06-26,0.16
ZVC.TO,2020-09-28,0.15
ZVC.TO,2020-12-29,0.16
ZVC.TO,2021-03-29,0.15
ZVC.TO,2021-06-28,0.15
ZVC.TO,2021-09-28,0.15
ZVC.TO,2021-12-29,0.15
ZVC.TO,2022-03-29,0.16
ZVC.TO,2022-06-28,0.17
ZVC.TO,2022-09-28,0.19
ZVC.TO,2022-12-28,0.21
ZVC.TO,2023-03-29,0.22
ZVC.TO,2023-06-28,0.22
ZVC.TO,2023-09-27,0.22
ZVC.TO,2023-12-27,0.22
ZVC.TO,2024-03-27,0.22
ZVC.TO,2024-06-27,0.21
ZVC.TO,2024-09-27,0.21
ZVC.TO,2024-12-30,0.21
ZVC.TO,2025-03-28,0.21
ZVC.TO,2025-06-27,0.21
ZVC.TO,2025-09-29,0.21
ZVU.TO,2018-03-27,0.1
ZVU.TO,2018-06-27,0.1
ZVU.TO,2018-09-26,0.1
ZVU.TO,2018-12-27,0.115
ZVU.TO,2019-03-27,0.12
ZVU.TO,2019-06-26,0.12
ZVU.TO,2019-09-26,0.12
ZVU.TO,2019-12-27,0.13
ZVU.TO,2020-03-27,0.14
ZVU.TO,2020-06-26,0.14
ZVU.TO,2020-09-28,0.14
ZVU.TO,2020-12-29,0.14
ZVU.TO,2021-03-29,0.14
ZVU.TO,2021-06-28,0.14
ZVU.TO,2021-09-28,0.14
ZVU.TO,2021-12-29,0.14
ZVU.TO,2022-03-29,0.16
ZVU.TO,2022-06-28,0.16
ZVU.TO,2022-09-28,0.16
ZVU.TO,2022-12-28,0.16
ZVU.TO,2023-03-29,0.18
ZVU.TO,2023-06-28,0.18
ZVU.TO,2023-09-27,0.18
ZVU.TO,2023-12-27,0.18
ZVU.TO,2024-03-27,0.18
ZVU.TO,2024-06-27,0.18
ZVU.TO,2024-09-27,0.16
ZVU.TO,2024-12-30,0.16
ZVU.TO,2025-03-28,0.16
ZVU.TO,2025-06-27,0.15
ZVU.TO,2025-09-29,0.15
ZWA.TO,2012-01-26,0.076
ZWA.TO,2012-02-24,0.07
ZWA.TO,2012-03-27,0.075
ZWA.TO,2012-04-25,0.075
ZWA.TO,2012-05-28,0.075
ZWA.TO,2012-06-26,0.085
ZWA.TO,2012-07-26,0.085
ZWA.TO,2012-08-28,0.085
ZWA.TO,2012-09-25,0.08
ZWA.TO,2012-10-26,0.075
ZWA.TO,2012-11-27,0.075
ZWA.TO,2012-12-24,0.073
ZWA.TO,2013-01-28,0.073
ZWA.TO,2013-02-25,0.073
ZWA.TO,2013-03-25,0.073
ZWA.TO,2013-04-25,0.073
ZWA.TO,2013-05-28,0.073
ZWA.TO,2013-06-25,0.073
ZWA.TO,2013-07-26,0.073
ZWA.TO,2013-08-27,0.073
ZWA.TO,2013-09-25,0.073
ZWA.TO,2013-10-28,0.073
ZWA.TO,2013-11-26,0.073
ZWA.TO,2013-12-24,0.073
ZWA.TO,2014-01-28,0.071
ZWA.TO,2014-02-25,0.071
ZWA.TO,2014-03-26,0.073
ZWA.TO,2014-04-25,0.073
ZWA.TO,2014-05-27,0.073
ZWA.TO,2014-06-25,0.073
ZWA.TO,2014-07-28,0.073
ZWA.TO,2014-08-26,0.073
ZWA.TO,2014-09-25,0.073
ZWA.TO,2014-10-28,0.073
ZWA.TO,2014-11-24,0.073
ZWA.TO,2014-12-24,0.073
ZWA.TO,2015-01-27,0.078
ZWA.TO,2015-02-24,0.078
ZWA.TO,2015-03-26,0.078
ZWA.TO,2015-04-27,0.078
ZWA.TO,2015-05-26,0.078
ZWA.TO,2015-06-25,0.078
ZWA.TO,2015-07-28,0.078
ZWA.TO,2015-08-26,0.078
ZWA.TO,2015-09-25,0.072
ZWA.TO,2015-10-27,0.072
ZWA.TO,2015-11-25,0.072
ZWA.TO,2015-12-24,0.072
ZWA.TO,2016-01-26,0.078
ZWA.TO,2016-02-24,0.078
ZWA.TO,2016-03-28,0.081
ZWA.TO,2016-04-26,0.081
ZWA.TO,2016-05-24,0.081
ZWA.TO,2016-05-26,0.081
ZWA.TO,2016-06-27,0.081
ZWA.TO,2016-07-26,0.081
ZWA.TO,2016-08-26,0.081
ZWA.TO,2016-09-27,0.081
ZWA.TO,2016-10-26,0.081
ZWA.TO,2016-11-25,0.081
ZWA.TO,2016-12-23,0.081
ZWA.TO,2017-01-26,0.081
ZWA.TO,2017-02-23,0.081
ZWA.TO,2017-03-28,0.081
ZWA.TO,2017-04-25,0.081
ZWA.TO,2017-05-26,0.081
ZWA.TO,2017-06-27,0.081
ZWA.TO,2017-07-26,0.081
ZWA.TO,2017-08-28,0.081
ZWA.TO,2017-09-27,0.081
ZWA.TO,2017-10-27,0.081
ZWA.TO,2017-11-28,0.081
ZWA.TO,2017-12-27,0.08
ZWA.TO,2018-01-29,0.081
ZWA.TO,2018-02-26,0.081
ZWA.TO,2018-03-27,0.081
ZWA.TO,2018-04-26,0.081
ZWA.TO,2018-05-29,0.081
ZWA.TO,2018-06-27,0.081
ZWA.TO,2018-07-27,0.081
ZWA.TO,2018-08-29,0.081
ZWA.TO,2018-09-26,0.085
ZWA.TO,2018-10-29,0.085
ZWA.TO,2018-11-28,0.085
ZWA.TO,2018-12-27,0.085
ZWA.TO,2019-01-29,0.085
ZWA.TO,2019-02-26,0.09
ZWA.TO,2019-03-27,0.09
ZWA.TO,2019-04-26,0.09
ZWA.TO,2019-05-29,0.09
ZWA.TO,2019-06-26,0.09
ZWA.TO,2019-07-29,0.09
ZWA.TO,2019-08-28,0.09
ZWA.TO,2019-09-26,0.09
ZWA.TO,2019-10-29,0.09
ZWA.TO,2019-11-27,0.09
ZWA.TO,2019-12-27,0.09
ZWA.TO,2020-01-29,0.1
ZWA.TO,2020-02-26,0.09
ZWA.TO,2020-03-27,0.1
ZWA.TO,2020-04-28,0.1
ZWA.TO,2020-05-27,0.1
ZWA.TO,2020-06-26,0.1
ZWA.TO,2020-07-29,0.1
ZWA.TO,2020-08-27,0.1
ZWA.TO,2020-09-28,0.1
ZWA.TO,2020-10-28,0.1
ZWA.TO,2020-11-27,0.1
ZWA.TO,2020-12-29,0.12
ZWA.TO,2021-01-27,0.1
ZWA.TO,2021-02-24,0.1
ZWA.TO,2021-03-29,0.1
ZWA.TO,2021-04-28,0.1
ZWA.TO,2021-05-26,0.1
ZWA.TO,2021-06-28,0.1
ZWA.TO,2021-07-28,0.1
ZWA.TO,2021-08-27,0.1
ZWA.TO,2021-09-28,0.1
ZWA.TO,2021-10-27,0.1
ZWA.TO,2021-11-26,0.1
ZWA.TO,2021-12-29,0.1
ZWA.TO,2022-01-27,0.1
ZWA.TO,2022-02-24,0.1
ZWA.TO,2022-03-29,0.1
ZWA.TO,2022-04-27,0.12
ZWA.TO,2022-05-27,0.12
ZWA.TO,2022-06-28,0.12
ZWA.TO,2022-07-27,0.13
ZWA.TO,2022-08-29,0.13
ZWA.TO,2022-09-28,0.13
ZWA.TO,2022-10-27,0.13
ZWA.TO,2022-11-28,0.13
ZWA.TO,2022-12-28,0.13
ZWA.TO,2023-01-27,0.13
ZWA.TO,2023-02-24,0.13
ZWA.TO,2023-03-29,0.13
ZWA.TO,2023-04-26,0.13
ZWA.TO,2023-05-30,0.13
ZWA.TO,2023-06-28,0.13
ZWA.TO,2023-07-27,0.13
ZWA.TO,2023-08-29,0.13
ZWA.TO,2023-09-27,0.13
ZWA.TO,2023-10-27,0.13
ZWA.TO,2023-11-28,0.13
ZWA.TO,2023-12-27,0.13
ZWA.TO,2024-01-29,0.13
ZWA.TO,2024-02-27,0.13
ZWA.TO,2024-03-27,0.13
ZWA.TO,2024-04-26,0.13
ZWA.TO,2024-05-30,0.13
ZWA.TO,2024-06-27,0.13
ZWA.TO,2024-07-30,0.13
ZWA.TO,2024-08-29,0.13
ZWA.TO,2024-09-27,0.13
ZWA.TO,2024-10-30,0.13
ZWA.TO,2024-11-27,0.13
ZWA.TO,2024-12-30,0.13
ZWA.TO,2025-01-30,0.13
ZWA.TO,2025-02-27,0.13
ZWA.TO,2025-03-28,0.13
ZWA.TO,2025-04-29,0.13
ZWA.TO,2025-05-29,0.13
ZWA.TO,2025-06-27,0.13
ZWA.TO,2025-07-30,0.13
ZWA.TO,2025-08-28,0.13
ZWA.TO,2025-09-29,0.13
ZWA.TO,2025-10-30,0.13
ZWA.TO,2025-11-26,0.13
ZWB.TO,2011-02-23,0.129
ZWB.TO,2011-03-28,0.129
ZWB.TO,2011-04-26,0.127
ZWB.TO,2011-05-26,0.127
ZWB.TO,2011-06-27,0.127
ZWB.TO,2011-07-26,0.12
ZWB.TO,2011-08-26,0.12
ZWB.TO,2011-09-27,0.12
ZWB.TO,2011-10-26,0.101
ZWB.TO,2011-11-25,0.101
ZWB.TO,2011-12-23,0.101
ZWB.TO,2012-01-26,0.095
ZWB.TO,2012-02-24,0.085
ZWB.TO,2012-03-27,0.085
ZWB.TO,2012-04-25,0.085
ZWB.TO,2012-05-28,0.085
ZWB.TO,2012-06-26,0.088
ZWB.TO,2012-07-26,0.088
ZWB.TO,2012-08-28,0.088
ZWB.TO,2012-09-25,0.082
ZWB.TO,2012-10-26,0.075
ZWB.TO,2012-11-27,0.072
ZWB.TO,2012-12-24,0.07
ZWB.TO,2013-01-28,0.07
ZWB.TO,2013-02-25,0.07
ZWB.TO,2013-03-25,0.07
ZWB.TO,2013-04-25,0.07
ZWB.TO,2013-05-28,0.07
ZWB.TO,2013-06-25,0.07
ZWB.TO,2013-07-26,0.07
ZWB.TO,2013-08-27,0.07
ZWB.TO,2013-09-25,0.07
ZWB.TO,2013-10-28,0.07
ZWB.TO,2013-11-26,0.07
ZWB.TO,2013-12-24,0.07
ZWB.TO,2014-01-28,0.068
ZWB.TO,2014-02-25,0.068
ZWB.TO,2014-03-26,0.068
ZWB.TO,2014-04-25,0.068
ZWB.TO,2014-05-27,0.068
ZWB.TO,2014-06-25,0.068
ZWB.TO,2014-07-28,0.068
ZWB.TO,2014-08-26,0.068
ZWB.TO,2014-09-25,0.068
ZWB.TO,2014-10-28,0.068
ZWB.TO,2014-11-24,0.068
ZWB.TO,2014-12-24,0.068
ZWB.TO,2015-01-27,0.073
ZWB.TO,2015-02-24,0.073
ZWB.TO,2015-03-26,0.073
ZWB.TO,2015-04-27,0.073
ZWB.TO,2015-05-26,0.073
ZWB.TO,2015-06-25,0.073
ZWB.TO,2015-07-28,0.073
ZWB.TO,2015-08-26,0.073
ZWB.TO,2015-09-25,0.073
ZWB.TO,2015-10-27,0.073
ZWB.TO,2015-11-25,0.073
ZWB.TO,2015-12-24,0.073
ZWB.TO,2016-01-26,0.073
ZWB.TO,2016-02-24,0.073
ZWB.TO,2016-03-28,0.078
ZWB.TO,2016-04-26,0.078
ZWB.TO,2016-05-24,0.078
ZWB.TO,2016-05-26,0.078
ZWB.TO,2016-06-27,0.078
ZWB.TO,2016-07-26,0.078
ZWB.TO,2016-08-26,0.078
ZWB.TO,2016-09-27,0.078
ZWB.TO,2016-10-26,0.078
ZWB.TO,2016-11-25,0.078
ZWB.TO,2016-12-23,0.078
ZWB.TO,2017-01-26,0.078
ZWB.TO,2017-02-23,0.078
ZWB.TO,2017-03-28,0.078
ZWB.TO,2017-04-25,0.078
ZWB.TO,2017-05-26,0.078
ZWB.TO,2017-06-27,0.078
ZWB.TO,2017-07-26,0.078
ZWB.TO,2017-08-28,0.078
ZWB.TO,2017-09-27,0.078
ZWB.TO,2017-10-27,0.078
ZWB.TO,2017-11-28,0.078
ZWB.TO,2017-12-27,0.078
ZWB.TO,2018-01-29,0.078
ZWB.TO,2018-02-26,0.078
ZWB.TO,2018-03-27,0.078
ZWB.TO,2018-04-26,0.078
ZWB.TO,2018-05-29,0.078
ZWB.TO,2018-06-27,0.078
ZWB.TO,2018-07-27,0.078
ZWB.TO,2018-08-29,0.078
ZWB.TO,2018-09-26,0.082
ZWB.TO,2018-10-29,0.082
ZWB.TO,2018-11-28,0.082
ZWB.TO,2018-12-27,0.082
ZWB.TO,2019-01-29,0.085
ZWB.TO,2019-02-26,0.085
ZWB.TO,2019-03-27,0.085
ZWB.TO,2019-04-26,0.085
ZWB.TO,2019-05-29,0.085
ZWB.TO,2019-06-26,0.085
ZWB.TO,2019-07-29,0.085
ZWB.TO,2019-08-28,0.085
ZWB.TO,2019-09-26,0.085
ZWB.TO,2019-10-29,0.085
ZWB.TO,2019-11-27,0.085
ZWB.TO,2019-12-27,0.085
ZWB.TO,2020-01-29,0.085
ZWB.TO,2020-02-26,0.085
ZWB.TO,2020-03-27,0.085
ZWB.TO,2020-04-28,0.085
ZWB.TO,2020-05-27,0.085
ZWB.TO,2020-06-26,0.085
ZWB.TO,2020-07-29,0.085
ZWB.TO,2020-08-27,0.085
ZWB.TO,2020-09-28,0.085
ZWB.TO,2020-10-28,0.085
ZWB.TO,2020-11-27,0.085
ZWB.TO,2020-12-29,0.085
ZWB.TO,2021-01-27,0.085
ZWB.TO,2021-02-24,0.1
ZWB.TO,2021-03-29,0.1
ZWB.TO,2021-04-28,0.1
ZWB.TO,2021-05-26,0.1
ZWB.TO,2021-06-28,0.1
ZWB.TO,2021-07-28,0.1
ZWB.TO,2021-08-27,0.1
ZWB.TO,2021-09-28,0.1
ZWB.TO,2021-10-27,0.1
ZWB.TO,2021-11-26,0.1
ZWB.TO,2021-12-29,0.1
ZWB.TO,2022-01-27,0.11
ZWB.TO,2022-02-24,0.11
ZWB.TO,2022-03-29,0.11
ZWB.TO,2022-04-27,0.11
ZWB.TO,2022-05-27,0.11
ZWB.TO,2022-06-28,0.11
ZWB.TO,2022-07-27,0.11
ZWB.TO,2022-08-29,0.11
ZWB.TO,2022-09-28,0.11
ZWB.TO,2022-10-27,0.11
ZWB.TO,2022-11-28,0.11
ZWB.TO,2022-12-28,0.11
ZWB.TO,2023-01-27,0.12
ZWB.TO,2023-02-24,0.12
ZWB.TO,2023-03-29,0.12
ZWB.TO,2023-04-26,0.12
ZWB.TO,2023-05-30,0.11
ZWB.TO,2023-06-28,0.11
ZWB.TO,2023-07-27,0.11
ZWB.TO,2023-08-29,0.11
ZWB.TO,2023-09-27,0.11
ZWB.TO,2023-10-27,0.11
ZWB.TO,2023-11-28,0.11
ZWB.TO,2023-12-27,0.11
ZWB.TO,2024-01-29,0.11
ZWB.TO,2024-02-27,0.11
ZWB.TO,2024-03-27,0.11
ZWB.TO,2024-04-26,0.11
ZWB.TO,2024-05-30,0.11
ZWB.TO,2024-06-27,0.11
ZWB.TO,2024-07-30,0.11
ZWB.TO,2024-08-29,0.11
ZWB.TO,2024-09-27,0.11
ZWB.TO,2024-10-30,0.11
ZWB.TO,2024-11-27,0.11
ZWB.TO,2024-12-30,0.11
ZWB.TO,2025-01-30,0.11
ZWB.TO,2025-02-27,0.11
ZWB.TO,2025-03-28,0.11
ZWB.TO,2025-04-29,0.11
ZWB.TO,2025-05-29,0.11
ZWB.TO,2025-06-27,0.11
ZWB.TO,2025-07-30,0.11
ZWB.TO,2025-08-28,0.11
ZWB.TO,2025-09-29,0.11
ZWB.TO,2025-10-30,0.12
ZWB.TO,2025-11-26,0.12
ZWC.TO,2017-02-23,0.102
ZWC.TO,2017-03-28,0.102
ZWC.TO,2017-04-25,0.102
ZWC.TO,2017-05-26,0.102
ZWC.TO,2017-06-27,0.102
ZWC.TO,2017-07-26,0.102
ZWC.TO,2017-08-28,0.102
ZWC.TO,2017-09-27,0.102
ZWC.TO,2017-10-27,0.102
ZWC.TO,2017-11-28,0.102
ZWC.TO,2017-12-27,0.1
ZWC.TO,2018-01-29,0.102
ZWC.TO,2018-02-26,0.102
ZWC.TO,2018-03-27,0.102
ZWC.TO,2018-04-26,0.102
ZWC.TO,2018-05-29,0.102
ZWC.TO,2018-06-27,0.1
ZWC.TO,2018-07-27,0.1
ZWC.TO,2018-08-29,0.1
ZWC.TO,2018-09-26,0.105
ZWC.TO,2018-10-29,0.105
ZWC.TO,2018-11-28,0.105
ZWC.TO,2018-12-27,0.105
ZWC.TO,2019-01-29,0.105
ZWC.TO,2019-02-26,0.105
ZWC.TO,2019-03-27,0.11
ZWC.TO,2019-04-26,0.11
ZWC.TO,2019-05-29,0.11
ZWC.TO,2019-06-26,0.11
ZWC.TO,2019-07-29,0.11
ZWC.TO,2019-08-28,0.11
ZWC.TO,2019-09-26,0.11
ZWC.TO,2019-10-29,0.11
ZWC.TO,2019-11-27,0.11
ZWC.TO,2019-12-27,0.11
ZWC.TO,2020-01-29,0.11
ZWC.TO,2020-02-26,0.11
ZWC.TO,2020-03-27,0.11
ZWC.TO,2020-04-28,0.11
ZWC.TO,2020-05-27,0.11
ZWC.TO,2020-06-26,0.11
ZWC.TO,2020-07-29,0.11
ZWC.TO,2020-08-27,0.11
ZWC.TO,2020-09-28,0.11
ZWC.TO,2020-10-28,0.11
ZWC.TO,2020-11-27,0.11
ZWC.TO,2020-12-29,0.11
ZWC.TO,2021-01-27,0.11
ZWC.TO,2021-02-24,0.11
ZWC.TO,2021-03-29,0.11
ZWC.TO,2021-04-28,0.11
ZWC.TO,2021-05-26,0.11
ZWC.TO,2021-06-28,0.1
ZWC.TO,2021-07-28,0.1
ZWC.TO,2021-08-27,0.1
ZWC.TO,2021-09-28,0.1
ZWC.TO,2021-10-27,0.1
ZWC.TO,2021-11-26,0.1
ZWC.TO,2021-12-29,0.1
ZWC.TO,2022-01-27,0.1
ZWC.TO,2022-02-24,0.1
ZWC.TO,2022-03-29,0.1
ZWC.TO,2022-04-27,0.1
ZWC.TO,2022-05-27,0.1
ZWC.TO,2022-06-28,0.1
ZWC.TO,2022-07-27,0.1
ZWC.TO,2022-08-29,0.1
ZWC.TO,2022-09-28,0.1
ZWC.TO,2022-10-27,0.1
ZWC.TO,2022-11-28,0.1
ZWC.TO,2022-12-28,0.1
ZWC.TO,2023-01-27,0.11
ZWC.TO,2023-02-24,0.11
ZWC.TO,2023-03-29,0.11
ZWC.TO,2023-04-26,0.11
ZWC.TO,2023-05-30,0.11
ZWC.TO,2023-06-28,0.11
ZWC.TO,2023-07-27,0.11
ZWC.TO,2023-08-29,0.11
ZWC.TO,2023-09-27,0.11
ZWC.TO,2023-10-27,0.11
ZWC.TO,2023-11-28,0.1
ZWC.TO,2023-12-27,0.1
ZWC.TO,2024-01-29,0.1
ZWC.TO,2024-02-27,0.1
ZWC.TO,2024-03-27,0.1
ZWC.TO,2024-04-26,0.1
ZWC.TO,2024-05-30,0.1
ZWC.TO,2024-06-27,0.1
ZWC.TO,2024-07-30,0.1
ZWC.TO,2024-08-29,0.1
ZWC.TO,2024-09-27,0.1
ZWC.TO,2024-10-30,0.1
ZWC.TO,2024-11-27,0.1
ZWC.TO,2024-12-30,0.1
ZWC.TO,2025-01-30,0.1
ZWC.TO,2025-02-27,0.1
ZWC.TO,2025-03-28,0.1
ZWC.TO,2025-04-29,0.1
ZWC.TO,2025-05-29,0.1
ZWC.TO,2025-06-27,0.1
ZWC.TO,2025-07-30,0.1
ZWC.TO,2025-08-28,0.1
ZWC.TO,2025-09-29,0.1
ZWC.TO,2025-10-30,0.105
ZWC.TO,2025-11-26,0.105
ZWE.TO,2015-09-25,0.121827
ZWE.TO,2015-10-27,0.121827
ZWE.TO,2015-11-25,0.121827
ZWE.TO,2015-12-24,0.121827
ZWE.TO,2016-01-26,0.121827
ZWE.TO,2016-02-24,0.121827
ZWE.TO,2016-04-26,0.121827
ZWE.TO,2016-05-24,0.121827
ZWE.TO,2016-06-27,0.121827
ZWE.TO,2016-07-26,0.121827
ZWE.TO,2016-08-26,0.121827
ZWE.TO,2016-09-27,0.121827
ZWE.TO,2016-10-26,0.121827
ZWE.TO,2016-11-25,0.121827
ZWE.TO,2016-12-23,0.121827
ZWE.TO,2017-01-26,0.121827
ZWE.TO,2017-02-23,0.121827
ZWE.TO,2017-03-28,0.121827
ZWE.TO,2017-04-25,0.121827
ZWE.TO,2017-05-26,0.121827
ZWE.TO,2017-06-27,0.121827
ZWE.TO,2017-07-26,0.121827
ZWE.TO,2017-08-28,0.121827
ZWE.TO,2017-09-27,0.121827
ZWE.TO,2017-10-27,0.121827
ZWE.TO,2017-11-28,0.121827
ZWE.TO,2017-12-27,0.121827
ZWE.TO,2018-01-29,0.121827
ZWE.TO,2018-02-26,0.121827
ZWE.TO,2018-03-27,0.121827
ZWE.TO,2018-04-26,0.121827
ZWE.TO,2018-05-29,0.121827
ZWE.TO,2018-06-27,0.116751
ZWE.TO,2018-07-27,0.116751
ZWE.TO,2018-08-29,0.116751
ZWE.TO,2018-09-26,0.116751
ZWE.TO,2018-10-29,0.116751
ZWE.TO,2018-11-28,0.116751
ZWE.TO,2018-12-27,0.115
ZWE.TO,2019-01-29,0.115
ZWE.TO,2019-02-26,0.115
ZWE.TO,2019-03-27,0.115
ZWE.TO,2019-04-26,0.115
ZWE.TO,2019-05-29,0.115
ZWE.TO,2019-06-26,0.115
ZWE.TO,2019-07-29,0.115
ZWE.TO,2019-08-28,0.115
ZWE.TO,2019-09-26,0.115
ZWE.TO,2019-10-29,0.115
ZWE.TO,2019-11-27,0.115
ZWE.TO,2019-12-27,0.115
ZWE.TO,2020-01-29,0.115
ZWE.TO,2020-02-26,0.115
ZWE.TO,2020-03-27,0.115
ZWE.TO,2020-04-28,0.115
ZWE.TO,2020-05-27,0.115
ZWE.TO,2020-06-26,0.115
ZWE.TO,2020-07-29,0.115
ZWE.TO,2020-08-27,0.115
ZWE.TO,2020-09-28,0.115
ZWE.TO,2020-10-28,0.115
ZWE.TO,2020-11-27,0.115
ZWE.TO,2020-12-29,0.115
ZWE.TO,2021-01-27,0.115
ZWE.TO,2021-02-24,0.11
ZWE.TO,2021-03-29,0.11
ZWE.TO,2021-04-28,0.11
ZWE.TO,2021-05-26,0.11
ZWE.TO,2021-06-28,0.1
ZWE.TO,2021-07-28,0.1
ZWE.TO,2021-08-27,0.1
ZWE.TO,2021-09-28,0.1
ZWE.TO,2021-10-27,0.1
ZWE.TO,2021-11-26,0.1
ZWE.TO,2021-12-29,0.1
ZWE.TO,2022-01-27,0.1
ZWE.TO,2022-02-24,0.1
ZWE.TO,2022-03-29,0.11
ZWE.TO,2022-04-27,0.11
ZWE.TO,2022-05-27,0.11
ZWE.TO,2022-06-28,0.11
ZWE.TO,2022-07-27,0.11
ZWE.TO,2022-08-29,0.11
ZWE.TO,2022-09-28,0.11
ZWE.TO,2022-10-27,0.11
ZWE.TO,2022-11-28,0.11
ZWE.TO,2022-12-28,0.11
ZWE.TO,2023-01-27,0.12
ZWE.TO,2023-02-24,0.12
ZWE.TO,2023-03-29,0.12
ZWE.TO,2023-04-26,0.12
ZWE.TO,2023-05-30,0.12
ZWE.TO,2023-06-28,0.12
ZWE.TO,2023-07-27,0.12
ZWE.TO,2023-08-29,0.12
ZWE.TO,2023-09-27,0.12
ZWE.TO,2023-10-27,0.12
ZWE.TO,2023-11-28,0.12
ZWE.TO,2023-12-27,0.12
ZWE.TO,2024-01-29,0.12
ZWE.TO,2024-02-27,0.12
ZWE.TO,2024-03-27,0.12
ZWE.TO,2024-04-26,0.12
ZWE.TO,2024-05-30,0.12
ZWE.TO,2024-06-27,0.12
ZWE.TO,2024-07-30,0.12
ZWE.TO,2024-08-29,0.12
ZWE.TO,2024-09-27,0.12
ZWE.TO,2024-10-30,0.12
ZWE.TO,2024-11-27,0.12
ZWE.TO,2024-12-30,0.12
ZWE.TO,2025-01-30,0.12
ZWE.TO,2025-02-27,0.12
ZWE.TO,2025-03-28,0.12
ZWE.TO,2025-04-29,0.12
ZWE.TO,2025-05-29,0.12
ZWE.TO,2025-06-27,0.12
ZWE.TO,2025-07-30,0.12
ZWE.TO,2025-08-28,0.12
ZWE.TO,2025-09-29,0.12
ZWE.TO,2025-10-30,0.12
ZWE.TO,2025-11-26,0.12
ZWEN.TO,2023-02-24,0.21
ZWEN.TO,2023-03-29,0.21
ZWEN.TO,2023-04-26,0.21
ZWEN.TO,2023-05-30,0.21
ZWEN.TO,2023-06-28,0.21
ZWEN.TO,2023-07-27,0.21
ZWEN.TO,2023-08-29,0.21
ZWEN.TO,2023-09-27,0.21
ZWEN.TO,2023-10-27,0.21
ZWEN.TO,2023-11-28,0.21
ZWEN.TO,2023-12-27,0.23
ZWEN.TO,2024-01-29,0.21
ZWEN.TO,2024-02-27,0.21
ZWEN.TO,2024-03-27,0.21
ZWEN.TO,2024-04-26,0.21
ZWEN.TO,2024-05-30,0.21
ZWEN.TO,2024-06-27,0.22
ZWEN.TO,2024-07-30,0.22
ZWEN.TO,2024-08-29,0.22
ZWEN.TO,2024-09-27,0.22
ZWEN.TO,2024-10-30,0.22
ZWEN.TO,2024-11-27,0.22
ZWEN.TO,2024-12-30,0.22
ZWEN.TO,2025-01-30,0.22
ZWEN.TO,2025-02-27,0.22
ZWEN.TO,2025-03-28,0.22
ZWEN.TO,2025-04-29,0.22
ZWEN.TO,2025-05-29,0.22
ZWEN.TO,2025-06-27,0.22
ZWEN.TO,2025-07-30,0.22
ZWEN.TO,2025-08-28,0.22
ZWEN.TO,2025-09-29,0.22
ZWEN.TO,2025-10-30,0.22
ZWEN.TO,2025-11-26,0.22
ZWG.TO,2020-02-26,0.16
ZWG.TO,2020-03-27,0.16
ZWG.TO,2020-04-28,0.16
ZWG.TO,2020-05-27,0.16
ZWG.TO,2020-06-26,0.16
ZWG.TO,2020-07-29,0.16
ZWG.TO,2020-08-27,0.16
ZWG.TO,2020-09-28,0.16
ZWG.TO,2020-10-28,0.16
ZWG.TO,2020-11-27,0.16
ZWG.TO,2020-12-29,0.16
ZWG.TO,2021-01-27,0.16
ZWG.TO,2021-02-24,0.17
ZWG.TO,2021-03-29,0.17
ZWG.TO,2021-04-28,0.17
ZWG.TO,2021-05-26,0.17
ZWG.TO,2021-06-28,0.17
ZWG.TO,2021-07-28,0.17
ZWG.TO,2021-08-27,0.17
ZWG.TO,2021-09-28,0.17
ZWG.TO,2021-10-27,0.17
ZWG.TO,2021-11-26,0.17
ZWG.TO,2021-12-29,0.17
ZWG.TO,2022-01-27,0.17
ZWG.TO,2022-02-24,0.17
ZWG.TO,2022-03-29,0.17
ZWG.TO,2022-04-27,0.17
ZWG.TO,2022-05-27,0.17
ZWG.TO,2022-06-28,0.17
ZWG.TO,2022-07-27,0.17
ZWG.TO,2022-08-29,0.17
ZWG.TO,2022-09-28,0.17
ZWG.TO,2022-10-27,0.17
ZWG.TO,2022-11-28,0.17
ZWG.TO,2022-12-28,0.17
ZWG.TO,2023-01-27,0.18
ZWG.TO,2023-02-24,0.18
ZWG.TO,2023-03-29,0.18
ZWG.TO,2023-04-26,0.18
ZWG.TO,2023-05-30,0.175
ZWG.TO,2023-06-28,0.175
ZWG.TO,2023-07-27,0.175
ZWG.TO,2023-08-29,0.175
ZWG.TO,2023-09-27,0.175
ZWG.TO,2023-10-27,0.175
ZWG.TO,2023-11-28,0.175
ZWG.TO,2023-12-27,0.175
ZWG.TO,2024-01-29,0.175
ZWG.TO,2024-02-27,0.175
ZWG.TO,2024-03-27,0.175
ZWG.TO,2024-04-26,0.175
ZWG.TO,2024-05-30,0.175
ZWG.TO,2024-06-27,0.175
ZWG.TO,2024-07-30,0.175
ZWG.TO,2024-08-29,0.175
ZWG.TO,2024-09-27,0.175
ZWG.TO,2024-10-30,0.175
ZWG.TO,2024-11-27,0.175
ZWG.TO,2024-12-30,0.175
ZWG.TO,2025-01-30,0.175
ZWG.TO,2025-02-27,0.175
ZWG.TO,2025-03-28,0.175
ZWG.TO,2025-04-29,0.175
ZWG.TO,2025-05-29,0.175
ZWG.TO,2025-06-27,0.175
ZWG.TO,2025-07-30,0.175
ZWG.TO,2025-08-28,0.175
ZWG.TO,2025-09-29,0.175
ZWG.TO,2025-10-30,0.175
ZWG.TO,2025-11-26,0.175
ZWGD.TO,2025-06-27,0.125
ZWGD.TO,2025-07-30,0.125
ZWGD.TO,2025-08-28,0.125
ZWGD.TO,2025-09-29,0.125
ZWGD.TO,2025-10-30,0.145
ZWGD.TO,2025-11-26,0.145
ZWH.TO,2014-02-25,0.075
ZWH.TO,2014-03-26,0.08
ZWH.TO,2014-04-25,0.08
ZWH.TO,2014-05-27,0.08
ZWH.TO,2014-06-25,0.08
ZWH.TO,2014-07-28,0.08
ZWH.TO,2014-08-26,0.08
ZWH.TO,2014-09-25,0.08
ZWH.TO,2014-10-28,0.08
ZWH.TO,2014-11-24,0.08
ZWH.TO,2014-12-24,0.08
ZWH.TO,2015-01-27,0.085
ZWH.TO,2015-02-24,0.085
ZWH.TO,2015-03-26,0.085
ZWH.TO,2015-04-27,0.085
ZWH.TO,2015-05-26,0.085
ZWH.TO,2015-06-25,0.085
ZWH.TO,2015-07-28,0.085
ZWH.TO,2015-08-26,0.085
ZWH.TO,2015-09-25,0.092
ZWH.TO,2015-10-27,0.092
ZWH.TO,2015-11-25,0.092
ZWH.TO,2015-12-24,0.092
ZWH.TO,2016-01-26,0.095
ZWH.TO,2016-02-24,0.095
ZWH.TO,2016-04-26,0.095
ZWH.TO,2016-05-24,0.095
ZWH.TO,2016-05-26,0.095
ZWH.TO,2016-06-27,0.095
ZWH.TO,2016-07-26,0.095
ZWH.TO,2016-08-26,0.095
ZWH.TO,2016-09-27,0.095
ZWH.TO,2016-10-26,0.095
ZWH.TO,2016-11-25,0.095
ZWH.TO,2016-12-23,0.095
ZWH.TO,2017-01-26,0.095
ZWH.TO,2017-02-23,0.095
ZWH.TO,2017-03-28,0.095
ZWH.TO,2017-04-25,0.095
ZWH.TO,2017-05-26,0.095
ZWH.TO,2017-06-27,0.095
ZWH.TO,2017-07-26,0.095
ZWH.TO,2017-08-28,0.095
ZWH.TO,2017-09-27,0.09
ZWH.TO,2017-10-27,0.09
ZWH.TO,2017-11-28,0.09
ZWH.TO,2017-12-27,0.09
ZWH.TO,2018-01-29,0.09
ZWH.TO,2018-02-26,0.09
ZWH.TO,2018-03-27,0.09
ZWH.TO,2018-04-26,0.09
ZWH.TO,2018-05-29,0.09
ZWH.TO,2018-06-27,0.09
ZWH.TO,2018-07-27,0.09
ZWH.TO,2018-08-29,0.09
ZWH.TO,2018-09-26,0.095
ZWH.TO,2018-10-29,0.095
ZWH.TO,2018-11-28,0.095
ZWH.TO,2018-12-27,0.095
ZWH.TO,2019-01-29,0.1
ZWH.TO,2019-02-26,0.1
ZWH.TO,2019-03-27,0.1
ZWH.TO,2019-04-26,0.1
ZWH.TO,2019-05-29,0.11
ZWH.TO,2019-06-26,0.11
ZWH.TO,2019-07-29,0.11
ZWH.TO,2019-08-28,0.11
ZWH.TO,2019-09-26,0.11
ZWH.TO,2019-10-29,0.11
ZWH.TO,2019-11-27,0.11
ZWH.TO,2019-12-27,0.11
ZWH.TO,2020-01-29,0.11
ZWH.TO,2020-02-26,0.11
ZWH.TO,2020-03-27,0.11
ZWH.TO,2020-04-28,0.11
ZWH.TO,2020-05-27,0.11
ZWH.TO,2020-06-26,0.11
ZWH.TO,2020-07-29,0.11
ZWH.TO,2020-08-27,0.11
ZWH.TO,2020-09-28,0.11
ZWH.TO,2020-10-28,0.11
ZWH.TO,2020-11-27,0.11
ZWH.TO,2020-12-29,0.11
ZWH.TO,2021-01-27,0.11
ZWH.TO,2021-02-24,0.11
ZWH.TO,2021-03-29,0.11
ZWH.TO,2021-04-28,0.11
ZWH.TO,2021-05-26,0.11
ZWH.TO,2021-06-28,0.11
ZWH.TO,2021-07-28,0.11
ZWH.TO,2021-08-27,0.11
ZWH.TO,2021-09-28,0.11
ZWH.TO,2021-10-27,0.11
ZWH.TO,2021-11-26,0.11
ZWH.TO,2021-12-29,0.11
ZWH.TO,2022-01-27,0.11
ZWH.TO,2022-02-24,0.11
ZWH.TO,2022-03-29,0.11
ZWH.TO,2022-04-27,0.11
ZWH.TO,2022-05-27,0.11
ZWH.TO,2022-06-28,0.11
ZWH.TO,2022-07-27,0.11
ZWH.TO,2022-08-29,0.11
ZWH.TO,2022-09-28,0.11
ZWH.TO,2022-10-27,0.11
ZWH.TO,2022-11-28,0.11
ZWH.TO,2022-12-28,0.11
ZWH.TO,2023-01-27,0.11
ZWH.TO,2023-02-24,0.11
ZWH.TO,2023-03-29,0.11
ZWH.TO,2023-04-26,0.11
ZWH.TO,2023-05-30,0.1
ZWH.TO,2023-06-28,0.1
ZWH.TO,2023-07-27,0.1
ZWH.TO,2023-08-29,0.1
ZWH.TO,2023-09-27,0.1
ZWH.TO,2023-10-27,0.1
ZWH.TO,2023-11-28,0.1
ZWH.TO,2023-12-27,0.1
ZWH.TO,2024-01-29,0.1
ZWH.TO,2024-02-27,0.1
ZWH.TO,2024-03-27,0.1
ZWH.TO,2024-04-26,0.1
ZWH.TO,2024-05-30,0.1
ZWH.TO,2024-06-27,0.1
ZWH.TO,2024-07-30,0.1
ZWH.TO,2024-08-29,0.1
ZWH.TO,2024-09-27,0.1
ZWH.TO,2024-10-30,0.1
ZWH.TO,2024-11-27,0.1
ZWH.TO,2024-12-30,0.1
ZWH.TO,2025-01-30,0.1
ZWH.TO,2025-02-27,0.13
ZWH.TO,2025-03-28,0.13
ZWH.TO,2025-04-29,0.13
ZWH.TO,2025-05-29,0.13
ZWH.TO,2025-06-27,0.13
ZWH.TO,2025-07-30,0.13
ZWH.TO,2025-08-28,0.13
ZWH.TO,2025-09-29,0.13
ZWH.TO,2025-10-30,0.13
ZWH.TO,2025-11-26,0.13
ZWHC.TO,2023-02-24,0.16
ZWHC.TO,2023-03-29,0.16
ZWHC.TO,2023-04-26,0.16
ZWHC.TO,2023-05-30,0.16
ZWHC.TO,2023-06-28,0.16
ZWHC.TO,2023-07-27,0.16
ZWHC.TO,2023-08-29,0.16
ZWHC.TO,2023-09-27,0.16
ZWHC.TO,2023-10-27,0.16
ZWHC.TO,2023-11-28,0.16
ZWHC.TO,2023-12-27,0.16
ZWHC.TO,2024-01-29,0.16
ZWHC.TO,2024-02-27,0.16
ZWHC.TO,2024-03-27,0.16
ZWHC.TO,2024-04-26,0.16
ZWHC.TO,2024-05-30,0.16
ZWHC.TO,2024-06-27,0.16
ZWHC.TO,2024-07-30,0.16
ZWHC.TO,2024-08-29,0.16
ZWHC.TO,2024-09-27,0.16
ZWHC.TO,2024-10-30,0.16
ZWHC.TO,2024-11-27,0.16
ZWHC.TO,2024-12-30,0.16
ZWHC.TO,2025-01-30,0.16
ZWHC.TO,2025-02-27,0.16
ZWHC.TO,2025-03-28,0.16
ZWHC.TO,2025-04-29,0.16
ZWHC.TO,2025-05-29,0.16
ZWHC.TO,2025-06-27,0.16
ZWHC.TO,2025-07-30,0.16
ZWHC.TO,2025-08-28,0.16
ZWHC.TO,2025-09-29,0.16
ZWHC.TO,2025-10-30,0.16
ZWHC.TO,2025-11-26,0.16
ZWK.TO,2019-02-26,0.13
ZWK.TO,2019-03-27,0.145
ZWK.TO,2019-04-26,0.145
ZWK.TO,2019-05-29,0.155
ZWK.TO,2019-06-26,0.155
ZWK.TO,2019-07-29,0.155
ZWK.TO,2019-08-28,0.155
ZWK.TO,2019-09-26,0.155
ZWK.TO,2019-10-29,0.155
ZWK.TO,2019-11-27,0.155
ZWK.TO,2019-12-27,0.16
ZWK.TO,2020-01-29,0.18
ZWK.TO,2020-02-26,0.16
ZWK.TO,2020-03-27,0.18
ZWK.TO,2020-04-28,0.18
ZWK.TO,2020-05-27,0.18
ZWK.TO,2020-06-26,0.18
ZWK.TO,2020-07-29,0.18
ZWK.TO,2020-08-27,0.18
ZWK.TO,2020-09-28,0.18
ZWK.TO,2020-10-28,0.18
ZWK.TO,2020-11-27,0.18
ZWK.TO,2020-12-29,0.18
ZWK.TO,2021-01-27,0.18
ZWK.TO,2021-02-24,0.18
ZWK.TO,2021-03-29,0.18
ZWK.TO,2021-04-28,0.18
ZWK.TO,2021-05-26,0.18
ZWK.TO,2021-06-28,0.18
ZWK.TO,2021-07-28,0.18
ZWK.TO,2021-08-27,0.18
ZWK.TO,2021-09-28,0.17
ZWK.TO,2021-10-27,0.17
ZWK.TO,2021-11-26,0.17
ZWK.TO,2021-12-29,0.17
ZWK.TO,2022-01-27,0.17
ZWK.TO,2022-02-24,0.17
ZWK.TO,2022-03-29,0.17
ZWK.TO,2022-04-27,0.17
ZWK.TO,2022-05-27,0.17
ZWK.TO,2022-06-28,0.17
ZWK.TO,2022-07-27,0.17
ZWK.TO,2022-08-29,0.17
ZWK.TO,2022-09-28,0.17
ZWK.TO,2022-10-27,0.17
ZWK.TO,2022-11-28,0.17
ZWK.TO,2022-12-28,0.17
ZWK.TO,2023-01-27,0.17
ZWK.TO,2023-02-24,0.17
ZWK.TO,2023-03-29,0.17
ZWK.TO,2023-04-26,0.17
ZWK.TO,2023-05-30,0.17
ZWK.TO,2023-06-28,0.17
ZWK.TO,2023-07-27,0.17
ZWK.TO,2023-08-29,0.17
ZWK.TO,2023-09-27,0.16
ZWK.TO,2023-10-27,0.16
ZWK.TO,2023-11-28,0.145
ZWK.TO,2023-12-27,0.145
ZWK.TO,2024-01-29,0.145
ZWK.TO,2024-02-27,0.145
ZWK.TO,2024-03-27,0.145
ZWK.TO,2024-04-26,0.145
ZWK.TO,2024-05-30,0.145
ZWK.TO,2024-06-27,0.145
ZWK.TO,2024-07-30,0.145
ZWK.TO,2024-08-29,0.145
ZWK.TO,2024-09-27,0.145
ZWK.TO,2024-10-30,0.145
ZWK.TO,2024-11-27,0.145
ZWK.TO,2024-12-30,0.145
ZWK.TO,2025-01-30,0.145
ZWK.TO,2025-02-27,0.145
ZWK.TO,2025-03-28,0.145
ZWK.TO,2025-04-29,0.145
ZWK.TO,2025-05-29,0.145
ZWK.TO,2025-06-27,0.145
ZWK.TO,2025-07-30,0.145
ZWK.TO,2025-08-28,0.145
ZWK.TO,2025-09-29,0.145
ZWK.TO,2025-10-30,0.145
ZWK.TO,2025-11-26,0.145
ZWP.TO,2018-08-29,0.11
ZWP.TO,2018-09-26,0.11
ZWP.TO,2018-10-29,0.11
ZWP.TO,2018-11-28,0.11
ZWP.TO,2018-12-27,0.11
ZWP.TO,2019-01-29,0.11
ZWP.TO,2019-02-26,0.11
ZWP.TO,2019-03-27,0.11
ZWP.TO,2019-04-26,0.11
ZWP.TO,2019-05-29,0.105
ZWP.TO,2019-06-26,0.105
ZWP.TO,2019-07-29,0.105
ZWP.TO,2019-08-28,0.105
ZWP.TO,2019-09-26,0.105
ZWP.TO,2019-10-29,0.105
ZWP.TO,2019-11-27,0.105
ZWP.TO,2019-12-27,0.11
ZWP.TO,2020-01-29,0.1
ZWP.TO,2020-02-26,0.11
ZWP.TO,2020-03-27,0.1
ZWP.TO,2020-04-28,0.1
ZWP.TO,2020-05-27,0.1
ZWP.TO,2020-06-26,0.1
ZWP.TO,2020-07-29,0.1
ZWP.TO,2020-08-27,0.1
ZWP.TO,2020-09-28,0.1
ZWP.TO,2020-10-28,0.1
ZWP.TO,2020-11-27,0.1
ZWP.TO,2020-12-29,0.1
ZWP.TO,2021-01-27,0.1
ZWP.TO,2021-02-24,0.1
ZWP.TO,2021-03-29,0.1
ZWP.TO,2021-04-28,0.1
ZWP.TO,2021-05-26,0.1
ZWP.TO,2021-06-28,0.09
ZWP.TO,2021-07-28,0.09
ZWP.TO,2021-08-27,0.09
ZWP.TO,2021-09-28,0.09
ZWP.TO,2021-10-27,0.09
ZWP.TO,2021-11-26,0.09
ZWP.TO,2021-12-29,0.09
ZWP.TO,2022-01-27,0.09
ZWP.TO,2022-02-24,0.09
ZWP.TO,2022-03-29,0.095
ZWP.TO,2022-04-27,0.095
ZWP.TO,2022-05-27,0.095
ZWP.TO,2022-06-28,0.095
ZWP.TO,2022-07-27,0.095
ZWP.TO,2022-08-29,0.095
ZWP.TO,2022-09-28,0.095
ZWP.TO,2022-10-27,0.095
ZWP.TO,2022-11-28,0.095
ZWP.TO,2022-12-28,0.1
ZWP.TO,2023-01-27,0.105
ZWP.TO,2023-02-24,0.105
ZWP.TO,2023-03-29,0.105
ZWP.TO,2023-04-26,0.105
ZWP.TO,2023-05-30,0.105
ZWP.TO,2023-06-28,0.105
ZWP.TO,2023-07-27,0.105
ZWP.TO,2023-08-29,0.105
ZWP.TO,2023-09-27,0.105
ZWP.TO,2023-10-27,0.105
ZWP.TO,2023-11-28,0.105
ZWP.TO,2023-12-27,0.105
ZWP.TO,2024-01-29,0.105
ZWP.TO,2024-02-27,0.105
ZWP.TO,2024-03-27,0.105
ZWP.TO,2024-04-26,0.105
ZWP.TO,2024-05-30,0.105
ZWP.TO,2024-06-27,0.105
ZWP.TO,2024-07-30,0.105
ZWP.TO,2024-08-29,0.105
ZWP.TO,2024-09-27,0.105
ZWP.TO,2024-10-30,0.105
ZWP.TO,2024-11-27,0.105
ZWP.TO,2024-12-30,0.105
ZWP.TO,2025-01-30,0.105
ZWP.TO,2025-02-27,0.105
ZWP.TO,2025-03-28,0.105
ZWP.TO,2025-04-29,0.105
ZWP.TO,2025-05-29,0.105
ZWP.TO,2025-06-27,0.105
ZWP.TO,2025-07-30,0.105
ZWP.TO,2025-08-28,0.105
ZWP.TO,2025-09-29,0.105
ZWP.TO,2025-10-30,0.105
ZWP.TO,2025-11-26,0.105
ZWQT.TO,2023-07-27,0.085
ZWQT.TO,2023-08-29,0.085
ZWQT.TO,2023-09-27,0.085
ZWQT.TO,2023-10-27,0.085
ZWQT.TO,2023-11-28,0.085
ZWQT.TO,2023-12-27,0.085
ZWQT.TO,2024-01-29,0.085
ZWQT.TO,2024-02-27,0.085
ZWQT.TO,2024-03-27,0.085
ZWQT.TO,2024-04-26,0.085
ZWQT.TO,2024-05-30,0.085
ZWQT.TO,2024-06-27,0.085
ZWQT.TO,2024-07-30,0.085
ZWQT.TO,2024-08-29,0.085
ZWQT.TO,2024-09-27,0.085
ZWQT.TO,2024-10-30,0.085
ZWQT.TO,2024-11-27,0.085
ZWQT.TO,2024-12-30,0.085
ZWQT.TO,2025-01-30,0.085
ZWQT.TO,2025-02-27,0.085
ZWQT.TO,2025-03-28,0.085
ZWQT.TO,2025-04-29,0.085
ZWQT.TO,2025-05-29,0.085
ZWQT.TO,2025-06-27,0.085
ZWQT.TO,2025-07-30,0.085
ZWQT.TO,2025-08-28,0.085
ZWQT.TO,2025-09-29,0.085
ZWQT.TO,2025-10-30,0.085
ZWQT.TO,2025-11-26,0.085
ZWS.TO,2018-08-29,0.09
ZWS.TO,2018-09-26,0.092
ZWS.TO,2018-10-29,0.092
ZWS.TO,2018-11-28,0.092
ZWS.TO,2018-12-27,0.092
ZWS.TO,2019-01-29,0.095
ZWS.TO,2019-02-26,0.095
ZWS.TO,2019-03-27,0.095
ZWS.TO,2019-04-26,0.095
ZWS.TO,2019-05-29,0.105
ZWS.TO,2019-06-26,0.105
ZWS.TO,2019-07-29,0.105
ZWS.TO,2019-08-28,0.105
ZWS.TO,2019-09-26,0.105
ZWS.TO,2019-10-29,0.105
ZWS.TO,2019-11-27,0.105
ZWS.TO,2019-12-27,0.105
ZWS.TO,2020-01-29,0.105
ZWS.TO,2020-02-26,0.105
ZWS.TO,2020-03-27,0.105
ZWS.TO,2020-04-28,0.105
ZWS.TO,2020-05-27,0.105
ZWS.TO,2020-06-26,0.105
ZWS.TO,2020-07-29,0.105
ZWS.TO,2020-08-27,0.105
ZWS.TO,2020-09-28,0.105
ZWS.TO,2020-10-28,0.105
ZWS.TO,2020-11-27,0.105
ZWS.TO,2020-12-29,0.105
ZWS.TO,2021-01-27,0.105
ZWS.TO,2021-02-24,0.105
ZWS.TO,2021-03-29,0.105
ZWS.TO,2021-04-28,0.105
ZWS.TO,2021-05-26,0.105
ZWS.TO,2021-06-28,0.105
ZWS.TO,2021-07-28,0.105
ZWS.TO,2021-08-27,0.105
ZWS.TO,2021-09-28,0.105
ZWS.TO,2021-10-27,0.105
ZWS.TO,2021-11-26,0.105
ZWS.TO,2021-12-29,0.105
ZWS.TO,2022-01-27,0.105
ZWS.TO,2022-02-24,0.105
ZWS.TO,2022-03-29,0.105
ZWS.TO,2022-04-27,0.105
ZWS.TO,2022-05-27,0.105
ZWS.TO,2022-06-28,0.105
ZWS.TO,2022-07-27,0.105
ZWS.TO,2022-08-29,0.105
ZWS.TO,2022-09-28,0.105
ZWS.TO,2022-10-27,0.1
ZWS.TO,2022-11-28,0.1
ZWS.TO,2022-12-28,0.1
ZWS.TO,2023-01-27,0.1
ZWS.TO,2023-02-24,0.1
ZWS.TO,2023-03-29,0.1
ZWS.TO,2023-04-26,0.1
ZWS.TO,2023-05-30,0.09
ZWS.TO,2023-06-28,0.09
ZWS.TO,2023-07-27,0.09
ZWS.TO,2023-08-29,0.09
ZWS.TO,2023-09-27,0.09
ZWS.TO,2023-10-27,0.09
ZWS.TO,2023-11-28,0.09
ZWS.TO,2023-12-27,0.09
ZWS.TO,2024-01-29,0.09
ZWS.TO,2024-02-27,0.09
ZWS.TO,2024-03-27,0.09
ZWS.TO,2024-04-26,0.09
ZWS.TO,2024-05-30,0.09
ZWS.TO,2024-06-27,0.09
ZWS.TO,2024-07-30,0.09
ZWS.TO,2024-08-29,0.09
ZWS.TO,2024-09-27,0.09
ZWS.TO,2024-10-30,0.09
ZWS.TO,2024-11-27,0.09
ZWS.TO,2024-12-30,0.09
ZWS.TO,2025-01-30,0.09
ZWS.TO,2025-02-27,0.105
ZWS.TO,2025-03-28,0.105
ZWS.TO,2025-04-29,0.105
ZWS.TO,2025-05-29,0.105
ZWS.TO,2025-06-27,0.105
ZWS.TO,2025-07-30,0.105
ZWS.TO,2025-08-28,0.105
ZWS.TO,2025-09-29,0.105
ZWS.TO,2025-10-30,0.105
ZWS.TO,2025-11-26,0.105
ZWT.TO,2021-02-24,0.13
ZWT.TO,2021-03-29,0.13
ZWT.TO,2021-04-28,0.13
ZWT.TO,2021-05-26,0.13
ZWT.TO,2021-06-28,0.13
ZWT.TO,2021-07-28,0.13
ZWT.TO,2021-08-27,0.13
ZWT.TO,2021-09-28,0.13
ZWT.TO,2021-10-27,0.13
ZWT.TO,2021-11-26,0.13
ZWT.TO,2021-12-29,0.13
ZWT.TO,2022-01-27,0.13
ZWT.TO,2022-02-24,0.13
ZWT.TO,2022-03-29,0.13
ZWT.TO,2022-04-27,0.13
ZWT.TO,2022-05-27,0.13
ZWT.TO,2022-06-28,0.13
ZWT.TO,2022-07-27,0.13
ZWT.TO,2022-08-29,0.12
ZWT.TO,2022-09-28,0.12
ZWT.TO,2022-10-27,0.12
ZWT.TO,2022-11-28,0.12
ZWT.TO,2022-12-28,0.12
ZWT.TO,2023-01-27,0.12
ZWT.TO,2023-02-24,0.12
ZWT.TO,2023-03-29,0.12
ZWT.TO,2023-04-26,0.12
ZWT.TO,2023-05-30,0.11
ZWT.TO,2023-06-28,0.11
ZWT.TO,2023-07-27,0.11
ZWT.TO,2023-08-29,0.11
ZWT.TO,2023-09-27,0.12
ZWT.TO,2023-10-27,0.12
ZWT.TO,2023-11-28,0.12
ZWT.TO,2023-12-27,0.12
ZWT.TO,2024-01-29,0.13
ZWT.TO,2024-02-27,0.13
ZWT.TO,2024-03-27,0.15
ZWT.TO,2024-04-26,0.15
ZWT.TO,2024-05-30,0.15
ZWT.TO,2024-06-27,0.15
ZWT.TO,2024-07-30,0.15
ZWT.TO,2024-08-29,0.15
ZWT.TO,2024-09-27,0.15
ZWT.TO,2024-10-30,0.15
ZWT.TO,2024-11-27,0.15
ZWT.TO,2024-12-30,0.15
ZWT.TO,2025-01-30,0.15
ZWT.TO,2025-02-27,0.22
ZWT.TO,2025-03-28,0.22
ZWT.TO,2025-04-29,0.22
ZWT.TO,2025-05-29,0.22
ZWT.TO,2025-06-27,0.22
ZWT.TO,2025-07-30,0.22
ZWT.TO,2025-08-28,0.22
ZWT.TO,2025-09-29,0.22
ZWT.TO,2025-10-30,0.245
ZWT.TO,2025-11-26,0.245
ZWU.TO,2012-01-26,0.09
ZWU.TO,2012-02-24,0.085
ZWU.TO,2012-03-27,0.085
ZWU.TO,2012-04-25,0.085
ZWU.TO,2012-05-28,0.085
ZWU.TO,2012-06-26,0.09
ZWU.TO,2012-07-26,0.09
ZWU.TO,2012-08-28,0.09
ZWU.TO,2012-09-25,0.085
ZWU.TO,2012-10-26,0.08
ZWU.TO,2012-11-27,0.08
ZWU.TO,2012-12-24,0.078
ZWU.TO,2013-01-28,0.078
ZWU.TO,2013-02-25,0.078
ZWU.TO,2013-03-25,0.073
ZWU.TO,2013-04-25,0.073
ZWU.TO,2013-05-28,0.073
ZWU.TO,2013-06-25,0.073
ZWU.TO,2013-07-26,0.073
ZWU.TO,2013-08-27,0.073
ZWU.TO,2013-09-25,0.073
ZWU.TO,2013-10-28,0.073
ZWU.TO,2013-11-26,0.073
ZWU.TO,2013-12-24,0.073
ZWU.TO,2014-01-28,0.073
ZWU.TO,2014-02-25,0.073
ZWU.TO,2014-03-26,0.073
ZWU.TO,2014-04-25,0.073
ZWU.TO,2014-05-27,0.073
ZWU.TO,2014-06-25,0.073
ZWU.TO,2014-07-28,0.073
ZWU.TO,2014-08-26,0.073
ZWU.TO,2014-09-25,0.073
ZWU.TO,2014-10-28,0.073
ZWU.TO,2014-11-24,0.073
ZWU.TO,2014-12-24,0.073
ZWU.TO,2015-01-27,0.078
ZWU.TO,2015-02-24,0.078
ZWU.TO,2015-03-26,0.078
ZWU.TO,2015-04-27,0.078
ZWU.TO,2015-05-26,0.078
ZWU.TO,2015-06-25,0.078
ZWU.TO,2015-07-28,0.078
ZWU.TO,2015-08-26,0.078
ZWU.TO,2015-09-25,0.078
ZWU.TO,2015-10-27,0.078
ZWU.TO,2015-11-25,0.078
ZWU.TO,2015-12-24,0.078
ZWU.TO,2016-01-26,0.078
ZWU.TO,2016-02-24,0.078
ZWU.TO,2016-03-28,0.078
ZWU.TO,2016-04-26,0.078
ZWU.TO,2016-05-24,0.078
ZWU.TO,2016-05-26,0.078
ZWU.TO,2016-06-27,0.078
ZWU.TO,2016-07-26,0.078
ZWU.TO,2016-08-26,0.078
ZWU.TO,2016-09-27,0.078
ZWU.TO,2016-10-26,0.078
ZWU.TO,2016-11-25,0.078
ZWU.TO,2016-12-23,0.078
ZWU.TO,2017-01-26,0.078
ZWU.TO,2017-02-23,0.078
ZWU.TO,2017-03-28,0.075
ZWU.TO,2017-04-25,0.075
ZWU.TO,2017-05-26,0.075
ZWU.TO,2017-06-27,0.075
ZWU.TO,2017-07-26,0.075
ZWU.TO,2017-08-28,0.075
ZWU.TO,2017-09-27,0.07
ZWU.TO,2017-10-27,0.07
ZWU.TO,2017-11-28,0.07
ZWU.TO,2017-12-27,0.07
ZWU.TO,2018-01-29,0.07
ZWU.TO,2018-02-26,0.07
ZWU.TO,2018-03-27,0.068
ZWU.TO,2018-04-26,0.068
ZWU.TO,2018-05-29,0.068
ZWU.TO,2018-06-27,0.068
ZWU.TO,2018-07-27,0.068
ZWU.TO,2018-08-29,0.068
ZWU.TO,2018-09-26,0.07
ZWU.TO,2018-10-29,0.07
ZWU.TO,2018-11-28,0.07
ZWU.TO,2018-12-27,0.07
ZWU.TO,2019-01-29,0.07
ZWU.TO,2019-02-26,0.07
ZWU.TO,2019-03-27,0.07
ZWU.TO,2019-04-26,0.07
ZWU.TO,2019-05-29,0.075
ZWU.TO,2019-06-26,0.075
ZWU.TO,2019-07-29,0.075
ZWU.TO,2019-08-28,0.075
ZWU.TO,2019-09-26,0.075
ZWU.TO,2019-10-29,0.075
ZWU.TO,2019-11-27,0.075
ZWU.TO,2019-12-27,0.075
ZWU.TO,2020-01-29,0.08
ZWU.TO,2020-02-26,0.075
ZWU.TO,2020-03-27,0.08
ZWU.TO,2020-04-28,0.08
ZWU.TO,2020-05-27,0.08
ZWU.TO,2020-06-26,0.08
ZWU.TO,2020-07-29,0.08
ZWU.TO,2020-08-27,0.08
ZWU.TO,2020-09-28,0.08
ZWU.TO,2020-10-28,0.08
ZWU.TO,2020-11-27,0.08
ZWU.TO,2020-12-29,0.08
ZWU.TO,2021-01-27,0.08
ZWU.TO,2021-02-24,0.08
ZWU.TO,2021-03-29,0.08
ZWU.TO,2021-04-28,0.08
ZWU.TO,2021-05-26,0.08
ZWU.TO,2021-06-28,0.08
ZWU.TO,2021-07-28,0.08
ZWU.TO,2021-08-27,0.08
ZWU.TO,2021-09-28,0.08
ZWU.TO,2021-10-27,0.08
ZWU.TO,2021-11-26,0.08
ZWU.TO,2021-12-29,0.08
ZWU.TO,2022-01-27,0.08
ZWU.TO,2022-02-24,0.08
ZWU.TO,2022-03-29,0.08
ZWU.TO,2022-04-27,0.08
ZWU.TO,2022-05-27,0.08
ZWU.TO,2022-06-28,0.08
ZWU.TO,2022-07-27,0.08
ZWU.TO,2022-08-29,0.08
ZWU.TO,2022-09-28,0.08
ZWU.TO,2022-10-27,0.08
ZWU.TO,2022-11-28,0.08
ZWU.TO,2022-12-28,0.08
ZWU.TO,2023-01-27,0.08
ZWU.TO,2023-02-24,0.08
ZWU.TO,2023-03-29,0.08
ZWU.TO,2023-04-26,0.08
ZWU.TO,2023-05-30,0.07
ZWU.TO,2023-06-28,0.07
ZWU.TO,2023-07-27,0.07
ZWU.TO,2023-08-29,0.07
ZWU.TO,2023-09-27,0.07
ZWU.TO,2023-10-27,0.07
ZWU.TO,2023-11-28,0.07
ZWU.TO,2023-12-27,0.07
ZWU.TO,2024-01-29,0.07
ZWU.TO,2024-02-27,0.07
ZWU.TO,2024-03-27,0.07
ZWU.TO,2024-04-26,0.07
ZWU.TO,2024-05-30,0.07
ZWU.TO,2024-06-27,0.07
ZWU.TO,2024-07-30,0.07
ZWU.TO,2024-08-29,0.07
ZWU.TO,2024-09-27,0.07
ZWU.TO,2024-10-30,0.07
ZWU.TO,2024-11-27,0.07
ZWU.TO,2024-12-30,0.07
ZWU.TO,2025-01-30,0.07
ZWU.TO,2025-02-27,0.07
ZWU.TO,2025-03-28,0.07
ZWU.TO,2025-04-29,0.07
ZWU.TO,2025-05-29,0.07
ZWU.TO,2025-06-27,0.07
ZWU.TO,2025-07-30,0.07
ZWU.TO,2025-08-28,0.07
ZWU.TO,2025-09-29,0.07
ZWU.TO,2025-10-30,0.07
ZWU.TO,2025-11-26,0.07
ZXCO.TO,2025-06-27,0.9
ZXCO.TO,2025-09-29,0.09
ZXCP.TO,2025-06-27,0.1
ZXCP.TO,2025-09-29,0.1
ZXCQ.TO,2025-06-27,0.1
ZXCQ.TO,2025-09-29,0.1
ZZZD.TO,2019-03-27,0.25
ZZZD.TO,2019-06-26,0.25
ZZZD.TO,2019-09-26,0.25
ZZZD.TO,2019-12-27,0.25
ZZZD.TO,2020-03-27,0.27
ZZZD.TO,2020-06-26,0.3
ZZZD.TO,2020-09-28,0.3
ZZZD.TO,2020-12-29,0.27
ZZZD.TO,2021-03-29,0.3
ZZZD.TO,2021-06-28,0.3
ZZZD.TO,2021-09-28,0.3
ZZZD.TO,2021-12-29,0.3
ZZZD.TO,2022-03-29,0.3
ZZZD.TO,2022-06-28,0.3
ZZZD.TO,2022-09-28,0.3
ZZZD.TO,2022-12-28,0.3
ZZZD.TO,2023-03-29,0.3
ZZZD.TO,2023-06-28,0.3
ZZZD.TO,2023-09-27,0.3
ZZZD.TO,2023-12-27,0.3
ZZZD.TO,2024-03-27,0.3
ZZZD.TO,2024-06-27,0.3
ZZZD.TO,2024-09-27,0.3
ZZZD.TO,2024-12-30,0.3
ZZZD.TO,2025-03-28,0.3
ZZZD.TO,2025-06-27,0.3
ZZZD.TO,2025-09-29,0.3
